<?xml version="1.0" encoding="UTF-8"?>
<gpx creator="Garmin Connect" version="1.1" xsi:schemaLocation="http://www.topografix.com/GPX/1/1 http://www.topografix.com/GPX/11.xsd" xmlns:ns3="http://www.garmin.com/xmlschemas/TrackPointExtension/v1" xmlns="http://www.topografix.com/GPX/1/1" xmlns:xsi="http://www.w3.org/2001/XMLSchema-instance" xmlns:ns2="http://www.garmin.com/xmlschemas/GpxExtensions/v3">
	<metadata>
		<name>002-G3-80 km-D 799 m-La Marne</name>
		<link href="connect.garmin.com">
			<text>Garmin Connect</text>
		</link>
		<time>2020-06-30T08:00:00</time>
	</metadata>
	<trk>
		<name>002-G3-80 km-D 799 m-La Marne</name>
		<trkseg>
			<trkpt lat="48.857979979366064" lon="2.90690990164876">
				<ele>49.0</ele>
				<time>2020-06-30T08:00:00</time>
			</trkpt>
			<trkpt lat="48.85799992829561" lon="2.9069199599325657">
				<ele>49.0</ele>
				<time>2020-06-30T08:00:00</time>
			</trkpt>
			<trkpt lat="48.858069917187095" lon="2.90694996714592">
				<ele>49.0</ele>
				<time>2020-06-30T08:00:02</time>
			</trkpt>
			<trkpt lat="48.85814996436238" lon="2.906999923288822">
				<ele>49.0</ele>
				<time>2020-06-30T08:00:03</time>
			</trkpt>
			<trkpt lat="48.858199920505285" lon="2.9070299305021763">
				<ele>49.0</ele>
				<time>2020-06-30T08:00:04</time>
			</trkpt>
			<trkpt lat="48.85824996046722" lon="2.9070799704641104">
				<ele>49.0</ele>
				<time>2020-06-30T08:00:05</time>
			</trkpt>
			<trkpt lat="48.858239986002445" lon="2.9071299266070127">
				<ele>49.0</ele>
				<time>2020-06-30T08:00:06</time>
			</trkpt>
			<trkpt lat="48.858239986002445" lon="2.907229922711849">
				<ele>49.0</ele>
				<time>2020-06-30T08:00:07</time>
			</trkpt>
			<trkpt lat="48.85820997878909" lon="2.907239980995655">
				<ele>49.0</ele>
				<time>2020-06-30T08:00:07</time>
			</trkpt>
			<trkpt lat="48.85817997157574" lon="2.907249955460429">
				<ele>49.0</ele>
				<time>2020-06-30T08:00:08</time>
			</trkpt>
			<trkpt lat="48.85815993882716" lon="2.907269988209009">
				<ele>49.0</ele>
				<time>2020-06-30T08:00:08</time>
			</trkpt>
			<trkpt lat="48.8581299316138" lon="2.9072999954223633">
				<ele>49.0</ele>
				<time>2020-06-30T08:00:09</time>
			</trkpt>
			<trkpt lat="48.857899932190776" lon="2.9077199287712574">
				<ele>51.0</ele>
				<time>2020-06-30T08:00:15</time>
			</trkpt>
			<trkpt lat="48.85784997604787" lon="2.9078099504113197">
				<ele>51.0</ele>
				<time>2020-06-30T08:00:17</time>
			</trkpt>
			<trkpt lat="48.85779993608594" lon="2.907889997586608">
				<ele>51.0</ele>
				<time>2020-06-30T08:00:18</time>
			</trkpt>
			<trkpt lat="48.85775995440781" lon="2.9079999681562185">
				<ele>51.0</ele>
				<time>2020-06-30T08:00:19</time>
			</trkpt>
			<trkpt lat="48.85768996551633" lon="2.908159978687763">
				<ele>51.0</ele>
				<time>2020-06-30T08:00:21</time>
			</trkpt>
			<trkpt lat="48.857639925554395" lon="2.9082599747925997">
				<ele>51.0</ele>
				<time>2020-06-30T08:00:23</time>
			</trkpt>
			<trkpt lat="48.857529954984784" lon="2.9084699414670467">
				<ele>51.0</ele>
				<time>2020-06-30T08:00:26</time>
			</trkpt>
			<trkpt lat="48.857249999418855" lon="2.908979980275035">
				<ele>51.0</ele>
				<time>2020-06-30T08:00:34</time>
			</trkpt>
			<trkpt lat="48.85718998499215" lon="2.9090899508446455">
				<ele>51.0</ele>
				<time>2020-06-30T08:00:35</time>
			</trkpt>
			<trkpt lat="48.857119996100664" lon="2.909199921414256">
				<ele>51.0</ele>
				<time>2020-06-30T08:00:37</time>
			</trkpt>
			<trkpt lat="48.85714991949499" lon="2.9092899430543184">
				<ele>51.0</ele>
				<time>2020-06-30T08:00:38</time>
			</trkpt>
			<trkpt lat="48.85718998499215" lon="2.9095099680125713">
				<ele>51.0</ele>
				<time>2020-06-30T08:00:41</time>
			</trkpt>
			<trkpt lat="48.85719995945692" lon="2.909619938582182">
				<ele>51.0</ele>
				<time>2020-06-30T08:00:42</time>
			</trkpt>
			<trkpt lat="48.8572199922055" lon="2.9097199346870184">
				<ele>51.0</ele>
				<time>2020-06-30T08:00:43</time>
			</trkpt>
			<trkpt lat="48.85736994445324" lon="2.910929946228862">
				<ele>51.0</ele>
				<time>2020-06-30T08:00:57</time>
			</trkpt>
			<trkpt lat="48.85738997720182" lon="2.9110499750822783">
				<ele>51.0</ele>
				<time>2020-06-30T08:00:59</time>
			</trkpt>
			<trkpt lat="48.85747999884188" lon="2.911649951711297">
				<ele>51.0</ele>
				<time>2020-06-30T08:01:06</time>
			</trkpt>
			<trkpt lat="48.85756993666291" lon="2.9123499244451523">
				<ele>52.0</ele>
				<time>2020-06-30T08:01:14</time>
			</trkpt>
			<trkpt lat="48.85772994719446" lon="2.9135699942708015">
				<ele>51.0</ele>
				<time>2020-06-30T08:01:28</time>
			</trkpt>
			<trkpt lat="48.857889957726" lon="2.913599917665124">
				<ele>51.0</ele>
				<time>2020-06-30T08:01:31</time>
			</trkpt>
			<trkpt lat="48.858049968257546" lon="2.91360997594893">
				<ele>51.0</ele>
				<time>2020-06-30T08:01:34</time>
			</trkpt>
			<trkpt lat="48.85809992440045" lon="2.913629924878478">
				<ele>51.0</ele>
				<time>2020-06-30T08:01:35</time>
			</trkpt>
			<trkpt lat="48.8581299316138" lon="2.913639983162284">
				<ele>51.0</ele>
				<time>2020-06-30T08:01:35</time>
			</trkpt>
			<trkpt lat="48.85818994604051" lon="2.913679964840412">
				<ele>51.0</ele>
				<time>2020-06-30T08:01:36</time>
			</trkpt>
			<trkpt lat="48.858239986002445" lon="2.9137199465185404">
				<ele>51.0</ele>
				<time>2020-06-30T08:01:37</time>
			</trkpt>
			<trkpt lat="48.8582699932158" lon="2.9137499537318945">
				<ele>51.0</ele>
				<time>2020-06-30T08:01:38</time>
			</trkpt>
			<trkpt lat="48.85830997489393" lon="2.9137899354100227">
				<ele>51.0</ele>
				<time>2020-06-30T08:01:39</time>
			</trkpt>
			<trkpt lat="48.85844995267689" lon="2.9139199387282133">
				<ele>51.0</ele>
				<time>2020-06-30T08:01:42</time>
			</trkpt>
			<trkpt lat="48.858539974316955" lon="2.9140099603682756">
				<ele>51.0</ele>
				<time>2020-06-30T08:01:44</time>
			</trkpt>
			<trkpt lat="48.85875999927521" lon="2.9142599925398827">
				<ele>51.0</ele>
				<time>2020-06-30T08:01:48</time>
			</trkpt>
			<trkpt lat="48.858859995380044" lon="2.9143699631094933">
				<ele>52.0</ele>
				<time>2020-06-30T08:01:50</time>
			</trkpt>
			<trkpt lat="48.858889918774366" lon="2.9143999703228474">
				<ele>52.0</ele>
				<time>2020-06-30T08:01:51</time>
			</trkpt>
			<trkpt lat="48.8589399587363" lon="2.9144699592143297">
				<ele>52.0</ele>
				<time>2020-06-30T08:01:52</time>
			</trkpt>
			<trkpt lat="48.859229972586036" lon="2.9147999547421932">
				<ele>53.0</ele>
				<time>2020-06-30T08:01:59</time>
			</trkpt>
			<trkpt lat="48.859289987012744" lon="2.9148699436336756">
				<ele>53.0</ele>
				<time>2020-06-30T08:02:00</time>
			</trkpt>
			<trkpt lat="48.859339943155646" lon="2.9150999430567026">
				<ele>53.0</ele>
				<time>2020-06-30T08:02:03</time>
			</trkpt>
			<trkpt lat="48.859359975904226" lon="2.915169931948185">
				<ele>54.0</ele>
				<time>2020-06-30T08:02:04</time>
			</trkpt>
			<trkpt lat="48.859399957582355" lon="2.9153499752283096">
				<ele>54.0</ele>
				<time>2020-06-30T08:02:06</time>
			</trkpt>
			<trkpt lat="48.859339943155646" lon="2.915859930217266">
				<ele>55.0</ele>
				<time>2020-06-30T08:02:12</time>
			</trkpt>
			<trkpt lat="48.85929996147752" lon="2.9161599185317755">
				<ele>55.0</ele>
				<time>2020-06-30T08:02:15</time>
			</trkpt>
			<trkpt lat="48.85925997979939" lon="2.9164399579167366">
				<ele>56.0</ele>
				<time>2020-06-30T08:02:18</time>
			</trkpt>
			<trkpt lat="48.85916995815933" lon="2.9171299561858177">
				<ele>56.0</ele>
				<time>2020-06-30T08:02:26</time>
			</trkpt>
			<trkpt lat="48.8591799326241" lon="2.917249985039234">
				<ele>57.0</ele>
				<time>2020-06-30T08:02:28</time>
			</trkpt>
			<trkpt lat="48.85902998037636" lon="2.9179999977350235">
				<ele>56.0</ele>
				<time>2020-06-30T08:02:37</time>
			</trkpt>
			<trkpt lat="48.859079936519265" lon="2.9181699827313423">
				<ele>56.0</ele>
				<time>2020-06-30T08:02:39</time>
			</trkpt>
			<trkpt lat="48.85908999480307" lon="2.9181999899446964">
				<ele>57.0</ele>
				<time>2020-06-30T08:02:39</time>
			</trkpt>
			<trkpt lat="48.85908999480307" lon="2.9182299971580505">
				<ele>57.0</ele>
				<time>2020-06-30T08:02:40</time>
			</trkpt>
			<trkpt lat="48.859079936519265" lon="2.9183899238705635">
				<ele>57.0</ele>
				<time>2020-06-30T08:02:42</time>
			</trkpt>
			<trkpt lat="48.859079936519265" lon="2.918549934402108">
				<ele>57.0</ele>
				<time>2020-06-30T08:02:43</time>
			</trkpt>
			<trkpt lat="48.85897994041443" lon="2.9192699398845434">
				<ele>56.0</ele>
				<time>2020-06-30T08:02:52</time>
			</trkpt>
			<trkpt lat="48.858949933201075" lon="2.919619968160987">
				<ele>57.0</ele>
				<time>2020-06-30T08:02:56</time>
			</trkpt>
			<trkpt lat="48.8589399587363" lon="2.9200199525803328">
				<ele>58.0</ele>
				<time>2020-06-30T08:03:00</time>
			</trkpt>
			<trkpt lat="48.8589399587363" lon="2.9204299952834845">
				<ele>60.0</ele>
				<time>2020-06-30T08:03:05</time>
			</trkpt>
			<trkpt lat="48.85895999148488" lon="2.9212599713355303">
				<ele>62.0</ele>
				<time>2020-06-30T08:03:15</time>
			</trkpt>
			<trkpt lat="48.85897994041443" lon="2.921679988503456">
				<ele>62.0</ele>
				<time>2020-06-30T08:03:19</time>
			</trkpt>
			<trkpt lat="48.85900994762778" lon="2.9219299368560314">
				<ele>63.0</ele>
				<time>2020-06-30T08:03:22</time>
			</trkpt>
			<trkpt lat="48.85905998758972" lon="2.9222199507057667">
				<ele>64.0</ele>
				<time>2020-06-30T08:03:26</time>
			</trkpt>
			<trkpt lat="48.85914992541075" lon="2.922539971768856">
				<ele>66.0</ele>
				<time>2020-06-30T08:03:30</time>
			</trkpt>
			<trkpt lat="48.8593199942261" lon="2.9230099450796843">
				<ele>68.0</ele>
				<time>2020-06-30T08:03:36</time>
			</trkpt>
			<trkpt lat="48.859399957582355" lon="2.923199962824583">
				<ele>69.0</ele>
				<time>2020-06-30T08:03:39</time>
			</trkpt>
			<trkpt lat="48.85951998643577" lon="2.923419987782836">
				<ele>70.0</ele>
				<time>2020-06-30T08:03:42</time>
			</trkpt>
			<trkpt lat="48.8595599681139" lon="2.9234999511390924">
				<ele>70.0</ele>
				<time>2020-06-30T08:03:43</time>
			</trkpt>
			<trkpt lat="48.85973992757499" lon="2.9237699322402477">
				<ele>70.0</ele>
				<time>2020-06-30T08:03:47</time>
			</trkpt>
			<trkpt lat="48.860129937529564" lon="2.924259938299656">
				<ele>72.0</ele>
				<time>2020-06-30T08:03:56</time>
			</trkpt>
			<trkpt lat="48.86029992252588" lon="2.924479963257909">
				<ele>74.0</ele>
				<time>2020-06-30T08:04:00</time>
			</trkpt>
			<trkpt lat="48.86044995859265" lon="2.9246999882161617">
				<ele>75.0</ele>
				<time>2020-06-30T08:04:04</time>
			</trkpt>
			<trkpt lat="48.860519947484136" lon="2.9248599987477064">
				<ele>76.0</ele>
				<time>2020-06-30T08:04:06</time>
			</trkpt>
			<trkpt lat="48.86054995469749" lon="2.924919929355383">
				<ele>76.0</ele>
				<time>2020-06-30T08:04:07</time>
			</trkpt>
			<trkpt lat="48.86063997633755" lon="2.925229975953698">
				<ele>77.0</ele>
				<time>2020-06-30T08:04:11</time>
			</trkpt>
			<trkpt lat="48.86071993969381" lon="2.925639934837818">
				<ele>77.0</ele>
				<time>2020-06-30T08:04:16</time>
			</trkpt>
			<trkpt lat="48.86073997244239" lon="2.9257799964398146">
				<ele>77.0</ele>
				<time>2020-06-30T08:04:17</time>
			</trkpt>
			<trkpt lat="48.86076997965574" lon="2.926139999181032">
				<ele>78.0</ele>
				<time>2020-06-30T08:04:21</time>
			</trkpt>
			<trkpt lat="48.86080996133387" lon="2.9273299779742956">
				<ele>80.0</ele>
				<time>2020-06-30T08:04:35</time>
			</trkpt>
			<trkpt lat="48.86082999408245" lon="2.927579926326871">
				<ele>80.0</ele>
				<time>2020-06-30T08:04:38</time>
			</trkpt>
			<trkpt lat="48.86082999408245" lon="2.927659973502159">
				<ele>81.0</ele>
				<time>2020-06-30T08:04:39</time>
			</trkpt>
			<trkpt lat="48.86087995022535" lon="2.928009917959571">
				<ele>82.0</ele>
				<time>2020-06-30T08:04:43</time>
			</trkpt>
			<trkpt lat="48.86090995743871" lon="2.928259950131178">
				<ele>82.0</ele>
				<time>2020-06-30T08:04:46</time>
			</trkpt>
			<trkpt lat="48.86093996465206" lon="2.928469916805625">
				<ele>82.0</ele>
				<time>2020-06-30T08:04:48</time>
			</trkpt>
			<trkpt lat="48.86101992800832" lon="2.9290799517184496">
				<ele>80.0</ele>
				<time>2020-06-30T08:04:55</time>
			</trkpt>
			<trkpt lat="48.861119924113154" lon="2.9296499211341143">
				<ele>81.0</ele>
				<time>2020-06-30T08:05:02</time>
			</trkpt>
			<trkpt lat="48.86120994575322" lon="2.9303299449384212">
				<ele>83.0</ele>
				<time>2020-06-30T08:05:10</time>
			</trkpt>
			<trkpt lat="48.86121992021799" lon="2.9304099921137094">
				<ele>83.0</ele>
				<time>2020-06-30T08:05:11</time>
			</trkpt>
			<trkpt lat="48.8612799346447" lon="2.9307899437844753">
				<ele>85.0</ele>
				<time>2020-06-30T08:05:15</time>
			</trkpt>
			<trkpt lat="48.86130994185805" lon="2.930959928780794">
				<ele>85.0</ele>
				<time>2020-06-30T08:05:17</time>
			</trkpt>
			<trkpt lat="48.86131991632283" lon="2.9311099648475647">
				<ele>85.0</ele>
				<time>2020-06-30T08:05:19</time>
			</trkpt>
			<trkpt lat="48.861419996246696" lon="2.931779930368066">
				<ele>86.0</ele>
				<time>2020-06-30T08:05:27</time>
			</trkpt>
			<trkpt lat="48.861459977924824" lon="2.932039937004447">
				<ele>87.0</ele>
				<time>2020-06-30T08:05:30</time>
			</trkpt>
			<trkpt lat="48.861549999564886" lon="2.932699928060174">
				<ele>89.0</ele>
				<time>2020-06-30T08:05:38</time>
			</trkpt>
			<trkpt lat="48.861589981243014" lon="2.932979967445135">
				<ele>90.0</ele>
				<time>2020-06-30T08:05:41</time>
			</trkpt>
			<trkpt lat="48.86162996292114" lon="2.9332799557596445">
				<ele>90.0</ele>
				<time>2020-06-30T08:05:45</time>
			</trkpt>
			<trkpt lat="48.86168997734785" lon="2.933579944074154">
				<ele>91.0</ele>
				<time>2020-06-30T08:05:48</time>
			</trkpt>
			<trkpt lat="48.86178997345269" lon="2.9339499212801456">
				<ele>93.0</ele>
				<time>2020-06-30T08:05:53</time>
			</trkpt>
			<trkpt lat="48.8620899617672" lon="2.934869918972254">
				<ele>94.0</ele>
				<time>2020-06-30T08:06:05</time>
			</trkpt>
			<trkpt lat="48.862429931759834" lon="2.9359299782663584">
				<ele>93.0</ele>
				<time>2020-06-30T08:06:18</time>
			</trkpt>
			<trkpt lat="48.86291993781924" lon="2.937399996444583">
				<ele>96.0</ele>
				<time>2020-06-30T08:06:37</time>
			</trkpt>
			<trkpt lat="48.86305999942124" lon="2.937829988077283">
				<ele>96.0</ele>
				<time>2020-06-30T08:06:42</time>
			</trkpt>
			<trkpt lat="48.86334992945194" lon="2.938719978556037">
				<ele>96.0</ele>
				<time>2020-06-30T08:06:54</time>
			</trkpt>
			<trkpt lat="48.863609936088324" lon="2.9394799657166004">
				<ele>97.0</ele>
				<time>2020-06-30T08:07:04</time>
			</trkpt>
			<trkpt lat="48.86382996104658" lon="2.9401999711990356">
				<ele>98.0</ele>
				<time>2020-06-30T08:07:13</time>
			</trkpt>
			<trkpt lat="48.86397999711335" lon="2.940719984471798">
				<ele>100.0</ele>
				<time>2020-06-30T08:07:19</time>
			</trkpt>
			<trkpt lat="48.863999946042895" lon="2.9408299550414085">
				<ele>100.0</ele>
				<time>2020-06-30T08:07:20</time>
			</trkpt>
			<trkpt lat="48.864039927721024" lon="2.940949983894825">
				<ele>100.0</ele>
				<time>2020-06-30T08:07:22</time>
			</trkpt>
			<trkpt lat="48.86413992382586" lon="2.941329935565591">
				<ele>102.0</ele>
				<time>2020-06-30T08:07:27</time>
			</trkpt>
			<trkpt lat="48.86415995657444" lon="2.941419957205653">
				<ele>102.0</ele>
				<time>2020-06-30T08:07:28</time>
			</trkpt>
			<trkpt lat="48.864279985427856" lon="2.9419099632650614">
				<ele>104.0</ele>
				<time>2020-06-30T08:07:34</time>
			</trkpt>
			<trkpt lat="48.8644899521023" lon="2.942989971488714">
				<ele>105.0</ele>
				<time>2020-06-30T08:07:47</time>
			</trkpt>
			<trkpt lat="48.864579973742366" lon="2.943609980866313">
				<ele>106.0</ele>
				<time>2020-06-30T08:07:54</time>
			</trkpt>
			<trkpt lat="48.86460998095572" lon="2.943759933114052">
				<ele>107.0</ele>
				<time>2020-06-30T08:07:56</time>
			</trkpt>
			<trkpt lat="48.86464996263385" lon="2.9440899286419153">
				<ele>108.0</ele>
				<time>2020-06-30T08:08:00</time>
			</trkpt>
			<trkpt lat="48.86481994763017" lon="2.9452499840408564">
				<ele>117.0</ele>
				<time>2020-06-30T08:08:13</time>
			</trkpt>
			<trkpt lat="48.864859929308295" lon="2.9455199651420116">
				<ele>120.0</ele>
				<time>2020-06-30T08:08:16</time>
			</trkpt>
			<trkpt lat="48.86501993983984" lon="2.9465599916875362">
				<ele>126.0</ele>
				<time>2020-06-30T08:08:29</time>
			</trkpt>
			<trkpt lat="48.86522999033332" lon="2.9478999227285385">
				<ele>133.0</ele>
				<time>2020-06-30T08:08:44</time>
			</trkpt>
			<trkpt lat="48.8652999792248" lon="2.9484299942851067">
				<ele>136.0</ele>
				<time>2020-06-30T08:08:51</time>
			</trkpt>
			<trkpt lat="48.86535999365151" lon="2.9488099459558725">
				<ele>136.0</ele>
				<time>2020-06-30T08:08:55</time>
			</trkpt>
			<trkpt lat="48.86538991704583" lon="2.9490899853408337">
				<ele>136.0</ele>
				<time>2020-06-30T08:08:58</time>
			</trkpt>
			<trkpt lat="48.86538991704583" lon="2.9492399375885725">
				<ele>136.0</ele>
				<time>2020-06-30T08:09:00</time>
			</trkpt>
			<trkpt lat="48.86539997532964" lon="2.9499599430710077">
				<ele>135.0</ele>
				<time>2020-06-30T08:09:08</time>
			</trkpt>
			<trkpt lat="48.865419924259186" lon="2.950449949130416">
				<ele>137.0</ele>
				<time>2020-06-30T08:09:14</time>
			</trkpt>
			<trkpt lat="48.865439957007766" lon="2.950759995728731">
				<ele>138.0</ele>
				<time>2020-06-30T08:09:17</time>
			</trkpt>
			<trkpt lat="48.86544993147254" lon="2.95090994797647">
				<ele>139.0</ele>
				<time>2020-06-30T08:09:19</time>
			</trkpt>
			<trkpt lat="48.865499971434474" lon="2.95135997235775">
				<ele>141.0</ele>
				<time>2020-06-30T08:09:24</time>
			</trkpt>
			<trkpt lat="48.86566995643079" lon="2.9525699838995934">
				<ele>145.0</ele>
				<time>2020-06-30T08:09:39</time>
			</trkpt>
			<trkpt lat="48.86574991978705" lon="2.953139953315258">
				<ele>147.0</ele>
				<time>2020-06-30T08:09:45</time>
			</trkpt>
			<trkpt lat="48.86585997417569" lon="2.9539199732244015">
				<ele>148.0</ele>
				<time>2020-06-30T08:09:54</time>
			</trkpt>
			<trkpt lat="48.86593993753195" lon="2.9543699976056814">
				<ele>148.0</ele>
				<time>2020-06-30T08:10:00</time>
			</trkpt>
			<trkpt lat="48.865999951958656" lon="2.954689934849739">
				<ele>148.0</ele>
				<time>2020-06-30T08:10:03</time>
			</trkpt>
			<trkpt lat="48.86608997359872" lon="2.9550399631261826">
				<ele>149.0</ele>
				<time>2020-06-30T08:10:08</time>
			</trkpt>
			<trkpt lat="48.86669992469251" lon="2.956509981304407">
				<ele>149.0</ele>
				<time>2020-06-30T08:10:28</time>
			</trkpt>
			<trkpt lat="48.86673999018967" lon="2.9565999191254377">
				<ele>149.0</ele>
				<time>2020-06-30T08:10:29</time>
			</trkpt>
			<trkpt lat="48.868229957297444" lon="2.9601699393242598">
				<ele>148.0</ele>
				<time>2020-06-30T08:11:17</time>
			</trkpt>
			<trkpt lat="48.86703997850418" lon="2.963559916242957">
				<ele>145.0</ele>
				<time>2020-06-30T08:12:01</time>
			</trkpt>
			<trkpt lat="48.86684996075928" lon="2.964029973372817">
				<ele>145.0</ele>
				<time>2020-06-30T08:12:08</time>
			</trkpt>
			<trkpt lat="48.86505992151797" lon="2.9677399713546038">
				<ele>149.0</ele>
				<time>2020-06-30T08:13:00</time>
			</trkpt>
			<trkpt lat="48.864129949361086" lon="2.9696299228817225">
				<ele>150.0</ele>
				<time>2020-06-30T08:13:27</time>
			</trkpt>
			<trkpt lat="48.86333995498717" lon="2.979589970782399">
				<ele>145.0</ele>
				<time>2020-06-30T08:15:22</time>
			</trkpt>
			<trkpt lat="48.863269966095686" lon="2.9800499696284533">
				<ele>145.0</ele>
				<time>2020-06-30T08:15:28</time>
			</trkpt>
			<trkpt lat="48.86307994835079" lon="2.981019923463464">
				<ele>144.0</ele>
				<time>2020-06-30T08:15:39</time>
			</trkpt>
			<trkpt lat="48.86278993450105" lon="2.9822699166834354">
				<ele>141.0</ele>
				<time>2020-06-30T08:15:54</time>
			</trkpt>
			<trkpt lat="48.862729920074344" lon="2.982669984921813">
				<ele>141.0</ele>
				<time>2020-06-30T08:15:59</time>
			</trkpt>
			<trkpt lat="48.86262992396951" lon="2.983549917116761">
				<ele>140.0</ele>
				<time>2020-06-30T08:16:09</time>
			</trkpt>
			<trkpt lat="48.86253998614848" lon="2.9841099958866835">
				<ele>140.0</ele>
				<time>2020-06-30T08:16:16</time>
			</trkpt>
			<trkpt lat="48.8625199533999" lon="2.9843299370259047">
				<ele>140.0</ele>
				<time>2020-06-30T08:16:18</time>
			</trkpt>
			<trkpt lat="48.862469997256994" lon="2.9864899534732103">
				<ele>142.0</ele>
				<time>2020-06-30T08:16:43</time>
			</trkpt>
			<trkpt lat="48.86248994618654" lon="2.987329987809062">
				<ele>142.0</ele>
				<time>2020-06-30T08:16:53</time>
			</trkpt>
			<trkpt lat="48.86250997893512" lon="2.988399937748909">
				<ele>139.0</ele>
				<time>2020-06-30T08:17:05</time>
			</trkpt>
			<trkpt lat="48.86248994618654" lon="2.9886899515986443">
				<ele>138.0</ele>
				<time>2020-06-30T08:17:08</time>
			</trkpt>
			<trkpt lat="48.86241995729506" lon="2.9894099570810795">
				<ele>137.0</ele>
				<time>2020-06-30T08:17:17</time>
			</trkpt>
			<trkpt lat="48.862409982830286" lon="2.989529985934496">
				<ele>137.0</ele>
				<time>2020-06-30T08:17:18</time>
			</trkpt>
			<trkpt lat="48.86239992454648" lon="2.9895799420773983">
				<ele>137.0</ele>
				<time>2020-06-30T08:17:19</time>
			</trkpt>
			<trkpt lat="48.86239992454648" lon="2.989769959822297">
				<ele>137.0</ele>
				<time>2020-06-30T08:17:21</time>
			</trkpt>
			<trkpt lat="48.862409982830286" lon="2.990159969776869">
				<ele>137.0</ele>
				<time>2020-06-30T08:17:25</time>
			</trkpt>
			<trkpt lat="48.86241995729506" lon="2.9903399292379618">
				<ele>138.0</ele>
				<time>2020-06-30T08:17:27</time>
			</trkpt>
			<trkpt lat="48.86243999004364" lon="2.990449983626604">
				<ele>138.0</ele>
				<time>2020-06-30T08:17:29</time>
			</trkpt>
			<trkpt lat="48.86256999336183" lon="2.9907199647277594">
				<ele>140.0</ele>
				<time>2020-06-30T08:17:33</time>
			</trkpt>
			<trkpt lat="48.86271994560957" lon="2.991249952465296">
				<ele>140.0</ele>
				<time>2020-06-30T08:17:39</time>
			</trkpt>
			<trkpt lat="48.86271994560957" lon="2.9918299801647663">
				<ele>141.0</ele>
				<time>2020-06-30T08:17:46</time>
			</trkpt>
			<trkpt lat="48.862709971144795" lon="2.993499990552664">
				<ele>143.0</ele>
				<time>2020-06-30T08:18:05</time>
			</trkpt>
			<trkpt lat="48.86271994560957" lon="2.9951599426567554">
				<ele>144.0</ele>
				<time>2020-06-30T08:18:24</time>
			</trkpt>
			<trkpt lat="48.862729920074344" lon="2.9965899791568518">
				<ele>147.0</ele>
				<time>2020-06-30T08:18:40</time>
			</trkpt>
			<trkpt lat="48.86273997835815" lon="2.9973999224603176">
				<ele>147.0</ele>
				<time>2020-06-30T08:18:50</time>
			</trkpt>
			<trkpt lat="48.862729920074344" lon="2.9975599329918623">
				<ele>147.0</ele>
				<time>2020-06-30T08:18:51</time>
			</trkpt>
			<trkpt lat="48.86269999668002" lon="2.997719943523407">
				<ele>147.0</ele>
				<time>2020-06-30T08:18:53</time>
			</trkpt>
			<trkpt lat="48.86264995671809" lon="2.9978999868035316">
				<ele>147.0</ele>
				<time>2020-06-30T08:18:56</time>
			</trkpt>
			<trkpt lat="48.86254996061325" lon="2.998159993439913">
				<ele>146.0</ele>
				<time>2020-06-30T08:18:59</time>
			</trkpt>
			<trkpt lat="48.862469997256994" lon="2.998399967327714">
				<ele>146.0</ele>
				<time>2020-06-30T08:19:02</time>
			</trkpt>
			<trkpt lat="48.862729920074344" lon="2.998869940638542">
				<ele>145.0</ele>
				<time>2020-06-30T08:19:09</time>
			</trkpt>
			<trkpt lat="48.86288993060589" lon="2.9991499800235033">
				<ele>144.0</ele>
				<time>2020-06-30T08:19:13</time>
			</trkpt>
			<trkpt lat="48.86299998499453" lon="2.999299932271242">
				<ele>144.0</ele>
				<time>2020-06-30T08:19:16</time>
			</trkpt>
			<trkpt lat="48.86309998109937" lon="2.9994099866598845">
				<ele>144.0</ele>
				<time>2020-06-30T08:19:18</time>
			</trkpt>
			<trkpt lat="48.863289998844266" lon="2.999529931694269">
				<ele>144.0</ele>
				<time>2020-06-30T08:19:22</time>
			</trkpt>
			<trkpt lat="48.863459983840585" lon="2.9995999205857515">
				<ele>144.0</ele>
				<time>2020-06-30T08:19:25</time>
			</trkpt>
			<trkpt lat="48.86363994330168" lon="2.9996799677610397">
				<ele>144.0</ele>
				<time>2020-06-30T08:19:28</time>
			</trkpt>
			<trkpt lat="48.86376994661987" lon="2.9997899383306503">
				<ele>144.0</ele>
				<time>2020-06-30T08:19:31</time>
			</trkpt>
			<trkpt lat="48.86392995715141" lon="3.0000599194318056">
				<ele>144.0</ele>
				<time>2020-06-30T08:19:35</time>
			</trkpt>
			<trkpt lat="48.86404998600483" lon="3.000199981033802">
				<ele>144.0</ele>
				<time>2020-06-30T08:19:37</time>
			</trkpt>
			<trkpt lat="48.864129949361086" lon="3.0003299843519926">
				<ele>144.0</ele>
				<time>2020-06-30T08:19:39</time>
			</trkpt>
			<trkpt lat="48.86417998932302" lon="3.0005399510264397">
				<ele>145.0</ele>
				<time>2020-06-30T08:19:42</time>
			</trkpt>
			<trkpt lat="48.86417998932302" lon="3.00068998709321">
				<ele>145.0</ele>
				<time>2020-06-30T08:19:44</time>
			</trkpt>
			<trkpt lat="48.86417998932302" lon="3.000859972089529">
				<ele>145.0</ele>
				<time>2020-06-30T08:19:46</time>
			</trkpt>
			<trkpt lat="48.86417998932302" lon="3.001259956508875">
				<ele>146.0</ele>
				<time>2020-06-30T08:19:50</time>
			</trkpt>
			<trkpt lat="48.86417998932302" lon="3.001689948141575">
				<ele>147.0</ele>
				<time>2020-06-30T08:19:55</time>
			</trkpt>
			<trkpt lat="48.864189963787794" lon="3.00199999473989">
				<ele>147.0</ele>
				<time>2020-06-30T08:19:59</time>
			</trkpt>
			<trkpt lat="48.86335998773575" lon="3.0034299474209547">
				<ele>146.0</ele>
				<time>2020-06-30T08:20:21</time>
			</trkpt>
			<trkpt lat="48.86307994835079" lon="3.003919953480363">
				<ele>147.0</ele>
				<time>2020-06-30T08:20:28</time>
			</trkpt>
			<trkpt lat="48.86271994560957" lon="3.0045299883931875">
				<ele>147.0</ele>
				<time>2020-06-30T08:20:37</time>
			</trkpt>
			<trkpt lat="48.86256999336183" lon="3.004809943959117">
				<ele>147.0</ele>
				<time>2020-06-30T08:20:41</time>
			</trkpt>
			<trkpt lat="48.861589981243014" lon="3.0065099615603685">
				<ele>144.0</ele>
				<time>2020-06-30T08:21:07</time>
			</trkpt>
			<trkpt lat="48.861269960179925" lon="3.007049923762679">
				<ele>143.0</ele>
				<time>2020-06-30T08:21:16</time>
			</trkpt>
			<trkpt lat="48.86074994690716" lon="3.0079699214547873">
				<ele>144.0</ele>
				<time>2020-06-30T08:21:30</time>
			</trkpt>
			<trkpt lat="48.86043998412788" lon="3.0084799602627754">
				<ele>144.0</ele>
				<time>2020-06-30T08:21:38</time>
			</trkpt>
			<trkpt lat="48.86031995527446" lon="3.0087099596858025">
				<ele>144.0</ele>
				<time>2020-06-30T08:21:41</time>
			</trkpt>
			<trkpt lat="48.85983992367983" lon="3.009529961273074">
				<ele>148.0</ele>
				<time>2020-06-30T08:21:53</time>
			</trkpt>
			<trkpt lat="48.85916995815933" lon="3.0106799583882093">
				<ele>151.0</ele>
				<time>2020-06-30T08:22:11</time>
			</trkpt>
			<trkpt lat="48.85829991661012" lon="3.012179983779788">
				<ele>149.0</ele>
				<time>2020-06-30T08:22:34</time>
			</trkpt>
			<trkpt lat="48.85744999162853" lon="3.0136399436742067">
				<ele>149.0</ele>
				<time>2020-06-30T08:22:56</time>
			</trkpt>
			<trkpt lat="48.85714991949499" lon="3.014179989695549">
				<ele>149.0</ele>
				<time>2020-06-30T08:23:04</time>
			</trkpt>
			<trkpt lat="48.85695998556912" lon="3.0145399924367666">
				<ele>148.0</ele>
				<time>2020-06-30T08:23:10</time>
			</trkpt>
			<trkpt lat="48.856909945607185" lon="3.014619955793023">
				<ele>148.0</ele>
				<time>2020-06-30T08:23:11</time>
			</trkpt>
			<trkpt lat="48.85633997619152" lon="3.015649924054742">
				<ele>145.0</ele>
				<time>2020-06-30T08:23:26</time>
			</trkpt>
			<trkpt lat="48.85592993348837" lon="3.016359955072403">
				<ele>145.0</ele>
				<time>2020-06-30T08:23:37</time>
			</trkpt>
			<trkpt lat="48.85564997792244" lon="3.0168599355965853">
				<ele>145.0</ele>
				<time>2020-06-30T08:23:45</time>
			</trkpt>
			<trkpt lat="48.85552994906902" lon="3.017069986090064">
				<ele>146.0</ele>
				<time>2020-06-30T08:23:48</time>
			</trkpt>
			<trkpt lat="48.855359964072704" lon="3.0173699744045734">
				<ele>147.0</ele>
				<time>2020-06-30T08:23:52</time>
			</trkpt>
			<trkpt lat="48.85508998297155" lon="3.0178399477154016">
				<ele>147.0</ele>
				<time>2020-06-30T08:24:00</time>
			</trkpt>
			<trkpt lat="48.855039943009615" lon="3.017939943820238">
				<ele>146.0</ele>
				<time>2020-06-30T08:24:01</time>
			</trkpt>
			<trkpt lat="48.85491999797523" lon="3.018099954351783">
				<ele>146.0</ele>
				<time>2020-06-30T08:24:04</time>
			</trkpt>
			<trkpt lat="48.854869958013296" lon="3.018169943243265">
				<ele>145.0</ele>
				<time>2020-06-30T08:24:05</time>
			</trkpt>
			<trkpt lat="48.85480994358659" lon="3.0182299576699734">
				<ele>145.0</ele>
				<time>2020-06-30T08:24:06</time>
			</trkpt>
			<trkpt lat="48.854739954695106" lon="3.0182899720966816">
				<ele>144.0</ele>
				<time>2020-06-30T08:24:08</time>
			</trkpt>
			<trkpt lat="48.85466996580362" lon="3.01832995377481">
				<ele>144.0</ele>
				<time>2020-06-30T08:24:09</time>
			</trkpt>
			<trkpt lat="48.85459997691214" lon="3.018369935452938">
				<ele>143.0</ele>
				<time>2020-06-30T08:24:10</time>
			</trkpt>
			<trkpt lat="48.85452998802066" lon="3.018389968201518">
				<ele>143.0</ele>
				<time>2020-06-30T08:24:11</time>
			</trkpt>
			<trkpt lat="48.854459999129176" lon="3.018399942666292">
				<ele>143.0</ele>
				<time>2020-06-30T08:24:13</time>
			</trkpt>
			<trkpt lat="48.85438992641866" lon="3.0184099171310663">
				<ele>143.0</ele>
				<time>2020-06-30T08:24:14</time>
			</trkpt>
			<trkpt lat="48.854309963062406" lon="3.018419975414872">
				<ele>142.0</ele>
				<time>2020-06-30T08:24:15</time>
			</trkpt>
			<trkpt lat="48.85423997417092" lon="3.018419975414872">
				<ele>142.0</ele>
				<time>2020-06-30T08:24:16</time>
			</trkpt>
			<trkpt lat="48.85388994589448" lon="3.0184299498796463">
				<ele>140.0</ele>
				<time>2020-06-30T08:24:23</time>
			</trkpt>
			<trkpt lat="48.85378994978964" lon="3.0184299498796463">
				<ele>140.0</ele>
				<time>2020-06-30T08:24:24</time>
			</trkpt>
			<trkpt lat="48.85352994315326" lon="3.0184399243444204">
				<ele>138.0</ele>
				<time>2020-06-30T08:24:29</time>
			</trkpt>
			<trkpt lat="48.85146992281079" lon="3.0185499787330627">
				<ele>136.0</ele>
				<time>2020-06-30T08:25:05</time>
			</trkpt>
			<trkpt lat="48.85108997114003" lon="3.018569927662611">
				<ele>136.0</ele>
				<time>2020-06-30T08:25:11</time>
			</trkpt>
			<trkpt lat="48.850849997252226" lon="3.018579985946417">
				<ele>136.0</ele>
				<time>2020-06-30T08:25:16</time>
			</trkpt>
			<trkpt lat="48.850679928436875" lon="3.018589960411191">
				<ele>136.0</ele>
				<time>2020-06-30T08:25:18</time>
			</trkpt>
			<trkpt lat="48.85027994401753" lon="3.018609993159771">
				<ele>136.0</ele>
				<time>2020-06-30T08:25:25</time>
			</trkpt>
			<trkpt lat="48.848289996385574" lon="3.0187099892646074">
				<ele>134.0</ele>
				<time>2020-06-30T08:26:00</time>
			</trkpt>
			<trkpt lat="48.84785992093384" lon="3.0187299381941557">
				<ele>134.0</ele>
				<time>2020-06-30T08:26:08</time>
			</trkpt>
			<trkpt lat="48.8465999532491" lon="3.018789952620864">
				<ele>135.0</ele>
				<time>2020-06-30T08:26:30</time>
			</trkpt>
			<trkpt lat="48.845499996095896" lon="3.018849967047572">
				<ele>136.0</ele>
				<time>2020-06-30T08:26:49</time>
			</trkpt>
			<trkpt lat="48.8448799867183" lon="3.018869999796152">
				<ele>136.0</ele>
				<time>2020-06-30T08:26:59</time>
			</trkpt>
			<trkpt lat="48.84417993016541" lon="3.0188999231904745">
				<ele>135.0</ele>
				<time>2020-06-30T08:27:12</time>
			</trkpt>
			<trkpt lat="48.84380995295942" lon="3.0189299304038286">
				<ele>135.0</ele>
				<time>2020-06-30T08:27:18</time>
			</trkpt>
			<trkpt lat="48.84374993853271" lon="3.0189399886876345">
				<ele>135.0</ele>
				<time>2020-06-30T08:27:19</time>
			</trkpt>
			<trkpt lat="48.84369998238981" lon="3.0189599376171827">
				<ele>135.0</ele>
				<time>2020-06-30T08:27:20</time>
			</trkpt>
			<trkpt lat="48.84365991689265" lon="3.0189799703657627">
				<ele>135.0</ele>
				<time>2020-06-30T08:27:21</time>
			</trkpt>
			<trkpt lat="48.84361993521452" lon="3.019009977579117">
				<ele>135.0</ele>
				<time>2020-06-30T08:27:22</time>
			</trkpt>
			<trkpt lat="48.843589928001165" lon="3.019049959257245">
				<ele>135.0</ele>
				<time>2020-06-30T08:27:22</time>
			</trkpt>
			<trkpt lat="48.84355992078781" lon="3.0191099736839533">
				<ele>135.0</ele>
				<time>2020-06-30T08:27:23</time>
			</trkpt>
			<trkpt lat="48.84353997185826" lon="3.0191699881106615">
				<ele>136.0</ele>
				<time>2020-06-30T08:27:24</time>
			</trkpt>
			<trkpt lat="48.84352999739349" lon="3.019229918718338">
				<ele>136.0</ele>
				<time>2020-06-30T08:27:25</time>
			</trkpt>
			<trkpt lat="48.84351993910968" lon="3.019299991428852">
				<ele>136.0</ele>
				<time>2020-06-30T08:27:25</time>
			</trkpt>
			<trkpt lat="48.84351993910968" lon="3.019439969211817">
				<ele>136.0</ele>
				<time>2020-06-30T08:27:27</time>
			</trkpt>
			<trkpt lat="48.84351993910968" lon="3.0195999797433615">
				<ele>137.0</ele>
				<time>2020-06-30T08:27:29</time>
			</trkpt>
			<trkpt lat="48.84350996464491" lon="3.019759990274906">
				<ele>137.0</ele>
				<time>2020-06-30T08:27:31</time>
			</trkpt>
			<trkpt lat="48.84350996464491" lon="3.0198399536311626">
				<ele>138.0</ele>
				<time>2020-06-30T08:27:32</time>
			</trkpt>
			<trkpt lat="48.84348993189633" lon="3.0200199969112873">
				<ele>139.0</ele>
				<time>2020-06-30T08:27:34</time>
			</trkpt>
			<trkpt lat="48.84346998296678" lon="3.0202199891209602">
				<ele>139.0</ele>
				<time>2020-06-30T08:27:36</time>
			</trkpt>
			<trkpt lat="48.84343997575343" lon="3.0204099230468273">
				<ele>140.0</ele>
				<time>2020-06-30T08:27:38</time>
			</trkpt>
			<trkpt lat="48.84335992857814" lon="3.020789958536625">
				<ele>141.0</ele>
				<time>2020-06-30T08:27:43</time>
			</trkpt>
			<trkpt lat="48.843309972435236" lon="3.0210899468511343">
				<ele>140.0</ele>
				<time>2020-06-30T08:27:46</time>
			</trkpt>
			<trkpt lat="48.84326999075711" lon="3.021299997344613">
				<ele>140.0</ele>
				<time>2020-06-30T08:27:49</time>
			</trkpt>
			<trkpt lat="48.84322992525995" lon="3.021499989554286">
				<ele>140.0</ele>
				<time>2020-06-30T08:27:51</time>
			</trkpt>
			<trkpt lat="48.84316999465227" lon="3.0218199267983437">
				<ele>139.0</ele>
				<time>2020-06-30T08:27:55</time>
			</trkpt>
			<trkpt lat="48.84310998022556" lon="3.022139947861433">
				<ele>139.0</ele>
				<time>2020-06-30T08:27:59</time>
			</trkpt>
			<trkpt lat="48.843029933050275" lon="3.0225499905645847">
				<ele>139.0</ele>
				<time>2020-06-30T08:28:04</time>
			</trkpt>
			<trkpt lat="48.84298995137215" lon="3.0227499827742577">
				<ele>139.0</ele>
				<time>2020-06-30T08:28:06</time>
			</trkpt>
			<trkpt lat="48.84295994415879" lon="3.0229599494487047">
				<ele>138.0</ele>
				<time>2020-06-30T08:28:09</time>
			</trkpt>
			<trkpt lat="48.84292993694544" lon="3.0231599416583776">
				<ele>138.0</ele>
				<time>2020-06-30T08:28:11</time>
			</trkpt>
			<trkpt lat="48.84288995526731" lon="3.023449955508113">
				<ele>136.0</ele>
				<time>2020-06-30T08:28:14</time>
			</trkpt>
			<trkpt lat="48.842859948053956" lon="3.0236299987882376">
				<ele>136.0</ele>
				<time>2020-06-30T08:28:17</time>
			</trkpt>
			<trkpt lat="48.84283999912441" lon="3.023709962144494">
				<ele>136.0</ele>
				<time>2020-06-30T08:28:18</time>
			</trkpt>
			<trkpt lat="48.842809991911054" lon="3.0237899255007505">
				<ele>136.0</ele>
				<time>2020-06-30T08:28:19</time>
			</trkpt>
			<trkpt lat="48.842789959162474" lon="3.0238699726760387">
				<ele>136.0</ele>
				<time>2020-06-30T08:28:20</time>
			</trkpt>
			<trkpt lat="48.842749977484345" lon="3.0239499360322952">
				<ele>136.0</ele>
				<time>2020-06-30T08:28:21</time>
			</trkpt>
			<trkpt lat="48.84267998859286" lon="3.0240899976342916">
				<ele>137.0</ele>
				<time>2020-06-30T08:28:23</time>
			</trkpt>
			<trkpt lat="48.842599941417575" lon="3.0242299754172564">
				<ele>136.0</ele>
				<time>2020-06-30T08:28:25</time>
			</trkpt>
			<trkpt lat="48.842359967529774" lon="3.0246799997985363">
				<ele>136.0</ele>
				<time>2020-06-30T08:28:31</time>
			</trkpt>
			<trkpt lat="48.84213994257152" lon="3.025079984217882">
				<ele>134.0</ele>
				<time>2020-06-30T08:28:37</time>
			</trkpt>
			<trkpt lat="48.841909943148494" lon="3.025489943102002">
				<ele>133.0</ele>
				<time>2020-06-30T08:28:44</time>
			</trkpt>
			<trkpt lat="48.8415399659425" lon="3.0261799413710833">
				<ele>133.0</ele>
				<time>2020-06-30T08:28:54</time>
			</trkpt>
			<trkpt lat="48.84150995872915" lon="3.0262399557977915">
				<ele>133.0</ele>
				<time>2020-06-30T08:28:55</time>
			</trkpt>
			<trkpt lat="48.84148992598057" lon="3.026339951902628">
				<ele>133.0</ele>
				<time>2020-06-30T08:28:56</time>
			</trkpt>
			<trkpt lat="48.84148992598057" lon="3.0264099407941103">
				<ele>133.0</ele>
				<time>2020-06-30T08:28:57</time>
			</trkpt>
			<trkpt lat="48.841499984264374" lon="3.0264699552208185">
				<ele>133.0</ele>
				<time>2020-06-30T08:28:57</time>
			</trkpt>
			<trkpt lat="48.84150995872915" lon="3.0265299696475267">
				<ele>133.0</ele>
				<time>2020-06-30T08:28:58</time>
			</trkpt>
			<trkpt lat="48.84152999147773" lon="3.026589984074235">
				<ele>133.0</ele>
				<time>2020-06-30T08:28:59</time>
			</trkpt>
			<trkpt lat="48.84155999869108" lon="3.026649998500943">
				<ele>133.0</ele>
				<time>2020-06-30T08:29:00</time>
			</trkpt>
			<trkpt lat="48.84161992929876" lon="3.0267499946057796">
				<ele>133.0</ele>
				<time>2020-06-30T08:29:01</time>
			</trkpt>
			<trkpt lat="48.84168991819024" lon="3.0268699396401644">
				<ele>133.0</ele>
				<time>2020-06-30T08:29:03</time>
			</trkpt>
			<trkpt lat="48.8417299836874" lon="3.0269299540668726">
				<ele>133.0</ele>
				<time>2020-06-30T08:29:04</time>
			</trkpt>
			<trkpt lat="48.841759990900755" lon="3.026989968493581">
				<ele>133.0</ele>
				<time>2020-06-30T08:29:05</time>
			</trkpt>
			<trkpt lat="48.84180994704366" lon="3.0271099973469973">
				<ele>133.0</ele>
				<time>2020-06-30T08:29:07</time>
			</trkpt>
			<trkpt lat="48.84182997979224" lon="3.0271799862384796">
				<ele>133.0</ele>
				<time>2020-06-30T08:29:07</time>
			</trkpt>
			<trkpt lat="48.841849928721786" lon="3.027249975129962">
				<ele>133.0</ele>
				<time>2020-06-30T08:29:08</time>
			</trkpt>
			<trkpt lat="48.84185998700559" lon="3.02730998955667">
				<ele>133.0</ele>
				<time>2020-06-30T08:29:09</time>
			</trkpt>
			<trkpt lat="48.84187993593514" lon="3.0273799784481525">
				<ele>133.0</ele>
				<time>2020-06-30T08:29:10</time>
			</trkpt>
			<trkpt lat="48.84187993593514" lon="3.027449967339635">
				<ele>133.0</ele>
				<time>2020-06-30T08:29:11</time>
			</trkpt>
			<trkpt lat="48.84187993593514" lon="3.0275199562311172">
				<ele>133.0</ele>
				<time>2020-06-30T08:29:12</time>
			</trkpt>
			<trkpt lat="48.841869961470366" lon="3.0275799706578255">
				<ele>133.0</ele>
				<time>2020-06-30T08:29:12</time>
			</trkpt>
			<trkpt lat="48.841869961470366" lon="3.0276399850845337">
				<ele>133.0</ele>
				<time>2020-06-30T08:29:13</time>
			</trkpt>
			<trkpt lat="48.84185998700559" lon="3.027709973976016">
				<ele>133.0</ele>
				<time>2020-06-30T08:29:14</time>
			</trkpt>
			<trkpt lat="48.84182997979224" lon="3.0278399772942066">
				<ele>133.0</ele>
				<time>2020-06-30T08:29:15</time>
			</trkpt>
			<trkpt lat="48.84178999811411" lon="3.027969980612397">
				<ele>133.0</ele>
				<time>2020-06-30T08:29:17</time>
			</trkpt>
			<trkpt lat="48.841759990900755" lon="3.028089925646782">
				<ele>133.0</ele>
				<time>2020-06-30T08:29:18</time>
			</trkpt>
			<trkpt lat="48.8417299836874" lon="3.0282299872487783">
				<ele>133.0</ele>
				<time>2020-06-30T08:29:20</time>
			</trkpt>
			<trkpt lat="48.84168991819024" lon="3.028329983353615">
				<ele>133.0</ele>
				<time>2020-06-30T08:29:21</time>
			</trkpt>
			<trkpt lat="48.84165999479592" lon="3.0284599866718054">
				<ele>133.0</ele>
				<time>2020-06-30T08:29:23</time>
			</trkpt>
			<trkpt lat="48.84170995093882" lon="3.0284699611365795">
				<ele>133.0</ele>
				<time>2020-06-30T08:29:24</time>
			</trkpt>
			<trkpt lat="48.84174993261695" lon="3.0284899938851595">
				<ele>133.0</ele>
				<time>2020-06-30T08:29:25</time>
			</trkpt>
			<trkpt lat="48.84178999811411" lon="3.0285099428147078">
				<ele>133.0</ele>
				<time>2020-06-30T08:29:25</time>
			</trkpt>
			<trkpt lat="48.84185998700559" lon="3.028589989989996">
				<ele>133.0</ele>
				<time>2020-06-30T08:29:27</time>
			</trkpt>
			<trkpt lat="48.842059979215264" lon="3.0288699455559254">
				<ele>132.0</ele>
				<time>2020-06-30T08:29:32</time>
			</trkpt>
			<trkpt lat="48.84219995699823" lon="3.029079996049404">
				<ele>131.0</ele>
				<time>2020-06-30T08:29:35</time>
			</trkpt>
			<trkpt lat="48.842319985851645" lon="3.029249981045723">
				<ele>130.0</ele>
				<time>2020-06-30T08:29:38</time>
			</trkpt>
			<trkpt lat="48.84249994531274" lon="3.029509987682104">
				<ele>129.0</ele>
				<time>2020-06-30T08:29:42</time>
			</trkpt>
			<trkpt lat="48.84253992699087" lon="3.0295599438250065">
				<ele>129.0</ele>
				<time>2020-06-30T08:29:43</time>
			</trkpt>
			<trkpt lat="48.84256993420422" lon="3.0296099837869406">
				<ele>129.0</ele>
				<time>2020-06-30T08:29:44</time>
			</trkpt>
			<trkpt lat="48.84262994863093" lon="3.029689947143197">
				<ele>128.0</ele>
				<time>2020-06-30T08:29:45</time>
			</trkpt>
			<trkpt lat="48.84294996969402" lon="3.0301599204540253">
				<ele>128.0</ele>
				<time>2020-06-30T08:29:53</time>
			</trkpt>
			<trkpt lat="48.84326999075711" lon="3.030609944835305">
				<ele>129.0</ele>
				<time>2020-06-30T08:30:01</time>
			</trkpt>
			<trkpt lat="48.84348993189633" lon="3.0309199914336205">
				<ele>130.0</ele>
				<time>2020-06-30T08:30:06</time>
			</trkpt>
			<trkpt lat="48.84376997128129" lon="3.031279994174838">
				<ele>132.0</ele>
				<time>2020-06-30T08:30:12</time>
			</trkpt>
			<trkpt lat="48.84501996450126" lon="3.032719921320677">
				<ele>137.0</ele>
				<time>2020-06-30T08:30:40</time>
			</trkpt>
			<trkpt lat="48.8455499522388" lon="3.0333399306982756">
				<ele>139.0</ele>
				<time>2020-06-30T08:30:51</time>
			</trkpt>
			<trkpt lat="48.845969969406724" lon="3.0338299367576838">
				<ele>139.0</ele>
				<time>2020-06-30T08:31:00</time>
			</trkpt>
			<trkpt lat="48.8462199177593" lon="3.034119950607419">
				<ele>140.0</ele>
				<time>2020-06-30T08:31:06</time>
			</trkpt>
			<trkpt lat="48.846489982679486" lon="3.0344199389219284">
				<ele>140.0</ele>
				<time>2020-06-30T08:31:12</time>
			</trkpt>
			<trkpt lat="48.84687999263406" lon="3.0348699633032084">
				<ele>141.0</ele>
				<time>2020-06-30T08:31:20</time>
			</trkpt>
			<trkpt lat="48.84759999811649" lon="3.035679990425706">
				<ele>142.0</ele>
				<time>2020-06-30T08:31:36</time>
			</trkpt>
			<trkpt lat="48.84835998527706" lon="3.03656998090446">
				<ele>143.0</ele>
				<time>2020-06-30T08:31:52</time>
			</trkpt>
			<trkpt lat="48.849069932475686" lon="3.037379924207926">
				<ele>144.0</ele>
				<time>2020-06-30T08:32:08</time>
			</trkpt>
			<trkpt lat="48.849709974601865" lon="3.0381599441170692">
				<ele>144.0</ele>
				<time>2020-06-30T08:32:22</time>
			</trkpt>
			<trkpt lat="48.85009998455644" lon="3.0386199429631233">
				<ele>144.0</ele>
				<time>2020-06-30T08:32:31</time>
			</trkpt>
			<trkpt lat="48.8504299800843" lon="3.039029985666275">
				<ele>144.0</ele>
				<time>2020-06-30T08:32:38</time>
			</trkpt>
			<trkpt lat="48.850589990615845" lon="3.039219919592142">
				<ele>144.0</ele>
				<time>2020-06-30T08:32:42</time>
			</trkpt>
			<trkpt lat="48.851239923387766" lon="3.0399999395012856">
				<ele>144.0</ele>
				<time>2020-06-30T08:32:56</time>
			</trkpt>
			<trkpt lat="48.852269975468516" lon="3.041269965469837">
				<ele>145.0</ele>
				<time>2020-06-30T08:33:19</time>
			</trkpt>
			<trkpt lat="48.85240995325148" lon="3.041419917717576">
				<ele>145.0</ele>
				<time>2020-06-30T08:33:22</time>
			</trkpt>
			<trkpt lat="48.852549931034446" lon="3.0415699537843466">
				<ele>145.0</ele>
				<time>2020-06-30T08:33:25</time>
			</trkpt>
			<trkpt lat="48.852699967101216" lon="3.041699957102537">
				<ele>145.0</ele>
				<time>2020-06-30T08:33:28</time>
			</trkpt>
			<trkpt lat="48.85285997763276" lon="3.0417999532073736">
				<ele>145.0</ele>
				<time>2020-06-30T08:33:31</time>
			</trkpt>
			<trkpt lat="48.853019988164306" lon="3.04187991656363">
				<ele>145.0</ele>
				<time>2020-06-30T08:33:34</time>
			</trkpt>
			<trkpt lat="48.8531999476254" lon="3.041949989274144">
				<ele>145.0</ele>
				<time>2020-06-30T08:33:37</time>
			</trkpt>
			<trkpt lat="48.853449979797006" lon="3.042039927095175">
				<ele>145.0</ele>
				<time>2020-06-30T08:33:42</time>
			</trkpt>
			<trkpt lat="48.853859938681126" lon="3.042179988697171">
				<ele>145.0</ele>
				<time>2020-06-30T08:33:49</time>
			</trkpt>
			<trkpt lat="48.85383998975158" lon="3.0422499775886536">
				<ele>145.0</ele>
				<time>2020-06-30T08:33:50</time>
			</trkpt>
			<trkpt lat="48.85382993146777" lon="3.042289959266782">
				<ele>145.0</ele>
				<time>2020-06-30T08:33:51</time>
			</trkpt>
			<trkpt lat="48.85380998253822" lon="3.042339999228716">
				<ele>145.0</ele>
				<time>2020-06-30T08:33:51</time>
			</trkpt>
			<trkpt lat="48.85365994647145" lon="3.042579973116517">
				<ele>145.0</ele>
				<time>2020-06-30T08:33:55</time>
			</trkpt>
			<trkpt lat="48.853599932044744" lon="3.042699918150902">
				<ele>146.0</ele>
				<time>2020-06-30T08:33:57</time>
			</trkpt>
			<trkpt lat="48.853489961475134" lon="3.0429399758577347">
				<ele>146.0</ele>
				<time>2020-06-30T08:34:00</time>
			</trkpt>
			<trkpt lat="48.85336993262172" lon="3.0432999785989523">
				<ele>146.0</ele>
				<time>2020-06-30T08:34:05</time>
			</trkpt>
			<trkpt lat="48.85325996205211" lon="3.043699963018298">
				<ele>146.0</ele>
				<time>2020-06-30T08:34:10</time>
			</trkpt>
			<trkpt lat="48.85313993319869" lon="3.0441599618643522">
				<ele>146.0</ele>
				<time>2020-06-30T08:34:15</time>
			</trkpt>
			<trkpt lat="48.85308997705579" lon="3.0444399174302816">
				<ele>145.0</ele>
				<time>2020-06-30T08:34:19</time>
			</trkpt>
			<trkpt lat="48.853059969842434" lon="3.0448199529200792">
				<ele>145.0</ele>
				<time>2020-06-30T08:34:23</time>
			</trkpt>
			<trkpt lat="48.853039937093854" lon="3.045269977301359">
				<ele>144.0</ele>
				<time>2020-06-30T08:34:28</time>
			</trkpt>
			<trkpt lat="48.85302996262908" lon="3.045919993892312">
				<ele>144.0</ele>
				<time>2020-06-30T08:34:36</time>
			</trkpt>
			<trkpt lat="48.853039937093854" lon="3.046749969944358">
				<ele>142.0</ele>
				<time>2020-06-30T08:34:45</time>
			</trkpt>
			<trkpt lat="48.85302996262908" lon="3.047219943255186">
				<ele>143.0</ele>
				<time>2020-06-30T08:34:51</time>
			</trkpt>
			<trkpt lat="48.85302996262908" lon="3.0472599249333143">
				<ele>143.0</ele>
				<time>2020-06-30T08:34:51</time>
			</trkpt>
			<trkpt lat="48.85302996262908" lon="3.047429993748665">
				<ele>143.0</ele>
				<time>2020-06-30T08:34:53</time>
			</trkpt>
			<trkpt lat="48.85302987881005" lon="3.047971213236451">
				<ele>143.0</ele>
				<time>2020-06-30T08:34:59</time>
			</trkpt>
			<trkpt lat="48.85302996262908" lon="3.0479699559509754">
				<ele>143.0</ele>
				<time>2020-06-30T08:34:59</time>
			</trkpt>
			<trkpt lat="48.852999955415726" lon="3.049019956961274">
				<ele>142.0</ele>
				<time>2020-06-30T08:35:11</time>
			</trkpt>
			<trkpt lat="48.85294999927282" lon="3.0497399624437094">
				<ele>141.0</ele>
				<time>2020-06-30T08:35:20</time>
			</trkpt>
			<trkpt lat="48.85290993377566" lon="3.0501899868249893">
				<ele>142.0</ele>
				<time>2020-06-30T08:35:25</time>
			</trkpt>
			<trkpt lat="48.85287992656231" lon="3.0504099279642105">
				<ele>142.0</ele>
				<time>2020-06-30T08:35:27</time>
			</trkpt>
			<trkpt lat="48.852849919348955" lon="3.0506099201738834">
				<ele>141.0</ele>
				<time>2020-06-30T08:35:30</time>
			</trkpt>
			<trkpt lat="48.85279996320605" lon="3.0508999340236187">
				<ele>141.0</ele>
				<time>2020-06-30T08:35:33</time>
			</trkpt>
			<trkpt lat="48.85278998874128" lon="3.0509399995207787">
				<ele>141.0</ele>
				<time>2020-06-30T08:35:34</time>
			</trkpt>
			<trkpt lat="48.852679934352636" lon="3.051389940083027">
				<ele>140.0</ele>
				<time>2020-06-30T08:35:39</time>
			</trkpt>
			<trkpt lat="48.85255998931825" lon="3.051819931715727">
				<ele>140.0</ele>
				<time>2020-06-30T08:35:44</time>
			</trkpt>
			<trkpt lat="48.85248991660774" lon="3.052099971100688">
				<ele>140.0</ele>
				<time>2020-06-30T08:35:48</time>
			</trkpt>
			<trkpt lat="48.85240995325148" lon="3.0523799266666174">
				<ele>139.0</ele>
				<time>2020-06-30T08:35:51</time>
			</trkpt>
			<trkpt lat="48.85231993161142" lon="3.0526599660515785">
				<ele>139.0</ele>
				<time>2020-06-30T08:35:55</time>
			</trkpt>
			<trkpt lat="48.852119939401746" lon="3.0532699171453714">
				<ele>140.0</ele>
				<time>2020-06-30T08:36:03</time>
			</trkpt>
			<trkpt lat="48.85194995440543" lon="3.0537299998104572">
				<ele>140.0</ele>
				<time>2020-06-30T08:36:09</time>
			</trkpt>
			<trkpt lat="48.851859932765365" lon="3.054079944267869">
				<ele>140.0</ele>
				<time>2020-06-30T08:36:13</time>
			</trkpt>
			<trkpt lat="48.85178994387388" lon="3.054269962012768">
				<ele>139.0</ele>
				<time>2020-06-30T08:36:16</time>
			</trkpt>
			<trkpt lat="48.851709980517626" lon="3.054559975862503">
				<ele>139.0</ele>
				<time>2020-06-30T08:36:19</time>
			</trkpt>
			<trkpt lat="48.85164996609092" lon="3.0548699386417866">
				<ele>139.0</ele>
				<time>2020-06-30T08:36:23</time>
			</trkpt>
			<trkpt lat="48.85156991891563" lon="3.055169926956296">
				<ele>139.0</ele>
				<time>2020-06-30T08:36:27</time>
			</trkpt>
			<trkpt lat="48.85154996998608" lon="3.0553099885582924">
				<ele>140.0</ele>
				<time>2020-06-30T08:36:28</time>
			</trkpt>
			<trkpt lat="48.85146992281079" lon="3.0557599291205406">
				<ele>140.0</ele>
				<time>2020-06-30T08:36:34</time>
			</trkpt>
			<trkpt lat="48.851409992203116" lon="3.0562599934637547">
				<ele>140.0</ele>
				<time>2020-06-30T08:36:39</time>
			</trkpt>
			<trkpt lat="48.85136992670596" lon="3.056519916281104">
				<ele>140.0</ele>
				<time>2020-06-30T08:36:42</time>
			</trkpt>
			<trkpt lat="48.85132994502783" lon="3.056739941239357">
				<ele>141.0</ele>
				<time>2020-06-30T08:36:45</time>
			</trkpt>
			<trkpt lat="48.851279988884926" lon="3.057159958407283">
				<ele>141.0</ele>
				<time>2020-06-30T08:36:50</time>
			</trkpt>
			<trkpt lat="48.851149985566735" lon="3.057829923927784">
				<ele>140.0</ele>
				<time>2020-06-30T08:36:58</time>
			</trkpt>
			<trkpt lat="48.85091998614371" lon="3.058509947732091">
				<ele>140.0</ele>
				<time>2020-06-30T08:37:07</time>
			</trkpt>
			<trkpt lat="48.85046996176243" lon="3.0595799814909697">
				<ele>140.0</ele>
				<time>2020-06-30T08:37:21</time>
			</trkpt>
			<trkpt lat="48.85040994733572" lon="3.059829929843545">
				<ele>140.0</ele>
				<time>2020-06-30T08:37:24</time>
			</trkpt>
			<trkpt lat="48.85038999840617" lon="3.059909977018833">
				<ele>140.0</ele>
				<time>2020-06-30T08:37:25</time>
			</trkpt>
			<trkpt lat="48.85034993290901" lon="3.060319935902953">
				<ele>140.0</ele>
				<time>2020-06-30T08:37:30</time>
			</trkpt>
			<trkpt lat="48.85033995844424" lon="3.060329994186759">
				<ele>140.0</ele>
				<time>2020-06-30T08:37:30</time>
			</trkpt>
			<trkpt lat="48.85034993290901" lon="3.060729978606105">
				<ele>140.0</ele>
				<time>2020-06-30T08:37:35</time>
			</trkpt>
			<trkpt lat="48.8504299800843" lon="3.061209926381707">
				<ele>140.0</ele>
				<time>2020-06-30T08:37:40</time>
			</trkpt>
			<trkpt lat="48.85064992122352" lon="3.0623699817806482">
				<ele>140.0</ele>
				<time>2020-06-30T08:37:54</time>
			</trkpt>
			<trkpt lat="48.8506699539721" lon="3.062509959563613">
				<ele>140.0</ele>
				<time>2020-06-30T08:37:56</time>
			</trkpt>
			<trkpt lat="48.850719993934035" lon="3.0628399550914764">
				<ele>140.0</ele>
				<time>2020-06-30T08:38:00</time>
			</trkpt>
			<trkpt lat="48.85072996839881" lon="3.0630899872630835">
				<ele>140.0</ele>
				<time>2020-06-30T08:38:03</time>
			</trkpt>
			<trkpt lat="48.850739942863584" lon="3.064299998804927">
				<ele>138.0</ele>
				<time>2020-06-30T08:38:17</time>
			</trkpt>
			<trkpt lat="48.850739942863584" lon="3.064769972115755">
				<ele>138.0</ele>
				<time>2020-06-30T08:38:22</time>
			</trkpt>
			<trkpt lat="48.85068998672068" lon="3.0658999364823103">
				<ele>140.0</ele>
				<time>2020-06-30T08:38:35</time>
			</trkpt>
			<trkpt lat="48.85062997229397" lon="3.0663599353283644">
				<ele>139.0</ele>
				<time>2020-06-30T08:38:40</time>
			</trkpt>
			<trkpt lat="48.85055998340249" lon="3.0670399591326714">
				<ele>138.0</ele>
				<time>2020-06-30T08:38:48</time>
			</trkpt>
			<trkpt lat="48.850549925118685" lon="3.0676699429750443">
				<ele>138.0</ele>
				<time>2020-06-30T08:38:55</time>
			</trkpt>
			<trkpt lat="48.850589990615845" lon="3.068029945716262">
				<ele>139.0</ele>
				<time>2020-06-30T08:39:00</time>
			</trkpt>
			<trkpt lat="48.85064992122352" lon="3.0684199556708336">
				<ele>138.0</ele>
				<time>2020-06-30T08:39:04</time>
			</trkpt>
			<trkpt lat="48.85079995729029" lon="3.0690699722617865">
				<ele>138.0</ele>
				<time>2020-06-30T08:39:12</time>
			</trkpt>
			<trkpt lat="48.850849997252226" lon="3.069349927827716">
				<ele>138.0</ele>
				<time>2020-06-30T08:39:15</time>
			</trkpt>
			<trkpt lat="48.850979916751385" lon="3.071199981495738">
				<ele>136.0</ele>
				<time>2020-06-30T08:39:37</time>
			</trkpt>
			<trkpt lat="48.85098997503519" lon="3.071689987555146">
				<ele>136.0</ele>
				<time>2020-06-30T08:39:42</time>
			</trkpt>
			<trkpt lat="48.850979916751385" lon="3.071799958124757">
				<ele>136.0</ele>
				<time>2020-06-30T08:39:44</time>
			</trkpt>
			<trkpt lat="48.85094999335706" lon="3.072039932012558">
				<ele>136.0</ele>
				<time>2020-06-30T08:39:46</time>
			</trkpt>
			<trkpt lat="48.85093993507326" lon="3.072119979187846">
				<ele>136.0</ele>
				<time>2020-06-30T08:39:47</time>
			</trkpt>
			<trkpt lat="48.85092996060848" lon="3.0721699353307486">
				<ele>136.0</ele>
				<time>2020-06-30T08:39:48</time>
			</trkpt>
			<trkpt lat="48.850869946181774" lon="3.072549970820546">
				<ele>135.0</ele>
				<time>2020-06-30T08:39:52</time>
			</trkpt>
			<trkpt lat="48.85083993896842" lon="3.073179954662919">
				<ele>134.0</ele>
				<time>2020-06-30T08:40:00</time>
			</trkpt>
			<trkpt lat="48.850849997252226" lon="3.073379946872592">
				<ele>134.0</ele>
				<time>2020-06-30T08:40:02</time>
			</trkpt>
			<trkpt lat="48.850889978930354" lon="3.0736999679356813">
				<ele>134.0</ele>
				<time>2020-06-30T08:40:06</time>
			</trkpt>
			<trkpt lat="48.8509099278599" lon="3.0737899895757437">
				<ele>134.0</ele>
				<time>2020-06-30T08:40:07</time>
			</trkpt>
			<trkpt lat="48.85093993507326" lon="3.0740199889987707">
				<ele>134.0</ele>
				<time>2020-06-30T08:40:09</time>
			</trkpt>
			<trkpt lat="48.850979916751385" lon="3.074279995635152">
				<ele>134.0</ele>
				<time>2020-06-30T08:40:12</time>
			</trkpt>
			<trkpt lat="48.85098997503519" lon="3.074739994481206">
				<ele>132.0</ele>
				<time>2020-06-30T08:40:18</time>
			</trkpt>
			<trkpt lat="48.850979916751385" lon="3.0747999250888824">
				<ele>132.0</ele>
				<time>2020-06-30T08:40:18</time>
			</trkpt>
			<trkpt lat="48.850979916751385" lon="3.0748299323022366">
				<ele>132.0</ele>
				<time>2020-06-30T08:40:19</time>
			</trkpt>
			<trkpt lat="48.850979916751385" lon="3.0748799722641706">
				<ele>132.0</ele>
				<time>2020-06-30T08:40:19</time>
			</trkpt>
			<trkpt lat="48.85096994228661" lon="3.074979968369007">
				<ele>132.0</ele>
				<time>2020-06-30T08:40:20</time>
			</trkpt>
			<trkpt lat="48.85095996782184" lon="3.0750499572604895">
				<ele>132.0</ele>
				<time>2020-06-30T08:40:21</time>
			</trkpt>
			<trkpt lat="48.85091998614371" lon="3.07517996057868">
				<ele>132.0</ele>
				<time>2020-06-30T08:40:23</time>
			</trkpt>
			<trkpt lat="48.85089995339513" lon="3.0752199422568083">
				<ele>132.0</ele>
				<time>2020-06-30T08:40:24</time>
			</trkpt>
			<trkpt lat="48.85087992064655" lon="3.0752599239349365">
				<ele>132.0</ele>
				<time>2020-06-30T08:40:24</time>
			</trkpt>
			<trkpt lat="48.85074991732836" lon="3.0754899233579636">
				<ele>133.0</ele>
				<time>2020-06-30T08:40:28</time>
			</trkpt>
			<trkpt lat="48.850379940122366" lon="3.0759899877011776">
				<ele>132.0</ele>
				<time>2020-06-30T08:40:36</time>
			</trkpt>
			<trkpt lat="48.850249936804175" lon="3.0762299615889788">
				<ele>132.0</ele>
				<time>2020-06-30T08:40:40</time>
			</trkpt>
			<trkpt lat="48.85014994069934" lon="3.0763699393719435">
				<ele>132.0</ele>
				<time>2020-06-30T08:40:42</time>
			</trkpt>
			<trkpt lat="48.850029995664954" lon="3.076499942690134">
				<ele>132.0</ele>
				<time>2020-06-30T08:40:45</time>
			</trkpt>
			<trkpt lat="48.849859926849604" lon="3.0766199715435505">
				<ele>131.0</ele>
				<time>2020-06-30T08:40:48</time>
			</trkpt>
			<trkpt lat="48.84976998902857" lon="3.076719967648387">
				<ele>131.0</ele>
				<time>2020-06-30T08:40:50</time>
			</trkpt>
			<trkpt lat="48.849149979650974" lon="3.0775299947708845">
				<ele>129.0</ele>
				<time>2020-06-30T08:41:04</time>
			</trkpt>
			<trkpt lat="48.84805999696255" lon="3.078959947451949">
				<ele>130.0</ele>
				<time>2020-06-30T08:41:29</time>
			</trkpt>
			<trkpt lat="48.84793996810913" lon="3.0790799763053656">
				<ele>129.0</ele>
				<time>2020-06-30T08:41:32</time>
			</trkpt>
			<trkpt lat="48.84790996089578" lon="3.079099925234914">
				<ele>129.0</ele>
				<time>2020-06-30T08:41:32</time>
			</trkpt>
			<trkpt lat="48.84780996479094" lon="3.079129932448268">
				<ele>129.0</ele>
				<time>2020-06-30T08:41:34</time>
			</trkpt>
			<trkpt lat="48.847409980371594" lon="3.079119957983494">
				<ele>128.0</ele>
				<time>2020-06-30T08:41:41</time>
			</trkpt>
			<trkpt lat="48.847279977053404" lon="3.079149965196848">
				<ele>127.0</ele>
				<time>2020-06-30T08:41:43</time>
			</trkpt>
			<trkpt lat="48.84711996652186" lon="3.0792199540883303">
				<ele>126.0</ele>
				<time>2020-06-30T08:41:46</time>
			</trkpt>
			<trkpt lat="48.84686993435025" lon="3.079399997368455">
				<ele>125.0</ele>
				<time>2020-06-30T08:41:51</time>
			</trkpt>
			<trkpt lat="48.84671998210251" lon="3.0795499496161938">
				<ele>125.0</ele>
				<time>2020-06-30T08:41:54</time>
			</trkpt>
			<trkpt lat="48.84656994603574" lon="3.0796999856829643">
				<ele>124.0</ele>
				<time>2020-06-30T08:41:57</time>
			</trkpt>
			<trkpt lat="48.84647992439568" lon="3.079759916290641">
				<ele>124.0</ele>
				<time>2020-06-30T08:41:59</time>
			</trkpt>
			<trkpt lat="48.84636995382607" lon="3.079809956252575">
				<ele>124.0</ele>
				<time>2020-06-30T08:42:01</time>
			</trkpt>
			<trkpt lat="48.845799984410405" lon="3.08009997010231">
				<ele>124.0</ele>
				<time>2020-06-30T08:42:11</time>
			</trkpt>
			<trkpt lat="48.845759918913245" lon="3.0801699589937925">
				<ele>124.0</ele>
				<time>2020-06-30T08:42:12</time>
			</trkpt>
			<trkpt lat="48.84572999551892" lon="3.0803099367767572">
				<ele>124.0</ele>
				<time>2020-06-30T08:42:14</time>
			</trkpt>
			<trkpt lat="48.84567995555699" lon="3.080699946731329">
				<ele>124.0</ele>
				<time>2020-06-30T08:42:19</time>
			</trkpt>
			<trkpt lat="48.845629999414086" lon="3.0810599494725466">
				<ele>124.0</ele>
				<time>2020-06-30T08:42:23</time>
			</trkpt>
			<trkpt lat="48.84527997113764" lon="3.0833099875599146">
				<ele>125.0</ele>
				<time>2020-06-30T08:42:49</time>
			</trkpt>
			<trkpt lat="48.845179975032806" lon="3.0838899314403534">
				<ele>125.0</ele>
				<time>2020-06-30T08:42:56</time>
			</trkpt>
			<trkpt lat="48.845109986141324" lon="3.0841999780386686">
				<ele>126.0</ele>
				<time>2020-06-30T08:43:00</time>
			</trkpt>
			<trkpt lat="48.84496992453933" lon="3.0846199952065945">
				<ele>126.0</ele>
				<time>2020-06-30T08:43:05</time>
			</trkpt>
			<trkpt lat="48.84482994675636" lon="3.084949990734458">
				<ele>126.0</ele>
				<time>2020-06-30T08:43:10</time>
			</trkpt>
			<trkpt lat="48.84460992179811" lon="3.0855099856853485">
				<ele>125.0</ele>
				<time>2020-06-30T08:43:17</time>
			</trkpt>
			<trkpt lat="48.84457999840379" lon="3.0855399928987026">
				<ele>124.0</ele>
				<time>2020-06-30T08:43:18</time>
			</trkpt>
			<trkpt lat="48.84450992569327" lon="3.0857299268245697">
				<ele>124.0</ele>
				<time>2020-06-30T08:43:20</time>
			</trkpt>
			<trkpt lat="48.84429995901883" lon="3.0861499439924955">
				<ele>122.0</ele>
				<time>2020-06-30T08:43:27</time>
			</trkpt>
			<trkpt lat="48.84421999566257" lon="3.0863399617373943">
				<ele>122.0</ele>
				<time>2020-06-30T08:43:29</time>
			</trkpt>
			<trkpt lat="48.844039952382445" lon="3.0868399422615767">
				<ele>122.0</ele>
				<time>2020-06-30T08:43:36</time>
			</trkpt>
			<trkpt lat="48.84399997070432" lon="3.086949996650219">
				<ele>122.0</ele>
				<time>2020-06-30T08:43:37</time>
			</trkpt>
			<trkpt lat="48.84351993910968" lon="3.088279953226447">
				<ele>123.0</ele>
				<time>2020-06-30T08:43:54</time>
			</trkpt>
			<trkpt lat="48.84333997964859" lon="3.088729977607727">
				<ele>121.0</ele>
				<time>2020-06-30T08:44:00</time>
			</trkpt>
			<trkpt lat="48.843159936368465" lon="3.0891999509185553">
				<ele>120.0</ele>
				<time>2020-06-30T08:44:07</time>
			</trkpt>
			<trkpt lat="48.84305994026363" lon="3.0896799825131893">
				<ele>120.0</ele>
				<time>2020-06-30T08:44:12</time>
			</trkpt>
			<trkpt lat="48.84290998801589" lon="3.0903399735689163">
				<ele>124.0</ele>
				<time>2020-06-30T08:44:20</time>
			</trkpt>
			<trkpt lat="48.842899929732084" lon="3.0904099624603987">
				<ele>125.0</ele>
				<time>2020-06-30T08:44:21</time>
			</trkpt>
			<trkpt lat="48.842899929732084" lon="3.0905499402433634">
				<ele>125.0</ele>
				<time>2020-06-30T08:44:23</time>
			</trkpt>
			<trkpt lat="48.842919962480664" lon="3.0906299874186516">
				<ele>125.0</ele>
				<time>2020-06-30T08:44:24</time>
			</trkpt>
			<trkpt lat="48.84295994415879" lon="3.0908099468797445">
				<ele>126.0</ele>
				<time>2020-06-30T08:44:26</time>
			</trkpt>
			<trkpt lat="48.8430199585855" lon="3.0910499207675457">
				<ele>127.0</ele>
				<time>2020-06-30T08:44:29</time>
			</trkpt>
			<trkpt lat="48.843309972435236" lon="3.0921399872750044">
				<ele>132.0</ele>
				<time>2020-06-30T08:44:42</time>
			</trkpt>
			<trkpt lat="48.843669975176454" lon="3.093539932742715">
				<ele>136.0</ele>
				<time>2020-06-30T08:45:00</time>
			</trkpt>
			<trkpt lat="48.84367994964123" lon="3.093619979918003">
				<ele>136.0</ele>
				<time>2020-06-30T08:45:01</time>
			</trkpt>
			<trkpt lat="48.843689924106" lon="3.0936399288475513">
				<ele>136.0</ele>
				<time>2020-06-30T08:45:01</time>
			</trkpt>
			<trkpt lat="48.84367994964123" lon="3.0936999432742596">
				<ele>137.0</ele>
				<time>2020-06-30T08:45:02</time>
			</trkpt>
			<trkpt lat="48.84365991689265" lon="3.093819972127676">
				<ele>137.0</ele>
				<time>2020-06-30T08:45:03</time>
			</trkpt>
			<trkpt lat="48.84354994632304" lon="3.0941499676555395">
				<ele>137.0</ele>
				<time>2020-06-30T08:45:07</time>
			</trkpt>
			<trkpt lat="48.8433999940753" lon="3.094669980928302">
				<ele>138.0</ele>
				<time>2020-06-30T08:45:14</time>
			</trkpt>
			<trkpt lat="48.8432099763304" lon="3.095379928126931">
				<ele>138.0</ele>
				<time>2020-06-30T08:45:23</time>
			</trkpt>
			<trkpt lat="48.84314996190369" lon="3.0957099236547947">
				<ele>139.0</ele>
				<time>2020-06-30T08:45:26</time>
			</trkpt>
			<trkpt lat="48.84314996190369" lon="3.095849985256791">
				<ele>139.0</ele>
				<time>2020-06-30T08:45:28</time>
			</trkpt>
			<trkpt lat="48.843159936368465" lon="3.096009995788336">
				<ele>139.0</ele>
				<time>2020-06-30T08:45:30</time>
			</trkpt>
			<trkpt lat="48.843199918046594" lon="3.096419954672456">
				<ele>139.0</ele>
				<time>2020-06-30T08:45:35</time>
			</trkpt>
			<trkpt lat="48.84326999075711" lon="3.09685992076993">
				<ele>138.0</ele>
				<time>2020-06-30T08:45:40</time>
			</trkpt>
			<trkpt lat="48.843289939686656" lon="3.0970699712634087">
				<ele>138.0</ele>
				<time>2020-06-30T08:45:42</time>
			</trkpt>
			<trkpt lat="48.843309972435236" lon="3.0972199235111475">
				<ele>137.0</ele>
				<time>2020-06-30T08:45:44</time>
			</trkpt>
			<trkpt lat="48.8434499502182" lon="3.0981099978089333">
				<ele>137.0</ele>
				<time>2020-06-30T08:45:55</time>
			</trkpt>
			<trkpt lat="48.84354994632304" lon="3.098699999973178">
				<ele>136.0</ele>
				<time>2020-06-30T08:46:01</time>
			</trkpt>
			<trkpt lat="48.84365991689265" lon="3.0994499288499355">
				<ele>134.0</ele>
				<time>2020-06-30T08:46:10</time>
			</trkpt>
			<trkpt lat="48.84400994516909" lon="3.101609945297241">
				<ele>134.0</ele>
				<time>2020-06-30T08:46:36</time>
			</trkpt>
			<trkpt lat="48.84404992684722" lon="3.101829970255494">
				<ele>134.0</ele>
				<time>2020-06-30T08:46:38</time>
			</trkpt>
			<trkpt lat="48.84408999234438" lon="3.1019499991089106">
				<ele>134.0</ele>
				<time>2020-06-30T08:46:40</time>
			</trkpt>
			<trkpt lat="48.844169955700636" lon="3.1020899768918753">
				<ele>134.0</ele>
				<time>2020-06-30T08:46:42</time>
			</trkpt>
			<trkpt lat="48.84447991847992" lon="3.102459954097867">
				<ele>135.0</ele>
				<time>2020-06-30T08:46:49</time>
			</trkpt>
			<trkpt lat="48.844639929011464" lon="3.102689953520894">
				<ele>135.0</ele>
				<time>2020-06-30T08:46:53</time>
			</trkpt>
			<trkpt lat="48.84470991790295" lon="3.1028299313038588">
				<ele>136.0</ele>
				<time>2020-06-30T08:46:55</time>
			</trkpt>
			<trkpt lat="48.84477999061346" lon="3.1030699890106916">
				<ele>136.0</ele>
				<time>2020-06-30T08:46:58</time>
			</trkpt>
			<trkpt lat="48.84479993954301" lon="3.1032599229365587">
				<ele>136.0</ele>
				<time>2020-06-30T08:47:00</time>
			</trkpt>
			<trkpt lat="48.844809997826815" lon="3.1034699734300375">
				<ele>136.0</ele>
				<time>2020-06-30T08:47:02</time>
			</trkpt>
			<trkpt lat="48.84479993954301" lon="3.1038399506360292">
				<ele>135.0</ele>
				<time>2020-06-30T08:47:07</time>
			</trkpt>
			<trkpt lat="48.84477999061346" lon="3.104059975594282">
				<ele>135.0</ele>
				<time>2020-06-30T08:47:09</time>
			</trkpt>
			<trkpt lat="48.844789965078235" lon="3.104449985548854">
				<ele>135.0</ele>
				<time>2020-06-30T08:47:14</time>
			</trkpt>
			<trkpt lat="48.84493991732597" lon="3.10626994818449">
				<ele>134.0</ele>
				<time>2020-06-30T08:47:35</time>
			</trkpt>
			<trkpt lat="48.84495995007455" lon="3.1064199842512608">
				<ele>134.0</ele>
				<time>2020-06-30T08:47:36</time>
			</trkpt>
			<trkpt lat="48.845029938966036" lon="3.106679990887642">
				<ele>133.0</ele>
				<time>2020-06-30T08:47:40</time>
			</trkpt>
			<trkpt lat="48.84518994949758" lon="3.1069899536669254">
				<ele>133.0</ele>
				<time>2020-06-30T08:47:44</time>
			</trkpt>
			<trkpt lat="48.84525993838906" lon="3.1070799753069878">
				<ele>133.0</ele>
				<time>2020-06-30T08:47:46</time>
			</trkpt>
			<trkpt lat="48.84539999999106" lon="3.107289941981435">
				<ele>133.0</ele>
				<time>2020-06-30T08:47:49</time>
			</trkpt>
			<trkpt lat="48.84542992338538" lon="3.107349956408143">
				<ele>133.0</ele>
				<time>2020-06-30T08:47:50</time>
			</trkpt>
			<trkpt lat="48.84550997056067" lon="3.1075299996882677">
				<ele>133.0</ele>
				<time>2020-06-30T08:47:52</time>
			</trkpt>
			<trkpt lat="48.84555992670357" lon="3.1077299918979406">
				<ele>133.0</ele>
				<time>2020-06-30T08:47:55</time>
			</trkpt>
			<trkpt lat="48.84561994113028" lon="3.108219997957349">
				<ele>133.0</ele>
				<time>2020-06-30T08:48:01</time>
			</trkpt>
			<trkpt lat="48.84563997387886" lon="3.1085299607366323">
				<ele>133.0</ele>
				<time>2020-06-30T08:48:04</time>
			</trkpt>
			<trkpt lat="48.845649948343635" lon="3.108649989590049">
				<ele>133.0</ele>
				<time>2020-06-30T08:48:06</time>
			</trkpt>
			<trkpt lat="48.84568993002176" lon="3.109089955687523">
				<ele>133.0</ele>
				<time>2020-06-30T08:48:11</time>
			</trkpt>
			<trkpt lat="48.84569998830557" lon="3.1094599328935146">
				<ele>133.0</ele>
				<time>2020-06-30T08:48:15</time>
			</trkpt>
			<trkpt lat="48.84568993002176" lon="3.1096599251031876">
				<ele>133.0</ele>
				<time>2020-06-30T08:48:17</time>
			</trkpt>
			<trkpt lat="48.84563997387886" lon="3.1098499428480864">
				<ele>132.0</ele>
				<time>2020-06-30T08:48:20</time>
			</trkpt>
			<trkpt lat="48.845539977774024" lon="3.1100899167358875">
				<ele>131.0</ele>
				<time>2020-06-30T08:48:23</time>
			</trkpt>
			<trkpt lat="48.845199923962355" lon="3.1105999555438757">
				<ele>129.0</ele>
				<time>2020-06-30T08:48:31</time>
			</trkpt>
			<trkpt lat="48.8451199606061" lon="3.1107799988240004">
				<ele>129.0</ele>
				<time>2020-06-30T08:48:34</time>
			</trkpt>
			<trkpt lat="48.84501996450126" lon="3.111099936068058">
				<ele>129.0</ele>
				<time>2020-06-30T08:48:38</time>
			</trkpt>
			<trkpt lat="48.84469994343817" lon="3.113099941983819">
				<ele>125.0</ele>
				<time>2020-06-30T08:49:01</time>
			</trkpt>
			<trkpt lat="48.844619980081916" lon="3.113549966365099">
				<ele>125.0</ele>
				<time>2020-06-30T08:49:07</time>
			</trkpt>
			<trkpt lat="48.844619980081916" lon="3.113569999113679">
				<ele>125.0</ele>
				<time>2020-06-30T08:49:07</time>
			</trkpt>
			<trkpt lat="48.844599947333336" lon="3.1136699952185154">
				<ele>125.0</ele>
				<time>2020-06-30T08:49:08</time>
			</trkpt>
			<trkpt lat="48.8444999512285" lon="3.11423996463418">
				<ele>125.0</ele>
				<time>2020-06-30T08:49:15</time>
			</trkpt>
			<trkpt lat="48.844489976763725" lon="3.1142999790608883">
				<ele>125.0</ele>
				<time>2020-06-30T08:49:15</time>
			</trkpt>
			<trkpt lat="48.84447991847992" lon="3.1143499352037907">
				<ele>125.0</ele>
				<time>2020-06-30T08:49:16</time>
			</trkpt>
			<trkpt lat="48.844469944015145" lon="3.114429982379079">
				<ele>125.0</ele>
				<time>2020-06-30T08:49:17</time>
			</trkpt>
			<trkpt lat="48.844469944015145" lon="3.1148199923336506">
				<ele>125.0</ele>
				<time>2020-06-30T08:49:21</time>
			</trkpt>
			<trkpt lat="48.8444999512285" lon="3.1154099944978952">
				<ele>126.0</ele>
				<time>2020-06-30T08:49:28</time>
			</trkpt>
			<trkpt lat="48.84450992569327" lon="3.11552993953228">
				<ele>126.0</ele>
				<time>2020-06-30T08:49:30</time>
			</trkpt>
			<trkpt lat="48.84456994011998" lon="3.1161399744451046">
				<ele>128.0</ele>
				<time>2020-06-30T08:49:37</time>
			</trkpt>
			<trkpt lat="48.844679994508624" lon="3.1170599721372128">
				<ele>130.0</ele>
				<time>2020-06-30T08:49:47</time>
			</trkpt>
			<trkpt lat="48.844749983400106" lon="3.117559952661395">
				<ele>131.0</ele>
				<time>2020-06-30T08:49:53</time>
			</trkpt>
			<trkpt lat="48.84481997229159" lon="3.1179399881511927">
				<ele>131.0</ele>
				<time>2020-06-30T08:49:58</time>
			</trkpt>
			<trkpt lat="48.84498995728791" lon="3.118699975311756">
				<ele>133.0</ele>
				<time>2020-06-30T08:50:07</time>
			</trkpt>
			<trkpt lat="48.845069920644164" lon="3.119049919769168">
				<ele>133.0</ele>
				<time>2020-06-30T08:50:11</time>
			</trkpt>
			<trkpt lat="48.845089953392744" lon="3.119279919192195">
				<ele>134.0</ele>
				<time>2020-06-30T08:50:14</time>
			</trkpt>
			<trkpt lat="48.845089953392744" lon="3.119559958577156">
				<ele>134.0</ele>
				<time>2020-06-30T08:50:17</time>
			</trkpt>
			<trkpt lat="48.84507997892797" lon="3.1196899618953466">
				<ele>134.0</ele>
				<time>2020-06-30T08:50:19</time>
			</trkpt>
			<trkpt lat="48.84499993175268" lon="3.12001995742321">
				<ele>135.0</ele>
				<time>2020-06-30T08:50:23</time>
			</trkpt>
			<trkpt lat="48.84493991732597" lon="3.120179967954755">
				<ele>135.0</ele>
				<time>2020-06-30T08:50:25</time>
			</trkpt>
			<trkpt lat="48.84475995786488" lon="3.120499989017844">
				<ele>135.0</ele>
				<time>2020-06-30T08:50:30</time>
			</trkpt>
			<trkpt lat="48.84453993290663" lon="3.1207399629056454">
				<ele>135.0</ele>
				<time>2020-06-30T08:50:34</time>
			</trkpt>
			<trkpt lat="48.8444999512285" lon="3.1208299845457077">
				<ele>136.0</ele>
				<time>2020-06-30T08:50:36</time>
			</trkpt>
			<trkpt lat="48.8444499950856" lon="3.1209799367934465">
				<ele>136.0</ele>
				<time>2020-06-30T08:50:37</time>
			</trkpt>
			<trkpt lat="48.84442996233702" lon="3.121159980073571">
				<ele>136.0</ele>
				<time>2020-06-30T08:50:40</time>
			</trkpt>
			<trkpt lat="48.8444499950856" lon="3.121249917894602">
				<ele>136.0</ele>
				<time>2020-06-30T08:50:41</time>
			</trkpt>
			<trkpt lat="48.84447991847992" lon="3.1214099284261465">
				<ele>136.0</ele>
				<time>2020-06-30T08:50:43</time>
			</trkpt>
			<trkpt lat="48.8444999512285" lon="3.1214599683880806">
				<ele>136.0</ele>
				<time>2020-06-30T08:50:43</time>
			</trkpt>
			<trkpt lat="48.84469994343817" lon="3.1220999266952276">
				<ele>137.0</ele>
				<time>2020-06-30T08:50:51</time>
			</trkpt>
			<trkpt lat="48.84497998282313" lon="3.122879946604371">
				<ele>138.0</ele>
				<time>2020-06-30T08:51:01</time>
			</trkpt>
			<trkpt lat="48.84514996781945" lon="3.123319996520877">
				<ele>137.0</ele>
				<time>2020-06-30T08:51:07</time>
			</trkpt>
			<trkpt lat="48.845179975032806" lon="3.1233999598771334">
				<ele>137.0</ele>
				<time>2020-06-30T08:51:08</time>
			</trkpt>
			<trkpt lat="48.84533998556435" lon="3.1238599587231874">
				<ele>138.0</ele>
				<time>2020-06-30T08:51:14</time>
			</trkpt>
			<trkpt lat="48.84543998166919" lon="3.124189954251051">
				<ele>139.0</ele>
				<time>2020-06-30T08:51:19</time>
			</trkpt>
			<trkpt lat="48.84548993781209" lon="3.1243099831044674">
				<ele>139.0</ele>
				<time>2020-06-30T08:51:20</time>
			</trkpt>
			<trkpt lat="48.84546998888254" lon="3.1243699975311756">
				<ele>139.0</ele>
				<time>2020-06-30T08:51:21</time>
			</trkpt>
			<trkpt lat="48.84541994892061" lon="3.124619945883751">
				<ele>139.0</ele>
				<time>2020-06-30T08:51:24</time>
			</trkpt>
			<trkpt lat="48.84538994170725" lon="3.1249999813735485">
				<ele>139.0</ele>
				<time>2020-06-30T08:51:28</time>
			</trkpt>
			<trkpt lat="48.84538994170725" lon="3.125069970265031">
				<ele>139.0</ele>
				<time>2020-06-30T08:51:29</time>
			</trkpt>
			<trkpt lat="48.84533998556435" lon="3.125339951366186">
				<ele>138.0</ele>
				<time>2020-06-30T08:51:32</time>
			</trkpt>
			<trkpt lat="48.845309978351" lon="3.1254399474710226">
				<ele>138.0</ele>
				<time>2020-06-30T08:51:34</time>
			</trkpt>
			<trkpt lat="48.845239989459515" lon="3.1256199907511473">
				<ele>138.0</ele>
				<time>2020-06-30T08:51:36</time>
			</trkpt>
			<trkpt lat="48.845089953392744" lon="3.1259199790656567">
				<ele>137.0</ele>
				<time>2020-06-30T08:51:40</time>
			</trkpt>
			<trkpt lat="48.84482994675636" lon="3.1264599412679672">
				<ele>138.0</ele>
				<time>2020-06-30T08:51:48</time>
			</trkpt>
			<trkpt lat="48.844789965078235" lon="3.1265799701213837">
				<ele>137.0</ele>
				<time>2020-06-30T08:51:49</time>
			</trkpt>
			<trkpt lat="48.8447399251163" lon="3.1267399806529284">
				<ele>137.0</ele>
				<time>2020-06-30T08:51:52</time>
			</trkpt>
			<trkpt lat="48.84471997618675" lon="3.126899991184473">
				<ele>137.0</ele>
				<time>2020-06-30T08:51:53</time>
			</trkpt>
			<trkpt lat="48.84469994343817" lon="3.127139965072274">
				<ele>137.0</ele>
				<time>2020-06-30T08:51:56</time>
			</trkpt>
			<trkpt lat="48.84469994343817" lon="3.127289917320013">
				<ele>137.0</ele>
				<time>2020-06-30T08:51:58</time>
			</trkpt>
			<trkpt lat="48.8447399251163" lon="3.1276199966669083">
				<ele>137.0</ele>
				<time>2020-06-30T08:52:02</time>
			</trkpt>
			<trkpt lat="48.84488996118307" lon="3.1280499882996082">
				<ele>137.0</ele>
				<time>2020-06-30T08:52:07</time>
			</trkpt>
			<trkpt lat="48.84527997113764" lon="3.129069982096553">
				<ele>137.0</ele>
				<time>2020-06-30T08:52:21</time>
			</trkpt>
			<trkpt lat="48.84531995281577" lon="3.129139970988035">
				<ele>137.0</ele>
				<time>2020-06-30T08:52:22</time>
			</trkpt>
			<trkpt lat="48.84542992338538" lon="3.1294599920511246">
				<ele>137.0</ele>
				<time>2020-06-30T08:52:26</time>
			</trkpt>
			<trkpt lat="48.84574994444847" lon="3.1300999503582716">
				<ele>137.0</ele>
				<time>2020-06-30T08:52:35</time>
			</trkpt>
			<trkpt lat="48.84585999883711" lon="3.1303099170327187">
				<ele>136.0</ele>
				<time>2020-06-30T08:52:38</time>
			</trkpt>
			<trkpt lat="48.84611992165446" lon="3.130829930305481">
				<ele>135.0</ele>
				<time>2020-06-30T08:52:46</time>
			</trkpt>
			<trkpt lat="48.846469949930906" lon="3.131719920784235">
				<ele>134.0</ele>
				<time>2020-06-30T08:52:58</time>
			</trkpt>
			<trkpt lat="48.84666994214058" lon="3.1322999484837055">
				<ele>134.0</ele>
				<time>2020-06-30T08:53:05</time>
			</trkpt>
			<trkpt lat="48.84670992381871" lon="3.132369937375188">
				<ele>134.0</ele>
				<time>2020-06-30T08:53:06</time>
			</trkpt>
			<trkpt lat="48.846829952672124" lon="3.1327199656516314">
				<ele>134.0</ele>
				<time>2020-06-30T08:53:11</time>
			</trkpt>
			<trkpt lat="48.84696993045509" lon="3.1330399867147207">
				<ele>134.0</ele>
				<time>2020-06-30T08:53:15</time>
			</trkpt>
			<trkpt lat="48.84711996652186" lon="3.1333499494940042">
				<ele>134.0</ele>
				<time>2020-06-30T08:53:20</time>
			</trkpt>
			<trkpt lat="48.84747996926308" lon="3.1338999699801207">
				<ele>133.0</ele>
				<time>2020-06-30T08:53:28</time>
			</trkpt>
			<trkpt lat="48.84759999811649" lon="3.1340599805116653">
				<ele>133.0</ele>
				<time>2020-06-30T08:53:31</time>
			</trkpt>
			<trkpt lat="48.84767996147275" lon="3.134149918332696">
				<ele>133.0</ele>
				<time>2020-06-30T08:53:33</time>
			</trkpt>
			<trkpt lat="48.84780996479094" lon="3.1342799216508865">
				<ele>133.0</ele>
				<time>2020-06-30T08:53:36</time>
			</trkpt>
			<trkpt lat="48.848189916461706" lon="3.1345499865710735">
				<ele>134.0</ele>
				<time>2020-06-30T08:53:43</time>
			</trkpt>
			<trkpt lat="48.84881998412311" lon="3.134819967672229">
				<ele>135.0</ele>
				<time>2020-06-30T08:53:54</time>
			</trkpt>
			<trkpt lat="48.84903992526233" lon="3.1348999310284853">
				<ele>135.0</ele>
				<time>2020-06-30T08:53:58</time>
			</trkpt>
			<trkpt lat="48.84920999407768" lon="3.135029934346676">
				<ele>135.0</ele>
				<time>2020-06-30T08:54:02</time>
			</trkpt>
			<trkpt lat="48.84939992800355" lon="3.1351999193429947">
				<ele>134.0</ele>
				<time>2020-06-30T08:54:05</time>
			</trkpt>
			<trkpt lat="48.849579971283674" lon="3.1354199443012476">
				<ele>134.0</ele>
				<time>2020-06-30T08:54:09</time>
			</trkpt>
			<trkpt lat="48.849899992346764" lon="3.135909950360656">
				<ele>133.0</ele>
				<time>2020-06-30T08:54:17</time>
			</trkpt>
			<trkpt lat="48.85008992627263" lon="3.1360799353569746">
				<ele>132.0</ele>
				<time>2020-06-30T08:54:21</time>
			</trkpt>
			<trkpt lat="48.85027994401753" lon="3.136229971423745">
				<ele>132.0</ele>
				<time>2020-06-30T08:54:25</time>
			</trkpt>
			<trkpt lat="48.85035999119282" lon="3.1363199930638075">
				<ele>132.0</ele>
				<time>2020-06-30T08:54:27</time>
			</trkpt>
			<trkpt lat="48.850399972870946" lon="3.136419989168644">
				<ele>132.0</ele>
				<time>2020-06-30T08:54:28</time>
			</trkpt>
			<trkpt lat="48.850399972870946" lon="3.136429963633418">
				<ele>132.0</ele>
				<time>2020-06-30T08:54:28</time>
			</trkpt>
			<trkpt lat="48.850419921800494" lon="3.1365399342030287">
				<ele>132.0</ele>
				<time>2020-06-30T08:54:29</time>
			</trkpt>
			<trkpt lat="48.85040994733572" lon="3.136849980801344">
				<ele>131.0</ele>
				<time>2020-06-30T08:54:33</time>
			</trkpt>
			<trkpt lat="48.850379940122366" lon="3.1372499652206898">
				<ele>130.0</ele>
				<time>2020-06-30T08:54:38</time>
			</trkpt>
			<trkpt lat="48.850379940122366" lon="3.1373899430036545">
				<ele>130.0</ele>
				<time>2020-06-30T08:54:39</time>
			</trkpt>
			<trkpt lat="48.850379940122366" lon="3.137509971857071">
				<ele>130.0</ele>
				<time>2020-06-30T08:54:41</time>
			</trkpt>
			<trkpt lat="48.85040994733572" lon="3.1376699823886156">
				<ele>129.0</ele>
				<time>2020-06-30T08:54:42</time>
			</trkpt>
			<trkpt lat="48.850459987297654" lon="3.1378199346363544">
				<ele>129.0</ele>
				<time>2020-06-30T08:54:44</time>
			</trkpt>
			<trkpt lat="48.85051991790533" lon="3.1379299890249968">
				<ele>129.0</ele>
				<time>2020-06-30T08:54:46</time>
			</trkpt>
			<trkpt lat="48.850569957867265" lon="3.1380099523812532">
				<ele>129.0</ele>
				<time>2020-06-30T08:54:47</time>
			</trkpt>
			<trkpt lat="48.85062997229397" lon="3.1381099484860897">
				<ele>128.0</ele>
				<time>2020-06-30T08:54:49</time>
			</trkpt>
			<trkpt lat="48.85065997950733" lon="3.138139955699444">
				<ele>128.0</ele>
				<time>2020-06-30T08:54:49</time>
			</trkpt>
			<trkpt lat="48.850679928436875" lon="3.138189995661378">
				<ele>128.0</ele>
				<time>2020-06-30T08:54:50</time>
			</trkpt>
			<trkpt lat="48.850699961185455" lon="3.1382499262690544">
				<ele>128.0</ele>
				<time>2020-06-30T08:54:51</time>
			</trkpt>
			<trkpt lat="48.85076995007694" lon="3.1387299578636885">
				<ele>128.0</ele>
				<time>2020-06-30T08:54:56</time>
			</trkpt>
			<trkpt lat="48.85087992064655" lon="3.1393999233841896">
				<ele>127.0</ele>
				<time>2020-06-30T08:55:04</time>
			</trkpt>
			<trkpt lat="48.85092996060848" lon="3.139719944447279">
				<ele>127.0</ele>
				<time>2020-06-30T08:55:08</time>
			</trkpt>
			<trkpt lat="48.85093993507326" lon="3.1398799549788237">
				<ele>127.0</ele>
				<time>2020-06-30T08:55:10</time>
			</trkpt>
			<trkpt lat="48.8509099278599" lon="3.1400099582970142">
				<ele>127.0</ele>
				<time>2020-06-30T08:55:12</time>
			</trkpt>
			<trkpt lat="48.850829964503646" lon="3.140209950506687">
				<ele>127.0</ele>
				<time>2020-06-30T08:55:14</time>
			</trkpt>
			<trkpt lat="48.85074991732836" lon="3.14040994271636">
				<ele>127.0</ele>
				<time>2020-06-30T08:55:17</time>
			</trkpt>
			<trkpt lat="48.85068998672068" lon="3.1406999565660954">
				<ele>126.0</ele>
				<time>2020-06-30T08:55:20</time>
			</trkpt>
			<trkpt lat="48.85063994675875" lon="3.1409899704158306">
				<ele>125.0</ele>
				<time>2020-06-30T08:55:24</time>
			</trkpt>
			<trkpt lat="48.85059996508062" lon="3.141229944303632">
				<ele>125.0</ele>
				<time>2020-06-30T08:55:27</time>
			</trkpt>
			<trkpt lat="48.85051991790533" lon="3.141979956999421">
				<ele>124.0</ele>
				<time>2020-06-30T08:55:35</time>
			</trkpt>
			<trkpt lat="48.85035999119282" lon="3.143259957432747">
				<ele>124.0</ele>
				<time>2020-06-30T08:55:50</time>
			</trkpt>
			<trkpt lat="48.850329983979464" lon="3.1440599262714386">
				<ele>124.0</ele>
				<time>2020-06-30T08:55:59</time>
			</trkpt>
			<trkpt lat="48.85038999840617" lon="3.1440799590200186">
				<ele>124.0</ele>
				<time>2020-06-30T08:56:01</time>
			</trkpt>
			<trkpt lat="48.8504299800843" lon="3.144119940698147">
				<ele>124.0</ele>
				<time>2020-06-30T08:56:01</time>
			</trkpt>
			<trkpt lat="48.85046996176243" lon="3.144189929589629">
				<ele>124.0</ele>
				<time>2020-06-30T08:56:02</time>
			</trkpt>
			<trkpt lat="48.85049996897578" lon="3.1442699767649174">
				<ele>124.0</ele>
				<time>2020-06-30T08:56:04</time>
			</trkpt>
			<trkpt lat="48.85062997229397" lon="3.144549932330847">
				<ele>124.0</ele>
				<time>2020-06-30T08:56:07</time>
			</trkpt>
			<trkpt lat="48.850699961185455" lon="3.144689993932843">
				<ele>124.0</ele>
				<time>2020-06-30T08:56:09</time>
			</trkpt>
			<trkpt lat="48.85074991732836" lon="3.1447699572890997">
				<ele>124.0</ele>
				<time>2020-06-30T08:56:11</time>
			</trkpt>
			<trkpt lat="48.850869946181774" lon="3.144889986142516">
				<ele>124.0</ele>
				<time>2020-06-30T08:56:13</time>
			</trkpt>
			<trkpt lat="48.85105996392667" lon="3.145059971138835">
				<ele>125.0</ele>
				<time>2020-06-30T08:56:17</time>
			</trkpt>
			<trkpt lat="48.851279988884926" lon="3.145209923386574">
				<ele>125.0</ele>
				<time>2020-06-30T08:56:21</time>
			</trkpt>
			<trkpt lat="48.8516699988395" lon="3.1454199738800526">
				<ele>127.0</ele>
				<time>2020-06-30T08:56:28</time>
			</trkpt>
			<trkpt lat="48.85192992165685" lon="3.145529944449663">
				<ele>128.0</ele>
				<time>2020-06-30T08:56:33</time>
			</trkpt>
			<trkpt lat="48.85210996493697" lon="3.1455999333411455">
				<ele>128.0</ele>
				<time>2020-06-30T08:56:36</time>
			</trkpt>
			<trkpt lat="48.85218992829323" lon="3.1456199660897255">
				<ele>128.0</ele>
				<time>2020-06-30T08:56:38</time>
			</trkpt>
			<trkpt lat="48.85225991718471" lon="3.1456799805164337">
				<ele>128.0</ele>
				<time>2020-06-30T08:56:39</time>
			</trkpt>
			<trkpt lat="48.85233996436" lon="3.1457699183374643">
				<ele>128.0</ele>
				<time>2020-06-30T08:56:41</time>
			</trkpt>
			<trkpt lat="48.85302996262908" lon="3.1466699671000242">
				<ele>125.0</ele>
				<time>2020-06-30T08:56:57</time>
			</trkpt>
			<trkpt lat="48.85321998037398" lon="3.1469199992716312">
				<ele>126.0</ele>
				<time>2020-06-30T08:57:01</time>
			</trkpt>
			<trkpt lat="48.8533899653703" lon="3.1471499986946583">
				<ele>126.0</ele>
				<time>2020-06-30T08:57:05</time>
			</trkpt>
			<trkpt lat="48.85351996868849" lon="3.1473099254071712">
				<ele>126.0</ele>
				<time>2020-06-30T08:57:08</time>
			</trkpt>
			<trkpt lat="48.854049956426024" lon="3.1479699164628983">
				<ele>126.0</ele>
				<time>2020-06-30T08:57:20</time>
			</trkpt>
			<trkpt lat="48.85413997806609" lon="3.1480799708515406">
				<ele>125.0</ele>
				<time>2020-06-30T08:57:22</time>
			</trkpt>
			<trkpt lat="48.854419933632016" lon="3.1484499480575323">
				<ele>125.0</ele>
				<time>2020-06-30T08:57:28</time>
			</trkpt>
			<trkpt lat="48.85480994358659" lon="3.1489399541169405">
				<ele>126.0</ele>
				<time>2020-06-30T08:57:37</time>
			</trkpt>
			<trkpt lat="48.85495997965336" lon="3.149069957435131">
				<ele>126.0</ele>
				<time>2020-06-30T08:57:40</time>
			</trkpt>
			<trkpt lat="48.85504991747439" lon="3.1491699535399675">
				<ele>127.0</ele>
				<time>2020-06-30T08:57:42</time>
			</trkpt>
			<trkpt lat="48.85542995296419" lon="3.1494199857115746">
				<ele>128.0</ele>
				<time>2020-06-30T08:57:49</time>
			</trkpt>
			<trkpt lat="48.85586991906166" lon="3.149509923532605">
				<ele>130.0</ele>
				<time>2020-06-30T08:57:57</time>
			</trkpt>
			<trkpt lat="48.85624995455146" lon="3.1496199779212475">
				<ele>131.0</ele>
				<time>2020-06-30T08:58:04</time>
			</trkpt>
			<trkpt lat="48.857119996100664" lon="3.1498499773442745">
				<ele>134.0</ele>
				<time>2020-06-30T08:58:19</time>
			</trkpt>
			<trkpt lat="48.85783991776407" lon="3.1500399950891733">
				<ele>133.0</ele>
				<time>2020-06-30T08:58:32</time>
			</trkpt>
			<trkpt lat="48.857979979366064" lon="3.15009992569685">
				<ele>133.0</ele>
				<time>2020-06-30T08:58:34</time>
			</trkpt>
			<trkpt lat="48.8581299316138" lon="3.150179972872138">
				<ele>132.0</ele>
				<time>2020-06-30T08:58:37</time>
			</trkpt>
			<trkpt lat="48.858219953253865" lon="3.1502399872988462">
				<ele>132.0</ele>
				<time>2020-06-30T08:58:39</time>
			</trkpt>
			<trkpt lat="48.8582699932158" lon="3.1502799689769745">
				<ele>132.0</ele>
				<time>2020-06-30T08:58:40</time>
			</trkpt>
			<trkpt lat="48.85858993045986" lon="3.150619938969612">
				<ele>131.0</ele>
				<time>2020-06-30T08:58:47</time>
			</trkpt>
			<trkpt lat="48.85860996320844" lon="3.150639971718192">
				<ele>131.0</ele>
				<time>2020-06-30T08:58:47</time>
			</trkpt>
			<trkpt lat="48.85870995931327" lon="3.1507099606096745">
				<ele>131.0</ele>
				<time>2020-06-30T08:58:49</time>
			</trkpt>
			<trkpt lat="48.85875999927521" lon="3.1507399678230286">
				<ele>131.0</ele>
				<time>2020-06-30T08:58:50</time>
			</trkpt>
			<trkpt lat="48.85880995541811" lon="3.1507699750363827">
				<ele>132.0</ele>
				<time>2020-06-30T08:58:51</time>
			</trkpt>
			<trkpt lat="48.85908999480307" lon="3.150869971141219">
				<ele>132.0</ele>
				<time>2020-06-30T08:58:56</time>
			</trkpt>
			<trkpt lat="48.859399957582355" lon="3.1509999744594097">
				<ele>134.0</ele>
				<time>2020-06-30T08:59:01</time>
			</trkpt>
			<trkpt lat="48.85956994257867" lon="3.151059988886118">
				<ele>134.0</ele>
				<time>2020-06-30T08:59:05</time>
			</trkpt>
			<trkpt lat="48.85981997475028" lon="3.1511799339205027">
				<ele>134.0</ele>
				<time>2020-06-30T08:59:09</time>
			</trkpt>
			<trkpt lat="48.85994997806847" lon="3.151249922811985">
				<ele>134.0</ele>
				<time>2020-06-30T08:59:11</time>
			</trkpt>
			<trkpt lat="48.85999993421137" lon="3.1513099372386932">
				<ele>134.0</ele>
				<time>2020-06-30T08:59:13</time>
			</trkpt>
			<trkpt lat="48.86003999970853" lon="3.1513599772006273">
				<ele>134.0</ele>
				<time>2020-06-30T08:59:14</time>
			</trkpt>
			<trkpt lat="48.86024996638298" lon="3.151729954406619">
				<ele>134.0</ele>
				<time>2020-06-30T08:59:19</time>
			</trkpt>
			<trkpt lat="48.8606099691242" lon="3.1524199526757">
				<ele>135.0</ele>
				<time>2020-06-30T08:59:29</time>
			</trkpt>
			<trkpt lat="48.860819935798645" lon="3.1529099587351084">
				<ele>135.0</ele>
				<time>2020-06-30T08:59:36</time>
			</trkpt>
			<trkpt lat="48.86089998297393" lon="3.1530899181962013">
				<ele>135.0</ele>
				<time>2020-06-30T08:59:38</time>
			</trkpt>
			<trkpt lat="48.86117993853986" lon="3.1536499969661236">
				<ele>135.0</ele>
				<time>2020-06-30T08:59:46</time>
			</trkpt>
			<trkpt lat="48.8612299785018" lon="3.15374999307096">
				<ele>135.0</ele>
				<time>2020-06-30T08:59:48</time>
			</trkpt>
			<trkpt lat="48.86132997460663" lon="3.153919978067279">
				<ele>135.0</ele>
				<time>2020-06-30T08:59:50</time>
			</trkpt>
			<trkpt lat="48.86135998181999" lon="3.153959959745407">
				<ele>135.0</ele>
				<time>2020-06-30T08:59:51</time>
			</trkpt>
			<trkpt lat="48.86140993796289" lon="3.154009999707341">
				<ele>135.0</ele>
				<time>2020-06-30T08:59:52</time>
			</trkpt>
			<trkpt lat="48.86163993738592" lon="3.154169926419854">
				<ele>135.0</ele>
				<time>2020-06-30T08:59:57</time>
			</trkpt>
			<trkpt lat="48.86176994070411" lon="3.1542999297380447">
				<ele>135.0</ele>
				<time>2020-06-30T08:59:59</time>
			</trkpt>
			<trkpt lat="48.8618999440223" lon="3.1544699985533953">
				<ele>136.0</ele>
				<time>2020-06-30T09:00:02</time>
			</trkpt>
			<trkpt lat="48.86204998008907" lon="3.1546799652278423">
				<ele>136.0</ele>
				<time>2020-06-30T09:00:06</time>
			</trkpt>
			<trkpt lat="48.8620899617672" lon="3.1547399796545506">
				<ele>136.0</ele>
				<time>2020-06-30T09:00:07</time>
			</trkpt>
			<trkpt lat="48.86216992512345" lon="3.1548799574375153">
				<ele>136.0</ele>
				<time>2020-06-30T09:00:09</time>
			</trkpt>
			<trkpt lat="48.86226992122829" lon="3.1550899241119623">
				<ele>136.0</ele>
				<time>2020-06-30T09:00:12</time>
			</trkpt>
			<trkpt lat="48.86228995397687" lon="3.1551199313253164">
				<ele>136.0</ele>
				<time>2020-06-30T09:00:12</time>
			</trkpt>
			<trkpt lat="48.86245993897319" lon="3.1555699557065964">
				<ele>136.0</ele>
				<time>2020-06-30T09:00:18</time>
			</trkpt>
			<trkpt lat="48.86261994950473" lon="3.155979998409748">
				<ele>136.0</ele>
				<time>2020-06-30T09:00:24</time>
			</trkpt>
			<trkpt lat="48.86308992281556" lon="3.1571199372410774">
				<ele>136.0</ele>
				<time>2020-06-30T09:00:39</time>
			</trkpt>
			<trkpt lat="48.86316996999085" lon="3.1573999766260386">
				<ele>137.0</ele>
				<time>2020-06-30T09:00:43</time>
			</trkpt>
			<trkpt lat="48.863309947773814" lon="3.157479939982295">
				<ele>137.0</ele>
				<time>2020-06-30T09:00:45</time>
			</trkpt>
			<trkpt lat="48.86340994387865" lon="3.1575599871575832">
				<ele>137.0</ele>
				<time>2020-06-30T09:00:47</time>
			</trkpt>
			<trkpt lat="48.86351999826729" lon="3.157669957727194">
				<ele>137.0</ele>
				<time>2020-06-30T09:00:50</time>
			</trkpt>
			<trkpt lat="48.86361999437213" lon="3.1577699538320303">
				<ele>137.0</ele>
				<time>2020-06-30T09:00:52</time>
			</trkpt>
			<trkpt lat="48.86370993219316" lon="3.157899957150221">
				<ele>137.0</ele>
				<time>2020-06-30T09:00:54</time>
			</trkpt>
			<trkpt lat="48.86398997157812" lon="3.1583099998533726">
				<ele>137.0</ele>
				<time>2020-06-30T09:01:01</time>
			</trkpt>
			<trkpt lat="48.86408996768296" lon="3.1585199665278196">
				<ele>137.0</ele>
				<time>2020-06-30T09:01:04</time>
			</trkpt>
			<trkpt lat="48.864209996536374" lon="3.158849962055683">
				<ele>137.0</ele>
				<time>2020-06-30T09:01:08</time>
			</trkpt>
			<trkpt lat="48.86445994488895" lon="3.1595999747514725">
				<ele>137.0</ele>
				<time>2020-06-30T09:01:17</time>
			</trkpt>
			<trkpt lat="48.8646799698472" lon="3.1602699402719736">
				<ele>139.0</ele>
				<time>2020-06-30T09:01:26</time>
			</trkpt>
			<trkpt lat="48.864769991487265" lon="3.1605199724435806">
				<ele>139.0</ele>
				<time>2020-06-30T09:01:29</time>
			</trkpt>
			<trkpt lat="48.86477996595204" lon="3.160559954121709">
				<ele>140.0</ele>
				<time>2020-06-30T09:01:30</time>
			</trkpt>
			<trkpt lat="48.86514994315803" lon="3.1619499251246452">
				<ele>141.0</ele>
				<time>2020-06-30T09:01:47</time>
			</trkpt>
			<trkpt lat="48.86522999033332" lon="3.1622399389743805">
				<ele>141.0</ele>
				<time>2020-06-30T09:01:51</time>
			</trkpt>
			<trkpt lat="48.86539997532964" lon="3.1628699228167534">
				<ele>141.0</ele>
				<time>2020-06-30T09:01:58</time>
			</trkpt>
			<trkpt lat="48.865459989756346" lon="3.1631499622017145">
				<ele>141.0</ele>
				<time>2020-06-30T09:02:02</time>
			</trkpt>
			<trkpt lat="48.865499971434474" lon="3.1633999943733215">
				<ele>141.0</ele>
				<time>2020-06-30T09:02:05</time>
			</trkpt>
			<trkpt lat="48.86551992036402" lon="3.163469983264804">
				<ele>141.0</ele>
				<time>2020-06-30T09:02:06</time>
			</trkpt>
			<trkpt lat="48.865569960325956" lon="3.1637799460440874">
				<ele>141.0</ele>
				<time>2020-06-30T09:02:09</time>
			</trkpt>
			<trkpt lat="48.86559996753931" lon="3.1639999710023403">
				<ele>142.0</ele>
				<time>2020-06-30T09:02:12</time>
			</trkpt>
			<trkpt lat="48.865629974752665" lon="3.1641799304634333">
				<ele>142.0</ele>
				<time>2020-06-30T09:02:14</time>
			</trkpt>
			<trkpt lat="48.86569996364415" lon="3.164629954844713">
				<ele>142.0</ele>
				<time>2020-06-30T09:02:19</time>
			</trkpt>
			<trkpt lat="48.86574991978705" lon="3.165009990334511">
				<ele>143.0</ele>
				<time>2020-06-30T09:02:24</time>
			</trkpt>
			<trkpt lat="48.86580993421376" lon="3.16528994590044">
				<ele>143.0</ele>
				<time>2020-06-30T09:02:27</time>
			</trkpt>
			<trkpt lat="48.865909930318594" lon="3.1658199336379766">
				<ele>144.0</ele>
				<time>2020-06-30T09:02:33</time>
			</trkpt>
			<trkpt lat="48.86593993753195" lon="3.1660599913448095">
				<ele>144.0</ele>
				<time>2020-06-30T09:02:36</time>
			</trkpt>
			<trkpt lat="48.865979919210076" lon="3.166189994663">
				<ele>144.0</ele>
				<time>2020-06-30T09:02:38</time>
			</trkpt>
			<trkpt lat="48.86600992642343" lon="3.1663199979811907">
				<ele>144.0</ele>
				<time>2020-06-30T09:02:39</time>
			</trkpt>
			<trkpt lat="48.866319973021746" lon="3.1676399800926447">
				<ele>146.0</ele>
				<time>2020-06-30T09:02:55</time>
			</trkpt>
			<trkpt lat="48.86645995080471" lon="3.16831992007792">
				<ele>147.0</ele>
				<time>2020-06-30T09:03:04</time>
			</trkpt>
			<trkpt lat="48.86647998355329" lon="3.168379934504628">
				<ele>147.0</ele>
				<time>2020-06-30T09:03:04</time>
			</trkpt>
			<trkpt lat="48.86653999798" lon="3.168599959462881">
				<ele>147.0</ele>
				<time>2020-06-30T09:03:07</time>
			</trkpt>
			<trkpt lat="48.866749964654446" lon="3.1692999321967363">
				<ele>145.0</ele>
				<time>2020-06-30T09:03:16</time>
			</trkpt>
			<trkpt lat="48.86700997129083" lon="3.170129992067814">
				<ele>144.0</ele>
				<time>2020-06-30T09:03:26</time>
			</trkpt>
			<trkpt lat="48.86727995239198" lon="3.170789983123541">
				<ele>143.0</ele>
				<time>2020-06-30T09:03:35</time>
			</trkpt>
			<trkpt lat="48.86750995181501" lon="3.171229949221015">
				<ele>143.0</ele>
				<time>2020-06-30T09:03:42</time>
			</trkpt>
			<trkpt lat="48.86770994402468" lon="3.1715599447488785">
				<ele>144.0</ele>
				<time>2020-06-30T09:03:47</time>
			</trkpt>
			<trkpt lat="48.867879929021" lon="3.1718099769204855">
				<ele>144.0</ele>
				<time>2020-06-30T09:03:51</time>
			</trkpt>
			<trkpt lat="48.868119986727834" lon="3.172059925273061">
				<ele>144.0</ele>
				<time>2020-06-30T09:03:56</time>
			</trkpt>
			<trkpt lat="48.8684999383986" lon="3.1724599935114384">
				<ele>145.0</ele>
				<time>2020-06-30T09:04:04</time>
			</trkpt>
			<trkpt lat="48.86885994113982" lon="3.172799963504076">
				<ele>144.0</ele>
				<time>2020-06-30T09:04:11</time>
			</trkpt>
			<trkpt lat="48.868939988315105" lon="3.1728899851441383">
				<ele>144.0</ele>
				<time>2020-06-30T09:04:13</time>
			</trkpt>
			<trkpt lat="48.86903998441994" lon="3.173039937391877">
				<ele>144.0</ele>
				<time>2020-06-30T09:04:16</time>
			</trkpt>
			<trkpt lat="48.86912992224097" lon="3.173199947923422">
				<ele>144.0</ele>
				<time>2020-06-30T09:04:18</time>
			</trkpt>
			<trkpt lat="48.86920996941626" lon="3.1733699329197407">
				<ele>143.0</ele>
				<time>2020-06-30T09:04:20</time>
			</trkpt>
			<trkpt lat="48.869799971580505" lon="3.1748799327760935">
				<ele>142.0</ele>
				<time>2020-06-30T09:04:41</time>
			</trkpt>
			<trkpt lat="48.870079927146435" lon="3.1755699310451746">
				<ele>141.0</ele>
				<time>2020-06-30T09:04:50</time>
			</trkpt>
			<trkpt lat="48.87048996984959" lon="3.176589924842119">
				<ele>142.0</ele>
				<time>2020-06-30T09:05:04</time>
			</trkpt>
			<trkpt lat="48.871519938111305" lon="3.179199965670705">
				<ele>144.0</ele>
				<time>2020-06-30T09:05:38</time>
			</trkpt>
			<trkpt lat="48.87193995527923" lon="3.1802799738943577">
				<ele>145.0</ele>
				<time>2020-06-30T09:05:53</time>
			</trkpt>
			<trkpt lat="48.87197993695736" lon="3.1804299261420965">
				<ele>145.0</ele>
				<time>2020-06-30T09:05:55</time>
			</trkpt>
			<trkpt lat="48.87225997634232" lon="3.18163993768394">
				<ele>145.0</ele>
				<time>2020-06-30T09:06:09</time>
			</trkpt>
			<trkpt lat="48.87230993248522" lon="3.1819399259984493">
				<ele>145.0</ele>
				<time>2020-06-30T09:06:13</time>
			</trkpt>
			<trkpt lat="48.8723299652338" lon="3.1820799876004457">
				<ele>145.0</ele>
				<time>2020-06-30T09:06:14</time>
			</trkpt>
			<trkpt lat="48.87233993969858" lon="3.1821999326348305">
				<ele>146.0</ele>
				<time>2020-06-30T09:06:16</time>
			</trkpt>
			<trkpt lat="48.87233993969858" lon="3.18249992094934">
				<ele>146.0</ele>
				<time>2020-06-30T09:06:19</time>
			</trkpt>
			<trkpt lat="48.872229969128966" lon="3.183909924700856">
				<ele>146.0</ele>
				<time>2020-06-30T09:06:36</time>
			</trkpt>
			<trkpt lat="48.872269950807095" lon="3.1839999463409185">
				<ele>147.0</ele>
				<time>2020-06-30T09:06:37</time>
			</trkpt>
			<trkpt lat="48.87229995802045" lon="3.1840599607676268">
				<ele>147.0</ele>
				<time>2020-06-30T09:06:38</time>
			</trkpt>
			<trkpt lat="48.87233993969858" lon="3.184089967980981">
				<ele>147.0</ele>
				<time>2020-06-30T09:06:38</time>
			</trkpt>
			<trkpt lat="48.872399954125285" lon="3.184119975194335">
				<ele>147.0</ele>
				<time>2020-06-30T09:06:40</time>
			</trkpt>
			<trkpt lat="48.87288996018469" lon="3.184349974617362">
				<ele>149.0</ele>
				<time>2020-06-30T09:06:48</time>
			</trkpt>
			<trkpt lat="48.873039996251464" lon="3.1844199635088444">
				<ele>149.0</ele>
				<time>2020-06-30T09:06:51</time>
			</trkpt>
			<trkpt lat="48.873129934072495" lon="3.1844799779355526">
				<ele>149.0</ele>
				<time>2020-06-30T09:06:53</time>
			</trkpt>
			<trkpt lat="48.87317997403443" lon="3.184549966827035">
				<ele>149.0</ele>
				<time>2020-06-30T09:06:54</time>
			</trkpt>
			<trkpt lat="48.87319992296398" lon="3.1846199557185173">
				<ele>149.0</ele>
				<time>2020-06-30T09:06:55</time>
			</trkpt>
			<trkpt lat="48.87321995571256" lon="3.184759933501482">
				<ele>150.0</ele>
				<time>2020-06-30T09:06:57</time>
			</trkpt>
			<trkpt lat="48.87322993017733" lon="3.1850599218159914">
				<ele>150.0</ele>
				<time>2020-06-30T09:07:00</time>
			</trkpt>
			<trkpt lat="48.87321995571256" lon="3.18526997230947">
				<ele>150.0</ele>
				<time>2020-06-30T09:07:02</time>
			</trkpt>
			<trkpt lat="48.87323998846114" lon="3.185429982841015">
				<ele>150.0</ele>
				<time>2020-06-30T09:07:04</time>
			</trkpt>
			<trkpt lat="48.873279970139265" lon="3.185609942302108">
				<ele>150.0</ele>
				<time>2020-06-30T09:07:06</time>
			</trkpt>
			<trkpt lat="48.87341994792223" lon="3.1861699372529984">
				<ele>151.0</ele>
				<time>2020-06-30T09:07:13</time>
			</trkpt>
			<trkpt lat="48.873819932341576" lon="3.1880199909210205">
				<ele>154.0</ele>
				<time>2020-06-30T09:07:36</time>
			</trkpt>
			<trkpt lat="48.87384993955493" lon="3.188129961490631">
				<ele>154.0</ele>
				<time>2020-06-30T09:07:37</time>
			</trkpt>
			<trkpt lat="48.87392998673022" lon="3.1884299498051405">
				<ele>155.0</ele>
				<time>2020-06-30T09:07:41</time>
			</trkpt>
			<trkpt lat="48.874029982835054" lon="3.18872993811965">
				<ele>155.0</ele>
				<time>2020-06-30T09:07:45</time>
			</trkpt>
			<trkpt lat="48.87403995729983" lon="3.188769919797778">
				<ele>155.0</ele>
				<time>2020-06-30T09:07:45</time>
			</trkpt>
			<trkpt lat="48.87425998225808" lon="3.1893099658191204">
				<ele>156.0</ele>
				<time>2020-06-30T09:07:52</time>
			</trkpt>
			<trkpt lat="48.87429996393621" lon="3.1893999874591827">
				<ele>156.0</ele>
				<time>2020-06-30T09:07:54</time>
			</trkpt>
			<trkpt lat="48.874399960041046" lon="3.189619928598404">
				<ele>157.0</ele>
				<time>2020-06-30T09:07:57</time>
			</trkpt>
			<trkpt lat="48.87448998168111" lon="3.1897699646651745">
				<ele>158.0</ele>
				<time>2020-06-30T09:07:59</time>
			</trkpt>
			<trkpt lat="48.87452996335924" lon="3.189839953556657">
				<ele>158.0</ele>
				<time>2020-06-30T09:08:00</time>
			</trkpt>
			<trkpt lat="48.874849984422326" lon="3.1902599707245827">
				<ele>159.0</ele>
				<time>2020-06-30T09:08:07</time>
			</trkpt>
			<trkpt lat="48.87507998384535" lon="3.1906199734658003">
				<ele>159.0</ele>
				<time>2020-06-30T09:08:13</time>
			</trkpt>
			<trkpt lat="48.875299924984574" lon="3.190959943458438">
				<ele>160.0</ele>
				<time>2020-06-30T09:08:19</time>
			</trkpt>
			<trkpt lat="48.87545993551612" lon="3.1911299284547567">
				<ele>160.0</ele>
				<time>2020-06-30T09:08:22</time>
			</trkpt>
			<trkpt lat="48.875729916617274" lon="3.1913399789482355">
				<ele>160.0</ele>
				<time>2020-06-30T09:08:27</time>
			</trkpt>
			<trkpt lat="48.8760999776423" lon="3.1915799528360367">
				<ele>160.0</ele>
				<time>2020-06-30T09:08:34</time>
			</trkpt>
			<trkpt lat="48.87620994821191" lon="3.191659916192293">
				<ele>160.0</ele>
				<time>2020-06-30T09:08:36</time>
			</trkpt>
			<trkpt lat="48.87629996985197" lon="3.1917399633675814">
				<ele>160.0</ele>
				<time>2020-06-30T09:08:38</time>
			</trkpt>
			<trkpt lat="48.87636995874345" lon="3.1918099522590637">
				<ele>161.0</ele>
				<time>2020-06-30T09:08:40</time>
			</trkpt>
			<trkpt lat="48.87644992209971" lon="3.1919199228286743">
				<ele>161.0</ele>
				<time>2020-06-30T09:08:41</time>
			</trkpt>
			<trkpt lat="48.876549918204546" lon="3.192049926146865">
				<ele>161.0</ele>
				<time>2020-06-30T09:08:44</time>
			</trkpt>
			<trkpt lat="48.876629965379834" lon="3.192159980535507">
				<ele>162.0</ele>
				<time>2020-06-30T09:08:46</time>
			</trkpt>
			<trkpt lat="48.87669995427132" lon="3.1922599766403437">
				<ele>162.0</ele>
				<time>2020-06-30T09:08:47</time>
			</trkpt>
			<trkpt lat="48.87672996148467" lon="3.192309932783246">
				<ele>162.0</ele>
				<time>2020-06-30T09:08:48</time>
			</trkpt>
			<trkpt lat="48.876739935949445" lon="3.1923399399966">
				<ele>162.0</ele>
				<time>2020-06-30T09:08:48</time>
			</trkpt>
			<trkpt lat="48.8767699431628" lon="3.1924199871718884">
				<ele>162.0</ele>
				<time>2020-06-30T09:08:50</time>
			</trkpt>
			<trkpt lat="48.87677991762757" lon="3.192509924992919">
				<ele>162.0</ele>
				<time>2020-06-30T09:08:51</time>
			</trkpt>
			<trkpt lat="48.8767699431628" lon="3.1925999466329813">
				<ele>162.0</ele>
				<time>2020-06-30T09:08:52</time>
			</trkpt>
			<trkpt lat="48.876759968698025" lon="3.1926299538463354">
				<ele>162.0</ele>
				<time>2020-06-30T09:08:52</time>
			</trkpt>
			<trkpt lat="48.87670992873609" lon="3.192819971591234">
				<ele>162.0</ele>
				<time>2020-06-30T09:08:54</time>
			</trkpt>
			<trkpt lat="48.876549918204546" lon="3.1933099776506424">
				<ele>163.0</ele>
				<time>2020-06-30T09:09:01</time>
			</trkpt>
			<trkpt lat="48.87648998759687" lon="3.193479962646961">
				<ele>163.0</ele>
				<time>2020-06-30T09:09:03</time>
			</trkpt>
			<trkpt lat="48.876479929313064" lon="3.193499995395541">
				<ele>163.0</ele>
				<time>2020-06-30T09:09:03</time>
			</trkpt>
			<trkpt lat="48.87638999149203" lon="3.193839965388179">
				<ele>164.0</ele>
				<time>2020-06-30T09:09:07</time>
			</trkpt>
			<trkpt lat="48.87629996985197" lon="3.1943999603390694">
				<ele>165.0</ele>
				<time>2020-06-30T09:09:14</time>
			</trkpt>
			<trkpt lat="48.87621992267668" lon="3.19495995528996">
				<ele>166.0</ele>
				<time>2020-06-30T09:09:20</time>
			</trkpt>
			<trkpt lat="48.87620994821191" lon="3.1950599513947964">
				<ele>166.0</ele>
				<time>2020-06-30T09:09:22</time>
			</trkpt>
			<trkpt lat="48.87620994821191" lon="3.1950699258595705">
				<ele>166.0</ele>
				<time>2020-06-30T09:09:22</time>
			</trkpt>
			<trkpt lat="48.87616996653378" lon="3.1953599397093058">
				<ele>166.0</ele>
				<time>2020-06-30T09:09:25</time>
			</trkpt>
			<trkpt lat="48.876159992069006" lon="3.1955099757760763">
				<ele>166.0</ele>
				<time>2020-06-30T09:09:27</time>
			</trkpt>
			<trkpt lat="48.87616996653378" lon="3.195619946345687">
				<ele>166.0</ele>
				<time>2020-06-30T09:09:28</time>
			</trkpt>
			<trkpt lat="48.876179940998554" lon="3.195649953559041">
				<ele>166.0</ele>
				<time>2020-06-30T09:09:29</time>
			</trkpt>
			<trkpt lat="48.87621992267668" lon="3.1957199424505234">
				<ele>167.0</ele>
				<time>2020-06-30T09:09:30</time>
			</trkpt>
			<trkpt lat="48.87644992209971" lon="3.19583997130394">
				<ele>167.0</ele>
				<time>2020-06-30T09:09:34</time>
			</trkpt>
			<trkpt lat="48.876519994810224" lon="3.195879952982068">
				<ele>168.0</ele>
				<time>2020-06-30T09:09:35</time>
			</trkpt>
			<trkpt lat="48.87683993205428" lon="3.1959999818354845">
				<ele>168.0</ele>
				<time>2020-06-30T09:09:41</time>
			</trkpt>
			<trkpt lat="48.87697999365628" lon="3.196049937978387">
				<ele>169.0</ele>
				<time>2020-06-30T09:09:43</time>
			</trkpt>
			<trkpt lat="48.87753998860717" lon="3.196159992367029">
				<ele>170.0</ele>
				<time>2020-06-30T09:09:53</time>
			</trkpt>
			<trkpt lat="48.87780996970832" lon="3.19626996293664">
				<ele>171.0</ele>
				<time>2020-06-30T09:09:58</time>
			</trkpt>
			<trkpt lat="48.87790996581316" lon="3.196339951828122">
				<ele>171.0</ele>
				<time>2020-06-30T09:10:00</time>
			</trkpt>
			<trkpt lat="48.87794994749129" lon="3.1963699590414762">
				<ele>171.0</ele>
				<time>2020-06-30T09:10:01</time>
			</trkpt>
			<trkpt lat="48.87801993638277" lon="3.1964199990034103">
				<ele>171.0</ele>
				<time>2020-06-30T09:10:02</time>
			</trkpt>
			<trkpt lat="48.878369964659214" lon="3.196739936247468">
				<ele>171.0</ele>
				<time>2020-06-30T09:10:09</time>
			</trkpt>
			<trkpt lat="48.878479935228825" lon="3.1968399323523045">
				<ele>172.0</ele>
				<time>2020-06-30T09:10:11</time>
			</trkpt>
			<trkpt lat="48.87917999178171" lon="3.1975199561566114">
				<ele>172.0</ele>
				<time>2020-06-30T09:10:26</time>
			</trkpt>
			<trkpt lat="48.879809975624084" lon="3.19815999828279">
				<ele>174.0</ele>
				<time>2020-06-30T09:10:39</time>
			</trkpt>
			<trkpt lat="48.88000996783376" lon="3.1983499322086573">
				<ele>175.0</ele>
				<time>2020-06-30T09:10:43</time>
			</trkpt>
			<trkpt lat="48.88044993393123" lon="3.1988299638032913">
				<ele>176.0</ele>
				<time>2020-06-30T09:10:53</time>
			</trkpt>
			<trkpt lat="48.880909932777286" lon="3.1993199698626995">
				<ele>177.0</ele>
				<time>2020-06-30T09:11:02</time>
			</trkpt>
			<trkpt lat="48.881789948791265" lon="3.2001899275928736">
				<ele>177.0</ele>
				<time>2020-06-30T09:11:21</time>
			</trkpt>
			<trkpt lat="48.88224994763732" lon="3.2006099447607994">
				<ele>177.0</ele>
				<time>2020-06-30T09:11:30</time>
			</trkpt>
			<trkpt lat="48.88241993263364" lon="3.200729973614216">
				<ele>177.0</ele>
				<time>2020-06-30T09:11:33</time>
			</trkpt>
			<trkpt lat="48.88247994706035" lon="3.200789988040924">
				<ele>177.0</ele>
				<time>2020-06-30T09:11:34</time>
			</trkpt>
			<trkpt lat="48.88262998312712" lon="3.2010599691420794">
				<ele>177.0</ele>
				<time>2020-06-30T09:11:39</time>
			</trkpt>
			<trkpt lat="48.88290993869305" lon="3.202089937403798">
				<ele>177.0</ele>
				<time>2020-06-30T09:11:51</time>
			</trkpt>
			<trkpt lat="48.88303994201124" lon="3.202339969575405">
				<ele>177.0</ele>
				<time>2020-06-30T09:11:55</time>
			</trkpt>
			<trkpt lat="48.8831799197942" lon="3.20247994735837">
				<ele>177.0</ele>
				<time>2020-06-30T09:11:58</time>
			</trkpt>
			<trkpt lat="48.88333993032575" lon="3.2025899179279804">
				<ele>177.0</ele>
				<time>2020-06-30T09:12:01</time>
			</trkpt>
			<trkpt lat="48.88351997360587" lon="3.2026799395680428">
				<ele>176.0</ele>
				<time>2020-06-30T09:12:04</time>
			</trkpt>
			<trkpt lat="48.88475999236107" lon="3.2030799239873886">
				<ele>175.0</ele>
				<time>2020-06-30T09:12:26</time>
			</trkpt>
			<trkpt lat="48.88487993739545" lon="3.2031199894845486">
				<ele>175.0</ele>
				<time>2020-06-30T09:12:28</time>
			</trkpt>
			<trkpt lat="48.885099962353706" lon="3.203189978376031">
				<ele>175.0</ele>
				<time>2020-06-30T09:12:32</time>
			</trkpt>
			<trkpt lat="48.886169996112585" lon="3.203409919515252">
				<ele>174.0</ele>
				<time>2020-06-30T09:12:51</time>
			</trkpt>
			<trkpt lat="48.886259933933616" lon="3.203449985012412">
				<ele>174.0</ele>
				<time>2020-06-30T09:12:53</time>
			</trkpt>
			<trkpt lat="48.886299999430776" lon="3.203479992225766">
				<ele>174.0</ele>
				<time>2020-06-30T09:12:54</time>
			</trkpt>
			<trkpt lat="48.88643997721374" lon="3.203619970008731">
				<ele>174.0</ele>
				<time>2020-06-30T09:12:56</time>
			</trkpt>
			<trkpt lat="48.886559922248125" lon="3.203819962218404">
				<ele>174.0</ele>
				<time>2020-06-30T09:13:00</time>
			</trkpt>
			<trkpt lat="48.88665991835296" lon="3.204069994390011">
				<ele>174.0</ele>
				<time>2020-06-30T09:13:03</time>
			</trkpt>
			<trkpt lat="48.886709958314896" lon="3.2042199466377497">
				<ele>174.0</ele>
				<time>2020-06-30T09:13:05</time>
			</trkpt>
			<trkpt lat="48.88680995441973" lon="3.204989992082119">
				<ele>174.0</ele>
				<time>2020-06-30T09:13:14</time>
			</trkpt>
			<trkpt lat="48.88690995052457" lon="3.2061899453401566">
				<ele>174.0</ele>
				<time>2020-06-30T09:13:28</time>
			</trkpt>
			<trkpt lat="48.8869599904865" lon="3.2066099625080824">
				<ele>174.0</ele>
				<time>2020-06-30T09:13:33</time>
			</trkpt>
			<trkpt lat="48.88707993552089" lon="3.207229971885681">
				<ele>175.0</ele>
				<time>2020-06-30T09:13:40</time>
			</trkpt>
			<trkpt lat="48.88709996826947" lon="3.2073399424552917">
				<ele>175.0</ele>
				<time>2020-06-30T09:13:41</time>
			</trkpt>
			<trkpt lat="48.88725997880101" lon="3.208109987899661">
				<ele>174.0</ele>
				<time>2020-06-30T09:13:50</time>
			</trkpt>
			<trkpt lat="48.88736994937062" lon="3.2086899317801">
				<ele>174.0</ele>
				<time>2020-06-30T09:13:57</time>
			</trkpt>
			<trkpt lat="48.88742996379733" lon="3.209399962797761">
				<ele>175.0</ele>
				<time>2020-06-30T09:14:06</time>
			</trkpt>
			<trkpt lat="48.88744999654591" lon="3.209609929472208">
				<ele>175.0</ele>
				<time>2020-06-30T09:14:08</time>
			</trkpt>
			<trkpt lat="48.88744999654591" lon="3.209659969434142">
				<ele>175.0</ele>
				<time>2020-06-30T09:14:09</time>
			</trkpt>
			<trkpt lat="48.887439938262105" lon="3.209809921681881">
				<ele>175.0</ele>
				<time>2020-06-30T09:14:10</time>
			</trkpt>
			<trkpt lat="48.88733994215727" lon="3.2099499832838774">
				<ele>176.0</ele>
				<time>2020-06-30T09:14:13</time>
			</trkpt>
			<trkpt lat="48.887199964374304" lon="3.2099999394267797">
				<ele>176.0</ele>
				<time>2020-06-30T09:14:15</time>
			</trkpt>
			<trkpt lat="48.88686996884644" lon="3.210069928318262">
				<ele>176.0</ele>
				<time>2020-06-30T09:14:21</time>
			</trkpt>
			<trkpt lat="48.88675999827683" lon="3.2101499754935503">
				<ele>176.0</ele>
				<time>2020-06-30T09:14:23</time>
			</trkpt>
			<trkpt lat="48.886709958314896" lon="3.2102199643850327">
				<ele>176.0</ele>
				<time>2020-06-30T09:14:24</time>
			</trkpt>
			<trkpt lat="48.886689925566316" lon="3.210319960489869">
				<ele>176.0</ele>
				<time>2020-06-30T09:14:25</time>
			</trkpt>
			<trkpt lat="48.88667995110154" lon="3.2110899221152067">
				<ele>176.0</ele>
				<time>2020-06-30T09:14:34</time>
			</trkpt>
			<trkpt lat="48.88667995110154" lon="3.211179943755269">
				<ele>177.0</ele>
				<time>2020-06-30T09:14:35</time>
			</trkpt>
			<trkpt lat="48.88656998053193" lon="3.211849993094802">
				<ele>177.0</ele>
				<time>2020-06-30T09:14:43</time>
			</trkpt>
			<trkpt lat="48.88651994057" lon="3.212109999731183">
				<ele>178.0</ele>
				<time>2020-06-30T09:14:46</time>
			</trkpt>
			<trkpt lat="48.88647995889187" lon="3.2122099958360195">
				<ele>178.0</ele>
				<time>2020-06-30T09:14:48</time>
			</trkpt>
			<trkpt lat="48.886449951678514" lon="3.2123499736189842">
				<ele>178.0</ele>
				<time>2020-06-30T09:14:49</time>
			</trkpt>
			<trkpt lat="48.88643997721374" lon="3.2124299369752407">
				<ele>178.0</ele>
				<time>2020-06-30T09:14:50</time>
			</trkpt>
			<trkpt lat="48.886409970000386" lon="3.2128599286079407">
				<ele>178.0</ele>
				<time>2020-06-30T09:14:55</time>
			</trkpt>
			<trkpt lat="48.8863299228251" lon="3.213439956307411">
				<ele>178.0</ele>
				<time>2020-06-30T09:15:02</time>
			</trkpt>
			<trkpt lat="48.88630997389555" lon="3.2136799301952124">
				<ele>178.0</ele>
				<time>2020-06-30T09:15:05</time>
			</trkpt>
			<trkpt lat="48.88630997389555" lon="3.213839940726757">
				<ele>178.0</ele>
				<time>2020-06-30T09:15:07</time>
			</trkpt>
			<trkpt lat="48.88636998832226" lon="3.2138799224048853">
				<ele>178.0</ele>
				<time>2020-06-30T09:15:08</time>
			</trkpt>
			<trkpt lat="48.88664994388819" lon="3.21405996568501">
				<ele>179.0</ele>
				<time>2020-06-30T09:15:13</time>
			</trkpt>
			<trkpt lat="48.886769972741604" lon="3.2141899690032005">
				<ele>179.0</ele>
				<time>2020-06-30T09:15:16</time>
			</trkpt>
			<trkpt lat="48.88697993941605" lon="3.2143799867480993">
				<ele>180.0</ele>
				<time>2020-06-30T09:15:20</time>
			</trkpt>
			<trkpt lat="48.88740993104875" lon="3.214779971167445">
				<ele>180.0</ele>
				<time>2020-06-30T09:15:29</time>
			</trkpt>
			<trkpt lat="48.887629956007004" lon="3.215009970590472">
				<ele>180.0</ele>
				<time>2020-06-30T09:15:33</time>
			</trkpt>
			<trkpt lat="48.887889962643385" lon="3.2152499444782734">
				<ele>180.0</ele>
				<time>2020-06-30T09:15:39</time>
			</trkpt>
			<trkpt lat="48.88810998760164" lon="3.2154499366879463">
				<ele>180.0</ele>
				<time>2020-06-30T09:15:43</time>
			</trkpt>
			<trkpt lat="48.88875992037356" lon="3.2161299604922533">
				<ele>181.0</ele>
				<time>2020-06-30T09:15:57</time>
			</trkpt>
			<trkpt lat="48.888879949226975" lon="3.2162499893456697">
				<ele>180.0</ele>
				<time>2020-06-30T09:15:59</time>
			</trkpt>
			<trkpt lat="48.88913995586336" lon="3.216509995982051">
				<ele>179.0</ele>
				<time>2020-06-30T09:16:05</time>
			</trkpt>
			<trkpt lat="48.88927993364632" lon="3.216699929907918">
				<ele>179.0</ele>
				<time>2020-06-30T09:16:08</time>
			</trkpt>
			<trkpt lat="48.889499958604574" lon="3.216899922117591">
				<ele>179.0</ele>
				<time>2020-06-30T09:16:12</time>
			</trkpt>
			<trkpt lat="48.88950993306935" lon="3.2169099804013968">
				<ele>179.0</ele>
				<time>2020-06-30T09:16:13</time>
			</trkpt>
			<trkpt lat="48.88961998745799" lon="3.2170399837195873">
				<ele>179.0</ele>
				<time>2020-06-30T09:16:15</time>
			</trkpt>
			<trkpt lat="48.88963993638754" lon="3.2170699909329414">
				<ele>179.0</ele>
				<time>2020-06-30T09:16:15</time>
			</trkpt>
			<trkpt lat="48.88963993638754" lon="3.217179961502552">
				<ele>179.0</ele>
				<time>2020-06-30T09:16:17</time>
			</trkpt>
			<trkpt lat="48.889629961922765" lon="3.2172499503940344">
				<ele>179.0</ele>
				<time>2020-06-30T09:16:18</time>
			</trkpt>
			<trkpt lat="48.88956994749606" lon="3.217419935390353">
				<ele>179.0</ele>
				<time>2020-06-30T09:16:20</time>
			</trkpt>
			<trkpt lat="48.889329973608255" lon="3.218089984729886">
				<ele>179.0</ele>
				<time>2020-06-30T09:16:29</time>
			</trkpt>
			<trkpt lat="48.88923995196819" lon="3.2183399330824614">
				<ele>179.0</ele>
				<time>2020-06-30T09:16:32</time>
			</trkpt>
			<trkpt lat="48.8890599925071" lon="3.2188299391418695">
				<ele>178.0</ele>
				<time>2020-06-30T09:16:38</time>
			</trkpt>
			<trkpt lat="48.88912998139858" lon="3.218919960781932">
				<ele>178.0</ele>
				<time>2020-06-30T09:16:40</time>
			</trkpt>
			<trkpt lat="48.89066998846829" lon="3.2203699462115765">
				<ele>176.0</ele>
				<time>2020-06-30T09:17:11</time>
			</trkpt>
			<trkpt lat="48.89098992571235" lon="3.220709916204214">
				<ele>176.0</ele>
				<time>2020-06-30T09:17:18</time>
			</trkpt>
			<trkpt lat="48.89107994735241" lon="3.2209099922329187">
				<ele>176.0</ele>
				<time>2020-06-30T09:17:21</time>
			</trkpt>
			<trkpt lat="48.89110995456576" lon="3.2209899555891752">
				<ele>176.0</ele>
				<time>2020-06-30T09:17:22</time>
			</trkpt>
			<trkpt lat="48.89118991792202" lon="3.22114996612072">
				<ele>175.0</ele>
				<time>2020-06-30T09:17:24</time>
			</trkpt>
			<trkpt lat="48.8914499245584" lon="3.221839964389801">
				<ele>175.0</ele>
				<time>2020-06-30T09:17:33</time>
			</trkpt>
			<trkpt lat="48.8916399423033" lon="3.2221899926662445">
				<ele>175.0</ele>
				<time>2020-06-30T09:17:39</time>
			</trkpt>
			<trkpt lat="48.891779920086265" lon="3.2224199920892715">
				<ele>175.0</ele>
				<time>2020-06-30T09:17:42</time>
			</trkpt>
			<trkpt lat="48.89191998168826" lon="3.2225599698722363">
				<ele>176.0</ele>
				<time>2020-06-30T09:17:45</time>
			</trkpt>
			<trkpt lat="48.892189962789416" lon="3.2228699326515198">
				<ele>176.0</ele>
				<time>2020-06-30T09:17:51</time>
			</trkpt>
			<trkpt lat="48.89227998442948" lon="3.2230499759316444">
				<ele>175.0</ele>
				<time>2020-06-30T09:17:54</time>
			</trkpt>
			<trkpt lat="48.89240998774767" lon="3.2233399897813797">
				<ele>175.0</ele>
				<time>2020-06-30T09:17:58</time>
			</trkpt>
			<trkpt lat="48.89260997995734" lon="3.2238899264484644">
				<ele>174.0</ele>
				<time>2020-06-30T09:18:05</time>
			</trkpt>
			<trkpt lat="48.892939975485206" lon="3.2248099241405725">
				<ele>174.0</ele>
				<time>2020-06-30T09:18:17</time>
			</trkpt>
			<trkpt lat="48.89303997159004" lon="3.2251099962741137">
				<ele>174.0</ele>
				<time>2020-06-30T09:18:21</time>
			</trkpt>
			<trkpt lat="48.893049946054816" lon="3.225139919668436">
				<ele>174.0</ele>
				<time>2020-06-30T09:18:21</time>
			</trkpt>
			<trkpt lat="48.893089927732944" lon="3.2252399995923042">
				<ele>174.0</ele>
				<time>2020-06-30T09:18:22</time>
			</trkpt>
			<trkpt lat="48.89314994215965" lon="3.2253199629485607">
				<ele>174.0</ele>
				<time>2020-06-30T09:18:24</time>
			</trkpt>
			<trkpt lat="48.89317994937301" lon="3.225359944626689">
				<ele>174.0</ele>
				<time>2020-06-30T09:18:24</time>
			</trkpt>
			<trkpt lat="48.89322998933494" lon="3.225409984588623">
				<ele>174.0</ele>
				<time>2020-06-30T09:18:25</time>
			</trkpt>
			<trkpt lat="48.893349934369326" lon="3.2254699990153313">
				<ele>173.0</ele>
				<time>2020-06-30T09:18:28</time>
			</trkpt>
			<trkpt lat="48.89360994100571" lon="3.2254699990153313">
				<ele>173.0</ele>
				<time>2020-06-30T09:18:32</time>
			</trkpt>
			<trkpt lat="48.893799958750606" lon="3.2254499662667513">
				<ele>171.0</ele>
				<time>2020-06-30T09:18:35</time>
			</trkpt>
			<trkpt lat="48.89395996928215" lon="3.2254799734801054">
				<ele>170.0</ele>
				<time>2020-06-30T09:18:38</time>
			</trkpt>
			<trkpt lat="48.89403993263841" lon="3.2255199551582336">
				<ele>170.0</ele>
				<time>2020-06-30T09:18:40</time>
			</trkpt>
			<trkpt lat="48.89412995427847" lon="3.2256299257278442">
				<ele>169.0</ele>
				<time>2020-06-30T09:18:42</time>
			</trkpt>
			<trkpt lat="48.894309997558594" lon="3.226029993966222">
				<ele>168.0</ele>
				<time>2020-06-30T09:18:47</time>
			</trkpt>
			<trkpt lat="48.894359953701496" lon="3.2261499390006065">
				<ele>168.0</ele>
				<time>2020-06-30T09:18:49</time>
			</trkpt>
			<trkpt lat="48.89464996755123" lon="3.226919984444976">
				<ele>165.0</ele>
				<time>2020-06-30T09:18:59</time>
			</trkpt>
			<trkpt lat="48.89477997086942" lon="3.2275199610739946">
				<ele>161.0</ele>
				<time>2020-06-30T09:19:06</time>
			</trkpt>
			<trkpt lat="48.89476999640465" lon="3.2277499604970217">
				<ele>160.0</ele>
				<time>2020-06-30T09:19:09</time>
			</trkpt>
			<trkpt lat="48.89472993090749" lon="3.2279599271714687">
				<ele>160.0</ele>
				<time>2020-06-30T09:19:11</time>
			</trkpt>
			<trkpt lat="48.89470998197794" lon="3.228009967133403">
				<ele>160.0</ele>
				<time>2020-06-30T09:19:12</time>
			</trkpt>
			<trkpt lat="48.894659942016006" lon="3.2281299959868193">
				<ele>160.0</ele>
				<time>2020-06-30T09:19:14</time>
			</trkpt>
			<trkpt lat="48.89448995701969" lon="3.228499973192811">
				<ele>160.0</ele>
				<time>2020-06-30T09:19:19</time>
			</trkpt>
			<trkpt lat="48.894399935379624" lon="3.22864992544055">
				<ele>160.0</ele>
				<time>2020-06-30T09:19:21</time>
			</trkpt>
			<trkpt lat="48.89427999034524" lon="3.2287999615073204">
				<ele>161.0</ele>
				<time>2020-06-30T09:19:24</time>
			</trkpt>
			<trkpt lat="48.89405996538699" lon="3.228989979252219">
				<ele>161.0</ele>
				<time>2020-06-30T09:19:28</time>
			</trkpt>
			<trkpt lat="48.8939799182117" lon="3.2290399353951216">
				<ele>161.0</ele>
				<time>2020-06-30T09:19:30</time>
			</trkpt>
			<trkpt lat="48.893909929320216" lon="3.22909994982183">
				<ele>160.0</ele>
				<time>2020-06-30T09:19:31</time>
			</trkpt>
			<trkpt lat="48.893839940428734" lon="3.229139931499958">
				<ele>160.0</ele>
				<time>2020-06-30T09:19:33</time>
			</trkpt>
			<trkpt lat="48.89362997375429" lon="3.2292499858886003">
				<ele>159.0</ele>
				<time>2020-06-30T09:19:36</time>
			</trkpt>
			<trkpt lat="48.89344993047416" lon="3.229349981993437">
				<ele>158.0</ele>
				<time>2020-06-30T09:19:40</time>
			</trkpt>
			<trkpt lat="48.8933099526912" lon="3.2294499780982733">
				<ele>157.0</ele>
				<time>2020-06-30T09:19:42</time>
			</trkpt>
			<trkpt lat="48.89314994215965" lon="3.2295299414545298">
				<ele>156.0</ele>
				<time>2020-06-30T09:19:45</time>
			</trkpt>
			<trkpt lat="48.89283997938037" lon="3.2296999264508486">
				<ele>156.0</ele>
				<time>2020-06-30T09:19:51</time>
			</trkpt>
			<trkpt lat="48.892789939418435" lon="3.2297399919480085">
				<ele>156.0</ele>
				<time>2020-06-30T09:19:52</time>
			</trkpt>
			<trkpt lat="48.892619954422116" lon="3.229849962517619">
				<ele>157.0</ele>
				<time>2020-06-30T09:19:55</time>
			</trkpt>
			<trkpt lat="48.89236992225051" lon="3.230019947513938">
				<ele>158.0</ele>
				<time>2020-06-30T09:20:00</time>
			</trkpt>
			<trkpt lat="48.89228995889425" lon="3.2301399763673544">
				<ele>158.0</ele>
				<time>2020-06-30T09:20:02</time>
			</trkpt>
			<trkpt lat="48.89226992614567" lon="3.2301999907940626">
				<ele>158.0</ele>
				<time>2020-06-30T09:20:03</time>
			</trkpt>
			<trkpt lat="48.892249977216125" lon="3.230309961363673">
				<ele>157.0</ele>
				<time>2020-06-30T09:20:04</time>
			</trkpt>
			<trkpt lat="48.892249977216125" lon="3.2303899247199297">
				<ele>157.0</ele>
				<time>2020-06-30T09:20:05</time>
			</trkpt>
			<trkpt lat="48.89226992614567" lon="3.2305199280381203">
				<ele>157.0</ele>
				<time>2020-06-30T09:20:07</time>
			</trkpt>
			<trkpt lat="48.89230999164283" lon="3.230669964104891">
				<ele>156.0</ele>
				<time>2020-06-30T09:20:08</time>
			</trkpt>
			<trkpt lat="48.89239992946386" lon="3.2308899890631437">
				<ele>156.0</ele>
				<time>2020-06-30T09:20:11</time>
			</trkpt>
			<trkpt lat="48.89241996221244" lon="3.230929970741272">
				<ele>155.0</ele>
				<time>2020-06-30T09:20:12</time>
			</trkpt>
			<trkpt lat="48.89251995831728" lon="3.2310299668461084">
				<ele>154.0</ele>
				<time>2020-06-30T09:20:14</time>
			</trkpt>
			<trkpt lat="48.89271995052695" lon="3.2310899812728167">
				<ele>153.0</ele>
				<time>2020-06-30T09:20:18</time>
			</trkpt>
			<trkpt lat="48.89303997159004" lon="3.231159970164299">
				<ele>151.0</ele>
				<time>2020-06-30T09:20:23</time>
			</trkpt>
			<trkpt lat="48.893559984862804" lon="3.2312799990177155">
				<ele>149.0</ele>
				<time>2020-06-30T09:20:32</time>
			</trkpt>
			<trkpt lat="48.8937399443239" lon="3.231329955160618">
				<ele>147.0</ele>
				<time>2020-06-30T09:20:36</time>
			</trkpt>
			<trkpt lat="48.894099947065115" lon="3.2313999440521">
				<ele>144.0</ele>
				<time>2020-06-30T09:20:42</time>
			</trkpt>
			<trkpt lat="48.89427999034524" lon="3.231389969587326">
				<ele>143.0</ele>
				<time>2020-06-30T09:20:45</time>
			</trkpt>
			<trkpt lat="48.89445994980633" lon="3.231389969587326">
				<ele>142.0</ele>
				<time>2020-06-30T09:20:48</time>
			</trkpt>
			<trkpt lat="48.89466991648078" lon="3.231349987909198">
				<ele>141.0</ele>
				<time>2020-06-30T09:20:52</time>
			</trkpt>
			<trkpt lat="48.894829927012324" lon="3.2312899734824896">
				<ele>140.0</ele>
				<time>2020-06-30T09:20:55</time>
			</trkpt>
			<trkpt lat="48.89487996697426" lon="3.2312699407339096">
				<ele>140.0</ele>
				<time>2020-06-30T09:20:56</time>
			</trkpt>
			<trkpt lat="48.89544993638992" lon="3.2309499196708202">
				<ele>138.0</ele>
				<time>2020-06-30T09:21:06</time>
			</trkpt>
			<trkpt lat="48.89556996524334" lon="3.2308599818497896">
				<ele>137.0</ele>
				<time>2020-06-30T09:21:08</time>
			</trkpt>
			<trkpt lat="48.89575998298824" lon="3.230699971318245">
				<ele>137.0</ele>
				<time>2020-06-30T09:21:12</time>
			</trkpt>
			<trkpt lat="48.895969949662685" lon="3.2304299902170897">
				<ele>135.0</ele>
				<time>2020-06-30T09:21:17</time>
			</trkpt>
			<trkpt lat="48.896099952980876" lon="3.230239972472191">
				<ele>135.0</ele>
				<time>2020-06-30T09:21:20</time>
			</trkpt>
			<trkpt lat="48.89621998183429" lon="3.230009973049164">
				<ele>134.0</ele>
				<time>2020-06-30T09:21:24</time>
			</trkpt>
			<trkpt lat="48.89659993350506" lon="3.229359956458211">
				<ele>133.0</ele>
				<time>2020-06-30T09:21:33</time>
			</trkpt>
			<trkpt lat="48.89688994735479" lon="3.228929964825511">
				<ele>133.0</ele>
				<time>2020-06-30T09:21:41</time>
			</trkpt>
			<trkpt lat="48.89698994345963" lon="3.228719998151064">
				<ele>132.0</ele>
				<time>2020-06-30T09:21:43</time>
			</trkpt>
			<trkpt lat="48.89708993956447" lon="3.2284599915146828">
				<ele>130.0</ele>
				<time>2020-06-30T09:21:47</time>
			</trkpt>
			<trkpt lat="48.897259924560785" lon="3.2279499527066946">
				<ele>126.0</ele>
				<time>2020-06-30T09:21:53</time>
			</trkpt>
			<trkpt lat="48.897299990057945" lon="3.227779967710376">
				<ele>127.0</ele>
				<time>2020-06-30T09:21:56</time>
			</trkpt>
			<trkpt lat="48.89736997894943" lon="3.227129951119423">
				<ele>127.0</ele>
				<time>2020-06-30T09:22:03</time>
			</trkpt>
			<trkpt lat="48.89743996784091" lon="3.226749999448657">
				<ele>128.0</ele>
				<time>2020-06-30T09:22:08</time>
			</trkpt>
			<trkpt lat="48.89750995673239" lon="3.2266099378466606">
				<ele>127.0</ele>
				<time>2020-06-30T09:22:10</time>
			</trkpt>
			<trkpt lat="48.89758992008865" lon="3.2265499234199524">
				<ele>126.0</ele>
				<time>2020-06-30T09:22:11</time>
			</trkpt>
			<trkpt lat="48.89763996005058" lon="3.2265599817037582">
				<ele>125.0</ele>
				<time>2020-06-30T09:22:12</time>
			</trkpt>
			<trkpt lat="48.89767994172871" lon="3.2266099378466606">
				<ele>125.0</ele>
				<time>2020-06-30T09:22:13</time>
			</trkpt>
			<trkpt lat="48.897709948942065" lon="3.226679926738143">
				<ele>124.0</ele>
				<time>2020-06-30T09:22:14</time>
			</trkpt>
			<trkpt lat="48.89771992340684" lon="3.2267899811267853">
				<ele>123.0</ele>
				<time>2020-06-30T09:22:15</time>
			</trkpt>
			<trkpt lat="48.89769997447729" lon="3.2269699405878782">
				<ele>122.0</ele>
				<time>2020-06-30T09:22:17</time>
			</trkpt>
			<trkpt lat="48.89762998558581" lon="3.2274699211120605">
				<ele>122.0</ele>
				<time>2020-06-30T09:22:23</time>
			</trkpt>
			<trkpt lat="48.8975699711591" lon="3.228269973769784">
				<ele>117.0</ele>
				<time>2020-06-30T09:22:32</time>
			</trkpt>
			<trkpt lat="48.8975699711591" lon="3.2283999770879745">
				<ele>117.0</ele>
				<time>2020-06-30T09:22:34</time>
			</trkpt>
			<trkpt lat="48.897559996694326" lon="3.2288099359720945">
				<ele>116.0</ele>
				<time>2020-06-30T09:22:38</time>
			</trkpt>
			<trkpt lat="48.8975699711591" lon="3.2290399353951216">
				<ele>115.0</ele>
				<time>2020-06-30T09:22:41</time>
			</trkpt>
			<trkpt lat="48.897599978372455" lon="3.2294499780982733">
				<ele>112.0</ele>
				<time>2020-06-30T09:22:46</time>
			</trkpt>
			<trkpt lat="48.897599978372455" lon="3.230059929192066">
				<ele>109.0</ele>
				<time>2020-06-30T09:22:53</time>
			</trkpt>
			<trkpt lat="48.89763996005058" lon="3.230219939723611">
				<ele>107.0</ele>
				<time>2020-06-30T09:22:55</time>
			</trkpt>
			<trkpt lat="48.89766996726394" lon="3.2303699757903814">
				<ele>106.0</ele>
				<time>2020-06-30T09:22:57</time>
			</trkpt>
			<trkpt lat="48.89774993062019" lon="3.2305199280381203">
				<ele>104.0</ele>
				<time>2020-06-30T09:22:59</time>
			</trkpt>
			<trkpt lat="48.89778999611735" lon="3.2305799424648285">
				<ele>103.0</ele>
				<time>2020-06-30T09:23:00</time>
			</trkpt>
			<trkpt lat="48.897819919511676" lon="3.2305899169296026">
				<ele>102.0</ele>
				<time>2020-06-30T09:23:00</time>
			</trkpt>
			<trkpt lat="48.89788999222219" lon="3.2306199241429567">
				<ele>101.0</ele>
				<time>2020-06-30T09:23:02</time>
			</trkpt>
			<trkpt lat="48.897989988327026" lon="3.2306199241429567">
				<ele>99.0</ele>
				<time>2020-06-30T09:23:03</time>
			</trkpt>
			<trkpt lat="48.89803994446993" lon="3.2306099496781826">
				<ele>98.0</ele>
				<time>2020-06-30T09:23:04</time>
			</trkpt>
			<trkpt lat="48.89811999164522" lon="3.2305499352514744">
				<ele>97.0</ele>
				<time>2020-06-30T09:23:06</time>
			</trkpt>
			<trkpt lat="48.89816994778812" lon="3.230489920824766">
				<ele>96.0</ele>
				<time>2020-06-30T09:23:07</time>
			</trkpt>
			<trkpt lat="48.8981899805367" lon="3.2304599974304438">
				<ele>95.0</ele>
				<time>2020-06-30T09:23:07</time>
			</trkpt>
			<trkpt lat="48.898309925571084" lon="3.2301799580454826">
				<ele>92.0</ele>
				<time>2020-06-30T09:23:11</time>
			</trkpt>
			<trkpt lat="48.89840992167592" lon="3.229829929769039">
				<ele>91.0</ele>
				<time>2020-06-30T09:23:16</time>
			</trkpt>
			<trkpt lat="48.89876992441714" lon="3.228509947657585">
				<ele>86.0</ele>
				<time>2020-06-30T09:23:32</time>
			</trkpt>
			<trkpt lat="48.89907997101545" lon="3.2274499721825123">
				<ele>82.0</ele>
				<time>2020-06-30T09:23:45</time>
			</trkpt>
			<trkpt lat="48.89915993437171" lon="3.227149983868003">
				<ele>81.0</ele>
				<time>2020-06-30T09:23:49</time>
			</trkpt>
			<trkpt lat="48.899299995973706" lon="3.226689985021949">
				<ele>78.0</ele>
				<time>2020-06-30T09:23:55</time>
			</trkpt>
			<trkpt lat="48.89936998486519" lon="3.2265399489551783">
				<ele>76.0</ele>
				<time>2020-06-30T09:23:57</time>
			</trkpt>
			<trkpt lat="48.89940996654332" lon="3.226469960063696">
				<ele>75.0</ele>
				<time>2020-06-30T09:23:58</time>
			</trkpt>
			<trkpt lat="48.899449948221445" lon="3.2265199162065983">
				<ele>75.0</ele>
				<time>2020-06-30T09:23:59</time>
			</trkpt>
			<trkpt lat="48.89964994043112" lon="3.226669952273369">
				<ele>72.0</ele>
				<time>2020-06-30T09:24:03</time>
			</trkpt>
			<trkpt lat="48.89986996538937" lon="3.2268399372696877">
				<ele>70.0</ele>
				<time>2020-06-30T09:24:07</time>
			</trkpt>
			<trkpt lat="48.89992997981608" lon="3.226879918947816">
				<ele>69.0</ele>
				<time>2020-06-30T09:24:08</time>
			</trkpt>
			<trkpt lat="48.900069957599044" lon="3.226989973336458">
				<ele>68.0</ele>
				<time>2020-06-30T09:24:11</time>
			</trkpt>
			<trkpt lat="48.90012997202575" lon="3.2270199805498123">
				<ele>67.0</ele>
				<time>2020-06-30T09:24:12</time>
			</trkpt>
			<trkpt lat="48.900139946490526" lon="3.2270199805498123">
				<ele>67.0</ele>
				<time>2020-06-30T09:24:12</time>
			</trkpt>
			<trkpt lat="48.90109992586076" lon="3.22735995054245">
				<ele>68.0</ele>
				<time>2020-06-30T09:24:29</time>
			</trkpt>
			<trkpt lat="48.901209980249405" lon="3.227389957755804">
				<ele>68.0</ele>
				<time>2020-06-30T09:24:31</time>
			</trkpt>
			<trkpt lat="48.90155992470682" lon="3.2275499682873487">
				<ele>69.0</ele>
				<time>2020-06-30T09:24:38</time>
			</trkpt>
			<trkpt lat="48.90160996466875" lon="3.227599924430251">
				<ele>69.0</ele>
				<time>2020-06-30T09:24:39</time>
			</trkpt>
			<trkpt lat="48.90166997909546" lon="3.227649964392185">
				<ele>70.0</ele>
				<time>2020-06-30T09:24:40</time>
			</trkpt>
			<trkpt lat="48.90172999352217" lon="3.2277299277484417">
				<ele>70.0</ele>
				<time>2020-06-30T09:24:41</time>
			</trkpt>
			<trkpt lat="48.901789924129844" lon="3.227799916639924">
				<ele>70.0</ele>
				<time>2020-06-30T09:24:42</time>
			</trkpt>
			<trkpt lat="48.90192998573184" lon="3.228029999881983">
				<ele>71.0</ele>
				<time>2020-06-30T09:24:46</time>
			</trkpt>
			<trkpt lat="48.90215998515487" lon="3.2284099515527487">
				<ele>72.0</ele>
				<time>2020-06-30T09:24:52</time>
			</trkpt>
			<trkpt lat="48.90231999568641" lon="3.2286599837243557">
				<ele>72.0</ele>
				<time>2020-06-30T09:24:56</time>
			</trkpt>
			<trkpt lat="48.90239995904267" lon="3.2287499215453863">
				<ele>71.0</ele>
				<time>2020-06-30T09:24:58</time>
			</trkpt>
			<trkpt lat="48.90245997346938" lon="3.228759979829192">
				<ele>71.0</ele>
				<time>2020-06-30T09:24:59</time>
			</trkpt>
			<trkpt lat="48.90255996957421" lon="3.228739947080612">
				<ele>72.0</ele>
				<time>2020-06-30T09:25:00</time>
			</trkpt>
			<trkpt lat="48.90291997231543" lon="3.22864992544055">
				<ele>73.0</ele>
				<time>2020-06-30T09:25:07</time>
			</trkpt>
			<trkpt lat="48.90302994288504" lon="3.2286399509757757">
				<ele>73.0</ele>
				<time>2020-06-30T09:25:09</time>
			</trkpt>
			<trkpt lat="48.9032999239862" lon="3.22866995818913">
				<ele>75.0</ele>
				<time>2020-06-30T09:25:13</time>
			</trkpt>
			<trkpt lat="48.90345993451774" lon="3.2287699542939663">
				<ele>75.0</ele>
				<time>2020-06-30T09:25:16</time>
			</trkpt>
			<trkpt lat="48.90366998501122" lon="3.2289799209684134">
				<ele>76.0</ele>
				<time>2020-06-30T09:25:21</time>
			</trkpt>
			<trkpt lat="48.9037399739027" lon="3.2290299609303474">
				<ele>77.0</ele>
				<time>2020-06-30T09:25:22</time>
			</trkpt>
			<trkpt lat="48.90383997000754" lon="3.2290899753570557">
				<ele>77.0</ele>
				<time>2020-06-30T09:25:24</time>
			</trkpt>
			<trkpt lat="48.90433995053172" lon="3.2292999420315027">
				<ele>81.0</ele>
				<time>2020-06-30T09:25:33</time>
			</trkpt>
			<trkpt lat="48.904499961063266" lon="3.229369930922985">
				<ele>82.0</ele>
				<time>2020-06-30T09:25:36</time>
			</trkpt>
			<trkpt lat="48.90456994995475" lon="3.229399938136339">
				<ele>82.0</ele>
				<time>2020-06-30T09:25:37</time>
			</trkpt>
			<trkpt lat="48.90461998991668" lon="3.229409996420145">
				<ele>83.0</ele>
				<time>2020-06-30T09:25:38</time>
			</trkpt>
			<trkpt lat="48.90476994216442" lon="3.2294599525630474">
				<ele>83.0</ele>
				<time>2020-06-30T09:25:41</time>
			</trkpt>
			<trkpt lat="48.90488997101784" lon="3.2294899597764015">
				<ele>84.0</ele>
				<time>2020-06-30T09:25:43</time>
			</trkpt>
			<trkpt lat="48.904969934374094" lon="3.2295299414545298">
				<ele>84.0</ele>
				<time>2020-06-30T09:25:44</time>
			</trkpt>
			<trkpt lat="48.90518995933235" lon="3.2297499664127827">
				<ele>85.0</ele>
				<time>2020-06-30T09:25:49</time>
			</trkpt>
			<trkpt lat="48.905489947646856" lon="3.230049954727292">
				<ele>88.0</ele>
				<time>2020-06-30T09:25:55</time>
			</trkpt>
			<trkpt lat="48.90563998371363" lon="3.2301699835807085">
				<ele>89.0</ele>
				<time>2020-06-30T09:25:58</time>
			</trkpt>
			<trkpt lat="48.90574995428324" lon="3.2302299980074167">
				<ele>90.0</ele>
				<time>2020-06-30T09:26:00</time>
			</trkpt>
			<trkpt lat="48.905829917639494" lon="3.2302299980074167">
				<ele>90.0</ele>
				<time>2020-06-30T09:26:02</time>
			</trkpt>
			<trkpt lat="48.90585992485285" lon="3.230239972472191">
				<ele>91.0</ele>
				<time>2020-06-30T09:26:02</time>
			</trkpt>
			<trkpt lat="48.90596997924149" lon="3.2301999907940626">
				<ele>91.0</ele>
				<time>2020-06-30T09:26:04</time>
			</trkpt>
			<trkpt lat="48.906089924275875" lon="3.230099994689226">
				<ele>92.0</ele>
				<time>2020-06-30T09:26:06</time>
			</trkpt>
			<trkpt lat="48.90622998587787" lon="3.2299599330872297">
				<ele>92.0</ele>
				<time>2020-06-30T09:26:09</time>
			</trkpt>
			<trkpt lat="48.906409945338964" lon="3.229789948090911">
				<ele>94.0</ele>
				<time>2020-06-30T09:26:13</time>
			</trkpt>
			<trkpt lat="48.906539948657155" lon="3.2297099847346544">
				<ele>95.0</ele>
				<time>2020-06-30T09:26:16</time>
			</trkpt>
			<trkpt lat="48.906649919226766" lon="3.2296599447727203">
				<ele>95.0</ele>
				<time>2020-06-30T09:26:18</time>
			</trkpt>
			<trkpt lat="48.90673994086683" lon="3.2296299375593662">
				<ele>96.0</ele>
				<time>2020-06-30T09:26:19</time>
			</trkpt>
			<trkpt lat="48.90680992975831" lon="3.229609988629818">
				<ele>96.0</ele>
				<time>2020-06-30T09:26:20</time>
			</trkpt>
			<trkpt lat="48.90694999136031" lon="3.229559948667884">
				<ele>97.0</ele>
				<time>2020-06-30T09:26:23</time>
			</trkpt>
			<trkpt lat="48.90716993249953" lon="3.2294799853116274">
				<ele>98.0</ele>
				<time>2020-06-30T09:26:27</time>
			</trkpt>
			<trkpt lat="48.9073699247092" lon="3.229419970884919">
				<ele>100.0</ele>
				<time>2020-06-30T09:26:30</time>
			</trkpt>
			<trkpt lat="48.90738995745778" lon="3.229409996420145">
				<ele>100.0</ele>
				<time>2020-06-30T09:26:31</time>
			</trkpt>
			<trkpt lat="48.90753999352455" lon="3.229359956458211">
				<ele>101.0</ele>
				<time>2020-06-30T09:26:33</time>
			</trkpt>
			<trkpt lat="48.907659938558936" lon="3.229309916496277">
				<ele>102.0</ele>
				<time>2020-06-30T09:26:36</time>
			</trkpt>
			<trkpt lat="48.907739985734224" lon="3.2292399276047945">
				<ele>102.0</ele>
				<time>2020-06-30T09:26:37</time>
			</trkpt>
			<trkpt lat="48.90780997462571" lon="3.229139931499958">
				<ele>103.0</ele>
				<time>2020-06-30T09:26:39</time>
			</trkpt>
			<trkpt lat="48.90785993076861" lon="3.2290499936789274">
				<ele>103.0</ele>
				<time>2020-06-30T09:26:40</time>
			</trkpt>
			<trkpt lat="48.90787996351719" lon="3.228939939290285">
				<ele>103.0</ele>
				<time>2020-06-30T09:26:41</time>
			</trkpt>
			<trkpt lat="48.90791994519532" lon="3.228729972615838">
				<ele>102.0</ele>
				<time>2020-06-30T09:26:44</time>
			</trkpt>
			<trkpt lat="48.9079399779439" lon="3.2285999692976475">
				<ele>102.0</ele>
				<time>2020-06-30T09:26:46</time>
			</trkpt>
			<trkpt lat="48.90800996683538" lon="3.2284599915146828">
				<ele>103.0</ele>
				<time>2020-06-30T09:26:48</time>
			</trkpt>
			<trkpt lat="48.908089930191636" lon="3.2283699698746204">
				<ele>104.0</ele>
				<time>2020-06-30T09:26:49</time>
			</trkpt>
			<trkpt lat="48.90815991908312" lon="3.2283499371260405">
				<ele>106.0</ele>
				<time>2020-06-30T09:26:50</time>
			</trkpt>
			<trkpt lat="48.90822999179363" lon="3.2283699698746204">
				<ele>107.0</ele>
				<time>2020-06-30T09:26:52</time>
			</trkpt>
			<trkpt lat="48.90828992240131" lon="3.2284099515527487">
				<ele>108.0</ele>
				<time>2020-06-30T09:26:53</time>
			</trkpt>
			<trkpt lat="48.90834993682802" lon="3.2285199221223593">
				<ele>109.0</ele>
				<time>2020-06-30T09:26:55</time>
			</trkpt>
			<trkpt lat="48.90837994404137" lon="3.2286599837243557">
				<ele>110.0</ele>
				<time>2020-06-30T09:26:56</time>
			</trkpt>
			<trkpt lat="48.90839997678995" lon="3.2288199942559004">
				<ele>110.0</ele>
				<time>2020-06-30T09:26:58</time>
			</trkpt>
			<trkpt lat="48.908409951254725" lon="3.2289999537169933">
				<ele>110.0</ele>
				<time>2020-06-30T09:27:00</time>
			</trkpt>
			<trkpt lat="48.90843995846808" lon="3.2292399276047945">
				<ele>111.0</ele>
				<time>2020-06-30T09:27:03</time>
			</trkpt>
			<trkpt lat="48.908449932932854" lon="3.2294499780982733">
				<ele>112.0</ele>
				<time>2020-06-30T09:27:05</time>
			</trkpt>
			<trkpt lat="48.90845999121666" lon="3.229599930346012">
				<ele>113.0</ele>
				<time>2020-06-30T09:27:07</time>
			</trkpt>
			<trkpt lat="48.908449932932854" lon="3.2297299336642027">
				<ele>113.0</ele>
				<time>2020-06-30T09:27:09</time>
			</trkpt>
			<trkpt lat="48.90843995846808" lon="3.2298599369823933">
				<ele>114.0</ele>
				<time>2020-06-30T09:27:10</time>
			</trkpt>
			<trkpt lat="48.908409951254725" lon="3.2299999985843897">
				<ele>114.0</ele>
				<time>2020-06-30T09:27:12</time>
			</trkpt>
			<trkpt lat="48.90835999511182" lon="3.2301499508321285">
				<ele>114.0</ele>
				<time>2020-06-30T09:27:14</time>
			</trkpt>
			<trkpt lat="48.90830995514989" lon="3.2303799502551556">
				<ele>115.0</ele>
				<time>2020-06-30T09:27:16</time>
			</trkpt>
			<trkpt lat="48.90826997347176" lon="3.2305699680000544">
				<ele>115.0</ele>
				<time>2020-06-30T09:27:19</time>
			</trkpt>
			<trkpt lat="48.90822999179363" lon="3.2308099418878555">
				<ele>116.0</ele>
				<time>2020-06-30T09:27:22</time>
			</trkpt>
			<trkpt lat="48.90820995904505" lon="3.231099955737591">
				<ele>117.0</ele>
				<time>2020-06-30T09:27:25</time>
			</trkpt>
			<trkpt lat="48.90820995904505" lon="3.231369936838746">
				<ele>119.0</ele>
				<time>2020-06-30T09:27:28</time>
			</trkpt>
			<trkpt lat="48.90822999179363" lon="3.231619969010353">
				<ele>120.0</ele>
				<time>2020-06-30T09:27:31</time>
			</trkpt>
			<trkpt lat="48.90824994072318" lon="3.231839993968606">
				<ele>122.0</ele>
				<time>2020-06-30T09:27:33</time>
			</trkpt>
			<trkpt lat="48.908299980685115" lon="3.2320999167859554">
				<ele>122.0</ele>
				<time>2020-06-30T09:27:36</time>
			</trkpt>
			<trkpt lat="48.908389918506145" lon="3.232469977810979">
				<ele>124.0</ele>
				<time>2020-06-30T09:27:41</time>
			</trkpt>
			<trkpt lat="48.9084199257195" lon="3.2326099555939436">
				<ele>124.0</ele>
				<time>2020-06-30T09:27:43</time>
			</trkpt>
			<trkpt lat="48.908449932932854" lon="3.232759991660714">
				<ele>125.0</ele>
				<time>2020-06-30T09:27:44</time>
			</trkpt>
			<trkpt lat="48.908539954572916" lon="3.233099961653352">
				<ele>126.0</ele>
				<time>2020-06-30T09:27:49</time>
			</trkpt>
			<trkpt lat="48.90862997621298" lon="3.2334399316459894">
				<ele>128.0</ele>
				<time>2020-06-30T09:27:53</time>
			</trkpt>
			<trkpt lat="48.90873994678259" lon="3.233829941600561">
				<ele>130.0</ele>
				<time>2020-06-30T09:27:58</time>
			</trkpt>
			<trkpt lat="48.90886995010078" lon="3.2341899443417788">
				<ele>133.0</ele>
				<time>2020-06-30T09:28:02</time>
			</trkpt>
			<trkpt lat="48.90893993899226" lon="3.2343299221247435">
				<ele>134.0</ele>
				<time>2020-06-30T09:28:04</time>
			</trkpt>
			<trkpt lat="48.909049993380904" lon="3.2345599215477705">
				<ele>136.0</ele>
				<time>2020-06-30T09:28:08</time>
			</trkpt>
			<trkpt lat="48.909179996699095" lon="3.2348099537193775">
				<ele>138.0</ele>
				<time>2020-06-30T09:28:11</time>
			</trkpt>
			<trkpt lat="48.909269934520125" lon="3.234959989786148">
				<ele>139.0</ele>
				<time>2020-06-30T09:28:14</time>
			</trkpt>
			<trkpt lat="48.909289967268705" lon="3.234989996999502">
				<ele>140.0</ele>
				<time>2020-06-30T09:28:14</time>
			</trkpt>
			<trkpt lat="48.90933992341161" lon="3.2350699603557587">
				<ele>140.0</ele>
				<time>2020-06-30T09:28:15</time>
			</trkpt>
			<trkpt lat="48.90937998890877" lon="3.235119916498661">
				<ele>141.0</ele>
				<time>2020-06-30T09:28:16</time>
			</trkpt>
			<trkpt lat="48.909479985013604" lon="3.2352299708873034">
				<ele>142.0</ele>
				<time>2020-06-30T09:28:18</time>
			</trkpt>
			<trkpt lat="48.909589955583215" lon="3.235339941456914">
				<ele>144.0</ele>
				<time>2020-06-30T09:28:21</time>
			</trkpt>
			<trkpt lat="48.909719958901405" lon="3.2354299630969763">
				<ele>146.0</ele>
				<time>2020-06-30T09:28:23</time>
			</trkpt>
			<trkpt lat="48.90983998775482" lon="3.2354999519884586">
				<ele>148.0</ele>
				<time>2020-06-30T09:28:25</time>
			</trkpt>
			<trkpt lat="48.91000997275114" lon="3.235569940879941">
				<ele>150.0</ele>
				<time>2020-06-30T09:28:29</time>
			</trkpt>
			<trkpt lat="48.91015992499888" lon="3.2356099225580692">
				<ele>153.0</ele>
				<time>2020-06-30T09:28:31</time>
			</trkpt>
			<trkpt lat="48.91037994995713" lon="3.2356399297714233">
				<ele>155.0</ele>
				<time>2020-06-30T09:28:35</time>
			</trkpt>
			<trkpt lat="48.910579942166805" lon="3.2356999441981316">
				<ele>155.0</ele>
				<time>2020-06-30T09:28:39</time>
			</trkpt>
			<trkpt lat="48.91060994938016" lon="3.2357099186629057">
				<ele>155.0</ele>
				<time>2020-06-30T09:28:39</time>
			</trkpt>
			<trkpt lat="48.91067993827164" lon="3.2357299514114857">
				<ele>156.0</ele>
				<time>2020-06-30T09:28:40</time>
			</trkpt>
			<trkpt lat="48.910769959911704" lon="3.23575995862484">
				<ele>156.0</ele>
				<time>2020-06-30T09:28:42</time>
			</trkpt>
			<trkpt lat="48.91105997376144" lon="3.2358699291944504">
				<ele>157.0</ele>
				<time>2020-06-30T09:28:47</time>
			</trkpt>
			<trkpt lat="48.911269940435886" lon="3.2359499763697386">
				<ele>158.0</ele>
				<time>2020-06-30T09:28:51</time>
			</trkpt>
			<trkpt lat="48.911309922114015" lon="3.235969925299287">
				<ele>158.0</ele>
				<time>2020-06-30T09:28:52</time>
			</trkpt>
			<trkpt lat="48.91142995096743" lon="3.2359799835830927">
				<ele>159.0</ele>
				<time>2020-06-30T09:28:54</time>
			</trkpt>
			<trkpt lat="48.9115799870342" lon="3.235989958047867">
				<ele>160.0</ele>
				<time>2020-06-30T09:28:56</time>
			</trkpt>
			<trkpt lat="48.911629943177104" lon="3.2359599508345127">
				<ele>160.0</ele>
				<time>2020-06-30T09:28:57</time>
			</trkpt>
			<trkpt lat="48.911699932068586" lon="3.2359399180859327">
				<ele>160.0</ele>
				<time>2020-06-30T09:28:59</time>
			</trkpt>
			<trkpt lat="48.91180998645723" lon="3.235829947516322">
				<ele>162.0</ele>
				<time>2020-06-30T09:29:01</time>
			</trkpt>
			<trkpt lat="48.91185994260013" lon="3.23575995862484">
				<ele>162.0</ele>
				<time>2020-06-30T09:29:02</time>
			</trkpt>
			<trkpt lat="48.911909982562065" lon="3.2357099186629057">
				<ele>162.0</ele>
				<time>2020-06-30T09:29:03</time>
			</trkpt>
			<trkpt lat="48.911999920383096" lon="3.2354799192398787">
				<ele>164.0</ele>
				<time>2020-06-30T09:29:06</time>
			</trkpt>
			<trkpt lat="48.91225992701948" lon="3.2346199359744787">
				<ele>167.0</ele>
				<time>2020-06-30T09:29:17</time>
			</trkpt>
			<trkpt lat="48.91234994865954" lon="3.2343699876219034">
				<ele>166.0</ele>
				<time>2020-06-30T09:29:20</time>
			</trkpt>
			<trkpt lat="48.9124399702996" lon="3.234199918806553">
				<ele>166.0</ele>
				<time>2020-06-30T09:29:23</time>
			</trkpt>
			<trkpt lat="48.91253996640444" lon="3.2341099809855223">
				<ele>166.0</ele>
				<time>2020-06-30T09:29:25</time>
			</trkpt>
			<trkpt lat="48.91266996972263" lon="3.234029933810234">
				<ele>166.0</ele>
				<time>2020-06-30T09:29:27</time>
			</trkpt>
			<trkpt lat="48.912769965827465" lon="3.23401995934546">
				<ele>166.0</ele>
				<time>2020-06-30T09:29:29</time>
			</trkpt>
			<trkpt lat="48.9128699619323" lon="3.23401995934546">
				<ele>166.0</ele>
				<time>2020-06-30T09:29:31</time>
			</trkpt>
			<trkpt lat="48.913069954141974" lon="3.2340999227017164">
				<ele>167.0</ele>
				<time>2020-06-30T09:29:34</time>
			</trkpt>
			<trkpt lat="48.914079973474145" lon="3.234479958191514">
				<ele>170.0</ele>
				<time>2020-06-30T09:29:52</time>
			</trkpt>
			<trkpt lat="48.91586992889643" lon="3.2351999636739492">
				<ele>173.0</ele>
				<time>2020-06-30T09:30:25</time>
			</trkpt>
			<trkpt lat="48.91630997881293" lon="3.2354099303483963">
				<ele>174.0</ele>
				<time>2020-06-30T09:30:33</time>
			</trkpt>
			<trkpt lat="48.91646998934448" lon="3.2354799192398787">
				<ele>174.0</ele>
				<time>2020-06-30T09:30:35</time>
			</trkpt>
			<trkpt lat="48.916659923270345" lon="3.235589973628521">
				<ele>174.0</ele>
				<time>2020-06-30T09:30:39</time>
			</trkpt>
			<trkpt lat="48.916939962655306" lon="3.2357299514114857">
				<ele>175.0</ele>
				<time>2020-06-30T09:30:44</time>
			</trkpt>
			<trkpt lat="48.917389987036586" lon="3.2359599508345127">
				<ele>174.0</ele>
				<time>2020-06-30T09:30:52</time>
			</trkpt>
			<trkpt lat="48.91758997924626" lon="3.236079979687929">
				<ele>174.0</ele>
				<time>2020-06-30T09:30:56</time>
			</trkpt>
			<trkpt lat="48.91763993538916" lon="3.2361099869012833">
				<ele>174.0</ele>
				<time>2020-06-30T09:30:57</time>
			</trkpt>
			<trkpt lat="48.91803991980851" lon="3.2362999208271503">
				<ele>173.0</ele>
				<time>2020-06-30T09:31:04</time>
			</trkpt>
			<trkpt lat="48.91838994808495" lon="3.2365499529987574">
				<ele>172.0</ele>
				<time>2020-06-30T09:31:11</time>
			</trkpt>
			<trkpt lat="48.918789932504296" lon="3.2368399668484926">
				<ele>171.0</ele>
				<time>2020-06-30T09:31:19</time>
			</trkpt>
			<trkpt lat="48.91885992139578" lon="3.236889922991395">
				<ele>171.0</ele>
				<time>2020-06-30T09:31:20</time>
			</trkpt>
			<trkpt lat="48.91889998689294" lon="3.236909955739975">
				<ele>171.0</ele>
				<time>2020-06-30T09:31:21</time>
			</trkpt>
			<trkpt lat="48.91894994303584" lon="3.236939962953329">
				<ele>171.0</ele>
				<time>2020-06-30T09:31:22</time>
			</trkpt>
			<trkpt lat="48.91900995746255" lon="3.236969970166683">
				<ele>171.0</ele>
				<time>2020-06-30T09:31:23</time>
			</trkpt>
			<trkpt lat="48.91906997188926" lon="3.2369899190962315">
				<ele>171.0</ele>
				<time>2020-06-30T09:31:24</time>
			</trkpt>
			<trkpt lat="48.91948998905718" lon="3.237129980698228">
				<ele>170.0</ele>
				<time>2020-06-30T09:31:31</time>
			</trkpt>
			<trkpt lat="48.91952997073531" lon="3.237149929627776">
				<ele>170.0</ele>
				<time>2020-06-30T09:31:32</time>
			</trkpt>
			<trkpt lat="48.919619992375374" lon="3.2371799368411303">
				<ele>170.0</ele>
				<time>2020-06-30T09:31:34</time>
			</trkpt>
			<trkpt lat="48.919709930196404" lon="3.2372199185192585">
				<ele>170.0</ele>
				<time>2020-06-30T09:31:35</time>
			</trkpt>
			<trkpt lat="48.92034997232258" lon="3.2374799251556396">
				<ele>168.0</ele>
				<time>2020-06-30T09:31:47</time>
			</trkpt>
			<trkpt lat="48.920419961214066" lon="3.2374599762260914">
				<ele>168.0</ele>
				<time>2020-06-30T09:31:48</time>
			</trkpt>
			<trkpt lat="48.920459942892194" lon="3.2374399434775114">
				<ele>168.0</ele>
				<time>2020-06-30T09:31:49</time>
			</trkpt>
			<trkpt lat="48.92048995010555" lon="3.237419994547963">
				<ele>168.0</ele>
				<time>2020-06-30T09:31:50</time>
			</trkpt>
			<trkpt lat="48.9205199573189" lon="3.237389987334609">
				<ele>168.0</ele>
				<time>2020-06-30T09:31:50</time>
			</trkpt>
			<trkpt lat="48.92053999006748" lon="3.237359980121255">
				<ele>168.0</ele>
				<time>2020-06-30T09:31:51</time>
			</trkpt>
			<trkpt lat="48.92055993899703" lon="3.237329972907901">
				<ele>168.0</ele>
				<time>2020-06-30T09:31:51</time>
			</trkpt>
			<trkpt lat="48.920589946210384" lon="3.2372999656945467">
				<ele>168.0</ele>
				<time>2020-06-30T09:31:52</time>
			</trkpt>
			<trkpt lat="48.920609978958964" lon="3.2372499257326126">
				<ele>168.0</ele>
				<time>2020-06-30T09:31:52</time>
			</trkpt>
			<trkpt lat="48.92063998617232" lon="3.2372099440544844">
				<ele>168.0</ele>
				<time>2020-06-30T09:31:53</time>
			</trkpt>
			<trkpt lat="48.92067996785045" lon="3.237129980698228">
				<ele>167.0</ele>
				<time>2020-06-30T09:31:54</time>
			</trkpt>
			<trkpt lat="48.92072992399335" lon="3.2370499335229397">
				<ele>167.0</ele>
				<time>2020-06-30T09:31:56</time>
			</trkpt>
			<trkpt lat="48.9207599312067" lon="3.2369999773800373">
				<ele>167.0</ele>
				<time>2020-06-30T09:31:56</time>
			</trkpt>
			<trkpt lat="48.92079999670386" lon="3.236949937418103">
				<ele>167.0</ele>
				<time>2020-06-30T09:31:57</time>
			</trkpt>
			<trkpt lat="48.920829920098186" lon="3.236919930204749">
				<ele>167.0</ele>
				<time>2020-06-30T09:31:58</time>
			</trkpt>
			<trkpt lat="48.92091994173825" lon="3.2368399668484926">
				<ele>167.0</ele>
				<time>2020-06-30T09:32:00</time>
			</trkpt>
			<trkpt lat="48.92100996337831" lon="3.2367799524217844">
				<ele>167.0</ele>
				<time>2020-06-30T09:32:01</time>
			</trkpt>
			<trkpt lat="48.92108992673457" lon="3.2367499452084303">
				<ele>167.0</ele>
				<time>2020-06-30T09:32:03</time>
			</trkpt>
			<trkpt lat="48.921149941161275" lon="3.236729996278882">
				<ele>167.0</ele>
				<time>2020-06-30T09:32:04</time>
			</trkpt>
			<trkpt lat="48.92120995558798" lon="3.236729996278882">
				<ele>167.0</ele>
				<time>2020-06-30T09:32:05</time>
			</trkpt>
			<trkpt lat="48.92125999554992" lon="3.2367499452084303">
				<ele>167.0</ele>
				<time>2020-06-30T09:32:06</time>
			</trkpt>
			<trkpt lat="48.9213299844414" lon="3.2367799524217844">
				<ele>168.0</ele>
				<time>2020-06-30T09:32:07</time>
			</trkpt>
			<trkpt lat="48.92143995501101" lon="3.2368499413132668">
				<ele>168.0</ele>
				<time>2020-06-30T09:32:09</time>
			</trkpt>
			<trkpt lat="48.92154992558062" lon="3.236929988488555">
				<ele>169.0</ele>
				<time>2020-06-30T09:32:11</time>
			</trkpt>
			<trkpt lat="48.92165997996926" lon="3.2369899190962315">
				<ele>170.0</ele>
				<time>2020-06-30T09:32:13</time>
			</trkpt>
			<trkpt lat="48.92181999050081" lon="3.2370699662715197">
				<ele>170.0</ele>
				<time>2020-06-30T09:32:16</time>
			</trkpt>
			<trkpt lat="48.92193993553519" lon="3.237129980698228">
				<ele>171.0</ele>
				<time>2020-06-30T09:32:18</time>
			</trkpt>
			<trkpt lat="48.92203993164003" lon="3.237159987911582">
				<ele>171.0</ele>
				<time>2020-06-30T09:32:20</time>
			</trkpt>
			<trkpt lat="48.92212995328009" lon="3.237189995124936">
				<ele>172.0</ele>
				<time>2020-06-30T09:32:22</time>
			</trkpt>
			<trkpt lat="48.922219974920154" lon="3.2372199185192585">
				<ele>172.0</ele>
				<time>2020-06-30T09:32:23</time>
			</trkpt>
			<trkpt lat="48.922329945489764" lon="3.2372499257326126">
				<ele>173.0</ele>
				<time>2020-06-30T09:32:25</time>
			</trkpt>
			<trkpt lat="48.92239993438125" lon="3.2372799329459667">
				<ele>173.0</ele>
				<time>2020-06-30T09:32:27</time>
			</trkpt>
			<trkpt lat="48.92246992327273" lon="3.237309940159321">
				<ele>173.0</ele>
				<time>2020-06-30T09:32:28</time>
			</trkpt>
			<trkpt lat="48.92265994101763" lon="3.237399961799383">
				<ele>174.0</ele>
				<time>2020-06-30T09:32:31</time>
			</trkpt>
			<trkpt lat="48.922759937122464" lon="3.2374799251556396">
				<ele>174.0</ele>
				<time>2020-06-30T09:32:33</time>
			</trkpt>
			<trkpt lat="48.92282992601395" lon="3.2375199906527996">
				<ele>175.0</ele>
				<time>2020-06-30T09:32:35</time>
			</trkpt>
			<trkpt lat="48.92287996597588" lon="3.237539939582348">
				<ele>175.0</ele>
				<time>2020-06-30T09:32:36</time>
			</trkpt>
			<trkpt lat="48.92295992933214" lon="3.237569946795702">
				<ele>175.0</ele>
				<time>2020-06-30T09:32:37</time>
			</trkpt>
			<trkpt lat="48.924499936401844" lon="3.2379099167883396">
				<ele>179.0</ele>
				<time>2020-06-30T09:33:04</time>
			</trkpt>
			<trkpt lat="48.92493998631835" lon="3.238009996712208">
				<ele>179.0</ele>
				<time>2020-06-30T09:33:12</time>
			</trkpt>
			<trkpt lat="48.92513997852802" lon="3.238049978390336">
				<ele>178.0</ele>
				<time>2020-06-30T09:33:15</time>
			</trkpt>
			<trkpt lat="48.92528993077576" lon="3.23807998560369">
				<ele>179.0</ele>
				<time>2020-06-30T09:33:18</time>
			</trkpt>
			<trkpt lat="48.925379952415824" lon="3.2380899600684643">
				<ele>179.0</ele>
				<time>2020-06-30T09:33:19</time>
			</trkpt>
			<trkpt lat="48.92607992514968" lon="3.2381799817085266">
				<ele>180.0</ele>
				<time>2020-06-30T09:33:32</time>
			</trkpt>
			<trkpt lat="48.92618997953832" lon="3.2381899561733007">
				<ele>180.0</ele>
				<time>2020-06-30T09:33:34</time>
			</trkpt>
			<trkpt lat="48.926349990069866" lon="3.2382099889218807">
				<ele>180.0</ele>
				<time>2020-06-30T09:33:36</time>
			</trkpt>
			<trkpt lat="48.92647999338806" lon="3.238219963386655">
				<ele>180.0</ele>
				<time>2020-06-30T09:33:39</time>
			</trkpt>
			<trkpt lat="48.92657998949289" lon="3.238239996135235">
				<ele>179.0</ele>
				<time>2020-06-30T09:33:40</time>
			</trkpt>
			<trkpt lat="48.92669993452728" lon="3.238249970600009">
				<ele>179.0</ele>
				<time>2020-06-30T09:33:43</time>
			</trkpt>
			<trkpt lat="48.92684997059405" lon="3.238279977813363">
				<ele>179.0</ele>
				<time>2020-06-30T09:33:45</time>
			</trkpt>
			<trkpt lat="48.92693999223411" lon="3.2382999267429113">
				<ele>179.0</ele>
				<time>2020-06-30T09:33:47</time>
			</trkpt>
			<trkpt lat="48.927099918946624" lon="3.2383499667048454">
				<ele>179.0</ele>
				<time>2020-06-30T09:33:50</time>
			</trkpt>
			<trkpt lat="48.927249955013394" lon="3.2383899483829737">
				<ele>178.0</ele>
				<time>2020-06-30T09:33:52</time>
			</trkpt>
			<trkpt lat="48.927399991080165" lon="3.2384399883449078">
				<ele>178.0</ele>
				<time>2020-06-30T09:33:55</time>
			</trkpt>
			<trkpt lat="48.927529994398355" lon="3.238479970023036">
				<ele>178.0</ele>
				<time>2020-06-30T09:33:57</time>
			</trkpt>
			<trkpt lat="48.92762999050319" lon="3.23850997723639">
				<ele>178.0</ele>
				<time>2020-06-30T09:33:59</time>
			</trkpt>
			<trkpt lat="48.92774993553758" lon="3.2385299261659384">
				<ele>178.0</ele>
				<time>2020-06-30T09:34:01</time>
			</trkpt>
			<trkpt lat="48.92803994938731" lon="3.2385699916630983">
				<ele>178.0</ele>
				<time>2020-06-30T09:34:06</time>
			</trkpt>
			<trkpt lat="48.92820993438363" lon="3.2385999988764524">
				<ele>178.0</ele>
				<time>2020-06-30T09:34:09</time>
			</trkpt>
			<trkpt lat="48.928239941596985" lon="3.238669987767935">
				<ele>178.0</ele>
				<time>2020-06-30T09:34:10</time>
			</trkpt>
			<trkpt lat="48.92824999988079" lon="3.238709969446063">
				<ele>178.0</ele>
				<time>2020-06-30T09:34:11</time>
			</trkpt>
			<trkpt lat="48.928259974345565" lon="3.2387299183756113">
				<ele>178.0</ele>
				<time>2020-06-30T09:34:11</time>
			</trkpt>
			<trkpt lat="48.928259974345565" lon="3.2387599255889654">
				<ele>178.0</ele>
				<time>2020-06-30T09:34:11</time>
			</trkpt>
			<trkpt lat="48.928259974345565" lon="3.2387899328023195">
				<ele>178.0</ele>
				<time>2020-06-30T09:34:12</time>
			</trkpt>
			<trkpt lat="48.928259974345565" lon="3.2388299982994795">
				<ele>178.0</ele>
				<time>2020-06-30T09:34:12</time>
			</trkpt>
			<trkpt lat="48.928259974345565" lon="3.238859921693802">
				<ele>178.0</ele>
				<time>2020-06-30T09:34:12</time>
			</trkpt>
			<trkpt lat="48.928259974345565" lon="3.238909961655736">
				<ele>178.0</ele>
				<time>2020-06-30T09:34:13</time>
			</trkpt>
			<trkpt lat="48.928259974345565" lon="3.2390099577605724">
				<ele>178.0</ele>
				<time>2020-06-30T09:34:14</time>
			</trkpt>
			<trkpt lat="48.92824999988079" lon="3.239089921116829">
				<ele>178.0</ele>
				<time>2020-06-30T09:34:15</time>
			</trkpt>
			<trkpt lat="48.928239941596985" lon="3.2391799427568913">
				<ele>178.0</ele>
				<time>2020-06-30T09:34:16</time>
			</trkpt>
			<trkpt lat="48.92821999266744" lon="3.2392699643969536">
				<ele>178.0</ele>
				<time>2020-06-30T09:34:17</time>
			</trkpt>
			<trkpt lat="48.92820993438363" lon="3.23936996050179">
				<ele>177.0</ele>
				<time>2020-06-30T09:34:18</time>
			</trkpt>
			<trkpt lat="48.92819995991886" lon="3.2394399493932724">
				<ele>177.0</ele>
				<time>2020-06-30T09:34:19</time>
			</trkpt>
			<trkpt lat="48.92819995991886" lon="3.2394999638199806">
				<ele>177.0</ele>
				<time>2020-06-30T09:34:20</time>
			</trkpt>
			<trkpt lat="48.92818998545408" lon="3.239549919962883">
				<ele>177.0</ele>
				<time>2020-06-30T09:34:20</time>
			</trkpt>
			<trkpt lat="48.92818998545408" lon="3.239579927176237">
				<ele>177.0</ele>
				<time>2020-06-30T09:34:21</time>
			</trkpt>
			<trkpt lat="48.92819995991886" lon="3.239619992673397">
				<ele>177.0</ele>
				<time>2020-06-30T09:34:21</time>
			</trkpt>
			<trkpt lat="48.92819995991886" lon="3.239649999886751">
				<ele>177.0</ele>
				<time>2020-06-30T09:34:22</time>
			</trkpt>
			<trkpt lat="48.92820993438363" lon="3.2396899815648794">
				<ele>177.0</ele>
				<time>2020-06-30T09:34:22</time>
			</trkpt>
			<trkpt lat="48.92821999266744" lon="3.2397199887782335">
				<ele>177.0</ele>
				<time>2020-06-30T09:34:22</time>
			</trkpt>
			<trkpt lat="48.928239941596985" lon="3.239769944921136">
				<ele>177.0</ele>
				<time>2020-06-30T09:34:23</time>
			</trkpt>
			<trkpt lat="48.928259974345565" lon="3.239809926599264">
				<ele>177.0</ele>
				<time>2020-06-30T09:34:24</time>
			</trkpt>
			<trkpt lat="48.92827992327511" lon="3.2398599665611982">
				<ele>177.0</ele>
				<time>2020-06-30T09:34:24</time>
			</trkpt>
			<trkpt lat="48.92831998877227" lon="3.2399099227041006">
				<ele>177.0</ele>
				<time>2020-06-30T09:34:25</time>
			</trkpt>
			<trkpt lat="48.9283599704504" lon="3.2399499882012606">
				<ele>177.0</ele>
				<time>2020-06-30T09:34:26</time>
			</trkpt>
			<trkpt lat="48.92843993380666" lon="3.240019977092743">
				<ele>177.0</ele>
				<time>2020-06-30T09:34:28</time>
			</trkpt>
			<trkpt lat="48.928579995408654" lon="3.2401499804109335">
				<ele>177.0</ele>
				<time>2020-06-30T09:34:31</time>
			</trkpt>
			<trkpt lat="48.92871997319162" lon="3.240259950980544">
				<ele>177.0</ele>
				<time>2020-06-30T09:34:33</time>
			</trkpt>
			<trkpt lat="48.928819969296455" lon="3.2403699215501547">
				<ele>177.0</ele>
				<time>2020-06-30T09:34:35</time>
			</trkpt>
			<trkpt lat="48.928979979828" lon="3.2404999248683453">
				<ele>178.0</ele>
				<time>2020-06-30T09:34:39</time>
			</trkpt>
			<trkpt lat="48.929119957610965" lon="3.2406199537217617">
				<ele>178.0</ele>
				<time>2020-06-30T09:34:41</time>
			</trkpt>
			<trkpt lat="48.9292199537158" lon="3.240709975361824">
				<ele>179.0</ele>
				<time>2020-06-30T09:34:43</time>
			</trkpt>
			<trkpt lat="48.92934995703399" lon="3.2408299203962088">
				<ele>179.0</ele>
				<time>2020-06-30T09:34:46</time>
			</trkpt>
			<trkpt lat="48.929289942607284" lon="3.241079952567816">
				<ele>179.0</ele>
				<time>2020-06-30T09:34:49</time>
			</trkpt>
			<trkpt lat="48.92925993539393" lon="3.2411799486726522">
				<ele>179.0</ele>
				<time>2020-06-30T09:34:50</time>
			</trkpt>
			<trkpt lat="48.92923998646438" lon="3.2412699703127146">
				<ele>179.0</ele>
				<time>2020-06-30T09:34:51</time>
			</trkpt>
			<trkpt lat="48.92919992096722" lon="3.241359991952777">
				<ele>179.0</ele>
				<time>2020-06-30T09:34:53</time>
			</trkpt>
			<trkpt lat="48.9291699975729" lon="3.2414399553090334">
				<ele>180.0</ele>
				<time>2020-06-30T09:34:54</time>
			</trkpt>
			<trkpt lat="48.928929939866066" lon="3.241979917511344">
				<ele>180.0</ele>
				<time>2020-06-30T09:35:01</time>
			</trkpt>
			<trkpt lat="48.92863992601633" lon="3.2426199596375227">
				<ele>181.0</ele>
				<time>2020-06-30T09:35:10</time>
			</trkpt>
			<trkpt lat="48.928539929911494" lon="3.242859933525324">
				<ele>181.0</ele>
				<time>2020-06-30T09:35:13</time>
			</trkpt>
			<trkpt lat="48.92847999930382" lon="3.2430199440568686">
				<ele>181.0</ele>
				<time>2020-06-30T09:35:15</time>
			</trkpt>
			<trkpt lat="48.92846994102001" lon="3.243059925734997">
				<ele>181.0</ele>
				<time>2020-06-30T09:35:16</time>
			</trkpt>
			<trkpt lat="48.92845996655524" lon="3.2430999912321568">
				<ele>181.0</ele>
				<time>2020-06-30T09:35:16</time>
			</trkpt>
			<trkpt lat="48.92833993770182" lon="3.243609946221113">
				<ele>181.0</ele>
				<time>2020-06-30T09:35:23</time>
			</trkpt>
			<trkpt lat="48.92830993048847" lon="3.2437099423259497">
				<ele>181.0</ele>
				<time>2020-06-30T09:35:24</time>
			</trkpt>
			<trkpt lat="48.92828998155892" lon="3.243789989501238">
				<ele>180.0</ele>
				<time>2020-06-30T09:35:25</time>
			</trkpt>
			<trkpt lat="48.92826994881034" lon="3.243829971179366">
				<ele>180.0</ele>
				<time>2020-06-30T09:35:25</time>
			</trkpt>
			<trkpt lat="48.92824999988079" lon="3.2438699528574944">
				<ele>180.0</ele>
				<time>2020-06-30T09:35:26</time>
			</trkpt>
			<trkpt lat="48.92822996713221" lon="3.2439099345356226">
				<ele>180.0</ele>
				<time>2020-06-30T09:35:27</time>
			</trkpt>
			<trkpt lat="48.92819995991886" lon="3.243949916213751">
				<ele>180.0</ele>
				<time>2020-06-30T09:35:27</time>
			</trkpt>
			<trkpt lat="48.92818998545408" lon="3.243969948962331">
				<ele>180.0</ele>
				<time>2020-06-30T09:35:28</time>
			</trkpt>
			<trkpt lat="48.92817992717028" lon="3.243979923427105">
				<ele>180.0</ele>
				<time>2020-06-30T09:35:28</time>
			</trkpt>
			<trkpt lat="48.927979934960604" lon="3.244249988347292">
				<ele>179.0</ele>
				<time>2020-06-30T09:35:32</time>
			</trkpt>
			<trkpt lat="48.92813994549215" lon="3.2443899661302567">
				<ele>180.0</ele>
				<time>2020-06-30T09:35:36</time>
			</trkpt>
			<trkpt lat="48.928259974345565" lon="3.244489962235093">
				<ele>180.0</ele>
				<time>2020-06-30T09:35:38</time>
			</trkpt>
			<trkpt lat="48.928369944915175" lon="3.2445699255913496">
				<ele>181.0</ele>
				<time>2020-06-30T09:35:40</time>
			</trkpt>
			<trkpt lat="48.92847999930382" lon="3.2446399983018637">
				<ele>181.0</ele>
				<time>2020-06-30T09:35:42</time>
			</trkpt>
			<trkpt lat="48.92860991880298" lon="3.24471996165812">
				<ele>182.0</ele>
				<time>2020-06-30T09:35:45</time>
			</trkpt>
			<trkpt lat="48.92873992212117" lon="3.2447999250143766">
				<ele>182.0</ele>
				<time>2020-06-30T09:35:47</time>
			</trkpt>
			<trkpt lat="48.92886992543936" lon="3.2448699977248907">
				<ele>182.0</ele>
				<time>2020-06-30T09:35:50</time>
			</trkpt>
			<trkpt lat="48.92901996150613" lon="3.244939986616373">
				<ele>182.0</ele>
				<time>2020-06-30T09:35:52</time>
			</trkpt>
			<trkpt lat="48.92929991707206" lon="3.2450299244374037">
				<ele>182.0</ele>
				<time>2020-06-30T09:35:57</time>
			</trkpt>
			<trkpt lat="48.929529916495085" lon="3.2450999971479177">
				<ele>181.0</ele>
				<time>2020-06-30T09:36:01</time>
			</trkpt>
			<trkpt lat="48.92981993034482" lon="3.2451899349689484">
				<ele>181.0</ele>
				<time>2020-06-30T09:36:06</time>
			</trkpt>
			<trkpt lat="48.92993995919824" lon="3.2452099677175283">
				<ele>180.0</ele>
				<time>2020-06-30T09:36:09</time>
			</trkpt>
			<trkpt lat="48.93005998805165" lon="3.2452199421823025">
				<ele>180.0</ele>
				<time>2020-06-30T09:36:11</time>
			</trkpt>
			<trkpt lat="48.93014992587268" lon="3.2452299166470766">
				<ele>180.0</ele>
				<time>2020-06-30T09:36:12</time>
			</trkpt>
			<trkpt lat="48.9302699547261" lon="3.2452199421823025">
				<ele>180.0</ele>
				<time>2020-06-30T09:36:14</time>
			</trkpt>
			<trkpt lat="48.93035997636616" lon="3.2452099677175283">
				<ele>180.0</ele>
				<time>2020-06-30T09:36:16</time>
			</trkpt>
			<trkpt lat="48.93046994693577" lon="3.2451799605041742">
				<ele>180.0</ele>
				<time>2020-06-30T09:36:18</time>
			</trkpt>
			<trkpt lat="48.93058997578919" lon="3.245139978826046">
				<ele>180.0</ele>
				<time>2020-06-30T09:36:20</time>
			</trkpt>
			<trkpt lat="48.930729953572154" lon="3.245089938864112">
				<ele>181.0</ele>
				<time>2020-06-30T09:36:22</time>
			</trkpt>
			<trkpt lat="48.93091997131705" lon="3.2450099755078554">
				<ele>181.0</ele>
				<time>2020-06-30T09:36:26</time>
			</trkpt>
			<trkpt lat="48.93103991635144" lon="3.244949961081147">
				<ele>182.0</ele>
				<time>2020-06-30T09:36:28</time>
			</trkpt>
			<trkpt lat="48.931139996275306" lon="3.244899921119213">
				<ele>182.0</ele>
				<time>2020-06-30T09:36:30</time>
			</trkpt>
			<trkpt lat="48.931589936837554" lon="3.244649972766638">
				<ele>182.0</ele>
				<time>2020-06-30T09:36:38</time>
			</trkpt>
			<trkpt lat="48.93168993294239" lon="3.2445999328047037">
				<ele>182.0</ele>
				<time>2020-06-30T09:36:40</time>
			</trkpt>
			<trkpt lat="48.9317499473691" lon="3.2445699255913496">
				<ele>182.0</ele>
				<time>2020-06-30T09:36:41</time>
			</trkpt>
			<trkpt lat="48.931869976222515" lon="3.2445199694484472">
				<ele>182.0</ele>
				<time>2020-06-30T09:36:43</time>
			</trkpt>
			<trkpt lat="48.93200995400548" lon="3.244459955021739">
				<ele>182.0</ele>
				<time>2020-06-30T09:36:46</time>
			</trkpt>
			<trkpt lat="48.93211992457509" lon="3.244429947808385">
				<ele>182.0</ele>
				<time>2020-06-30T09:36:48</time>
			</trkpt>
			<trkpt lat="48.93224992789328" lon="3.244399940595031">
				<ele>183.0</ele>
				<time>2020-06-30T09:36:50</time>
			</trkpt>
			<trkpt lat="48.9323699567467" lon="3.2443799916654825">
				<ele>183.0</ele>
				<time>2020-06-30T09:36:52</time>
			</trkpt>
			<trkpt lat="48.932449920102954" lon="3.2443699333816767">
				<ele>183.0</ele>
				<time>2020-06-30T09:36:54</time>
			</trkpt>
			<trkpt lat="48.93273993395269" lon="3.2443299517035484">
				<ele>183.0</ele>
				<time>2020-06-30T09:36:59</time>
			</trkpt>
			<trkpt lat="48.93351995386183" lon="3.244249988347292">
				<ele>184.0</ele>
				<time>2020-06-30T09:37:12</time>
			</trkpt>
			<trkpt lat="48.934299973770976" lon="3.2441699411720037">
				<ele>185.0</ele>
				<time>2020-06-30T09:37:26</time>
			</trkpt>
			<trkpt lat="48.93445998430252" lon="3.2441299594938755">
				<ele>185.0</ele>
				<time>2020-06-30T09:37:29</time>
			</trkpt>
			<trkpt lat="48.93454992212355" lon="3.2440999522805214">
				<ele>185.0</ele>
				<time>2020-06-30T09:37:30</time>
			</trkpt>
			<trkpt lat="48.93464991822839" lon="3.244059970602393">
				<ele>185.0</ele>
				<time>2020-06-30T09:37:32</time>
			</trkpt>
			<trkpt lat="48.93481998704374" lon="3.243989981710911">
				<ele>185.0</ele>
				<time>2020-06-30T09:37:35</time>
			</trkpt>
			<trkpt lat="48.93520999699831" lon="3.243829971179366">
				<ele>186.0</ele>
				<time>2020-06-30T09:37:42</time>
			</trkpt>
			<trkpt lat="48.93659996800125" lon="3.243339965119958">
				<ele>189.0</ele>
				<time>2020-06-30T09:38:07</time>
			</trkpt>
			<trkpt lat="48.93802992068231" lon="3.2427799701690674">
				<ele>190.0</ele>
				<time>2020-06-30T09:38:33</time>
			</trkpt>
			<trkpt lat="48.93926993943751" lon="3.2422999385744333">
				<ele>189.0</ele>
				<time>2020-06-30T09:38:55</time>
			</trkpt>
			<trkpt lat="48.940439969301224" lon="3.24196994304657">
				<ele>188.0</ele>
				<time>2020-06-30T09:39:16</time>
			</trkpt>
			<trkpt lat="48.9423599280417" lon="3.2414899952709675">
				<ele>186.0</ele>
				<time>2020-06-30T09:39:50</time>
			</trkpt>
			<trkpt lat="48.94238993525505" lon="3.2414799369871616">
				<ele>186.0</ele>
				<time>2020-06-30T09:39:50</time>
			</trkpt>
			<trkpt lat="48.94270995631814" lon="3.241389999166131">
				<ele>186.0</ele>
				<time>2020-06-30T09:39:56</time>
			</trkpt>
			<trkpt lat="48.94390999339521" lon="3.241059919819236">
				<ele>187.0</ele>
				<time>2020-06-30T09:40:17</time>
			</trkpt>
			<trkpt lat="48.94425993785262" lon="3.2409599237143993">
				<ele>187.0</ele>
				<time>2020-06-30T09:40:23</time>
			</trkpt>
			<trkpt lat="48.94482999108732" lon="3.2407699897885323">
				<ele>187.0</ele>
				<time>2020-06-30T09:40:33</time>
			</trkpt>
			<trkpt lat="48.94487994723022" lon="3.2407599315047264">
				<ele>187.0</ele>
				<time>2020-06-30T09:40:34</time>
			</trkpt>
			<trkpt lat="48.945059990510345" lon="3.24067996814847">
				<ele>187.0</ele>
				<time>2020-06-30T09:40:38</time>
			</trkpt>
			<trkpt lat="48.94558997824788" lon="3.240449968725443">
				<ele>186.0</ele>
				<time>2020-06-30T09:40:47</time>
			</trkpt>
			<trkpt lat="48.94568997435272" lon="3.2404099870473146">
				<ele>186.0</ele>
				<time>2020-06-30T09:40:49</time>
			</trkpt>
			<trkpt lat="48.945769937708974" lon="3.2403899542987347">
				<ele>186.0</ele>
				<time>2020-06-30T09:40:50</time>
			</trkpt>
			<trkpt lat="48.945859959349036" lon="3.2403599470853806">
				<ele>185.0</ele>
				<time>2020-06-30T09:40:52</time>
			</trkpt>
			<trkpt lat="48.94593992270529" lon="3.2403599470853806">
				<ele>185.0</ele>
				<time>2020-06-30T09:40:53</time>
			</trkpt>
			<trkpt lat="48.946029944345355" lon="3.2403499726206064">
				<ele>185.0</ele>
				<time>2020-06-30T09:40:55</time>
			</trkpt>
			<trkpt lat="48.94622993655503" lon="3.2403399981558323">
				<ele>185.0</ele>
				<time>2020-06-30T09:40:58</time>
			</trkpt>
			<trkpt lat="48.946609972044826" lon="3.2403499726206064">
				<ele>185.0</ele>
				<time>2020-06-30T09:41:05</time>
			</trkpt>
			<trkpt lat="48.94698992371559" lon="3.2403199654072523">
				<ele>186.0</ele>
				<time>2020-06-30T09:41:12</time>
			</trkpt>
			<trkpt lat="48.94706997089088" lon="3.2403199654072523">
				<ele>186.0</ele>
				<time>2020-06-30T09:41:13</time>
			</trkpt>
			<trkpt lat="48.94770992919803" lon="3.2401899620890617">
				<ele>183.0</ele>
				<time>2020-06-30T09:41:24</time>
			</trkpt>
			<trkpt lat="48.94777991808951" lon="3.2401699293404818">
				<ele>182.0</ele>
				<time>2020-06-30T09:41:25</time>
			</trkpt>
			<trkpt lat="48.94783993251622" lon="3.2401499804109335">
				<ele>182.0</ele>
				<time>2020-06-30T09:41:27</time>
			</trkpt>
			<trkpt lat="48.94786993972957" lon="3.2401399221271276">
				<ele>182.0</ele>
				<time>2020-06-30T09:41:27</time>
			</trkpt>
			<trkpt lat="48.948089964687824" lon="3.240039926022291">
				<ele>183.0</ele>
				<time>2020-06-30T09:41:31</time>
			</trkpt>
			<trkpt lat="48.94818996079266" lon="3.239999944344163">
				<ele>183.0</ele>
				<time>2020-06-30T09:41:33</time>
			</trkpt>
			<trkpt lat="48.94826992414892" lon="3.2399399299174547">
				<ele>183.0</ele>
				<time>2020-06-30T09:41:34</time>
			</trkpt>
			<trkpt lat="48.94850998185575" lon="3.239769944921136">
				<ele>183.0</ele>
				<time>2020-06-30T09:41:39</time>
			</trkpt>
			<trkpt lat="48.948839977383614" lon="3.2395199965685606">
				<ele>183.0</ele>
				<time>2020-06-30T09:41:45</time>
			</trkpt>
			<trkpt lat="48.94940994679928" lon="3.239309946075082">
				<ele>185.0</ele>
				<time>2020-06-30T09:41:56</time>
			</trkpt>
			<trkpt lat="48.94981998950243" lon="3.239139961078763">
				<ele>184.0</ele>
				<time>2020-06-30T09:42:03</time>
			</trkpt>
			<trkpt lat="48.949959967285395" lon="3.2390599977225065">
				<ele>184.0</ele>
				<time>2020-06-30T09:42:06</time>
			</trkpt>
			<trkpt lat="48.95015995949507" lon="3.238949943333864">
				<ele>184.0</ele>
				<time>2020-06-30T09:42:09</time>
			</trkpt>
			<trkpt lat="48.95060998387635" lon="3.238659929484129">
				<ele>183.0</ele>
				<time>2020-06-30T09:42:18</time>
			</trkpt>
			<trkpt lat="48.950969986617565" lon="3.238419955596328">
				<ele>182.0</ele>
				<time>2020-06-30T09:42:25</time>
			</trkpt>
			<trkpt lat="48.951209960505366" lon="3.238259945064783">
				<ele>182.0</ele>
				<time>2020-06-30T09:42:29</time>
			</trkpt>
			<trkpt lat="48.95172997377813" lon="3.238049978390336">
				<ele>182.0</ele>
				<time>2020-06-30T09:42:39</time>
			</trkpt>
			<trkpt lat="48.95323997363448" lon="3.2374699506908655">
				<ele>181.0</ele>
				<time>2020-06-30T09:43:06</time>
			</trkpt>
			<trkpt lat="48.95346997305751" lon="3.237359980121255">
				<ele>181.0</ele>
				<time>2020-06-30T09:43:10</time>
			</trkpt>
			<trkpt lat="48.953809943050146" lon="3.2372099440544844">
				<ele>180.0</ele>
				<time>2020-06-30T09:43:16</time>
			</trkpt>
			<trkpt lat="48.954319981858134" lon="3.236969970166683">
				<ele>179.0</ele>
				<time>2020-06-30T09:43:25</time>
			</trkpt>
			<trkpt lat="48.95452994853258" lon="3.236879948526621">
				<ele>178.0</ele>
				<time>2020-06-30T09:43:29</time>
			</trkpt>
			<trkpt lat="48.954619970172644" lon="3.2368599995970726">
				<ele>177.0</ele>
				<time>2020-06-30T09:43:31</time>
			</trkpt>
			<trkpt lat="48.9555599167943" lon="3.2366399746388197">
				<ele>172.0</ele>
				<time>2020-06-30T09:43:47</time>
			</trkpt>
			<trkpt lat="48.95600994117558" lon="3.2365299202501774">
				<ele>171.0</ele>
				<time>2020-06-30T09:43:55</time>
			</trkpt>
			<trkpt lat="48.95609996281564" lon="3.236499996855855">
				<ele>171.0</ele>
				<time>2020-06-30T09:43:57</time>
			</trkpt>
			<trkpt lat="48.956169951707125" lon="3.236489938572049">
				<ele>170.0</ele>
				<time>2020-06-30T09:43:58</time>
			</trkpt>
			<trkpt lat="48.95645996555686" lon="3.2363799680024385">
				<ele>169.0</ele>
				<time>2020-06-30T09:44:03</time>
			</trkpt>
			<trkpt lat="48.95663992501795" lon="3.2363199535757303">
				<ele>168.0</ele>
				<time>2020-06-30T09:44:06</time>
			</trkpt>
			<trkpt lat="48.957439977675676" lon="3.236039998009801">
				<ele>163.0</ele>
				<time>2020-06-30T09:44:21</time>
			</trkpt>
			<trkpt lat="48.95753997378051" lon="3.236009990796447">
				<ele>163.0</ele>
				<time>2020-06-30T09:44:23</time>
			</trkpt>
			<trkpt lat="48.95799997262657" lon="3.2358799874782562">
				<ele>160.0</ele>
				<time>2020-06-30T09:44:31</time>
			</trkpt>
			<trkpt lat="48.958149924874306" lon="3.235829947516322">
				<ele>159.0</ele>
				<time>2020-06-30T09:44:33</time>
			</trkpt>
			<trkpt lat="48.958209939301014" lon="3.235799940302968">
				<ele>159.0</ele>
				<time>2020-06-30T09:44:34</time>
			</trkpt>
			<trkpt lat="48.958229972049594" lon="3.235769933089614">
				<ele>158.0</ele>
				<time>2020-06-30T09:44:35</time>
			</trkpt>
			<trkpt lat="48.95826995372772" lon="3.2357099186629057">
				<ele>158.0</ele>
				<time>2020-06-30T09:44:36</time>
			</trkpt>
			<trkpt lat="48.958299960941076" lon="3.2356599625200033">
				<ele>158.0</ele>
				<time>2020-06-30T09:44:37</time>
			</trkpt>
			<trkpt lat="48.95832996815443" lon="3.2356099225580692">
				<ele>158.0</ele>
				<time>2020-06-30T09:44:37</time>
			</trkpt>
			<trkpt lat="48.95834991708398" lon="3.2355499919503927">
				<ele>158.0</ele>
				<time>2020-06-30T09:44:38</time>
			</trkpt>
			<trkpt lat="48.95837992429733" lon="3.2354799192398787">
				<ele>158.0</ele>
				<time>2020-06-30T09:44:39</time>
			</trkpt>
			<trkpt lat="48.95842996425927" lon="3.235219996422529">
				<ele>158.0</ele>
				<time>2020-06-30T09:44:42</time>
			</trkpt>
			<trkpt lat="48.95845997147262" lon="3.2350299786776304">
				<ele>157.0</ele>
				<time>2020-06-30T09:44:45</time>
			</trkpt>
			<trkpt lat="48.95847992040217" lon="3.234929982572794">
				<ele>157.0</ele>
				<time>2020-06-30T09:44:46</time>
			</trkpt>
			<trkpt lat="48.95849995315075" lon="3.2347999792546034">
				<ele>157.0</ele>
				<time>2020-06-30T09:44:47</time>
			</trkpt>
			<trkpt lat="48.95856994204223" lon="3.2343999948352575">
				<ele>157.0</ele>
				<time>2020-06-30T09:44:52</time>
			</trkpt>
			<trkpt lat="48.95869994536042" lon="3.2336899638175964">
				<ele>154.0</ele>
				<time>2020-06-30T09:45:00</time>
			</trkpt>
			<trkpt lat="48.95869994536042" lon="3.2336897123605013">
				<ele>153.99</ele>
				<time>2020-06-30T09:45:00</time>
			</trkpt>
			<trkpt lat="48.958789967000484" lon="3.233189983293414">
				<ele>151.0</ele>
				<time>2020-06-30T09:45:06</time>
			</trkpt>
			<trkpt lat="48.95886993035674" lon="3.2327999733388424">
				<ele>149.0</ele>
				<time>2020-06-30T09:45:11</time>
			</trkpt>
			<trkpt lat="48.95887998864055" lon="3.232679944485426">
				<ele>148.0</ele>
				<time>2020-06-30T09:45:12</time>
			</trkpt>
			<trkpt lat="48.95887998864055" lon="3.2323399744927883">
				<ele>147.0</ele>
				<time>2020-06-30T09:45:16</time>
			</trkpt>
			<trkpt lat="48.958709919825196" lon="3.231109930202365">
				<ele>142.0</ele>
				<time>2020-06-30T09:45:31</time>
			</trkpt>
			<trkpt lat="48.958639930933714" lon="3.230689996853471">
				<ele>141.0</ele>
				<time>2020-06-30T09:45:36</time>
			</trkpt>
			<trkpt lat="48.958599949255586" lon="3.2304299902170897">
				<ele>139.0</ele>
				<time>2020-06-30T09:45:39</time>
			</trkpt>
			<trkpt lat="48.95858997479081" lon="3.2303199358284473">
				<ele>138.0</ele>
				<time>2020-06-30T09:45:40</time>
			</trkpt>
			<trkpt lat="48.958579916507006" lon="3.2301299180835485">
				<ele>137.0</ele>
				<time>2020-06-30T09:45:42</time>
			</trkpt>
			<trkpt lat="48.95858997479081" lon="3.2298599369823933">
				<ele>135.0</ele>
				<time>2020-06-30T09:45:45</time>
			</trkpt>
			<trkpt lat="48.958639930933714" lon="3.2294799853116274">
				<ele>134.0</ele>
				<time>2020-06-30T09:45:50</time>
			</trkpt>
			<trkpt lat="48.958729952573776" lon="3.2291999459266663">
				<ele>132.0</ele>
				<time>2020-06-30T09:45:53</time>
			</trkpt>
			<trkpt lat="48.95883992314339" lon="3.228969946503639">
				<ele>132.0</ele>
				<time>2020-06-30T09:45:56</time>
			</trkpt>
			<trkpt lat="48.95888996310532" lon="3.2288899831473827">
				<ele>131.0</ele>
				<time>2020-06-30T09:45:58</time>
			</trkpt>
			<trkpt lat="48.959029940888286" lon="3.228739947080612">
				<ele>130.0</ele>
				<time>2020-06-30T09:46:01</time>
			</trkpt>
			<trkpt lat="48.959159944206476" lon="3.2286399509757757">
				<ele>129.0</ele>
				<time>2020-06-30T09:46:03</time>
			</trkpt>
			<trkpt lat="48.959179976955056" lon="3.2286299765110016">
				<ele>129.0</ele>
				<time>2020-06-30T09:46:04</time>
			</trkpt>
			<trkpt lat="48.95955992862582" lon="3.2283699698746204">
				<ele>126.0</ele>
				<time>2020-06-30T09:46:11</time>
			</trkpt>
			<trkpt lat="48.959799986332655" lon="3.22821993380785">
				<ele>125.0</ele>
				<time>2020-06-30T09:46:15</time>
			</trkpt>
			<trkpt lat="48.959889924153686" lon="3.2281499449163675">
				<ele>125.0</ele>
				<time>2020-06-30T09:46:17</time>
			</trkpt>
			<trkpt lat="48.95991993136704" lon="3.2281199377030134">
				<ele>124.0</ele>
				<time>2020-06-30T09:46:18</time>
			</trkpt>
			<trkpt lat="48.959929989650846" lon="3.2281099632382393">
				<ele>124.0</ele>
				<time>2020-06-30T09:46:18</time>
			</trkpt>
			<trkpt lat="48.9600099530071" lon="3.228049948811531">
				<ele>124.0</ele>
				<time>2020-06-30T09:46:19</time>
			</trkpt>
			<trkpt lat="48.96004993468523" lon="3.2279799599200487">
				<ele>123.0</ele>
				<time>2020-06-30T09:46:21</time>
			</trkpt>
			<trkpt lat="48.96008991636336" lon="3.2279099710285664">
				<ele>123.0</ele>
				<time>2020-06-30T09:46:22</time>
			</trkpt>
			<trkpt lat="48.96015998907387" lon="3.2277299277484417">
				<ele>122.0</ele>
				<time>2020-06-30T09:46:24</time>
			</trkpt>
			<trkpt lat="48.960199970752" lon="3.227569917216897">
				<ele>122.0</ele>
				<time>2020-06-30T09:46:26</time>
			</trkpt>
			<trkpt lat="48.96023995243013" lon="3.2274499721825123">
				<ele>121.0</ele>
				<time>2020-06-30T09:46:27</time>
			</trkpt>
			<trkpt lat="48.96045997738838" lon="3.226299975067377">
				<ele>115.0</ele>
				<time>2020-06-30T09:46:41</time>
			</trkpt>
			<trkpt lat="48.960549999028444" lon="3.2258599251508713">
				<ele>113.0</ele>
				<time>2020-06-30T09:46:46</time>
			</trkpt>
			<trkpt lat="48.960659969598055" lon="3.225369919091463">
				<ele>111.0</ele>
				<time>2020-06-30T09:46:52</time>
			</trkpt>
			<trkpt lat="48.9606799185276" lon="3.2253199629485607">
				<ele>111.0</ele>
				<time>2020-06-30T09:46:53</time>
			</trkpt>
			<trkpt lat="48.96070992574096" lon="3.2252399995923042">
				<ele>110.0</ele>
				<time>2020-06-30T09:46:54</time>
			</trkpt>
			<trkpt lat="48.96075996570289" lon="3.22516992688179">
				<ele>110.0</ele>
				<time>2020-06-30T09:46:55</time>
			</trkpt>
			<trkpt lat="48.960789972916245" lon="3.225129945203662">
				<ele>109.0</ele>
				<time>2020-06-30T09:46:56</time>
			</trkpt>
			<trkpt lat="48.960809921845794" lon="3.2251099962741137">
				<ele>109.0</ele>
				<time>2020-06-30T09:46:56</time>
			</trkpt>
			<trkpt lat="48.96083992905915" lon="3.2250899635255337">
				<ele>109.0</ele>
				<time>2020-06-30T09:46:57</time>
			</trkpt>
			<trkpt lat="48.96088996902108" lon="3.2250799890607595">
				<ele>108.0</ele>
				<time>2020-06-30T09:46:58</time>
			</trkpt>
			<trkpt lat="48.960919976234436" lon="3.2250799890607595">
				<ele>108.0</ele>
				<time>2020-06-30T09:46:58</time>
			</trkpt>
			<trkpt lat="48.96096993237734" lon="3.225099937990308">
				<ele>107.0</ele>
				<time>2020-06-30T09:46:59</time>
			</trkpt>
			<trkpt lat="48.96099993959069" lon="3.2251099962741137">
				<ele>107.0</ele>
				<time>2020-06-30T09:47:00</time>
			</trkpt>
			<trkpt lat="48.96103992126882" lon="3.225139919668436">
				<ele>107.0</ele>
				<time>2020-06-30T09:47:01</time>
			</trkpt>
			<trkpt lat="48.961069928482175" lon="3.225179985165596">
				<ele>107.0</ele>
				<time>2020-06-30T09:47:01</time>
			</trkpt>
			<trkpt lat="48.96111996844411" lon="3.2252499740570784">
				<ele>106.0</ele>
				<time>2020-06-30T09:47:02</time>
			</trkpt>
			<trkpt lat="48.96133999340236" lon="3.225609976798296">
				<ele>104.0</ele>
				<time>2020-06-30T09:47:08</time>
			</trkpt>
			<trkpt lat="48.96139992401004" lon="3.2256999984383583">
				<ele>104.0</ele>
				<time>2020-06-30T09:47:09</time>
			</trkpt>
			<trkpt lat="48.961779959499836" lon="3.226279942318797">
				<ele>101.0</ele>
				<time>2020-06-30T09:47:19</time>
			</trkpt>
			<trkpt lat="48.9620599988848" lon="3.226669952273369">
				<ele>100.0</ele>
				<time>2020-06-30T09:47:25</time>
			</trkpt>
			<trkpt lat="48.962119929492474" lon="3.226749999448657">
				<ele>99.0</ele>
				<time>2020-06-30T09:47:27</time>
			</trkpt>
			<trkpt lat="48.962189918383956" lon="3.2268199883401394">
				<ele>99.0</ele>
				<time>2020-06-30T09:47:28</time>
			</trkpt>
			<trkpt lat="48.96230994723737" lon="3.226919984444976">
				<ele>98.0</ele>
				<time>2020-06-30T09:47:31</time>
			</trkpt>
			<trkpt lat="48.96240994334221" lon="3.226939933374524">
				<ele>97.0</ele>
				<time>2020-06-30T09:47:32</time>
			</trkpt>
			<trkpt lat="48.96247993223369" lon="3.22694999165833">
				<ele>97.0</ele>
				<time>2020-06-30T09:47:34</time>
			</trkpt>
			<trkpt lat="48.96255997940898" lon="3.226939933374524">
				<ele>96.0</ele>
				<time>2020-06-30T09:47:35</time>
			</trkpt>
			<trkpt lat="48.962639942765236" lon="3.226919984444976">
				<ele>95.0</ele>
				<time>2020-06-30T09:47:36</time>
			</trkpt>
			<trkpt lat="48.9627799205482" lon="3.2268599700182676">
				<ele>94.0</ele>
				<time>2020-06-30T09:47:39</time>
			</trkpt>
			<trkpt lat="48.96298997104168" lon="3.226759973913431">
				<ele>92.0</ele>
				<time>2020-06-30T09:47:43</time>
			</trkpt>
			<trkpt lat="48.964119935408235" lon="3.226219927892089">
				<ele>86.0</ele>
				<time>2020-06-30T09:48:03</time>
			</trkpt>
			<trkpt lat="48.96460994146764" lon="3.225989928469062">
				<ele>84.0</ele>
				<time>2020-06-30T09:48:12</time>
			</trkpt>
			<trkpt lat="48.96509994752705" lon="3.2257499545812607">
				<ele>83.0</ele>
				<time>2020-06-30T09:48:21</time>
			</trkpt>
			<trkpt lat="48.96548995748162" lon="3.2255199551582336">
				<ele>82.0</ele>
				<time>2020-06-30T09:48:29</time>
			</trkpt>
			<trkpt lat="48.965989938005805" lon="3.22516992688179">
				<ele>82.0</ele>
				<time>2020-06-30T09:48:38</time>
			</trkpt>
			<trkpt lat="48.96653995849192" lon="3.22475996799767">
				<ele>83.0</ele>
				<time>2020-06-30T09:48:49</time>
			</trkpt>
			<trkpt lat="48.967109927907586" lon="3.22432997636497">
				<ele>84.0</ele>
				<time>2020-06-30T09:49:00</time>
			</trkpt>
			<trkpt lat="48.966999957337976" lon="3.224069969728589">
				<ele>84.0</ele>
				<time>2020-06-30T09:49:03</time>
			</trkpt>
			<trkpt lat="48.96638992242515" lon="3.222759962081909">
				<ele>80.0</ele>
				<time>2020-06-30T09:49:22</time>
			</trkpt>
			<trkpt lat="48.96621993742883" lon="3.2223799265921116">
				<ele>79.0</ele>
				<time>2020-06-30T09:49:27</time>
			</trkpt>
			<trkpt lat="48.965799920260906" lon="3.2214799616485834">
				<ele>76.0</ele>
				<time>2020-06-30T09:49:40</time>
			</trkpt>
			<trkpt lat="48.964719995856285" lon="3.219149960204959">
				<ele>72.0</ele>
				<time>2020-06-30T09:50:12</time>
			</trkpt>
			<trkpt lat="48.96464992314577" lon="3.219009982421994">
				<ele>72.0</ele>
				<time>2020-06-30T09:50:14</time>
			</trkpt>
			<trkpt lat="48.96425999701023" lon="3.2179999630898237">
				<ele>71.0</ele>
				<time>2020-06-30T09:50:28</time>
			</trkpt>
			<trkpt lat="48.96417994983494" lon="3.217779938131571">
				<ele>71.0</ele>
				<time>2020-06-30T09:50:31</time>
			</trkpt>
			<trkpt lat="48.9640199393034" lon="3.217359920963645">
				<ele>71.0</ele>
				<time>2020-06-30T09:50:36</time>
			</trkpt>
			<trkpt lat="48.96324997767806" lon="3.2153099589049816">
				<ele>69.0</ele>
				<time>2020-06-30T09:51:03</time>
			</trkpt>
			<trkpt lat="48.963109999895096" lon="3.2149099744856358">
				<ele>68.0</ele>
				<time>2020-06-30T09:51:08</time>
			</trkpt>
			<trkpt lat="48.96307999268174" lon="3.2147899456322193">
				<ele>68.0</ele>
				<time>2020-06-30T09:51:10</time>
			</trkpt>
			<trkpt lat="48.96304998546839" lon="3.214729931205511">
				<ele>67.0</ele>
				<time>2020-06-30T09:51:11</time>
			</trkpt>
			<trkpt lat="48.96303992718458" lon="3.2146799750626087">
				<ele>67.0</ele>
				<time>2020-06-30T09:51:11</time>
			</trkpt>
			<trkpt lat="48.96299994550645" lon="3.21448995731771">
				<ele>67.0</ele>
				<time>2020-06-30T09:51:13</time>
			</trkpt>
			<trkpt lat="48.9629199821502" lon="3.214239925146103">
				<ele>66.0</ele>
				<time>2020-06-30T09:51:17</time>
			</trkpt>
			<trkpt lat="48.962699957191944" lon="3.2136999629437923">
				<ele>65.0</ele>
				<time>2020-06-30T09:51:24</time>
			</trkpt>
			<trkpt lat="48.96246995776892" lon="3.2130999863147736">
				<ele>63.0</ele>
				<time>2020-06-30T09:51:32</time>
			</trkpt>
			<trkpt lat="48.96217994391918" lon="3.2124399952590466">
				<ele>61.0</ele>
				<time>2020-06-30T09:51:41</time>
			</trkpt>
			<trkpt lat="48.96212998777628" lon="3.21229993365705">
				<ele>61.0</ele>
				<time>2020-06-30T09:51:43</time>
			</trkpt>
			<trkpt lat="48.962079947814345" lon="3.2120199780911207">
				<ele>61.0</ele>
				<time>2020-06-30T09:51:46</time>
			</trkpt>
			<trkpt lat="48.96204994060099" lon="3.211599960923195">
				<ele>60.0</ele>
				<time>2020-06-30T09:51:51</time>
			</trkpt>
			<trkpt lat="48.96204994060099" lon="3.211389994248748">
				<ele>60.0</ele>
				<time>2020-06-30T09:51:53</time>
			</trkpt>
			<trkpt lat="48.96206997334957" lon="3.211139962077141">
				<ele>60.0</ele>
				<time>2020-06-30T09:51:56</time>
			</trkpt>
			<trkpt lat="48.962099980562925" lon="3.210709970444441">
				<ele>60.0</ele>
				<time>2020-06-30T09:52:01</time>
			</trkpt>
			<trkpt lat="48.96201993338764" lon="3.2104199565947056">
				<ele>60.0</ele>
				<time>2020-06-30T09:52:05</time>
			</trkpt>
			<trkpt lat="48.961759926751256" lon="3.2097799982875586">
				<ele>59.0</ele>
				<time>2020-06-30T09:52:13</time>
			</trkpt>
			<trkpt lat="48.96165993064642" lon="3.2099099177867174">
				<ele>60.0</ele>
				<time>2020-06-30T09:52:16</time>
			</trkpt>
			<trkpt lat="48.9612999279052" lon="3.210459938272834">
				<ele>60.0</ele>
				<time>2020-06-30T09:52:24</time>
			</trkpt>
			<trkpt lat="48.961109993979335" lon="3.210779959335923">
				<ele>61.0</ele>
				<time>2020-06-30T09:52:29</time>
			</trkpt>
			<trkpt lat="48.96083992905915" lon="3.211199976503849">
				<ele>63.0</ele>
				<time>2020-06-30T09:52:36</time>
			</trkpt>
			<trkpt lat="48.96061998791993" lon="3.2115699537098408">
				<ele>65.0</ele>
				<time>2020-06-30T09:52:42</time>
			</trkpt>
			<trkpt lat="48.960489984601736" lon="3.2117699459195137">
				<ele>66.0</ele>
				<time>2020-06-30T09:52:45</time>
			</trkpt>
			<trkpt lat="48.960399962961674" lon="3.2118999492377043">
				<ele>66.0</ele>
				<time>2020-06-30T09:52:47</time>
			</trkpt>
			<trkpt lat="48.960229977965355" lon="3.2121399231255054">
				<ele>68.0</ele>
				<time>2020-06-30T09:52:51</time>
			</trkpt>
			<trkpt lat="48.960199970752" lon="3.2121699303388596">
				<ele>68.0</ele>
				<time>2020-06-30T09:52:52</time>
			</trkpt>
			<trkpt lat="48.95997994579375" lon="3.2124299369752407">
				<ele>70.0</ele>
				<time>2020-06-30T09:52:57</time>
			</trkpt>
			<trkpt lat="48.95991993136704" lon="3.212519958615303">
				<ele>71.0</ele>
				<time>2020-06-30T09:52:58</time>
			</trkpt>
			<trkpt lat="48.95980996079743" lon="3.21274995803833">
				<ele>72.0</ele>
				<time>2020-06-30T09:53:01</time>
			</trkpt>
			<trkpt lat="48.959669983014464" lon="3.2130899280309677">
				<ele>74.0</ele>
				<time>2020-06-30T09:53:06</time>
			</trkpt>
			<trkpt lat="48.95959999412298" lon="3.2132699713110924">
				<ele>74.0</ele>
				<time>2020-06-30T09:53:08</time>
			</trkpt>
			<trkpt lat="48.95946999080479" lon="3.21362997405231">
				<ele>75.0</ele>
				<time>2020-06-30T09:53:13</time>
			</trkpt>
			<trkpt lat="48.95937996916473" lon="3.213819991797209">
				<ele>76.0</ele>
				<time>2020-06-30T09:53:16</time>
			</trkpt>
			<trkpt lat="48.95931995473802" lon="3.2138999551534653">
				<ele>76.0</ele>
				<time>2020-06-30T09:53:17</time>
			</trkpt>
			<trkpt lat="48.95927997305989" lon="3.2139299623668194">
				<ele>76.0</ele>
				<time>2020-06-30T09:53:18</time>
			</trkpt>
			<trkpt lat="48.95922993309796" lon="3.2139699440449476">
				<ele>77.0</ele>
				<time>2020-06-30T09:53:19</time>
			</trkpt>
			<trkpt lat="48.9591499697417" lon="3.214009925723076">
				<ele>77.0</ele>
				<time>2020-06-30T09:53:20</time>
			</trkpt>
			<trkpt lat="48.959069922566414" lon="3.2140199840068817">
				<ele>78.0</ele>
				<time>2020-06-30T09:53:22</time>
			</trkpt>
			<trkpt lat="48.95898995921016" lon="3.2139999512583017">
				<ele>78.0</ele>
				<time>2020-06-30T09:53:23</time>
			</trkpt>
			<trkpt lat="48.958919970318675" lon="3.2139799185097218">
				<ele>79.0</ele>
				<time>2020-06-30T09:53:24</time>
			</trkpt>
			<trkpt lat="48.958899937570095" lon="3.2139699440449476">
				<ele>79.0</ele>
				<time>2020-06-30T09:53:25</time>
			</trkpt>
			<trkpt lat="48.95882994867861" lon="3.2139399368315935">
				<ele>79.0</ele>
				<time>2020-06-30T09:53:26</time>
			</trkpt>
			<trkpt lat="48.95879994146526" lon="3.2139199879020452">
				<ele>80.0</ele>
				<time>2020-06-30T09:53:27</time>
			</trkpt>
			<trkpt lat="48.95875995978713" lon="3.2138999551534653">
				<ele>80.0</ele>
				<time>2020-06-30T09:53:27</time>
			</trkpt>
			<trkpt lat="48.958709919825196" lon="3.213849999010563">
				<ele>80.0</ele>
				<time>2020-06-30T09:53:28</time>
			</trkpt>
			<trkpt lat="48.958619982004166" lon="3.2137399446219206">
				<ele>81.0</ele>
				<time>2020-06-30T09:53:30</time>
			</trkpt>
			<trkpt lat="48.95858997479081" lon="3.2137099374085665">
				<ele>81.0</ele>
				<time>2020-06-30T09:53:31</time>
			</trkpt>
			<trkpt lat="48.9585299603641" lon="3.2136499229818583">
				<ele>82.0</ele>
				<time>2020-06-30T09:53:32</time>
			</trkpt>
			<trkpt lat="48.95834991708398" lon="3.213439956307411">
				<ele>85.0</ele>
				<time>2020-06-30T09:53:36</time>
			</trkpt>
			<trkpt lat="48.9582899864763" lon="3.213369967415929">
				<ele>85.0</ele>
				<time>2020-06-30T09:53:38</time>
			</trkpt>
			<trkpt lat="48.95808999426663" lon="3.2130999863147736">
				<ele>88.0</ele>
				<time>2020-06-30T09:53:42</time>
			</trkpt>
			<trkpt lat="48.957779947668314" lon="3.212699918076396">
				<ele>93.0</ele>
				<time>2020-06-30T09:53:49</time>
			</trkpt>
			<trkpt lat="48.95772999152541" lon="3.2126399874687195">
				<ele>94.0</ele>
				<time>2020-06-30T09:53:50</time>
			</trkpt>
			<trkpt lat="48.95761993713677" lon="3.212529933080077">
				<ele>95.0</ele>
				<time>2020-06-30T09:53:53</time>
			</trkpt>
			<trkpt lat="48.95751994103193" lon="3.2124199625104666">
				<ele>96.0</ele>
				<time>2020-06-30T09:53:55</time>
			</trkpt>
			<trkpt lat="48.95738993771374" lon="3.2123299408704042">
				<ele>97.0</ele>
				<time>2020-06-30T09:53:57</time>
			</trkpt>
			<trkpt lat="48.95710998214781" lon="3.212109999731183">
				<ele>99.0</ele>
				<time>2020-06-30T09:54:03</time>
			</trkpt>
			<trkpt lat="48.95705994218588" lon="3.212079992517829">
				<ele>100.0</ele>
				<time>2020-06-30T09:54:04</time>
			</trkpt>
			<trkpt lat="48.956489972770214" lon="3.2117099314928055">
				<ele>105.0</ele>
				<time>2020-06-30T09:54:14</time>
			</trkpt>
			<trkpt lat="48.95635996945202" lon="3.2115899864584208">
				<ele>106.0</ele>
				<time>2020-06-30T09:54:17</time>
			</trkpt>
			<trkpt lat="48.95623994059861" lon="3.2114799320697784">
				<ele>107.0</ele>
				<time>2020-06-30T09:54:20</time>
			</trkpt>
			<trkpt lat="48.956169951707125" lon="3.211409943178296">
				<ele>108.0</ele>
				<time>2020-06-30T09:54:21</time>
			</trkpt>
			<trkpt lat="48.95608998835087" lon="3.2113299798220396">
				<ele>109.0</ele>
				<time>2020-06-30T09:54:23</time>
			</trkpt>
			<trkpt lat="48.95578991621733" lon="3.2110199332237244">
				<ele>111.0</ele>
				<time>2020-06-30T09:54:29</time>
			</trkpt>
			<trkpt lat="48.95568992011249" lon="3.210939969867468">
				<ele>112.0</ele>
				<time>2020-06-30T09:54:31</time>
			</trkpt>
			<trkpt lat="48.953569969162345" lon="3.2095599733293056">
				<ele>121.0</ele>
				<time>2020-06-30T09:55:11</time>
			</trkpt>
			<trkpt lat="48.95346997305751" lon="3.2094999589025974">
				<ele>122.0</ele>
				<time>2020-06-30T09:55:13</time>
			</trkpt>
			<trkpt lat="48.951399978250265" lon="3.2081899512559175">
				<ele>146.0</ele>
				<time>2020-06-30T09:55:52</time>
			</trkpt>
			<trkpt lat="48.95089999772608" lon="3.2079199701547623">
				<ele>149.0</ele>
				<time>2020-06-30T09:56:01</time>
			</trkpt>
			<trkpt lat="48.95086999051273" lon="3.2079399190843105">
				<ele>149.0</ele>
				<time>2020-06-30T09:56:02</time>
			</trkpt>
			<trkpt lat="48.95082992501557" lon="3.2079499773681164">
				<ele>150.0</ele>
				<time>2020-06-30T09:56:02</time>
			</trkpt>
			<trkpt lat="48.95076999440789" lon="3.2079599518328905">
				<ele>150.0</ele>
				<time>2020-06-30T09:56:04</time>
			</trkpt>
			<trkpt lat="48.950709979981184" lon="3.2079599518328905">
				<ele>150.0</ele>
				<time>2020-06-30T09:56:05</time>
			</trkpt>
			<trkpt lat="48.949959967285395" lon="3.2079899590462446">
				<ele>153.0</ele>
				<time>2020-06-30T09:56:18</time>
			</trkpt>
			<trkpt lat="48.94955998286605" lon="3.2079799845814705">
				<ele>155.0</ele>
				<time>2020-06-30T09:56:25</time>
			</trkpt>
			<trkpt lat="48.94951991736889" lon="3.2079799845814705">
				<ele>155.0</ele>
				<time>2020-06-30T09:56:25</time>
			</trkpt>
			<trkpt lat="48.94927994348109" lon="3.2079499773681164">
				<ele>156.0</ele>
				<time>2020-06-30T09:56:29</time>
			</trkpt>
			<trkpt lat="48.948959922418" lon="3.207889962941408">
				<ele>157.0</ele>
				<time>2020-06-30T09:56:35</time>
			</trkpt>
			<trkpt lat="48.94867996685207" lon="3.207859955728054">
				<ele>158.0</ele>
				<time>2020-06-30T09:56:40</time>
			</trkpt>
			<trkpt lat="48.948459941893816" lon="3.207859955728054">
				<ele>159.0</ele>
				<time>2020-06-30T09:56:44</time>
			</trkpt>
			<trkpt lat="48.94820999354124" lon="3.207869930192828">
				<ele>160.0</ele>
				<time>2020-06-30T09:56:48</time>
			</trkpt>
			<trkpt lat="48.94780992530286" lon="3.2079299446195364">
				<ele>162.0</ele>
				<time>2020-06-30T09:56:55</time>
			</trkpt>
			<trkpt lat="48.94751999527216" lon="3.2079599518328905">
				<ele>162.0</ele>
				<time>2020-06-30T09:57:00</time>
			</trkpt>
			<trkpt lat="48.94739996641874" lon="3.2079599518328905">
				<ele>162.0</ele>
				<time>2020-06-30T09:57:02</time>
			</trkpt>
			<trkpt lat="48.9472399558872" lon="3.2079299446195364">
				<ele>162.0</ele>
				<time>2020-06-30T09:57:05</time>
			</trkpt>
			<trkpt lat="48.946739975363016" lon="3.2078099995851517">
				<ele>164.0</ele>
				<time>2020-06-30T09:57:14</time>
			</trkpt>
			<trkpt lat="48.94649991765618" lon="3.2077299524098635">
				<ele>165.0</ele>
				<time>2020-06-30T09:57:18</time>
			</trkpt>
			<trkpt lat="48.94640997983515" lon="3.2076999451965094">
				<ele>165.0</ele>
				<time>2020-06-30T09:57:20</time>
			</trkpt>
			<trkpt lat="48.94620998762548" lon="3.207609923556447">
				<ele>166.0</ele>
				<time>2020-06-30T09:57:23</time>
			</trkpt>
			<trkpt lat="48.944139992818236" lon="3.206259934231639">
				<ele>172.0</ele>
				<time>2020-06-30T09:58:03</time>
			</trkpt>
			<trkpt lat="48.94410998560488" lon="3.2062499597668648">
				<ele>172.0</ele>
				<time>2020-06-30T09:58:03</time>
			</trkpt>
			<trkpt lat="48.943839920684695" lon="3.2061299309134483">
				<ele>173.0</ele>
				<time>2020-06-30T09:58:08</time>
			</trkpt>
			<trkpt lat="48.943539932370186" lon="3.2060199603438377">
				<ele>173.0</ele>
				<time>2020-06-30T09:58:13</time>
			</trkpt>
			<trkpt lat="48.94339995458722" lon="3.2059599459171295">
				<ele>174.0</ele>
				<time>2020-06-30T09:58:16</time>
			</trkpt>
			<trkpt lat="48.94227996468544" lon="3.2055399287492037">
				<ele>176.0</ele>
				<time>2020-06-30T09:58:36</time>
			</trkpt>
			<trkpt lat="48.94164998084307" lon="3.2053299620747566">
				<ele>177.0</ele>
				<time>2020-06-30T09:58:47</time>
			</trkpt>
			<trkpt lat="48.93937999382615" lon="3.204549942165613">
				<ele>182.0</ele>
				<time>2020-06-30T09:59:28</time>
			</trkpt>
			<trkpt lat="48.93900993280113" lon="3.2044199388474226">
				<ele>182.0</ele>
				<time>2020-06-30T09:59:34</time>
			</trkpt>
			<trkpt lat="48.93752994015813" lon="3.203909983858466">
				<ele>182.0</ele>
				<time>2020-06-30T10:00:01</time>
			</trkpt>
			<trkpt lat="48.93718997016549" lon="3.203799929469824">
				<ele>183.0</ele>
				<time>2020-06-30T10:00:07</time>
			</trkpt>
			<trkpt lat="48.93711998127401" lon="3.2037699222564697">
				<ele>183.0</ele>
				<time>2020-06-30T10:00:08</time>
			</trkpt>
			<trkpt lat="48.93442997708917" lon="3.2028499245643616">
				<ele>182.0</ele>
				<time>2020-06-30T10:00:56</time>
			</trkpt>
			<trkpt lat="48.933609975501895" lon="3.202569968998432">
				<ele>181.0</ele>
				<time>2020-06-30T10:01:11</time>
			</trkpt>
			<trkpt lat="48.93314997665584" lon="3.2024099584668875">
				<ele>182.0</ele>
				<time>2020-06-30T10:01:19</time>
			</trkpt>
			<trkpt lat="48.93258998170495" lon="3.2022299990057945">
				<ele>183.0</ele>
				<time>2020-06-30T10:01:29</time>
			</trkpt>
			<trkpt lat="48.932109950110316" lon="3.20206998847425">
				<ele>185.0</ele>
				<time>2020-06-30T10:01:37</time>
			</trkpt>
			<trkpt lat="48.931979946792126" lon="3.2020199485123158">
				<ele>185.0</ele>
				<time>2020-06-30T10:01:40</time>
			</trkpt>
			<trkpt lat="48.93133998848498" lon="3.201799923554063">
				<ele>186.0</ele>
				<time>2020-06-30T10:01:51</time>
			</trkpt>
			<trkpt lat="48.930749986320734" lon="3.2016099896281958">
				<ele>186.0</ele>
				<time>2020-06-30T10:02:02</time>
			</trkpt>
			<trkpt lat="48.930709920823574" lon="3.20159993134439">
				<ele>186.0</ele>
				<time>2020-06-30T10:02:02</time>
			</trkpt>
			<trkpt lat="48.92920997925103" lon="3.2010899763554335">
				<ele>183.0</ele>
				<time>2020-06-30T10:02:29</time>
			</trkpt>
			<trkpt lat="48.928979979828" lon="3.2010099291801453">
				<ele>182.0</ele>
				<time>2020-06-30T10:02:33</time>
			</trkpt>
			<trkpt lat="48.92800994217396" lon="3.2006799336522818">
				<ele>180.0</ele>
				<time>2020-06-30T10:02:51</time>
			</trkpt>
			<trkpt lat="48.927209973335266" lon="3.2003999780863523">
				<ele>179.0</ele>
				<time>2020-06-30T10:03:05</time>
			</trkpt>
			<trkpt lat="48.926329957321286" lon="3.200099989771843">
				<ele>178.0</ele>
				<time>2020-06-30T10:03:21</time>
			</trkpt>
			<trkpt lat="48.92418997362256" lon="3.1993799842894077">
				<ele>181.0</ele>
				<time>2020-06-30T10:03:59</time>
			</trkpt>
			<trkpt lat="48.92411998473108" lon="3.1993599515408278">
				<ele>181.0</ele>
				<time>2020-06-30T10:04:00</time>
			</trkpt>
			<trkpt lat="48.923059925436974" lon="3.198989974334836">
				<ele>182.0</ele>
				<time>2020-06-30T10:04:19</time>
			</trkpt>
			<trkpt lat="48.92295992933214" lon="3.198959967121482">
				<ele>182.0</ele>
				<time>2020-06-30T10:04:21</time>
			</trkpt>
			<trkpt lat="48.92270998097956" lon="3.1988799199461937">
				<ele>180.0</ele>
				<time>2020-06-30T10:04:25</time>
			</trkpt>
			<trkpt lat="48.92257997766137" lon="3.1988299638032913">
				<ele>180.0</ele>
				<time>2020-06-30T10:04:27</time>
			</trkpt>
			<trkpt lat="48.9213299844414" lon="3.1983999721705914">
				<ele>175.0</ele>
				<time>2020-06-30T10:04:50</time>
			</trkpt>
			<trkpt lat="48.92093997448683" lon="3.1982599943876266">
				<ele>173.0</ele>
				<time>2020-06-30T10:04:57</time>
			</trkpt>
			<trkpt lat="48.919259989634156" lon="3.1977099739015102">
				<ele>166.0</ele>
				<time>2020-06-30T10:05:27</time>
			</trkpt>
			<trkpt lat="48.91840998083353" lon="3.197419960051775">
				<ele>163.0</ele>
				<time>2020-06-30T10:05:42</time>
			</trkpt>
			<trkpt lat="48.91764999367297" lon="3.197159953415394">
				<ele>161.0</ele>
				<time>2020-06-30T10:05:55</time>
			</trkpt>
			<trkpt lat="48.91719996929169" lon="3.1970099173486233">
				<ele>159.0</ele>
				<time>2020-06-30T10:06:03</time>
			</trkpt>
			<trkpt lat="48.917069965973496" lon="3.196959961205721">
				<ele>159.0</ele>
				<time>2020-06-30T10:06:06</time>
			</trkpt>
			<trkpt lat="48.91676997765899" lon="3.1968499906361103">
				<ele>158.0</ele>
				<time>2020-06-30T10:06:11</time>
			</trkpt>
			<trkpt lat="48.91636999323964" lon="3.1966999545693398">
				<ele>157.0</ele>
				<time>2020-06-30T10:06:18</time>
			</trkpt>
			<trkpt lat="48.916059946641326" lon="3.196589983999729">
				<ele>156.0</ele>
				<time>2020-06-30T10:06:24</time>
			</trkpt>
			<trkpt lat="48.915109941735864" lon="3.196279937401414">
				<ele>153.0</ele>
				<time>2020-06-30T10:06:41</time>
			</trkpt>
			<trkpt lat="48.91489997506142" lon="3.1961899995803833">
				<ele>152.0</ele>
				<time>2020-06-30T10:06:44</time>
			</trkpt>
			<trkpt lat="48.914619935676455" lon="3.196099977940321">
				<ele>150.0</ele>
				<time>2020-06-30T10:06:49</time>
			</trkpt>
			<trkpt lat="48.91411995515227" lon="3.1959499418735504">
				<ele>148.0</ele>
				<time>2020-06-30T10:06:58</time>
			</trkpt>
			<trkpt lat="48.91368996351957" lon="3.1957999896258116">
				<ele>147.0</ele>
				<time>2020-06-30T10:07:06</time>
			</trkpt>
			<trkpt lat="48.913459964096546" lon="3.1957299169152975">
				<ele>145.0</ele>
				<time>2020-06-30T10:07:10</time>
			</trkpt>
			<trkpt lat="48.91326994635165" lon="3.195649953559041">
				<ele>143.0</ele>
				<time>2020-06-30T10:07:13</time>
			</trkpt>
			<trkpt lat="48.91301999799907" lon="3.1955599319189787">
				<ele>140.0</ele>
				<time>2020-06-30T10:07:18</time>
			</trkpt>
			<trkpt lat="48.912939950823784" lon="3.1955599319189787">
				<ele>139.0</ele>
				<time>2020-06-30T10:07:19</time>
			</trkpt>
			<trkpt lat="48.912899969145656" lon="3.1955599319189787">
				<ele>139.0</ele>
				<time>2020-06-30T10:07:20</time>
			</trkpt>
			<trkpt lat="48.91281992197037" lon="3.1955999974161386">
				<ele>138.0</ele>
				<time>2020-06-30T10:07:21</time>
			</trkpt>
			<trkpt lat="48.91273995861411" lon="3.1956899352371693">
				<ele>137.0</ele>
				<time>2020-06-30T10:07:23</time>
			</trkpt>
			<trkpt lat="48.91237995587289" lon="3.1961999740451574">
				<ele>131.0</ele>
				<time>2020-06-30T10:07:32</time>
			</trkpt>
			<trkpt lat="48.91227995976806" lon="3.196339951828122">
				<ele>129.0</ele>
				<time>2020-06-30T10:07:34</time>
			</trkpt>
			<trkpt lat="48.912149956449866" lon="3.1964899878948927">
				<ele>128.0</ele>
				<time>2020-06-30T10:07:37</time>
			</trkpt>
			<trkpt lat="48.91196999698877" lon="3.196759968996048">
				<ele>127.0</ele>
				<time>2020-06-30T10:07:41</time>
			</trkpt>
			<trkpt lat="48.911719964817166" lon="3.1971199717372656">
				<ele>125.0</ele>
				<time>2020-06-30T10:07:47</time>
			</trkpt>
			<trkpt lat="48.911439925432205" lon="3.1975599378347397">
				<ele>122.0</ele>
				<time>2020-06-30T10:07:54</time>
			</trkpt>
			<trkpt lat="48.91133992932737" lon="3.1976899411529303">
				<ele>120.0</ele>
				<time>2020-06-30T10:07:57</time>
			</trkpt>
			<trkpt lat="48.91125996597111" lon="3.1977499555796385">
				<ele>119.0</ele>
				<time>2020-06-30T10:07:58</time>
			</trkpt>
			<trkpt lat="48.911159969866276" lon="3.1977399811148643">
				<ele>118.0</ele>
				<time>2020-06-30T10:08:00</time>
			</trkpt>
			<trkpt lat="48.91107992269099" lon="3.197669992223382">
				<ele>118.0</ele>
				<time>2020-06-30T10:08:02</time>
			</trkpt>
			<trkpt lat="48.91103994101286" lon="3.1975499633699656">
				<ele>117.0</ele>
				<time>2020-06-30T10:08:03</time>
			</trkpt>
			<trkpt lat="48.91086995601654" lon="3.1970099173486233">
				<ele>115.0</ele>
				<time>2020-06-30T10:08:10</time>
			</trkpt>
			<trkpt lat="48.910749927163124" lon="3.1965999584645033">
				<ele>112.0</ele>
				<time>2020-06-30T10:08:15</time>
			</trkpt>
			<trkpt lat="48.91066996380687" lon="3.1964499223977327">
				<ele>110.0</ele>
				<time>2020-06-30T10:08:17</time>
			</trkpt>
			<trkpt lat="48.910579942166805" lon="3.196339951828122">
				<ele>109.0</ele>
				<time>2020-06-30T10:08:19</time>
			</trkpt>
			<trkpt lat="48.910469971597195" lon="3.196279937401414">
				<ele>107.0</ele>
				<time>2020-06-30T10:08:21</time>
			</trkpt>
			<trkpt lat="48.910339968279004" lon="3.196299970149994">
				<ele>106.0</ele>
				<time>2020-06-30T10:08:24</time>
			</trkpt>
			<trkpt lat="48.910279953852296" lon="3.196309944614768">
				<ele>105.0</ele>
				<time>2020-06-30T10:08:25</time>
			</trkpt>
			<trkpt lat="48.90974996611476" lon="3.1964699551463127">
				<ele>101.0</ele>
				<time>2020-06-30T10:08:34</time>
			</trkpt>
			<trkpt lat="48.90961996279657" lon="3.196499962359667">
				<ele>100.0</ele>
				<time>2020-06-30T10:08:36</time>
			</trkpt>
			<trkpt lat="48.907979959622025" lon="3.196999942883849">
				<ele>90.0</ele>
				<time>2020-06-30T10:09:05</time>
			</trkpt>
			<trkpt lat="48.90759992413223" lon="3.1971099972724915">
				<ele>86.0</ele>
				<time>2020-06-30T10:09:12</time>
			</trkpt>
			<trkpt lat="48.90751996077597" lon="3.1971199717372656">
				<ele>85.0</ele>
				<time>2020-06-30T10:09:14</time>
			</trkpt>
			<trkpt lat="48.90742993913591" lon="3.1970899645239115">
				<ele>84.0</ele>
				<time>2020-06-30T10:09:15</time>
			</trkpt>
			<trkpt lat="48.90737998299301" lon="3.1970499828457832">
				<ele>83.0</ele>
				<time>2020-06-30T10:09:16</time>
			</trkpt>
			<trkpt lat="48.907309994101524" lon="3.1970699317753315">
				<ele>83.0</ele>
				<time>2020-06-30T10:09:17</time>
			</trkpt>
			<trkpt lat="48.907249979674816" lon="3.1968499906361103">
				<ele>82.0</ele>
				<time>2020-06-30T10:09:20</time>
			</trkpt>
			<trkpt lat="48.90716993249953" lon="3.1966399401426315">
				<ele>81.0</ele>
				<time>2020-06-30T10:09:23</time>
			</trkpt>
			<trkpt lat="48.90705996192992" lon="3.1963999662548304">
				<ele>80.0</ele>
				<time>2020-06-30T10:09:26</time>
			</trkpt>
			<trkpt lat="48.906799955293536" lon="3.1960399635136127">
				<ele>77.0</ele>
				<time>2020-06-30T10:09:32</time>
			</trkpt>
			<trkpt lat="48.90648999251425" lon="3.1957899313420057">
				<ele>77.0</ele>
				<time>2020-06-30T10:09:39</time>
			</trkpt>
			<trkpt lat="48.90644992701709" lon="3.1957799568772316">
				<ele>77.0</ele>
				<time>2020-06-30T10:09:39</time>
			</trkpt>
			<trkpt lat="48.9064599853009" lon="3.1951399985700846">
				<ele>76.0</ele>
				<time>2020-06-30T10:09:47</time>
			</trkpt>
			<trkpt lat="48.9064599853009" lon="3.194989962503314">
				<ele>76.0</ele>
				<time>2020-06-30T10:09:48</time>
			</trkpt>
			<trkpt lat="48.90644992701709" lon="3.1949099991470575">
				<ele>76.0</ele>
				<time>2020-06-30T10:09:49</time>
			</trkpt>
			<trkpt lat="48.90649996697903" lon="3.1939999759197235">
				<ele>75.0</ele>
				<time>2020-06-30T10:10:00</time>
			</trkpt>
			<trkpt lat="48.9065099414438" lon="3.1935599260032177">
				<ele>74.0</ele>
				<time>2020-06-30T10:10:05</time>
			</trkpt>
			<trkpt lat="48.9065099414438" lon="3.1935199443250895">
				<ele>74.0</ele>
				<time>2020-06-30T10:10:05</time>
			</trkpt>
			<trkpt lat="48.90646995976567" lon="3.193389941006899">
				<ele>74.0</ele>
				<time>2020-06-30T10:10:07</time>
			</trkpt>
			<trkpt lat="48.90639997087419" lon="3.1932999193668365">
				<ele>74.0</ele>
				<time>2020-06-30T10:10:08</time>
			</trkpt>
			<trkpt lat="48.90615999698639" lon="3.193209981545806">
				<ele>74.0</ele>
				<time>2020-06-30T10:10:13</time>
			</trkpt>
			<trkpt lat="48.90559991821647" lon="3.193019963800907">
				<ele>75.0</ele>
				<time>2020-06-30T10:10:23</time>
			</trkpt>
			<trkpt lat="48.905039923265576" lon="3.1928399205207825">
				<ele>76.0</ele>
				<time>2020-06-30T10:10:33</time>
			</trkpt>
			<trkpt lat="48.90499994158745" lon="3.1928299460560083">
				<ele>76.0</ele>
				<time>2020-06-30T10:10:33</time>
			</trkpt>
			<trkpt lat="48.90486993826926" lon="3.1926799938082695">
				<ele>76.0</ele>
				<time>2020-06-30T10:10:36</time>
			</trkpt>
			<trkpt lat="48.90512994490564" lon="3.1913699861615896">
				<ele>72.0</ele>
				<time>2020-06-30T10:10:52</time>
			</trkpt>
			<trkpt lat="48.90549992211163" lon="3.189239976927638">
				<ele>64.0</ele>
				<time>2020-06-30T10:11:17</time>
			</trkpt>
			<trkpt lat="48.905849950388074" lon="3.1871499493718147">
				<ele>61.0</ele>
				<time>2020-06-30T10:11:42</time>
			</trkpt>
			<trkpt lat="48.90592999756336" lon="3.1866499688476324">
				<ele>61.0</ele>
				<time>2020-06-30T10:11:48</time>
			</trkpt>
			<trkpt lat="48.905939972028136" lon="3.1866199616342783">
				<ele>61.0</ele>
				<time>2020-06-30T10:11:48</time>
			</trkpt>
			<trkpt lat="48.90594994649291" lon="3.18655994720757">
				<ele>61.0</ele>
				<time>2020-06-30T10:11:49</time>
			</trkpt>
			<trkpt lat="48.90596997924149" lon="3.1864399183541536">
				<ele>61.0</ele>
				<time>2020-06-30T10:11:50</time>
			</trkpt>
			<trkpt lat="48.906129989773035" lon="3.1855299789458513">
				<ele>62.0</ele>
				<time>2020-06-30T10:12:01</time>
			</trkpt>
			<trkpt lat="48.90613996423781" lon="3.185469964519143">
				<ele>62.0</ele>
				<time>2020-06-30T10:12:02</time>
			</trkpt>
			<trkpt lat="48.90615999698639" lon="3.1853999756276608">
				<ele>62.0</ele>
				<time>2020-06-30T10:12:02</time>
			</trkpt>
			<trkpt lat="48.90618992038071" lon="3.185199983417988">
				<ele>62.0</ele>
				<time>2020-06-30T10:12:05</time>
			</trkpt>
			<trkpt lat="48.906259993091226" lon="3.184789940714836">
				<ele>62.0</ele>
				<time>2020-06-30T10:12:10</time>
			</trkpt>
			<trkpt lat="48.9063199236989" lon="3.1844199635088444">
				<ele>63.0</ele>
				<time>2020-06-30T10:12:14</time>
			</trkpt>
			<trkpt lat="48.90635998919606" lon="3.1842399202287197">
				<ele>63.0</ele>
				<time>2020-06-30T10:12:16</time>
			</trkpt>
			<trkpt lat="48.906369963660836" lon="3.184109916910529">
				<ele>63.0</ele>
				<time>2020-06-30T10:12:18</time>
			</trkpt>
			<trkpt lat="48.906389996409416" lon="3.1840099208056927">
				<ele>63.0</ele>
				<time>2020-06-30T10:12:19</time>
			</trkpt>
			<trkpt lat="48.90641991980374" lon="3.1838299613445997">
				<ele>64.0</ele>
				<time>2020-06-30T10:12:21</time>
			</trkpt>
			<trkpt lat="48.906429978087544" lon="3.1837699469178915">
				<ele>64.0</ele>
				<time>2020-06-30T10:12:22</time>
			</trkpt>
			<trkpt lat="48.9064599853009" lon="3.183719990774989">
				<ele>65.0</ele>
				<time>2020-06-30T10:12:22</time>
			</trkpt>
			<trkpt lat="48.90657993033528" lon="3.1837099324911833">
				<ele>65.0</ele>
				<time>2020-06-30T10:12:25</time>
			</trkpt>
			<trkpt lat="48.906779922544956" lon="3.1837299652397633">
				<ele>64.0</ele>
				<time>2020-06-30T10:12:28</time>
			</trkpt>
			<trkpt lat="48.90708996914327" lon="3.1837099324911833">
				<ele>65.0</ele>
				<time>2020-06-30T10:12:33</time>
			</trkpt>
			<trkpt lat="48.9071299508214" lon="3.1837099324911833">
				<ele>65.0</ele>
				<time>2020-06-30T10:12:34</time>
			</trkpt>
			<trkpt lat="48.907309994101524" lon="3.183689983561635">
				<ele>65.0</ele>
				<time>2020-06-30T10:12:37</time>
			</trkpt>
			<trkpt lat="48.907439997419715" lon="3.183659976348281">
				<ele>65.0</ele>
				<time>2020-06-30T10:12:40</time>
			</trkpt>
			<trkpt lat="48.90748995356262" lon="3.183639943599701">
				<ele>65.0</ele>
				<time>2020-06-30T10:12:40</time>
			</trkpt>
			<trkpt lat="48.907549967989326" lon="3.183609936386347">
				<ele>65.0</ele>
				<time>2020-06-30T10:12:42</time>
			</trkpt>
			<trkpt lat="48.907609982416034" lon="3.1835799291729927">
				<ele>66.0</ele>
				<time>2020-06-30T10:12:43</time>
			</trkpt>
			<trkpt lat="48.90770997852087" lon="3.1835099402815104">
				<ele>66.0</ele>
				<time>2020-06-30T10:12:45</time>
			</trkpt>
			<trkpt lat="48.90781994909048" lon="3.183419918641448">
				<ele>66.0</ele>
				<time>2020-06-30T10:12:47</time>
			</trkpt>
			<trkpt lat="48.90790997073054" lon="3.1833299808204174">
				<ele>66.0</ele>
				<time>2020-06-30T10:12:49</time>
			</trkpt>
			<trkpt lat="48.907959926873446" lon="3.183269966393709">
				<ele>66.0</ele>
				<time>2020-06-30T10:12:50</time>
			</trkpt>
			<trkpt lat="48.907999992370605" lon="3.183209951967001">
				<ele>66.0</ele>
				<time>2020-06-30T10:12:51</time>
			</trkpt>
			<trkpt lat="48.90805992297828" lon="3.1831099558621645">
				<ele>66.0</ele>
				<time>2020-06-30T10:12:52</time>
			</trkpt>
			<trkpt lat="48.90809998847544" lon="3.183009959757328">
				<ele>66.0</ele>
				<time>2020-06-30T10:12:54</time>
			</trkpt>
			<trkpt lat="48.908129995688796" lon="3.1829099636524916">
				<ele>66.0</ele>
				<time>2020-06-30T10:12:55</time>
			</trkpt>
			<trkpt lat="48.908149944618344" lon="3.182769985869527">
				<ele>66.0</ele>
				<time>2020-06-30T10:12:57</time>
			</trkpt>
			<trkpt lat="48.908169977366924" lon="3.182569993659854">
				<ele>66.0</ele>
				<time>2020-06-30T10:12:59</time>
			</trkpt>
			<trkpt lat="48.9081799518317" lon="3.182359943166375">
				<ele>67.0</ele>
				<time>2020-06-30T10:13:01</time>
			</trkpt>
			<trkpt lat="48.90818992629647" lon="3.1821999326348305">
				<ele>67.0</ele>
				<time>2020-06-30T10:13:03</time>
			</trkpt>
			<trkpt lat="48.9081799518317" lon="3.1820099987089634">
				<ele>67.0</ele>
				<time>2020-06-30T10:13:05</time>
			</trkpt>
			<trkpt lat="48.90815991908312" lon="3.181839929893613">
				<ele>67.0</ele>
				<time>2020-06-30T10:13:07</time>
			</trkpt>
			<trkpt lat="48.908089930191636" lon="3.1815099343657494">
				<ele>67.0</ele>
				<time>2020-06-30T10:13:11</time>
			</trkpt>
			<trkpt lat="48.90789999626577" lon="3.181469952687621">
				<ele>69.0</ele>
				<time>2020-06-30T10:13:15</time>
			</trkpt>
			<trkpt lat="48.90781994909048" lon="3.181439945474267">
				<ele>69.0</ele>
				<time>2020-06-30T10:13:16</time>
			</trkpt>
			<trkpt lat="48.907749960199" lon="3.1813699565827847">
				<ele>70.0</ele>
				<time>2020-06-30T10:13:17</time>
			</trkpt>
			<trkpt lat="48.90727998688817" lon="3.1808199360966682">
				<ele>74.0</ele>
				<time>2020-06-30T10:13:28</time>
			</trkpt>
			<trkpt lat="48.907249979674816" lon="3.18077995441854">
				<ele>74.0</ele>
				<time>2020-06-30T10:13:28</time>
			</trkpt>
			<trkpt lat="48.90720999799669" lon="3.1807399727404118">
				<ele>74.0</ele>
				<time>2020-06-30T10:13:29</time>
			</trkpt>
			<trkpt lat="48.906539948657155" lon="3.1799599528312683">
				<ele>78.0</ele>
				<time>2020-06-30T10:13:44</time>
			</trkpt>
			<trkpt lat="48.906129989773035" lon="3.17948997952044">
				<ele>81.0</ele>
				<time>2020-06-30T10:13:53</time>
			</trkpt>
			<trkpt lat="48.9060299936682" lon="3.1793399434536695">
				<ele>82.0</ele>
				<time>2020-06-30T10:13:55</time>
			</trkpt>
			<trkpt lat="48.90600996091962" lon="3.1793099362403154">
				<ele>82.0</ele>
				<time>2020-06-30T10:13:56</time>
			</trkpt>
			<trkpt lat="48.905849950388074" lon="3.1789199262857437">
				<ele>84.0</ele>
				<time>2020-06-30T10:14:01</time>
			</trkpt>
			<trkpt lat="48.905679965391755" lon="3.1784499529749155">
				<ele>85.0</ele>
				<time>2020-06-30T10:14:07</time>
			</trkpt>
			<trkpt lat="48.90557996928692" lon="3.1781899463385344">
				<ele>86.0</ele>
				<time>2020-06-30T10:14:11</time>
			</trkpt>
			<trkpt lat="48.90549992211163" lon="3.1779799796640873">
				<ele>87.0</ele>
				<time>2020-06-30T10:14:13</time>
			</trkpt>
			<trkpt lat="48.905249973759055" lon="3.1772999558597803">
				<ele>88.0</ele>
				<time>2020-06-30T10:14:22</time>
			</trkpt>
			<trkpt lat="48.90499994158745" lon="3.1766499392688274">
				<ele>90.0</ele>
				<time>2020-06-30T10:14:31</time>
			</trkpt>
			<trkpt lat="48.904799949377775" lon="3.176119951531291">
				<ele>93.0</ele>
				<time>2020-06-30T10:14:38</time>
			</trkpt>
			<trkpt lat="48.90422997996211" lon="3.1745899189263582">
				<ele>104.0</ele>
				<time>2020-06-30T10:14:58</time>
			</trkpt>
			<trkpt lat="48.90413995832205" lon="3.174339970573783">
				<ele>106.0</ele>
				<time>2020-06-30T10:15:01</time>
			</trkpt>
			<trkpt lat="48.90388992615044" lon="3.173649972304702">
				<ele>110.0</ele>
				<time>2020-06-30T10:15:10</time>
			</trkpt>
			<trkpt lat="48.90375992283225" lon="3.1733499839901924">
				<ele>112.0</ele>
				<time>2020-06-30T10:15:14</time>
			</trkpt>
			<trkpt lat="48.90364995226264" lon="3.1731199845671654">
				<ele>112.0</ele>
				<time>2020-06-30T10:15:18</time>
			</trkpt>
			<trkpt lat="48.90349991619587" lon="3.1728499196469784">
				<ele>113.0</ele>
				<time>2020-06-30T10:15:22</time>
			</trkpt>
			<trkpt lat="48.90325994230807" lon="3.1725299824029207">
				<ele>115.0</ele>
				<time>2020-06-30T10:15:27</time>
			</trkpt>
			<trkpt lat="48.90295995399356" lon="3.1722299940884113">
				<ele>118.0</ele>
				<time>2020-06-30T10:15:34</time>
			</trkpt>
			<trkpt lat="48.90250992961228" lon="3.171739988029003">
				<ele>122.0</ele>
				<time>2020-06-30T10:15:43</time>
			</trkpt>
			<trkpt lat="48.90196996740997" lon="3.1711599603295326">
				<ele>126.0</ele>
				<time>2020-06-30T10:15:55</time>
			</trkpt>
			<trkpt lat="48.901429921388626" lon="3.170589990913868">
				<ele>126.0</ele>
				<time>2020-06-30T10:16:06</time>
			</trkpt>
			<trkpt lat="48.900999929755926" lon="3.170119933784008">
				<ele>126.0</ele>
				<time>2020-06-30T10:16:15</time>
			</trkpt>
			<trkpt lat="48.900739923119545" lon="3.169889934360981">
				<ele>127.0</ele>
				<time>2020-06-30T10:16:21</time>
			</trkpt>
			<trkpt lat="48.90059994533658" lon="3.1697899382561445">
				<ele>127.0</ele>
				<time>2020-06-30T10:16:23</time>
			</trkpt>
			<trkpt lat="48.900439934805036" lon="3.169689942151308">
				<ele>128.0</ele>
				<time>2020-06-30T10:16:26</time>
			</trkpt>
			<trkpt lat="48.90026994980872" lon="3.1696099787950516">
				<ele>129.0</ele>
				<time>2020-06-30T10:16:29</time>
			</trkpt>
			<trkpt lat="48.899749936535954" lon="3.1693499721586704">
				<ele>132.0</ele>
				<time>2020-06-30T10:16:39</time>
			</trkpt>
			<trkpt lat="48.899709954857826" lon="3.1693399976938963">
				<ele>133.0</ele>
				<time>2020-06-30T10:16:40</time>
			</trkpt>
			<trkpt lat="48.89954994432628" lon="3.169279983267188">
				<ele>134.0</ele>
				<time>2020-06-30T10:16:42</time>
			</trkpt>
			<trkpt lat="48.897389927878976" lon="3.168369960039854">
				<ele>141.0</ele>
				<time>2020-06-30T10:17:22</time>
			</trkpt>
			<trkpt lat="48.89731993898749" lon="3.1683399528265">
				<ele>142.0</ele>
				<time>2020-06-30T10:17:23</time>
			</trkpt>
			<trkpt lat="48.897169986739755" lon="3.1682799383997917">
				<ele>143.0</ele>
				<time>2020-06-30T10:17:25</time>
			</trkpt>
			<trkpt lat="48.896829932928085" lon="3.168129986152053">
				<ele>145.0</ele>
				<time>2020-06-30T10:17:32</time>
			</trkpt>
			<trkpt lat="48.896569926291704" lon="3.1680299900472164">
				<ele>146.0</ele>
				<time>2020-06-30T10:17:36</time>
			</trkpt>
			<trkpt lat="48.89636993408203" lon="3.16792999394238">
				<ele>147.0</ele>
				<time>2020-06-30T10:17:40</time>
			</trkpt>
			<trkpt lat="48.89624998904765" lon="3.16788992844522">
				<ele>148.0</ele>
				<time>2020-06-30T10:17:42</time>
			</trkpt>
			<trkpt lat="48.895989982411265" lon="3.1677699834108353">
				<ele>149.0</ele>
				<time>2020-06-30T10:17:47</time>
			</trkpt>
			<trkpt lat="48.89550995081663" lon="3.1675699912011623">
				<ele>150.0</ele>
				<time>2020-06-30T10:17:55</time>
			</trkpt>
			<trkpt lat="48.89537994749844" lon="3.1675199512392282">
				<ele>150.0</ele>
				<time>2020-06-30T10:17:58</time>
			</trkpt>
			<trkpt lat="48.895089933648705" lon="3.167399922385812">
				<ele>150.0</ele>
				<time>2020-06-30T10:18:03</time>
			</trkpt>
			<trkpt lat="48.89496998861432" lon="3.1673499662429094">
				<ele>151.0</ele>
				<time>2020-06-30T10:18:05</time>
			</trkpt>
			<trkpt lat="48.89485993422568" lon="3.167309984564781">
				<ele>151.0</ele>
				<time>2020-06-30T10:18:07</time>
			</trkpt>
			<trkpt lat="48.894659942016006" lon="3.167219962924719">
				<ele>151.0</ele>
				<time>2020-06-30T10:18:11</time>
			</trkpt>
			<trkpt lat="48.89456992037594" lon="3.1671799812465906">
				<ele>152.0</ele>
				<time>2020-06-30T10:18:12</time>
			</trkpt>
			<trkpt lat="48.89438996091485" lon="3.1670999340713024">
				<ele>152.0</ele>
				<time>2020-06-30T10:18:16</time>
			</trkpt>
			<trkpt lat="48.8941699359566" lon="3.167009996250272">
				<ele>153.0</ele>
				<time>2020-06-30T10:18:20</time>
			</trkpt>
			<trkpt lat="48.89407999813557" lon="3.166969930753112">
				<ele>153.0</ele>
				<time>2020-06-30T10:18:21</time>
			</trkpt>
			<trkpt lat="48.89393993653357" lon="3.1669099163264036">
				<ele>153.0</ele>
				<time>2020-06-30T10:18:24</time>
			</trkpt>
			<trkpt lat="48.893839940428734" lon="3.1668599601835012">
				<ele>154.0</ele>
				<time>2020-06-30T10:18:26</time>
			</trkpt>
			<trkpt lat="48.89346996322274" lon="3.1666799169033766">
				<ele>154.0</ele>
				<time>2020-06-30T10:18:32</time>
			</trkpt>
			<trkpt lat="48.89328991994262" lon="3.167009996250272">
				<ele>154.0</ele>
				<time>2020-06-30T10:18:37</time>
			</trkpt>
			<trkpt lat="48.89313996769488" lon="3.167229937389493">
				<ele>154.0</ele>
				<time>2020-06-30T10:18:41</time>
			</trkpt>
			<trkpt lat="48.89258994720876" lon="3.1680499389767647">
				<ele>153.0</ele>
				<time>2020-06-30T10:18:54</time>
			</trkpt>
			<trkpt lat="48.89253999106586" lon="3.168129986152053">
				<ele>152.0</ele>
				<time>2020-06-30T10:18:56</time>
			</trkpt>
			<trkpt lat="48.8924499694258" lon="3.1682699639350176">
				<ele>152.0</ele>
				<time>2020-06-30T10:18:58</time>
			</trkpt>
			<trkpt lat="48.89214998111129" lon="3.1687099300324917">
				<ele>152.0</ele>
				<time>2020-06-30T10:19:05</time>
			</trkpt>
			<trkpt lat="48.89090996235609" lon="3.170569958165288">
				<ele>150.0</ele>
				<time>2020-06-30T10:19:35</time>
			</trkpt>
			<trkpt lat="48.89085992239416" lon="3.170519918203354">
				<ele>150.0</ele>
				<time>2020-06-30T10:19:36</time>
			</trkpt>
			<trkpt lat="48.890809966251254" lon="3.1705099437385798">
				<ele>150.0</ele>
				<time>2020-06-30T10:19:37</time>
			</trkpt>
			<trkpt lat="48.89075992628932" lon="3.1704899948090315">
				<ele>150.0</ele>
				<time>2020-06-30T10:19:38</time>
			</trkpt>
			<trkpt lat="48.89067996293306" lon="3.1704799365252256">
				<ele>150.0</ele>
				<time>2020-06-30T10:19:40</time>
			</trkpt>
			<trkpt lat="48.89057996682823" lon="3.1704899948090315">
				<ele>150.0</ele>
				<time>2020-06-30T10:19:41</time>
			</trkpt>
			<trkpt lat="48.888059947639704" lon="3.170979917049408">
				<ele>150.0</ele>
				<time>2020-06-30T10:20:26</time>
			</trkpt>
			<trkpt lat="48.88805978000164" lon="3.170979917049408">
				<ele>150.0</ele>
				<time>2020-06-30T10:20:26</time>
			</trkpt>
			<trkpt lat="48.88797998428345" lon="3.170989975333214">
				<ele>150.0</ele>
				<time>2020-06-30T10:20:27</time>
			</trkpt>
			<trkpt lat="48.88718998990953" lon="3.1711399275809526">
				<ele>151.0</ele>
				<time>2020-06-30T10:20:41</time>
			</trkpt>
			<trkpt lat="48.88671993277967" lon="3.171229949221015">
				<ele>151.0</ele>
				<time>2020-06-30T10:20:49</time>
			</trkpt>
			<trkpt lat="48.886259933933616" lon="3.171309996396303">
				<ele>151.0</ele>
				<time>2020-06-30T10:20:57</time>
			</trkpt>
			<trkpt lat="48.88617997057736" lon="3.1713199708610773">
				<ele>151.0</ele>
				<time>2020-06-30T10:20:59</time>
			</trkpt>
			<trkpt lat="48.88580999337137" lon="3.171399934217334">
				<ele>150.0</ele>
				<time>2020-06-30T10:21:05</time>
			</trkpt>
			<trkpt lat="48.88531998731196" lon="3.171479981392622">
				<ele>149.0</ele>
				<time>2020-06-30T10:21:14</time>
			</trkpt>
			<trkpt lat="48.88523994013667" lon="3.171489955857396">
				<ele>149.0</ele>
				<time>2020-06-30T10:21:15</time>
			</trkpt>
			<trkpt lat="48.88493995182216" lon="3.171509988605976">
				<ele>148.0</ele>
				<time>2020-06-30T10:21:20</time>
			</trkpt>
			<trkpt lat="48.88469997793436" lon="3.171479981392622">
				<ele>148.0</ele>
				<time>2020-06-30T10:21:24</time>
			</trkpt>
			<trkpt lat="48.8843699824065" lon="3.1713399197906256">
				<ele>147.0</ele>
				<time>2020-06-30T10:21:30</time>
			</trkpt>
			<trkpt lat="48.8839399907738" lon="3.1711099203675985">
				<ele>147.0</ele>
				<time>2020-06-30T10:21:38</time>
			</trkpt>
			<trkpt lat="48.882989985868335" lon="3.170589990913868">
				<ele>147.0</ele>
				<time>2020-06-30T10:21:56</time>
			</trkpt>
			<trkpt lat="48.88192992657423" lon="3.1699799560010433">
				<ele>147.0</ele>
				<time>2020-06-30T10:22:16</time>
			</trkpt>
			<trkpt lat="48.880369970574975" lon="3.1691199727356434">
				<ele>148.0</ele>
				<time>2020-06-30T10:22:45</time>
			</trkpt>
			<trkpt lat="48.88030995614827" lon="3.169079991057515">
				<ele>148.0</ele>
				<time>2020-06-30T10:22:46</time>
			</trkpt>
			<trkpt lat="48.8793099950999" lon="3.1685099378228188">
				<ele>146.0</ele>
				<time>2020-06-30T10:23:04</time>
			</trkpt>
			<trkpt lat="48.87758994475007" lon="3.1675599329173565">
				<ele>144.0</ele>
				<time>2020-06-30T10:23:36</time>
			</trkpt>
			<trkpt lat="48.8771999347955" lon="3.1673299334943295">
				<ele>144.0</ele>
				<time>2020-06-30T10:23:43</time>
			</trkpt>
			<trkpt lat="48.87715995311737" lon="3.1672999262809753">
				<ele>144.0</ele>
				<time>2020-06-30T10:23:44</time>
			</trkpt>
			<trkpt lat="48.87631991878152" lon="3.166819978505373">
				<ele>144.0</ele>
				<time>2020-06-30T10:24:00</time>
			</trkpt>
			<trkpt lat="48.87592999264598" lon="3.166589979082346">
				<ele>144.0</ele>
				<time>2020-06-30T10:24:07</time>
			</trkpt>
			<trkpt lat="48.87497998774052" lon="3.1660699658095837">
				<ele>144.0</ele>
				<time>2020-06-30T10:24:25</time>
			</trkpt>
			<trkpt lat="48.87433994561434" lon="3.165709963068366">
				<ele>143.0</ele>
				<time>2020-06-30T10:24:37</time>
			</trkpt>
			<trkpt lat="48.873149966821074" lon="3.165059946477413">
				<ele>142.0</ele>
				<time>2020-06-30T10:24:59</time>
			</trkpt>
			<trkpt lat="48.87283992022276" lon="3.1648799870163202">
				<ele>143.0</ele>
				<time>2020-06-30T10:25:04</time>
			</trkpt>
			<trkpt lat="48.87262995354831" lon="3.1647099182009697">
				<ele>143.0</ele>
				<time>2020-06-30T10:25:08</time>
			</trkpt>
			<trkpt lat="48.87249995023012" lon="3.164599947631359">
				<ele>143.0</ele>
				<time>2020-06-30T10:25:11</time>
			</trkpt>
			<trkpt lat="48.87217992916703" lon="3.1642099376767874">
				<ele>144.0</ele>
				<time>2020-06-30T10:25:18</time>
			</trkpt>
			<trkpt lat="48.8716599997133" lon="3.163529997691512">
				<ele>145.0</ele>
				<time>2020-06-30T10:25:30</time>
			</trkpt>
			<trkpt lat="48.87064998038113" lon="3.1622399389743805">
				<ele>145.0</ele>
				<time>2020-06-30T10:25:53</time>
			</trkpt>
			<trkpt lat="48.870529951527715" lon="3.16212996840477">
				<ele>145.0</ele>
				<time>2020-06-30T10:25:56</time>
			</trkpt>
			<trkpt lat="48.87044998817146" lon="3.1620399467647076">
				<ele>145.0</ele>
				<time>2020-06-30T10:25:57</time>
			</trkpt>
			<trkpt lat="48.87036994099617" lon="3.1619799323379993">
				<ele>145.0</ele>
				<time>2020-06-30T10:25:59</time>
			</trkpt>
			<trkpt lat="48.87023993767798" lon="3.161919917911291">
				<ele>145.0</ele>
				<time>2020-06-30T10:26:01</time>
			</trkpt>
			<trkpt lat="48.87006995268166" lon="3.1618899945169687">
				<ele>145.0</ele>
				<time>2020-06-30T10:26:04</time>
			</trkpt>
			<trkpt lat="48.86960995383561" lon="3.161919917911291">
				<ele>145.0</ele>
				<time>2020-06-30T10:26:12</time>
			</trkpt>
			<trkpt lat="48.869349947199225" lon="3.161939950659871">
				<ele>145.0</ele>
				<time>2020-06-30T10:26:17</time>
			</trkpt>
			<trkpt lat="48.86928993277252" lon="3.1619499251246452">
				<ele>145.0</ele>
				<time>2020-06-30T10:26:18</time>
			</trkpt>
			<trkpt lat="48.86914995498955" lon="3.161959983408451">
				<ele>145.0</ele>
				<time>2020-06-30T10:26:20</time>
			</trkpt>
			<trkpt lat="48.8682599645108" lon="3.1620599795132875">
				<ele>144.0</ele>
				<time>2020-06-30T10:26:36</time>
			</trkpt>
			<trkpt lat="48.86817991733551" lon="3.1620899867266417">
				<ele>144.0</ele>
				<time>2020-06-30T10:26:37</time>
			</trkpt>
			<trkpt lat="48.86810992844403" lon="3.16212996840477">
				<ele>145.0</ele>
				<time>2020-06-30T10:26:38</time>
			</trkpt>
			<trkpt lat="48.86808997951448" lon="3.162139942869544">
				<ele>145.0</ele>
				<time>2020-06-30T10:26:39</time>
			</trkpt>
			<trkpt lat="48.868039939552546" lon="3.1621799245476723">
				<ele>145.0</ele>
				<time>2020-06-30T10:26:40</time>
			</trkpt>
			<trkpt lat="48.86797992512584" lon="3.1622299645096064">
				<ele>145.0</ele>
				<time>2020-06-30T10:26:41</time>
			</trkpt>
			<trkpt lat="48.86791999451816" lon="3.1622999534010887">
				<ele>145.0</ele>
				<time>2020-06-30T10:26:42</time>
			</trkpt>
			<trkpt lat="48.867819998413324" lon="3.1624399311840534">
				<ele>146.0</ele>
				<time>2020-06-30T10:26:45</time>
			</trkpt>
			<trkpt lat="48.867669962346554" lon="3.162619974464178">
				<ele>146.0</ele>
				<time>2020-06-30T10:26:48</time>
			</trkpt>
			<trkpt lat="48.86761992238462" lon="3.1626699306070805">
				<ele>146.0</ele>
				<time>2020-06-30T10:26:49</time>
			</trkpt>
			<trkpt lat="48.86756996624172" lon="3.1627099961042404">
				<ele>146.0</ele>
				<time>2020-06-30T10:26:50</time>
			</trkpt>
			<trkpt lat="48.86745999567211" lon="3.162759952247143">
				<ele>146.0</ele>
				<time>2020-06-30T10:26:52</time>
			</trkpt>
			<trkpt lat="48.866919949650764" lon="3.163079973310232">
				<ele>145.0</ele>
				<time>2020-06-30T10:27:02</time>
			</trkpt>
			<trkpt lat="48.86668995022774" lon="3.163219951093197">
				<ele>145.0</ele>
				<time>2020-06-30T10:27:06</time>
			</trkpt>
			<trkpt lat="48.86608997359872" lon="3.1636099610477686">
				<ele>143.0</ele>
				<time>2020-06-30T10:27:18</time>
			</trkpt>
			<trkpt lat="48.86584999971092" lon="3.1637899205088615">
				<ele>142.0</ele>
				<time>2020-06-30T10:27:22</time>
			</trkpt>
			<trkpt lat="48.86559996753931" lon="3.1639999710023403">
				<ele>142.0</ele>
				<time>2020-06-30T10:27:27</time>
			</trkpt>
			<trkpt lat="48.865569960325956" lon="3.1637799460440874">
				<ele>141.0</ele>
				<time>2020-06-30T10:27:30</time>
			</trkpt>
			<trkpt lat="48.86551992036402" lon="3.163469983264804">
				<ele>141.0</ele>
				<time>2020-06-30T10:27:34</time>
			</trkpt>
			<trkpt lat="48.865499971434474" lon="3.1633999943733215">
				<ele>141.0</ele>
				<time>2020-06-30T10:27:34</time>
			</trkpt>
			<trkpt lat="48.865459989756346" lon="3.1631499622017145">
				<ele>141.0</ele>
				<time>2020-06-30T10:27:37</time>
			</trkpt>
			<trkpt lat="48.86539997532964" lon="3.1628699228167534">
				<ele>141.0</ele>
				<time>2020-06-30T10:27:41</time>
			</trkpt>
			<trkpt lat="48.86522999033332" lon="3.1622399389743805">
				<ele>141.0</ele>
				<time>2020-06-30T10:27:49</time>
			</trkpt>
			<trkpt lat="48.86514994315803" lon="3.1619499251246452">
				<ele>141.0</ele>
				<time>2020-06-30T10:27:52</time>
			</trkpt>
			<trkpt lat="48.86477996595204" lon="3.160559954121709">
				<ele>140.0</ele>
				<time>2020-06-30T10:28:09</time>
			</trkpt>
			<trkpt lat="48.864769991487265" lon="3.1605199724435806">
				<ele>139.0</ele>
				<time>2020-06-30T10:28:10</time>
			</trkpt>
			<trkpt lat="48.8646799698472" lon="3.1602699402719736">
				<ele>139.0</ele>
				<time>2020-06-30T10:28:13</time>
			</trkpt>
			<trkpt lat="48.86445994488895" lon="3.1595999747514725">
				<ele>137.0</ele>
				<time>2020-06-30T10:28:22</time>
			</trkpt>
			<trkpt lat="48.864209996536374" lon="3.158849962055683">
				<ele>137.0</ele>
				<time>2020-06-30T10:28:31</time>
			</trkpt>
			<trkpt lat="48.86408996768296" lon="3.1585199665278196">
				<ele>137.0</ele>
				<time>2020-06-30T10:28:36</time>
			</trkpt>
			<trkpt lat="48.86398997157812" lon="3.1583099998533726">
				<ele>137.0</ele>
				<time>2020-06-30T10:28:39</time>
			</trkpt>
			<trkpt lat="48.86400992050767" lon="3.1582699343562126">
				<ele>137.0</ele>
				<time>2020-06-30T10:28:39</time>
			</trkpt>
			<trkpt lat="48.864019978791475" lon="3.1582299526780844">
				<ele>137.0</ele>
				<time>2020-06-30T10:28:40</time>
			</trkpt>
			<trkpt lat="48.86402995325625" lon="3.158169938251376">
				<ele>137.0</ele>
				<time>2020-06-30T10:28:40</time>
			</trkpt>
			<trkpt lat="48.864019978791475" lon="3.158109923824668">
				<ele>137.0</ele>
				<time>2020-06-30T10:28:41</time>
			</trkpt>
			<trkpt lat="48.86400992050767" lon="3.157959971576929">
				<ele>137.0</ele>
				<time>2020-06-30T10:28:43</time>
			</trkpt>
			<trkpt lat="48.86364991776645" lon="3.155709933489561">
				<ele>137.0</ele>
				<time>2020-06-30T10:29:09</time>
			</trkpt>
			<trkpt lat="48.86349996551871" lon="3.1547499541193247">
				<ele>136.0</ele>
				<time>2020-06-30T10:29:21</time>
			</trkpt>
			<trkpt lat="48.86340994387865" lon="3.1542399991303682">
				<ele>136.0</ele>
				<time>2020-06-30T10:29:27</time>
			</trkpt>
			<trkpt lat="48.86340994387865" lon="3.1541999336332083">
				<ele>136.0</ele>
				<time>2020-06-30T10:29:27</time>
			</trkpt>
			<trkpt lat="48.86339996941388" lon="3.154169926419854">
				<ele>136.0</ele>
				<time>2020-06-30T10:29:28</time>
			</trkpt>
			<trkpt lat="48.86335998773575" lon="3.1538699381053448">
				<ele>136.0</ele>
				<time>2020-06-30T10:29:31</time>
			</trkpt>
			<trkpt lat="48.86333995498717" lon="3.153469953685999">
				<ele>136.0</ele>
				<time>2020-06-30T10:29:36</time>
			</trkpt>
			<trkpt lat="48.86333995498717" lon="3.1532799359411">
				<ele>136.0</ele>
				<time>2020-06-30T10:29:38</time>
			</trkpt>
			<trkpt lat="48.86336996220052" lon="3.1526299193501472">
				<ele>136.0</ele>
				<time>2020-06-30T10:29:45</time>
			</trkpt>
			<trkpt lat="48.86347993277013" lon="3.1516799982637167">
				<ele>136.0</ele>
				<time>2020-06-30T10:29:56</time>
			</trkpt>
			<trkpt lat="48.863609936088324" lon="3.1504699867218733">
				<ele>137.0</ele>
				<time>2020-06-30T10:30:10</time>
			</trkpt>
			<trkpt lat="48.86385996825993" lon="3.1480699963867664">
				<ele>137.0</ele>
				<time>2020-06-30T10:30:38</time>
			</trkpt>
			<trkpt lat="48.86397999711335" lon="3.147039944306016">
				<ele>137.0</ele>
				<time>2020-06-30T10:30:50</time>
			</trkpt>
			<trkpt lat="48.86402995325625" lon="3.146599978208542">
				<ele>137.0</ele>
				<time>2020-06-30T10:30:55</time>
			</trkpt>
			<trkpt lat="48.86409994214773" lon="3.1462399754673243">
				<ele>137.0</ele>
				<time>2020-06-30T10:31:00</time>
			</trkpt>
			<trkpt lat="48.864149982109666" lon="3.145979968830943">
				<ele>137.0</ele>
				<time>2020-06-30T10:31:03</time>
			</trkpt>
			<trkpt lat="48.86437998153269" lon="3.145089978352189">
				<ele>138.0</ele>
				<time>2020-06-30T10:31:14</time>
			</trkpt>
			<trkpt lat="48.86458994820714" lon="3.144179955124855">
				<ele>138.0</ele>
				<time>2020-06-30T10:31:25</time>
			</trkpt>
			<trkpt lat="48.864729925990105" lon="3.1435699202120304">
				<ele>137.0</ele>
				<time>2020-06-30T10:31:32</time>
			</trkpt>
			<trkpt lat="48.86475993320346" lon="3.14343991689384">
				<ele>137.0</ele>
				<time>2020-06-30T10:31:34</time>
			</trkpt>
			<trkpt lat="48.86497995816171" lon="3.1425099447369576">
				<ele>138.0</ele>
				<time>2020-06-30T10:31:45</time>
			</trkpt>
			<trkpt lat="48.86559996753931" lon="3.1399299949407578">
				<ele>138.0</ele>
				<time>2020-06-30T10:32:16</time>
			</trkpt>
			<trkpt lat="48.86608997359872" lon="3.1378599163144827">
				<ele>140.0</ele>
				<time>2020-06-30T10:32:42</time>
			</trkpt>
			<trkpt lat="48.8661599624902" lon="3.137539979070425">
				<ele>140.0</ele>
				<time>2020-06-30T10:32:45</time>
			</trkpt>
			<trkpt lat="48.86628996580839" lon="3.136889962479472">
				<ele>139.0</ele>
				<time>2020-06-30T10:32:53</time>
			</trkpt>
			<trkpt lat="48.866379987448454" lon="3.1365499924868345">
				<ele>138.0</ele>
				<time>2020-06-30T10:32:57</time>
			</trkpt>
			<trkpt lat="48.866489958018064" lon="3.1360999681055546">
				<ele>137.0</ele>
				<time>2020-06-30T10:33:03</time>
			</trkpt>
			<trkpt lat="48.86667997576296" lon="3.1354299187660217">
				<ele>136.0</ele>
				<time>2020-06-30T10:33:11</time>
			</trkpt>
			<trkpt lat="48.86695993132889" lon="3.1344699393957853">
				<ele>139.0</ele>
				<time>2020-06-30T10:33:23</time>
			</trkpt>
			<trkpt lat="48.867029920220375" lon="3.134249998256564">
				<ele>140.0</ele>
				<time>2020-06-30T10:33:26</time>
			</trkpt>
			<trkpt lat="48.8673999812454" lon="3.1330099795013666">
				<ele>143.0</ele>
				<time>2020-06-30T10:33:42</time>
			</trkpt>
			<trkpt lat="48.867719918489456" lon="3.131989985704422">
				<ele>145.0</ele>
				<time>2020-06-30T10:33:55</time>
			</trkpt>
			<trkpt lat="48.86789996176958" lon="3.1313699763268232">
				<ele>145.0</ele>
				<time>2020-06-30T10:34:02</time>
			</trkpt>
			<trkpt lat="48.868099953979254" lon="3.1307399924844503">
				<ele>144.0</ele>
				<time>2020-06-30T10:34:10</time>
			</trkpt>
			<trkpt lat="48.86853992007673" lon="3.1292399670928717">
				<ele>147.0</ele>
				<time>2020-06-30T10:34:29</time>
			</trkpt>
			<trkpt lat="48.86870998889208" lon="3.1287199538201094">
				<ele>146.0</ele>
				<time>2020-06-30T10:34:36</time>
			</trkpt>
			<trkpt lat="48.86877997778356" lon="3.1284999288618565">
				<ele>146.0</ele>
				<time>2020-06-30T10:34:39</time>
			</trkpt>
			<trkpt lat="48.86929999105632" lon="3.1266999989748">
				<ele>143.0</ele>
				<time>2020-06-30T10:35:01</time>
			</trkpt>
			<trkpt lat="48.86932999826968" lon="3.1266099773347378">
				<ele>143.0</ele>
				<time>2020-06-30T10:35:02</time>
			</trkpt>
			<trkpt lat="48.869409961625934" lon="3.1262799818068743">
				<ele>144.0</ele>
				<time>2020-06-30T10:35:06</time>
			</trkpt>
			<trkpt lat="48.86946997605264" lon="3.12581998296082">
				<ele>145.0</ele>
				<time>2020-06-30T10:35:12</time>
			</trkpt>
			<trkpt lat="48.869479950517416" lon="3.1252899952232838">
				<ele>146.0</ele>
				<time>2020-06-30T10:35:18</time>
			</trkpt>
			<trkpt lat="48.86948992498219" lon="3.125129984691739">
				<ele>146.0</ele>
				<time>2020-06-30T10:35:20</time>
			</trkpt>
			<trkpt lat="48.869479950517416" lon="3.1247599236667156">
				<ele>146.0</ele>
				<time>2020-06-30T10:35:24</time>
			</trkpt>
			<trkpt lat="48.869479950517416" lon="3.1242999248206615">
				<ele>147.0</ele>
				<time>2020-06-30T10:35:29</time>
			</trkpt>
			<trkpt lat="48.869479950517416" lon="3.1225099693983793">
				<ele>148.0</ele>
				<time>2020-06-30T10:35:50</time>
			</trkpt>
			<trkpt lat="48.869479950517416" lon="3.1220799777656794">
				<ele>148.0</ele>
				<time>2020-06-30T10:35:54</time>
			</trkpt>
			<trkpt lat="48.869499983265996" lon="3.120419941842556">
				<ele>150.0</ele>
				<time>2020-06-30T10:36:14</time>
			</trkpt>
			<trkpt lat="48.86950995773077" lon="3.12001995742321">
				<ele>150.0</ele>
				<time>2020-06-30T10:36:18</time>
			</trkpt>
			<trkpt lat="48.86950995773077" lon="3.1199099868535995">
				<ele>150.0</ele>
				<time>2020-06-30T10:36:19</time>
			</trkpt>
			<trkpt lat="48.86950995773077" lon="3.119819965213537">
				<ele>150.0</ele>
				<time>2020-06-30T10:36:20</time>
			</trkpt>
			<trkpt lat="48.86950995773077" lon="3.1179199554026127">
				<ele>150.0</ele>
				<time>2020-06-30T10:36:42</time>
			</trkpt>
			<trkpt lat="48.86950995773077" lon="3.1171699427068233">
				<ele>149.0</ele>
				<time>2020-06-30T10:36:51</time>
			</trkpt>
			<trkpt lat="48.869519932195544" lon="3.1160799600183964">
				<ele>147.0</ele>
				<time>2020-06-30T10:37:03</time>
			</trkpt>
			<trkpt lat="48.86952999047935" lon="3.1129699386656284">
				<ele>149.0</ele>
				<time>2020-06-30T10:37:39</time>
			</trkpt>
			<trkpt lat="48.869519932195544" lon="3.112719990313053">
				<ele>150.0</ele>
				<time>2020-06-30T10:37:42</time>
			</trkpt>
			<trkpt lat="48.869519932195544" lon="3.111839974299073">
				<ele>148.0</ele>
				<time>2020-06-30T10:37:52</time>
			</trkpt>
			<trkpt lat="48.869519932195544" lon="3.1114199571311474">
				<ele>147.0</ele>
				<time>2020-06-30T10:37:57</time>
			</trkpt>
			<trkpt lat="48.869519932195544" lon="3.111069928854704">
				<ele>147.0</ele>
				<time>2020-06-30T10:38:01</time>
			</trkpt>
			<trkpt lat="48.869519932195544" lon="3.1105699483305216">
				<ele>147.0</ele>
				<time>2020-06-30T10:38:06</time>
			</trkpt>
			<trkpt lat="48.869519932195544" lon="3.110449919477105">
				<ele>147.0</ele>
				<time>2020-06-30T10:38:08</time>
			</trkpt>
			<trkpt lat="48.869519932195544" lon="3.1103999633342028">
				<ele>147.0</ele>
				<time>2020-06-30T10:38:08</time>
			</trkpt>
			<trkpt lat="48.869519932195544" lon="3.109309980645776">
				<ele>144.0</ele>
				<time>2020-06-30T10:38:21</time>
			</trkpt>
			<trkpt lat="48.86952999047935" lon="3.108879989013076">
				<ele>141.0</ele>
				<time>2020-06-30T10:38:26</time>
			</trkpt>
			<trkpt lat="48.86952999047935" lon="3.1088099163025618">
				<ele>141.0</ele>
				<time>2020-06-30T10:38:26</time>
			</trkpt>
			<trkpt lat="48.869519932195544" lon="3.108489979058504">
				<ele>139.0</ele>
				<time>2020-06-30T10:38:30</time>
			</trkpt>
			<trkpt lat="48.86948992498219" lon="3.108229972422123">
				<ele>138.0</ele>
				<time>2020-06-30T10:38:33</time>
			</trkpt>
			<trkpt lat="48.868959937244654" lon="3.1043299566954374">
				<ele>140.0</ele>
				<time>2020-06-30T10:39:19</time>
			</trkpt>
			<trkpt lat="48.86886999942362" lon="3.1035899184644222">
				<ele>141.0</ele>
				<time>2020-06-30T10:39:27</time>
			</trkpt>
			<trkpt lat="48.86885994113982" lon="3.1034499406814575">
				<ele>142.0</ele>
				<time>2020-06-30T10:39:29</time>
			</trkpt>
			<trkpt lat="48.86881995946169" lon="3.101789988577366">
				<ele>144.0</ele>
				<time>2020-06-30T10:39:48</time>
			</trkpt>
			<trkpt lat="48.86877997778356" lon="3.100449973717332">
				<ele>142.0</ele>
				<time>2020-06-30T10:40:03</time>
			</trkpt>
			<trkpt lat="48.868769919499755" lon="3.1001799926161766">
				<ele>142.0</ele>
				<time>2020-06-30T10:40:06</time>
			</trkpt>
			<trkpt lat="48.86870998889208" lon="3.098399927839637">
				<ele>143.0</ele>
				<time>2020-06-30T10:40:27</time>
			</trkpt>
			<trkpt lat="48.868639916181564" lon="3.0955099314451218">
				<ele>144.0</ele>
				<time>2020-06-30T10:41:00</time>
			</trkpt>
			<trkpt lat="48.86860999278724" lon="3.094449955970049">
				<ele>145.0</ele>
				<time>2020-06-30T10:41:12</time>
			</trkpt>
			<trkpt lat="48.868599934503436" lon="3.0943199526518583">
				<ele>145.0</ele>
				<time>2020-06-30T10:41:14</time>
			</trkpt>
			<trkpt lat="48.86856992729008" lon="3.0930899921804667">
				<ele>146.0</ele>
				<time>2020-06-30T10:41:28</time>
			</trkpt>
			<trkpt lat="48.86856992729008" lon="3.092669975012541">
				<ele>146.0</ele>
				<time>2020-06-30T10:41:32</time>
			</trkpt>
			<trkpt lat="48.86856992729008" lon="3.0925699789077044">
				<ele>146.0</ele>
				<time>2020-06-30T10:41:34</time>
			</trkpt>
			<trkpt lat="48.86870998889208" lon="3.091989951208234">
				<ele>146.0</ele>
				<time>2020-06-30T10:41:41</time>
			</trkpt>
			<trkpt lat="48.868769919499755" lon="3.091799933463335">
				<ele>147.0</ele>
				<time>2020-06-30T10:41:43</time>
			</trkpt>
			<trkpt lat="48.86877997778356" lon="3.0917099956423044">
				<ele>147.0</ele>
				<time>2020-06-30T10:41:44</time>
			</trkpt>
			<trkpt lat="48.86879992671311" lon="3.0914599634706974">
				<ele>147.0</ele>
				<time>2020-06-30T10:41:47</time>
			</trkpt>
			<trkpt lat="48.868809984996915" lon="3.091419981792569">
				<ele>147.0</ele>
				<time>2020-06-30T10:41:48</time>
			</trkpt>
			<trkpt lat="48.86883999221027" lon="3.0913199856877327">
				<ele>147.0</ele>
				<time>2020-06-30T10:41:49</time>
			</trkpt>
			<trkpt lat="48.86890998110175" lon="3.091129967942834">
				<ele>147.0</ele>
				<time>2020-06-30T10:41:51</time>
			</trkpt>
			<trkpt lat="48.86950995773077" lon="3.090249951928854">
				<ele>147.0</ele>
				<time>2020-06-30T10:42:06</time>
			</trkpt>
			<trkpt lat="48.871389934793115" lon="3.087419969961047">
				<ele>148.0</ele>
				<time>2020-06-30T10:42:52</time>
			</trkpt>
			<trkpt lat="48.87320998124778" lon="3.084699958562851">
				<ele>147.0</ele>
				<time>2020-06-30T10:43:36</time>
			</trkpt>
			<trkpt lat="48.87410994619131" lon="3.083369918167591">
				<ele>147.0</ele>
				<time>2020-06-30T10:43:58</time>
			</trkpt>
			<trkpt lat="48.87417993508279" lon="3.0832499731332064">
				<ele>147.0</ele>
				<time>2020-06-30T10:44:00</time>
			</trkpt>
			<trkpt lat="48.875769982114434" lon="3.080899938941002">
				<ele>144.0</ele>
				<time>2020-06-30T10:44:39</time>
			</trkpt>
			<trkpt lat="48.87608991935849" lon="3.0804199911653996">
				<ele>143.0</ele>
				<time>2020-06-30T10:44:46</time>
			</trkpt>
			<trkpt lat="48.87653994373977" lon="3.0797699745744467">
				<ele>144.0</ele>
				<time>2020-06-30T10:44:57</time>
			</trkpt>
			<trkpt lat="48.876869939267635" lon="3.0792899429798126">
				<ele>144.0</ele>
				<time>2020-06-30T10:45:05</time>
			</trkpt>
			<trkpt lat="48.87689994648099" lon="3.0792499613016844">
				<ele>143.0</ele>
				<time>2020-06-30T10:45:06</time>
			</trkpt>
			<trkpt lat="48.87713992036879" lon="3.078959947451949">
				<ele>142.0</ele>
				<time>2020-06-30T10:45:11</time>
			</trkpt>
			<trkpt lat="48.87747997418046" lon="3.0785599630326033">
				<ele>141.0</ele>
				<time>2020-06-30T10:45:19</time>
			</trkpt>
			<trkpt lat="48.87767996639013" lon="3.078289981931448">
				<ele>140.0</ele>
				<time>2020-06-30T10:45:23</time>
			</trkpt>
			<trkpt lat="48.877859925851226" lon="3.078029975295067">
				<ele>140.0</ele>
				<time>2020-06-30T10:45:28</time>
			</trkpt>
			<trkpt lat="48.87792999856174" lon="3.0779399536550045">
				<ele>139.0</ele>
				<time>2020-06-30T10:45:29</time>
			</trkpt>
			<trkpt lat="48.87872996740043" lon="3.076779982075095">
				<ele>141.0</ele>
				<time>2020-06-30T10:45:48</time>
			</trkpt>
			<trkpt lat="48.8793099950999" lon="3.0759399477392435">
				<ele>142.0</ele>
				<time>2020-06-30T10:46:02</time>
			</trkpt>
			<trkpt lat="48.8808399438858" lon="3.073689993470907">
				<ele>145.0</ele>
				<time>2020-06-30T10:46:39</time>
			</trkpt>
			<trkpt lat="48.882819917052984" lon="3.0708099715411663">
				<ele>144.0</ele>
				<time>2020-06-30T10:47:27</time>
			</trkpt>
			<trkpt lat="48.88332995586097" lon="3.070079991593957">
				<ele>144.0</ele>
				<time>2020-06-30T10:47:39</time>
			</trkpt>
			<trkpt lat="48.883549980819225" lon="3.06980992667377">
				<ele>144.0</ele>
				<time>2020-06-30T10:47:44</time>
			</trkpt>
			<trkpt lat="48.88359993696213" lon="3.0697699449956417">
				<ele>144.0</ele>
				<time>2020-06-30T10:47:45</time>
			</trkpt>
			<trkpt lat="48.88376992195845" lon="3.069609934464097">
				<ele>144.0</ele>
				<time>2020-06-30T10:47:49</time>
			</trkpt>
			<trkpt lat="48.88428993523121" lon="3.0692799389362335">
				<ele>144.0</ele>
				<time>2020-06-30T10:47:58</time>
			</trkpt>
			<trkpt lat="48.88491991907358" lon="3.0689299944788218">
				<ele>145.0</ele>
				<time>2020-06-30T10:48:10</time>
			</trkpt>
			<trkpt lat="48.88690995052457" lon="3.067819979041815">
				<ele>147.0</ele>
				<time>2020-06-30T10:48:47</time>
			</trkpt>
			<trkpt lat="48.887739926576614" lon="3.067389987409115">
				<ele>150.0</ele>
				<time>2020-06-30T10:49:02</time>
			</trkpt>
			<trkpt lat="48.88907994143665" lon="3.0668199341744184">
				<ele>151.0</ele>
				<time>2020-06-30T10:49:27</time>
			</trkpt>
			<trkpt lat="48.89064995571971" lon="3.066119961440563">
				<ele>152.0</ele>
				<time>2020-06-30T10:49:55</time>
			</trkpt>
			<trkpt lat="48.8916399423033" lon="3.0656899698078632">
				<ele>153.0</ele>
				<time>2020-06-30T10:50:13</time>
			</trkpt>
			<trkpt lat="48.892039926722646" lon="3.065429963171482">
				<ele>154.0</ele>
				<time>2020-06-30T10:50:20</time>
			</trkpt>
			<trkpt lat="48.8922599516809" lon="3.0652599781751633">
				<ele>155.0</ele>
				<time>2020-06-30T10:50:25</time>
			</trkpt>
			<trkpt lat="48.892599921673536" lon="3.064949931576848">
				<ele>158.0</ele>
				<time>2020-06-30T10:50:32</time>
			</trkpt>
			<trkpt lat="48.89271995052695" lon="3.0648099537938833">
				<ele>158.0</ele>
				<time>2020-06-30T10:50:34</time>
			</trkpt>
			<trkpt lat="48.89272992499173" lon="3.0648099537938833">
				<ele>158.0</ele>
				<time>2020-06-30T10:50:34</time>
			</trkpt>
			<trkpt lat="48.893929962068796" lon="3.0635199788957834">
				<ele>159.0</ele>
				<time>2020-06-30T10:51:00</time>
			</trkpt>
			<trkpt lat="48.89400992542505" lon="3.063409924507141">
				<ele>159.0</ele>
				<time>2020-06-30T10:51:02</time>
			</trkpt>
			<trkpt lat="48.89432994648814" lon="3.0630699545145035">
				<ele>158.0</ele>
				<time>2020-06-30T10:51:09</time>
			</trkpt>
			<trkpt lat="48.894379986450076" lon="3.062999965623021">
				<ele>158.0</ele>
				<time>2020-06-30T10:51:10</time>
			</trkpt>
			<trkpt lat="48.89447998255491" lon="3.0628899950534105">
				<ele>157.0</ele>
				<time>2020-06-30T10:51:12</time>
			</trkpt>
			<trkpt lat="48.89466991648078" lon="3.0626499373465776">
				<ele>157.0</ele>
				<time>2020-06-30T10:51:16</time>
			</trkpt>
			<trkpt lat="48.895219936966896" lon="3.062059935182333">
				<ele>156.0</ele>
				<time>2020-06-30T10:51:28</time>
			</trkpt>
			<trkpt lat="48.89530995860696" lon="3.0619299318641424">
				<ele>157.0</ele>
				<time>2020-06-30T10:51:30</time>
			</trkpt>
			<trkpt lat="48.89556996524334" lon="3.0616699252277613">
				<ele>157.0</ele>
				<time>2020-06-30T10:51:36</time>
			</trkpt>
			<trkpt lat="48.895649928599596" lon="3.061569929122925">
				<ele>157.0</ele>
				<time>2020-06-30T10:51:37</time>
			</trkpt>
			<trkpt lat="48.89595997519791" lon="3.061189977452159">
				<ele>158.0</ele>
				<time>2020-06-30T10:51:44</time>
			</trkpt>
			<trkpt lat="48.895969949662685" lon="3.061179919168353">
				<ele>158.0</ele>
				<time>2020-06-30T10:51:45</time>
			</trkpt>
			<trkpt lat="48.896049996837974" lon="3.0610799230635166">
				<ele>158.0</ele>
				<time>2020-06-30T10:51:46</time>
			</trkpt>
			<trkpt lat="48.896139934659004" lon="3.060969952493906">
				<ele>158.0</ele>
				<time>2020-06-30T10:51:48</time>
			</trkpt>
			<trkpt lat="48.89677997678518" lon="3.0601699836552143">
				<ele>159.0</ele>
				<time>2020-06-30T10:52:03</time>
			</trkpt>
			<trkpt lat="48.8969499617815" lon="3.059889944270253">
				<ele>160.0</ele>
				<time>2020-06-30T10:52:07</time>
			</trkpt>
			<trkpt lat="48.89711994677782" lon="3.0595599487423897">
				<ele>160.0</ele>
				<time>2020-06-30T10:52:12</time>
			</trkpt>
			<trkpt lat="48.89736997894943" lon="3.0591199826449156">
				<ele>160.0</ele>
				<time>2020-06-30T10:52:19</time>
			</trkpt>
			<trkpt lat="48.897169986739755" lon="3.0588399432599545">
				<ele>160.0</ele>
				<time>2020-06-30T10:52:23</time>
			</trkpt>
			<trkpt lat="48.89691995456815" lon="3.058499973267317">
				<ele>160.0</ele>
				<time>2020-06-30T10:52:29</time>
			</trkpt>
			<trkpt lat="48.89681995846331" lon="3.0583799444139004">
				<ele>159.0</ele>
				<time>2020-06-30T10:52:31</time>
			</trkpt>
			<trkpt lat="48.89662994071841" lon="3.0581499449908733">
				<ele>159.0</ele>
				<time>2020-06-30T10:52:36</time>
			</trkpt>
			<trkpt lat="48.89659993350506" lon="3.0581199377775192">
				<ele>158.0</ele>
				<time>2020-06-30T10:52:36</time>
			</trkpt>
			<trkpt lat="48.89567993581295" lon="3.0569199845194817">
				<ele>158.0</ele>
				<time>2020-06-30T10:52:57</time>
			</trkpt>
			<trkpt lat="48.89554993249476" lon="3.056759973987937">
				<ele>158.0</ele>
				<time>2020-06-30T10:53:00</time>
			</trkpt>
			<trkpt lat="48.89537994749844" lon="3.056539949029684">
				<ele>159.0</ele>
				<time>2020-06-30T10:53:04</time>
			</trkpt>
			<trkpt lat="48.89489999972284" lon="3.055929997935891">
				<ele>158.0</ele>
				<time>2020-06-30T10:53:15</time>
			</trkpt>
			<trkpt lat="48.89477997086942" lon="3.0557699874043465">
				<ele>158.0</ele>
				<time>2020-06-30T10:53:18</time>
			</trkpt>
			<trkpt lat="48.894719956442714" lon="3.0556899402290583">
				<ele>158.0</ele>
				<time>2020-06-30T10:53:19</time>
			</trkpt>
			<trkpt lat="48.89451996423304" lon="3.055399926379323">
				<ele>157.0</ele>
				<time>2020-06-30T10:53:24</time>
			</trkpt>
			<trkpt lat="48.89410992152989" lon="3.0548699386417866">
				<ele>156.0</ele>
				<time>2020-06-30T10:53:33</time>
			</trkpt>
			<trkpt lat="48.89408997260034" lon="3.0548499897122383">
				<ele>156.0</ele>
				<time>2020-06-30T10:53:34</time>
			</trkpt>
			<trkpt lat="48.893239963799715" lon="3.0537899304181337">
				<ele>155.0</ele>
				<time>2020-06-30T10:53:53</time>
			</trkpt>
			<trkpt lat="48.89283997938037" lon="3.0533199571073055">
				<ele>156.0</ele>
				<time>2020-06-30T10:54:02</time>
			</trkpt>
			<trkpt lat="48.892529932782054" lon="3.052929947152734">
				<ele>156.0</ele>
				<time>2020-06-30T10:54:09</time>
			</trkpt>
			<trkpt lat="48.89239992946386" lon="3.052789969369769">
				<ele>156.0</ele>
				<time>2020-06-30T10:54:11</time>
			</trkpt>
			<trkpt lat="48.89214998111129" lon="3.052529962733388">
				<ele>156.0</ele>
				<time>2020-06-30T10:54:17</time>
			</trkpt>
			<trkpt lat="48.8915899861604" lon="3.0520599894225597">
				<ele>156.0</ele>
				<time>2020-06-30T10:54:28</time>
			</trkpt>
			<trkpt lat="48.89113996177912" lon="3.051669979467988">
				<ele>156.0</ele>
				<time>2020-06-30T10:54:37</time>
			</trkpt>
			<trkpt lat="48.890879955142736" lon="3.051439980044961">
				<ele>156.0</ele>
				<time>2020-06-30T10:54:42</time>
			</trkpt>
			<trkpt lat="48.89094994403422" lon="3.0511399917304516">
				<ele>157.0</ele>
				<time>2020-06-30T10:54:46</time>
			</trkpt>
			<trkpt lat="48.8910199329257" lon="3.0502099357545376">
				<ele>155.0</ele>
				<time>2020-06-30T10:54:56</time>
			</trkpt>
			<trkpt lat="48.891069972887635" lon="3.0497099552303553">
				<ele>153.0</ele>
				<time>2020-06-30T10:55:02</time>
			</trkpt>
			<trkpt lat="48.89112998731434" lon="3.0490099824965">
				<ele>151.0</ele>
				<time>2020-06-30T10:55:10</time>
			</trkpt>
			<trkpt lat="48.891259990632534" lon="3.047419935464859">
				<ele>153.0</ele>
				<time>2020-06-30T10:55:29</time>
			</trkpt>
			<trkpt lat="48.891259990632534" lon="3.047419600188732">
				<ele>153.0</ele>
				<time>2020-06-30T10:55:29</time>
			</trkpt>
			<trkpt lat="48.89131992124021" lon="3.0466899555176497">
				<ele>153.0</ele>
				<time>2020-06-30T10:55:37</time>
			</trkpt>
			<trkpt lat="48.89140994288027" lon="3.045899961143732">
				<ele>153.0</ele>
				<time>2020-06-30T10:55:46</time>
			</trkpt>
			<trkpt lat="48.89153994619846" lon="3.0444499757140875">
				<ele>152.0</ele>
				<time>2020-06-30T10:56:03</time>
			</trkpt>
			<trkpt lat="48.8915899861604" lon="3.043859973549843">
				<ele>151.0</ele>
				<time>2020-06-30T10:56:10</time>
			</trkpt>
			<trkpt lat="48.891649916768074" lon="3.0431299936026335">
				<ele>150.0</ele>
				<time>2020-06-30T10:56:18</time>
			</trkpt>
			<trkpt lat="48.891689982265234" lon="3.042589947581291">
				<ele>149.0</ele>
				<time>2020-06-30T10:56:24</time>
			</trkpt>
			<trkpt lat="48.891739938408136" lon="3.0420099198818207">
				<ele>150.0</ele>
				<time>2020-06-30T10:56:31</time>
			</trkpt>
			<trkpt lat="48.891799952834845" lon="3.0411299876868725">
				<ele>152.0</ele>
				<time>2020-06-30T10:56:41</time>
			</trkpt>
			<trkpt lat="48.891799952834845" lon="3.0408699810504913">
				<ele>152.0</ele>
				<time>2020-06-30T10:56:44</time>
			</trkpt>
			<trkpt lat="48.891799952834845" lon="3.0406199488788843">
				<ele>153.0</ele>
				<time>2020-06-30T10:56:47</time>
			</trkpt>
			<trkpt lat="48.891909923404455" lon="3.0388399679213762">
				<ele>152.0</ele>
				<time>2020-06-30T10:57:08</time>
			</trkpt>
			<trkpt lat="48.89165997505188" lon="3.038829993456602">
				<ele>152.0</ele>
				<time>2020-06-30T10:57:12</time>
			</trkpt>
			<trkpt lat="48.891389993950725" lon="3.0388199351727962">
				<ele>151.0</ele>
				<time>2020-06-30T10:57:17</time>
			</trkpt>
			<trkpt lat="48.89109998010099" lon="3.038799986243248">
				<ele>150.0</ele>
				<time>2020-06-30T10:57:22</time>
			</trkpt>
			<trkpt lat="48.88998996466398" lon="3.0387299973517656">
				<ele>148.0</ele>
				<time>2020-06-30T10:57:41</time>
			</trkpt>
			<trkpt lat="48.889629961922765" lon="3.0387099646031857">
				<ele>148.0</ele>
				<time>2020-06-30T10:57:47</time>
			</trkpt>
			<trkpt lat="48.888639975339174" lon="3.0386499501764774">
				<ele>147.0</ele>
				<time>2020-06-30T10:58:05</time>
			</trkpt>
			<trkpt lat="48.88752995990217" lon="3.038579961284995">
				<ele>145.0</ele>
				<time>2020-06-30T10:58:24</time>
			</trkpt>
			<trkpt lat="48.886449951678514" lon="3.0385099723935127">
				<ele>144.0</ele>
				<time>2020-06-30T10:58:43</time>
			</trkpt>
			<trkpt lat="48.88596992008388" lon="3.0384699907153845">
				<ele>144.0</ele>
				<time>2020-06-30T10:58:51</time>
			</trkpt>
			<trkpt lat="48.88592993840575" lon="3.0384599324315786">
				<ele>144.0</ele>
				<time>2020-06-30T10:58:52</time>
			</trkpt>
			<trkpt lat="48.88587998226285" lon="3.0384599324315786">
				<ele>144.0</ele>
				<time>2020-06-30T10:58:53</time>
			</trkpt>
			<trkpt lat="48.885119995102286" lon="3.0384199507534504">
				<ele>144.0</ele>
				<time>2020-06-30T10:59:06</time>
			</trkpt>
			<trkpt lat="48.883549980819225" lon="3.03830998018384">
				<ele>146.0</ele>
				<time>2020-06-30T10:59:33</time>
			</trkpt>
			<trkpt lat="48.883229959756136" lon="3.03828994743526">
				<ele>146.0</ele>
				<time>2020-06-30T10:59:39</time>
			</trkpt>
			<trkpt lat="48.88201994821429" lon="3.0382099840790033">
				<ele>145.0</ele>
				<time>2020-06-30T11:00:00</time>
			</trkpt>
			<trkpt lat="48.881999999284744" lon="3.0382099840790033">
				<ele>145.0</ele>
				<time>2020-06-30T11:00:00</time>
			</trkpt>
			<trkpt lat="48.88196999207139" lon="3.0382099840790033">
				<ele>145.0</ele>
				<time>2020-06-30T11:00:01</time>
			</trkpt>
			<trkpt lat="48.88106994330883" lon="3.038149969652295">
				<ele>146.0</ele>
				<time>2020-06-30T11:00:16</time>
			</trkpt>
			<trkpt lat="48.87966999784112" lon="3.0380499735474586">
				<ele>146.0</ele>
				<time>2020-06-30T11:00:41</time>
			</trkpt>
			<trkpt lat="48.87925995513797" lon="3.0380199663341045">
				<ele>146.0</ele>
				<time>2020-06-30T11:00:48</time>
			</trkpt>
			<trkpt lat="48.87896994128823" lon="3.0379999335855246">
				<ele>146.0</ele>
				<time>2020-06-30T11:00:53</time>
			</trkpt>
			<trkpt lat="48.87866995297372" lon="3.0379799846559763">
				<ele>146.0</ele>
				<time>2020-06-30T11:00:58</time>
			</trkpt>
			<trkpt lat="48.87837993912399" lon="3.0379599519073963">
				<ele>146.0</ele>
				<time>2020-06-30T11:01:03</time>
			</trkpt>
			<trkpt lat="48.87808992527425" lon="3.0379399191588163">
				<ele>147.0</ele>
				<time>2020-06-30T11:01:08</time>
			</trkpt>
			<trkpt lat="48.87779999524355" lon="3.037919970229268">
				<ele>147.0</ele>
				<time>2020-06-30T11:01:13</time>
			</trkpt>
			<trkpt lat="48.87751995585859" lon="3.037889963015914">
				<ele>148.0</ele>
				<time>2020-06-30T11:01:18</time>
			</trkpt>
			<trkpt lat="48.87724997475743" lon="3.03787998855114">
				<ele>148.0</ele>
				<time>2020-06-30T11:01:23</time>
			</trkpt>
			<trkpt lat="48.87715995311737" lon="3.037889963015914">
				<ele>148.0</ele>
				<time>2020-06-30T11:01:25</time>
			</trkpt>
			<trkpt lat="48.87706993147731" lon="3.037899937480688">
				<ele>148.0</ele>
				<time>2020-06-30T11:01:26</time>
			</trkpt>
			<trkpt lat="48.8770099170506" lon="3.037919970229268">
				<ele>148.0</ele>
				<time>2020-06-30T11:01:27</time>
			</trkpt>
			<trkpt lat="48.87665997259319" lon="3.036609962582588">
				<ele>149.0</ele>
				<time>2020-06-30T11:01:43</time>
			</trkpt>
			<trkpt lat="48.876629965379834" lon="3.0364799592643976">
				<ele>149.0</ele>
				<time>2020-06-30T11:01:45</time>
			</trkpt>
			<trkpt lat="48.876609932631254" lon="3.036359930410981">
				<ele>149.0</ele>
				<time>2020-06-30T11:01:46</time>
			</trkpt>
			<trkpt lat="48.876329977065325" lon="3.0351599771529436">
				<ele>150.0</ele>
				<time>2020-06-30T11:02:01</time>
			</trkpt>
			<trkpt lat="48.875469993799925" lon="3.0312999431043863">
				<ele>150.0</ele>
				<time>2020-06-30T11:02:48</time>
			</trkpt>
			<trkpt lat="48.87515994720161" lon="3.02990997210145">
				<ele>151.0</ele>
				<time>2020-06-30T11:03:04</time>
			</trkpt>
			<trkpt lat="48.87470992282033" lon="3.0279899295419455">
				<ele>150.0</ele>
				<time>2020-06-30T11:03:28</time>
			</trkpt>
			<trkpt lat="48.87462995946407" lon="3.0275999195873737">
				<ele>150.0</ele>
				<time>2020-06-30T11:03:32</time>
			</trkpt>
			<trkpt lat="48.8746699411422" lon="3.0273899529129267">
				<ele>150.0</ele>
				<time>2020-06-30T11:03:35</time>
			</trkpt>
			<trkpt lat="48.87517997995019" lon="3.0251799803227186">
				<ele>151.0</ele>
				<time>2020-06-30T11:04:02</time>
			</trkpt>
			<trkpt lat="48.87545993551612" lon="3.0239499360322952">
				<ele>151.0</ele>
				<time>2020-06-30T11:04:17</time>
			</trkpt>
			<trkpt lat="48.875599997118115" lon="3.0233599338680506">
				<ele>150.0</ele>
				<time>2020-06-30T11:04:24</time>
			</trkpt>
			<trkpt lat="48.8759099598974" lon="3.0220299772918224">
				<ele>149.0</ele>
				<time>2020-06-30T11:04:40</time>
			</trkpt>
			<trkpt lat="48.876529969275" lon="3.0193499475717545">
				<ele>149.0</ele>
				<time>2020-06-30T11:05:12</time>
			</trkpt>
			<trkpt lat="48.8765799254179" lon="3.0191599298268557">
				<ele>149.0</ele>
				<time>2020-06-30T11:05:15</time>
			</trkpt>
			<trkpt lat="48.87666994705796" lon="3.01875994540751">
				<ele>150.0</ele>
				<time>2020-06-30T11:05:20</time>
			</trkpt>
			<trkpt lat="48.876869939267635" lon="3.01791999489069">
				<ele>150.0</ele>
				<time>2020-06-30T11:05:30</time>
			</trkpt>
			<trkpt lat="48.876929953694344" lon="3.0177499260753393">
				<ele>150.0</ele>
				<time>2020-06-30T11:05:32</time>
			</trkpt>
			<trkpt lat="48.87736991979182" lon="3.0164999328553677">
				<ele>151.0</ele>
				<time>2020-06-30T11:05:48</time>
			</trkpt>
			<trkpt lat="48.87745994143188" lon="3.0162399262189865">
				<ele>151.0</ele>
				<time>2020-06-30T11:05:52</time>
			</trkpt>
			<trkpt lat="48.878029994666576" lon="3.014649963006377">
				<ele>151.0</ele>
				<time>2020-06-30T11:06:12</time>
			</trkpt>
			<trkpt lat="48.878069976344705" lon="3.01439993083477">
				<ele>150.0</ele>
				<time>2020-06-30T11:06:15</time>
			</trkpt>
			<trkpt lat="48.87808992527425" lon="3.0142599530518055">
				<ele>150.0</ele>
				<time>2020-06-30T11:06:17</time>
			</trkpt>
			<trkpt lat="48.87808992527425" lon="3.0140799935907125">
				<ele>149.0</ele>
				<time>2020-06-30T11:06:19</time>
			</trkpt>
			<trkpt lat="48.87807995080948" lon="3.013899950310588">
				<ele>149.0</ele>
				<time>2020-06-30T11:06:21</time>
			</trkpt>
			<trkpt lat="48.878049943596125" lon="3.013669950887561">
				<ele>148.0</ele>
				<time>2020-06-30T11:06:24</time>
			</trkpt>
			<trkpt lat="48.87796998023987" lon="3.013099981471896">
				<ele>148.0</ele>
				<time>2020-06-30T11:06:30</time>
			</trkpt>
			<trkpt lat="48.87784995138645" lon="3.0124499648809433">
				<ele>149.0</ele>
				<time>2020-06-30T11:06:38</time>
			</trkpt>
			<trkpt lat="48.87771994806826" lon="3.0116499960422516">
				<ele>150.0</ele>
				<time>2020-06-30T11:06:48</time>
			</trkpt>
			<trkpt lat="48.87764995917678" lon="3.011249927803874">
				<ele>150.0</ele>
				<time>2020-06-30T11:06:52</time>
			</trkpt>
			<trkpt lat="48.877489948645234" lon="3.0102799739688635">
				<ele>152.0</ele>
				<time>2020-06-30T11:07:04</time>
			</trkpt>
			<trkpt lat="48.877449966967106" lon="3.0100499745458364">
				<ele>152.0</ele>
				<time>2020-06-30T11:07:07</time>
			</trkpt>
			<trkpt lat="48.87737997807562" lon="3.0095699429512024">
				<ele>152.0</ele>
				<time>2020-06-30T11:07:12</time>
			</trkpt>
			<trkpt lat="48.87737997807562" lon="3.009509928524494">
				<ele>152.0</ele>
				<time>2020-06-30T11:07:13</time>
			</trkpt>
			<trkpt lat="48.87736991979182" lon="3.0093699507415295">
				<ele>152.0</ele>
				<time>2020-06-30T11:07:14</time>
			</trkpt>
			<trkpt lat="48.87736991979182" lon="3.0091799329966307">
				<ele>152.0</ele>
				<time>2020-06-30T11:07:17</time>
			</trkpt>
			<trkpt lat="48.87740998528898" lon="3.0089299846440554">
				<ele>151.0</ele>
				<time>2020-06-30T11:07:20</time>
			</trkpt>
			<trkpt lat="48.87741995975375" lon="3.0088999774307013">
				<ele>151.0</ele>
				<time>2020-06-30T11:07:20</time>
			</trkpt>
			<trkpt lat="48.87745994143188" lon="3.008809955790639">
				<ele>152.0</ele>
				<time>2020-06-30T11:07:21</time>
			</trkpt>
			<trkpt lat="48.87753998860717" lon="3.008629996329546">
				<ele>152.0</ele>
				<time>2020-06-30T11:07:24</time>
			</trkpt>
			<trkpt lat="48.87783997692168" lon="3.008149964734912">
				<ele>152.0</ele>
				<time>2020-06-30T11:07:31</time>
			</trkpt>
			<trkpt lat="48.87815999798477" lon="3.0076499842107296">
				<ele>152.0</ele>
				<time>2020-06-30T11:07:39</time>
			</trkpt>
			<trkpt lat="48.87987996451557" lon="3.0049799289554358">
				<ele>153.0</ele>
				<time>2020-06-30T11:08:22</time>
			</trkpt>
			<trkpt lat="48.880779929459095" lon="3.0035899579524994">
				<ele>156.0</ele>
				<time>2020-06-30T11:08:44</time>
			</trkpt>
			<trkpt lat="48.880799962207675" lon="3.003549976274371">
				<ele>156.0</ele>
				<time>2020-06-30T11:08:45</time>
			</trkpt>
			<trkpt lat="48.88095997273922" lon="3.003299944102764">
				<ele>156.0</ele>
				<time>2020-06-30T11:08:49</time>
			</trkpt>
			<trkpt lat="48.88100992888212" lon="3.0031999479979277">
				<ele>156.0</ele>
				<time>2020-06-30T11:08:50</time>
			</trkpt>
			<trkpt lat="48.881119983270764" lon="3.0031699407845736">
				<ele>157.0</ele>
				<time>2020-06-30T11:08:52</time>
			</trkpt>
			<trkpt lat="48.88112995773554" lon="3.0029699485749006">
				<ele>157.0</ele>
				<time>2020-06-30T11:08:55</time>
			</trkpt>
			<trkpt lat="48.88114999048412" lon="3.00285997800529">
				<ele>157.0</ele>
				<time>2020-06-30T11:08:56</time>
			</trkpt>
			<trkpt lat="48.88118997216225" lon="3.0027199164032936">
				<ele>157.0</ele>
				<time>2020-06-30T11:08:58</time>
			</trkpt>
			<trkpt lat="48.8812199793756" lon="3.002599971368909">
				<ele>157.0</ele>
				<time>2020-06-30T11:08:59</time>
			</trkpt>
			<trkpt lat="48.8812699355185" lon="3.0024699680507183">
				<ele>157.0</ele>
				<time>2020-06-30T11:09:01</time>
			</trkpt>
			<trkpt lat="48.88129994273186" lon="3.00240995362401">
				<ele>157.0</ele>
				<time>2020-06-30T11:09:02</time>
			</trkpt>
			<trkpt lat="48.88136993162334" lon="3.002209961414337">
				<ele>157.0</ele>
				<time>2020-06-30T11:09:04</time>
			</trkpt>
			<trkpt lat="48.88163999654353" lon="3.001479981467128">
				<ele>158.0</ele>
				<time>2020-06-30T11:09:14</time>
			</trkpt>
			<trkpt lat="48.88172993436456" lon="3.0012499820441008">
				<ele>158.0</ele>
				<time>2020-06-30T11:09:17</time>
			</trkpt>
			<trkpt lat="48.88196999207139" lon="3.000619998201728">
				<ele>159.0</ele>
				<time>2020-06-30T11:09:25</time>
			</trkpt>
			<trkpt lat="48.881999999284744" lon="3.0005399510264397">
				<ele>159.0</ele>
				<time>2020-06-30T11:09:26</time>
			</trkpt>
			<trkpt lat="48.8821299187839" lon="3.000159999355674">
				<ele>159.0</ele>
				<time>2020-06-30T11:09:31</time>
			</trkpt>
			<trkpt lat="48.88215992599726" lon="3.0000699777156115">
				<ele>160.0</ele>
				<time>2020-06-30T11:09:32</time>
			</trkpt>
			<trkpt lat="48.88224994763732" lon="2.9998099710792303">
				<ele>160.0</ele>
				<time>2020-06-30T11:09:36</time>
			</trkpt>
			<trkpt lat="48.882259922102094" lon="2.999699916690588">
				<ele>160.0</ele>
				<time>2020-06-30T11:09:37</time>
			</trkpt>
			<trkpt lat="48.882259922102094" lon="2.9995899461209774">
				<ele>160.0</ele>
				<time>2020-06-30T11:09:38</time>
			</trkpt>
			<trkpt lat="48.88224994763732" lon="2.999509982764721">
				<ele>160.0</ele>
				<time>2020-06-30T11:09:39</time>
			</trkpt>
			<trkpt lat="48.882239973172545" lon="2.9994399938732386">
				<ele>160.0</ele>
				<time>2020-06-30T11:09:40</time>
			</trkpt>
			<trkpt lat="48.882219940423965" lon="2.9993599466979504">
				<ele>161.0</ele>
				<time>2020-06-30T11:09:41</time>
			</trkpt>
			<trkpt lat="48.88218993321061" lon="2.999289957806468">
				<ele>161.0</ele>
				<time>2020-06-30T11:09:42</time>
			</trkpt>
			<trkpt lat="48.882089937105775" lon="2.999119972810149">
				<ele>161.0</ele>
				<time>2020-06-30T11:09:45</time>
			</trkpt>
			<trkpt lat="48.88160998933017" lon="2.9984199162572622">
				<ele>159.0</ele>
				<time>2020-06-30T11:09:56</time>
			</trkpt>
			<trkpt lat="48.88155994936824" lon="2.9983299784362316">
				<ele>159.0</ele>
				<time>2020-06-30T11:09:58</time>
			</trkpt>
			<trkpt lat="48.88147998601198" lon="2.998189916834235">
				<ele>159.0</ele>
				<time>2020-06-30T11:10:00</time>
			</trkpt>
			<trkpt lat="48.881419971585274" lon="2.9980199318379164">
				<ele>158.0</ele>
				<time>2020-06-30T11:10:02</time>
			</trkpt>
			<trkpt lat="48.88136993162334" lon="2.997909961268306">
				<ele>158.0</ele>
				<time>2020-06-30T11:10:03</time>
			</trkpt>
			<trkpt lat="48.88129994273186" lon="2.9976699873805046">
				<ele>158.0</ele>
				<time>2020-06-30T11:10:06</time>
			</trkpt>
			<trkpt lat="48.88119994662702" lon="2.997299926355481">
				<ele>157.0</ele>
				<time>2020-06-30T11:10:11</time>
			</trkpt>
			<trkpt lat="48.88044993393123" lon="2.9944699443876743">
				<ele>152.0</ele>
				<time>2020-06-30T11:10:46</time>
			</trkpt>
			<trkpt lat="48.87969992123544" lon="2.9916299879550934">
				<ele>148.0</ele>
				<time>2020-06-30T11:11:21</time>
			</trkpt>
			<trkpt lat="48.878949992358685" lon="2.9887799732387066">
				<ele>152.0</ele>
				<time>2020-06-30T11:11:56</time>
			</trkpt>
			<trkpt lat="48.87820995412767" lon="2.985939932987094">
				<ele>151.0</ele>
				<time>2020-06-30T11:12:31</time>
			</trkpt>
			<trkpt lat="48.87745994143188" lon="2.983129983767867">
				<ele>152.0</ele>
				<time>2020-06-30T11:13:06</time>
			</trkpt>
			<trkpt lat="48.87670992873609" lon="2.9802999179810286">
				<ele>152.0</ele>
				<time>2020-06-30T11:13:41</time>
			</trkpt>
			<trkpt lat="48.87667992152274" lon="2.9800599440932274">
				<ele>152.0</ele>
				<time>2020-06-30T11:13:43</time>
			</trkpt>
			<trkpt lat="48.87666994705796" lon="2.979929940775037">
				<ele>152.0</ele>
				<time>2020-06-30T11:13:45</time>
			</trkpt>
			<trkpt lat="48.87666994705796" lon="2.979769930243492">
				<ele>152.0</ele>
				<time>2020-06-30T11:13:47</time>
			</trkpt>
			<trkpt lat="48.87666994705796" lon="2.9797199741005898">
				<ele>152.0</ele>
				<time>2020-06-30T11:13:47</time>
			</trkpt>
			<trkpt lat="48.87666994705796" lon="2.9796699341386557">
				<ele>152.0</ele>
				<time>2020-06-30T11:13:48</time>
			</trkpt>
			<trkpt lat="48.87665997259319" lon="2.9796399269253016">
				<ele>152.0</ele>
				<time>2020-06-30T11:13:48</time>
			</trkpt>
			<trkpt lat="48.876649998128414" lon="2.9796099197119474">
				<ele>152.0</ele>
				<time>2020-06-30T11:13:49</time>
			</trkpt>
			<trkpt lat="48.876629965379834" lon="2.979559963569045">
				<ele>152.0</ele>
				<time>2020-06-30T11:13:49</time>
			</trkpt>
			<trkpt lat="48.87661999091506" lon="2.979549989104271">
				<ele>152.0</ele>
				<time>2020-06-30T11:13:50</time>
			</trkpt>
			<trkpt lat="48.87659995816648" lon="2.979529956355691">
				<ele>152.0</ele>
				<time>2020-06-30T11:13:50</time>
			</trkpt>
			<trkpt lat="48.87655997648835" lon="2.979509923607111">
				<ele>152.0</ele>
				<time>2020-06-30T11:13:51</time>
			</trkpt>
			<trkpt lat="48.87653994373977" lon="2.979499949142337">
				<ele>152.0</ele>
				<time>2020-06-30T11:13:51</time>
			</trkpt>
			<trkpt lat="48.876499962061644" lon="2.979499949142337">
				<ele>152.0</ele>
				<time>2020-06-30T11:13:52</time>
			</trkpt>
			<trkpt lat="48.87637993320823" lon="2.9790099430829287">
				<ele>152.0</ele>
				<time>2020-06-30T11:13:58</time>
			</trkpt>
			<trkpt lat="48.87620994821191" lon="2.97838993370533">
				<ele>153.0</ele>
				<time>2020-06-30T11:14:05</time>
			</trkpt>
			<trkpt lat="48.87560997158289" lon="2.9760899394750595">
				<ele>154.0</ele>
				<time>2020-06-30T11:14:34</time>
			</trkpt>
			<trkpt lat="48.874719981104136" lon="2.9728499986231327">
				<ele>154.0</ele>
				<time>2020-06-30T11:15:14</time>
			</trkpt>
			<trkpt lat="48.87446994893253" lon="2.971999989822507">
				<ele>155.0</ele>
				<time>2020-06-30T11:15:25</time>
			</trkpt>
			<trkpt lat="48.874249923974276" lon="2.971309991553426">
				<ele>155.0</ele>
				<time>2020-06-30T11:15:33</time>
			</trkpt>
			<trkpt lat="48.87414992786944" lon="2.971069933846593">
				<ele>155.0</ele>
				<time>2020-06-30T11:15:37</time>
			</trkpt>
			<trkpt lat="48.87406996451318" lon="2.970909923315048">
				<ele>155.0</ele>
				<time>2020-06-30T11:15:39</time>
			</trkpt>
			<trkpt lat="48.87375991791487" lon="2.97041991725564">
				<ele>154.0</ele>
				<time>2020-06-30T11:15:47</time>
			</trkpt>
			<trkpt lat="48.872119998559356" lon="2.9678899236023426">
				<ele>152.0</ele>
				<time>2020-06-30T11:16:27</time>
			</trkpt>
			<trkpt lat="48.86984992772341" lon="2.963399989530444">
				<ele>149.0</ele>
				<time>2020-06-30T11:17:32</time>
			</trkpt>
			<trkpt lat="48.868229957297444" lon="2.9601699393242598">
				<ele>148.0</ele>
				<time>2020-06-30T11:18:19</time>
			</trkpt>
			<trkpt lat="48.86673999018967" lon="2.9565999191254377">
				<ele>149.0</ele>
				<time>2020-06-30T11:19:07</time>
			</trkpt>
			<trkpt lat="48.86669992469251" lon="2.956509981304407">
				<ele>149.0</ele>
				<time>2020-06-30T11:19:08</time>
			</trkpt>
			<trkpt lat="48.86608997359872" lon="2.9550399631261826">
				<ele>149.0</ele>
				<time>2020-06-30T11:19:28</time>
			</trkpt>
			<trkpt lat="48.865999951958656" lon="2.954689934849739">
				<ele>148.0</ele>
				<time>2020-06-30T11:19:33</time>
			</trkpt>
			<trkpt lat="48.86593993753195" lon="2.9543699976056814">
				<ele>148.0</ele>
				<time>2020-06-30T11:19:36</time>
			</trkpt>
			<trkpt lat="48.86585997417569" lon="2.9539199732244015">
				<ele>148.0</ele>
				<time>2020-06-30T11:19:42</time>
			</trkpt>
			<trkpt lat="48.86574991978705" lon="2.953139953315258">
				<ele>147.0</ele>
				<time>2020-06-30T11:19:51</time>
			</trkpt>
			<trkpt lat="48.86566995643079" lon="2.9525699838995934">
				<ele>145.0</ele>
				<time>2020-06-30T11:19:58</time>
			</trkpt>
			<trkpt lat="48.865499971434474" lon="2.95135997235775">
				<ele>141.0</ele>
				<time>2020-06-30T11:20:12</time>
			</trkpt>
			<trkpt lat="48.86544993147254" lon="2.95090994797647">
				<ele>139.0</ele>
				<time>2020-06-30T11:20:17</time>
			</trkpt>
			<trkpt lat="48.865439957007766" lon="2.950759995728731">
				<ele>138.0</ele>
				<time>2020-06-30T11:20:19</time>
			</trkpt>
			<trkpt lat="48.865419924259186" lon="2.950449949130416">
				<ele>137.0</ele>
				<time>2020-06-30T11:20:22</time>
			</trkpt>
			<trkpt lat="48.86539997532964" lon="2.9499599430710077">
				<ele>135.0</ele>
				<time>2020-06-30T11:20:28</time>
			</trkpt>
			<trkpt lat="48.86538991704583" lon="2.9492399375885725">
				<ele>136.0</ele>
				<time>2020-06-30T11:20:36</time>
			</trkpt>
			<trkpt lat="48.86538991704583" lon="2.9490899853408337">
				<ele>136.0</ele>
				<time>2020-06-30T11:20:38</time>
			</trkpt>
			<trkpt lat="48.86535999365151" lon="2.9488099459558725">
				<ele>136.0</ele>
				<time>2020-06-30T11:20:41</time>
			</trkpt>
			<trkpt lat="48.8652999792248" lon="2.9484299942851067">
				<ele>136.0</ele>
				<time>2020-06-30T11:20:46</time>
			</trkpt>
			<trkpt lat="48.86522999033332" lon="2.9478999227285385">
				<ele>133.0</ele>
				<time>2020-06-30T11:20:52</time>
			</trkpt>
			<trkpt lat="48.86501993983984" lon="2.9465599916875362">
				<ele>126.0</ele>
				<time>2020-06-30T11:21:08</time>
			</trkpt>
			<trkpt lat="48.864859929308295" lon="2.9455199651420116">
				<ele>120.0</ele>
				<time>2020-06-30T11:21:20</time>
			</trkpt>
			<trkpt lat="48.86481994763017" lon="2.9452499840408564">
				<ele>117.0</ele>
				<time>2020-06-30T11:21:23</time>
			</trkpt>
			<trkpt lat="48.86464996263385" lon="2.9440899286419153">
				<ele>108.0</ele>
				<time>2020-06-30T11:21:37</time>
			</trkpt>
			<trkpt lat="48.86460998095572" lon="2.943759933114052">
				<ele>107.0</ele>
				<time>2020-06-30T11:21:40</time>
			</trkpt>
			<trkpt lat="48.864579973742366" lon="2.943609980866313">
				<ele>106.0</ele>
				<time>2020-06-30T11:21:42</time>
			</trkpt>
			<trkpt lat="48.8644899521023" lon="2.942989971488714">
				<ele>105.0</ele>
				<time>2020-06-30T11:21:49</time>
			</trkpt>
			<trkpt lat="48.864279985427856" lon="2.9419099632650614">
				<ele>104.0</ele>
				<time>2020-06-30T11:22:02</time>
			</trkpt>
			<trkpt lat="48.86415995657444" lon="2.941419957205653">
				<ele>102.0</ele>
				<time>2020-06-30T11:22:08</time>
			</trkpt>
			<trkpt lat="48.86413992382586" lon="2.941329935565591">
				<ele>102.0</ele>
				<time>2020-06-30T11:22:09</time>
			</trkpt>
			<trkpt lat="48.864039927721024" lon="2.940949983894825">
				<ele>100.0</ele>
				<time>2020-06-30T11:22:14</time>
			</trkpt>
			<trkpt lat="48.863999946042895" lon="2.9408299550414085">
				<ele>100.0</ele>
				<time>2020-06-30T11:22:16</time>
			</trkpt>
			<trkpt lat="48.86397999711335" lon="2.940719984471798">
				<ele>100.0</ele>
				<time>2020-06-30T11:22:17</time>
			</trkpt>
			<trkpt lat="48.86382996104658" lon="2.9401999711990356">
				<ele>98.0</ele>
				<time>2020-06-30T11:22:23</time>
			</trkpt>
			<trkpt lat="48.863609936088324" lon="2.9394799657166004">
				<ele>97.0</ele>
				<time>2020-06-30T11:22:33</time>
			</trkpt>
			<trkpt lat="48.86334992945194" lon="2.938719978556037">
				<ele>96.0</ele>
				<time>2020-06-30T11:22:42</time>
			</trkpt>
			<trkpt lat="48.86305999942124" lon="2.937829988077283">
				<ele>96.0</ele>
				<time>2020-06-30T11:22:54</time>
			</trkpt>
			<trkpt lat="48.86291993781924" lon="2.937399996444583">
				<ele>96.0</ele>
				<time>2020-06-30T11:22:59</time>
			</trkpt>
			<trkpt lat="48.862429931759834" lon="2.9359299782663584">
				<ele>93.0</ele>
				<time>2020-06-30T11:23:18</time>
			</trkpt>
			<trkpt lat="48.8620899617672" lon="2.934869918972254">
				<ele>94.0</ele>
				<time>2020-06-30T11:23:32</time>
			</trkpt>
			<trkpt lat="48.86178997345269" lon="2.9339499212801456">
				<ele>93.0</ele>
				<time>2020-06-30T11:23:43</time>
			</trkpt>
			<trkpt lat="48.86168997734785" lon="2.933579944074154">
				<ele>91.0</ele>
				<time>2020-06-30T11:23:48</time>
			</trkpt>
			<trkpt lat="48.86162996292114" lon="2.9332799557596445">
				<ele>90.0</ele>
				<time>2020-06-30T11:23:51</time>
			</trkpt>
			<trkpt lat="48.861589981243014" lon="2.932979967445135">
				<ele>90.0</ele>
				<time>2020-06-30T11:23:55</time>
			</trkpt>
			<trkpt lat="48.861549999564886" lon="2.932699928060174">
				<ele>89.0</ele>
				<time>2020-06-30T11:23:58</time>
			</trkpt>
			<trkpt lat="48.861459977924824" lon="2.932039937004447">
				<ele>87.0</ele>
				<time>2020-06-30T11:24:06</time>
			</trkpt>
			<trkpt lat="48.861419996246696" lon="2.931779930368066">
				<ele>86.0</ele>
				<time>2020-06-30T11:24:09</time>
			</trkpt>
			<trkpt lat="48.86131991632283" lon="2.9311099648475647">
				<ele>85.0</ele>
				<time>2020-06-30T11:24:17</time>
			</trkpt>
			<trkpt lat="48.86130994185805" lon="2.930959928780794">
				<ele>85.0</ele>
				<time>2020-06-30T11:24:19</time>
			</trkpt>
			<trkpt lat="48.8612799346447" lon="2.9307899437844753">
				<ele>85.0</ele>
				<time>2020-06-30T11:24:21</time>
			</trkpt>
			<trkpt lat="48.86121992021799" lon="2.9304099921137094">
				<ele>83.0</ele>
				<time>2020-06-30T11:24:25</time>
			</trkpt>
			<trkpt lat="48.86120994575322" lon="2.9303299449384212">
				<ele>83.0</ele>
				<time>2020-06-30T11:24:26</time>
			</trkpt>
			<trkpt lat="48.861119924113154" lon="2.9296499211341143">
				<ele>81.0</ele>
				<time>2020-06-30T11:24:34</time>
			</trkpt>
			<trkpt lat="48.86101992800832" lon="2.9290799517184496">
				<ele>80.0</ele>
				<time>2020-06-30T11:24:41</time>
			</trkpt>
			<trkpt lat="48.86093996465206" lon="2.928469916805625">
				<ele>82.0</ele>
				<time>2020-06-30T11:24:48</time>
			</trkpt>
			<trkpt lat="48.86090995743871" lon="2.928259950131178">
				<ele>82.0</ele>
				<time>2020-06-30T11:24:50</time>
			</trkpt>
			<trkpt lat="48.86087995022535" lon="2.928009917959571">
				<ele>82.0</ele>
				<time>2020-06-30T11:24:53</time>
			</trkpt>
			<trkpt lat="48.86082999408245" lon="2.927659973502159">
				<ele>81.0</ele>
				<time>2020-06-30T11:24:57</time>
			</trkpt>
			<trkpt lat="48.86082999408245" lon="2.927579926326871">
				<ele>80.0</ele>
				<time>2020-06-30T11:24:58</time>
			</trkpt>
			<trkpt lat="48.86080996133387" lon="2.9273299779742956">
				<ele>80.0</ele>
				<time>2020-06-30T11:25:01</time>
			</trkpt>
			<trkpt lat="48.86076997965574" lon="2.926139999181032">
				<ele>78.0</ele>
				<time>2020-06-30T11:25:15</time>
			</trkpt>
			<trkpt lat="48.86073997244239" lon="2.9257799964398146">
				<ele>77.0</ele>
				<time>2020-06-30T11:25:19</time>
			</trkpt>
			<trkpt lat="48.86071993969381" lon="2.925639934837818">
				<ele>77.0</ele>
				<time>2020-06-30T11:25:21</time>
			</trkpt>
			<trkpt lat="48.86063997633755" lon="2.925229975953698">
				<ele>77.0</ele>
				<time>2020-06-30T11:25:25</time>
			</trkpt>
			<trkpt lat="48.86054995469749" lon="2.924919929355383">
				<ele>76.0</ele>
				<time>2020-06-30T11:25:29</time>
			</trkpt>
			<trkpt lat="48.860519947484136" lon="2.9248599987477064">
				<ele>76.0</ele>
				<time>2020-06-30T11:25:30</time>
			</trkpt>
			<trkpt lat="48.86044995859265" lon="2.9246999882161617">
				<ele>75.0</ele>
				<time>2020-06-30T11:25:32</time>
			</trkpt>
			<trkpt lat="48.86029992252588" lon="2.924479963257909">
				<ele>74.0</ele>
				<time>2020-06-30T11:25:36</time>
			</trkpt>
			<trkpt lat="48.860129937529564" lon="2.924259938299656">
				<ele>72.0</ele>
				<time>2020-06-30T11:25:40</time>
			</trkpt>
			<trkpt lat="48.85973992757499" lon="2.9237699322402477">
				<ele>70.0</ele>
				<time>2020-06-30T11:25:49</time>
			</trkpt>
			<trkpt lat="48.8595599681139" lon="2.9234999511390924">
				<ele>70.0</ele>
				<time>2020-06-30T11:25:53</time>
			</trkpt>
			<trkpt lat="48.85951998643577" lon="2.923419987782836">
				<ele>70.0</ele>
				<time>2020-06-30T11:25:54</time>
			</trkpt>
			<trkpt lat="48.859399957582355" lon="2.923199962824583">
				<ele>69.0</ele>
				<time>2020-06-30T11:25:58</time>
			</trkpt>
			<trkpt lat="48.8593199942261" lon="2.9230099450796843">
				<ele>68.0</ele>
				<time>2020-06-30T11:26:00</time>
			</trkpt>
			<trkpt lat="48.85914992541075" lon="2.922539971768856">
				<ele>66.0</ele>
				<time>2020-06-30T11:26:06</time>
			</trkpt>
			<trkpt lat="48.85905998758972" lon="2.9222199507057667">
				<ele>64.0</ele>
				<time>2020-06-30T11:26:10</time>
			</trkpt>
			<trkpt lat="48.85900994762778" lon="2.9219299368560314">
				<ele>63.0</ele>
				<time>2020-06-30T11:26:14</time>
			</trkpt>
			<trkpt lat="48.85897994041443" lon="2.921679988503456">
				<ele>62.0</ele>
				<time>2020-06-30T11:26:17</time>
			</trkpt>
			<trkpt lat="48.85895999148488" lon="2.9212599713355303">
				<ele>62.0</ele>
				<time>2020-06-30T11:26:21</time>
			</trkpt>
			<trkpt lat="48.8589399587363" lon="2.9204299952834845">
				<ele>60.0</ele>
				<time>2020-06-30T11:26:31</time>
			</trkpt>
			<trkpt lat="48.8589399587363" lon="2.9200199525803328">
				<ele>58.0</ele>
				<time>2020-06-30T11:26:36</time>
			</trkpt>
			<trkpt lat="48.858949933201075" lon="2.919619968160987">
				<ele>57.0</ele>
				<time>2020-06-30T11:26:40</time>
			</trkpt>
			<trkpt lat="48.85897994041443" lon="2.9192699398845434">
				<ele>56.0</ele>
				<time>2020-06-30T11:26:44</time>
			</trkpt>
			<trkpt lat="48.859079936519265" lon="2.918549934402108">
				<ele>57.0</ele>
				<time>2020-06-30T11:26:53</time>
			</trkpt>
			<trkpt lat="48.859079936519265" lon="2.9183899238705635">
				<ele>57.0</ele>
				<time>2020-06-30T11:26:55</time>
			</trkpt>
			<trkpt lat="48.85908999480307" lon="2.9182299971580505">
				<ele>57.0</ele>
				<time>2020-06-30T11:26:56</time>
			</trkpt>
			<trkpt lat="48.85908999480307" lon="2.9181999899446964">
				<ele>57.0</ele>
				<time>2020-06-30T11:26:57</time>
			</trkpt>
			<trkpt lat="48.859079936519265" lon="2.9181699827313423">
				<ele>56.0</ele>
				<time>2020-06-30T11:26:57</time>
			</trkpt>
			<trkpt lat="48.85902998037636" lon="2.9179999977350235">
				<ele>56.0</ele>
				<time>2020-06-30T11:26:59</time>
			</trkpt>
			<trkpt lat="48.8591799326241" lon="2.917249985039234">
				<ele>57.0</ele>
				<time>2020-06-30T11:27:08</time>
			</trkpt>
			<trkpt lat="48.859209939837456" lon="2.9171499889343977">
				<ele>56.0</ele>
				<time>2020-06-30T11:27:09</time>
			</trkpt>
			<trkpt lat="48.85923994705081" lon="2.9170299600809813">
				<ele>56.0</ele>
				<time>2020-06-30T11:27:11</time>
			</trkpt>
			<trkpt lat="48.859369950369" lon="2.9161999840289354">
				<ele>56.0</ele>
				<time>2020-06-30T11:27:21</time>
			</trkpt>
			<trkpt lat="48.85940993204713" lon="2.9159699846059084">
				<ele>56.0</ele>
				<time>2020-06-30T11:27:23</time>
			</trkpt>
			<trkpt lat="48.85943993926048" lon="2.9157099779695272">
				<ele>56.0</ele>
				<time>2020-06-30T11:27:26</time>
			</trkpt>
			<trkpt lat="48.85944999754429" lon="2.915659938007593">
				<ele>56.0</ele>
				<time>2020-06-30T11:27:27</time>
			</trkpt>
			<trkpt lat="48.85949995368719" lon="2.9150799941271544">
				<ele>55.0</ele>
				<time>2020-06-30T11:27:34</time>
			</trkpt>
			<trkpt lat="48.859529960900545" lon="2.9146299697458744">
				<ele>56.0</ele>
				<time>2020-06-30T11:27:39</time>
			</trkpt>
			<trkpt lat="48.8595599681139" lon="2.9137099720537663">
				<ele>55.0</ele>
				<time>2020-06-30T11:27:49</time>
			</trkpt>
			<trkpt lat="48.8595599681139" lon="2.913369918242097">
				<ele>55.0</ele>
				<time>2020-06-30T11:27:53</time>
			</trkpt>
			<trkpt lat="48.859549993649125" lon="2.913219965994358">
				<ele>55.0</ele>
				<time>2020-06-30T11:27:55</time>
			</trkpt>
			<trkpt lat="48.85956994257867" lon="2.9123499244451523">
				<ele>54.0</ele>
				<time>2020-06-30T11:28:05</time>
			</trkpt>
			<trkpt lat="48.85958997532725" lon="2.9118099622428417">
				<ele>53.0</ele>
				<time>2020-06-30T11:28:11</time>
			</trkpt>
			<trkpt lat="48.85958997532725" lon="2.9115799628198147">
				<ele>53.0</ele>
				<time>2020-06-30T11:28:14</time>
			</trkpt>
			<trkpt lat="48.85959994979203" lon="2.911229934543371">
				<ele>53.0</ele>
				<time>2020-06-30T11:28:18</time>
			</trkpt>
			<trkpt lat="48.8596099242568" lon="2.9106899723410606">
				<ele>53.0</ele>
				<time>2020-06-30T11:28:24</time>
			</trkpt>
			<trkpt lat="48.85962995700538" lon="2.9101699590682983">
				<ele>53.0</ele>
				<time>2020-06-30T11:28:30</time>
			</trkpt>
			<trkpt lat="48.85962995700538" lon="2.909819930791855">
				<ele>53.0</ele>
				<time>2020-06-30T11:28:34</time>
			</trkpt>
			<trkpt lat="48.85964998975396" lon="2.9097499419003725">
				<ele>53.0</ele>
				<time>2020-06-30T11:28:35</time>
			</trkpt>
			<trkpt lat="48.85964998975396" lon="2.9095199424773455">
				<ele>53.0</ele>
				<time>2020-06-30T11:28:38</time>
			</trkpt>
			<trkpt lat="48.859659964218736" lon="2.90922992862761">
				<ele>53.0</ele>
				<time>2020-06-30T11:28:41</time>
			</trkpt>
			<trkpt lat="48.85966993868351" lon="2.9086399264633656">
				<ele>53.0</ele>
				<time>2020-06-30T11:28:48</time>
			</trkpt>
			<trkpt lat="48.859679996967316" lon="2.908339938148856">
				<ele>52.0</ele>
				<time>2020-06-30T11:28:51</time>
			</trkpt>
			<trkpt lat="48.859699945896864" lon="2.9079699609428644">
				<ele>52.0</ele>
				<time>2020-06-30T11:28:55</time>
			</trkpt>
			<trkpt lat="48.85970992036164" lon="2.9077099543064833">
				<ele>52.0</ele>
				<time>2020-06-30T11:28:58</time>
			</trkpt>
			<trkpt lat="48.85972995311022" lon="2.906999923288822">
				<ele>52.0</ele>
				<time>2020-06-30T11:29:06</time>
			</trkpt>
			<trkpt lat="48.859659964218736" lon="2.9070299305021763">
				<ele>51.0</ele>
				<time>2020-06-30T11:29:08</time>
			</trkpt>
			<trkpt lat="48.8591299764812" lon="2.9071199521422386">
				<ele>51.0</ele>
				<time>2020-06-30T11:29:17</time>
			</trkpt>
			<trkpt lat="48.85884993709624" lon="2.907159933820367">
				<ele>50.0</ele>
				<time>2020-06-30T11:29:22</time>
			</trkpt>
			<trkpt lat="48.858839962631464" lon="2.9071699921041727">
				<ele>50.0</ele>
				<time>2020-06-30T11:29:22</time>
			</trkpt>
			<trkpt lat="48.85858993045986" lon="2.907189941033721">
				<ele>50.0</ele>
				<time>2020-06-30T11:29:26</time>
			</trkpt>
			<trkpt lat="48.858409970998764" lon="2.907219948247075">
				<ele>49.0</ele>
				<time>2020-06-30T11:29:30</time>
			</trkpt>
			<trkpt lat="48.85825993493199" lon="2.907229922711849">
				<ele>49.0</ele>
				<time>2020-06-30T11:29:32</time>
			</trkpt>
			<trkpt lat="48.858239986002445" lon="2.907229922711849">
				<ele>49.0</ele>
				<time>2020-06-30T11:29:33</time>
			</trkpt>
			<trkpt lat="48.858239986002445" lon="2.9071299266070127">
				<ele>49.0</ele>
				<time>2020-06-30T11:29:34</time>
			</trkpt>
			<trkpt lat="48.85824996046722" lon="2.9070799704641104">
				<ele>49.0</ele>
				<time>2020-06-30T11:29:34</time>
			</trkpt>
			<trkpt lat="48.858199920505285" lon="2.9070299305021763">
				<ele>49.0</ele>
				<time>2020-06-30T11:29:35</time>
			</trkpt>
			<trkpt lat="48.85814996436238" lon="2.906999923288822">
				<ele>49.0</ele>
				<time>2020-06-30T11:29:36</time>
			</trkpt>
			<trkpt lat="48.858069917187095" lon="2.90694996714592">
				<ele>49.0</ele>
				<time>2020-06-30T11:29:38</time>
			</trkpt>
			<trkpt lat="48.85799992829561" lon="2.9069199599325657">
				<ele>49.0</ele>
				<time>2020-06-30T11:29:39</time>
			</trkpt>
			<trkpt lat="48.85799003764987" lon="2.9069100692868233">
				<ele>49.0</ele>
				<time>2020-06-30T11:29:39</time>
			</trkpt>
		</trkseg>
	</trk>
</gpx>
