<?xml version="1.0" encoding="UTF-8"?>
<gpx creator="Garmin Connect" version="1.1" xsi:schemaLocation="http://www.topografix.com/GPX/1/1 http://www.topografix.com/GPX/11.xsd" xmlns:ns3="http://www.garmin.com/xmlschemas/TrackPointExtension/v1" xmlns="http://www.topografix.com/GPX/1/1" xmlns:xsi="http://www.w3.org/2001/XMLSchema-instance" xmlns:ns2="http://www.garmin.com/xmlschemas/GpxExtensions/v3">
	<metadata>
		<name>005-G1-112 km-D 700 m-La Croix en Brie</name>
		<link href="connect.garmin.com">
			<text>Garmin Connect</text>
		</link>
		<time>2020-07-03T08:00:00</time>
	</metadata>
	<trk>
		<name>005-G1-112 km-D 700 m-La Croix en Brie</name>
		<trkseg>
			<trkpt lat="48.8582181930542" lon="2.907181978225708">
				<ele>51.21</ele>
				<time>2020-07-03T08:00:00</time>
			</trkpt>
			<trkpt lat="48.858132446184754" lon="2.907278537750244">
				<ele>51.79</ele>
				<time>2020-07-03T08:00:02</time>
			</trkpt>
			<trkpt lat="48.8581109046936" lon="2.9073429107666016">
				<ele>51.97</ele>
				<time>2020-07-03T08:00:02</time>
			</trkpt>
			<trkpt lat="48.85803588666022" lon="2.9074931144714355">
				<ele>51.43</ele>
				<time>2020-07-03T08:00:04</time>
			</trkpt>
			<trkpt lat="48.8577139377594" lon="2.90812611579895">
				<ele>51.15</ele>
				<time>2020-07-03T08:00:12</time>
			</trkpt>
			<trkpt lat="48.857638919726014" lon="2.908276319503784">
				<ele>51.0</ele>
				<time>2020-07-03T08:00:13</time>
			</trkpt>
			<trkpt lat="48.85724195279181" lon="2.909005880355835">
				<ele>51.29</ele>
				<time>2020-07-03T08:00:22</time>
			</trkpt>
			<trkpt lat="48.85717757977545" lon="2.9090917110443115">
				<ele>51.83</ele>
				<time>2020-07-03T08:00:23</time>
			</trkpt>
			<trkpt lat="48.857102477923036" lon="2.9091989994049072">
				<ele>52.0</ele>
				<time>2020-07-03T08:00:25</time>
			</trkpt>
			<trkpt lat="48.85674834251404" lon="2.9098212718963623">
				<ele>51.06</ele>
				<time>2020-07-03T08:00:33</time>
			</trkpt>
			<trkpt lat="48.85666259564459" lon="2.9099714756011963">
				<ele>50.88</ele>
				<time>2020-07-03T08:00:34</time>
			</trkpt>
			<trkpt lat="48.85666251182556" lon="2.9099929332733154">
				<ele>50.8</ele>
				<time>2020-07-03T08:00:35</time>
			</trkpt>
			<trkpt lat="48.85654457844794" lon="2.910207509994507">
				<ele>50.79</ele>
				<time>2020-07-03T08:00:37</time>
			</trkpt>
			<trkpt lat="48.856544494628906" lon="2.910207509994507">
				<ele>50.79</ele>
				<time>2020-07-03T08:00:37</time>
			</trkpt>
			<trkpt lat="48.85646939277649" lon="2.910432815551758">
				<ele>51.21</ele>
				<time>2020-07-03T08:00:40</time>
			</trkpt>
			<trkpt lat="48.856297731399536" lon="2.9108834266662598">
				<ele>52.45</ele>
				<time>2020-07-03T08:00:45</time>
			</trkpt>
			<trkpt lat="48.8562548160553" lon="2.911055088043213">
				<ele>52.61</ele>
				<time>2020-07-03T08:00:46</time>
			</trkpt>
			<trkpt lat="48.855847204104066" lon="2.9105615615844727">
				<ele>52.0</ele>
				<time>2020-07-03T08:00:54</time>
			</trkpt>
			<trkpt lat="48.85565400123596" lon="2.910325527191162">
				<ele>52.0</ele>
				<time>2020-07-03T08:00:57</time>
			</trkpt>
			<trkpt lat="48.855589712038636" lon="2.9100894927978516">
				<ele>51.91</ele>
				<time>2020-07-03T08:01:00</time>
			</trkpt>
			<trkpt lat="48.8554931525141" lon="2.9098963737487793">
				<ele>51.41</ele>
				<time>2020-07-03T08:01:02</time>
			</trkpt>
			<trkpt lat="48.85541796684265" lon="2.909853458404541">
				<ele>51.15</ele>
				<time>2020-07-03T08:01:03</time>
			</trkpt>
			<trkpt lat="48.855353677645326" lon="2.909853458404541">
				<ele>51.14</ele>
				<time>2020-07-03T08:01:04</time>
			</trkpt>
			<trkpt lat="48.855117643252015" lon="2.9098963737487793">
				<ele>52.14</ele>
				<time>2020-07-03T08:01:07</time>
			</trkpt>
			<trkpt lat="48.85511755943298" lon="2.9098963737487793">
				<ele>52.14</ele>
				<time>2020-07-03T08:01:07</time>
			</trkpt>
			<trkpt lat="48.854849338531494" lon="2.9099178314208984">
				<ele>53.18</ele>
				<time>2020-07-03T08:01:11</time>
			</trkpt>
			<trkpt lat="48.85477423667908" lon="2.90987491607666">
				<ele>53.47</ele>
				<time>2020-07-03T08:01:12</time>
			</trkpt>
			<trkpt lat="48.854559659957886" lon="2.9101645946502686">
				<ele>54.93</ele>
				<time>2020-07-03T08:01:17</time>
			</trkpt>
			<trkpt lat="48.85449528694153" lon="2.9103362560272217">
				<ele>55.67</ele>
				<time>2020-07-03T08:01:18</time>
			</trkpt>
			<trkpt lat="48.85443091392517" lon="2.911055088043213">
				<ele>54.42</ele>
				<time>2020-07-03T08:01:25</time>
			</trkpt>
			<trkpt lat="48.854334354400635" lon="2.911527156829834">
				<ele>57.3</ele>
				<time>2020-07-03T08:01:30</time>
			</trkpt>
			<trkpt lat="48.85431298054755" lon="2.911698818206787">
				<ele>57.96</ele>
				<time>2020-07-03T08:01:32</time>
			</trkpt>
			<trkpt lat="48.854323625564575" lon="2.9118382930755615">
				<ele>57.92</ele>
				<time>2020-07-03T08:01:33</time>
			</trkpt>
			<trkpt lat="48.85438799858093" lon="2.912203073501587">
				<ele>57.14</ele>
				<time>2020-07-03T08:01:36</time>
			</trkpt>
			<trkpt lat="48.85446318425238" lon="2.912546396255493">
				<ele>55.16</ele>
				<time>2020-07-03T08:01:40</time>
			</trkpt>
			<trkpt lat="48.855053186416626" lon="2.9155075550079346">
				<ele>51.0</ele>
				<time>2020-07-03T08:02:09</time>
			</trkpt>
			<trkpt lat="48.85505327023566" lon="2.9155075550079346">
				<ele>51.0</ele>
				<time>2020-07-03T08:02:09</time>
			</trkpt>
			<trkpt lat="48.85517120361328" lon="2.9161620140075684">
				<ele>51.5</ele>
				<time>2020-07-03T08:02:15</time>
			</trkpt>
			<trkpt lat="48.8551926612854" lon="2.9165267944335938">
				<ele>51.65</ele>
				<time>2020-07-03T08:02:19</time>
			</trkpt>
			<trkpt lat="48.85516055859625" lon="2.9191982746124268">
				<ele>51.47</ele>
				<time>2020-07-03T08:02:44</time>
			</trkpt>
			<trkpt lat="48.85511755943298" lon="2.9216551780700684">
				<ele>52.93</ele>
				<time>2020-07-03T08:03:07</time>
			</trkpt>
			<trkpt lat="48.855042457580566" lon="2.922288179397583">
				<ele>54.0</ele>
				<time>2020-07-03T08:03:13</time>
			</trkpt>
			<trkpt lat="48.85498881340027" lon="2.9224812984466553">
				<ele>53.48</ele>
				<time>2020-07-03T08:03:15</time>
			</trkpt>
			<trkpt lat="48.854613304138184" lon="2.923457622528076">
				<ele>53.25</ele>
				<time>2020-07-03T08:03:26</time>
			</trkpt>
			<trkpt lat="48.85452747344971" lon="2.9235541820526123">
				<ele>53.8</ele>
				<time>2020-07-03T08:03:27</time>
			</trkpt>
			<trkpt lat="48.85443091392517" lon="2.9236292839050293">
				<ele>54.6</ele>
				<time>2020-07-03T08:03:29</time>
			</trkpt>
			<trkpt lat="48.8544309977442" lon="2.9236292839050293">
				<ele>54.6</ele>
				<time>2020-07-03T08:03:29</time>
			</trkpt>
			<trkpt lat="48.854355812072754" lon="2.923661470413208">
				<ele>55.7</ele>
				<time>2020-07-03T08:03:30</time>
			</trkpt>
			<trkpt lat="48.85376572608948" lon="2.923736572265625">
				<ele>58.18</ele>
				<time>2020-07-03T08:03:38</time>
			</trkpt>
			<trkpt lat="48.853304386138916" lon="2.9234254360198975">
				<ele>59.18</ele>
				<time>2020-07-03T08:03:46</time>
			</trkpt>
			<trkpt lat="48.850890481844544" lon="2.9218053817749023">
				<ele>70.14</ele>
				<time>2020-07-03T08:04:23</time>
			</trkpt>
			<trkpt lat="48.849323987960815" lon="2.920668125152588">
				<ele>72.22</ele>
				<time>2020-07-03T08:04:48</time>
			</trkpt>
			<trkpt lat="48.849055767059326" lon="2.9204320907592773">
				<ele>71.37</ele>
				<time>2020-07-03T08:04:53</time>
			</trkpt>
			<trkpt lat="48.848605155944824" lon="2.919938564300537">
				<ele>69.9</ele>
				<time>2020-07-03T08:05:00</time>
			</trkpt>
			<trkpt lat="48.848605239763856" lon="2.919938564300537">
				<ele>69.9</ele>
				<time>2020-07-03T08:05:00</time>
			</trkpt>
			<trkpt lat="48.848412120714784" lon="2.9197347164154053">
				<ele>69.54</ele>
				<time>2020-07-03T08:05:04</time>
			</trkpt>
			<trkpt lat="48.84826191700995" lon="2.91961669921875">
				<ele>68.79</ele>
				<time>2020-07-03T08:05:06</time>
			</trkpt>
			<trkpt lat="48.84802579879761" lon="2.9194557666778564">
				<ele>67.32</ele>
				<time>2020-07-03T08:05:10</time>
			</trkpt>
			<trkpt lat="48.84791851043701" lon="2.9193270206451416">
				<ele>67.17</ele>
				<time>2020-07-03T08:05:12</time>
			</trkpt>
			<trkpt lat="48.847821950912476" lon="2.9191553592681885">
				<ele>66.48</ele>
				<time>2020-07-03T08:05:14</time>
			</trkpt>
			<trkpt lat="48.8472855091095" lon="2.917771339416504">
				<ele>63.5</ele>
				<time>2020-07-03T08:05:29</time>
			</trkpt>
			<trkpt lat="48.84715676307678" lon="2.9173529148101807">
				<ele>61.27</ele>
				<time>2020-07-03T08:05:33</time>
			</trkpt>
			<trkpt lat="48.847113847732544" lon="2.9171812534332275">
				<ele>60.68</ele>
				<time>2020-07-03T08:05:35</time>
			</trkpt>
			<trkpt lat="48.84688854217529" lon="2.915518283843994">
				<ele>59.19</ele>
				<time>2020-07-03T08:05:51</time>
			</trkpt>
			<trkpt lat="48.84674906730652" lon="2.9146170616149902">
				<ele>59.47</ele>
				<time>2020-07-03T08:06:00</time>
			</trkpt>
			<trkpt lat="48.84645938873291" lon="2.913072109222412">
				<ele>60.22</ele>
				<time>2020-07-03T08:06:15</time>
			</trkpt>
			<trkpt lat="48.84641647338867" lon="2.9129326343536377">
				<ele>60.47</ele>
				<time>2020-07-03T08:06:16</time>
			</trkpt>
			<trkpt lat="48.8461697101593" lon="2.912224531173706">
				<ele>60.11</ele>
				<time>2020-07-03T08:06:24</time>
			</trkpt>
			<trkpt lat="48.84590148925781" lon="2.9116880893707275">
				<ele>58.06</ele>
				<time>2020-07-03T08:06:30</time>
			</trkpt>
			<trkpt lat="48.84572982788086" lon="2.9113876819610596">
				<ele>56.93</ele>
				<time>2020-07-03T08:06:34</time>
			</trkpt>
			<trkpt lat="48.845601081848145" lon="2.911151647567749">
				<ele>56.71</ele>
				<time>2020-07-03T08:06:37</time>
			</trkpt>
			<trkpt lat="48.844581842422485" lon="2.9094350337982178">
				<ele>52.89</ele>
				<time>2020-07-03T08:06:59</time>
			</trkpt>
			<trkpt lat="48.84313344955444" lon="2.9075467586517334">
				<ele>56.68</ele>
				<time>2020-07-03T08:07:26</time>
			</trkpt>
			<trkpt lat="48.8426399230957" lon="2.9070210456848145">
				<ele>55.46</ele>
				<time>2020-07-03T08:07:35</time>
			</trkpt>
			<trkpt lat="48.842071294784546" lon="2.9066884517669678">
				<ele>55.42</ele>
				<time>2020-07-03T08:07:43</time>
			</trkpt>
			<trkpt lat="48.84170651435852" lon="2.906538248062134">
				<ele>56.4</ele>
				<time>2020-07-03T08:07:49</time>
			</trkpt>
			<trkpt lat="48.839067220687866" lon="2.9059267044067383">
				<ele>54.77</ele>
				<time>2020-07-03T08:08:27</time>
			</trkpt>
			<trkpt lat="48.8390673045069" lon="2.9059267044067383">
				<ele>54.77</ele>
				<time>2020-07-03T08:08:27</time>
			</trkpt>
			<trkpt lat="48.83614897727966" lon="2.9052507877349854">
				<ele>53.29</ele>
				<time>2020-07-03T08:09:09</time>
			</trkpt>
			<trkpt lat="48.836149061098695" lon="2.9052507877349854">
				<ele>53.29</ele>
				<time>2020-07-03T08:09:09</time>
			</trkpt>
			<trkpt lat="48.83578419685364" lon="2.9051220417022705">
				<ele>53.0</ele>
				<time>2020-07-03T08:09:14</time>
			</trkpt>
			<trkpt lat="48.83373498916626" lon="2.9039525985717773">
				<ele>53.17</ele>
				<time>2020-07-03T08:09:46</time>
			</trkpt>
			<trkpt lat="48.83041977882385" lon="2.901785373687744">
				<ele>54.64</ele>
				<time>2020-07-03T08:10:37</time>
			</trkpt>
			<trkpt lat="48.82975459098816" lon="2.90138840675354">
				<ele>55.8</ele>
				<time>2020-07-03T08:10:48</time>
			</trkpt>
			<trkpt lat="48.82950782775879" lon="2.9013240337371826">
				<ele>55.9</ele>
				<time>2020-07-03T08:10:51</time>
			</trkpt>
			<trkpt lat="48.82919669151306" lon="2.9012811183929443">
				<ele>56.8</ele>
				<time>2020-07-03T08:10:56</time>
			</trkpt>
			<trkpt lat="48.82882118225098" lon="2.9013025760650635">
				<ele>59.29</ele>
				<time>2020-07-03T08:11:01</time>
			</trkpt>
			<trkpt lat="48.82725477218628" lon="2.9016780853271484">
				<ele>59.59</ele>
				<time>2020-07-03T08:11:24</time>
			</trkpt>
			<trkpt lat="48.82693290710449" lon="2.9017210006713867">
				<ele>60.13</ele>
				<time>2020-07-03T08:11:28</time>
			</trkpt>
			<trkpt lat="48.82657893933356" lon="2.901710271835327">
				<ele>61.09</ele>
				<time>2020-07-03T08:11:33</time>
			</trkpt>
			<trkpt lat="48.82648229598999" lon="2.9016995429992676">
				<ele>60.85</ele>
				<time>2020-07-03T08:11:35</time>
			</trkpt>
			<trkpt lat="48.82648237980902" lon="2.9016995429992676">
				<ele>60.85</ele>
				<time>2020-07-03T08:11:35</time>
			</trkpt>
			<trkpt lat="48.8258171081543" lon="2.901667356491089">
				<ele>64.91</ele>
				<time>2020-07-03T08:11:44</time>
			</trkpt>
			<trkpt lat="48.82498025894165" lon="2.9017531871795654">
				<ele>69.89</ele>
				<time>2020-07-03T08:11:56</time>
			</trkpt>
			<trkpt lat="48.82469058036804" lon="2.9019033908843994">
				<ele>66.96</ele>
				<time>2020-07-03T08:12:01</time>
			</trkpt>
			<trkpt lat="48.82446535862982" lon="2.902085781097412">
				<ele>65.22</ele>
				<time>2020-07-03T08:12:04</time>
			</trkpt>
			<trkpt lat="48.82441163063049" lon="2.9021286964416504">
				<ele>64.25</ele>
				<time>2020-07-03T08:12:05</time>
			</trkpt>
			<trkpt lat="48.82421851158142" lon="2.9023540019989014">
				<ele>61.78</ele>
				<time>2020-07-03T08:12:09</time>
			</trkpt>
			<trkpt lat="48.82405766285956" lon="2.902407646179199">
				<ele>61.2</ele>
				<time>2020-07-03T08:12:11</time>
			</trkpt>
			<trkpt lat="48.823853731155396" lon="2.90238618850708">
				<ele>61.16</ele>
				<time>2020-07-03T08:12:14</time>
			</trkpt>
			<trkpt lat="48.8232421875" lon="2.902493476867676">
				<ele>63.0</ele>
				<time>2020-07-03T08:12:23</time>
			</trkpt>
			<trkpt lat="48.82292032241821" lon="2.90263295173645">
				<ele>64.18</ele>
				<time>2020-07-03T08:12:27</time>
			</trkpt>
			<trkpt lat="48.82266283035278" lon="2.902836799621582">
				<ele>64.52</ele>
				<time>2020-07-03T08:12:32</time>
			</trkpt>
			<trkpt lat="48.821879709139466" lon="2.9036521911621094">
				<ele>61.31</ele>
				<time>2020-07-03T08:12:45</time>
			</trkpt>
			<trkpt lat="48.82177242077887" lon="2.9037702083587646">
				<ele>60.7</ele>
				<time>2020-07-03T08:12:47</time>
			</trkpt>
			<trkpt lat="48.82130026817322" lon="2.9042422771453857">
				<ele>60.54</ele>
				<time>2020-07-03T08:12:55</time>
			</trkpt>
			<trkpt lat="48.82058151997626" lon="2.905014753341675">
				<ele>63.79</ele>
				<time>2020-07-03T08:13:08</time>
			</trkpt>
			<trkpt lat="48.82056006230414" lon="2.905036211013794">
				<ele>63.88</ele>
				<time>2020-07-03T08:13:08</time>
			</trkpt>
			<trkpt lat="48.82042050361633" lon="2.905186414718628">
				<ele>63.82</ele>
				<time>2020-07-03T08:13:11</time>
			</trkpt>
			<trkpt lat="48.82031321525574" lon="2.9053688049316406">
				<ele>62.42</ele>
				<time>2020-07-03T08:13:13</time>
			</trkpt>
			<trkpt lat="48.82019519805908" lon="2.9057013988494873">
				<ele>59.26</ele>
				<time>2020-07-03T08:13:16</time>
			</trkpt>
			<trkpt lat="48.820087909698486" lon="2.9060661792755127">
				<ele>57.57</ele>
				<time>2020-07-03T08:13:20</time>
			</trkpt>
			<trkpt lat="48.82003426551819" lon="2.9064738750457764">
				<ele>57.0</ele>
				<time>2020-07-03T08:13:24</time>
			</trkpt>
			<trkpt lat="48.819884061813354" lon="2.9081690311431885">
				<ele>53.26</ele>
				<time>2020-07-03T08:13:40</time>
			</trkpt>
			<trkpt lat="48.81979823112488" lon="2.9089415073394775">
				<ele>52.95</ele>
				<time>2020-07-03T08:13:48</time>
			</trkpt>
			<trkpt lat="48.81975539959967" lon="2.909274101257324">
				<ele>53.17</ele>
				<time>2020-07-03T08:13:51</time>
			</trkpt>
			<trkpt lat="48.819637298583984" lon="2.9097461700439453">
				<ele>55.3</ele>
				<time>2020-07-03T08:13:56</time>
			</trkpt>
			<trkpt lat="48.81955146789551" lon="2.9100143909454346">
				<ele>57.16</ele>
				<time>2020-07-03T08:13:58</time>
			</trkpt>
			<trkpt lat="48.81846793927252" lon="2.9126429557800293">
				<ele>57.1</ele>
				<time>2020-07-03T08:14:28</time>
			</trkpt>
			<trkpt lat="48.81827473640442" lon="2.9131150245666504">
				<ele>58.47</ele>
				<time>2020-07-03T08:14:33</time>
			</trkpt>
			<trkpt lat="48.81700881756842" lon="2.9161620140075684">
				<ele>63.0</ele>
				<time>2020-07-03T08:15:07</time>
			</trkpt>
			<trkpt lat="48.81595739163458" lon="2.9187262058258057">
				<ele>69.0</ele>
				<time>2020-07-03T08:15:35</time>
			</trkpt>
			<trkpt lat="48.815163457766175" lon="2.9206037521362305">
				<ele>76.75</ele>
				<time>2020-07-03T08:15:56</time>
			</trkpt>
			<trkpt lat="48.814862966537476" lon="2.921311855316162">
				<ele>81.48</ele>
				<time>2020-07-03T08:16:04</time>
			</trkpt>
			<trkpt lat="48.81449818611145" lon="2.921783924102783">
				<ele>84.11</ele>
				<time>2020-07-03T08:16:11</time>
			</trkpt>
			<trkpt lat="48.81449826993048" lon="2.921783924102783">
				<ele>84.11</ele>
				<time>2020-07-03T08:16:11</time>
			</trkpt>
			<trkpt lat="48.81346821784973" lon="2.922813892364502">
				<ele>91.53</ele>
				<time>2020-07-03T08:16:29</time>
			</trkpt>
			<trkpt lat="48.81332882679999" lon="2.9229533672332764">
				<ele>92.54</ele>
				<time>2020-07-03T08:16:31</time>
			</trkpt>
			<trkpt lat="48.813135623931885" lon="2.923135757446289">
				<ele>93.84</ele>
				<time>2020-07-03T08:16:34</time>
			</trkpt>
			<trkpt lat="48.81307125091553" lon="2.9232001304626465">
				<ele>94.09</ele>
				<time>2020-07-03T08:16:35</time>
			</trkpt>
			<trkpt lat="48.81307133473456" lon="2.9232001304626465">
				<ele>94.09</ele>
				<time>2020-07-03T08:16:35</time>
			</trkpt>
			<trkpt lat="48.81126880645752" lon="2.9249489307403564">
				<ele>94.39</ele>
				<time>2020-07-03T08:17:06</time>
			</trkpt>
			<trkpt lat="48.810657262802124" lon="2.925539016723633">
				<ele>97.45</ele>
				<time>2020-07-03T08:17:16</time>
			</trkpt>
			<trkpt lat="48.8105929736048" lon="2.9256033897399902">
				<ele>98.1</ele>
				<time>2020-07-03T08:17:17</time>
			</trkpt>
			<trkpt lat="48.810432041063905" lon="2.9257750511169434">
				<ele>98.75</ele>
				<time>2020-07-03T08:17:20</time>
			</trkpt>
			<trkpt lat="48.81028175354004" lon="2.9259145259857178">
				<ele>99.3</ele>
				<time>2020-07-03T08:17:23</time>
			</trkpt>
			<trkpt lat="48.81012090481818" lon="2.9260647296905518">
				<ele>100.16</ele>
				<time>2020-07-03T08:17:25</time>
			</trkpt>
			<trkpt lat="48.808447206392884" lon="2.9276955127716064">
				<ele>109.55</ele>
				<time>2020-07-03T08:17:54</time>
			</trkpt>
			<trkpt lat="48.808425748720765" lon="2.9277169704437256">
				<ele>109.7</ele>
				<time>2020-07-03T08:17:54</time>
			</trkpt>
			<trkpt lat="48.80763181485236" lon="2.9284894466400146">
				<ele>116.92</ele>
				<time>2020-07-03T08:18:08</time>
			</trkpt>
			<trkpt lat="48.807406509295106" lon="2.928704023361206">
				<ele>120.73</ele>
				<time>2020-07-03T08:18:11</time>
			</trkpt>
			<trkpt lat="48.80705245770514" lon="2.9290366172790527">
				<ele>124.02</ele>
				<time>2020-07-03T08:18:17</time>
			</trkpt>
			<trkpt lat="48.80648382939398" lon="2.9295945167541504">
				<ele>125.88</ele>
				<time>2020-07-03T08:18:27</time>
			</trkpt>
			<trkpt lat="48.80647301673889" lon="2.92960524559021">
				<ele>125.85</ele>
				<time>2020-07-03T08:18:27</time>
			</trkpt>
			<trkpt lat="48.80647310055792" lon="2.92960524559021">
				<ele>125.85</ele>
				<time>2020-07-03T08:18:27</time>
			</trkpt>
			<trkpt lat="48.805904388427734" lon="2.930173873901367">
				<ele>127.29</ele>
				<time>2020-07-03T08:18:37</time>
			</trkpt>
			<trkpt lat="48.80555033683777" lon="2.930452823638916">
				<ele>129.52</ele>
				<time>2020-07-03T08:18:43</time>
			</trkpt>
			<trkpt lat="48.805110454559326" lon="2.930678129196167">
				<ele>131.0</ele>
				<time>2020-07-03T08:18:49</time>
			</trkpt>
			<trkpt lat="48.80318999290466" lon="2.931321859359741">
				<ele>136.49</ele>
				<time>2020-07-03T08:19:17</time>
			</trkpt>
			<trkpt lat="48.796688402071595" lon="2.9335105419158936">
				<ele>135.0</ele>
				<time>2020-07-03T08:20:53</time>
			</trkpt>
			<trkpt lat="48.7925470713526" lon="2.9348838329315186">
				<ele>139.0</ele>
				<time>2020-07-03T08:21:53</time>
			</trkpt>
			<trkpt lat="48.788191163912416" lon="2.9355275630950928">
				<ele>132.2</ele>
				<time>2020-07-03T08:22:56</time>
			</trkpt>
			<trkpt lat="48.7837278842926" lon="2.9361391067504883">
				<ele>126.14</ele>
				<time>2020-07-03T08:24:00</time>
			</trkpt>
			<trkpt lat="48.78253698348999" lon="2.936267852783203">
				<ele>125.0</ele>
				<time>2020-07-03T08:24:17</time>
			</trkpt>
			<trkpt lat="48.78253706730902" lon="2.936267852783203">
				<ele>125.0</ele>
				<time>2020-07-03T08:24:17</time>
			</trkpt>
			<trkpt lat="48.78132470883429" lon="2.9364395141601562">
				<ele>123.25</ele>
				<time>2020-07-03T08:24:34</time>
			</trkpt>
			<trkpt lat="48.780938386917114" lon="2.937641143798828">
				<ele>122.9</ele>
				<time>2020-07-03T08:24:47</time>
			</trkpt>
			<trkpt lat="48.78087401390076" lon="2.937920093536377">
				<ele>123.42</ele>
				<time>2020-07-03T08:24:50</time>
			</trkpt>
			<trkpt lat="48.7808632850647" lon="2.9382097721099854">
				<ele>125.45</ele>
				<time>2020-07-03T08:24:52</time>
			</trkpt>
			<trkpt lat="48.780895471572876" lon="2.9386067390441895">
				<ele>126.17</ele>
				<time>2020-07-03T08:24:56</time>
			</trkpt>
			<trkpt lat="48.78088482655585" lon="2.938746213912964">
				<ele>126.29</ele>
				<time>2020-07-03T08:24:58</time>
			</trkpt>
			<trkpt lat="48.78087401390076" lon="2.9388105869293213">
				<ele>126.42</ele>
				<time>2020-07-03T08:24:58</time>
			</trkpt>
			<trkpt lat="48.7807559967041" lon="2.9389607906341553">
				<ele>127.31</ele>
				<time>2020-07-03T08:25:00</time>
			</trkpt>
			<trkpt lat="48.779189670458436" lon="2.9398834705352783">
				<ele>127.27</ele>
				<time>2020-07-03T08:25:24</time>
			</trkpt>
			<trkpt lat="48.77915748395026" lon="2.939990758895874">
				<ele>126.51</ele>
				<time>2020-07-03T08:25:26</time>
			</trkpt>
			<trkpt lat="48.779135942459106" lon="2.9400765895843506">
				<ele>126.22</ele>
				<time>2020-07-03T08:25:26</time>
			</trkpt>
			<trkpt lat="48.779404163360596" lon="2.94209361076355">
				<ele>123.72</ele>
				<time>2020-07-03T08:25:46</time>
			</trkpt>
			<trkpt lat="48.77982258796692" lon="2.9437994956970215">
				<ele>121.48</ele>
				<time>2020-07-03T08:26:03</time>
			</trkpt>
			<trkpt lat="48.78026247024536" lon="2.945505380630493">
				<ele>125.61</ele>
				<time>2020-07-03T08:26:20</time>
			</trkpt>
			<trkpt lat="48.78038048744202" lon="2.9460740089416504">
				<ele>126.44</ele>
				<time>2020-07-03T08:26:26</time>
			</trkpt>
			<trkpt lat="48.78038057126105" lon="2.9460740089416504">
				<ele>126.44</ele>
				<time>2020-07-03T08:26:26</time>
			</trkpt>
			<trkpt lat="48.780391216278076" lon="2.946481704711914">
				<ele>126.38</ele>
				<time>2020-07-03T08:26:30</time>
			</trkpt>
			<trkpt lat="48.78047704696655" lon="2.947983741760254">
				<ele>123.0</ele>
				<time>2020-07-03T08:26:44</time>
			</trkpt>
			<trkpt lat="48.780423402786255" lon="2.9481875896453857">
				<ele>123.78</ele>
				<time>2020-07-03T08:26:46</time>
			</trkpt>
			<trkpt lat="48.78031611442566" lon="2.948305606842041">
				<ele>124.45</ele>
				<time>2020-07-03T08:26:48</time>
			</trkpt>
			<trkpt lat="48.77866395749152" lon="2.9488742351531982">
				<ele>123.4</ele>
				<time>2020-07-03T08:27:12</time>
			</trkpt>
			<trkpt lat="48.77763390541077" lon="2.949206829071045">
				<ele>121.59</ele>
				<time>2020-07-03T08:27:27</time>
			</trkpt>
			<trkpt lat="48.77730131149292" lon="2.949399948120117">
				<ele>120.4</ele>
				<time>2020-07-03T08:27:32</time>
			</trkpt>
			<trkpt lat="48.77730139531195" lon="2.949399948120117">
				<ele>120.4</ele>
				<time>2020-07-03T08:27:32</time>
			</trkpt>
			<trkpt lat="48.77704381942749" lon="2.9495608806610107">
				<ele>119.12</ele>
				<time>2020-07-03T08:27:36</time>
			</trkpt>
			<trkpt lat="48.776443004608154" lon="2.949850559234619">
				<ele>118.92</ele>
				<time>2020-07-03T08:27:45</time>
			</trkpt>
			<trkpt lat="48.77633571624756" lon="2.9499685764312744">
				<ele>118.53</ele>
				<time>2020-07-03T08:27:47</time>
			</trkpt>
			<trkpt lat="48.77628207206726" lon="2.9501724243164062">
				<ele>119.17</ele>
				<time>2020-07-03T08:27:49</time>
			</trkpt>
			<trkpt lat="48.77636790275574" lon="2.950805425643921">
				<ele>119.64</ele>
				<time>2020-07-03T08:27:55</time>
			</trkpt>
			<trkpt lat="48.77636790275574" lon="2.951148748397827">
				<ele>120.25</ele>
				<time>2020-07-03T08:27:58</time>
			</trkpt>
			<trkpt lat="48.77632507123053" lon="2.9514920711517334">
				<ele>118.98</ele>
				<time>2020-07-03T08:28:02</time>
			</trkpt>
			<trkpt lat="48.77631425857544" lon="2.95157790184021">
				<ele>118.9</ele>
				<time>2020-07-03T08:28:03</time>
			</trkpt>
			<trkpt lat="48.7763249874115" lon="2.9518353939056396">
				<ele>118.83</ele>
				<time>2020-07-03T08:28:05</time>
			</trkpt>
			<trkpt lat="48.7766254786402" lon="2.9531657695770264">
				<ele>120.73</ele>
				<time>2020-07-03T08:28:18</time>
			</trkpt>
			<trkpt lat="48.776904344558716" lon="2.9541420936584473">
				<ele>119.0</ele>
				<time>2020-07-03T08:28:28</time>
			</trkpt>
			<trkpt lat="48.77807378768921" lon="2.958937883377075">
				<ele>120.0</ele>
				<time>2020-07-03T08:29:16</time>
			</trkpt>
			<trkpt lat="48.7753701210022" lon="2.960214614868164">
				<ele>118.0</ele>
				<time>2020-07-03T08:29:57</time>
			</trkpt>
			<trkpt lat="48.7743616104126" lon="2.9607295989990234">
				<ele>116.83</ele>
				<time>2020-07-03T08:30:12</time>
			</trkpt>
			<trkpt lat="48.77353549003601" lon="2.961190938949585">
				<ele>117.82</ele>
				<time>2020-07-03T08:30:25</time>
			</trkpt>
			<trkpt lat="48.769404888153076" lon="2.964087724685669">
				<ele>115.0</ele>
				<time>2020-07-03T08:31:30</time>
			</trkpt>
			<trkpt lat="48.76882561482489" lon="2.9645168781280518">
				<ele>115.79</ele>
				<time>2020-07-03T08:31:39</time>
			</trkpt>
			<trkpt lat="48.76780637539923" lon="2.965439558029175">
				<ele>117.27</ele>
				<time>2020-07-03T08:31:56</time>
			</trkpt>
			<trkpt lat="48.76728066243231" lon="2.9659008979797363">
				<ele>118.94</ele>
				<time>2020-07-03T08:32:05</time>
			</trkpt>
			<trkpt lat="48.766433000564575" lon="2.9664909839630127">
				<ele>117.9</ele>
				<time>2020-07-03T08:32:18</time>
			</trkpt>
			<trkpt lat="48.76576781272888" lon="2.966984510421753">
				<ele>117.49</ele>
				<time>2020-07-03T08:32:29</time>
			</trkpt>
			<trkpt lat="48.76511343754828" lon="2.9674243927001953">
				<ele>118.85</ele>
				<time>2020-07-03T08:32:39</time>
			</trkpt>
			<trkpt lat="48.7641263846308" lon="2.9681217670440674">
				<ele>119.0</ele>
				<time>2020-07-03T08:32:54</time>
			</trkpt>
			<trkpt lat="48.76334317959845" lon="2.968658208847046">
				<ele>117.84</ele>
				<time>2020-07-03T08:33:07</time>
			</trkpt>
			<trkpt lat="48.762720907106996" lon="2.9690980911254883">
				<ele>116.82</ele>
				<time>2020-07-03T08:33:16</time>
			</trkpt>
			<trkpt lat="48.7617552280426" lon="2.9697632789611816">
				<ele>115.06</ele>
				<time>2020-07-03T08:33:32</time>
			</trkpt>
			<trkpt lat="48.75583291053772" lon="2.9739797115325928">
				<ele>114.85</ele>
				<time>2020-07-03T08:35:05</time>
			</trkpt>
			<trkpt lat="48.75499606132507" lon="2.9745376110076904">
				<ele>113.86</ele>
				<time>2020-07-03T08:35:18</time>
			</trkpt>
			<trkpt lat="48.749459981918335" lon="2.977391481399536">
				<ele>113.0</ele>
				<time>2020-07-03T08:36:42</time>
			</trkpt>
			<trkpt lat="48.74807596206665" lon="2.9780995845794678">
				<ele>112.98</ele>
				<time>2020-07-03T08:37:03</time>
			</trkpt>
			<trkpt lat="48.74764680862427" lon="2.9783356189727783">
				<ele>111.27</ele>
				<time>2020-07-03T08:37:09</time>
			</trkpt>
			<trkpt lat="48.74439597129822" lon="2.9803848266601562">
				<ele>111.0</ele>
				<time>2020-07-03T08:38:00</time>
			</trkpt>
			<trkpt lat="48.744387086480856" lon="2.9803915321826935">
				<ele>111.0</ele>
				<time>2020-07-03T08:38:00</time>
			</trkpt>
			<trkpt lat="48.744399743154645" lon="2.980429921299219">
				<ele>108.0</ele>
				<time>2020-07-03T08:38:00</time>
			</trkpt>
			<trkpt lat="48.744399743154645" lon="2.980430005118251">
				<ele>108.0</ele>
				<time>2020-07-03T08:38:00</time>
			</trkpt>
			<trkpt lat="48.74439999461174" lon="2.980429921299219">
				<ele>108.0</ele>
				<time>2020-07-03T08:38:00</time>
			</trkpt>
			<trkpt lat="48.740049954503775" lon="2.9840399231761694">
				<ele>109.0</ele>
				<time>2020-07-03T08:39:11</time>
			</trkpt>
			<trkpt lat="48.73927999287844" lon="2.985109956935048">
				<ele>111.0</ele>
				<time>2020-07-03T08:39:26</time>
			</trkpt>
			<trkpt lat="48.73894999735057" lon="2.9856599774211645">
				<ele>111.0</ele>
				<time>2020-07-03T08:39:33</time>
			</trkpt>
			<trkpt lat="48.738869950175285" lon="2.9859199840575457">
				<ele>111.0</ele>
				<time>2020-07-03T08:39:36</time>
			</trkpt>
			<trkpt lat="48.73878998681903" lon="2.986619956791401">
				<ele>110.0</ele>
				<time>2020-07-03T08:39:42</time>
			</trkpt>
			<trkpt lat="48.73871999792755" lon="2.986799916252494">
				<ele>110.0</ele>
				<time>2020-07-03T08:39:44</time>
			</trkpt>
			<trkpt lat="48.73865998350084" lon="2.986859930679202">
				<ele>109.0</ele>
				<time>2020-07-03T08:39:45</time>
			</trkpt>
			<trkpt lat="48.738479940220714" lon="2.9869399778544903">
				<ele>109.0</ele>
				<time>2020-07-03T08:39:48</time>
			</trkpt>
			<trkpt lat="48.73769992031157" lon="2.987089930102229">
				<ele>108.0</ele>
				<time>2020-07-03T08:39:59</time>
			</trkpt>
			<trkpt lat="48.73692995868623" lon="2.987309955060482">
				<ele>108.0</ele>
				<time>2020-07-03T08:40:10</time>
			</trkpt>
			<trkpt lat="48.736739940941334" lon="2.987309955060482">
				<ele>108.0</ele>
				<time>2020-07-03T08:40:13</time>
			</trkpt>
			<trkpt lat="48.73648999258876" lon="2.9874199256300926">
				<ele>109.0</ele>
				<time>2020-07-03T08:40:17</time>
			</trkpt>
			<trkpt lat="48.736329982057214" lon="2.987539954483509">
				<ele>110.0</ele>
				<time>2020-07-03T08:40:19</time>
			</trkpt>
			<trkpt lat="48.73599998652935" lon="2.988399937748909">
				<ele>110.0</ele>
				<time>2020-07-03T08:40:29</time>
			</trkpt>
			<trkpt lat="48.735839975997806" lon="2.988629937171936">
				<ele>111.0</ele>
				<time>2020-07-03T08:40:32</time>
			</trkpt>
			<trkpt lat="48.735539987683296" lon="2.988819954916835">
				<ele>111.0</ele>
				<time>2020-07-03T08:40:37</time>
			</trkpt>
			<trkpt lat="48.73529992997646" lon="2.9887399915605783">
				<ele>111.0</ele>
				<time>2020-07-03T08:40:40</time>
			</trkpt>
			<trkpt lat="48.7351599521935" lon="2.988599929958582">
				<ele>111.0</ele>
				<time>2020-07-03T08:40:43</time>
			</trkpt>
			<trkpt lat="48.73523999936879" lon="2.9934299178421497">
				<ele>111.0</ele>
				<time>2020-07-03T08:41:28</time>
			</trkpt>
			<trkpt lat="48.735369918867946" lon="3.004609951749444">
				<ele>110.0</ele>
				<time>2020-07-03T08:43:14</time>
			</trkpt>
			<trkpt lat="48.735449966043234" lon="3.0086899269372225">
				<ele>114.0</ele>
				<time>2020-07-03T08:43:52</time>
			</trkpt>
			<trkpt lat="48.73543999157846" lon="3.009039955213666">
				<ele>115.0</ele>
				<time>2020-07-03T08:43:55</time>
			</trkpt>
			<trkpt lat="48.73529992997646" lon="3.010139996185899">
				<ele>113.0</ele>
				<time>2020-07-03T08:44:06</time>
			</trkpt>
			<trkpt lat="48.73529992997646" lon="3.011299967765808">
				<ele>113.0</ele>
				<time>2020-07-03T08:44:17</time>
			</trkpt>
			<trkpt lat="48.7353999260813" lon="3.0121099948883057">
				<ele>114.0</ele>
				<time>2020-07-03T08:44:25</time>
			</trkpt>
			<trkpt lat="48.73537997715175" lon="3.012389950454235">
				<ele>113.0</ele>
				<time>2020-07-03T08:44:27</time>
			</trkpt>
			<trkpt lat="48.73524997383356" lon="3.0127499531954527">
				<ele>113.0</ele>
				<time>2020-07-03T08:44:31</time>
			</trkpt>
			<trkpt lat="48.73487999662757" lon="3.013029992580414">
				<ele>111.0</ele>
				<time>2020-07-03T08:44:37</time>
			</trkpt>
			<trkpt lat="48.73487999662757" lon="3.013249933719635">
				<ele>112.0</ele>
				<time>2020-07-03T08:44:39</time>
			</trkpt>
			<trkpt lat="48.734549917280674" lon="3.013949990272522">
				<ele>110.0</ele>
				<time>2020-07-03T08:44:47</time>
			</trkpt>
			<trkpt lat="48.73423995450139" lon="3.0149699840694666">
				<ele>107.0</ele>
				<time>2020-07-03T08:44:58</time>
			</trkpt>
			<trkpt lat="48.734119925647974" lon="3.01570993848145">
				<ele>105.0</ele>
				<time>2020-07-03T08:45:05</time>
			</trkpt>
			<trkpt lat="48.73392999172211" lon="3.0165199656039476">
				<ele>105.0</ele>
				<time>2020-07-03T08:45:13</time>
			</trkpt>
			<trkpt lat="48.73350997455418" lon="3.0187399964779615">
				<ele>101.0</ele>
				<time>2020-07-03T08:45:35</time>
			</trkpt>
			<trkpt lat="48.73335993848741" lon="3.019689917564392">
				<ele>102.0</ele>
				<time>2020-07-03T08:45:44</time>
			</trkpt>
			<trkpt lat="48.73302994295955" lon="3.0209499690681696">
				<ele>101.0</ele>
				<time>2020-07-03T08:45:57</time>
			</trkpt>
			<trkpt lat="48.73298996128142" lon="3.021239982917905">
				<ele>101.0</ele>
				<time>2020-07-03T08:46:00</time>
			</trkpt>
			<trkpt lat="48.73296992853284" lon="3.0220399517565966">
				<ele>97.0</ele>
				<time>2020-07-03T08:46:07</time>
			</trkpt>
			<trkpt lat="48.7330599501729" lon="3.0238099582493305">
				<ele>96.0</ele>
				<time>2020-07-03T08:46:24</time>
			</trkpt>
			<trkpt lat="48.73248998075724" lon="3.0245299637317657">
				<ele>96.0</ele>
				<time>2020-07-03T08:46:35</time>
			</trkpt>
			<trkpt lat="48.732099970802665" lon="3.0251399986445904">
				<ele>96.0</ele>
				<time>2020-07-03T08:46:43</time>
			</trkpt>
			<trkpt lat="48.73142992146313" lon="3.026319919154048">
				<ele>95.0</ele>
				<time>2020-07-03T08:46:57</time>
			</trkpt>
			<trkpt lat="48.7309099920094" lon="3.0273499712347984">
				<ele>97.0</ele>
				<time>2020-07-03T08:47:09</time>
			</trkpt>
			<trkpt lat="48.73081997036934" lon="3.0274399928748608">
				<ele>97.0</ele>
				<time>2020-07-03T08:47:11</time>
			</trkpt>
			<trkpt lat="48.73037992045283" lon="3.0276099778711796">
				<ele>98.0</ele>
				<time>2020-07-03T08:47:18</time>
			</trkpt>
			<trkpt lat="48.73029995709658" lon="3.027699999511242">
				<ele>98.0</ele>
				<time>2020-07-03T08:47:19</time>
			</trkpt>
			<trkpt lat="48.730079932138324" lon="3.028369965031743">
				<ele>96.0</ele>
				<time>2020-07-03T08:47:26</time>
			</trkpt>
			<trkpt lat="48.729929979890585" lon="3.0288699455559254">
				<ele>94.0</ele>
				<time>2020-07-03T08:47:31</time>
			</trkpt>
			<trkpt lat="48.72976996935904" lon="3.029259955510497">
				<ele>95.0</ele>
				<time>2020-07-03T08:47:36</time>
			</trkpt>
			<trkpt lat="48.72955991886556" lon="3.0298399832099676">
				<ele>96.0</ele>
				<time>2020-07-03T08:47:42</time>
			</trkpt>
			<trkpt lat="48.72955991886556" lon="3.031669920310378">
				<ele>100.0</ele>
				<time>2020-07-03T08:47:59</time>
			</trkpt>
			<trkpt lat="48.729669973254204" lon="3.032109970226884">
				<ele>101.0</ele>
				<time>2020-07-03T08:48:03</time>
			</trkpt>
			<trkpt lat="48.72989997267723" lon="3.0326499324291945">
				<ele>102.0</ele>
				<time>2020-07-03T08:48:10</time>
			</trkpt>
			<trkpt lat="48.730019917711616" lon="3.0330499168485403">
				<ele>103.0</ele>
				<time>2020-07-03T08:48:14</time>
			</trkpt>
			<trkpt lat="48.730099964886904" lon="3.034199997782707">
				<ele>104.0</ele>
				<time>2020-07-03T08:48:25</time>
			</trkpt>
			<trkpt lat="48.727629985660315" lon="3.0344799533486366">
				<ele>109.0</ele>
				<time>2020-07-03T08:49:00</time>
			</trkpt>
			<trkpt lat="48.72692992910743" lon="3.0347399599850178">
				<ele>109.0</ele>
				<time>2020-07-03T08:49:10</time>
			</trkpt>
			<trkpt lat="48.72662994079292" lon="3.0347099527716637">
				<ele>109.0</ele>
				<time>2020-07-03T08:49:15</time>
			</trkpt>
			<trkpt lat="48.7252199370414" lon="3.034309968352318">
				<ele>108.0</ele>
				<time>2020-07-03T08:49:35</time>
			</trkpt>
			<trkpt lat="48.7241199798882" lon="3.0345099605619907">
				<ele>109.0</ele>
				<time>2020-07-03T08:49:51</time>
			</trkpt>
			<trkpt lat="48.723139967769384" lon="3.0345099605619907">
				<ele>110.0</ele>
				<time>2020-07-03T08:50:05</time>
			</trkpt>
			<trkpt lat="48.72277996502817" lon="3.034349950030446">
				<ele>111.0</ele>
				<time>2020-07-03T08:50:10</time>
			</trkpt>
			<trkpt lat="48.72258994728327" lon="3.034199997782707">
				<ele>111.0</ele>
				<time>2020-07-03T08:50:13</time>
			</trkpt>
			<trkpt lat="48.72245994396508" lon="3.0341599322855473">
				<ele>111.0</ele>
				<time>2020-07-03T08:50:15</time>
			</trkpt>
			<trkpt lat="48.72190992347896" lon="3.0341899394989014">
				<ele>112.0</ele>
				<time>2020-07-03T08:50:23</time>
			</trkpt>
			<trkpt lat="48.720539985224605" lon="3.0339899472892284">
				<ele>112.0</ele>
				<time>2020-07-03T08:50:43</time>
			</trkpt>
			<trkpt lat="48.7188599165529" lon="3.0337499734014273">
				<ele>111.0</ele>
				<time>2020-07-03T08:51:07</time>
			</trkpt>
			<trkpt lat="48.71835993602872" lon="3.033489966765046">
				<ele>112.0</ele>
				<time>2020-07-03T08:51:14</time>
			</trkpt>
			<trkpt lat="48.7181399948895" lon="3.0331099312752485">
				<ele>112.0</ele>
				<time>2020-07-03T08:51:19</time>
			</trkpt>
			<trkpt lat="48.717899937182665" lon="3.0324099585413933">
				<ele>112.0</ele>
				<time>2020-07-03T08:51:27</time>
			</trkpt>
			<trkpt lat="48.717169957235456" lon="3.0313799902796745">
				<ele>111.0</ele>
				<time>2020-07-03T08:51:41</time>
			</trkpt>
			<trkpt lat="48.71601996012032" lon="3.030129997059703">
				<ele>111.0</ele>
				<time>2020-07-03T08:52:01</time>
			</trkpt>
			<trkpt lat="48.715599942952394" lon="3.0298399832099676">
				<ele>111.0</ele>
				<time>2020-07-03T08:52:08</time>
			</trkpt>
			<trkpt lat="48.71550992131233" lon="3.0297299288213253">
				<ele>111.0</ele>
				<time>2020-07-03T08:52:09</time>
			</trkpt>
			<trkpt lat="48.71536994352937" lon="3.029399933293462">
				<ele>111.0</ele>
				<time>2020-07-03T08:52:13</time>
			</trkpt>
			<trkpt lat="48.714849930256605" lon="3.0278399772942066">
				<ele>110.0</ele>
				<time>2020-07-03T08:52:30</time>
			</trkpt>
			<trkpt lat="48.71434994973242" lon="3.0257799569517374">
				<ele>109.0</ele>
				<time>2020-07-03T08:52:50</time>
			</trkpt>
			<trkpt lat="48.71409958228469" lon="3.0249968357384205">
				<ele>108.0</ele>
				<time>2020-07-03T08:52:59</time>
			</trkpt>
			<trkpt lat="48.71410603635013" lon="3.0249924771487713">
				<ele>111.0</ele>
				<time>2020-07-03T08:52:59</time>
			</trkpt>
			<trkpt lat="48.71404409408569" lon="3.024780750274658">
				<ele>111.0</ele>
				<time>2020-07-03T08:53:01</time>
			</trkpt>
			<trkpt lat="48.7138295173645" lon="3.0242013931274414">
				<ele>110.6</ele>
				<time>2020-07-03T08:53:07</time>
			</trkpt>
			<trkpt lat="48.71356129646301" lon="3.023664951324463">
				<ele>110.33</ele>
				<time>2020-07-03T08:53:13</time>
			</trkpt>
			<trkpt lat="48.712799632921815" lon="3.0222702026367188">
				<ele>111.0</ele>
				<time>2020-07-03T08:53:31</time>
			</trkpt>
			<trkpt lat="48.71279954910278" lon="3.0222702026367188">
				<ele>111.0</ele>
				<time>2020-07-03T08:53:31</time>
			</trkpt>
			<trkpt lat="48.712016344070435" lon="3.020467758178711">
				<ele>110.11</ele>
				<time>2020-07-03T08:53:51</time>
			</trkpt>
			<trkpt lat="48.71121168136597" lon="3.019073009490967">
				<ele>109.14</ele>
				<time>2020-07-03T08:54:08</time>
			</trkpt>
			<trkpt lat="48.710728883743286" lon="3.0180752277374268">
				<ele>109.0</ele>
				<time>2020-07-03T08:54:20</time>
			</trkpt>
			<trkpt lat="48.71064305305481" lon="3.017871379852295">
				<ele>109.0</ele>
				<time>2020-07-03T08:54:22</time>
			</trkpt>
			<trkpt lat="48.71038556098938" lon="3.0175065994262695">
				<ele>109.82</ele>
				<time>2020-07-03T08:54:27</time>
			</trkpt>
			<trkpt lat="48.710267543792725" lon="3.0173885822296143">
				<ele>110.25</ele>
				<time>2020-07-03T08:54:29</time>
			</trkpt>
			<trkpt lat="48.709484338760376" lon="3.0166375637054443">
				<ele>111.0</ele>
				<time>2020-07-03T08:54:43</time>
			</trkpt>
			<trkpt lat="48.70858311653137" lon="3.0159080028533936">
				<ele>112.0</ele>
				<time>2020-07-03T08:54:57</time>
			</trkpt>
			<trkpt lat="48.707263469696045" lon="3.0148887634277344">
				<ele>111.0</ele>
				<time>2020-07-03T08:55:18</time>
			</trkpt>
			<trkpt lat="48.70697379112244" lon="3.0145883560180664">
				<ele>111.1</ele>
				<time>2020-07-03T08:55:23</time>
			</trkpt>
			<trkpt lat="48.706512451171875" lon="3.013923168182373">
				<ele>111.37</ele>
				<time>2020-07-03T08:55:33</time>
			</trkpt>
			<trkpt lat="48.70584726333618" lon="3.013129234313965">
				<ele>112.15</ele>
				<time>2020-07-03T08:55:45</time>
			</trkpt>
			<trkpt lat="48.70468854904175" lon="3.0118417739868164">
				<ele>112.67</ele>
				<time>2020-07-03T08:56:05</time>
			</trkpt>
			<trkpt lat="48.70361566543579" lon="3.010833263397217">
				<ele>112.3</ele>
				<time>2020-07-03T08:56:23</time>
			</trkpt>
			<trkpt lat="48.70307922363281" lon="3.010232448577881">
				<ele>110.88</ele>
				<time>2020-07-03T08:56:33</time>
			</trkpt>
			<trkpt lat="48.70293974876404" lon="3.0101466178894043">
				<ele>110.37</ele>
				<time>2020-07-03T08:56:35</time>
			</trkpt>
			<trkpt lat="48.70270371437073" lon="3.010103702545166">
				<ele>109.53</ele>
				<time>2020-07-03T08:56:38</time>
			</trkpt>
			<trkpt lat="48.70270379818976" lon="3.010103702545166">
				<ele>109.53</ele>
				<time>2020-07-03T08:56:38</time>
			</trkpt>
			<trkpt lat="48.70215662755072" lon="3.0100178718566895">
				<ele>109.0</ele>
				<time>2020-07-03T08:56:46</time>
			</trkpt>
			<trkpt lat="48.701834762468934" lon="3.0094492435455322">
				<ele>108.3</ele>
				<time>2020-07-03T08:56:53</time>
			</trkpt>
			<trkpt lat="48.70145916938782" lon="3.0090200901031494">
				<ele>107.08</ele>
				<time>2020-07-03T08:57:00</time>
			</trkpt>
			<trkpt lat="48.701244592666626" lon="3.0086445808410645">
				<ele>106.22</ele>
				<time>2020-07-03T08:57:05</time>
			</trkpt>
			<trkpt lat="48.70115876197815" lon="3.0085158348083496">
				<ele>105.8</ele>
				<time>2020-07-03T08:57:06</time>
			</trkpt>
			<trkpt lat="48.701051473617554" lon="3.008451461791992">
				<ele>105.23</ele>
				<time>2020-07-03T08:57:08</time>
			</trkpt>
			<trkpt lat="48.7009334564209" lon="3.0084407329559326">
				<ele>104.45</ele>
				<time>2020-07-03T08:57:10</time>
			</trkpt>
			<trkpt lat="48.700783252716064" lon="3.00850510597229">
				<ele>103.5</ele>
				<time>2020-07-03T08:57:12</time>
			</trkpt>
			<trkpt lat="48.7004292011261" lon="3.008805513381958">
				<ele>100.49</ele>
				<time>2020-07-03T08:57:18</time>
			</trkpt>
			<trkpt lat="48.69945287704468" lon="3.0095458030700684">
				<ele>92.97</ele>
				<time>2020-07-03T08:57:33</time>
			</trkpt>
			<trkpt lat="48.69914316572249" lon="3.009805977344513">
				<ele>92.0</ele>
				<time>2020-07-03T08:57:38</time>
			</trkpt>
			<trkpt lat="48.69864821434021" lon="3.0102217197418213">
				<ele>91.0</ele>
				<time>2020-07-03T08:57:47</time>
			</trkpt>
			<trkpt lat="48.69864829815924" lon="3.0102217197418213">
				<ele>91.0</ele>
				<time>2020-07-03T08:57:47</time>
			</trkpt>
			<trkpt lat="48.69849809445441" lon="3.010350465774536">
				<ele>91.0</ele>
				<time>2020-07-03T08:57:49</time>
			</trkpt>
			<trkpt lat="48.69761824607849" lon="3.0110907554626465">
				<ele>92.77</ele>
				<time>2020-07-03T08:58:03</time>
			</trkpt>
			<trkpt lat="48.69732856750488" lon="3.011305332183838">
				<ele>93.63</ele>
				<time>2020-07-03T08:58:08</time>
			</trkpt>
			<trkpt lat="48.69707107543945" lon="3.0114448070526123">
				<ele>93.74</ele>
				<time>2020-07-03T08:58:12</time>
			</trkpt>
			<trkpt lat="48.69681358337402" lon="3.0115091800689697">
				<ele>94.73</ele>
				<time>2020-07-03T08:58:16</time>
			</trkpt>
			<trkpt lat="48.69485020637512" lon="3.0115628242492676">
				<ele>103.84</ele>
				<time>2020-07-03T08:58:44</time>
			</trkpt>
			<trkpt lat="48.694560527801514" lon="3.0114662647247314">
				<ele>105.54</ele>
				<time>2020-07-03T08:58:48</time>
			</trkpt>
			<trkpt lat="48.69433522224426" lon="3.011326789855957">
				<ele>107.75</ele>
				<time>2020-07-03T08:58:51</time>
			</trkpt>
			<trkpt lat="48.69420647621155" lon="3.0112838745117188">
				<ele>109.1</ele>
				<time>2020-07-03T08:58:53</time>
			</trkpt>
			<trkpt lat="48.69294055737555" lon="3.0116701126098633">
				<ele>115.6</ele>
				<time>2020-07-03T08:59:12</time>
			</trkpt>
			<trkpt lat="48.691760301589966" lon="3.0120456218719482">
				<ele>113.0</ele>
				<time>2020-07-03T08:59:29</time>
			</trkpt>
			<trkpt lat="48.69164228439331" lon="3.012099266052246">
				<ele>113.0</ele>
				<time>2020-07-03T08:59:31</time>
			</trkpt>
			<trkpt lat="48.691534996032715" lon="3.012206554412842">
				<ele>113.0</ele>
				<time>2020-07-03T08:59:33</time>
			</trkpt>
			<trkpt lat="48.69144916534424" lon="3.012356758117676">
				<ele>113.0</ele>
				<time>2020-07-03T08:59:34</time>
			</trkpt>
			<trkpt lat="48.69141697883606" lon="3.0125176906585693">
				<ele>112.53</ele>
				<time>2020-07-03T08:59:36</time>
			</trkpt>
			<trkpt lat="48.69140625" lon="3.012721538543701">
				<ele>112.12</ele>
				<time>2020-07-03T08:59:38</time>
			</trkpt>
			<trkpt lat="48.69143843650818" lon="3.013021945953369">
				<ele>112.01</ele>
				<time>2020-07-03T08:59:41</time>
			</trkpt>
			<trkpt lat="48.691502809524536" lon="3.0133330821990967">
				<ele>112.48</ele>
				<time>2020-07-03T08:59:44</time>
			</trkpt>
			<trkpt lat="48.69159936904907" lon="3.013719320297241">
				<ele>113.0</ele>
				<time>2020-07-03T08:59:48</time>
			</trkpt>
			<trkpt lat="48.692007064819336" lon="3.01499605178833">
				<ele>113.48</ele>
				<time>2020-07-03T09:00:01</time>
			</trkpt>
			<trkpt lat="48.69214653968811" lon="3.0154895782470703">
				<ele>112.46</ele>
				<time>2020-07-03T09:00:06</time>
			</trkpt>
			<trkpt lat="48.69247913360596" lon="3.01699161529541">
				<ele>111.92</ele>
				<time>2020-07-03T09:00:21</time>
			</trkpt>
			<trkpt lat="48.693015575408936" lon="3.0206501483917236">
				<ele>105.51</ele>
				<time>2020-07-03T09:00:57</time>
			</trkpt>
			<trkpt lat="48.693037033081055" lon="3.0208754539489746">
				<ele>104.62</ele>
				<time>2020-07-03T09:00:59</time>
			</trkpt>
			<trkpt lat="48.69302638806403" lon="3.021218776702881">
				<ele>104.29</ele>
				<time>2020-07-03T09:01:02</time>
			</trkpt>
			<trkpt lat="48.69297274388373" lon="3.021562099456787">
				<ele>104.0</ele>
				<time>2020-07-03T09:01:05</time>
			</trkpt>
			<trkpt lat="48.69283318519592" lon="3.0224311351776123">
				<ele>107.45</ele>
				<time>2020-07-03T09:01:14</time>
			</trkpt>
			<trkpt lat="48.692768812179565" lon="3.023042678833008">
				<ele>111.65</ele>
				<time>2020-07-03T09:01:20</time>
			</trkpt>
			<trkpt lat="48.69272589683533" lon="3.0231821537017822">
				<ele>112.0</ele>
				<time>2020-07-03T09:01:21</time>
			</trkpt>
			<trkpt lat="48.69262933731079" lon="3.023364543914795">
				<ele>111.72</ele>
				<time>2020-07-03T09:01:23</time>
			</trkpt>
			<trkpt lat="48.692747354507446" lon="3.02348256111145">
				<ele>111.29</ele>
				<time>2020-07-03T09:01:25</time>
			</trkpt>
			<trkpt lat="48.692790269851685" lon="3.0242228507995605">
				<ele>111.0</ele>
				<time>2020-07-03T09:01:32</time>
			</trkpt>
			<trkpt lat="48.69282245635986" lon="3.024609088897705">
				<ele>110.89</ele>
				<time>2020-07-03T09:01:36</time>
			</trkpt>
			<trkpt lat="48.69295120239258" lon="3.025263547897339">
				<ele>110.0</ele>
				<time>2020-07-03T09:01:42</time>
			</trkpt>
			<trkpt lat="48.693294525146484" lon="3.026529550552368">
				<ele>108.0</ele>
				<time>2020-07-03T09:01:55</time>
			</trkpt>
			<trkpt lat="48.69334816932678" lon="3.0268192291259766">
				<ele>107.83</ele>
				<time>2020-07-03T09:01:58</time>
			</trkpt>
			<trkpt lat="48.6933696269989" lon="3.0270767211914062">
				<ele>107.0</ele>
				<time>2020-07-03T09:02:01</time>
			</trkpt>
			<trkpt lat="48.6933696269989" lon="3.0273234844207764">
				<ele>107.0</ele>
				<time>2020-07-03T09:02:03</time>
			</trkpt>
			<trkpt lat="48.69321942329407" lon="3.028750419616699">
				<ele>106.6</ele>
				<time>2020-07-03T09:02:17</time>
			</trkpt>
			<trkpt lat="48.69313359260559" lon="3.0299949645996094">
				<ele>108.81</ele>
				<time>2020-07-03T09:02:28</time>
			</trkpt>
			<trkpt lat="48.693026304244995" lon="3.032097816467285">
				<ele>108.98</ele>
				<time>2020-07-03T09:02:48</time>
			</trkpt>
			<trkpt lat="48.6928653717041" lon="3.033696413040161">
				<ele>108.11</ele>
				<time>2020-07-03T09:03:04</time>
			</trkpt>
			<trkpt lat="48.69284391403198" lon="3.034951686859131">
				<ele>107.29</ele>
				<time>2020-07-03T09:03:15</time>
			</trkpt>
			<trkpt lat="48.693037033081055" lon="3.036990165710449">
				<ele>106.62</ele>
				<time>2020-07-03T09:03:35</time>
			</trkpt>
			<trkpt lat="48.69340189732611" lon="3.0421078205108643">
				<ele>118.0</ele>
				<time>2020-07-03T09:04:23</time>
			</trkpt>
			<trkpt lat="48.69340181350708" lon="3.0421078205108643">
				<ele>118.0</ele>
				<time>2020-07-03T09:04:23</time>
			</trkpt>
			<trkpt lat="48.69344481267035" lon="3.042740821838379">
				<ele>118.2</ele>
				<time>2020-07-03T09:04:29</time>
			</trkpt>
			<trkpt lat="48.693519830703735" lon="3.044081926345825">
				<ele>116.84</ele>
				<time>2020-07-03T09:04:42</time>
			</trkpt>
			<trkpt lat="48.693530559539795" lon="3.04445743560791">
				<ele>116.0</ele>
				<time>2020-07-03T09:04:46</time>
			</trkpt>
			<trkpt lat="48.693509101867676" lon="3.044607639312744">
				<ele>116.0</ele>
				<time>2020-07-03T09:04:47</time>
			</trkpt>
			<trkpt lat="48.69346618652344" lon="3.044811487197876">
				<ele>116.0</ele>
				<time>2020-07-03T09:04:49</time>
			</trkpt>
			<trkpt lat="48.69341262616217" lon="3.0449187755584717">
				<ele>116.0</ele>
				<time>2020-07-03T09:04:50</time>
			</trkpt>
			<trkpt lat="48.693283796310425" lon="3.04496169090271">
				<ele>116.37</ele>
				<time>2020-07-03T09:04:52</time>
			</trkpt>
			<trkpt lat="48.69320869445801" lon="3.04496169090271">
				<ele>116.64</ele>
				<time>2020-07-03T09:04:53</time>
			</trkpt>
			<trkpt lat="48.69288682937622" lon="3.044908046722412">
				<ele>116.07</ele>
				<time>2020-07-03T09:04:58</time>
			</trkpt>
			<trkpt lat="48.692586505785584" lon="3.0448222160339355">
				<ele>116.18</ele>
				<time>2020-07-03T09:05:02</time>
			</trkpt>
			<trkpt lat="48.6924147605896" lon="3.044832944869995">
				<ele>116.0</ele>
				<time>2020-07-03T09:05:05</time>
			</trkpt>
			<trkpt lat="48.69137406349182" lon="3.0449187755584717">
				<ele>117.0</ele>
				<time>2020-07-03T09:05:20</time>
			</trkpt>
			<trkpt lat="48.69118094444275" lon="3.0449724197387695">
				<ele>117.0</ele>
				<time>2020-07-03T09:05:23</time>
			</trkpt>
			<trkpt lat="48.69098782539368" lon="3.045090436935425">
				<ele>117.0</ele>
				<time>2020-07-03T09:05:26</time>
			</trkpt>
			<trkpt lat="48.687050342559814" lon="3.0482661724090576">
				<ele>125.19</ele>
				<time>2020-07-03T09:06:29</time>
			</trkpt>
			<trkpt lat="48.68695378303528" lon="3.0483949184417725">
				<ele>125.15</ele>
				<time>2020-07-03T09:06:31</time>
			</trkpt>
			<trkpt lat="48.68692168034613" lon="3.0484914779663086">
				<ele>125.27</ele>
				<time>2020-07-03T09:06:32</time>
			</trkpt>
			<trkpt lat="48.68690013885498" lon="3.0486738681793213">
				<ele>125.32</ele>
				<time>2020-07-03T09:06:34</time>
			</trkpt>
			<trkpt lat="48.687071884050965" lon="3.0528151988983154">
				<ele>123.0</ele>
				<time>2020-07-03T09:07:13</time>
			</trkpt>
			<trkpt lat="48.68743658065796" lon="3.0591022968292236">
				<ele>114.0</ele>
				<time>2020-07-03T09:08:13</time>
			</trkpt>
			<trkpt lat="48.687522411346436" lon="3.0596923828125">
				<ele>113.56</ele>
				<time>2020-07-03T09:08:18</time>
			</trkpt>
			<trkpt lat="48.68934631347656" lon="3.0697667598724365">
				<ele>109.59</ele>
				<time>2020-07-03T09:09:57</time>
			</trkpt>
			<trkpt lat="48.68936777114868" lon="3.0699169635772705">
				<ele>110.0</ele>
				<time>2020-07-03T09:09:58</time>
			</trkpt>
			<trkpt lat="48.68935704231262" lon="3.0703139305114746">
				<ele>110.55</ele>
				<time>2020-07-03T09:10:02</time>
			</trkpt>
			<trkpt lat="48.68934631347656" lon="3.0705392360687256">
				<ele>111.37</ele>
				<time>2020-07-03T09:10:04</time>
			</trkpt>
			<trkpt lat="48.689260482788086" lon="3.071054220199585">
				<ele>112.0</ele>
				<time>2020-07-03T09:10:09</time>
			</trkpt>
			<trkpt lat="48.68926056660712" lon="3.0711936950683594">
				<ele>112.0</ele>
				<time>2020-07-03T09:10:11</time>
			</trkpt>
			<trkpt lat="48.689067363739014" lon="3.0719876289367676">
				<ele>112.0</ele>
				<time>2020-07-03T09:10:19</time>
			</trkpt>
			<trkpt lat="48.68886351585388" lon="3.0731141567230225">
				<ele>112.71</ele>
				<time>2020-07-03T09:10:30</time>
			</trkpt>
			<trkpt lat="48.68865966796875" lon="3.073704242706299">
				<ele>114.77</ele>
				<time>2020-07-03T09:10:36</time>
			</trkpt>
			<trkpt lat="48.68847727775574" lon="3.0744874477386475">
				<ele>115.41</ele>
				<time>2020-07-03T09:10:44</time>
			</trkpt>
			<trkpt lat="48.688305616378784" lon="3.0754101276397705">
				<ele>115.0</ele>
				<time>2020-07-03T09:10:53</time>
			</trkpt>
			<trkpt lat="48.68824124336243" lon="3.0762040615081787">
				<ele>113.76</ele>
				<time>2020-07-03T09:11:00</time>
			</trkpt>
			<trkpt lat="48.68819832801819" lon="3.076322078704834">
				<ele>113.67</ele>
				<time>2020-07-03T09:11:02</time>
			</trkpt>
			<trkpt lat="48.68815541267395" lon="3.0762577056884766">
				<ele>113.87</ele>
				<time>2020-07-03T09:11:02</time>
			</trkpt>
			<trkpt lat="48.68757605552673" lon="3.076268434524536">
				<ele>114.99</ele>
				<time>2020-07-03T09:11:11</time>
			</trkpt>
			<trkpt lat="48.68735074996948" lon="3.0762577056884766">
				<ele>114.27</ele>
				<time>2020-07-03T09:11:14</time>
			</trkpt>
			<trkpt lat="48.68713617324829" lon="3.076171875">
				<ele>113.15</ele>
				<time>2020-07-03T09:11:17</time>
			</trkpt>
			<trkpt lat="48.68708252906799" lon="3.076150417327881">
				<ele>112.88</ele>
				<time>2020-07-03T09:11:18</time>
			</trkpt>
			<trkpt lat="48.6864709854126" lon="3.0756676197052">
				<ele>111.0</ele>
				<time>2020-07-03T09:11:28</time>
			</trkpt>
			<trkpt lat="48.68583798408508" lon="3.074948787689209">
				<ele>113.0</ele>
				<time>2020-07-03T09:11:39</time>
			</trkpt>
			<trkpt lat="48.68519433774054" lon="3.074401617050171">
				<ele>114.72</ele>
				<time>2020-07-03T09:11:50</time>
			</trkpt>
			<trkpt lat="48.68512996472418" lon="3.074347972869873">
				<ele>114.92</ele>
				<time>2020-07-03T09:11:51</time>
			</trkpt>
			<trkpt lat="48.6849045753479" lon="3.074197769165039">
				<ele>114.93</ele>
				<time>2020-07-03T09:11:54</time>
			</trkpt>
			<trkpt lat="48.68409991264343" lon="3.0738115310668945">
				<ele>113.0</ele>
				<time>2020-07-03T09:12:06</time>
			</trkpt>
			<trkpt lat="48.68403528816998" lon="3.0750022642314434">
				<ele>112.43</ele>
				<time>2020-07-03T09:12:18</time>
			</trkpt>
			<trkpt lat="48.6840292531997" lon="3.075001509860158">
				<ele>107.59</ele>
				<time>2020-07-03T09:12:18</time>
			</trkpt>
			<trkpt lat="48.683999916538596" lon="3.075579944998026">
				<ele>109.0</ele>
				<time>2020-07-03T09:12:23</time>
			</trkpt>
			<trkpt lat="48.683759942650795" lon="3.080439940094948">
				<ele>105.0</ele>
				<time>2020-07-03T09:13:09</time>
			</trkpt>
			<trkpt lat="48.68336993269622" lon="3.0804499983787537">
				<ele>105.0</ele>
				<time>2020-07-03T09:13:15</time>
			</trkpt>
			<trkpt lat="48.68284991942346" lon="3.080319995060563">
				<ele>105.0</ele>
				<time>2020-07-03T09:13:22</time>
			</trkpt>
			<trkpt lat="48.681869991123676" lon="3.0796599201858044">
				<ele>106.0</ele>
				<time>2020-07-03T09:13:38</time>
			</trkpt>
			<trkpt lat="48.68112995289266" lon="3.0792299285531044">
				<ele>105.0</ele>
				<time>2020-07-03T09:13:49</time>
			</trkpt>
			<trkpt lat="48.68009998463094" lon="3.0786099191755056">
				<ele>105.0</ele>
				<time>2020-07-03T09:14:05</time>
			</trkpt>
			<trkpt lat="48.67978993803263" lon="3.078479999676347">
				<ele>105.0</ele>
				<time>2020-07-03T09:14:09</time>
			</trkpt>
			<trkpt lat="48.67933999747038" lon="3.0783799197524786">
				<ele>105.0</ele>
				<time>2020-07-03T09:14:16</time>
			</trkpt>
			<trkpt lat="48.676689974963665" lon="3.078519981354475">
				<ele>106.0</ele>
				<time>2020-07-03T09:14:54</time>
			</trkpt>
			<trkpt lat="48.67596996948123" lon="3.0786299519240856">
				<ele>107.0</ele>
				<time>2020-07-03T09:15:04</time>
			</trkpt>
			<trkpt lat="48.67544995620847" lon="3.078779987990856">
				<ele>107.0</ele>
				<time>2020-07-03T09:15:12</time>
			</trkpt>
			<trkpt lat="48.674929942935705" lon="3.0790799763053656">
				<ele>108.0</ele>
				<time>2020-07-03T09:15:20</time>
			</trkpt>
			<trkpt lat="48.66775997914374" lon="3.085099942982197">
				<ele>112.0</ele>
				<time>2020-07-03T09:17:17</time>
			</trkpt>
			<trkpt lat="48.66749997250736" lon="3.0852699279785156">
				<ele>112.0</ele>
				<time>2020-07-03T09:17:21</time>
			</trkpt>
			<trkpt lat="48.6672299914062" lon="3.0852899607270956">
				<ele>112.0</ele>
				<time>2020-07-03T09:17:25</time>
			</trkpt>
			<trkpt lat="48.665409944951534" lon="3.0848099291324615">
				<ele>111.0</ele>
				<time>2020-07-03T09:17:51</time>
			</trkpt>
			<trkpt lat="48.66387999616563" lon="3.0843099486082792">
				<ele>113.0</ele>
				<time>2020-07-03T09:18:14</time>
			</trkpt>
			<trkpt lat="48.6634499207139" lon="3.084039967507124">
				<ele>114.0</ele>
				<time>2020-07-03T09:18:20</time>
			</trkpt>
			<trkpt lat="48.662699991837144" lon="3.0834599398076534">
				<ele>113.0</ele>
				<time>2020-07-03T09:18:32</time>
			</trkpt>
			<trkpt lat="48.661219999194145" lon="3.082669945433736">
				<ele>116.0</ele>
				<time>2020-07-03T09:18:55</time>
			</trkpt>
			<trkpt lat="48.660639971494675" lon="3.082259986549616">
				<ele>117.0</ele>
				<time>2020-07-03T09:19:04</time>
			</trkpt>
			<trkpt lat="48.660209979861975" lon="3.081829994916916">
				<ele>118.0</ele>
				<time>2020-07-03T09:19:11</time>
			</trkpt>
			<trkpt lat="48.65983991883695" lon="3.0812599416822195">
				<ele>119.0</ele>
				<time>2020-07-03T09:19:19</time>
			</trkpt>
			<trkpt lat="48.65886996500194" lon="3.080329969525337">
				<ele>121.0</ele>
				<time>2020-07-03T09:19:35</time>
			</trkpt>
			<trkpt lat="48.65858992561698" lon="3.079399997368455">
				<ele>123.0</ele>
				<time>2020-07-03T09:19:45</time>
			</trkpt>
			<trkpt lat="48.65840996615589" lon="3.0789899546653032">
				<ele>124.0</ele>
				<time>2020-07-03T09:19:49</time>
			</trkpt>
			<trkpt lat="48.658129926770926" lon="3.078519981354475">
				<ele>125.0</ele>
				<time>2020-07-03T09:19:55</time>
			</trkpt>
			<trkpt lat="48.65795994177461" lon="3.0783699452877045">
				<ele>126.0</ele>
				<time>2020-07-03T09:19:58</time>
			</trkpt>
			<trkpt lat="48.657321743667126" lon="3.0783399380743504">
				<ele>126.98</ele>
				<time>2020-07-03T09:20:07</time>
			</trkpt>
			<trkpt lat="48.657321240752935" lon="3.0783399380743504">
				<ele>126.99</ele>
				<time>2020-07-03T09:20:07</time>
			</trkpt>
			<trkpt lat="48.65731998346746" lon="3.0783399380743504">
				<ele>127.0</ele>
				<time>2020-07-03T09:20:07</time>
			</trkpt>
			<trkpt lat="48.656259924173355" lon="3.078469941392541">
				<ele>127.0</ele>
				<time>2020-07-03T09:20:23</time>
			</trkpt>
			<trkpt lat="48.656369978562" lon="3.0775699764490128">
				<ele>129.0</ele>
				<time>2020-07-03T09:20:31</time>
			</trkpt>
			<trkpt lat="48.65643996745348" lon="3.07732991874218">
				<ele>129.0</ele>
				<time>2020-07-03T09:20:34</time>
			</trkpt>
			<trkpt lat="48.656839951872826" lon="3.07689992710948">
				<ele>129.0</ele>
				<time>2020-07-03T09:20:41</time>
			</trkpt>
			<trkpt lat="48.656919999048114" lon="3.076709993183613">
				<ele>130.0</ele>
				<time>2020-07-03T09:20:43</time>
			</trkpt>
			<trkpt lat="48.65680994465947" lon="3.0756499338895082">
				<ele>131.0</ele>
				<time>2020-07-03T09:20:53</time>
			</trkpt>
			<trkpt lat="48.6568499263376" lon="3.0750299245119095">
				<ele>131.0</ele>
				<time>2020-07-03T09:20:59</time>
			</trkpt>
			<trkpt lat="48.65705997683108" lon="3.074059970676899">
				<ele>130.0</ele>
				<time>2020-07-03T09:21:09</time>
			</trkpt>
			<trkpt lat="48.65712996572256" lon="3.073409954085946">
				<ele>129.0</ele>
				<time>2020-07-03T09:21:15</time>
			</trkpt>
			<trkpt lat="48.657159972935915" lon="3.072479981929064">
				<ele>128.0</ele>
				<time>2020-07-03T09:21:24</time>
			</trkpt>
			<trkpt lat="48.65002999082208" lon="3.0695199966430664">
				<ele>130.0</ele>
				<time>2020-07-03T09:23:09</time>
			</trkpt>
			<trkpt lat="48.64872995764017" lon="3.0689899250864983">
				<ele>130.0</ele>
				<time>2020-07-03T09:23:28</time>
			</trkpt>
			<trkpt lat="48.64236993715167" lon="3.0677899718284607">
				<ele>131.0</ele>
				<time>2020-07-03T09:25:00</time>
			</trkpt>
			<trkpt lat="48.64043992012739" lon="3.067579921334982">
				<ele>124.0</ele>
				<time>2020-07-03T09:25:28</time>
			</trkpt>
			<trkpt lat="48.637819988653064" lon="3.0675399396568537">
				<ele>116.0</ele>
				<time>2020-07-03T09:26:05</time>
			</trkpt>
			<trkpt lat="48.63707995042205" lon="3.067619986832142">
				<ele>116.0</ele>
				<time>2020-07-03T09:26:16</time>
			</trkpt>
			<trkpt lat="48.63544992171228" lon="3.0675599724054337">
				<ele>122.0</ele>
				<time>2020-07-03T09:26:39</time>
			</trkpt>
			<trkpt lat="48.63467996008694" lon="3.067199969664216">
				<ele>124.0</ele>
				<time>2020-07-03T09:26:51</time>
			</trkpt>
			<trkpt lat="48.63297994248569" lon="3.0668699741363525">
				<ele>126.0</ele>
				<time>2020-07-03T09:27:15</time>
			</trkpt>
			<trkpt lat="48.63266997970641" lon="3.066979944705963">
				<ele>127.0</ele>
				<time>2020-07-03T09:27:20</time>
			</trkpt>
			<trkpt lat="48.62637994810939" lon="3.0699899699538946">
				<ele>128.0</ele>
				<time>2020-07-03T09:28:54</time>
			</trkpt>
			<trkpt lat="48.62594995647669" lon="3.070079991593957">
				<ele>128.0</ele>
				<time>2020-07-03T09:29:00</time>
			</trkpt>
			<trkpt lat="48.61769998446107" lon="3.0707899387925863">
				<ele>127.0</ele>
				<time>2020-07-03T09:30:58</time>
			</trkpt>
			<trkpt lat="48.617369988933206" lon="3.0709099676460028">
				<ele>127.0</ele>
				<time>2020-07-03T09:31:03</time>
			</trkpt>
			<trkpt lat="48.616119995713234" lon="3.0718799214810133">
				<ele>125.0</ele>
				<time>2020-07-03T09:31:23</time>
			</trkpt>
			<trkpt lat="48.6156899202615" lon="3.072479981929064">
				<ele>124.0</ele>
				<time>2020-07-03T09:31:32</time>
			</trkpt>
			<trkpt lat="48.61556997522712" lon="3.0725799780339003">
				<ele>123.0</ele>
				<time>2020-07-03T09:31:34</time>
			</trkpt>
			<trkpt lat="48.61541993916035" lon="3.0725599452853203">
				<ele>123.0</ele>
				<time>2020-07-03T09:31:36</time>
			</trkpt>
			<trkpt lat="48.614059975370765" lon="3.071619998663664">
				<ele>122.0</ele>
				<time>2020-07-03T09:31:57</time>
			</trkpt>
			<trkpt lat="48.613799968734384" lon="3.0714899953454733">
				<ele>123.0</ele>
				<time>2020-07-03T09:32:01</time>
			</trkpt>
			<trkpt lat="48.61344994045794" lon="3.0715399514883757">
				<ele>125.0</ele>
				<time>2020-07-03T09:32:06</time>
			</trkpt>
			<trkpt lat="48.61271996051073" lon="3.071869947016239">
				<ele>127.0</ele>
				<time>2020-07-03T09:32:17</time>
			</trkpt>
			<trkpt lat="48.611679933965206" lon="3.0725699197500944">
				<ele>128.0</ele>
				<time>2020-07-03T09:32:33</time>
			</trkpt>
			<trkpt lat="48.61078994348645" lon="3.072749963030219">
				<ele>123.0</ele>
				<time>2020-07-03T09:32:46</time>
			</trkpt>
			<trkpt lat="48.60897995531559" lon="3.072459949180484">
				<ele>118.0</ele>
				<time>2020-07-03T09:33:12</time>
			</trkpt>
			<trkpt lat="48.60553993843496" lon="3.072459949180484">
				<ele>124.0</ele>
				<time>2020-07-03T09:34:01</time>
			</trkpt>
			<trkpt lat="48.60478992573917" lon="3.0726199597120285">
				<ele>125.0</ele>
				<time>2020-07-03T09:34:12</time>
			</trkpt>
			<trkpt lat="48.604349959641695" lon="3.0726599413901567">
				<ele>126.0</ele>
				<time>2020-07-03T09:34:18</time>
			</trkpt>
			<trkpt lat="48.601939994841814" lon="3.072239924222231">
				<ele>130.0</ele>
				<time>2020-07-03T09:34:53</time>
			</trkpt>
			<trkpt lat="48.60025992617011" lon="3.07154992595315">
				<ele>132.0</ele>
				<time>2020-07-03T09:35:18</time>
			</trkpt>
			<trkpt lat="48.59993998892605" lon="3.0714999698102474">
				<ele>131.0</ele>
				<time>2020-07-03T09:35:23</time>
			</trkpt>
			<trkpt lat="48.599669924005866" lon="3.0715599842369556">
				<ele>131.0</ele>
				<time>2020-07-03T09:35:27</time>
			</trkpt>
			<trkpt lat="48.59844993799925" lon="3.072049990296364">
				<ele>131.0</ele>
				<time>2020-07-03T09:35:45</time>
			</trkpt>
			<trkpt lat="48.59713993035257" lon="3.072759937494993">
				<ele>133.0</ele>
				<time>2020-07-03T09:36:04</time>
			</trkpt>
			<trkpt lat="48.596229990944266" lon="3.0732599180191755">
				<ele>131.0</ele>
				<time>2020-07-03T09:36:18</time>
			</trkpt>
			<trkpt lat="48.595219971612096" lon="3.074049996212125">
				<ele>131.0</ele>
				<time>2020-07-03T09:36:35</time>
			</trkpt>
			<trkpt lat="48.59517998993397" lon="3.074119985103607">
				<ele>131.0</ele>
				<time>2020-07-03T09:36:35</time>
			</trkpt>
			<trkpt lat="48.5950299538672" lon="3.073869952932">
				<ele>131.0</ele>
				<time>2020-07-03T09:36:39</time>
			</trkpt>
			<trkpt lat="48.59487991780043" lon="3.0737599823623896">
				<ele>131.0</ele>
				<time>2020-07-03T09:36:41</time>
			</trkpt>
			<trkpt lat="48.593669990077615" lon="3.074039937928319">
				<ele>132.0</ele>
				<time>2020-07-03T09:36:59</time>
			</trkpt>
			<trkpt lat="48.5935499612242" lon="3.0739899817854166">
				<ele>132.0</ele>
				<time>2020-07-03T09:37:00</time>
			</trkpt>
			<trkpt lat="48.593389950692654" lon="3.0736799351871014">
				<ele>132.0</ele>
				<time>2020-07-03T09:37:04</time>
			</trkpt>
			<trkpt lat="48.59283993020654" lon="3.072239924222231">
				<ele>130.0</ele>
				<time>2020-07-03T09:37:20</time>
			</trkpt>
			<trkpt lat="48.59275996685028" lon="3.0721299536526203">
				<ele>130.0</ele>
				<time>2020-07-03T09:37:21</time>
			</trkpt>
			<trkpt lat="48.59313991852105" lon="3.070939974859357">
				<ele>127.0</ele>
				<time>2020-07-03T09:37:34</time>
			</trkpt>
			<trkpt lat="48.59324997290969" lon="3.070459943264723">
				<ele>128.0</ele>
				<time>2020-07-03T09:37:39</time>
			</trkpt>
			<trkpt lat="48.5933099873364" lon="3.0699899699538946">
				<ele>128.0</ele>
				<time>2020-07-03T09:37:43</time>
			</trkpt>
			<trkpt lat="48.59331208281219" lon="3.0699086654931307">
				<ele>130.15</ele>
				<time>2020-07-03T09:37:44</time>
			</trkpt>
			<trkpt lat="48.5933599434793" lon="3.06806992739439">
				<ele>129.0</ele>
				<time>2020-07-03T09:38:01</time>
			</trkpt>
			<trkpt lat="48.593329936265945" lon="3.0666699819266796">
				<ele>129.0</ele>
				<time>2020-07-03T09:38:15</time>
			</trkpt>
			<trkpt lat="48.59360997565091" lon="3.0662499647587538">
				<ele>128.0</ele>
				<time>2020-07-03T09:38:20</time>
			</trkpt>
			<trkpt lat="48.59380996786058" lon="3.0655299592763186">
				<ele>127.0</ele>
				<time>2020-07-03T09:38:28</time>
			</trkpt>
			<trkpt lat="48.59395992010832" lon="3.065229970961809">
				<ele>126.0</ele>
				<time>2020-07-03T09:38:31</time>
			</trkpt>
			<trkpt lat="48.5954599454999" lon="3.062949925661087">
				<ele>125.0</ele>
				<time>2020-07-03T09:39:01</time>
			</trkpt>
			<trkpt lat="48.59606998041272" lon="3.0621499568223953">
				<ele>123.0</ele>
				<time>2020-07-03T09:39:13</time>
			</trkpt>
			<trkpt lat="48.596809934824705" lon="3.0611099302768707">
				<ele>125.0</ele>
				<time>2020-07-03T09:39:27</time>
			</trkpt>
			<trkpt lat="48.59739993698895" lon="3.06011994369328">
				<ele>124.0</ele>
				<time>2020-07-03T09:39:40</time>
			</trkpt>
			<trkpt lat="48.5976199619472" lon="3.059639995917678">
				<ele>124.0</ele>
				<time>2020-07-03T09:39:46</time>
			</trkpt>
			<trkpt lat="48.598359916359186" lon="3.0576999206095934">
				<ele>127.0</ele>
				<time>2020-07-03T09:40:07</time>
			</trkpt>
			<trkpt lat="48.59851992689073" lon="3.0570799950510263">
				<ele>128.0</ele>
				<time>2020-07-03T09:40:13</time>
			</trkpt>
			<trkpt lat="48.599259965121746" lon="3.052559969946742">
				<ele>119.0</ele>
				<time>2020-07-03T09:40:57</time>
			</trkpt>
			<trkpt lat="48.60160999931395" lon="3.0451499484479427">
				<ele>113.0</ele>
				<time>2020-07-03T09:42:15</time>
			</trkpt>
			<trkpt lat="48.60176992602646" lon="3.044699924066663">
				<ele>113.0</ele>
				<time>2020-07-03T09:42:20</time>
			</trkpt>
			<trkpt lat="48.60199992544949" lon="3.044289965182543">
				<ele>113.0</ele>
				<time>2020-07-03T09:42:25</time>
			</trkpt>
			<trkpt lat="48.60362995415926" lon="3.0426799692213535">
				<ele>120.0</ele>
				<time>2020-07-03T09:42:53</time>
			</trkpt>
			<trkpt lat="48.60395994968712" lon="3.0424199625849724">
				<ele>120.0</ele>
				<time>2020-07-03T09:42:58</time>
			</trkpt>
			<trkpt lat="48.60413999296725" lon="3.04234997369349">
				<ele>121.0</ele>
				<time>2020-07-03T09:43:01</time>
			</trkpt>
			<trkpt lat="48.60430997796357" lon="3.042359948158264">
				<ele>122.0</ele>
				<time>2020-07-03T09:43:03</time>
			</trkpt>
			<trkpt lat="48.60500995069742" lon="3.042589947581291">
				<ele>122.0</ele>
				<time>2020-07-03T09:43:13</time>
			</trkpt>
			<trkpt lat="48.60519996844232" lon="3.042609980329871">
				<ele>123.0</ele>
				<time>2020-07-03T09:43:16</time>
			</trkpt>
			<trkpt lat="48.60549995675683" lon="3.0425099842250347">
				<ele>122.0</ele>
				<time>2020-07-03T09:43:20</time>
			</trkpt>
			<trkpt lat="48.60577999614179" lon="3.042299933731556">
				<ele>122.0</ele>
				<time>2020-07-03T09:43:25</time>
			</trkpt>
			<trkpt lat="48.609589990228415" lon="3.0381599441170692">
				<ele>111.0</ele>
				<time>2020-07-03T09:44:32</time>
			</trkpt>
			<trkpt lat="48.62257992848754" lon="3.0238299909979105">
				<ele>116.0</ele>
				<time>2020-07-03T09:48:22</time>
			</trkpt>
			<trkpt lat="48.6229099240154" lon="3.0235199443995953">
				<ele>115.0</ele>
				<time>2020-07-03T09:48:27</time>
			</trkpt>
			<trkpt lat="48.62629998475313" lon="3.021049965173006">
				<ele>111.0</ele>
				<time>2020-07-03T09:49:21</time>
			</trkpt>
			<trkpt lat="48.62739994190633" lon="3.020159974694252">
				<ele>115.0</ele>
				<time>2020-07-03T09:49:39</time>
			</trkpt>
			<trkpt lat="48.62726993858814" lon="3.0199499242007732">
				<ele>114.0</ele>
				<time>2020-07-03T09:49:42</time>
			</trkpt>
			<trkpt lat="48.62688998691738" lon="3.0189099814742804">
				<ele>108.0</ele>
				<time>2020-07-03T09:49:53</time>
			</trkpt>
			<trkpt lat="48.62659997306764" lon="3.018419975414872">
				<ele>106.0</ele>
				<time>2020-07-03T09:49:59</time>
			</trkpt>
			<trkpt lat="48.62598993815482" lon="3.017849922180176">
				<ele>103.0</ele>
				<time>2020-07-03T09:50:09</time>
			</trkpt>
			<trkpt lat="48.625639993697405" lon="3.0175999738276005">
				<ele>102.0</ele>
				<time>2020-07-03T09:50:15</time>
			</trkpt>
			<trkpt lat="48.625489957630634" lon="3.0175699666142464">
				<ele>101.0</ele>
				<time>2020-07-03T09:50:17</time>
			</trkpt>
			<trkpt lat="48.62565994262695" lon="3.0169099755585194">
				<ele>99.0</ele>
				<time>2020-07-03T09:50:24</time>
			</trkpt>
			<trkpt lat="48.62609999254346" lon="3.015509946271777">
				<ele>98.0</ele>
				<time>2020-07-03T09:50:38</time>
			</trkpt>
			<trkpt lat="48.626239970326424" lon="3.01484995521605">
				<ele>99.0</ele>
				<time>2020-07-03T09:50:45</time>
			</trkpt>
			<trkpt lat="48.62653995864093" lon="3.012789934873581">
				<ele>98.0</ele>
				<time>2020-07-03T09:51:05</time>
			</trkpt>
			<trkpt lat="48.62655999138951" lon="3.012159951031208">
				<ele>98.0</ele>
				<time>2020-07-03T09:51:11</time>
			</trkpt>
			<trkpt lat="48.62652998417616" lon="3.0116099305450916">
				<ele>98.0</ele>
				<time>2020-07-03T09:51:16</time>
			</trkpt>
			<trkpt lat="48.6264399625361" lon="3.010399919003248">
				<ele>98.0</ele>
				<time>2020-07-03T09:51:27</time>
			</trkpt>
			<trkpt lat="48.62616998143494" lon="3.008809955790639">
				<ele>98.0</ele>
				<time>2020-07-03T09:51:43</time>
			</trkpt>
			<trkpt lat="48.62610996700823" lon="3.0080799758434296">
				<ele>100.0</ele>
				<time>2020-07-03T09:51:50</time>
			</trkpt>
			<trkpt lat="48.62613997422159" lon="3.007499948143959">
				<ele>100.0</ele>
				<time>2020-07-03T09:51:55</time>
			</trkpt>
			<trkpt lat="48.62644993700087" lon="3.0058099888265133">
				<ele>95.0</ele>
				<time>2020-07-03T09:52:12</time>
			</trkpt>
			<trkpt lat="48.626489918679" lon="3.0053599644452333">
				<ele>95.0</ele>
				<time>2020-07-03T09:52:16</time>
			</trkpt>
			<trkpt lat="48.626479944214225" lon="3.0047199223190546">
				<ele>94.0</ele>
				<time>2020-07-03T09:52:22</time>
			</trkpt>
			<trkpt lat="48.62638992257416" lon="3.0041099712252617">
				<ele>94.0</ele>
				<time>2020-07-03T09:52:28</time>
			</trkpt>
			<trkpt lat="48.62605070695281" lon="3.0027806852012873">
				<ele>99.79</ele>
				<time>2020-07-03T09:52:42</time>
			</trkpt>
			<trkpt lat="48.62601994536817" lon="3.002659985795617">
				<ele>99.0</ele>
				<time>2020-07-03T09:52:43</time>
			</trkpt>
			<trkpt lat="48.625919949263334" lon="3.0020599253475666">
				<ele>100.0</ele>
				<time>2020-07-03T09:52:49</time>
			</trkpt>
			<trkpt lat="48.62586999312043" lon="3.0011799931526184">
				<ele>101.0</ele>
				<time>2020-07-03T09:52:57</time>
			</trkpt>
			<trkpt lat="48.625879967585206" lon="2.999719949439168">
				<ele>102.0</ele>
				<time>2020-07-03T09:53:11</time>
			</trkpt>
			<trkpt lat="48.625809978693724" lon="2.999039925634861">
				<ele>102.0</ele>
				<time>2020-07-03T09:53:17</time>
			</trkpt>
			<trkpt lat="48.62545995041728" lon="2.997089959681034">
				<ele>108.0</ele>
				<time>2020-07-03T09:53:37</time>
			</trkpt>
			<trkpt lat="48.62520991824567" lon="2.996409935876727">
				<ele>112.0</ele>
				<time>2020-07-03T09:53:44</time>
			</trkpt>
			<trkpt lat="48.624629974365234" lon="2.995309978723526">
				<ele>116.0</ele>
				<time>2020-07-03T09:53:57</time>
			</trkpt>
			<trkpt lat="48.62446996383369" lon="2.9949199687689543">
				<ele>117.0</ele>
				<time>2020-07-03T09:54:02</time>
			</trkpt>
			<trkpt lat="48.62431992776692" lon="2.994379922747612">
				<ele>118.0</ele>
				<time>2020-07-03T09:54:07</time>
			</trkpt>
			<trkpt lat="48.62421993166208" lon="2.9936099611222744">
				<ele>119.0</ele>
				<time>2020-07-03T09:54:14</time>
			</trkpt>
			<trkpt lat="48.62427994608879" lon="2.9925099201500416">
				<ele>118.0</ele>
				<time>2020-07-03T09:54:25</time>
			</trkpt>
			<trkpt lat="48.62469996325672" lon="2.989999959245324">
				<ele>119.0</ele>
				<time>2020-07-03T09:54:49</time>
			</trkpt>
			<trkpt lat="48.624759977683425" lon="2.987749921157956">
				<ele>117.0</ele>
				<time>2020-07-03T09:55:11</time>
			</trkpt>
			<trkpt lat="48.62465998157859" lon="2.986589949578047">
				<ele>116.0</ele>
				<time>2020-07-03T09:55:22</time>
			</trkpt>
			<trkpt lat="48.62382992170751" lon="2.981989961117506">
				<ele>118.0</ele>
				<time>2020-07-03T09:56:07</time>
			</trkpt>
			<trkpt lat="48.62356999889016" lon="2.9796599596738815">
				<ele>119.0</ele>
				<time>2020-07-03T09:56:29</time>
			</trkpt>
			<trkpt lat="48.62334997393191" lon="2.97881992533803">
				<ele>118.0</ele>
				<time>2020-07-03T09:56:38</time>
			</trkpt>
			<trkpt lat="48.622999945655465" lon="2.976909941062331">
				<ele>118.0</ele>
				<time>2020-07-03T09:56:56</time>
			</trkpt>
			<trkpt lat="48.62272996455431" lon="2.975929928943515">
				<ele>118.0</ele>
				<time>2020-07-03T09:57:06</time>
			</trkpt>
			<trkpt lat="48.62248999066651" lon="2.9752399306744337">
				<ele>116.0</ele>
				<time>2020-07-03T09:57:14</time>
			</trkpt>
			<trkpt lat="48.621899988502264" lon="2.974219936877489">
				<ele>116.0</ele>
				<time>2020-07-03T09:57:27</time>
			</trkpt>
			<trkpt lat="48.62174995243549" lon="2.973759938031435">
				<ele>116.0</ele>
				<time>2020-07-03T09:57:31</time>
			</trkpt>
			<trkpt lat="48.62169999629259" lon="2.9734399169683456">
				<ele>116.0</ele>
				<time>2020-07-03T09:57:35</time>
			</trkpt>
			<trkpt lat="48.62172991968691" lon="2.9731999430805445">
				<ele>115.0</ele>
				<time>2020-07-03T09:57:37</time>
			</trkpt>
			<trkpt lat="48.62171994522214" lon="2.972859973087907">
				<ele>114.0</ele>
				<time>2020-07-03T09:57:40</time>
			</trkpt>
			<trkpt lat="48.62163998186588" lon="2.972209956496954">
				<ele>114.0</ele>
				<time>2020-07-03T09:57:46</time>
			</trkpt>
			<trkpt lat="48.62166998907924" lon="2.970239957794547">
				<ele>115.0</ele>
				<time>2020-07-03T09:58:05</time>
			</trkpt>
			<trkpt lat="48.62164995633066" lon="2.962219985201955">
				<ele>113.0</ele>
				<time>2020-07-03T09:59:21</time>
			</trkpt>
			<trkpt lat="48.62160997465253" lon="2.96162998303771">
				<ele>113.0</ele>
				<time>2020-07-03T09:59:26</time>
			</trkpt>
			<trkpt lat="48.62135943956673" lon="2.959906915202737">
				<ele>113.0</ele>
				<time>2020-07-03T09:59:43</time>
			</trkpt>
			<trkpt lat="48.6213593557477" lon="2.9599060770124197">
				<ele>113.0</ele>
				<time>2020-07-03T09:59:43</time>
			</trkpt>
			<trkpt lat="48.62135994248092" lon="2.9599099326878786">
				<ele>113.0</ele>
				<time>2020-07-03T09:59:43</time>
			</trkpt>
			<trkpt lat="48.62124997191131" lon="2.957989973947406">
				<ele>113.0</ele>
				<time>2020-07-03T10:00:01</time>
			</trkpt>
			<trkpt lat="48.62130998633802" lon="2.957329982891679">
				<ele>113.0</ele>
				<time>2020-07-03T10:00:08</time>
			</trkpt>
			<trkpt lat="48.62175992690027" lon="2.9549999814480543">
				<ele>111.0</ele>
				<time>2020-07-03T10:00:31</time>
			</trkpt>
			<trkpt lat="48.62177995964885" lon="2.9543699976056814">
				<ele>112.0</ele>
				<time>2020-07-03T10:00:36</time>
			</trkpt>
			<trkpt lat="48.6213799752295" lon="2.948909942060709">
				<ele>110.0</ele>
				<time>2020-07-03T10:01:28</time>
			</trkpt>
			<trkpt lat="48.62116992473602" lon="2.947779977694154">
				<ele>111.0</ele>
				<time>2020-07-03T10:01:39</time>
			</trkpt>
			<trkpt lat="48.621019972488284" lon="2.9474999383091927">
				<ele>110.0</ele>
				<time>2020-07-03T10:01:43</time>
			</trkpt>
			<trkpt lat="48.62081998027861" lon="2.947359960526228">
				<ele>110.0</ele>
				<time>2020-07-03T10:01:46</time>
			</trkpt>
			<trkpt lat="48.62033994868398" lon="2.9472699388861656">
				<ele>110.0</ele>
				<time>2020-07-03T10:01:53</time>
			</trkpt>
			<trkpt lat="48.62001992762089" lon="2.947099953889847">
				<ele>110.0</ele>
				<time>2020-07-03T10:01:58</time>
			</trkpt>
			<trkpt lat="48.619149969890714" lon="2.946019945666194">
				<ele>110.0</ele>
				<time>2020-07-03T10:02:14</time>
			</trkpt>
			<trkpt lat="48.61881997436285" lon="2.9455499723553658">
				<ele>111.0</ele>
				<time>2020-07-03T10:02:20</time>
			</trkpt>
			<trkpt lat="48.61872995272279" lon="2.945349980145693">
				<ele>111.0</ele>
				<time>2020-07-03T10:02:23</time>
			</trkpt>
			<trkpt lat="48.618509927764535" lon="2.944329986348748">
				<ele>110.0</ele>
				<time>2020-07-03T10:02:33</time>
			</trkpt>
			<trkpt lat="48.61825997941196" lon="2.9436799697577953">
				<ele>110.0</ele>
				<time>2020-07-03T10:02:40</time>
			</trkpt>
			<trkpt lat="48.6181699577719" lon="2.943329941481352">
				<ele>110.0</ele>
				<time>2020-07-03T10:02:43</time>
			</trkpt>
			<trkpt lat="48.61776997335255" lon="2.939609969034791">
				<ele>112.0</ele>
				<time>2020-07-03T10:03:19</time>
			</trkpt>
			<trkpt lat="48.61776997335255" lon="2.9389099963009357">
				<ele>113.0</ele>
				<time>2020-07-03T10:03:26</time>
			</trkpt>
			<trkpt lat="48.61793995834887" lon="2.937839962542057">
				<ele>115.0</ele>
				<time>2020-07-03T10:03:36</time>
			</trkpt>
			<trkpt lat="48.61802997998893" lon="2.9366099182516336">
				<ele>113.0</ele>
				<time>2020-07-03T10:03:48</time>
			</trkpt>
			<trkpt lat="48.61793995834887" lon="2.934889951720834">
				<ele>111.0</ele>
				<time>2020-07-03T10:04:04</time>
			</trkpt>
			<trkpt lat="48.617929983884096" lon="2.929159998893738">
				<ele>108.0</ele>
				<time>2020-07-03T10:04:58</time>
			</trkpt>
			<trkpt lat="48.617969965562224" lon="2.9283499717712402">
				<ele>108.0</ele>
				<time>2020-07-03T10:05:06</time>
			</trkpt>
			<trkpt lat="48.61830993555486" lon="2.9254799243062735">
				<ele>109.0</ele>
				<time>2020-07-03T10:05:33</time>
			</trkpt>
			<trkpt lat="48.618379924446344" lon="2.9246099665760994">
				<ele>110.0</ele>
				<time>2020-07-03T10:05:42</time>
			</trkpt>
			<trkpt lat="48.618359975516796" lon="2.9237099178135395">
				<ele>110.0</ele>
				<time>2020-07-03T10:05:50</time>
			</trkpt>
			<trkpt lat="48.617969965562224" lon="2.9219699185341597">
				<ele>111.0</ele>
				<time>2020-07-03T10:06:08</time>
			</trkpt>
			<trkpt lat="48.61782998777926" lon="2.921139942482114">
				<ele>112.0</ele>
				<time>2020-07-03T10:06:16</time>
			</trkpt>
			<trkpt lat="48.617669977247715" lon="2.91938996873796">
				<ele>112.0</ele>
				<time>2020-07-03T10:06:32</time>
			</trkpt>
			<trkpt lat="48.6175499483943" lon="2.9189199954271317">
				<ele>111.0</ele>
				<time>2020-07-03T10:06:37</time>
			</trkpt>
			<trkpt lat="48.617409970611334" lon="2.918589999899268">
				<ele>111.0</ele>
				<time>2020-07-03T10:06:41</time>
			</trkpt>
			<trkpt lat="48.617499992251396" lon="2.91852998547256">
				<ele>111.0</ele>
				<time>2020-07-03T10:06:42</time>
			</trkpt>
			<trkpt lat="48.61770995892584" lon="2.9185799416154623">
				<ele>111.0</ele>
				<time>2020-07-03T10:06:45</time>
			</trkpt>
			<trkpt lat="48.6185999494046" lon="2.9190999548882246">
				<ele>111.0</ele>
				<time>2020-07-03T10:06:59</time>
			</trkpt>
			<trkpt lat="48.618979984894395" lon="2.919409917667508">
				<ele>111.0</ele>
				<time>2020-07-03T10:07:05</time>
			</trkpt>
			<trkpt lat="48.619669983163476" lon="2.9197299387305975">
				<ele>111.0</ele>
				<time>2020-07-03T10:07:15</time>
			</trkpt>
			<trkpt lat="48.620029985904694" lon="2.9197299387305975">
				<ele>111.0</ele>
				<time>2020-07-03T10:07:21</time>
			</trkpt>
			<trkpt lat="48.62048998475075" lon="2.919619968160987">
				<ele>111.0</ele>
				<time>2020-07-03T10:07:27</time>
			</trkpt>
			<trkpt lat="48.62109993584454" lon="2.919219983741641">
				<ele>111.0</ele>
				<time>2020-07-03T10:07:37</time>
			</trkpt>
			<trkpt lat="48.62133999355137" lon="2.918999958783388">
				<ele>111.0</ele>
				<time>2020-07-03T10:07:41</time>
			</trkpt>
			<trkpt lat="48.621369916945696" lon="2.9188799299299717">
				<ele>111.0</ele>
				<time>2020-07-03T10:07:42</time>
			</trkpt>
			<trkpt lat="48.621369916945696" lon="2.9183499421924353">
				<ele>111.0</ele>
				<time>2020-07-03T10:07:47</time>
			</trkpt>
			<trkpt lat="48.62129992805421" lon="2.917479984462261">
				<ele>110.0</ele>
				<time>2020-07-03T10:07:55</time>
			</trkpt>
			<trkpt lat="48.620979990810156" lon="2.9159799590706825">
				<ele>110.0</ele>
				<time>2020-07-03T10:08:10</time>
			</trkpt>
			<trkpt lat="48.62088996917009" lon="2.915409989655018">
				<ele>110.0</ele>
				<time>2020-07-03T10:08:16</time>
			</trkpt>
			<trkpt lat="48.62091997638345" lon="2.914959965273738">
				<ele>110.0</ele>
				<time>2020-07-03T10:08:20</time>
			</trkpt>
			<trkpt lat="48.62122993916273" lon="2.914089923724532">
				<ele>110.0</ele>
				<time>2020-07-03T10:08:29</time>
			</trkpt>
			<trkpt lat="48.62126992084086" lon="2.9137499537318945">
				<ele>110.0</ele>
				<time>2020-07-03T10:08:33</time>
			</trkpt>
			<trkpt lat="48.62122993916273" lon="2.9133599437773228">
				<ele>110.0</ele>
				<time>2020-07-03T10:08:36</time>
			</trkpt>
			<trkpt lat="48.62107998691499" lon="2.9128299560397863">
				<ele>110.0</ele>
				<time>2020-07-03T10:08:42</time>
			</trkpt>
			<trkpt lat="48.621871741488576" lon="2.907941462472081">
				<ele>111.0</ele>
				<time>2020-07-03T10:09:29</time>
			</trkpt>
			<trkpt lat="48.622699957340956" lon="2.9028299264609814">
				<ele>110.0</ele>
				<time>2020-07-03T10:10:19</time>
			</trkpt>
			<trkpt lat="48.6232899595052" lon="2.8989099618047476">
				<ele>109.0</ele>
				<time>2020-07-03T10:10:57</time>
			</trkpt>
			<trkpt lat="48.62335994839668" lon="2.898719944059849">
				<ele>109.0</ele>
				<time>2020-07-03T10:10:59</time>
			</trkpt>
			<trkpt lat="48.624589992687106" lon="2.8978099208325148">
				<ele>109.0</ele>
				<time>2020-07-03T10:11:19</time>
			</trkpt>
			<trkpt lat="48.625729931518435" lon="2.8967299964278936">
				<ele>108.0</ele>
				<time>2020-07-03T10:11:38</time>
			</trkpt>
			<trkpt lat="48.62611994147301" lon="2.8962699975818396">
				<ele>108.0</ele>
				<time>2020-07-03T10:11:45</time>
			</trkpt>
			<trkpt lat="48.626309959217906" lon="2.8959699254482985">
				<ele>108.0</ele>
				<time>2020-07-03T10:11:49</time>
			</trkpt>
			<trkpt lat="48.62639998085797" lon="2.8957499843090773">
				<ele>108.0</ele>
				<time>2020-07-03T10:11:51</time>
			</trkpt>
			<trkpt lat="48.62706994637847" lon="2.8937599528580904">
				<ele>107.0</ele>
				<time>2020-07-03T10:12:12</time>
			</trkpt>
			<trkpt lat="48.62728997133672" lon="2.8933099284768105">
				<ele>108.0</ele>
				<time>2020-07-03T10:12:18</time>
			</trkpt>
			<trkpt lat="48.62795993685722" lon="2.8922999929636717">
				<ele>108.0</ele>
				<time>2020-07-03T10:12:31</time>
			</trkpt>
			<trkpt lat="48.62916994839907" lon="2.8906999714672565">
				<ele>108.0</ele>
				<time>2020-07-03T10:12:54</time>
			</trkpt>
			<trkpt lat="48.630199916660786" lon="2.889209920540452">
				<ele>110.0</ele>
				<time>2020-07-03T10:13:15</time>
			</trkpt>
			<trkpt lat="48.63048993051052" lon="2.888519922271371">
				<ele>110.0</ele>
				<time>2020-07-03T10:13:22</time>
			</trkpt>
			<trkpt lat="48.63089997321367" lon="2.8871799912303686">
				<ele>111.0</ele>
				<time>2020-07-03T10:13:36</time>
			</trkpt>
			<trkpt lat="48.63102997653186" lon="2.886789981275797">
				<ele>111.0</ele>
				<time>2020-07-03T10:13:40</time>
			</trkpt>
			<trkpt lat="48.63106995820999" lon="2.8864999674260616">
				<ele>111.0</ele>
				<time>2020-07-03T10:13:43</time>
			</trkpt>
			<trkpt lat="48.631079932674766" lon="2.885649958625436">
				<ele>110.0</ele>
				<time>2020-07-03T10:13:51</time>
			</trkpt>
			<trkpt lat="48.631549989804626" lon="2.884089918807149">
				<ele>109.0</ele>
				<time>2020-07-03T10:14:07</time>
			</trkpt>
			<trkpt lat="48.6317999381572" lon="2.8836399782449007">
				<ele>109.0</ele>
				<time>2020-07-03T10:14:13</time>
			</trkpt>
			<trkpt lat="48.6383499763906" lon="2.872819947078824">
				<ele>106.0</ele>
				<time>2020-07-03T10:16:32</time>
			</trkpt>
			<trkpt lat="48.63924994133413" lon="2.871469957754016">
				<ele>106.0</ele>
				<time>2020-07-03T10:16:50</time>
			</trkpt>
			<trkpt lat="48.64019994623959" lon="2.8703099861741066">
				<ele>105.0</ele>
				<time>2020-07-03T10:17:07</time>
			</trkpt>
			<trkpt lat="48.64114995114505" lon="2.8693299740552902">
				<ele>105.0</ele>
				<time>2020-07-03T10:17:24</time>
			</trkpt>
			<trkpt lat="48.64285994321108" lon="2.867099968716502">
				<ele>102.0</ele>
				<time>2020-07-03T10:17:56</time>
			</trkpt>
			<trkpt lat="48.64358992315829" lon="2.866389937698841">
				<ele>103.0</ele>
				<time>2020-07-03T10:18:08</time>
			</trkpt>
			<trkpt lat="48.6440899875015" lon="2.8660399932414293">
				<ele>103.0</ele>
				<time>2020-07-03T10:18:16</time>
			</trkpt>
			<trkpt lat="48.644419983029366" lon="2.865759953856468">
				<ele>103.0</ele>
				<time>2020-07-03T10:18:22</time>
			</trkpt>
			<trkpt lat="48.644569935277104" lon="2.8655699361115694">
				<ele>103.0</ele>
				<time>2020-07-03T10:18:24</time>
			</trkpt>
			<trkpt lat="48.644699938595295" lon="2.86528998054564">
				<ele>103.0</ele>
				<time>2020-07-03T10:18:28</time>
			</trkpt>
			<trkpt lat="48.644719971343875" lon="2.864629989489913">
				<ele>103.0</ele>
				<time>2020-07-03T10:18:34</time>
			</trkpt>
			<trkpt lat="48.645039992406964" lon="2.8634199779480696">
				<ele>103.0</ele>
				<time>2020-07-03T10:18:46</time>
			</trkpt>
			<trkpt lat="48.645599987357855" lon="2.8622999880462885">
				<ele>102.0</ele>
				<time>2020-07-03T10:18:59</time>
			</trkpt>
			<trkpt lat="48.6466699372977" lon="2.85991994664073">
				<ele>101.0</ele>
				<time>2020-07-03T10:19:27</time>
			</trkpt>
			<trkpt lat="48.64831999875605" lon="2.857459941878915">
				<ele>99.0</ele>
				<time>2020-07-03T10:20:00</time>
			</trkpt>
			<trkpt lat="48.64928995259106" lon="2.8558099642395973">
				<ele>99.0</ele>
				<time>2020-07-03T10:20:21</time>
			</trkpt>
			<trkpt lat="48.64955993369222" lon="2.855499917641282">
				<ele>99.0</ele>
				<time>2020-07-03T10:20:25</time>
			</trkpt>
			<trkpt lat="48.64992999471724" lon="2.855139998719096">
				<ele>99.0</ele>
				<time>2020-07-03T10:20:32</time>
			</trkpt>
			<trkpt lat="48.65057992748916" lon="2.8549399226903915">
				<ele>101.0</ele>
				<time>2020-07-03T10:20:41</time>
			</trkpt>
			<trkpt lat="48.6508799996227" lon="2.8547699376940727">
				<ele>102.0</ele>
				<time>2020-07-03T10:20:46</time>
			</trkpt>
			<trkpt lat="48.65147997625172" lon="2.8541299793869257">
				<ele>99.0</ele>
				<time>2020-07-03T10:20:56</time>
			</trkpt>
			<trkpt lat="48.65177996456623" lon="2.85372999496758">
				<ele>98.0</ele>
				<time>2020-07-03T10:21:02</time>
			</trkpt>
			<trkpt lat="48.65191591903567" lon="2.8534947987645864">
				<ele>99.0</ele>
				<time>2020-07-03T10:21:05</time>
			</trkpt>
			<trkpt lat="48.65409999154508" lon="2.849719924852252">
				<ele>99.0</ele>
				<time>2020-07-03T10:21:52</time>
			</trkpt>
			<trkpt lat="48.65441992878914" lon="2.849329998716712">
				<ele>98.0</ele>
				<time>2020-07-03T10:21:58</time>
			</trkpt>
			<trkpt lat="48.6551299598068" lon="2.848839992657304">
				<ele>92.0</ele>
				<time>2020-07-03T10:22:09</time>
			</trkpt>
			<trkpt lat="48.656039983034134" lon="2.8480699472129345">
				<ele>88.0</ele>
				<time>2020-07-03T10:22:24</time>
			</trkpt>
			<trkpt lat="48.661819975823164" lon="2.8429699782282114">
				<ele>73.0</ele>
				<time>2020-07-03T10:24:00</time>
			</trkpt>
			<trkpt lat="48.66198996081948" lon="2.842699997127056">
				<ele>73.0</ele>
				<time>2020-07-03T10:24:03</time>
			</trkpt>
			<trkpt lat="48.662059949710965" lon="2.8426899388432503">
				<ele>73.0</ele>
				<time>2020-07-03T10:24:04</time>
			</trkpt>
			<trkpt lat="48.66209993138909" lon="2.842609975486994">
				<ele>74.0</ele>
				<time>2020-07-03T10:24:05</time>
			</trkpt>
			<trkpt lat="48.66230998188257" lon="2.842619949951768">
				<ele>74.0</ele>
				<time>2020-07-03T10:24:08</time>
			</trkpt>
			<trkpt lat="48.6629699729383" lon="2.8427499532699585">
				<ele>76.0</ele>
				<time>2020-07-03T10:24:18</time>
			</trkpt>
			<trkpt lat="48.66477996110916" lon="2.8429599199444056">
				<ele>90.0</ele>
				<time>2020-07-03T10:24:44</time>
			</trkpt>
			<trkpt lat="48.66500996053219" lon="2.842899989336729">
				<ele>92.0</ele>
				<time>2020-07-03T10:24:47</time>
			</trkpt>
			<trkpt lat="48.66545998491347" lon="2.8425499610602856">
				<ele>95.0</ele>
				<time>2020-07-03T10:24:54</time>
			</trkpt>
			<trkpt lat="48.66567992605269" lon="2.8424599394202232">
				<ele>97.0</ele>
				<time>2020-07-03T10:24:58</time>
			</trkpt>
			<trkpt lat="48.667149944230914" lon="2.842589942738414">
				<ele>101.0</ele>
				<time>2020-07-03T10:25:19</time>
			</trkpt>
			<trkpt lat="48.667539954185486" lon="2.842869982123375">
				<ele>101.0</ele>
				<time>2020-07-03T10:25:25</time>
			</trkpt>
			<trkpt lat="48.667689990252256" lon="2.842699997127056">
				<ele>101.0</ele>
				<time>2020-07-03T10:25:28</time>
			</trkpt>
			<trkpt lat="48.6685199663043" lon="2.8423199616372585">
				<ele>102.0</ele>
				<time>2020-07-03T10:25:40</time>
			</trkpt>
			<trkpt lat="48.669149950146675" lon="2.841939926147461">
				<ele>102.0</ele>
				<time>2020-07-03T10:25:50</time>
			</trkpt>
			<trkpt lat="48.669469971209764" lon="2.842199932783842">
				<ele>103.0</ele>
				<time>2020-07-03T10:25:55</time>
			</trkpt>
			<trkpt lat="48.66964993067086" lon="2.842199932783842">
				<ele>103.0</ele>
				<time>2020-07-03T10:25:57</time>
			</trkpt>
			<trkpt lat="48.67065995000303" lon="2.840589936822653">
				<ele>101.0</ele>
				<time>2020-07-03T10:26:18</time>
			</trkpt>
			<trkpt lat="48.67083999328315" lon="2.840359937399626">
				<ele>101.0</ele>
				<time>2020-07-03T10:26:22</time>
			</trkpt>
			<trkpt lat="48.67184992879629" lon="2.8392599802464247">
				<ele>98.0</ele>
				<time>2020-07-03T10:26:40</time>
			</trkpt>
			<trkpt lat="48.67211999371648" lon="2.839069962501526">
				<ele>96.0</ele>
				<time>2020-07-03T10:26:44</time>
			</trkpt>
			<trkpt lat="48.672839999198914" lon="2.837949972599745">
				<ele>95.0</ele>
				<time>2020-07-03T10:26:59</time>
			</trkpt>
			<trkpt lat="48.67297997698188" lon="2.8377899620682">
				<ele>95.0</ele>
				<time>2020-07-03T10:27:01</time>
			</trkpt>
			<trkpt lat="48.67396996356547" lon="2.837089989334345">
				<ele>87.0</ele>
				<time>2020-07-03T10:27:17</time>
			</trkpt>
			<trkpt lat="48.67405587807298" lon="2.837049840018153">
				<ele>85.25</ele>
				<time>2020-07-03T10:27:18</time>
			</trkpt>
			<trkpt lat="48.67471997626126" lon="2.8367399610579014">
				<ele>78.0</ele>
				<time>2020-07-03T10:27:28</time>
			</trkpt>
			<trkpt lat="48.676109947264194" lon="2.8362899366766214">
				<ele>82.0</ele>
				<time>2020-07-03T10:27:48</time>
			</trkpt>
			<trkpt lat="48.676519989967346" lon="2.836199998855591">
				<ele>86.0</ele>
				<time>2020-07-03T10:27:54</time>
			</trkpt>
			<trkpt lat="48.67671998217702" lon="2.836249954998493">
				<ele>88.0</ele>
				<time>2020-07-03T10:27:57</time>
			</trkpt>
			<trkpt lat="48.67691997438669" lon="2.8363699838519096">
				<ele>90.0</ele>
				<time>2020-07-03T10:28:00</time>
			</trkpt>
			<trkpt lat="48.67733999155462" lon="2.8367699682712555">
				<ele>93.0</ele>
				<time>2020-07-03T10:28:07</time>
			</trkpt>
			<trkpt lat="48.67762992158532" lon="2.8369699604809284">
				<ele>93.0</ele>
				<time>2020-07-03T10:28:12</time>
			</trkpt>
			<trkpt lat="48.67781993933022" lon="2.8369799349457026">
				<ele>94.0</ele>
				<time>2020-07-03T10:28:15</time>
			</trkpt>
			<trkpt lat="48.677979949861765" lon="2.83690994605422">
				<ele>95.0</ele>
				<time>2020-07-03T10:28:17</time>
			</trkpt>
			<trkpt lat="48.67817994207144" lon="2.8365799505263567">
				<ele>95.0</ele>
				<time>2020-07-03T10:28:21</time>
			</trkpt>
			<trkpt lat="48.67848998866975" lon="2.835779981687665">
				<ele>95.0</ele>
				<time>2020-07-03T10:28:30</time>
			</trkpt>
			<trkpt lat="48.678599959239364" lon="2.8355999384075403">
				<ele>96.0</ele>
				<time>2020-07-03T10:28:32</time>
			</trkpt>
			<trkpt lat="48.67903992533684" lon="2.835109932348132">
				<ele>99.0</ele>
				<time>2020-07-03T10:28:40</time>
			</trkpt>
			<trkpt lat="48.67923991754651" lon="2.8347599878907204">
				<ele>100.0</ele>
				<time>2020-07-03T10:28:44</time>
			</trkpt>
			<trkpt lat="48.68062997236848" lon="2.831319971010089">
				<ele>104.0</ele>
				<time>2020-07-03T10:29:22</time>
			</trkpt>
			<trkpt lat="48.68071999400854" lon="2.831119978800416">
				<ele>104.0</ele>
				<time>2020-07-03T10:29:25</time>
			</trkpt>
			<trkpt lat="48.681049989536405" lon="2.8306199982762337">
				<ele>107.0</ele>
				<time>2020-07-03T10:29:31</time>
			</trkpt>
			<trkpt lat="48.683199947699904" lon="2.827579965814948">
				<ele>107.0</ele>
				<time>2020-07-03T10:30:13</time>
			</trkpt>
			<trkpt lat="48.68341997265816" lon="2.827379973605275">
				<ele>109.0</ele>
				<time>2020-07-03T10:30:17</time>
			</trkpt>
			<trkpt lat="48.68526994250715" lon="2.8263599798083305">
				<ele>108.0</ele>
				<time>2020-07-03T10:30:45</time>
			</trkpt>
			<trkpt lat="48.692399924620986" lon="2.8221399430185556">
				<ele>108.0</ele>
				<time>2020-07-03T10:32:35</time>
			</trkpt>
			<trkpt lat="48.69350994005799" lon="2.8212099708616734">
				<ele>107.0</ele>
				<time>2020-07-03T10:32:53</time>
			</trkpt>
			<trkpt lat="48.69398997165263" lon="2.8209299314767122">
				<ele>108.0</ele>
				<time>2020-07-03T10:33:00</time>
			</trkpt>
			<trkpt lat="48.69455994106829" lon="2.8203199803829193">
				<ele>111.0</ele>
				<time>2020-07-03T10:33:10</time>
			</trkpt>
			<trkpt lat="48.6975899990648" lon="2.817799961194396">
				<ele>109.0</ele>
				<time>2020-07-03T10:34:00</time>
			</trkpt>
			<trkpt lat="48.69788998737931" lon="2.817329987883568">
				<ele>106.0</ele>
				<time>2020-07-03T10:34:06</time>
			</trkpt>
			<trkpt lat="48.69888994842768" lon="2.815319923684001">
				<ele>105.0</ele>
				<time>2020-07-03T10:34:30</time>
			</trkpt>
			<trkpt lat="48.69920996949077" lon="2.8147899359464645">
				<ele>105.0</ele>
				<time>2020-07-03T10:34:36</time>
			</trkpt>
			<trkpt lat="48.701504934579134" lon="2.8128905966877937">
				<ele>103.93</ele>
				<time>2020-07-03T10:35:14</time>
			</trkpt>
			<trkpt lat="48.7035599257797" lon="2.81118999235332">
				<ele>104.0</ele>
				<time>2020-07-03T10:35:47</time>
			</trkpt>
			<trkpt lat="48.70482995174825" lon="2.810229929164052">
				<ele>105.0</ele>
				<time>2020-07-03T10:36:07</time>
			</trkpt>
			<trkpt lat="48.705609971657395" lon="2.8096899669617414">
				<ele>106.0</ele>
				<time>2020-07-03T10:36:20</time>
			</trkpt>
			<trkpt lat="48.70569999329746" lon="2.8094299603253603">
				<ele>106.0</ele>
				<time>2020-07-03T10:36:23</time>
			</trkpt>
			<trkpt lat="48.70581993833184" lon="2.8093199897557497">
				<ele>106.0</ele>
				<time>2020-07-03T10:36:25</time>
			</trkpt>
			<trkpt lat="48.706899946555495" lon="2.8089799359440804">
				<ele>107.0</ele>
				<time>2020-07-03T10:36:40</time>
			</trkpt>
			<trkpt lat="48.707159953191876" lon="2.8088699653744698">
				<ele>107.0</ele>
				<time>2020-07-03T10:36:44</time>
			</trkpt>
			<trkpt lat="48.707949947565794" lon="2.8083799593150616">
				<ele>107.0</ele>
				<time>2020-07-03T10:36:56</time>
			</trkpt>
			<trkpt lat="48.70853994973004" lon="2.808229923248291">
				<ele>108.0</ele>
				<time>2020-07-03T10:37:05</time>
			</trkpt>
			<trkpt lat="48.70866995304823" lon="2.8081299271434546">
				<ele>108.0</ele>
				<time>2020-07-03T10:37:07</time>
			</trkpt>
			<trkpt lat="48.70907999575138" lon="2.8075499832630157">
				<ele>109.0</ele>
				<time>2020-07-03T10:37:15</time>
			</trkpt>
			<trkpt lat="48.70917999185622" lon="2.8074899688363075">
				<ele>109.0</ele>
				<time>2020-07-03T10:37:17</time>
			</trkpt>
			<trkpt lat="48.71028992347419" lon="2.807099958881736">
				<ele>110.0</ele>
				<time>2020-07-03T10:37:33</time>
			</trkpt>
			<trkpt lat="48.710509948432446" lon="2.80714999884367">
				<ele>110.0</ele>
				<time>2020-07-03T10:37:36</time>
			</trkpt>
			<trkpt lat="48.710719998925924" lon="2.8073199838399887">
				<ele>111.0</ele>
				<time>2020-07-03T10:37:39</time>
			</trkpt>
			<trkpt lat="48.71084991842508" lon="2.8070199955254793">
				<ele>110.0</ele>
				<time>2020-07-03T10:37:43</time>
			</trkpt>
			<trkpt lat="48.71094999834895" lon="2.8066399600356817">
				<ele>109.0</ele>
				<time>2020-07-03T10:37:47</time>
			</trkpt>
			<trkpt lat="48.710979921743274" lon="2.806099997833371">
				<ele>108.0</ele>
				<time>2020-07-03T10:37:52</time>
			</trkpt>
			<trkpt lat="48.71074992232025" lon="2.804049951955676">
				<ele>106.0</ele>
				<time>2020-07-03T10:38:11</time>
			</trkpt>
			<trkpt lat="48.71001994237304" lon="2.8013099916279316">
				<ele>105.0</ele>
				<time>2020-07-03T10:38:39</time>
			</trkpt>
			<trkpt lat="48.708748407661915" lon="2.7956734970211983">
				<ele>103.0</ele>
				<time>2020-07-03T10:39:35</time>
			</trkpt>
			<trkpt lat="48.708749916404486" lon="2.7956799510866404">
				<ele>103.0</ele>
				<time>2020-07-03T10:39:36</time>
			</trkpt>
			<trkpt lat="48.70874966494739" lon="2.7956789452582598">
				<ele>103.0</ele>
				<time>2020-07-03T10:39:36</time>
			</trkpt>
			<trkpt lat="48.7078199442476" lon="2.7915699686855078">
				<ele>105.0</ele>
				<time>2020-07-03T10:40:17</time>
			</trkpt>
			<trkpt lat="48.706659972667694" lon="2.788299936801195">
				<ele>104.0</ele>
				<time>2020-07-03T10:40:52</time>
			</trkpt>
			<trkpt lat="48.70600995607674" lon="2.7866999991238117">
				<ele>103.0</ele>
				<time>2020-07-03T10:41:09</time>
			</trkpt>
			<trkpt lat="48.70239995419979" lon="2.778489924967289">
				<ele>104.0</ele>
				<time>2020-07-03T10:42:42</time>
			</trkpt>
			<trkpt lat="48.70208999142051" lon="2.7781599294394255">
				<ele>104.0</ele>
				<time>2020-07-03T10:42:48</time>
			</trkpt>
			<trkpt lat="48.701439974829555" lon="2.777599934488535">
				<ele>104.0</ele>
				<time>2020-07-03T10:42:58</time>
			</trkpt>
			<trkpt lat="48.701099921017885" lon="2.777209924533963">
				<ele>105.0</ele>
				<time>2020-07-03T10:43:05</time>
			</trkpt>
			<trkpt lat="48.70086992159486" lon="2.7768799290060997">
				<ele>105.0</ele>
				<time>2020-07-03T10:43:09</time>
			</trkpt>
			<trkpt lat="48.70043992996216" lon="2.7759999968111515">
				<ele>105.0</ele>
				<time>2020-07-03T10:43:19</time>
			</trkpt>
			<trkpt lat="48.699919916689396" lon="2.7752399258315563">
				<ele>105.0</ele>
				<time>2020-07-03T10:43:30</time>
			</trkpt>
			<trkpt lat="48.70205168612301" lon="2.770628957077861">
				<ele>104.85</ele>
				<time>2020-07-03T10:44:23</time>
			</trkpt>
			<trkpt lat="48.702619979158044" lon="2.769399918615818">
				<ele>104.0</ele>
				<time>2020-07-03T10:44:37</time>
			</trkpt>
			<trkpt lat="48.70382999069989" lon="2.7668299432843924">
				<ele>104.0</ele>
				<time>2020-07-03T10:45:07</time>
			</trkpt>
			<trkpt lat="48.70396996848285" lon="2.7666199766099453">
				<ele>102.0</ele>
				<time>2020-07-03T10:45:10</time>
			</trkpt>
			<trkpt lat="48.70500999502838" lon="2.765679946169257">
				<ele>95.0</ele>
				<time>2020-07-03T10:45:27</time>
			</trkpt>
			<trkpt lat="48.70703992433846" lon="2.763449940830469">
				<ele>99.0</ele>
				<time>2020-07-03T10:46:03</time>
			</trkpt>
			<trkpt lat="48.70739992707968" lon="2.7631499525159597">
				<ele>101.0</ele>
				<time>2020-07-03T10:46:09</time>
			</trkpt>
			<trkpt lat="48.708449928089976" lon="2.7626599464565516">
				<ele>101.0</ele>
				<time>2020-07-03T10:46:24</time>
			</trkpt>
			<trkpt lat="48.71109995059669" lon="2.761459993198514">
				<ele>102.0</ele>
				<time>2020-07-03T10:47:04</time>
			</trkpt>
			<trkpt lat="48.715619975700974" lon="2.7595199178904295">
				<ele>102.0</ele>
				<time>2020-07-03T10:48:11</time>
			</trkpt>
			<trkpt lat="48.71580999344587" lon="2.759429980069399">
				<ele>102.0</ele>
				<time>2020-07-03T10:48:14</time>
			</trkpt>
			<trkpt lat="48.71601996012032" lon="2.759179947897792">
				<ele>102.0</ele>
				<time>2020-07-03T10:48:18</time>
			</trkpt>
			<trkpt lat="48.716309973970056" lon="2.7591699734330177">
				<ele>101.0</ele>
				<time>2020-07-03T10:48:22</time>
			</trkpt>
			<trkpt lat="48.71665991842747" lon="2.7590599190443754">
				<ele>101.0</ele>
				<time>2020-07-03T10:48:27</time>
			</trkpt>
			<trkpt lat="48.71962996199727" lon="2.7577399369329214">
				<ele>101.0</ele>
				<time>2020-07-03T10:49:11</time>
			</trkpt>
			<trkpt lat="48.7199099175632" lon="2.757669948041439">
				<ele>101.0</ele>
				<time>2020-07-03T10:49:15</time>
			</trkpt>
			<trkpt lat="48.720199931412935" lon="2.757679922506213">
				<ele>101.0</ele>
				<time>2020-07-03T10:49:19</time>
			</trkpt>
			<trkpt lat="48.72054995968938" lon="2.757839933037758">
				<ele>101.0</ele>
				<time>2020-07-03T10:49:25</time>
			</trkpt>
			<trkpt lat="48.72103996574879" lon="2.7581999357789755">
				<ele>100.0</ele>
				<time>2020-07-03T10:49:32</time>
			</trkpt>
			<trkpt lat="48.723979918286204" lon="2.760499930009246">
				<ele>98.0</ele>
				<time>2020-07-03T10:50:20</time>
			</trkpt>
			<trkpt lat="48.72765672393143" lon="2.7633644454181194">
				<ele>100.36</ele>
				<time>2020-07-03T10:51:19</time>
			</trkpt>
			<trkpt lat="48.734209947288036" lon="2.7684699464589357">
				<ele>109.0</ele>
				<time>2020-07-03T10:53:04</time>
			</trkpt>
			<trkpt lat="48.734719986096025" lon="2.76892994530499">
				<ele>108.0</ele>
				<time>2020-07-03T10:53:13</time>
			</trkpt>
			<trkpt lat="48.73505995608866" lon="2.769399918615818">
				<ele>107.0</ele>
				<time>2020-07-03T10:53:19</time>
			</trkpt>
			<trkpt lat="48.73528995551169" lon="2.7699399646371603">
				<ele>105.0</ele>
				<time>2020-07-03T10:53:25</time>
			</trkpt>
			<trkpt lat="48.73541995882988" lon="2.770499959588051">
				<ele>105.0</ele>
				<time>2020-07-03T10:53:31</time>
			</trkpt>
			<trkpt lat="48.735469998791814" lon="2.771189957857132">
				<ele>105.0</ele>
				<time>2020-07-03T10:53:37</time>
			</trkpt>
			<trkpt lat="48.73541995882988" lon="2.7717099711298943">
				<ele>104.0</ele>
				<time>2020-07-03T10:53:42</time>
			</trkpt>
			<trkpt lat="48.73503992334008" lon="2.7735699992626905">
				<ele>106.0</ele>
				<time>2020-07-03T10:54:01</time>
			</trkpt>
			<trkpt lat="48.73464999720454" lon="2.774929963052273">
				<ele>105.0</ele>
				<time>2020-07-03T10:54:15</time>
			</trkpt>
			<trkpt lat="48.73447992838919" lon="2.775219976902008">
				<ele>105.0</ele>
				<time>2020-07-03T10:54:18</time>
			</trkpt>
			<trkpt lat="48.73388992622495" lon="2.775909975171089">
				<ele>106.0</ele>
				<time>2020-07-03T10:54:29</time>
			</trkpt>
			<trkpt lat="48.73376998119056" lon="2.776109967380762">
				<ele>106.0</ele>
				<time>2020-07-03T10:54:32</time>
			</trkpt>
			<trkpt lat="48.733629919588566" lon="2.776109967380762">
				<ele>106.0</ele>
				<time>2020-07-03T10:54:34</time>
			</trkpt>
			<trkpt lat="48.733539981767535" lon="2.776269977912307">
				<ele>106.0</ele>
				<time>2020-07-03T10:54:36</time>
			</trkpt>
			<trkpt lat="48.733539981767535" lon="2.776759983971715">
				<ele>107.0</ele>
				<time>2020-07-03T10:54:40</time>
			</trkpt>
			<trkpt lat="48.73342992737889" lon="2.7772799972444773">
				<ele>107.0</ele>
				<time>2020-07-03T10:54:45</time>
			</trkpt>
			<trkpt lat="48.73342992737889" lon="2.77747998945415">
				<ele>108.0</ele>
				<time>2020-07-03T10:54:47</time>
			</trkpt>
			<trkpt lat="48.733499916270375" lon="2.7776899561285973">
				<ele>108.0</ele>
				<time>2020-07-03T10:54:49</time>
			</trkpt>
			<trkpt lat="48.733689934015274" lon="2.77788994833827">
				<ele>108.0</ele>
				<time>2020-07-03T10:54:53</time>
			</trkpt>
			<trkpt lat="48.73623996041715" lon="2.7792599704116583">
				<ele>107.0</ele>
				<time>2020-07-03T10:55:31</time>
			</trkpt>
			<trkpt lat="48.736439952626824" lon="2.779449988156557">
				<ele>107.0</ele>
				<time>2020-07-03T10:55:35</time>
			</trkpt>
			<trkpt lat="48.73652997426689" lon="2.7796899620443583">
				<ele>107.0</ele>
				<time>2020-07-03T10:55:37</time>
			</trkpt>
			<trkpt lat="48.73678998090327" lon="2.7798099908977747">
				<ele>108.0</ele>
				<time>2020-07-03T10:55:41</time>
			</trkpt>
			<trkpt lat="48.736869944259524" lon="2.779909987002611">
				<ele>108.0</ele>
				<time>2020-07-03T10:55:43</time>
			</trkpt>
			<trkpt lat="48.73752993531525" lon="2.7813399396836758">
				<ele>110.0</ele>
				<time>2020-07-03T10:55:59</time>
			</trkpt>
			<trkpt lat="48.73782992362976" lon="2.781679993495345">
				<ele>109.0</ele>
				<time>2020-07-03T10:56:05</time>
			</trkpt>
			<trkpt lat="48.738049948588014" lon="2.781839920207858">
				<ele>109.0</ele>
				<time>2020-07-03T10:56:08</time>
			</trkpt>
			<trkpt lat="48.73839997686446" lon="2.7819499745965004">
				<ele>109.0</ele>
				<time>2020-07-03T10:56:13</time>
			</trkpt>
			<trkpt lat="48.738739946857095" lon="2.7819199673831463">
				<ele>109.0</ele>
				<time>2020-07-03T10:56:18</time>
			</trkpt>
			<trkpt lat="48.73977997340262" lon="2.7813499979674816">
				<ele>108.0</ele>
				<time>2020-07-03T10:56:34</time>
			</trkpt>
			<trkpt lat="48.74039998278022" lon="2.781189987435937">
				<ele>109.0</ele>
				<time>2020-07-03T10:56:43</time>
			</trkpt>
			<trkpt lat="48.7405199278146" lon="2.7812699507921934">
				<ele>109.0</ele>
				<time>2020-07-03T10:56:45</time>
			</trkpt>
			<trkpt lat="48.74059997498989" lon="2.781399954110384">
				<ele>109.0</ele>
				<time>2020-07-03T10:56:46</time>
			</trkpt>
			<trkpt lat="48.74072997830808" lon="2.781879985705018">
				<ele>108.0</ele>
				<time>2020-07-03T10:56:51</time>
			</trkpt>
			<trkpt lat="48.741039941087365" lon="2.785349925979972">
				<ele>110.0</ele>
				<time>2020-07-03T10:57:24</time>
			</trkpt>
			<trkpt lat="48.741679983213544" lon="2.793369982391596">
				<ele>110.0</ele>
				<time>2020-07-03T10:58:40</time>
			</trkpt>
			<trkpt lat="48.741789953783154" lon="2.7932499535381794">
				<ele>110.0</ele>
				<time>2020-07-03T10:58:42</time>
			</trkpt>
			<trkpt lat="48.743119994178414" lon="2.7926299441605806">
				<ele>110.0</ele>
				<time>2020-07-03T10:59:02</time>
			</trkpt>
			<trkpt lat="48.74413998797536" lon="2.791829975321889">
				<ele>111.0</ele>
				<time>2020-07-03T10:59:19</time>
			</trkpt>
			<trkpt lat="48.74476997181773" lon="2.791139977052808">
				<ele>110.0</ele>
				<time>2020-07-03T10:59:30</time>
			</trkpt>
			<trkpt lat="48.74540993012488" lon="2.7905599493533373">
				<ele>109.0</ele>
				<time>2020-07-03T10:59:41</time>
			</trkpt>
			<trkpt lat="48.745639929547906" lon="2.790319975465536">
				<ele>109.0</ele>
				<time>2020-07-03T10:59:45</time>
			</trkpt>
			<trkpt lat="48.74575995840132" lon="2.790049994364381">
				<ele>109.0</ele>
				<time>2020-07-03T10:59:48</time>
			</trkpt>
			<trkpt lat="48.74579994007945" lon="2.7892799489200115">
				<ele>110.0</ele>
				<time>2020-07-03T10:59:55</time>
			</trkpt>
			<trkpt lat="48.74589993618429" lon="2.788999993354082">
				<ele>110.0</ele>
				<time>2020-07-03T10:59:58</time>
			</trkpt>
			<trkpt lat="48.74704993329942" lon="2.788089970126748">
				<ele>110.0</ele>
				<time>2020-07-03T11:00:16</time>
			</trkpt>
			<trkpt lat="48.7473099399358" lon="2.7879599668085575">
				<ele>110.0</ele>
				<time>2020-07-03T11:00:20</time>
			</trkpt>
			<trkpt lat="48.747419994324446" lon="2.7879599668085575">
				<ele>110.0</ele>
				<time>2020-07-03T11:00:22</time>
			</trkpt>
			<trkpt lat="48.74803991988301" lon="2.789159920066595">
				<ele>110.0</ele>
				<time>2020-07-03T11:00:36</time>
			</trkpt>
			<trkpt lat="48.74886997975409" lon="2.790939984843135">
				<ele>108.0</ele>
				<time>2020-07-03T11:00:57</time>
			</trkpt>
			<trkpt lat="48.74908992089331" lon="2.791149951517582">
				<ele>108.0</ele>
				<time>2020-07-03T11:01:01</time>
			</trkpt>
			<trkpt lat="48.74953994527459" lon="2.791139977052808">
				<ele>107.0</ele>
				<time>2020-07-03T11:01:07</time>
			</trkpt>
			<trkpt lat="48.74980992637575" lon="2.79122999869287">
				<ele>107.0</ele>
				<time>2020-07-03T11:01:11</time>
			</trkpt>
			<trkpt lat="48.750079991295934" lon="2.7914699725806713">
				<ele>107.0</ele>
				<time>2020-07-03T11:01:15</time>
			</trkpt>
			<trkpt lat="48.75071994960308" lon="2.7922199852764606">
				<ele>107.0</ele>
				<time>2020-07-03T11:01:27</time>
			</trkpt>
			<trkpt lat="48.750899992883205" lon="2.79249994084239">
				<ele>107.0</ele>
				<time>2020-07-03T11:01:31</time>
			</trkpt>
			<trkpt lat="48.75166995450854" lon="2.7941299695521593">
				<ele>111.0</ele>
				<time>2020-07-03T11:01:50</time>
			</trkpt>
			<trkpt lat="48.752169935032725" lon="2.7950499672442675">
				<ele>111.0</ele>
				<time>2020-07-03T11:02:01</time>
			</trkpt>
			<trkpt lat="48.75295992940664" lon="2.796209938824177">
				<ele>109.0</ele>
				<time>2020-07-03T11:02:16</time>
			</trkpt>
			<trkpt lat="48.75358999706805" lon="2.7972499653697014">
				<ele>109.0</ele>
				<time>2020-07-03T11:02:30</time>
			</trkpt>
			<trkpt lat="48.75391999259591" lon="2.7979799453169107">
				<ele>110.0</ele>
				<time>2020-07-03T11:02:38</time>
			</trkpt>
			<trkpt lat="48.75456992536783" lon="2.799599999561906">
				<ele>110.0</ele>
				<time>2020-07-03T11:02:56</time>
			</trkpt>
			<trkpt lat="48.75530996359885" lon="2.8017199505120516">
				<ele>110.0</ele>
				<time>2020-07-03T11:03:19</time>
			</trkpt>
			<trkpt lat="48.755472991615534" lon="2.802512040361762">
				<ele>111.0</ele>
				<time>2020-07-03T11:03:26</time>
			</trkpt>
			<trkpt lat="48.755519930273294" lon="2.802739944308996">
				<ele>110.0</ele>
				<time>2020-07-03T11:03:29</time>
			</trkpt>
			<trkpt lat="48.75567994080484" lon="2.804019944742322">
				<ele>109.0</ele>
				<time>2020-07-03T11:03:41</time>
			</trkpt>
			<trkpt lat="48.75615997239947" lon="2.8058899473398924">
				<ele>113.0</ele>
				<time>2020-07-03T11:04:00</time>
			</trkpt>
			<trkpt lat="48.75634999014437" lon="2.8065699711441994">
				<ele>114.0</ele>
				<time>2020-07-03T11:04:07</time>
			</trkpt>
			<trkpt lat="48.75649994239211" lon="2.806879933923483">
				<ele>114.0</ele>
				<time>2020-07-03T11:04:10</time>
			</trkpt>
			<trkpt lat="48.75733997672796" lon="2.8081999998539686">
				<ele>112.0</ele>
				<time>2020-07-03T11:04:28</time>
			</trkpt>
			<trkpt lat="48.75773996114731" lon="2.8085199370980263">
				<ele>113.0</ele>
				<time>2020-07-03T11:04:34</time>
			</trkpt>
			<trkpt lat="48.75827992334962" lon="2.8088199254125357">
				<ele>116.0</ele>
				<time>2020-07-03T11:04:42</time>
			</trkpt>
			<trkpt lat="48.75878996215761" lon="2.8094999492168427">
				<ele>117.0</ele>
				<time>2020-07-03T11:04:52</time>
			</trkpt>
			<trkpt lat="48.7589199654758" lon="2.8097299486398697">
				<ele>117.0</ele>
				<time>2020-07-03T11:04:55</time>
			</trkpt>
			<trkpt lat="48.76014992594719" lon="2.8131999727338552">
				<ele>120.0</ele>
				<time>2020-07-03T11:05:32</time>
			</trkpt>
			<trkpt lat="48.76062995754182" lon="2.814449965953827">
				<ele>119.0</ele>
				<time>2020-07-03T11:05:46</time>
			</trkpt>
			<trkpt lat="48.760909996926785" lon="2.8155299741774797">
				<ele>118.0</ele>
				<time>2020-07-03T11:05:57</time>
			</trkpt>
			<trkpt lat="48.76225998625159" lon="2.8189899399876595">
				<ele>119.0</ele>
				<time>2020-07-03T11:06:35</time>
			</trkpt>
			<trkpt lat="48.763379976153374" lon="2.8216599952429533">
				<ele>118.0</ele>
				<time>2020-07-03T11:07:04</time>
			</trkpt>
			<trkpt lat="48.76338995061815" lon="2.8219299763441086">
				<ele>118.0</ele>
				<time>2020-07-03T11:07:07</time>
			</trkpt>
			<trkpt lat="48.763339994475245" lon="2.822249997407198">
				<ele>119.0</ele>
				<time>2020-07-03T11:07:10</time>
			</trkpt>
			<trkpt lat="48.7653299421072" lon="2.820009933784604">
				<ele>123.0</ele>
				<time>2020-07-03T11:07:46</time>
			</trkpt>
			<trkpt lat="48.76815564930439" lon="2.816844843327999">
				<ele>124.61</ele>
				<time>2020-07-03T11:08:36</time>
			</trkpt>
			<trkpt lat="48.76865998841822" lon="2.816279986873269">
				<ele>125.0</ele>
				<time>2020-07-03T11:08:45</time>
			</trkpt>
			<trkpt lat="48.77215993590653" lon="2.8125799633562565">
				<ele>121.0</ele>
				<time>2020-07-03T11:09:46</time>
			</trkpt>
			<trkpt lat="48.772169994190335" lon="2.8123299311846495">
				<ele>121.0</ele>
				<time>2020-07-03T11:09:48</time>
			</trkpt>
			<trkpt lat="48.77195994369686" lon="2.810249961912632">
				<ele>117.0</ele>
				<time>2020-07-03T11:10:08</time>
			</trkpt>
			<trkpt lat="48.77030401490629" lon="2.7944900561124086">
				<ele>116.37</ele>
				<time>2020-07-03T11:12:38</time>
			</trkpt>
			<trkpt lat="48.76932995393872" lon="2.785209948197007">
				<ele>110.0</ele>
				<time>2020-07-03T11:14:07</time>
			</trkpt>
			<trkpt lat="48.769269939512014" lon="2.7848699782043695">
				<ele>110.0</ele>
				<time>2020-07-03T11:14:10</time>
			</trkpt>
			<trkpt lat="48.76918997615576" lon="2.7846499532461166">
				<ele>110.0</ele>
				<time>2020-07-03T11:14:12</time>
			</trkpt>
			<trkpt lat="48.76813997514546" lon="2.7824299223721027">
				<ele>109.0</ele>
				<time>2020-07-03T11:14:38</time>
			</trkpt>
			<trkpt lat="48.76802992075682" lon="2.782049970701337">
				<ele>109.0</ele>
				<time>2020-07-03T11:14:42</time>
			</trkpt>
			<trkpt lat="48.7680499535054" lon="2.781419986858964">
				<ele>110.0</ele>
				<time>2020-07-03T11:14:48</time>
			</trkpt>
			<trkpt lat="48.76814994961023" lon="2.7810899913311005">
				<ele>110.0</ele>
				<time>2020-07-03T11:14:51</time>
			</trkpt>
			<trkpt lat="48.76832999289036" lon="2.7808899991214275">
				<ele>109.0</ele>
				<time>2020-07-03T11:14:55</time>
			</trkpt>
			<trkpt lat="48.7687199190259" lon="2.7808099519461393">
				<ele>110.0</ele>
				<time>2020-07-03T11:15:00</time>
			</trkpt>
			<trkpt lat="48.768859980627894" lon="2.780689923092723">
				<ele>110.0</ele>
				<time>2020-07-03T11:15:03</time>
			</trkpt>
			<trkpt lat="48.768969951197505" lon="2.780459923669696">
				<ele>110.0</ele>
				<time>2020-07-03T11:15:05</time>
			</trkpt>
			<trkpt lat="48.76906994730234" lon="2.7800099831074476">
				<ele>109.0</ele>
				<time>2020-07-03T11:15:10</time>
			</trkpt>
			<trkpt lat="48.76901999115944" lon="2.7784299943596125">
				<ele>102.0</ele>
				<time>2020-07-03T11:15:25</time>
			</trkpt>
			<trkpt lat="48.76876995898783" lon="2.7757399901747704">
				<ele>106.0</ele>
				<time>2020-07-03T11:15:50</time>
			</trkpt>
			<trkpt lat="48.76936993561685" lon="2.775859935209155">
				<ele>107.0</ele>
				<time>2020-07-03T11:15:59</time>
			</trkpt>
			<trkpt lat="48.769979970529675" lon="2.775879967957735">
				<ele>109.0</ele>
				<time>2020-07-03T11:16:08</time>
			</trkpt>
			<trkpt lat="48.770539965480566" lon="2.7757399901747704">
				<ele>108.0</ele>
				<time>2020-07-03T11:16:16</time>
			</trkpt>
			<trkpt lat="48.77177998423576" lon="2.775199944153428">
				<ele>109.0</ele>
				<time>2020-07-03T11:16:34</time>
			</trkpt>
			<trkpt lat="48.771999925374985" lon="2.775189969688654">
				<ele>110.0</ele>
				<time>2020-07-03T11:16:37</time>
			</trkpt>
			<trkpt lat="48.77309996634722" lon="2.776359999552369">
				<ele>110.0</ele>
				<time>2020-07-03T11:16:57</time>
			</trkpt>
			<trkpt lat="48.7748899217695" lon="2.7781499549746513">
				<ele>110.0</ele>
				<time>2020-07-03T11:17:27</time>
			</trkpt>
			<trkpt lat="48.7752699572593" lon="2.7783999871462584">
				<ele>109.0</ele>
				<time>2020-07-03T11:17:33</time>
			</trkpt>
			<trkpt lat="48.77570992335677" lon="2.778489924967289">
				<ele>109.0</ele>
				<time>2020-07-03T11:17:39</time>
			</trkpt>
			<trkpt lat="48.77621996216476" lon="2.778519932180643">
				<ele>109.0</ele>
				<time>2020-07-03T11:17:47</time>
			</trkpt>
			<trkpt lat="48.7769899237901" lon="2.778539964929223">
				<ele>110.0</ele>
				<time>2020-07-03T11:17:58</time>
			</trkpt>
			<trkpt lat="48.77739996649325" lon="2.778459917753935">
				<ele>112.0</ele>
				<time>2020-07-03T11:18:04</time>
			</trkpt>
			<trkpt lat="48.777669947594404" lon="2.778329998254776">
				<ele>113.0</ele>
				<time>2020-07-03T11:18:08</time>
			</trkpt>
			<trkpt lat="48.778399927541614" lon="2.777569927275181">
				<ele>115.0</ele>
				<time>2020-07-03T11:18:20</time>
			</trkpt>
			<trkpt lat="48.78104626201093" lon="2.775622643530369">
				<ele>115.0</ele>
				<time>2020-07-03T11:19:02</time>
			</trkpt>
			<trkpt lat="48.78104995004833" lon="2.775619961321354">
				<ele>115.0</ele>
				<time>2020-07-03T11:19:02</time>
			</trkpt>
			<trkpt lat="48.78105045296252" lon="2.7756194584071636">
				<ele>115.0</ele>
				<time>2020-07-03T11:19:02</time>
			</trkpt>
			<trkpt lat="48.78367993980646" lon="2.773589948192239">
				<ele>117.0</ele>
				<time>2020-07-03T11:19:45</time>
			</trkpt>
			<trkpt lat="48.78395997919142" lon="2.773209996521473">
				<ele>118.0</ele>
				<time>2020-07-03T11:19:50</time>
			</trkpt>
			<trkpt lat="48.7848399952054" lon="2.7714999206364155">
				<ele>121.0</ele>
				<time>2020-07-03T11:20:10</time>
			</trkpt>
			<trkpt lat="48.785019954666495" lon="2.77124997228384">
				<ele>120.0</ele>
				<time>2020-07-03T11:20:14</time>
			</trkpt>
			<trkpt lat="48.78543997183442" lon="2.770969932898879">
				<ele>119.0</ele>
				<time>2020-07-03T11:20:21</time>
			</trkpt>
			<trkpt lat="48.78581992350519" lon="2.7708099223673344">
				<ele>117.0</ele>
				<time>2020-07-03T11:20:26</time>
			</trkpt>
			<trkpt lat="48.78740997053683" lon="2.770289992913604">
				<ele>118.0</ele>
				<time>2020-07-03T11:20:49</time>
			</trkpt>
			<trkpt lat="48.78757995553315" lon="2.7701199240982533">
				<ele>119.0</ele>
				<time>2020-07-03T11:20:52</time>
			</trkpt>
			<trkpt lat="48.78805998712778" lon="2.769419951364398">
				<ele>116.0</ele>
				<time>2020-07-03T11:21:02</time>
			</trkpt>
			<trkpt lat="48.78824992105365" lon="2.769249966368079">
				<ele>115.0</ele>
				<time>2020-07-03T11:21:05</time>
			</trkpt>
			<trkpt lat="48.7887099198997" lon="2.7690299414098263">
				<ele>116.0</ele>
				<time>2020-07-03T11:21:12</time>
			</trkpt>
			<trkpt lat="48.788929944857955" lon="2.768999934196472">
				<ele>117.0</ele>
				<time>2020-07-03T11:21:15</time>
			</trkpt>
			<trkpt lat="48.79029996693134" lon="2.7691199630498886">
				<ele>121.0</ele>
				<time>2020-07-03T11:21:35</time>
			</trkpt>
			<trkpt lat="48.79132993519306" lon="2.7691099885851145">
				<ele>121.0</ele>
				<time>2020-07-03T11:21:49</time>
			</trkpt>
			<trkpt lat="48.79196997731924" lon="2.768959952518344">
				<ele>122.0</ele>
				<time>2020-07-03T11:21:59</time>
			</trkpt>
			<trkpt lat="48.793309992179275" lon="2.7684099320322275">
				<ele>118.0</ele>
				<time>2020-07-03T11:22:18</time>
			</trkpt>
			<trkpt lat="48.79641992971301" lon="2.774249939247966">
				<ele>117.0</ele>
				<time>2020-07-03T11:23:29</time>
			</trkpt>
			<trkpt lat="48.79714999347925" lon="2.7755399979650974">
				<ele>117.0</ele>
				<time>2020-07-03T11:23:45</time>
			</trkpt>
			<trkpt lat="48.797929929569364" lon="2.7767799329012632">
				<ele>120.0</ele>
				<time>2020-07-03T11:24:01</time>
			</trkpt>
			<trkpt lat="48.79849998280406" lon="2.777829933911562">
				<ele>120.0</ele>
				<time>2020-07-03T11:24:14</time>
			</trkpt>
			<trkpt lat="48.79892997443676" lon="2.778739957138896">
				<ele>121.0</ele>
				<time>2020-07-03T11:24:25</time>
			</trkpt>
			<trkpt lat="48.80042999982834" lon="2.7814799174666405">
				<ele>123.0</ele>
				<time>2020-07-03T11:24:58</time>
			</trkpt>
			<trkpt lat="48.801129972562194" lon="2.7826599217951298">
				<ele>124.0</ele>
				<time>2020-07-03T11:25:13</time>
			</trkpt>
			<trkpt lat="48.802249962463975" lon="2.7848099637776613">
				<ele>124.0</ele>
				<time>2020-07-03T11:25:39</time>
			</trkpt>
			<trkpt lat="48.80258993245661" lon="2.78542997315526">
				<ele>124.0</ele>
				<time>2020-07-03T11:25:47</time>
			</trkpt>
			<trkpt lat="48.802999975159764" lon="2.7860199753195047">
				<ele>124.0</ele>
				<time>2020-07-03T11:25:55</time>
			</trkpt>
			<trkpt lat="48.803409934043884" lon="2.786499923095107">
				<ele>122.0</ele>
				<time>2020-07-03T11:26:02</time>
			</trkpt>
			<trkpt lat="48.80474994890392" lon="2.7878799196332693">
				<ele>119.0</ele>
				<time>2020-07-03T11:26:25</time>
			</trkpt>
			<trkpt lat="48.80575996823609" lon="2.788299936801195">
				<ele>120.0</ele>
				<time>2020-07-03T11:26:40</time>
			</trkpt>
			<trkpt lat="48.806269923225045" lon="2.7883999329060316">
				<ele>120.0</ele>
				<time>2020-07-03T11:26:48</time>
			</trkpt>
			<trkpt lat="48.80739997141063" lon="2.788469921797514">
				<ele>121.0</ele>
				<time>2020-07-03T11:27:04</time>
			</trkpt>
			<trkpt lat="48.807877572253346" lon="2.78833732008934">
				<ele>121.72</ele>
				<time>2020-07-03T11:27:11</time>
			</trkpt>
			<trkpt lat="48.810029961168766" lon="2.7877399418503046">
				<ele>120.0</ele>
				<time>2020-07-03T11:27:42</time>
			</trkpt>
			<trkpt lat="48.810479985550046" lon="2.7876799274235964">
				<ele>119.0</ele>
				<time>2020-07-03T11:27:48</time>
			</trkpt>
			<trkpt lat="48.81068995222449" lon="2.7886299323290586">
				<ele>119.0</ele>
				<time>2020-07-03T11:27:58</time>
			</trkpt>
			<trkpt lat="48.810839988291264" lon="2.7890399750322104">
				<ele>120.0</ele>
				<time>2020-07-03T11:28:02</time>
			</trkpt>
			<trkpt lat="48.81111994385719" lon="2.7895599883049726">
				<ele>118.0</ele>
				<time>2020-07-03T11:28:09</time>
			</trkpt>
			<trkpt lat="48.81142999045551" lon="2.7899499982595444">
				<ele>117.0</ele>
				<time>2020-07-03T11:28:14</time>
			</trkpt>
			<trkpt lat="48.81188998930156" lon="2.790299942716956">
				<ele>117.0</ele>
				<time>2020-07-03T11:28:22</time>
			</trkpt>
			<trkpt lat="48.812469933182" lon="2.790509993210435">
				<ele>118.0</ele>
				<time>2020-07-03T11:28:30</time>
			</trkpt>
			<trkpt lat="48.81276992149651" lon="2.790529942139983">
				<ele>118.0</ele>
				<time>2020-07-03T11:28:35</time>
			</trkpt>
			<trkpt lat="48.81384992972016" lon="2.7903999388217926">
				<ele>118.0</ele>
				<time>2020-07-03T11:28:50</time>
			</trkpt>
			<trkpt lat="48.81435996852815" lon="2.790529942139983">
				<ele>117.0</ele>
				<time>2020-07-03T11:28:57</time>
			</trkpt>
			<trkpt lat="48.814819967374206" lon="2.7910399809479713">
				<ele>119.0</ele>
				<time>2020-07-03T11:29:06</time>
			</trkpt>
			<trkpt lat="48.81501995958388" lon="2.7913299947977066">
				<ele>119.0</ele>
				<time>2020-07-03T11:29:10</time>
			</trkpt>
			<trkpt lat="48.815569980069995" lon="2.792549980804324">
				<ele>121.0</ele>
				<time>2020-07-03T11:29:23</time>
			</trkpt>
			<trkpt lat="48.81630993448198" lon="2.79509992338717">
				<ele>121.0</ele>
				<time>2020-07-03T11:29:50</time>
			</trkpt>
			<trkpt lat="48.8164799194783" lon="2.796009946614504">
				<ele>120.0</ele>
				<time>2020-07-03T11:29:59</time>
			</trkpt>
			<trkpt lat="48.8164799194783" lon="2.796459970995784">
				<ele>120.0</ele>
				<time>2020-07-03T11:30:03</time>
			</trkpt>
			<trkpt lat="48.816429963335395" lon="2.7968299482017756">
				<ele>120.0</ele>
				<time>2020-07-03T11:30:06</time>
			</trkpt>
			<trkpt lat="48.81603995338082" lon="2.7992199640721083">
				<ele>121.0</ele>
				<time>2020-07-03T11:30:30</time>
			</trkpt>
			<trkpt lat="48.81595999002457" lon="2.8018799610435963">
				<ele>120.0</ele>
				<time>2020-07-03T11:30:55</time>
			</trkpt>
			<trkpt lat="48.81598999723792" lon="2.803389960899949">
				<ele>121.0</ele>
				<time>2020-07-03T11:31:09</time>
			</trkpt>
			<trkpt lat="48.816239945590496" lon="2.805079920217395">
				<ele>121.0</ele>
				<time>2020-07-03T11:31:25</time>
			</trkpt>
			<trkpt lat="48.816449996083975" lon="2.8070099372416735">
				<ele>121.0</ele>
				<time>2020-07-03T11:31:44</time>
			</trkpt>
			<trkpt lat="48.81647036410868" lon="2.807156452909112">
				<ele>121.46</ele>
				<time>2020-07-03T11:31:45</time>
			</trkpt>
			<trkpt lat="48.816559966653585" lon="2.807799931615591">
				<ele>120.0</ele>
				<time>2020-07-03T11:31:51</time>
			</trkpt>
			<trkpt lat="48.81767995655537" lon="2.8132399544119835">
				<ele>123.0</ele>
				<time>2020-07-03T11:32:45</time>
			</trkpt>
			<trkpt lat="48.8177799526602" lon="2.8139199782162905">
				<ele>123.0</ele>
				<time>2020-07-03T11:32:51</time>
			</trkpt>
			<trkpt lat="48.818059992045164" lon="2.8166199568659067">
				<ele>123.0</ele>
				<time>2020-07-03T11:33:17</time>
			</trkpt>
			<trkpt lat="48.81838998757303" lon="2.8179199900478125">
				<ele>123.0</ele>
				<time>2020-07-03T11:33:30</time>
			</trkpt>
			<trkpt lat="48.818429969251156" lon="2.818209920078516">
				<ele>123.0</ele>
				<time>2020-07-03T11:33:33</time>
			</trkpt>
			<trkpt lat="48.8183999620378" lon="2.8182999417185783">
				<ele>122.0</ele>
				<time>2020-07-03T11:33:34</time>
			</trkpt>
			<trkpt lat="48.8183999620378" lon="2.8185399994254112">
				<ele>123.0</ele>
				<time>2020-07-03T11:33:36</time>
			</trkpt>
			<trkpt lat="48.81825998425484" lon="2.818969991058111">
				<ele>123.0</ele>
				<time>2020-07-03T11:33:41</time>
			</trkpt>
			<trkpt lat="48.81800995208323" lon="2.8194099571555853">
				<ele>123.0</ele>
				<time>2020-07-03T11:33:46</time>
			</trkpt>
			<trkpt lat="48.8175399787724" lon="2.8200999554246664">
				<ele>123.0</ele>
				<time>2020-07-03T11:33:56</time>
			</trkpt>
			<trkpt lat="48.81721995770931" lon="2.82085994258523">
				<ele>123.0</ele>
				<time>2020-07-03T11:34:04</time>
			</trkpt>
			<trkpt lat="48.815739965066314" lon="2.827759925276041">
				<ele>126.0</ele>
				<time>2020-07-03T11:35:12</time>
			</trkpt>
			<trkpt lat="48.8156299944967" lon="2.8279199358075857">
				<ele>125.0</ele>
				<time>2020-07-03T11:35:15</time>
			</trkpt>
			<trkpt lat="48.81508994847536" lon="2.828259989619255">
				<ele>125.0</ele>
				<time>2020-07-03T11:35:23</time>
			</trkpt>
			<trkpt lat="48.814989952370524" lon="2.8283699601888657">
				<ele>125.0</ele>
				<time>2020-07-03T11:35:25</time>
			</trkpt>
			<trkpt lat="48.81486992351711" lon="2.8285999596118927">
				<ele>126.0</ele>
				<time>2020-07-03T11:35:27</time>
			</trkpt>
			<trkpt lat="48.81472994573414" lon="2.829069932922721">
				<ele>126.0</ele>
				<time>2020-07-03T11:35:32</time>
			</trkpt>
			<trkpt lat="48.81471997126937" lon="2.829109998419881">
				<ele>126.0</ele>
				<time>2020-07-03T11:35:33</time>
			</trkpt>
			<trkpt lat="48.81447999738157" lon="2.8298599272966385">
				<ele>125.0</ele>
				<time>2020-07-03T11:35:41</time>
			</trkpt>
			<trkpt lat="48.814089987426996" lon="2.829719949513674">
				<ele>125.0</ele>
				<time>2020-07-03T11:35:46</time>
			</trkpt>
			<trkpt lat="48.8141399435699" lon="2.830639947205782">
				<ele>126.0</ele>
				<time>2020-07-03T11:35:55</time>
			</trkpt>
			<trkpt lat="48.81430992856622" lon="2.8329699486494064">
				<ele>125.0</ele>
				<time>2020-07-03T11:36:17</time>
			</trkpt>
			<trkpt lat="48.81433993577957" lon="2.833779975771904">
				<ele>125.0</ele>
				<time>2020-07-03T11:36:25</time>
			</trkpt>
			<trkpt lat="48.81497997790575" lon="2.8405499551445246">
				<ele>125.0</ele>
				<time>2020-07-03T11:37:29</time>
			</trkpt>
			<trkpt lat="48.815009985119104" lon="2.841339949518442">
				<ele>126.0</ele>
				<time>2020-07-03T11:37:37</time>
			</trkpt>
			<trkpt lat="48.814949970692396" lon="2.8415799234062433">
				<ele>125.0</ele>
				<time>2020-07-03T11:37:39</time>
			</trkpt>
			<trkpt lat="48.814859949052334" lon="2.8417199850082397">
				<ele>125.0</ele>
				<time>2020-07-03T11:37:41</time>
			</trkpt>
			<trkpt lat="48.81482994183898" lon="2.8420399222522974">
				<ele>126.0</ele>
				<time>2020-07-03T11:37:44</time>
			</trkpt>
			<trkpt lat="48.81486992351711" lon="2.842189958319068">
				<ele>126.0</ele>
				<time>2020-07-03T11:37:45</time>
			</trkpt>
			<trkpt lat="48.81505994126201" lon="2.8424599394202232">
				<ele>127.0</ele>
				<time>2020-07-03T11:37:49</time>
			</trkpt>
			<trkpt lat="48.81515993736684" lon="2.8427799604833126">
				<ele>128.0</ele>
				<time>2020-07-03T11:37:52</time>
			</trkpt>
			<trkpt lat="48.815679950639606" lon="2.847939943894744">
				<ele>132.0</ele>
				<time>2020-07-03T11:38:42</time>
			</trkpt>
			<trkpt lat="48.81706967018545" lon="2.8565087635070086">
				<ele>135.53</ele>
				<time>2020-07-03T11:40:05</time>
			</trkpt>
			<trkpt lat="48.817024659365416" lon="2.8565257787704468">
				<ele>135.86</ele>
				<time>2020-07-03T11:40:05</time>
			</trkpt>
			<trkpt lat="48.81775975227356" lon="2.860994338989258">
				<ele>135.38</ele>
				<time>2020-07-03T11:40:49</time>
			</trkpt>
			<trkpt lat="48.81844639778137" lon="2.865414619445801">
				<ele>137.74</ele>
				<time>2020-07-03T11:41:31</time>
			</trkpt>
			<trkpt lat="48.81858595646918" lon="2.8661227226257324">
				<ele>136.0</ele>
				<time>2020-07-03T11:41:38</time>
			</trkpt>
			<trkpt lat="48.81858587265015" lon="2.8661227226257324">
				<ele>136.0</ele>
				<time>2020-07-03T11:41:38</time>
			</trkpt>
			<trkpt lat="48.82043123245239" lon="2.8716158866882324">
				<ele>138.9</ele>
				<time>2020-07-03T11:42:36</time>
			</trkpt>
			<trkpt lat="48.82075309753418" lon="2.872474193572998">
				<ele>139.46</ele>
				<time>2020-07-03T11:42:46</time>
			</trkpt>
			<trkpt lat="48.82174015045166" lon="2.875349521636963">
				<ele>138.0</ele>
				<time>2020-07-03T11:43:16</time>
			</trkpt>
			<trkpt lat="48.821879709139466" lon="2.8755640983581543">
				<ele>138.44</ele>
				<time>2020-07-03T11:43:19</time>
			</trkpt>
			<trkpt lat="48.82224440574646" lon="2.8759074211120605">
				<ele>140.64</ele>
				<time>2020-07-03T11:43:25</time>
			</trkpt>
			<trkpt lat="48.822340965270996" lon="2.8760361671447754">
				<ele>140.64</ele>
				<time>2020-07-03T11:43:27</time>
			</trkpt>
			<trkpt lat="48.822383880615234" lon="2.8761327266693115">
				<ele>140.29</ele>
				<time>2020-07-03T11:43:28</time>
			</trkpt>
			<trkpt lat="48.82244825363159" lon="2.8764545917510986">
				<ele>138.4</ele>
				<time>2020-07-03T11:43:31</time>
			</trkpt>
			<trkpt lat="48.82244825363159" lon="2.8767013549804688">
				<ele>136.74</ele>
				<time>2020-07-03T11:43:34</time>
			</trkpt>
			<trkpt lat="48.822416150942445" lon="2.8768837451934814">
				<ele>136.33</ele>
				<time>2020-07-03T11:43:35</time>
			</trkpt>
			<trkpt lat="48.822373151779175" lon="2.8769373893737793">
				<ele>135.83</ele>
				<time>2020-07-03T11:43:36</time>
			</trkpt>
			<trkpt lat="48.822340965270996" lon="2.8770554065704346">
				<ele>135.19</ele>
				<time>2020-07-03T11:43:37</time>
			</trkpt>
			<trkpt lat="48.822351694107056" lon="2.8772056102752686">
				<ele>135.14</ele>
				<time>2020-07-03T11:43:39</time>
			</trkpt>
			<trkpt lat="48.822373151779175" lon="2.8772592544555664">
				<ele>135.21</ele>
				<time>2020-07-03T11:43:39</time>
			</trkpt>
			<trkpt lat="48.82243752479553" lon="2.8773343563079834">
				<ele>135.47</ele>
				<time>2020-07-03T11:43:41</time>
			</trkpt>
			<trkpt lat="48.82246971130371" lon="2.8774523735046387">
				<ele>136.02</ele>
				<time>2020-07-03T11:43:42</time>
			</trkpt>
			<trkpt lat="48.82252335548401" lon="2.8778064250946045">
				<ele>137.49</ele>
				<time>2020-07-03T11:43:45</time>
			</trkpt>
			<trkpt lat="48.82257699966431" lon="2.8779137134552">
				<ele>138.0</ele>
				<time>2020-07-03T11:43:46</time>
			</trkpt>
			<trkpt lat="48.82352113723755" lon="2.8806066513061523">
				<ele>135.0</ele>
				<time>2020-07-03T11:44:15</time>
			</trkpt>
			<trkpt lat="48.82367134094238" lon="2.8811752796173096">
				<ele>135.11</ele>
				<time>2020-07-03T11:44:21</time>
			</trkpt>
			<trkpt lat="48.8236927986145" lon="2.88166880607605">
				<ele>132.81</ele>
				<time>2020-07-03T11:44:26</time>
			</trkpt>
			<trkpt lat="48.82372506894171" lon="2.881840467453003">
				<ele>131.75</ele>
				<time>2020-07-03T11:44:27</time>
			</trkpt>
			<trkpt lat="48.82374652661383" lon="2.8820443153381348">
				<ele>131.02</ele>
				<time>2020-07-03T11:44:29</time>
			</trkpt>
			<trkpt lat="48.82391810417175" lon="2.882333993911743">
				<ele>130.0</ele>
				<time>2020-07-03T11:44:33</time>
			</trkpt>
			<trkpt lat="48.82467985153198" lon="2.8832244873046875">
				<ele>130.95</ele>
				<time>2020-07-03T11:44:47</time>
			</trkpt>
			<trkpt lat="48.82496953010559" lon="2.8836750984191895">
				<ele>129.71</ele>
				<time>2020-07-03T11:44:53</time>
			</trkpt>
			<trkpt lat="48.826396465301514" lon="2.8867220878601074">
				<ele>118.89</ele>
				<time>2020-07-03T11:45:28</time>
			</trkpt>
			<trkpt lat="48.82724404335022" lon="2.889232635498047">
				<ele>116.09</ele>
				<time>2020-07-03T11:45:54</time>
			</trkpt>
			<trkpt lat="48.827866315841675" lon="2.8912603855133057">
				<ele>111.88</ele>
				<time>2020-07-03T11:46:15</time>
			</trkpt>
			<trkpt lat="48.828435027971864" lon="2.8929877281188965">
				<ele>102.93</ele>
				<time>2020-07-03T11:46:34</time>
			</trkpt>
			<trkpt lat="48.82853150367737" lon="2.8932881355285645">
				<ele>102.6</ele>
				<time>2020-07-03T11:46:37</time>
			</trkpt>
			<trkpt lat="48.82877826690674" lon="2.894103527069092">
				<ele>101.19</ele>
				<time>2020-07-03T11:46:45</time>
			</trkpt>
			<trkpt lat="48.828864097595215" lon="2.894468307495117">
				<ele>100.13</ele>
				<time>2020-07-03T11:46:49</time>
			</trkpt>
			<trkpt lat="48.82892847061157" lon="2.894822359085083">
				<ele>99.36</ele>
				<time>2020-07-03T11:46:52</time>
			</trkpt>
			<trkpt lat="48.82894992828369" lon="2.8951656818389893">
				<ele>99.02</ele>
				<time>2020-07-03T11:46:55</time>
			</trkpt>
			<trkpt lat="48.82896065711975" lon="2.8955090045928955">
				<ele>97.7</ele>
				<time>2020-07-03T11:46:59</time>
			</trkpt>
			<trkpt lat="48.82891774177551" lon="2.896496057510376">
				<ele>93.24</ele>
				<time>2020-07-03T11:47:08</time>
			</trkpt>
			<trkpt lat="48.82890701293945" lon="2.897289991378784">
				<ele>91.15</ele>
				<time>2020-07-03T11:47:15</time>
			</trkpt>
			<trkpt lat="48.82892847061157" lon="2.8975582122802734">
				<ele>90.18</ele>
				<time>2020-07-03T11:47:18</time>
			</trkpt>
			<trkpt lat="48.82900357246399" lon="2.897794246673584">
				<ele>89.09</ele>
				<time>2020-07-03T11:47:21</time>
			</trkpt>
			<trkpt lat="48.829100131988525" lon="2.8979122638702393">
				<ele>87.34</ele>
				<time>2020-07-03T11:47:22</time>
			</trkpt>
			<trkpt lat="48.829389810562134" lon="2.897944450378418">
				<ele>85.39</ele>
				<time>2020-07-03T11:47:26</time>
			</trkpt>
			<trkpt lat="48.82947564125061" lon="2.897998094558716">
				<ele>84.81</ele>
				<time>2020-07-03T11:47:28</time>
			</trkpt>
			<trkpt lat="48.82954001426697" lon="2.8981053829193115">
				<ele>83.68</ele>
				<time>2020-07-03T11:47:29</time>
			</trkpt>
			<trkpt lat="48.82957220077515" lon="2.8982341289520264">
				<ele>82.39</ele>
				<time>2020-07-03T11:47:30</time>
			</trkpt>
			<trkpt lat="48.83001208305359" lon="2.9006588459014893">
				<ele>63.49</ele>
				<time>2020-07-03T11:47:54</time>
			</trkpt>
			<trkpt lat="48.83003354072571" lon="2.900744676589966">
				<ele>63.01</ele>
				<time>2020-07-03T11:47:55</time>
			</trkpt>
			<trkpt lat="48.830108642578125" lon="2.901066541671753">
				<ele>60.98</ele>
				<time>2020-07-03T11:47:58</time>
			</trkpt>
			<trkpt lat="48.83017301559448" lon="2.9012489318847656">
				<ele>59.9</ele>
				<time>2020-07-03T11:48:00</time>
			</trkpt>
			<trkpt lat="48.830333948135376" lon="2.9016244411468506">
				<ele>55.95</ele>
				<time>2020-07-03T11:48:04</time>
			</trkpt>
			<trkpt lat="48.83041977882385" lon="2.901785373687744">
				<ele>54.64</ele>
				<time>2020-07-03T11:48:06</time>
			</trkpt>
			<trkpt lat="48.83204871788621" lon="2.902850294485688">
				<ele>56.61</ele>
				<time>2020-07-03T11:48:32</time>
			</trkpt>
			<trkpt lat="48.83204871788621" lon="2.9028502106666565">
				<ele>56.61</ele>
				<time>2020-07-03T11:48:32</time>
			</trkpt>
			<trkpt lat="48.83373498916626" lon="2.9039525985717773">
				<ele>53.17</ele>
				<time>2020-07-03T11:48:58</time>
			</trkpt>
			<trkpt lat="48.83578419685364" lon="2.9051220417022705">
				<ele>53.0</ele>
				<time>2020-07-03T11:49:29</time>
			</trkpt>
			<trkpt lat="48.836149061098695" lon="2.9052507877349854">
				<ele>53.29</ele>
				<time>2020-07-03T11:49:35</time>
			</trkpt>
			<trkpt lat="48.83614897727966" lon="2.9052507877349854">
				<ele>53.29</ele>
				<time>2020-07-03T11:49:35</time>
			</trkpt>
			<trkpt lat="48.8390673045069" lon="2.9059267044067383">
				<ele>54.77</ele>
				<time>2020-07-03T11:50:17</time>
			</trkpt>
			<trkpt lat="48.839067220687866" lon="2.9059267044067383">
				<ele>54.77</ele>
				<time>2020-07-03T11:50:17</time>
			</trkpt>
			<trkpt lat="48.84170651435852" lon="2.906538248062134">
				<ele>56.4</ele>
				<time>2020-07-03T11:50:55</time>
			</trkpt>
			<trkpt lat="48.842071294784546" lon="2.9066884517669678">
				<ele>55.42</ele>
				<time>2020-07-03T11:51:00</time>
			</trkpt>
			<trkpt lat="48.8426399230957" lon="2.9070210456848145">
				<ele>55.46</ele>
				<time>2020-07-03T11:51:09</time>
			</trkpt>
			<trkpt lat="48.84313344955444" lon="2.9075467586517334">
				<ele>56.68</ele>
				<time>2020-07-03T11:51:18</time>
			</trkpt>
			<trkpt lat="48.844581842422485" lon="2.9094350337982178">
				<ele>52.89</ele>
				<time>2020-07-03T11:51:45</time>
			</trkpt>
			<trkpt lat="48.845601081848145" lon="2.911151647567749">
				<ele>56.71</ele>
				<time>2020-07-03T11:52:07</time>
			</trkpt>
			<trkpt lat="48.84572982788086" lon="2.9113876819610596">
				<ele>56.93</ele>
				<time>2020-07-03T11:52:10</time>
			</trkpt>
			<trkpt lat="48.84590148925781" lon="2.9116880893707275">
				<ele>58.06</ele>
				<time>2020-07-03T11:52:13</time>
			</trkpt>
			<trkpt lat="48.8461697101593" lon="2.912224531173706">
				<ele>60.11</ele>
				<time>2020-07-03T11:52:20</time>
			</trkpt>
			<trkpt lat="48.84641647338867" lon="2.9129326343536377">
				<ele>60.47</ele>
				<time>2020-07-03T11:52:27</time>
			</trkpt>
			<trkpt lat="48.84645938873291" lon="2.913072109222412">
				<ele>60.22</ele>
				<time>2020-07-03T11:52:29</time>
			</trkpt>
			<trkpt lat="48.84674906730652" lon="2.9146170616149902">
				<ele>59.47</ele>
				<time>2020-07-03T11:52:44</time>
			</trkpt>
			<trkpt lat="48.84688854217529" lon="2.915518283843994">
				<ele>59.19</ele>
				<time>2020-07-03T11:52:52</time>
			</trkpt>
			<trkpt lat="48.847113847732544" lon="2.9171812534332275">
				<ele>60.68</ele>
				<time>2020-07-03T11:53:08</time>
			</trkpt>
			<trkpt lat="48.84715676307678" lon="2.9173529148101807">
				<ele>61.27</ele>
				<time>2020-07-03T11:53:10</time>
			</trkpt>
			<trkpt lat="48.8472855091095" lon="2.917771339416504">
				<ele>63.5</ele>
				<time>2020-07-03T11:53:14</time>
			</trkpt>
			<trkpt lat="48.847821950912476" lon="2.9191553592681885">
				<ele>66.48</ele>
				<time>2020-07-03T11:53:30</time>
			</trkpt>
			<trkpt lat="48.84791851043701" lon="2.9193270206451416">
				<ele>67.17</ele>
				<time>2020-07-03T11:53:32</time>
			</trkpt>
			<trkpt lat="48.84802579879761" lon="2.9194557666778564">
				<ele>67.32</ele>
				<time>2020-07-03T11:53:34</time>
			</trkpt>
			<trkpt lat="48.84826191700995" lon="2.91961669921875">
				<ele>68.79</ele>
				<time>2020-07-03T11:53:37</time>
			</trkpt>
			<trkpt lat="48.848412120714784" lon="2.9197347164154053">
				<ele>69.54</ele>
				<time>2020-07-03T11:53:40</time>
			</trkpt>
			<trkpt lat="48.848605239763856" lon="2.919938564300537">
				<ele>69.9</ele>
				<time>2020-07-03T11:53:43</time>
			</trkpt>
			<trkpt lat="48.848605155944824" lon="2.919938564300537">
				<ele>69.9</ele>
				<time>2020-07-03T11:53:43</time>
			</trkpt>
			<trkpt lat="48.849055767059326" lon="2.9204320907592773">
				<ele>71.37</ele>
				<time>2020-07-03T11:53:51</time>
			</trkpt>
			<trkpt lat="48.849323987960815" lon="2.920668125152588">
				<ele>72.22</ele>
				<time>2020-07-03T11:53:56</time>
			</trkpt>
			<trkpt lat="48.850890481844544" lon="2.9218053817749023">
				<ele>70.14</ele>
				<time>2020-07-03T11:54:20</time>
			</trkpt>
			<trkpt lat="48.853304386138916" lon="2.9234254360198975">
				<ele>59.18</ele>
				<time>2020-07-03T11:54:58</time>
			</trkpt>
			<trkpt lat="48.85376572608948" lon="2.923736572265625">
				<ele>58.18</ele>
				<time>2020-07-03T11:55:05</time>
			</trkpt>
			<trkpt lat="48.854355812072754" lon="2.923661470413208">
				<ele>55.7</ele>
				<time>2020-07-03T11:55:14</time>
			</trkpt>
			<trkpt lat="48.8544309977442" lon="2.9236292839050293">
				<ele>54.6</ele>
				<time>2020-07-03T11:55:15</time>
			</trkpt>
			<trkpt lat="48.85443091392517" lon="2.9236292839050293">
				<ele>54.6</ele>
				<time>2020-07-03T11:55:15</time>
			</trkpt>
			<trkpt lat="48.85452747344971" lon="2.9235541820526123">
				<ele>53.8</ele>
				<time>2020-07-03T11:55:16</time>
			</trkpt>
			<trkpt lat="48.854613304138184" lon="2.923457622528076">
				<ele>53.25</ele>
				<time>2020-07-03T11:55:18</time>
			</trkpt>
			<trkpt lat="48.85498881340027" lon="2.9224812984466553">
				<ele>53.48</ele>
				<time>2020-07-03T11:55:29</time>
			</trkpt>
			<trkpt lat="48.855042457580566" lon="2.922288179397583">
				<ele>54.0</ele>
				<time>2020-07-03T11:55:31</time>
			</trkpt>
			<trkpt lat="48.85511755943298" lon="2.9216551780700684">
				<ele>52.93</ele>
				<time>2020-07-03T11:55:37</time>
			</trkpt>
			<trkpt lat="48.85516055859625" lon="2.9191982746124268">
				<ele>51.47</ele>
				<time>2020-07-03T11:56:00</time>
			</trkpt>
			<trkpt lat="48.8551926612854" lon="2.9165267944335938">
				<ele>51.65</ele>
				<time>2020-07-03T11:56:25</time>
			</trkpt>
			<trkpt lat="48.85517120361328" lon="2.9161620140075684">
				<ele>51.5</ele>
				<time>2020-07-03T11:56:28</time>
			</trkpt>
			<trkpt lat="48.85505327023566" lon="2.9155075550079346">
				<ele>51.0</ele>
				<time>2020-07-03T11:56:35</time>
			</trkpt>
			<trkpt lat="48.855053186416626" lon="2.9155075550079346">
				<ele>51.0</ele>
				<time>2020-07-03T11:56:35</time>
			</trkpt>
			<trkpt lat="48.85446318425238" lon="2.912546396255493">
				<ele>55.16</ele>
				<time>2020-07-03T11:57:04</time>
			</trkpt>
			<trkpt lat="48.85438799858093" lon="2.912203073501587">
				<ele>57.14</ele>
				<time>2020-07-03T11:57:07</time>
			</trkpt>
			<trkpt lat="48.854323625564575" lon="2.9118382930755615">
				<ele>57.92</ele>
				<time>2020-07-03T11:57:11</time>
			</trkpt>
			<trkpt lat="48.85431298054755" lon="2.911698818206787">
				<ele>57.96</ele>
				<time>2020-07-03T11:57:12</time>
			</trkpt>
			<trkpt lat="48.854334354400635" lon="2.911527156829834">
				<ele>57.3</ele>
				<time>2020-07-03T11:57:14</time>
			</trkpt>
			<trkpt lat="48.85443091392517" lon="2.911055088043213">
				<ele>54.42</ele>
				<time>2020-07-03T11:57:18</time>
			</trkpt>
			<trkpt lat="48.85449528694153" lon="2.9103362560272217">
				<ele>55.67</ele>
				<time>2020-07-03T11:57:25</time>
			</trkpt>
			<trkpt lat="48.854559659957886" lon="2.9101645946502686">
				<ele>54.93</ele>
				<time>2020-07-03T11:57:27</time>
			</trkpt>
			<trkpt lat="48.85477423667908" lon="2.90987491607666">
				<ele>53.47</ele>
				<time>2020-07-03T11:57:31</time>
			</trkpt>
			<trkpt lat="48.854849338531494" lon="2.9099178314208984">
				<ele>53.18</ele>
				<time>2020-07-03T11:57:32</time>
			</trkpt>
			<trkpt lat="48.85511755943298" lon="2.9098963737487793">
				<ele>52.14</ele>
				<time>2020-07-03T11:57:36</time>
			</trkpt>
			<trkpt lat="48.855117643252015" lon="2.9098963737487793">
				<ele>52.14</ele>
				<time>2020-07-03T11:57:36</time>
			</trkpt>
			<trkpt lat="48.855353677645326" lon="2.909853458404541">
				<ele>51.14</ele>
				<time>2020-07-03T11:57:40</time>
			</trkpt>
			<trkpt lat="48.85541796684265" lon="2.909853458404541">
				<ele>51.15</ele>
				<time>2020-07-03T11:57:40</time>
			</trkpt>
			<trkpt lat="48.8554931525141" lon="2.9098963737487793">
				<ele>51.41</ele>
				<time>2020-07-03T11:57:42</time>
			</trkpt>
			<trkpt lat="48.855589712038636" lon="2.9100894927978516">
				<ele>51.91</ele>
				<time>2020-07-03T11:57:44</time>
			</trkpt>
			<trkpt lat="48.85565400123596" lon="2.910325527191162">
				<ele>52.0</ele>
				<time>2020-07-03T11:57:46</time>
			</trkpt>
			<trkpt lat="48.855847204104066" lon="2.9105615615844727">
				<ele>52.0</ele>
				<time>2020-07-03T11:57:50</time>
			</trkpt>
			<trkpt lat="48.8562548160553" lon="2.911055088043213">
				<ele>52.61</ele>
				<time>2020-07-03T11:57:57</time>
			</trkpt>
			<trkpt lat="48.856319189071655" lon="2.911301851272583">
				<ele>52.27</ele>
				<time>2020-07-03T11:58:00</time>
			</trkpt>
			<trkpt lat="48.856383645907044" lon="2.9115164279937744">
				<ele>52.62</ele>
				<time>2020-07-03T11:58:02</time>
			</trkpt>
			<trkpt lat="48.85653376579285" lon="2.91212797164917">
				<ele>53.16</ele>
				<time>2020-07-03T11:58:08</time>
			</trkpt>
			<trkpt lat="48.8566517829895" lon="2.9126644134521484">
				<ele>53.41</ele>
				<time>2020-07-03T11:58:13</time>
			</trkpt>
			<trkpt lat="48.85669469833374" lon="2.912771701812744">
				<ele>53.26</ele>
				<time>2020-07-03T11:58:15</time>
			</trkpt>
			<trkpt lat="48.85697373189032" lon="2.91312575340271">
				<ele>52.24</ele>
				<time>2020-07-03T11:58:20</time>
			</trkpt>
			<trkpt lat="48.857306241989136" lon="2.913501262664795">
				<ele>53.0</ele>
				<time>2020-07-03T11:58:26</time>
			</trkpt>
			<trkpt lat="48.85772475041449" lon="2.913597822189331">
				<ele>53.44</ele>
				<time>2020-07-03T11:58:32</time>
			</trkpt>
			<trkpt lat="48.85796070098877" lon="2.9136407375335693">
				<ele>53.39</ele>
				<time>2020-07-03T11:58:35</time>
			</trkpt>
			<trkpt lat="48.85800361633301" lon="2.9136085510253906">
				<ele>53.12</ele>
				<time>2020-07-03T11:58:36</time>
			</trkpt>
			<trkpt lat="48.85803580284119" lon="2.913544178009033">
				<ele>53.0</ele>
				<time>2020-07-03T11:58:37</time>
			</trkpt>
			<trkpt lat="48.85802507400513" lon="2.913447618484497">
				<ele>53.0</ele>
				<time>2020-07-03T11:58:38</time>
			</trkpt>
			<trkpt lat="48.85792851448059" lon="2.911022901535034">
				<ele>52.0</ele>
				<time>2020-07-03T11:59:00</time>
			</trkpt>
			<trkpt lat="48.857919964939356" lon="2.910857107490301">
				<ele>52.0</ele>
				<time>2020-07-03T11:59:02</time>
			</trkpt>
			<trkpt lat="48.857842683792114" lon="2.909359931945801">
				<ele>53.0</ele>
				<time>2020-07-03T11:59:16</time>
			</trkpt>
			<trkpt lat="48.857789039611816" lon="2.9088234901428223">
				<ele>52.0</ele>
				<time>2020-07-03T11:59:21</time>
			</trkpt>
			<trkpt lat="48.85775685310364" lon="2.908608913421631">
				<ele>51.58</ele>
				<time>2020-07-03T11:59:23</time>
			</trkpt>
			<trkpt lat="48.85771402157843" lon="2.9082870483398438">
				<ele>51.0</ele>
				<time>2020-07-03T11:59:26</time>
			</trkpt>
			<trkpt lat="48.8577139377594" lon="2.90812611579895">
				<ele>51.15</ele>
				<time>2020-07-03T11:59:28</time>
			</trkpt>
			<trkpt lat="48.85803588666022" lon="2.9074931144714355">
				<ele>51.43</ele>
				<time>2020-07-03T11:59:35</time>
			</trkpt>
			<trkpt lat="48.8581109046936" lon="2.9073429107666016">
				<ele>51.97</ele>
				<time>2020-07-03T11:59:37</time>
			</trkpt>
			<trkpt lat="48.85815382003784" lon="2.9073214530944824">
				<ele>51.95</ele>
				<time>2020-07-03T11:59:38</time>
			</trkpt>
			<trkpt lat="48.85823965072632" lon="2.907235622406006">
				<ele>51.34</ele>
				<time>2020-07-03T11:59:39</time>
			</trkpt>
			<trkpt lat="48.85828256607056" lon="2.907257080078125">
				<ele>51.25</ele>
				<time>2020-07-03T11:59:40</time>
			</trkpt>
			<trkpt lat="48.85831483639777" lon="2.907235622406006">
				<ele>51.06</ele>
				<time>2020-07-03T11:59:40</time>
			</trkpt>
			<trkpt lat="48.858336210250854" lon="2.9071712493896484">
				<ele>51.0</ele>
				<time>2020-07-03T11:59:41</time>
			</trkpt>
			<trkpt lat="48.858314752578735" lon="2.9070961475372314">
				<ele>51.0</ele>
				<time>2020-07-03T11:59:42</time>
			</trkpt>
			<trkpt lat="48.85829337872565" lon="2.907085418701172">
				<ele>51.0</ele>
				<time>2020-07-03T11:59:42</time>
			</trkpt>
			<trkpt lat="48.85825046338141" lon="2.907085418701172">
				<ele>51.0</ele>
				<time>2020-07-03T11:59:43</time>
			</trkpt>
			<trkpt lat="48.85822892189026" lon="2.907106876373291">
				<ele>51.0</ele>
				<time>2020-07-03T11:59:43</time>
			</trkpt>
			<trkpt lat="48.8582181930542" lon="2.907181978225708">
				<ele>51.21</ele>
				<time>2020-07-03T11:59:44</time>
			</trkpt>
		</trkseg>
	</trk>
</gpx>
