<?xml version="1.0" encoding="UTF-8"?>
<gpx creator="Garmin Connect" version="1.1" xsi:schemaLocation="http://www.topografix.com/GPX/1/1 http://www.topografix.com/GPX/11.xsd" xmlns:ns3="http://www.garmin.com/xmlschemas/TrackPointExtension/v1" xmlns="http://www.topografix.com/GPX/1/1" xmlns:xsi="http://www.w3.org/2001/XMLSchema-instance" xmlns:ns2="http://www.garmin.com/xmlschemas/GpxExtensions/v3">
	<metadata>
		<name>007-G2-90 km-D 1330 m-Les Eclicharmes</name>
		<link href="connect.garmin.com">
			<text>Garmin Connect</text>
		</link>
		<time>2020-07-03T08:00:00</time>
	</metadata>
	<trk>
		<name>007-G2-90 km-D 1330 m-Les Eclicharmes</name>
		<trkseg>
			<trkpt lat="48.8581299316138" lon="2.906979890540242">
				<ele>49.0</ele>
				<time>2020-07-03T08:00:00</time>
			</trkpt>
			<trkpt lat="48.85814996436238" lon="2.906999923288822">
				<ele>49.0</ele>
				<time>2020-07-03T08:00:00</time>
			</trkpt>
			<trkpt lat="48.858199920505285" lon="2.9070299305021763">
				<ele>49.0</ele>
				<time>2020-07-03T08:00:01</time>
			</trkpt>
			<trkpt lat="48.85824996046722" lon="2.9070799704641104">
				<ele>49.0</ele>
				<time>2020-07-03T08:00:02</time>
			</trkpt>
			<trkpt lat="48.858239986002445" lon="2.9071299266070127">
				<ele>49.0</ele>
				<time>2020-07-03T08:00:03</time>
			</trkpt>
			<trkpt lat="48.858239986002445" lon="2.907229922711849">
				<ele>49.0</ele>
				<time>2020-07-03T08:00:04</time>
			</trkpt>
			<trkpt lat="48.85820997878909" lon="2.907239980995655">
				<ele>49.0</ele>
				<time>2020-07-03T08:00:04</time>
			</trkpt>
			<trkpt lat="48.85817997157574" lon="2.907249955460429">
				<ele>49.0</ele>
				<time>2020-07-03T08:00:05</time>
			</trkpt>
			<trkpt lat="48.85815993882716" lon="2.907269988209009">
				<ele>49.0</ele>
				<time>2020-07-03T08:00:05</time>
			</trkpt>
			<trkpt lat="48.8581299316138" lon="2.9072999954223633">
				<ele>49.0</ele>
				<time>2020-07-03T08:00:06</time>
			</trkpt>
			<trkpt lat="48.857899932190776" lon="2.9077199287712574">
				<ele>51.0</ele>
				<time>2020-07-03T08:00:12</time>
			</trkpt>
			<trkpt lat="48.85784997604787" lon="2.9078099504113197">
				<ele>51.0</ele>
				<time>2020-07-03T08:00:13</time>
			</trkpt>
			<trkpt lat="48.85779993608594" lon="2.907889997586608">
				<ele>51.0</ele>
				<time>2020-07-03T08:00:14</time>
			</trkpt>
			<trkpt lat="48.85775995440781" lon="2.9079999681562185">
				<ele>51.0</ele>
				<time>2020-07-03T08:00:15</time>
			</trkpt>
			<trkpt lat="48.85768996551633" lon="2.908159978687763">
				<ele>51.0</ele>
				<time>2020-07-03T08:00:17</time>
			</trkpt>
			<trkpt lat="48.857639925554395" lon="2.9082599747925997">
				<ele>51.0</ele>
				<time>2020-07-03T08:00:19</time>
			</trkpt>
			<trkpt lat="48.857529954984784" lon="2.9084699414670467">
				<ele>51.0</ele>
				<time>2020-07-03T08:00:21</time>
			</trkpt>
			<trkpt lat="48.857249999418855" lon="2.908979980275035">
				<ele>51.0</ele>
				<time>2020-07-03T08:00:28</time>
			</trkpt>
			<trkpt lat="48.85718998499215" lon="2.9090899508446455">
				<ele>51.0</ele>
				<time>2020-07-03T08:00:30</time>
			</trkpt>
			<trkpt lat="48.857119996100664" lon="2.909199921414256">
				<ele>51.0</ele>
				<time>2020-07-03T08:00:32</time>
			</trkpt>
			<trkpt lat="48.85714991949499" lon="2.9092899430543184">
				<ele>51.0</ele>
				<time>2020-07-03T08:00:33</time>
			</trkpt>
			<trkpt lat="48.85718998499215" lon="2.9095099680125713">
				<ele>51.0</ele>
				<time>2020-07-03T08:00:35</time>
			</trkpt>
			<trkpt lat="48.85719995945692" lon="2.909619938582182">
				<ele>51.0</ele>
				<time>2020-07-03T08:00:36</time>
			</trkpt>
			<trkpt lat="48.8572199922055" lon="2.9097199346870184">
				<ele>51.0</ele>
				<time>2020-07-03T08:00:37</time>
			</trkpt>
			<trkpt lat="48.85736994445324" lon="2.910929946228862">
				<ele>51.0</ele>
				<time>2020-07-03T08:00:50</time>
			</trkpt>
			<trkpt lat="48.85738997720182" lon="2.9110499750822783">
				<ele>51.0</ele>
				<time>2020-07-03T08:00:52</time>
			</trkpt>
			<trkpt lat="48.85747999884188" lon="2.911649951711297">
				<ele>51.0</ele>
				<time>2020-07-03T08:00:58</time>
			</trkpt>
			<trkpt lat="48.85756993666291" lon="2.9123499244451523">
				<ele>52.0</ele>
				<time>2020-07-03T08:01:06</time>
			</trkpt>
			<trkpt lat="48.85772994719446" lon="2.9135699942708015">
				<ele>51.0</ele>
				<time>2020-07-03T08:01:19</time>
			</trkpt>
			<trkpt lat="48.857889957726" lon="2.913599917665124">
				<ele>51.0</ele>
				<time>2020-07-03T08:01:21</time>
			</trkpt>
			<trkpt lat="48.858049968257546" lon="2.91360997594893">
				<ele>51.0</ele>
				<time>2020-07-03T08:01:24</time>
			</trkpt>
			<trkpt lat="48.85809992440045" lon="2.913629924878478">
				<ele>51.0</ele>
				<time>2020-07-03T08:01:25</time>
			</trkpt>
			<trkpt lat="48.8581299316138" lon="2.913639983162284">
				<ele>51.0</ele>
				<time>2020-07-03T08:01:25</time>
			</trkpt>
			<trkpt lat="48.85818994604051" lon="2.913679964840412">
				<ele>51.0</ele>
				<time>2020-07-03T08:01:26</time>
			</trkpt>
			<trkpt lat="48.858239986002445" lon="2.9137199465185404">
				<ele>51.0</ele>
				<time>2020-07-03T08:01:27</time>
			</trkpt>
			<trkpt lat="48.8582699932158" lon="2.9137499537318945">
				<ele>51.0</ele>
				<time>2020-07-03T08:01:28</time>
			</trkpt>
			<trkpt lat="48.85830997489393" lon="2.9137899354100227">
				<ele>51.0</ele>
				<time>2020-07-03T08:01:28</time>
			</trkpt>
			<trkpt lat="48.85844995267689" lon="2.9139199387282133">
				<ele>51.0</ele>
				<time>2020-07-03T08:01:31</time>
			</trkpt>
			<trkpt lat="48.858539974316955" lon="2.9140099603682756">
				<ele>51.0</ele>
				<time>2020-07-03T08:01:33</time>
			</trkpt>
			<trkpt lat="48.85875999927521" lon="2.9142599925398827">
				<ele>51.0</ele>
				<time>2020-07-03T08:01:37</time>
			</trkpt>
			<trkpt lat="48.858859995380044" lon="2.9143699631094933">
				<ele>52.0</ele>
				<time>2020-07-03T08:01:39</time>
			</trkpt>
			<trkpt lat="48.858889918774366" lon="2.9143999703228474">
				<ele>52.0</ele>
				<time>2020-07-03T08:01:40</time>
			</trkpt>
			<trkpt lat="48.8589399587363" lon="2.9144699592143297">
				<ele>52.0</ele>
				<time>2020-07-03T08:01:41</time>
			</trkpt>
			<trkpt lat="48.859229972586036" lon="2.9147999547421932">
				<ele>53.0</ele>
				<time>2020-07-03T08:01:47</time>
			</trkpt>
			<trkpt lat="48.859289987012744" lon="2.9148699436336756">
				<ele>53.0</ele>
				<time>2020-07-03T08:01:48</time>
			</trkpt>
			<trkpt lat="48.859339943155646" lon="2.9150999430567026">
				<ele>53.0</ele>
				<time>2020-07-03T08:01:50</time>
			</trkpt>
			<trkpt lat="48.859359975904226" lon="2.915169931948185">
				<ele>54.0</ele>
				<time>2020-07-03T08:01:51</time>
			</trkpt>
			<trkpt lat="48.859399957582355" lon="2.9153499752283096">
				<ele>54.0</ele>
				<time>2020-07-03T08:01:53</time>
			</trkpt>
			<trkpt lat="48.859339943155646" lon="2.915859930217266">
				<ele>55.0</ele>
				<time>2020-07-03T08:01:59</time>
			</trkpt>
			<trkpt lat="48.85929996147752" lon="2.9161599185317755">
				<ele>55.0</ele>
				<time>2020-07-03T08:02:02</time>
			</trkpt>
			<trkpt lat="48.85925997979939" lon="2.9164399579167366">
				<ele>56.0</ele>
				<time>2020-07-03T08:02:05</time>
			</trkpt>
			<trkpt lat="48.85916995815933" lon="2.9171299561858177">
				<ele>56.0</ele>
				<time>2020-07-03T08:02:12</time>
			</trkpt>
			<trkpt lat="48.8591799326241" lon="2.917249985039234">
				<ele>57.0</ele>
				<time>2020-07-03T08:02:14</time>
			</trkpt>
			<trkpt lat="48.85902998037636" lon="2.9179999977350235">
				<ele>56.0</ele>
				<time>2020-07-03T08:02:22</time>
			</trkpt>
			<trkpt lat="48.859079936519265" lon="2.9181699827313423">
				<ele>56.0</ele>
				<time>2020-07-03T08:02:24</time>
			</trkpt>
			<trkpt lat="48.85908999480307" lon="2.9181999899446964">
				<ele>57.0</ele>
				<time>2020-07-03T08:02:24</time>
			</trkpt>
			<trkpt lat="48.85908999480307" lon="2.9182299971580505">
				<ele>57.0</ele>
				<time>2020-07-03T08:02:24</time>
			</trkpt>
			<trkpt lat="48.859079936519265" lon="2.9183899238705635">
				<ele>57.0</ele>
				<time>2020-07-03T08:02:26</time>
			</trkpt>
			<trkpt lat="48.859079936519265" lon="2.918549934402108">
				<ele>57.0</ele>
				<time>2020-07-03T08:02:28</time>
			</trkpt>
			<trkpt lat="48.85897994041443" lon="2.9192699398845434">
				<ele>56.0</ele>
				<time>2020-07-03T08:02:36</time>
			</trkpt>
			<trkpt lat="48.858949933201075" lon="2.919619968160987">
				<ele>57.0</ele>
				<time>2020-07-03T08:02:39</time>
			</trkpt>
			<trkpt lat="48.8589399587363" lon="2.9200199525803328">
				<ele>58.0</ele>
				<time>2020-07-03T08:02:44</time>
			</trkpt>
			<trkpt lat="48.8589399587363" lon="2.9204299952834845">
				<ele>60.0</ele>
				<time>2020-07-03T08:02:48</time>
			</trkpt>
			<trkpt lat="48.85895999148488" lon="2.9212599713355303">
				<ele>62.0</ele>
				<time>2020-07-03T08:02:57</time>
			</trkpt>
			<trkpt lat="48.85897994041443" lon="2.921679988503456">
				<ele>62.0</ele>
				<time>2020-07-03T08:03:01</time>
			</trkpt>
			<trkpt lat="48.85900994762778" lon="2.9219299368560314">
				<ele>63.0</ele>
				<time>2020-07-03T08:03:04</time>
			</trkpt>
			<trkpt lat="48.85905998758972" lon="2.9222199507057667">
				<ele>64.0</ele>
				<time>2020-07-03T08:03:07</time>
			</trkpt>
			<trkpt lat="48.85914992541075" lon="2.922539971768856">
				<ele>66.0</ele>
				<time>2020-07-03T08:03:11</time>
			</trkpt>
			<trkpt lat="48.8593199942261" lon="2.9230099450796843">
				<ele>68.0</ele>
				<time>2020-07-03T08:03:16</time>
			</trkpt>
			<trkpt lat="48.859399957582355" lon="2.923199962824583">
				<ele>69.0</ele>
				<time>2020-07-03T08:03:19</time>
			</trkpt>
			<trkpt lat="48.85951998643577" lon="2.923419987782836">
				<ele>70.0</ele>
				<time>2020-07-03T08:03:22</time>
			</trkpt>
			<trkpt lat="48.8595599681139" lon="2.9234999511390924">
				<ele>70.0</ele>
				<time>2020-07-03T08:03:23</time>
			</trkpt>
			<trkpt lat="48.85973992757499" lon="2.9237699322402477">
				<ele>70.0</ele>
				<time>2020-07-03T08:03:27</time>
			</trkpt>
			<trkpt lat="48.860129937529564" lon="2.924259938299656">
				<ele>72.0</ele>
				<time>2020-07-03T08:03:35</time>
			</trkpt>
			<trkpt lat="48.860149970278144" lon="2.9242099821567535">
				<ele>73.0</ele>
				<time>2020-07-03T08:03:35</time>
			</trkpt>
			<trkpt lat="48.860149970278144" lon="2.9241699166595936">
				<ele>73.0</ele>
				<time>2020-07-03T08:03:36</time>
			</trkpt>
			<trkpt lat="48.86015994474292" lon="2.9241299349814653">
				<ele>73.0</ele>
				<time>2020-07-03T08:03:36</time>
			</trkpt>
			<trkpt lat="48.860149970278144" lon="2.924079978838563">
				<ele>73.0</ele>
				<time>2020-07-03T08:03:37</time>
			</trkpt>
			<trkpt lat="48.860149970278144" lon="2.924029938876629">
				<ele>74.0</ele>
				<time>2020-07-03T08:03:37</time>
			</trkpt>
			<trkpt lat="48.86013999581337" lon="2.9239399172365665">
				<ele>74.0</ele>
				<time>2020-07-03T08:03:38</time>
			</trkpt>
			<trkpt lat="48.860109988600016" lon="2.923799939453602">
				<ele>74.0</ele>
				<time>2020-07-03T08:03:40</time>
			</trkpt>
			<trkpt lat="48.86004997417331" lon="2.9235799983143806">
				<ele>75.0</ele>
				<time>2020-07-03T08:03:42</time>
			</trkpt>
			<trkpt lat="48.86001996695995" lon="2.92340992949903">
				<ele>75.0</ele>
				<time>2020-07-03T08:03:44</time>
			</trkpt>
			<trkpt lat="48.85994997806847" lon="2.923149922862649">
				<ele>75.0</ele>
				<time>2020-07-03T08:03:47</time>
			</trkpt>
			<trkpt lat="48.859939919784665" lon="2.9230799339711666">
				<ele>75.0</ele>
				<time>2020-07-03T08:03:48</time>
			</trkpt>
			<trkpt lat="48.85992994531989" lon="2.9230199195444584">
				<ele>75.0</ele>
				<time>2020-07-03T08:03:49</time>
			</trkpt>
			<trkpt lat="48.85991997085512" lon="2.92297993786633">
				<ele>75.0</ele>
				<time>2020-07-03T08:03:49</time>
			</trkpt>
			<trkpt lat="48.85991997085512" lon="2.922919923439622">
				<ele>76.0</ele>
				<time>2020-07-03T08:03:50</time>
			</trkpt>
			<trkpt lat="48.85991997085512" lon="2.9228599928319454">
				<ele>76.0</ele>
				<time>2020-07-03T08:03:50</time>
			</trkpt>
			<trkpt lat="48.85991997085512" lon="2.9228099528700113">
				<ele>76.0</ele>
				<time>2020-07-03T08:03:51</time>
			</trkpt>
			<trkpt lat="48.859939919784665" lon="2.922719931229949">
				<ele>77.0</ele>
				<time>2020-07-03T08:03:52</time>
			</trkpt>
			<trkpt lat="48.859939919784665" lon="2.9226999823004007">
				<ele>77.0</ele>
				<time>2020-07-03T08:03:52</time>
			</trkpt>
			<trkpt lat="48.859959952533245" lon="2.9226599168032408">
				<ele>78.0</ele>
				<time>2020-07-03T08:03:53</time>
			</trkpt>
			<trkpt lat="48.859979985281825" lon="2.9226099606603384">
				<ele>78.0</ele>
				<time>2020-07-03T08:03:53</time>
			</trkpt>
			<trkpt lat="48.85999993421137" lon="2.9225799534469843">
				<ele>78.0</ele>
				<time>2020-07-03T08:03:54</time>
			</trkpt>
			<trkpt lat="48.86001996695995" lon="2.92254994623363">
				<ele>79.0</ele>
				<time>2020-07-03T08:03:54</time>
			</trkpt>
			<trkpt lat="48.86004997417331" lon="2.922519939020276">
				<ele>79.0</ele>
				<time>2020-07-03T08:03:55</time>
			</trkpt>
			<trkpt lat="48.86007998138666" lon="2.922499990090728">
				<ele>79.0</ele>
				<time>2020-07-03T08:03:55</time>
			</trkpt>
			<trkpt lat="48.86009993031621" lon="2.922479957342148">
				<ele>80.0</ele>
				<time>2020-07-03T08:03:56</time>
			</trkpt>
			<trkpt lat="48.860129937529564" lon="2.9224699828773737">
				<ele>80.0</ele>
				<time>2020-07-03T08:03:56</time>
			</trkpt>
			<trkpt lat="48.860219959169626" lon="2.9224499501287937">
				<ele>82.0</ele>
				<time>2020-07-03T08:03:57</time>
			</trkpt>
			<trkpt lat="48.86031995527446" lon="2.9224399756640196">
				<ele>83.0</ele>
				<time>2020-07-03T08:03:59</time>
			</trkpt>
			<trkpt lat="48.86044995859265" lon="2.9224099684506655">
				<ele>84.0</ele>
				<time>2020-07-03T08:04:01</time>
			</trkpt>
			<trkpt lat="48.8606599252671" lon="2.9223699867725372">
				<ele>85.0</ele>
				<time>2020-07-03T08:04:05</time>
			</trkpt>
			<trkpt lat="48.86089998297393" lon="2.9223299212753773">
				<ele>87.0</ele>
				<time>2020-07-03T08:04:08</time>
			</trkpt>
			<trkpt lat="48.861249927431345" lon="2.9222699906677008">
				<ele>90.0</ele>
				<time>2020-07-03T08:04:14</time>
			</trkpt>
			<trkpt lat="48.86142997071147" lon="2.9222399834543467">
				<ele>91.0</ele>
				<time>2020-07-03T08:04:17</time>
			</trkpt>
			<trkpt lat="48.86162996292114" lon="2.9221999179571867">
				<ele>93.0</ele>
				<time>2020-07-03T08:04:20</time>
			</trkpt>
			<trkpt lat="48.86179994791746" lon="2.9221699945628643">
				<ele>94.0</ele>
				<time>2020-07-03T08:04:23</time>
			</trkpt>
			<trkpt lat="48.86192995123565" lon="2.9221699945628643">
				<ele>95.0</ele>
				<time>2020-07-03T08:04:25</time>
			</trkpt>
			<trkpt lat="48.86202994734049" lon="2.9221799690276384">
				<ele>96.0</ele>
				<time>2020-07-03T08:04:27</time>
			</trkpt>
			<trkpt lat="48.862149976193905" lon="2.9221999179571867">
				<ele>97.0</ele>
				<time>2020-07-03T08:04:29</time>
			</trkpt>
			<trkpt lat="48.86223999783397" lon="2.9222199507057667">
				<ele>98.0</ele>
				<time>2020-07-03T08:04:30</time>
			</trkpt>
			<trkpt lat="48.862389950081706" lon="2.922279965132475">
				<ele>99.0</ele>
				<time>2020-07-03T08:04:33</time>
			</trkpt>
			<trkpt lat="48.86254996061325" lon="2.9223799612373114">
				<ele>100.0</ele>
				<time>2020-07-03T08:04:35</time>
			</trkpt>
			<trkpt lat="48.86284994892776" lon="2.9225799534469843">
				<ele>101.0</ele>
				<time>2020-07-03T08:04:41</time>
			</trkpt>
			<trkpt lat="48.86295991949737" lon="2.9226499423384666">
				<ele>101.0</ele>
				<time>2020-07-03T08:04:42</time>
			</trkpt>
			<trkpt lat="48.86304994113743" lon="2.9226999823004007">
				<ele>102.0</ele>
				<time>2020-07-03T08:04:44</time>
			</trkpt>
			<trkpt lat="48.863139962777495" lon="2.922729989513755">
				<ele>102.0</ele>
				<time>2020-07-03T08:04:45</time>
			</trkpt>
			<trkpt lat="48.86323995888233" lon="2.922739963978529">
				<ele>103.0</ele>
				<time>2020-07-03T08:04:47</time>
			</trkpt>
			<trkpt lat="48.86331992223859" lon="2.922729989513755">
				<ele>103.0</ele>
				<time>2020-07-03T08:04:48</time>
			</trkpt>
			<trkpt lat="48.8633799366653" lon="2.922719931229949">
				<ele>104.0</ele>
				<time>2020-07-03T08:04:49</time>
			</trkpt>
			<trkpt lat="48.86344992555678" lon="2.922689924016595">
				<ele>104.0</ele>
				<time>2020-07-03T08:04:50</time>
			</trkpt>
			<trkpt lat="48.86349996551871" lon="2.9226599168032408">
				<ele>105.0</ele>
				<time>2020-07-03T08:04:51</time>
			</trkpt>
			<trkpt lat="48.863549921661615" lon="2.9226299934089184">
				<ele>105.0</ele>
				<time>2020-07-03T08:04:52</time>
			</trkpt>
			<trkpt lat="48.863609936088324" lon="2.9225799534469843">
				<ele>106.0</ele>
				<time>2020-07-03T08:04:53</time>
			</trkpt>
			<trkpt lat="48.86364991776645" lon="2.922539971768856">
				<ele>106.0</ele>
				<time>2020-07-03T08:04:54</time>
			</trkpt>
			<trkpt lat="48.86378997936845" lon="2.9223799612373114">
				<ele>108.0</ele>
				<time>2020-07-03T08:04:57</time>
			</trkpt>
			<trkpt lat="48.86394998989999" lon="2.9221699945628643">
				<ele>110.0</ele>
				<time>2020-07-03T08:05:00</time>
			</trkpt>
			<trkpt lat="48.86409994214773" lon="2.9219399951398373">
				<ele>112.0</ele>
				<time>2020-07-03T08:05:04</time>
			</trkpt>
			<trkpt lat="48.864279985427856" lon="2.9216699302196503">
				<ele>114.0</ele>
				<time>2020-07-03T08:05:08</time>
			</trkpt>
			<trkpt lat="48.86466999538243" lon="2.9210499208420515">
				<ele>119.0</ele>
				<time>2020-07-03T08:05:17</time>
			</trkpt>
			<trkpt lat="48.864919943735" lon="2.9206099547445774">
				<ele>120.0</ele>
				<time>2020-07-03T08:05:23</time>
			</trkpt>
			<trkpt lat="48.86578998528421" lon="2.919169943779707">
				<ele>128.0</ele>
				<time>2020-07-03T08:05:43</time>
			</trkpt>
			<trkpt lat="48.86581999249756" lon="2.9191099293529987">
				<ele>128.0</ele>
				<time>2020-07-03T08:05:44</time>
			</trkpt>
			<trkpt lat="48.86589995585382" lon="2.918969951570034">
				<ele>128.0</ele>
				<time>2020-07-03T08:05:46</time>
			</trkpt>
			<trkpt lat="48.866019984707236" lon="2.918799966573715">
				<ele>129.0</ele>
				<time>2020-07-03T08:05:49</time>
			</trkpt>
			<trkpt lat="48.86610992252827" lon="2.9186799377202988">
				<ele>129.0</ele>
				<time>2020-07-03T08:05:51</time>
			</trkpt>
			<trkpt lat="48.86622995138168" lon="2.918569967150688">
				<ele>130.0</ele>
				<time>2020-07-03T08:05:53</time>
			</trkpt>
			<trkpt lat="48.866319973021746" lon="2.91850995272398">
				<ele>130.0</ele>
				<time>2020-07-03T08:05:55</time>
			</trkpt>
			<trkpt lat="48.86643991805613" lon="2.9184399638324976">
				<ele>130.0</ele>
				<time>2020-07-03T08:05:57</time>
			</trkpt>
			<trkpt lat="48.86662993580103" lon="2.9183499421924353">
				<ele>130.0</ele>
				<time>2020-07-03T08:06:00</time>
			</trkpt>
			<trkpt lat="48.866879967972636" lon="2.918259920552373">
				<ele>130.0</ele>
				<time>2020-07-03T08:06:04</time>
			</trkpt>
			<trkpt lat="48.867049952968955" lon="2.9181899316608906">
				<ele>130.0</ele>
				<time>2020-07-03T08:06:07</time>
			</trkpt>
			<trkpt lat="48.86738992296159" lon="2.9179999977350235">
				<ele>131.0</ele>
				<time>2020-07-03T08:06:13</time>
			</trkpt>
			<trkpt lat="48.86746997013688" lon="2.9179499577730894">
				<ele>131.0</ele>
				<time>2020-07-03T08:06:14</time>
			</trkpt>
			<trkpt lat="48.86752998456359" lon="2.917909976094961">
				<ele>131.0</ele>
				<time>2020-07-03T08:06:15</time>
			</trkpt>
			<trkpt lat="48.86769996955991" lon="2.9177199583500624">
				<ele>131.0</ele>
				<time>2020-07-03T08:06:18</time>
			</trkpt>
			<trkpt lat="48.868169942870736" lon="2.917159963399172">
				<ele>130.0</ele>
				<time>2020-07-03T08:06:28</time>
			</trkpt>
			<trkpt lat="48.86832995340228" lon="2.9170099273324013">
				<ele>131.0</ele>
				<time>2020-07-03T08:06:31</time>
			</trkpt>
			<trkpt lat="48.868489963933825" lon="2.9168799240142107">
				<ele>131.0</ele>
				<time>2020-07-03T08:06:34</time>
			</trkpt>
			<trkpt lat="48.868659948930144" lon="2.916799960657954">
				<ele>132.0</ele>
				<time>2020-07-03T08:06:37</time>
			</trkpt>
			<trkpt lat="48.868769919499755" lon="2.916759978979826">
				<ele>132.0</ele>
				<time>2020-07-03T08:06:39</time>
			</trkpt>
			<trkpt lat="48.868899922817945" lon="2.9166799318045378">
				<ele>132.0</ele>
				<time>2020-07-03T08:06:41</time>
			</trkpt>
			<trkpt lat="48.86898994445801" lon="2.9166199173778296">
				<ele>132.0</ele>
				<time>2020-07-03T08:06:42</time>
			</trkpt>
			<trkpt lat="48.869109973311424" lon="2.916529979556799">
				<ele>132.0</ele>
				<time>2020-07-03T08:06:44</time>
			</trkpt>
			<trkpt lat="48.86950995773077" lon="2.9162199329584837">
				<ele>130.0</ele>
				<time>2020-07-03T08:06:52</time>
			</trkpt>
			<trkpt lat="48.870249995961785" lon="2.915649963542819">
				<ele>127.0</ele>
				<time>2020-07-03T08:07:05</time>
			</trkpt>
			<trkpt lat="48.87034999206662" lon="2.915569916367531">
				<ele>127.0</ele>
				<time>2020-07-03T08:07:07</time>
			</trkpt>
			<trkpt lat="48.87083999812603" lon="2.915179990231991">
				<ele>124.0</ele>
				<time>2020-07-03T08:07:16</time>
			</trkpt>
			<trkpt lat="48.87100998312235" lon="2.9150499869138002">
				<ele>123.0</ele>
				<time>2020-07-03T08:07:19</time>
			</trkpt>
			<trkpt lat="48.871199917048216" lon="2.9148999508470297">
				<ele>121.0</ele>
				<time>2020-07-03T08:07:22</time>
			</trkpt>
			<trkpt lat="48.87122992426157" lon="2.9148699436336756">
				<ele>121.0</ele>
				<time>2020-07-03T08:07:23</time>
			</trkpt>
			<trkpt lat="48.87147995643318" lon="2.9146099369972944">
				<ele>119.0</ele>
				<time>2020-07-03T08:07:28</time>
			</trkpt>
			<trkpt lat="48.871669974178076" lon="2.9144199192523956">
				<ele>118.0</ele>
				<time>2020-07-03T08:07:31</time>
			</trkpt>
			<trkpt lat="48.87182998470962" lon="2.9142399597913027">
				<ele>117.0</ele>
				<time>2020-07-03T08:07:34</time>
			</trkpt>
			<trkpt lat="48.87199996970594" lon="2.9140199348330498">
				<ele>116.0</ele>
				<time>2020-07-03T08:07:38</time>
			</trkpt>
			<trkpt lat="48.872249918058515" lon="2.913699997588992">
				<ele>115.0</ele>
				<time>2020-07-03T08:07:43</time>
			</trkpt>
			<trkpt lat="48.87231999076903" lon="2.913619950413704">
				<ele>115.0</ele>
				<time>2020-07-03T08:07:45</time>
			</trkpt>
			<trkpt lat="48.87246994301677" lon="2.913469998165965">
				<ele>114.0</ele>
				<time>2020-07-03T08:07:47</time>
			</trkpt>
			<trkpt lat="48.87262995354831" lon="2.9133499693125486">
				<ele>114.0</ele>
				<time>2020-07-03T08:07:50</time>
			</trkpt>
			<trkpt lat="48.87281997129321" lon="2.9132599476724863">
				<ele>113.0</ele>
				<time>2020-07-03T08:07:53</time>
			</trkpt>
			<trkpt lat="48.873089952394366" lon="2.91313991881907">
				<ele>112.0</ele>
				<time>2020-07-03T08:07:58</time>
			</trkpt>
			<trkpt lat="48.873149966821074" lon="2.9131199698895216">
				<ele>112.0</ele>
				<time>2020-07-03T08:07:59</time>
			</trkpt>
			<trkpt lat="48.87333998456597" lon="2.9130399227142334">
				<ele>111.0</ele>
				<time>2020-07-03T08:08:02</time>
			</trkpt>
			<trkpt lat="48.87350996956229" lon="2.912959959357977">
				<ele>110.0</ele>
				<time>2020-07-03T08:08:05</time>
			</trkpt>
			<trkpt lat="48.87366998009384" lon="2.9128699377179146">
				<ele>108.0</ele>
				<time>2020-07-03T08:08:08</time>
			</trkpt>
			<trkpt lat="48.873879946768284" lon="2.912739934399724">
				<ele>106.0</ele>
				<time>2020-07-03T08:08:11</time>
			</trkpt>
			<trkpt lat="48.87401992455125" lon="2.9126499965786934">
				<ele>105.0</ele>
				<time>2020-07-03T08:08:14</time>
			</trkpt>
			<trkpt lat="48.87464999221265" lon="2.9122199211269617">
				<ele>102.0</ele>
				<time>2020-07-03T08:08:25</time>
			</trkpt>
			<trkpt lat="48.874869933351874" lon="2.912099976092577">
				<ele>101.0</ele>
				<time>2020-07-03T08:08:29</time>
			</trkpt>
			<trkpt lat="48.87496992945671" lon="2.9120599944144487">
				<ele>101.0</ele>
				<time>2020-07-03T08:08:30</time>
			</trkpt>
			<trkpt lat="48.87507998384535" lon="2.912019928917289">
				<ele>101.0</ele>
				<time>2020-07-03T08:08:32</time>
			</trkpt>
			<trkpt lat="48.875279976055026" lon="2.9119699727743864">
				<ele>100.0</ele>
				<time>2020-07-03T08:08:35</time>
			</trkpt>
			<trkpt lat="48.87565992772579" lon="2.911909958347678">
				<ele>99.0</ele>
				<time>2020-07-03T08:08:41</time>
			</trkpt>
			<trkpt lat="48.87608991935849" lon="2.91184994392097">
				<ele>98.0</ele>
				<time>2020-07-03T08:08:48</time>
			</trkpt>
			<trkpt lat="48.87625998817384" lon="2.911839969456196">
				<ele>97.0</ele>
				<time>2020-07-03T08:08:51</time>
			</trkpt>
			<trkpt lat="48.87636995874345" lon="2.911839969456196">
				<ele>97.0</ele>
				<time>2020-07-03T08:08:53</time>
			</trkpt>
			<trkpt lat="48.876479929313064" lon="2.911859918385744">
				<ele>97.0</ele>
				<time>2020-07-03T08:08:55</time>
			</trkpt>
			<trkpt lat="48.876589983701706" lon="2.911899983882904">
				<ele>97.0</ele>
				<time>2020-07-03T08:08:56</time>
			</trkpt>
			<trkpt lat="48.876739935949445" lon="2.9119599983096123">
				<ele>96.0</ele>
				<time>2020-07-03T08:08:59</time>
			</trkpt>
			<trkpt lat="48.87682995758951" lon="2.9119999799877405">
				<ele>96.0</ele>
				<time>2020-07-03T08:09:00</time>
			</trkpt>
			<trkpt lat="48.876869939267635" lon="2.9120299872010946">
				<ele>96.0</ele>
				<time>2020-07-03T08:09:01</time>
			</trkpt>
			<trkpt lat="48.876909920945764" lon="2.9120599944144487">
				<ele>96.0</ele>
				<time>2020-07-03T08:09:02</time>
			</trkpt>
			<trkpt lat="48.87689994648099" lon="2.912069968879223">
				<ele>96.0</ele>
				<time>2020-07-03T08:09:02</time>
			</trkpt>
			<trkpt lat="48.87689994648099" lon="2.912089917808771">
				<ele>96.0</ele>
				<time>2020-07-03T08:09:02</time>
			</trkpt>
			<trkpt lat="48.876909920945764" lon="2.9121199250221252">
				<ele>96.0</ele>
				<time>2020-07-03T08:09:03</time>
			</trkpt>
			<trkpt lat="48.87691997922957" lon="2.912129983305931">
				<ele>97.0</ele>
				<time>2020-07-03T08:09:03</time>
			</trkpt>
			<trkpt lat="48.87691997922957" lon="2.9121399577707052">
				<ele>97.0</ele>
				<time>2020-07-03T08:09:03</time>
			</trkpt>
			<trkpt lat="48.87693992815912" lon="2.9121499322354794">
				<ele>97.0</ele>
				<time>2020-07-03T08:09:03</time>
			</trkpt>
			<trkpt lat="48.87694998644292" lon="2.9122099466621876">
				<ele>97.0</ele>
				<time>2020-07-03T08:09:04</time>
			</trkpt>
			<trkpt lat="48.87694998644292" lon="2.9122399538755417">
				<ele>97.0</ele>
				<time>2020-07-03T08:09:04</time>
			</trkpt>
			<trkpt lat="48.87693992815912" lon="2.912359982728958">
				<ele>97.0</ele>
				<time>2020-07-03T08:09:05</time>
			</trkpt>
			<trkpt lat="48.876929953694344" lon="2.912679919973016">
				<ele>98.0</ele>
				<time>2020-07-03T08:09:09</time>
			</trkpt>
			<trkpt lat="48.87691997922957" lon="2.9128099232912064">
				<ele>98.0</ele>
				<time>2020-07-03T08:09:10</time>
			</trkpt>
			<trkpt lat="48.876909920945764" lon="2.9130699299275875">
				<ele>98.0</ele>
				<time>2020-07-03T08:09:13</time>
			</trkpt>
			<trkpt lat="48.876889972016215" lon="2.9133199620991945">
				<ele>98.0</ele>
				<time>2020-07-03T08:09:16</time>
			</trkpt>
			<trkpt lat="48.87687999755144" lon="2.9135699942708015">
				<ele>98.0</ele>
				<time>2020-07-03T08:09:18</time>
			</trkpt>
			<trkpt lat="48.87687999755144" lon="2.913699997588992">
				<ele>98.0</ele>
				<time>2020-07-03T08:09:20</time>
			</trkpt>
			<trkpt lat="48.87687999755144" lon="2.9137799609452486">
				<ele>98.0</ele>
				<time>2020-07-03T08:09:20</time>
			</trkpt>
			<trkpt lat="48.876889972016215" lon="2.913879957050085">
				<ele>98.0</ele>
				<time>2020-07-03T08:09:21</time>
			</trkpt>
			<trkpt lat="48.876929953694344" lon="2.914129989221692">
				<ele>98.0</ele>
				<time>2020-07-03T08:09:24</time>
			</trkpt>
			<trkpt lat="48.87702994979918" lon="2.9146599769592285">
				<ele>100.0</ele>
				<time>2020-07-03T08:09:30</time>
			</trkpt>
			<trkpt lat="48.87715995311737" lon="2.915409989655018">
				<ele>100.0</ele>
				<time>2020-07-03T08:09:38</time>
			</trkpt>
			<trkpt lat="48.87722994200885" lon="2.9157899413257837">
				<ele>100.0</ele>
				<time>2020-07-03T08:09:42</time>
			</trkpt>
			<trkpt lat="48.87726992368698" lon="2.9159799590706825">
				<ele>100.0</ele>
				<time>2020-07-03T08:09:44</time>
			</trkpt>
			<trkpt lat="48.87740998528898" lon="2.9166099429130554">
				<ele>101.0</ele>
				<time>2020-07-03T08:09:51</time>
			</trkpt>
			<trkpt lat="48.87754996307194" lon="2.9171999450773">
				<ele>102.0</ele>
				<time>2020-07-03T08:09:58</time>
			</trkpt>
			<trkpt lat="48.87773998081684" lon="2.918029921129346">
				<ele>103.0</ele>
				<time>2020-07-03T08:10:07</time>
			</trkpt>
			<trkpt lat="48.87811993248761" lon="2.919629942625761">
				<ele>106.0</ele>
				<time>2020-07-03T08:10:25</time>
			</trkpt>
			<trkpt lat="48.878199979662895" lon="2.9199599381536245">
				<ele>107.0</ele>
				<time>2020-07-03T08:10:29</time>
			</trkpt>
			<trkpt lat="48.87826996855438" lon="2.920309966430068">
				<ele>107.0</ele>
				<time>2020-07-03T08:10:33</time>
			</trkpt>
			<trkpt lat="48.87831992469728" lon="2.920489925891161">
				<ele>108.0</ele>
				<time>2020-07-03T08:10:35</time>
			</trkpt>
			<trkpt lat="48.87833995744586" lon="2.9205999802798033">
				<ele>108.0</ele>
				<time>2020-07-03T08:10:36</time>
			</trkpt>
			<trkpt lat="48.87850994244218" lon="2.9213199857622385">
				<ele>109.0</ele>
				<time>2020-07-03T08:10:44</time>
			</trkpt>
			<trkpt lat="48.87851991690695" lon="2.921379916369915">
				<ele>109.0</ele>
				<time>2020-07-03T08:10:45</time>
			</trkpt>
			<trkpt lat="48.87852997519076" lon="2.921459963545203">
				<ele>109.0</ele>
				<time>2020-07-03T08:10:46</time>
			</trkpt>
			<trkpt lat="48.87853994965553" lon="2.9215399269014597">
				<ele>109.0</ele>
				<time>2020-07-03T08:10:46</time>
			</trkpt>
			<trkpt lat="48.87854992412031" lon="2.9216099996119738">
				<ele>109.0</ele>
				<time>2020-07-03T08:10:47</time>
			</trkpt>
			<trkpt lat="48.87855998240411" lon="2.9216699302196503">
				<ele>109.0</ele>
				<time>2020-07-03T08:10:48</time>
			</trkpt>
			<trkpt lat="48.87856995686889" lon="2.9218999296426773">
				<ele>109.0</ele>
				<time>2020-07-03T08:10:50</time>
			</trkpt>
			<trkpt lat="48.87857993133366" lon="2.922089947387576">
				<ele>110.0</ele>
				<time>2020-07-03T08:10:52</time>
			</trkpt>
			<trkpt lat="48.87857993133366" lon="2.9223899357020855">
				<ele>111.0</ele>
				<time>2020-07-03T08:10:55</time>
			</trkpt>
			<trkpt lat="48.87858998961747" lon="2.9226299934089184">
				<ele>112.0</ele>
				<time>2020-07-03T08:10:58</time>
			</trkpt>
			<trkpt lat="48.87858998961747" lon="2.9227899201214314">
				<ele>112.0</ele>
				<time>2020-07-03T08:11:00</time>
			</trkpt>
			<trkpt lat="48.878609938547015" lon="2.9230299778282642">
				<ele>112.0</ele>
				<time>2020-07-03T08:11:02</time>
			</trkpt>
			<trkpt lat="48.87864992022514" lon="2.923389980569482">
				<ele>113.0</ele>
				<time>2020-07-03T08:11:06</time>
			</trkpt>
			<trkpt lat="48.87870993465185" lon="2.9239199683070183">
				<ele>113.0</ele>
				<time>2020-07-03T08:11:12</time>
			</trkpt>
			<trkpt lat="48.87885997071862" lon="2.9249299876391888">
				<ele>117.0</ele>
				<time>2020-07-03T08:11:23</time>
			</trkpt>
			<trkpt lat="48.87896994128823" lon="2.925909999758005">
				<ele>122.0</ele>
				<time>2020-07-03T08:11:33</time>
			</trkpt>
			<trkpt lat="48.87901998125017" lon="2.926259944215417">
				<ele>122.0</ele>
				<time>2020-07-03T08:11:37</time>
			</trkpt>
			<trkpt lat="48.87913992628455" lon="2.9270999785512686">
				<ele>123.0</ele>
				<time>2020-07-03T08:11:46</time>
			</trkpt>
			<trkpt lat="48.87917999178171" lon="2.927439948543906">
				<ele>124.0</ele>
				<time>2020-07-03T08:11:50</time>
			</trkpt>
			<trkpt lat="48.87927998788655" lon="2.928259950131178">
				<ele>125.0</ele>
				<time>2020-07-03T08:11:58</time>
			</trkpt>
			<trkpt lat="48.87938995845616" lon="2.92918992228806">
				<ele>127.0</ele>
				<time>2020-07-03T08:12:08</time>
			</trkpt>
			<trkpt lat="48.879489954560995" lon="2.9299599677324295">
				<ele>128.0</ele>
				<time>2020-07-03T08:12:17</time>
			</trkpt>
			<trkpt lat="48.87964996509254" lon="2.929869946092367">
				<ele>128.0</ele>
				<time>2020-07-03T08:12:19</time>
			</trkpt>
			<trkpt lat="48.88014994561672" lon="2.9296799283474684">
				<ele>126.0</ele>
				<time>2020-07-03T08:12:28</time>
			</trkpt>
			<trkpt lat="48.880369970574975" lon="2.9295899905264378">
				<ele>125.0</ele>
				<time>2020-07-03T08:12:31</time>
			</trkpt>
			<trkpt lat="48.880539955571294" lon="2.9295099433511496">
				<ele>124.0</ele>
				<time>2020-07-03T08:12:34</time>
			</trkpt>
			<trkpt lat="48.88075998052955" lon="2.929399972781539">
				<ele>124.0</ele>
				<time>2020-07-03T08:12:38</time>
			</trkpt>
			<trkpt lat="48.88104999437928" lon="2.9292399622499943">
				<ele>124.0</ele>
				<time>2020-07-03T08:12:43</time>
			</trkpt>
			<trkpt lat="48.881209921091795" lon="2.929159998893738">
				<ele>123.0</ele>
				<time>2020-07-03T08:12:45</time>
			</trkpt>
			<trkpt lat="48.88128996826708" lon="2.929119933396578">
				<ele>123.0</ele>
				<time>2020-07-03T08:12:47</time>
			</trkpt>
			<trkpt lat="48.881359957158566" lon="2.9290999844670296">
				<ele>122.0</ele>
				<time>2020-07-03T08:12:48</time>
			</trkpt>
			<trkpt lat="48.881399938836694" lon="2.9290899261832237">
				<ele>122.0</ele>
				<time>2020-07-03T08:12:48</time>
			</trkpt>
			<trkpt lat="48.881509993225336" lon="2.9290899261832237">
				<ele>122.0</ele>
				<time>2020-07-03T08:12:50</time>
			</trkpt>
			<trkpt lat="48.88155994936824" lon="2.9291099589318037">
				<ele>122.0</ele>
				<time>2020-07-03T08:12:51</time>
			</trkpt>
			<trkpt lat="48.88163999654353" lon="2.929139966145158">
				<ele>121.0</ele>
				<time>2020-07-03T08:12:52</time>
			</trkpt>
			<trkpt lat="48.88174996711314" lon="2.92922998778522">
				<ele>121.0</ele>
				<time>2020-07-03T08:12:54</time>
			</trkpt>
			<trkpt lat="48.88201994821429" lon="2.9294899944216013">
				<ele>120.0</ele>
				<time>2020-07-03T08:13:00</time>
			</trkpt>
			<trkpt lat="48.882079962641" lon="2.9295399505645037">
				<ele>120.0</ele>
				<time>2020-07-03T08:13:01</time>
			</trkpt>
			<trkpt lat="48.88216998428106" lon="2.929609939455986">
				<ele>120.0</ele>
				<time>2020-07-03T08:13:02</time>
			</trkpt>
			<trkpt lat="48.88219999149442" lon="2.929619997739792">
				<ele>120.0</ele>
				<time>2020-07-03T08:13:03</time>
			</trkpt>
			<trkpt lat="48.8823199365288" lon="2.9296699538826942">
				<ele>120.0</ele>
				<time>2020-07-03T08:13:05</time>
			</trkpt>
			<trkpt lat="48.882389925420284" lon="2.9296699538826942">
				<ele>120.0</ele>
				<time>2020-07-03T08:13:06</time>
			</trkpt>
			<trkpt lat="48.88263995759189" lon="2.92965997941792">
				<ele>120.0</ele>
				<time>2020-07-03T08:13:10</time>
			</trkpt>
			<trkpt lat="48.88267993927002" lon="2.92965997941792">
				<ele>120.0</ele>
				<time>2020-07-03T08:13:10</time>
			</trkpt>
			<trkpt lat="48.88275998644531" lon="2.9296799283474684">
				<ele>120.0</ele>
				<time>2020-07-03T08:13:12</time>
			</trkpt>
			<trkpt lat="48.882859982550144" lon="2.9297299683094025">
				<ele>120.0</ele>
				<time>2020-07-03T08:13:13</time>
			</trkpt>
			<trkpt lat="48.88314999639988" lon="2.9298999533057213">
				<ele>121.0</ele>
				<time>2020-07-03T08:13:18</time>
			</trkpt>
			<trkpt lat="48.88347999192774" lon="2.93008997105062">
				<ele>121.0</ele>
				<time>2020-07-03T08:13:24</time>
			</trkpt>
			<trkpt lat="48.883679984137416" lon="2.9302099999040365">
				<ele>122.0</ele>
				<time>2020-07-03T08:13:28</time>
			</trkpt>
			<trkpt lat="48.88386991806328" lon="2.9303699266165495">
				<ele>122.0</ele>
				<time>2020-07-03T08:13:31</time>
			</trkpt>
			<trkpt lat="48.88404996134341" lon="2.930549969896674">
				<ele>122.0</ele>
				<time>2020-07-03T08:13:34</time>
			</trkpt>
			<trkpt lat="48.88448992744088" lon="2.9310499504208565">
				<ele>123.0</ele>
				<time>2020-07-03T08:13:43</time>
			</trkpt>
			<trkpt lat="48.88474993407726" lon="2.9313199315220118">
				<ele>124.0</ele>
				<time>2020-07-03T08:13:48</time>
			</trkpt>
			<trkpt lat="48.88480994850397" lon="2.931369971483946">
				<ele>124.0</ele>
				<time>2020-07-03T08:13:49</time>
			</trkpt>
			<trkpt lat="48.8848499301821" lon="2.9313999786973">
				<ele>124.0</ele>
				<time>2020-07-03T08:13:50</time>
			</trkpt>
			<trkpt lat="48.88489997014403" lon="2.931429985910654">
				<ele>124.0</ele>
				<time>2020-07-03T08:13:51</time>
			</trkpt>
			<trkpt lat="48.88493995182216" lon="2.9314499348402023">
				<ele>124.0</ele>
				<time>2020-07-03T08:13:52</time>
			</trkpt>
			<trkpt lat="48.88497993350029" lon="2.931459993124008">
				<ele>125.0</ele>
				<time>2020-07-03T08:13:52</time>
			</trkpt>
			<trkpt lat="48.88506995514035" lon="2.9314699675887823">
				<ele>125.0</ele>
				<time>2020-07-03T08:13:54</time>
			</trkpt>
			<trkpt lat="48.88523994013667" lon="2.931439960375428">
				<ele>126.0</ele>
				<time>2020-07-03T08:13:56</time>
			</trkpt>
			<trkpt lat="48.885909989476204" lon="2.9312899243086576">
				<ele>132.0</ele>
				<time>2020-07-03T08:14:07</time>
			</trkpt>
			<trkpt lat="48.885959945619106" lon="2.9312799498438835">
				<ele>133.0</ele>
				<time>2020-07-03T08:14:08</time>
			</trkpt>
			<trkpt lat="48.88620997779071" lon="2.9312399681657553">
				<ele>135.0</ele>
				<time>2020-07-03T08:14:12</time>
			</trkpt>
			<trkpt lat="48.886559922248125" lon="2.9312199354171753">
				<ele>138.0</ele>
				<time>2020-07-03T08:14:18</time>
			</trkpt>
			<trkpt lat="48.88663996942341" lon="2.9312199354171753">
				<ele>138.0</ele>
				<time>2020-07-03T08:14:19</time>
			</trkpt>
			<trkpt lat="48.88671993277967" lon="2.9312199354171753">
				<ele>139.0</ele>
				<time>2020-07-03T08:14:20</time>
			</trkpt>
			<trkpt lat="48.88697993941605" lon="2.931189928203821">
				<ele>140.0</ele>
				<time>2020-07-03T08:14:24</time>
			</trkpt>
			<trkpt lat="48.88707993552089" lon="2.931159920990467">
				<ele>140.0</ele>
				<time>2020-07-03T08:14:26</time>
			</trkpt>
			<trkpt lat="48.88722997158766" lon="2.9310599248856306">
				<ele>141.0</ele>
				<time>2020-07-03T08:14:29</time>
			</trkpt>
			<trkpt lat="48.887269953265786" lon="2.9310299176722765">
				<ele>141.0</ele>
				<time>2020-07-03T08:14:29</time>
			</trkpt>
			<trkpt lat="48.8873899821192" lon="2.93092992156744">
				<ele>141.0</ele>
				<time>2020-07-03T08:14:32</time>
			</trkpt>
			<trkpt lat="48.88749995268881" lon="2.9308199509978294">
				<ele>141.0</ele>
				<time>2020-07-03T08:14:34</time>
			</trkpt>
			<trkpt lat="48.88763993047178" lon="2.930709980428219">
				<ele>142.0</ele>
				<time>2020-07-03T08:14:36</time>
			</trkpt>
			<trkpt lat="48.88768997043371" lon="2.9306699987500906">
				<ele>142.0</ele>
				<time>2020-07-03T08:14:37</time>
			</trkpt>
			<trkpt lat="48.887889962643385" lon="2.9305799771100283">
				<ele>142.0</ele>
				<time>2020-07-03T08:14:41</time>
			</trkpt>
			<trkpt lat="48.88804997317493" lon="2.9305599443614483">
				<ele>143.0</ele>
				<time>2020-07-03T08:14:43</time>
			</trkpt>
			<trkpt lat="48.88862991705537" lon="2.930549969896674">
				<ele>146.0</ele>
				<time>2020-07-03T08:14:52</time>
			</trkpt>
			<trkpt lat="48.888749945908785" lon="2.930549969896674">
				<ele>146.0</ele>
				<time>2020-07-03T08:14:54</time>
			</trkpt>
			<trkpt lat="48.8890599925071" lon="2.930549969896674">
				<ele>147.0</ele>
				<time>2020-07-03T08:14:59</time>
			</trkpt>
			<trkpt lat="48.889349922537804" lon="2.9305599443614483">
				<ele>147.0</ele>
				<time>2020-07-03T08:15:04</time>
			</trkpt>
			<trkpt lat="48.88966994360089" lon="2.9306599404662848">
				<ele>148.0</ele>
				<time>2020-07-03T08:15:09</time>
			</trkpt>
			<trkpt lat="48.88993992470205" lon="2.930769994854927">
				<ele>149.0</ele>
				<time>2020-07-03T08:15:14</time>
			</trkpt>
			<trkpt lat="48.89001997187734" lon="2.9307999182492495">
				<ele>150.0</ele>
				<time>2020-07-03T08:15:15</time>
			</trkpt>
			<trkpt lat="48.89009993523359" lon="2.9308399837464094">
				<ele>150.0</ele>
				<time>2020-07-03T08:15:16</time>
			</trkpt>
			<trkpt lat="48.89025994576514" lon="2.930919947102666">
				<ele>151.0</ele>
				<time>2020-07-03T08:15:19</time>
			</trkpt>
			<trkpt lat="48.89047997072339" lon="2.9310299176722765">
				<ele>151.0</ele>
				<time>2020-07-03T08:15:23</time>
			</trkpt>
			<trkpt lat="48.89065993018448" lon="2.931119939312339">
				<ele>151.0</ele>
				<time>2020-07-03T08:15:26</time>
			</trkpt>
			<trkpt lat="48.890769984573126" lon="2.931159920990467">
				<ele>151.0</ele>
				<time>2020-07-03T08:15:28</time>
			</trkpt>
			<trkpt lat="48.890829998999834" lon="2.931179953739047">
				<ele>152.0</ele>
				<time>2020-07-03T08:15:29</time>
			</trkpt>
			<trkpt lat="48.890879955142736" lon="2.931179953739047">
				<ele>152.0</ele>
				<time>2020-07-03T08:15:29</time>
			</trkpt>
			<trkpt lat="48.89095991849899" lon="2.931179953739047">
				<ele>152.0</ele>
				<time>2020-07-03T08:15:31</time>
			</trkpt>
			<trkpt lat="48.89098992571235" lon="2.931179953739047">
				<ele>152.0</ele>
				<time>2020-07-03T08:15:31</time>
			</trkpt>
			<trkpt lat="48.8910199329257" lon="2.931169979274273">
				<ele>152.0</ele>
				<time>2020-07-03T08:15:32</time>
			</trkpt>
			<trkpt lat="48.891069972887635" lon="2.931139972060919">
				<ele>152.0</ele>
				<time>2020-07-03T08:15:32</time>
			</trkpt>
			<trkpt lat="48.8911599945277" lon="2.9310799576342106">
				<ele>152.0</ele>
				<time>2020-07-03T08:15:34</time>
			</trkpt>
			<trkpt lat="48.89124993234873" lon="2.9309699870646">
				<ele>152.0</ele>
				<time>2020-07-03T08:15:36</time>
			</trkpt>
			<trkpt lat="48.89137993566692" lon="2.9308299254626036">
				<ele>151.0</ele>
				<time>2020-07-03T08:15:38</time>
			</trkpt>
			<trkpt lat="48.89140994288027" lon="2.9307999182492495">
				<ele>151.0</ele>
				<time>2020-07-03T08:15:39</time>
			</trkpt>
			<trkpt lat="48.89145998284221" lon="2.93092992156744">
				<ele>152.0</ele>
				<time>2020-07-03T08:15:41</time>
			</trkpt>
			<trkpt lat="48.89146995730698" lon="2.93094995431602">
				<ele>152.0</ele>
				<time>2020-07-03T08:15:41</time>
			</trkpt>
			<trkpt lat="48.89148999005556" lon="2.930959928780794">
				<ele>152.0</ele>
				<time>2020-07-03T08:15:41</time>
			</trkpt>
			<trkpt lat="48.891519997268915" lon="2.930979961529374">
				<ele>152.0</ele>
				<time>2020-07-03T08:15:42</time>
			</trkpt>
			<trkpt lat="48.89161999337375" lon="2.9310199432075024">
				<ele>152.0</ele>
				<time>2020-07-03T08:15:43</time>
			</trkpt>
			<trkpt lat="48.891519997268915" lon="2.930979961529374">
				<ele>152.0</ele>
				<time>2020-07-03T08:15:45</time>
			</trkpt>
			<trkpt lat="48.89148999005556" lon="2.930959928780794">
				<ele>152.0</ele>
				<time>2020-07-03T08:15:46</time>
			</trkpt>
			<trkpt lat="48.89146995730698" lon="2.93094995431602">
				<ele>152.0</ele>
				<time>2020-07-03T08:15:46</time>
			</trkpt>
			<trkpt lat="48.89145998284221" lon="2.93092992156744">
				<ele>152.0</ele>
				<time>2020-07-03T08:15:46</time>
			</trkpt>
			<trkpt lat="48.89140994288027" lon="2.9307999182492495">
				<ele>151.0</ele>
				<time>2020-07-03T08:15:48</time>
			</trkpt>
			<trkpt lat="48.89137993566692" lon="2.9308299254626036">
				<ele>151.0</ele>
				<time>2020-07-03T08:15:48</time>
			</trkpt>
			<trkpt lat="48.89124993234873" lon="2.9309699870646">
				<ele>152.0</ele>
				<time>2020-07-03T08:15:51</time>
			</trkpt>
			<trkpt lat="48.8911599945277" lon="2.9310799576342106">
				<ele>152.0</ele>
				<time>2020-07-03T08:15:53</time>
			</trkpt>
			<trkpt lat="48.891069972887635" lon="2.931139972060919">
				<ele>152.0</ele>
				<time>2020-07-03T08:15:54</time>
			</trkpt>
			<trkpt lat="48.8910199329257" lon="2.931169979274273">
				<ele>152.0</ele>
				<time>2020-07-03T08:15:55</time>
			</trkpt>
			<trkpt lat="48.89098992571235" lon="2.931179953739047">
				<ele>152.0</ele>
				<time>2020-07-03T08:15:56</time>
			</trkpt>
			<trkpt lat="48.89095991849899" lon="2.931179953739047">
				<ele>152.0</ele>
				<time>2020-07-03T08:15:56</time>
			</trkpt>
			<trkpt lat="48.890879955142736" lon="2.931179953739047">
				<ele>152.0</ele>
				<time>2020-07-03T08:15:57</time>
			</trkpt>
			<trkpt lat="48.890829998999834" lon="2.931179953739047">
				<ele>152.0</ele>
				<time>2020-07-03T08:15:58</time>
			</trkpt>
			<trkpt lat="48.890769984573126" lon="2.931159920990467">
				<ele>151.0</ele>
				<time>2020-07-03T08:15:59</time>
			</trkpt>
			<trkpt lat="48.89065993018448" lon="2.931119939312339">
				<ele>151.0</ele>
				<time>2020-07-03T08:16:01</time>
			</trkpt>
			<trkpt lat="48.89047997072339" lon="2.9310299176722765">
				<ele>151.0</ele>
				<time>2020-07-03T08:16:04</time>
			</trkpt>
			<trkpt lat="48.890359941869974" lon="2.9315399564802647">
				<ele>151.0</ele>
				<time>2020-07-03T08:16:10</time>
			</trkpt>
			<trkpt lat="48.890359941869974" lon="2.931549930945039">
				<ele>151.0</ele>
				<time>2020-07-03T08:16:10</time>
			</trkpt>
			<trkpt lat="48.89038994908333" lon="2.931599970906973">
				<ele>152.0</ele>
				<time>2020-07-03T08:16:11</time>
			</trkpt>
			<trkpt lat="48.89045993797481" lon="2.931659985333681">
				<ele>152.0</ele>
				<time>2020-07-03T08:16:12</time>
			</trkpt>
			<trkpt lat="48.89060997404158" lon="2.9317899886518717">
				<ele>152.0</ele>
				<time>2020-07-03T08:16:15</time>
			</trkpt>
			<trkpt lat="48.89107994735241" lon="2.9321699403226376">
				<ele>152.0</ele>
				<time>2020-07-03T08:16:23</time>
			</trkpt>
			<trkpt lat="48.89111992903054" lon="2.93227999471128">
				<ele>152.0</ele>
				<time>2020-07-03T08:16:24</time>
			</trkpt>
			<trkpt lat="48.89113996177912" lon="2.9323599580675364">
				<ele>152.0</ele>
				<time>2020-07-03T08:16:25</time>
			</trkpt>
			<trkpt lat="48.8911599945277" lon="2.932479986920953">
				<ele>152.0</ele>
				<time>2020-07-03T08:16:27</time>
			</trkpt>
			<trkpt lat="48.8911599945277" lon="2.932549975812435">
				<ele>152.0</ele>
				<time>2020-07-03T08:16:27</time>
			</trkpt>
			<trkpt lat="48.8911599945277" lon="2.9328099824488163">
				<ele>153.0</ele>
				<time>2020-07-03T08:16:30</time>
			</trkpt>
			<trkpt lat="48.89113996177912" lon="2.933179959654808">
				<ele>153.0</ele>
				<time>2020-07-03T08:16:34</time>
			</trkpt>
			<trkpt lat="48.89111992903054" lon="2.933349944651127">
				<ele>153.0</ele>
				<time>2020-07-03T08:16:36</time>
			</trkpt>
			<trkpt lat="48.8910199329257" lon="2.9342299606651068">
				<ele>152.0</ele>
				<time>2020-07-03T08:16:45</time>
			</trkpt>
			<trkpt lat="48.89100995846093" lon="2.934499941766262">
				<ele>152.0</ele>
				<time>2020-07-03T08:16:48</time>
			</trkpt>
			<trkpt lat="48.8910199329257" lon="2.934669926762581">
				<ele>152.0</ele>
				<time>2020-07-03T08:16:50</time>
			</trkpt>
			<trkpt lat="48.8912099506706" lon="2.934729941189289">
				<ele>152.0</ele>
				<time>2020-07-03T08:16:53</time>
			</trkpt>
			<trkpt lat="48.89135998673737" lon="2.9347699228674173">
				<ele>153.0</ele>
				<time>2020-07-03T08:16:55</time>
			</trkpt>
			<trkpt lat="48.89146995730698" lon="2.9347999300807714">
				<ele>153.0</ele>
				<time>2020-07-03T08:16:57</time>
			</trkpt>
			<trkpt lat="48.89153994619846" lon="2.9348199628293514">
				<ele>154.0</ele>
				<time>2020-07-03T08:16:58</time>
			</trkpt>
			<trkpt lat="48.891649916768074" lon="2.9348799772560596">
				<ele>154.0</ele>
				<time>2020-07-03T08:17:00</time>
			</trkpt>
			<trkpt lat="48.89172996394336" lon="2.934949966147542">
				<ele>154.0</ele>
				<time>2020-07-03T08:17:02</time>
			</trkpt>
			<trkpt lat="48.891779920086265" lon="2.9349999222904444">
				<ele>154.0</ele>
				<time>2020-07-03T08:17:03</time>
			</trkpt>
			<trkpt lat="48.89180992729962" lon="2.9350499622523785">
				<ele>154.0</ele>
				<time>2020-07-03T08:17:03</time>
			</trkpt>
			<trkpt lat="48.8918299600482" lon="2.9350899439305067">
				<ele>154.0</ele>
				<time>2020-07-03T08:17:04</time>
			</trkpt>
			<trkpt lat="48.89186994172633" lon="2.935149958357215">
				<ele>154.0</ele>
				<time>2020-07-03T08:17:05</time>
			</trkpt>
			<trkpt lat="48.89197999611497" lon="2.935169991105795">
				<ele>154.0</ele>
				<time>2020-07-03T08:17:07</time>
			</trkpt>
			<trkpt lat="48.892039926722646" lon="2.935189940035343">
				<ele>154.0</ele>
				<time>2020-07-03T08:17:08</time>
			</trkpt>
			<trkpt lat="48.89215995557606" lon="2.9352899361401796">
				<ele>154.0</ele>
				<time>2020-07-03T08:17:10</time>
			</trkpt>
			<trkpt lat="48.892229944467545" lon="2.935359925031662">
				<ele>154.0</ele>
				<time>2020-07-03T08:17:11</time>
			</trkpt>
			<trkpt lat="48.89230999164283" lon="2.9354599211364985">
				<ele>154.0</ele>
				<time>2020-07-03T08:17:13</time>
			</trkpt>
			<trkpt lat="48.89238995499909" lon="2.935609957203269">
				<ele>154.0</ele>
				<time>2020-07-03T08:17:15</time>
			</trkpt>
			<trkpt lat="48.89301993884146" lon="2.936929939314723">
				<ele>153.0</ele>
				<time>2020-07-03T08:17:32</time>
			</trkpt>
			<trkpt lat="48.893409948796034" lon="2.9377699736505747">
				<ele>154.0</ele>
				<time>2020-07-03T08:17:43</time>
			</trkpt>
			<trkpt lat="48.89350994490087" lon="2.9379699658602476">
				<ele>154.0</ele>
				<time>2020-07-03T08:17:45</time>
			</trkpt>
			<trkpt lat="48.89356995932758" lon="2.938089994713664">
				<ele>153.0</ele>
				<time>2020-07-03T08:17:47</time>
			</trkpt>
			<trkpt lat="48.893839940428734" lon="2.9386499896645546">
				<ele>153.0</ele>
				<time>2020-07-03T08:17:54</time>
			</trkpt>
			<trkpt lat="48.89401998370886" lon="2.938979985192418">
				<ele>153.0</ele>
				<time>2020-07-03T08:17:59</time>
			</trkpt>
			<trkpt lat="48.894209917634726" lon="2.9393099807202816">
				<ele>153.0</ele>
				<time>2020-07-03T08:18:03</time>
			</trkpt>
			<trkpt lat="48.89507995918393" lon="2.940459977835417">
				<ele>155.0</ele>
				<time>2020-07-03T08:18:22</time>
			</trkpt>
			<trkpt lat="48.895109966397285" lon="2.940499959513545">
				<ele>156.0</ele>
				<time>2020-07-03T08:18:23</time>
			</trkpt>
			<trkpt lat="48.89513997361064" lon="2.9405399411916733">
				<ele>156.0</ele>
				<time>2020-07-03T08:18:23</time>
			</trkpt>
			<trkpt lat="48.895389921963215" lon="2.9408399295061827">
				<ele>156.0</ele>
				<time>2020-07-03T08:18:28</time>
			</trkpt>
			<trkpt lat="48.89581999741495" lon="2.940549999475479">
				<ele>156.0</ele>
				<time>2020-07-03T08:18:36</time>
			</trkpt>
			<trkpt lat="48.89587992802262" lon="2.940499959513545">
				<ele>156.0</ele>
				<time>2020-07-03T08:18:37</time>
			</trkpt>
			<trkpt lat="48.89591999351978" lon="2.940709926187992">
				<ele>156.0</ele>
				<time>2020-07-03T08:18:39</time>
			</trkpt>
			<trkpt lat="48.89592996798456" lon="2.940759966149926">
				<ele>156.0</ele>
				<time>2020-07-03T08:18:40</time>
			</trkpt>
			<trkpt lat="48.89592996798456" lon="2.9408299550414085">
				<ele>156.0</ele>
				<time>2020-07-03T08:18:41</time>
			</trkpt>
			<trkpt lat="48.8958999607712" lon="2.941559934988618">
				<ele>157.0</ele>
				<time>2020-07-03T08:18:48</time>
			</trkpt>
			<trkpt lat="48.89587992802262" lon="2.941789934411645">
				<ele>157.0</ele>
				<time>2020-07-03T08:18:51</time>
			</trkpt>
			<trkpt lat="48.89576995745301" lon="2.942749997600913">
				<ele>158.0</ele>
				<time>2020-07-03T08:19:01</time>
			</trkpt>
			<trkpt lat="48.89574992470443" lon="2.9430899675935507">
				<ele>158.0</ele>
				<time>2020-07-03T08:19:05</time>
			</trkpt>
			<trkpt lat="48.89574992470443" lon="2.943349974229932">
				<ele>158.0</ele>
				<time>2020-07-03T08:19:07</time>
			</trkpt>
			<trkpt lat="48.89575998298824" lon="2.9435699991881847">
				<ele>157.0</ele>
				<time>2020-07-03T08:19:10</time>
			</trkpt>
			<trkpt lat="48.895839946344495" lon="2.9445399530231953">
				<ele>155.0</ele>
				<time>2020-07-03T08:19:20</time>
			</trkpt>
			<trkpt lat="48.89584992080927" lon="2.9446299746632576">
				<ele>155.0</ele>
				<time>2020-07-03T08:19:21</time>
			</trkpt>
			<trkpt lat="48.89593994244933" lon="2.945399936288595">
				<ele>155.0</ele>
				<time>2020-07-03T08:19:29</time>
			</trkpt>
			<trkpt lat="48.896029964089394" lon="2.946189930662513">
				<ele>156.0</ele>
				<time>2020-07-03T08:19:37</time>
			</trkpt>
			<trkpt lat="48.896079920232296" lon="2.946469970047474">
				<ele>156.0</ele>
				<time>2020-07-03T08:19:41</time>
			</trkpt>
			<trkpt lat="48.89612996019423" lon="2.9467699583619833">
				<ele>157.0</ele>
				<time>2020-07-03T08:19:44</time>
			</trkpt>
			<trkpt lat="48.89619994908571" lon="2.9470099322497845">
				<ele>158.0</ele>
				<time>2020-07-03T08:19:47</time>
			</trkpt>
			<trkpt lat="48.89624998904765" lon="2.9471799172461033">
				<ele>158.0</ele>
				<time>2020-07-03T08:19:49</time>
			</trkpt>
			<trkpt lat="48.89630991965532" lon="2.947369934991002">
				<ele>158.0</ele>
				<time>2020-07-03T08:19:51</time>
			</trkpt>
			<trkpt lat="48.8963299524039" lon="2.9474299494177103">
				<ele>159.0</ele>
				<time>2020-07-03T08:19:51</time>
			</trkpt>
			<trkpt lat="48.89635995961726" lon="2.947609992697835">
				<ele>159.0</ele>
				<time>2020-07-03T08:19:53</time>
			</trkpt>
			<trkpt lat="48.89636993408203" lon="2.947839992120862">
				<ele>159.0</ele>
				<time>2020-07-03T08:19:56</time>
			</trkpt>
			<trkpt lat="48.89636993408203" lon="2.948099998757243">
				<ele>159.0</ele>
				<time>2020-07-03T08:19:59</time>
			</trkpt>
			<trkpt lat="48.89634998515248" lon="2.948279958218336">
				<ele>159.0</ele>
				<time>2020-07-03T08:20:00</time>
			</trkpt>
			<trkpt lat="48.89630991965532" lon="2.948469975963235">
				<ele>158.0</ele>
				<time>2020-07-03T08:20:03</time>
			</trkpt>
			<trkpt lat="48.89625996351242" lon="2.9485899209976196">
				<ele>158.0</ele>
				<time>2020-07-03T08:20:04</time>
			</trkpt>
			<trkpt lat="48.896139934659004" lon="2.94873995706439">
				<ele>158.0</ele>
				<time>2020-07-03T08:20:07</time>
			</trkpt>
			<trkpt lat="48.895949916914105" lon="2.948969956487417">
				<ele>158.0</ele>
				<time>2020-07-03T08:20:10</time>
			</trkpt>
			<trkpt lat="48.895859979093075" lon="2.9490699525922537">
				<ele>158.0</ele>
				<time>2020-07-03T08:20:12</time>
			</trkpt>
			<trkpt lat="48.89577993191779" lon="2.94916994869709">
				<ele>158.0</ele>
				<time>2020-07-03T08:20:14</time>
			</trkpt>
			<trkpt lat="48.89571991749108" lon="2.949309926480055">
				<ele>158.0</ele>
				<time>2020-07-03T08:20:16</time>
			</trkpt>
			<trkpt lat="48.895689994096756" lon="2.9494499880820513">
				<ele>158.0</ele>
				<time>2020-07-03T08:20:17</time>
			</trkpt>
			<trkpt lat="48.89563995413482" lon="2.9501399863511324">
				<ele>159.0</ele>
				<time>2020-07-03T08:20:25</time>
			</trkpt>
			<trkpt lat="48.89562997967005" lon="2.9501799680292606">
				<ele>159.0</ele>
				<time>2020-07-03T08:20:25</time>
			</trkpt>
			<trkpt lat="48.89552998356521" lon="2.9506299924105406">
				<ele>159.0</ele>
				<time>2020-07-03T08:20:30</time>
			</trkpt>
			<trkpt lat="48.89550995081663" lon="2.9507899191230536">
				<ele>159.0</ele>
				<time>2020-07-03T08:20:32</time>
			</trkpt>
			<trkpt lat="48.8954699691385" lon="2.9510299768298864">
				<ele>159.0</ele>
				<time>2020-07-03T08:20:34</time>
			</trkpt>
			<trkpt lat="48.89545999467373" lon="2.9512199945747852">
				<ele>159.0</ele>
				<time>2020-07-03T08:20:36</time>
			</trkpt>
			<trkpt lat="48.89547994360328" lon="2.951599946245551">
				<ele>159.0</ele>
				<time>2020-07-03T08:20:40</time>
			</trkpt>
			<trkpt lat="48.895539958029985" lon="2.9521299339830875">
				<ele>160.0</ele>
				<time>2020-07-03T08:20:46</time>
			</trkpt>
			<trkpt lat="48.895539958029985" lon="2.9521899484097958">
				<ele>160.0</ele>
				<time>2020-07-03T08:20:47</time>
			</trkpt>
			<trkpt lat="48.89556996524334" lon="2.9523999989032745">
				<ele>160.0</ele>
				<time>2020-07-03T08:20:49</time>
			</trkpt>
			<trkpt lat="48.8958999607712" lon="2.952279970049858">
				<ele>160.0</ele>
				<time>2020-07-03T08:20:54</time>
			</trkpt>
			<trkpt lat="48.896009931340814" lon="2.95223998837173">
				<ele>160.0</ele>
				<time>2020-07-03T08:20:56</time>
			</trkpt>
			<trkpt lat="48.89621998183429" lon="2.95221995562315">
				<ele>159.0</ele>
				<time>2020-07-03T08:20:59</time>
			</trkpt>
			<trkpt lat="48.89636993408203" lon="2.9522099811583757">
				<ele>159.0</ele>
				<time>2020-07-03T08:21:02</time>
			</trkpt>
			<trkpt lat="48.89655995182693" lon="2.9522099811583757">
				<ele>159.0</ele>
				<time>2020-07-03T08:21:05</time>
			</trkpt>
			<trkpt lat="48.89687997289002" lon="2.95221995562315">
				<ele>158.0</ele>
				<time>2020-07-03T08:21:10</time>
			</trkpt>
			<trkpt lat="48.897169986739755" lon="2.95221995562315">
				<ele>157.0</ele>
				<time>2020-07-03T08:21:15</time>
			</trkpt>
			<trkpt lat="48.897389927878976" lon="2.9521799739450216">
				<ele>156.0</ele>
				<time>2020-07-03T08:21:18</time>
			</trkpt>
			<trkpt lat="48.89747994951904" lon="2.9521799739450216">
				<ele>156.0</ele>
				<time>2020-07-03T08:21:20</time>
			</trkpt>
			<trkpt lat="48.89763996005058" lon="2.95221995562315">
				<ele>156.0</ele>
				<time>2020-07-03T08:21:22</time>
			</trkpt>
			<trkpt lat="48.897689916193485" lon="2.952249962836504">
				<ele>155.0</ele>
				<time>2020-07-03T08:21:23</time>
			</trkpt>
			<trkpt lat="48.89774993062019" lon="2.9522899445146322">
				<ele>155.0</ele>
				<time>2020-07-03T08:21:24</time>
			</trkpt>
			<trkpt lat="48.89779997058213" lon="2.9523199517279863">
				<ele>155.0</ele>
				<time>2020-07-03T08:21:25</time>
			</trkpt>
			<trkpt lat="48.897859985008836" lon="2.9523899406194687">
				<ele>155.0</ele>
				<time>2020-07-03T08:21:26</time>
			</trkpt>
			<trkpt lat="48.898029970005155" lon="2.952659921720624">
				<ele>155.0</ele>
				<time>2020-07-03T08:21:30</time>
			</trkpt>
			<trkpt lat="48.89808998443186" lon="2.9527499433606863">
				<ele>155.0</ele>
				<time>2020-07-03T08:21:32</time>
			</trkpt>
			<trkpt lat="48.89814999885857" lon="2.9527999833226204">
				<ele>155.0</ele>
				<time>2020-07-03T08:21:33</time>
			</trkpt>
			<trkpt lat="48.89820992946625" lon="2.9528599977493286">
				<ele>155.0</ele>
				<time>2020-07-03T08:21:34</time>
			</trkpt>
			<trkpt lat="48.89840992167592" lon="2.9529899172484875">
				<ele>154.0</ele>
				<time>2020-07-03T08:21:37</time>
			</trkpt>
			<trkpt lat="48.89850991778076" lon="2.9530699644237757">
				<ele>154.0</ele>
				<time>2020-07-03T08:21:39</time>
			</trkpt>
			<trkpt lat="48.89859993942082" lon="2.953149927780032">
				<ele>154.0</ele>
				<time>2020-07-03T08:21:41</time>
			</trkpt>
			<trkpt lat="48.89870999380946" lon="2.953339945524931">
				<ele>154.0</ele>
				<time>2020-07-03T08:21:43</time>
			</trkpt>
			<trkpt lat="48.898849971592426" lon="2.953599952161312">
				<ele>153.0</ele>
				<time>2020-07-03T08:21:47</time>
			</trkpt>
			<trkpt lat="48.89910997822881" lon="2.954019969329238">
				<ele>153.0</ele>
				<time>2020-07-03T08:21:53</time>
			</trkpt>
			<trkpt lat="48.89915993437171" lon="2.954079983755946">
				<ele>152.0</ele>
				<time>2020-07-03T08:21:54</time>
			</trkpt>
			<trkpt lat="48.899209974333644" lon="2.9541199654340744">
				<ele>152.0</ele>
				<time>2020-07-03T08:21:55</time>
			</trkpt>
			<trkpt lat="48.899259930476546" lon="2.9541699215769768">
				<ele>152.0</ele>
				<time>2020-07-03T08:21:56</time>
			</trkpt>
			<trkpt lat="48.89932991936803" lon="2.954199928790331">
				<ele>152.0</ele>
				<time>2020-07-03T08:21:57</time>
			</trkpt>
			<trkpt lat="48.8994299992919" lon="2.954239994287491">
				<ele>151.0</ele>
				<time>2020-07-03T08:21:59</time>
			</trkpt>
			<trkpt lat="48.89954994432628" lon="2.954289950430393">
				<ele>151.0</ele>
				<time>2020-07-03T08:22:01</time>
			</trkpt>
			<trkpt lat="48.89967994764447" lon="2.9543399903923273">
				<ele>151.0</ele>
				<time>2020-07-03T08:22:03</time>
			</trkpt>
			<trkpt lat="48.89973996207118" lon="2.9543899465352297">
				<ele>151.0</ele>
				<time>2020-07-03T08:22:04</time>
			</trkpt>
			<trkpt lat="48.89979997649789" lon="2.9544399864971638">
				<ele>151.0</ele>
				<time>2020-07-03T08:22:05</time>
			</trkpt>
			<trkpt lat="48.8998599909246" lon="2.9544999171048403">
				<ele>151.0</ele>
				<time>2020-07-03T08:22:06</time>
			</trkpt>
			<trkpt lat="48.89993995428085" lon="2.954649953171611">
				<ele>151.0</ele>
				<time>2020-07-03T08:22:08</time>
			</trkpt>
			<trkpt lat="48.90001991763711" lon="2.9548299964517355">
				<ele>151.0</ele>
				<time>2020-07-03T08:22:11</time>
			</trkpt>
			<trkpt lat="48.90027992427349" lon="2.955769943073392">
				<ele>149.0</ele>
				<time>2020-07-03T08:22:21</time>
			</trkpt>
			<trkpt lat="48.90040992759168" lon="2.9562699235975742">
				<ele>148.0</ele>
				<time>2020-07-03T08:22:27</time>
			</trkpt>
			<trkpt lat="48.90048997476697" lon="2.9565699957311153">
				<ele>148.0</ele>
				<time>2020-07-03T08:22:30</time>
			</trkpt>
			<trkpt lat="48.900609919801354" lon="2.9569599218666553">
				<ele>148.0</ele>
				<time>2020-07-03T08:22:35</time>
			</trkpt>
			<trkpt lat="48.900629952549934" lon="2.9570099618285894">
				<ele>148.0</ele>
				<time>2020-07-03T08:22:35</time>
			</trkpt>
			<trkpt lat="48.900759955868125" lon="2.957369964569807">
				<ele>147.0</ele>
				<time>2020-07-03T08:22:40</time>
			</trkpt>
			<trkpt lat="48.9009599480778" lon="2.957779923453927">
				<ele>146.0</ele>
				<time>2020-07-03T08:22:45</time>
			</trkpt>
			<trkpt lat="48.901019962504506" lon="2.9579099267721176">
				<ele>145.0</ele>
				<time>2020-07-03T08:22:47</time>
			</trkpt>
			<trkpt lat="48.901039995253086" lon="2.9579499922692776">
				<ele>145.0</ele>
				<time>2020-07-03T08:22:47</time>
			</trkpt>
			<trkpt lat="48.901059944182634" lon="2.95799994841218">
				<ele>145.0</ele>
				<time>2020-07-03T08:22:48</time>
			</trkpt>
			<trkpt lat="48.9011499658227" lon="2.958239922299981">
				<ele>144.0</ele>
				<time>2020-07-03T08:22:51</time>
			</trkpt>
			<trkpt lat="48.90122992917895" lon="2.9585299361497164">
				<ele>144.0</ele>
				<time>2020-07-03T08:22:54</time>
			</trkpt>
			<trkpt lat="48.901359932497144" lon="2.959079956635833">
				<ele>144.0</ele>
				<time>2020-07-03T08:23:00</time>
			</trkpt>
			<trkpt lat="48.90145992860198" lon="2.9595099482685328">
				<ele>145.0</ele>
				<time>2020-07-03T08:23:05</time>
			</trkpt>
			<trkpt lat="48.90155992470682" lon="2.960039936006069">
				<ele>146.0</ele>
				<time>2020-07-03T08:23:11</time>
			</trkpt>
			<trkpt lat="48.90159999020398" lon="2.9601699393242598">
				<ele>146.0</ele>
				<time>2020-07-03T08:23:12</time>
			</trkpt>
			<trkpt lat="48.901619939133525" lon="2.960279993712902">
				<ele>146.0</ele>
				<time>2020-07-03T08:23:14</time>
			</trkpt>
			<trkpt lat="48.90165992081165" lon="2.960279993712902">
				<ele>147.0</ele>
				<time>2020-07-03T08:23:14</time>
			</trkpt>
			<trkpt lat="48.90172999352217" lon="2.960289968177676">
				<ele>147.0</ele>
				<time>2020-07-03T08:23:15</time>
			</trkpt>
			<trkpt lat="48.9024499990046" lon="2.960399938747287">
				<ele>150.0</ele>
				<time>2020-07-03T08:23:27</time>
			</trkpt>
			<trkpt lat="48.90315994620323" lon="2.9605299420654774">
				<ele>153.0</ele>
				<time>2020-07-03T08:23:38</time>
			</trkpt>
			<trkpt lat="48.903809962794185" lon="2.960649970918894">
				<ele>155.0</ele>
				<time>2020-07-03T08:23:49</time>
			</trkpt>
			<trkpt lat="48.9044099394232" lon="2.9607599414885044">
				<ele>157.0</ele>
				<time>2020-07-03T08:23:59</time>
			</trkpt>
			<trkpt lat="48.90581994317472" lon="2.9610099736601114">
				<ele>161.0</ele>
				<time>2020-07-03T08:24:21</time>
			</trkpt>
			<trkpt lat="48.905919939279556" lon="2.9610299225896597">
				<ele>161.0</ele>
				<time>2020-07-03T08:24:23</time>
			</trkpt>
			<trkpt lat="48.906409945338964" lon="2.961129918694496">
				<ele>163.0</ele>
				<time>2020-07-03T08:24:31</time>
			</trkpt>
			<trkpt lat="48.90689995139837" lon="2.9612799547612667">
				<ele>165.0</ele>
				<time>2020-07-03T08:24:39</time>
			</trkpt>
			<trkpt lat="48.90705996192992" lon="2.961349943652749">
				<ele>166.0</ele>
				<time>2020-07-03T08:24:42</time>
			</trkpt>
			<trkpt lat="48.907529935240746" lon="2.9616399575024843">
				<ele>167.0</ele>
				<time>2020-07-03T08:24:50</time>
			</trkpt>
			<trkpt lat="48.907589949667454" lon="2.9616699647158384">
				<ele>167.0</ele>
				<time>2020-07-03T08:24:51</time>
			</trkpt>
			<trkpt lat="48.90780997462571" lon="2.961769960820675">
				<ele>168.0</ele>
				<time>2020-07-03T08:24:54</time>
			</trkpt>
			<trkpt lat="48.90787996351719" lon="2.961799968034029">
				<ele>168.0</ele>
				<time>2020-07-03T08:24:56</time>
			</trkpt>
			<trkpt lat="48.9079899340868" lon="2.961829975247383">
				<ele>168.0</ele>
				<time>2020-07-03T08:24:57</time>
			</trkpt>
			<trkpt lat="48.908039974048734" lon="2.9618499241769314">
				<ele>168.0</ele>
				<time>2020-07-03T08:24:58</time>
			</trkpt>
			<trkpt lat="48.908599968999624" lon="2.9619399458169937">
				<ele>168.0</ele>
				<time>2020-07-03T08:25:07</time>
			</trkpt>
			<trkpt lat="48.90888998284936" lon="2.961989985778928">
				<ele>167.0</ele>
				<time>2020-07-03T08:25:12</time>
			</trkpt>
			<trkpt lat="48.90906994231045" lon="2.962019992992282">
				<ele>167.0</ele>
				<time>2020-07-03T08:25:15</time>
			</trkpt>
			<trkpt lat="48.90929994173348" lon="2.9620799235999584">
				<ele>167.0</ele>
				<time>2020-07-03T08:25:18</time>
			</trkpt>
			<trkpt lat="48.90976999886334" lon="2.962279999628663">
				<ele>167.0</ele>
				<time>2020-07-03T08:25:26</time>
			</trkpt>
			<trkpt lat="48.91040995717049" lon="2.96250999905169">
				<ele>167.0</ele>
				<time>2020-07-03T08:25:37</time>
			</trkpt>
			<trkpt lat="48.91060994938016" lon="2.9625499807298183">
				<ele>168.0</ele>
				<time>2020-07-03T08:25:40</time>
			</trkpt>
			<trkpt lat="48.91082997433841" lon="2.9625299479812384">
				<ele>169.0</ele>
				<time>2020-07-03T08:25:44</time>
			</trkpt>
			<trkpt lat="48.91111998818815" lon="2.962459959089756">
				<ele>169.0</ele>
				<time>2020-07-03T08:25:48</time>
			</trkpt>
			<trkpt lat="48.91129994764924" lon="2.9624199774116278">
				<ele>169.0</ele>
				<time>2020-07-03T08:25:51</time>
			</trkpt>
			<trkpt lat="48.911309922114015" lon="2.9624199774116278">
				<ele>169.0</ele>
				<time>2020-07-03T08:25:51</time>
			</trkpt>
			<trkpt lat="48.91135996207595" lon="2.962399944663048">
				<ele>169.0</ele>
				<time>2020-07-03T08:25:52</time>
			</trkpt>
			<trkpt lat="48.91140991821885" lon="2.9623899701982737">
				<ele>169.0</ele>
				<time>2020-07-03T08:25:53</time>
			</trkpt>
			<trkpt lat="48.91142995096743" lon="2.9623799957334995">
				<ele>169.0</ele>
				<time>2020-07-03T08:25:53</time>
			</trkpt>
			<trkpt lat="48.911589961498976" lon="2.9623399302363396">
				<ele>169.0</ele>
				<time>2020-07-03T08:25:56</time>
			</trkpt>
			<trkpt lat="48.91191995702684" lon="2.962239934131503">
				<ele>169.0</ele>
				<time>2020-07-03T08:26:01</time>
			</trkpt>
			<trkpt lat="48.91227995976806" lon="2.9621299635618925">
				<ele>167.0</ele>
				<time>2020-07-03T08:26:07</time>
			</trkpt>
			<trkpt lat="48.912919918075204" lon="2.9619599785655737">
				<ele>165.0</ele>
				<time>2020-07-03T08:26:18</time>
			</trkpt>
			<trkpt lat="48.91311999410391" lon="2.9619599785655737">
				<ele>165.0</ele>
				<time>2020-07-03T08:26:21</time>
			</trkpt>
			<trkpt lat="48.913179924711585" lon="2.961969953030348">
				<ele>165.0</ele>
				<time>2020-07-03T08:26:22</time>
			</trkpt>
			<trkpt lat="48.91323993913829" lon="2.961989985778928">
				<ele>165.0</ele>
				<time>2020-07-03T08:26:23</time>
			</trkpt>
			<trkpt lat="48.913299953565" lon="2.962029967457056">
				<ele>165.0</ele>
				<time>2020-07-03T08:26:24</time>
			</trkpt>
			<trkpt lat="48.913299953565" lon="2.96203994192183">
				<ele>165.0</ele>
				<time>2020-07-03T08:26:24</time>
			</trkpt>
			<trkpt lat="48.91335996799171" lon="2.9620999563485384">
				<ele>165.0</ele>
				<time>2020-07-03T08:26:25</time>
			</trkpt>
			<trkpt lat="48.91344998963177" lon="2.962199952453375">
				<ele>165.0</ele>
				<time>2020-07-03T08:26:27</time>
			</trkpt>
			<trkpt lat="48.9134899713099" lon="2.962259966880083">
				<ele>165.0</ele>
				<time>2020-07-03T08:26:28</time>
			</trkpt>
			<trkpt lat="48.91350992023945" lon="2.9622999485582113">
				<ele>165.0</ele>
				<time>2020-07-03T08:26:28</time>
			</trkpt>
			<trkpt lat="48.91350992023945" lon="2.9623099230229855">
				<ele>165.0</ele>
				<time>2020-07-03T08:26:28</time>
			</trkpt>
			<trkpt lat="48.9135399274528" lon="2.9623899701982737">
				<ele>165.0</ele>
				<time>2020-07-03T08:26:29</time>
			</trkpt>
			<trkpt lat="48.91355996020138" lon="2.96248996630311">
				<ele>165.0</ele>
				<time>2020-07-03T08:26:30</time>
			</trkpt>
			<trkpt lat="48.91370999626815" lon="2.963399989530444">
				<ele>163.0</ele>
				<time>2020-07-03T08:26:40</time>
			</trkpt>
			<trkpt lat="48.91393999569118" lon="2.964899931102991">
				<ele>166.0</ele>
				<time>2020-07-03T08:26:57</time>
			</trkpt>
			<trkpt lat="48.91397997736931" lon="2.9650699999183416">
				<ele>166.0</ele>
				<time>2020-07-03T08:26:58</time>
			</trkpt>
			<trkpt lat="48.91404996626079" lon="2.9651799704879522">
				<ele>167.0</ele>
				<time>2020-07-03T08:27:00</time>
			</trkpt>
			<trkpt lat="48.914079973474145" lon="2.9652399849146605">
				<ele>167.0</ele>
				<time>2020-07-03T08:27:01</time>
			</trkpt>
			<trkpt lat="48.91414996236563" lon="2.965329922735691">
				<ele>167.0</ele>
				<time>2020-07-03T08:27:02</time>
			</trkpt>
			<trkpt lat="48.91487994231284" lon="2.9660799354314804">
				<ele>168.0</ele>
				<time>2020-07-03T08:27:16</time>
			</trkpt>
			<trkpt lat="48.91509996727109" lon="2.9662799276411533">
				<ele>168.0</ele>
				<time>2020-07-03T08:27:21</time>
			</trkpt>
			<trkpt lat="48.915199963375926" lon="2.9663599748164415">
				<ele>168.0</ele>
				<time>2020-07-03T08:27:22</time>
			</trkpt>
			<trkpt lat="48.91530993394554" lon="2.966439938172698">
				<ele>167.0</ele>
				<time>2020-07-03T08:27:24</time>
			</trkpt>
			<trkpt lat="48.91552995890379" lon="2.9665499925613403">
				<ele>166.0</ele>
				<time>2020-07-03T08:27:28</time>
			</trkpt>
			<trkpt lat="48.91651994548738" lon="2.9670099914073944">
				<ele>164.0</ele>
				<time>2020-07-03T08:27:45</time>
			</trkpt>
			<trkpt lat="48.91842992976308" lon="2.9678999818861485">
				<ele>159.0</ele>
				<time>2020-07-03T08:28:17</time>
			</trkpt>
			<trkpt lat="48.91875992529094" lon="2.9680499341338873">
				<ele>158.0</ele>
				<time>2020-07-03T08:28:22</time>
			</trkpt>
			<trkpt lat="48.91909997910261" lon="2.968199970200658">
				<ele>157.0</ele>
				<time>2020-07-03T08:28:28</time>
			</trkpt>
			<trkpt lat="48.91934992745519" lon="2.9683199990540743">
				<ele>156.0</ele>
				<time>2020-07-03T08:28:32</time>
			</trkpt>
			<trkpt lat="48.91947993077338" lon="2.9683999624103308">
				<ele>155.0</ele>
				<time>2020-07-03T08:28:34</time>
			</trkpt>
			<trkpt lat="48.91964999958873" lon="2.9684999585151672">
				<ele>154.0</ele>
				<time>2020-07-03T08:28:37</time>
			</trkpt>
			<trkpt lat="48.919969936832786" lon="2.9687499906867743">
				<ele>153.0</ele>
				<time>2020-07-03T08:28:43</time>
			</trkpt>
			<trkpt lat="48.919989969581366" lon="2.9687599651515484">
				<ele>153.0</ele>
				<time>2020-07-03T08:28:43</time>
			</trkpt>
			<trkpt lat="48.92016992904246" lon="2.968949982896447">
				<ele>153.0</ele>
				<time>2020-07-03T08:28:47</time>
			</trkpt>
			<trkpt lat="48.92034997232258" lon="2.96914997510612">
				<ele>152.0</ele>
				<time>2020-07-03T08:28:50</time>
			</trkpt>
			<trkpt lat="48.92050998285413" lon="2.969379974529147">
				<ele>152.0</ele>
				<time>2020-07-03T08:28:54</time>
			</trkpt>
			<trkpt lat="48.92053999006748" lon="2.9694399889558554">
				<ele>152.0</ele>
				<time>2020-07-03T08:28:55</time>
			</trkpt>
			<trkpt lat="48.920589946210384" lon="2.969529926776886">
				<ele>152.0</ele>
				<time>2020-07-03T08:28:56</time>
			</trkpt>
			<trkpt lat="48.920609978958964" lon="2.96955993399024">
				<ele>152.0</ele>
				<time>2020-07-03T08:28:56</time>
			</trkpt>
			<trkpt lat="48.92072992399335" lon="2.9696899373084307">
				<ele>152.0</ele>
				<time>2020-07-03T08:28:59</time>
			</trkpt>
			<trkpt lat="48.92076998949051" lon="2.969729918986559">
				<ele>152.0</ele>
				<time>2020-07-03T08:28:59</time>
			</trkpt>
			<trkpt lat="48.92081994563341" lon="2.969749951735139">
				<ele>152.0</ele>
				<time>2020-07-03T08:29:00</time>
			</trkpt>
			<trkpt lat="48.920849952846766" lon="2.9698799550533295">
				<ele>152.0</ele>
				<time>2020-07-03T08:29:02</time>
			</trkpt>
			<trkpt lat="48.92085992731154" lon="2.9699199367314577">
				<ele>152.0</ele>
				<time>2020-07-03T08:29:02</time>
			</trkpt>
			<trkpt lat="48.921039970591664" lon="2.9703499283641577">
				<ele>153.0</ele>
				<time>2020-07-03T08:29:07</time>
			</trkpt>
			<trkpt lat="48.92108992673457" lon="2.9704799316823483">
				<ele>154.0</ele>
				<time>2020-07-03T08:29:09</time>
			</trkpt>
			<trkpt lat="48.92105991952121" lon="2.9707299638539553">
				<ele>155.0</ele>
				<time>2020-07-03T08:29:12</time>
			</trkpt>
			<trkpt lat="48.92105991952121" lon="2.9714899510145187">
				<ele>158.0</ele>
				<time>2020-07-03T08:29:20</time>
			</trkpt>
			<trkpt lat="48.92108992673457" lon="2.971929917111993">
				<ele>158.0</ele>
				<time>2020-07-03T08:29:24</time>
			</trkpt>
			<trkpt lat="48.921169973909855" lon="2.972469963133335">
				<ele>157.0</ele>
				<time>2020-07-03T08:29:30</time>
			</trkpt>
			<trkpt lat="48.92126997001469" lon="2.9730499908328056">
				<ele>155.0</ele>
				<time>2020-07-03T08:29:37</time>
			</trkpt>
			<trkpt lat="48.92138999886811" lon="2.973839985206723">
				<ele>153.0</ele>
				<time>2020-07-03T08:29:45</time>
			</trkpt>
			<trkpt lat="48.92139997333288" lon="2.9739399813115597">
				<ele>152.0</ele>
				<time>2020-07-03T08:29:46</time>
			</trkpt>
			<trkpt lat="48.921429980546236" lon="2.974189929664135">
				<ele>151.0</ele>
				<time>2020-07-03T08:29:49</time>
			</trkpt>
			<trkpt lat="48.92145998775959" lon="2.974659986793995">
				<ele>150.0</ele>
				<time>2020-07-03T08:29:54</time>
			</trkpt>
			<trkpt lat="48.921489994972944" lon="2.974869953468442">
				<ele>149.0</ele>
				<time>2020-07-03T08:29:56</time>
			</trkpt>
			<trkpt lat="48.92151991836727" lon="2.9749999567866325">
				<ele>148.0</ele>
				<time>2020-07-03T08:29:57</time>
			</trkpt>
			<trkpt lat="48.92154992558062" lon="2.9751999489963055">
				<ele>148.0</ele>
				<time>2020-07-03T08:30:00</time>
			</trkpt>
			<trkpt lat="48.92154992558062" lon="2.9752599634230137">
				<ele>147.0</ele>
				<time>2020-07-03T08:30:00</time>
			</trkpt>
			<trkpt lat="48.921599965542555" lon="2.9754099994897842">
				<ele>146.0</ele>
				<time>2020-07-03T08:30:02</time>
			</trkpt>
			<trkpt lat="48.92162997275591" lon="2.975499937310815">
				<ele>146.0</ele>
				<time>2020-07-03T08:30:03</time>
			</trkpt>
			<trkpt lat="48.921709936112165" lon="2.9757399950176477">
				<ele>145.0</ele>
				<time>2020-07-03T08:30:06</time>
			</trkpt>
			<trkpt lat="48.92173994332552" lon="2.9758699983358383">
				<ele>144.0</ele>
				<time>2020-07-03T08:30:07</time>
			</trkpt>
			<trkpt lat="48.9217599760741" lon="2.9760299250483513">
				<ele>143.0</ele>
				<time>2020-07-03T08:30:09</time>
			</trkpt>
			<trkpt lat="48.9217599760741" lon="2.976159928366542">
				<ele>142.0</ele>
				<time>2020-07-03T08:30:10</time>
			</trkpt>
			<trkpt lat="48.921749917790294" lon="2.9762599244713783">
				<ele>142.0</ele>
				<time>2020-07-03T08:30:12</time>
			</trkpt>
			<trkpt lat="48.921729968860745" lon="2.9763399716466665">
				<ele>142.0</ele>
				<time>2020-07-03T08:30:12</time>
			</trkpt>
			<trkpt lat="48.92168998718262" lon="2.9764799494296312">
				<ele>141.0</ele>
				<time>2020-07-03T08:30:14</time>
			</trkpt>
			<trkpt lat="48.92147993668914" lon="2.9770099371671677">
				<ele>141.0</ele>
				<time>2020-07-03T08:30:21</time>
			</trkpt>
			<trkpt lat="48.92136996611953" lon="2.977269943803549">
				<ele>141.0</ele>
				<time>2020-07-03T08:30:24</time>
			</trkpt>
			<trkpt lat="48.92105991952121" lon="2.97795994207263">
				<ele>140.0</ele>
				<time>2020-07-03T08:30:33</time>
			</trkpt>
			<trkpt lat="48.92096998170018" lon="2.978159934282303">
				<ele>140.0</ele>
				<time>2020-07-03T08:30:35</time>
			</trkpt>
			<trkpt lat="48.92079999670386" lon="2.9785199370235205">
				<ele>140.0</ele>
				<time>2020-07-03T08:30:40</time>
			</trkpt>
			<trkpt lat="48.920719949528575" lon="2.978679947555065">
				<ele>141.0</ele>
				<time>2020-07-03T08:30:42</time>
			</trkpt>
			<trkpt lat="48.92036992125213" lon="2.979129971936345">
				<ele>141.0</ele>
				<time>2020-07-03T08:30:49</time>
			</trkpt>
			<trkpt lat="48.92025995068252" lon="2.9792399425059557">
				<ele>141.0</ele>
				<time>2020-07-03T08:30:51</time>
			</trkpt>
			<trkpt lat="48.92006993293762" lon="2.9794599674642086">
				<ele>143.0</ele>
				<time>2020-07-03T08:30:55</time>
			</trkpt>
			<trkpt lat="48.919879999011755" lon="2.9796399269253016">
				<ele>145.0</ele>
				<time>2020-07-03T08:30:59</time>
			</trkpt>
			<trkpt lat="48.91926996409893" lon="2.9801499657332897">
				<ele>147.0</ele>
				<time>2020-07-03T08:31:10</time>
			</trkpt>
			<trkpt lat="48.91885992139578" lon="2.9804599285125732">
				<ele>151.0</ele>
				<time>2020-07-03T08:31:17</time>
			</trkpt>
			<trkpt lat="48.91877995803952" lon="2.9805699829012156">
				<ele>151.0</ele>
				<time>2020-07-03T08:31:19</time>
			</trkpt>
			<trkpt lat="48.91872991807759" lon="2.980679953470826">
				<ele>152.0</ele>
				<time>2020-07-03T08:31:20</time>
			</trkpt>
			<trkpt lat="48.91870996914804" lon="2.9808099567890167">
				<ele>152.0</ele>
				<time>2020-07-03T08:31:22</time>
			</trkpt>
			<trkpt lat="48.91870996914804" lon="2.980929985642433">
				<ele>153.0</ele>
				<time>2020-07-03T08:31:23</time>
			</trkpt>
			<trkpt lat="48.91876998357475" lon="2.9812599811702967">
				<ele>154.0</ele>
				<time>2020-07-03T08:31:27</time>
			</trkpt>
			<trkpt lat="48.918869979679585" lon="2.9816699400544167">
				<ele>156.0</ele>
				<time>2020-07-03T08:31:31</time>
			</trkpt>
			<trkpt lat="48.919149935245514" lon="2.98285991884768">
				<ele>157.0</ele>
				<time>2020-07-03T08:31:45</time>
			</trkpt>
			<trkpt lat="48.91915999352932" lon="2.9829199332743883">
				<ele>157.0</ele>
				<time>2020-07-03T08:31:45</time>
			</trkpt>
			<trkpt lat="48.91930994577706" lon="2.9836299642920494">
				<ele>159.0</ele>
				<time>2020-07-03T08:31:53</time>
			</trkpt>
			<trkpt lat="48.919409941881895" lon="2.9841299448162317">
				<ele>161.0</ele>
				<time>2020-07-03T08:31:59</time>
			</trkpt>
			<trkpt lat="48.919669948518276" lon="2.9858599696308374">
				<ele>164.0</ele>
				<time>2020-07-03T08:32:17</time>
			</trkpt>
			<trkpt lat="48.92010999843478" lon="2.988649969920516">
				<ele>164.0</ele>
				<time>2020-07-03T08:32:47</time>
			</trkpt>
			<trkpt lat="48.92014998011291" lon="2.988879969343543">
				<ele>164.0</ele>
				<time>2020-07-03T08:32:50</time>
			</trkpt>
			<trkpt lat="48.92016992904246" lon="2.98910996876657">
				<ele>164.0</ele>
				<time>2020-07-03T08:32:52</time>
			</trkpt>
			<trkpt lat="48.92018996179104" lon="2.989329993724823">
				<ele>164.0</ele>
				<time>2020-07-03T08:32:55</time>
			</trkpt>
			<trkpt lat="48.920179987326264" lon="2.9896599892526865">
				<ele>164.0</ele>
				<time>2020-07-03T08:32:58</time>
			</trkpt>
			<trkpt lat="48.92014998011291" lon="2.990799928084016">
				<ele>163.0</ele>
				<time>2020-07-03T08:33:10</time>
			</trkpt>
			<trkpt lat="48.92016992904246" lon="2.991509959101677">
				<ele>163.0</ele>
				<time>2020-07-03T08:33:18</time>
			</trkpt>
			<trkpt lat="48.92019993625581" lon="2.9918999690562487">
				<ele>162.0</ele>
				<time>2020-07-03T08:33:22</time>
			</trkpt>
			<trkpt lat="48.92029993236065" lon="2.9927099961787462">
				<ele>162.0</ele>
				<time>2020-07-03T08:33:30</time>
			</trkpt>
			<trkpt lat="48.92040998674929" lon="2.993259932845831">
				<ele>162.0</ele>
				<time>2020-07-03T08:33:36</time>
			</trkpt>
			<trkpt lat="48.92063998617232" lon="2.994179930537939">
				<ele>160.0</ele>
				<time>2020-07-03T08:33:47</time>
			</trkpt>
			<trkpt lat="48.9213299844414" lon="2.9965899791568518">
				<ele>157.0</ele>
				<time>2020-07-03T08:34:15</time>
			</trkpt>
			<trkpt lat="48.921489994972944" lon="2.9971299413591623">
				<ele>157.0</ele>
				<time>2020-07-03T08:34:21</time>
			</trkpt>
			<trkpt lat="48.92251996323466" lon="3.000849997624755">
				<ele>158.0</ele>
				<time>2020-07-03T08:35:03</time>
			</trkpt>
			<trkpt lat="48.922609984874725" lon="3.0011299531906843">
				<ele>158.0</ele>
				<time>2020-07-03T08:35:06</time>
			</trkpt>
			<trkpt lat="48.92281995154917" lon="3.0018599331378937">
				<ele>159.0</ele>
				<time>2020-07-03T08:35:15</time>
			</trkpt>
			<trkpt lat="48.923059925436974" lon="3.002599971368909">
				<ele>161.0</ele>
				<time>2020-07-03T08:35:24</time>
			</trkpt>
			<trkpt lat="48.92339997924864" lon="3.0036799795925617">
				<ele>163.0</ele>
				<time>2020-07-03T08:35:36</time>
			</trkpt>
			<trkpt lat="48.923599971458316" lon="3.0042699817568064">
				<ele>165.0</ele>
				<time>2020-07-03T08:35:43</time>
			</trkpt>
			<trkpt lat="48.92405024729669" lon="3.0038596875965595">
				<ele>165.0</ele>
				<time>2020-07-03T08:35:52</time>
			</trkpt>
			<trkpt lat="48.924049995839596" lon="3.0038599390536547">
				<ele>165.0</ele>
				<time>2020-07-03T08:35:52</time>
			</trkpt>
			<trkpt lat="48.9243399258703" lon="3.003529943525791">
				<ele>166.0</ele>
				<time>2020-07-03T08:35:57</time>
			</trkpt>
			<trkpt lat="48.924519969150424" lon="3.003319976851344">
				<ele>165.0</ele>
				<time>2020-07-03T08:36:01</time>
			</trkpt>
			<trkpt lat="48.92467997968197" lon="3.0031099263578653">
				<ele>165.0</ele>
				<time>2020-07-03T08:36:04</time>
			</trkpt>
			<trkpt lat="48.92478995025158" lon="3.0029499996453524">
				<ele>165.0</ele>
				<time>2020-07-03T08:36:07</time>
			</trkpt>
			<trkpt lat="48.925209967419505" lon="3.0023099575191736">
				<ele>165.0</ele>
				<time>2020-07-03T08:36:16</time>
			</trkpt>
			<trkpt lat="48.92551993019879" lon="3.0018499586731195">
				<ele>166.0</ele>
				<time>2020-07-03T08:36:23</time>
			</trkpt>
			<trkpt lat="48.925619926303625" lon="3.001719955354929">
				<ele>165.0</ele>
				<time>2020-07-03T08:36:25</time>
			</trkpt>
			<trkpt lat="48.92579996958375" lon="3.001499930396676">
				<ele>165.0</ele>
				<time>2020-07-03T08:36:29</time>
			</trkpt>
			<trkpt lat="48.925959980115294" lon="3.0018099769949913">
				<ele>166.0</ele>
				<time>2020-07-03T08:36:33</time>
			</trkpt>
			<trkpt lat="48.92693999223411" lon="3.003759942948818">
				<ele>163.0</ele>
				<time>2020-07-03T08:36:59</time>
			</trkpt>
			<trkpt lat="48.92719999887049" lon="3.0042599234730005">
				<ele>161.0</ele>
				<time>2020-07-03T08:37:06</time>
			</trkpt>
			<trkpt lat="48.92733997665346" lon="3.004459999501705">
				<ele>161.0</ele>
				<time>2020-07-03T08:37:09</time>
			</trkpt>
			<trkpt lat="48.92889993265271" lon="3.006849931553006">
				<ele>161.0</ele>
				<time>2020-07-03T08:37:44</time>
			</trkpt>
			<trkpt lat="48.928979979828" lon="3.0069799348711967">
				<ele>161.0</ele>
				<time>2020-07-03T08:37:46</time>
			</trkpt>
			<trkpt lat="48.92934995703399" lon="3.007549988105893">
				<ele>163.0</ele>
				<time>2020-07-03T08:37:55</time>
			</trkpt>
			<trkpt lat="48.929789923131466" lon="3.0082499608397484">
				<ele>165.0</ele>
				<time>2020-07-03T08:38:05</time>
			</trkpt>
			<trkpt lat="48.93005998805165" lon="3.0086799524724483">
				<ele>166.0</ele>
				<time>2020-07-03T08:38:11</time>
			</trkpt>
			<trkpt lat="48.93019996583462" lon="3.0088999774307013">
				<ele>167.0</ele>
				<time>2020-07-03T08:38:14</time>
			</trkpt>
			<trkpt lat="48.93054999411106" lon="3.009439939633012">
				<ele>168.0</ele>
				<time>2020-07-03T08:38:22</time>
			</trkpt>
			<trkpt lat="48.93061998300254" lon="3.009549994021654">
				<ele>169.0</ele>
				<time>2020-07-03T08:38:24</time>
			</trkpt>
			<trkpt lat="48.930689971894026" lon="3.0096299573779106">
				<ele>169.0</ele>
				<time>2020-07-03T08:38:25</time>
			</trkpt>
			<trkpt lat="48.930729953572154" lon="3.0096599645912647">
				<ele>169.0</ele>
				<time>2020-07-03T08:38:26</time>
			</trkpt>
			<trkpt lat="48.93076993525028" lon="3.0096799973398447">
				<ele>169.0</ele>
				<time>2020-07-03T08:38:27</time>
			</trkpt>
			<trkpt lat="48.93082994967699" lon="3.009689971804619">
				<ele>169.0</ele>
				<time>2020-07-03T08:38:28</time>
			</trkpt>
			<trkpt lat="48.93089993856847" lon="3.0096799973398447">
				<ele>170.0</ele>
				<time>2020-07-03T08:38:29</time>
			</trkpt>
			<trkpt lat="48.93099993467331" lon="3.0096399318426847">
				<ele>170.0</ele>
				<time>2020-07-03T08:38:30</time>
			</trkpt>
			<trkpt lat="48.93127997405827" lon="3.009509928524494">
				<ele>170.0</ele>
				<time>2020-07-03T08:38:35</time>
			</trkpt>
			<trkpt lat="48.931399919092655" lon="3.0094499979168177">
				<ele>170.0</ele>
				<time>2020-07-03T08:38:37</time>
			</trkpt>
			<trkpt lat="48.93178992904723" lon="3.009289987385273">
				<ele>170.0</ele>
				<time>2020-07-03T08:38:44</time>
			</trkpt>
			<trkpt lat="48.93185991793871" lon="3.009289987385273">
				<ele>171.0</ele>
				<time>2020-07-03T08:38:45</time>
			</trkpt>
			<trkpt lat="48.93189998343587" lon="3.0093099363148212">
				<ele>171.0</ele>
				<time>2020-07-03T08:38:45</time>
			</trkpt>
			<trkpt lat="48.93196997232735" lon="3.0093799252063036">
				<ele>171.0</ele>
				<time>2020-07-03T08:38:47</time>
			</trkpt>
			<trkpt lat="48.93213995732367" lon="3.0096499901264906">
				<ele>171.0</ele>
				<time>2020-07-03T08:38:51</time>
			</trkpt>
			<trkpt lat="48.93223995342851" lon="3.009779993444681">
				<ele>171.0</ele>
				<time>2020-07-03T08:38:53</time>
			</trkpt>
			<trkpt lat="48.93245997838676" lon="3.0100799817591906">
				<ele>171.0</ele>
				<time>2020-07-03T08:38:57</time>
			</trkpt>
			<trkpt lat="48.93249996006489" lon="3.010149970650673">
				<ele>171.0</ele>
				<time>2020-07-03T08:38:58</time>
			</trkpt>
			<trkpt lat="48.93258998170495" lon="3.0102499667555094">
				<ele>171.0</ele>
				<time>2020-07-03T08:39:00</time>
			</trkpt>
			<trkpt lat="48.93266994506121" lon="3.010329930111766">
				<ele>171.0</ele>
				<time>2020-07-03T08:39:02</time>
			</trkpt>
			<trkpt lat="48.93281998112798" lon="3.0105399806052446">
				<ele>171.0</ele>
				<time>2020-07-03T08:39:05</time>
			</trkpt>
			<trkpt lat="48.93301997333765" lon="3.01078992895782">
				<ele>170.0</ele>
				<time>2020-07-03T08:39:09</time>
			</trkpt>
			<trkpt lat="48.93314997665584" lon="3.0109499394893646">
				<ele>169.0</ele>
				<time>2020-07-03T08:39:12</time>
			</trkpt>
			<trkpt lat="48.933419957756996" lon="3.01121992059052">
				<ele>168.0</ele>
				<time>2020-07-03T08:39:17</time>
			</trkpt>
			<trkpt lat="48.93349992111325" lon="3.011289993301034">
				<ele>167.0</ele>
				<time>2020-07-03T08:39:18</time>
			</trkpt>
			<trkpt lat="48.93385992385447" lon="3.011519992724061">
				<ele>166.0</ele>
				<time>2020-07-03T08:39:25</time>
			</trkpt>
			<trkpt lat="48.93437993712723" lon="3.0118799954652786">
				<ele>163.0</ele>
				<time>2020-07-03T08:39:34</time>
			</trkpt>
			<trkpt lat="48.93443995155394" lon="3.011909918859601">
				<ele>163.0</ele>
				<time>2020-07-03T08:39:35</time>
			</trkpt>
			<trkpt lat="48.934639943763614" lon="3.0120399221777916">
				<ele>162.0</ele>
				<time>2020-07-03T08:39:38</time>
			</trkpt>
			<trkpt lat="48.935069935396314" lon="3.012329936027527">
				<ele>161.0</ele>
				<time>2020-07-03T08:39:46</time>
			</trkpt>
			<trkpt lat="48.93512994982302" lon="3.012369917705655">
				<ele>161.0</ele>
				<time>2020-07-03T08:39:47</time>
			</trkpt>
			<trkpt lat="48.93536992371082" lon="3.0125299282372">
				<ele>160.0</ele>
				<time>2020-07-03T08:39:51</time>
			</trkpt>
			<trkpt lat="48.935479978099465" lon="3.012599917128682">
				<ele>160.0</ele>
				<time>2020-07-03T08:39:53</time>
			</trkpt>
			<trkpt lat="48.935909969732165" lon="3.0128799565136433">
				<ele>159.0</ele>
				<time>2020-07-03T08:40:01</time>
			</trkpt>
			<trkpt lat="48.93621993251145" lon="3.013069974258542">
				<ele>158.0</ele>
				<time>2020-07-03T08:40:06</time>
			</trkpt>
			<trkpt lat="48.93651992082596" lon="3.0132099520415068">
				<ele>157.0</ele>
				<time>2020-07-03T08:40:11</time>
			</trkpt>
			<trkpt lat="48.93694999627769" lon="3.013419918715954">
				<ele>154.0</ele>
				<time>2020-07-03T08:40:18</time>
			</trkpt>
			<trkpt lat="48.93765994347632" lon="3.013739939779043">
				<ele>153.0</ele>
				<time>2020-07-03T08:40:30</time>
			</trkpt>
			<trkpt lat="48.93956992775202" lon="3.0146299302577972">
				<ele>150.0</ele>
				<time>2020-07-03T08:41:02</time>
			</trkpt>
			<trkpt lat="48.93975994549692" lon="3.0146899446845055">
				<ele>149.0</ele>
				<time>2020-07-03T08:41:05</time>
			</trkpt>
			<trkpt lat="48.94049998372793" lon="3.0148599296808243">
				<ele>148.0</ele>
				<time>2020-07-03T08:41:17</time>
			</trkpt>
			<trkpt lat="48.94053996540606" lon="3.0148799624294043">
				<ele>148.0</ele>
				<time>2020-07-03T08:41:18</time>
			</trkpt>
			<trkpt lat="48.94059997983277" lon="3.0148999951779842">
				<ele>148.0</ele>
				<time>2020-07-03T08:41:19</time>
			</trkpt>
			<trkpt lat="48.94058992154896" lon="3.0149399768561125">
				<ele>148.0</ele>
				<time>2020-07-03T08:41:19</time>
			</trkpt>
			<trkpt lat="48.94057994708419" lon="3.014989932999015">
				<ele>148.0</ele>
				<time>2020-07-03T08:41:20</time>
			</trkpt>
			<trkpt lat="48.940449943766" lon="3.0153799429535866">
				<ele>147.0</ele>
				<time>2020-07-03T08:41:24</time>
			</trkpt>
			<trkpt lat="48.940379954874516" lon="3.0156199168413877">
				<ele>147.0</ele>
				<time>2020-07-03T08:41:27</time>
			</trkpt>
			<trkpt lat="48.94033997319639" lon="3.0157999601215124">
				<ele>147.0</ele>
				<time>2020-07-03T08:41:29</time>
			</trkpt>
			<trkpt lat="48.940249951556325" lon="3.0163099989295006">
				<ele>148.0</ele>
				<time>2020-07-03T08:41:35</time>
			</trkpt>
			<trkpt lat="48.94015992991626" lon="3.0168599355965853">
				<ele>149.0</ele>
				<time>2020-07-03T08:41:41</time>
			</trkpt>
			<trkpt lat="48.939929930493236" lon="3.0189599376171827">
				<ele>154.0</ele>
				<time>2020-07-03T08:42:03</time>
			</trkpt>
			<trkpt lat="48.93991995602846" lon="3.019229918718338">
				<ele>154.0</ele>
				<time>2020-07-03T08:42:06</time>
			</trkpt>
			<trkpt lat="48.939929930493236" lon="3.0193599220365286">
				<ele>154.0</ele>
				<time>2020-07-03T08:42:07</time>
			</trkpt>
			<trkpt lat="48.939949963241816" lon="3.019479950889945">
				<ele>154.0</ele>
				<time>2020-07-03T08:42:09</time>
			</trkpt>
			<trkpt lat="48.93997997045517" lon="3.0195699725300074">
				<ele>154.0</ele>
				<time>2020-07-03T08:42:10</time>
			</trkpt>
			<trkpt lat="48.94002992659807" lon="3.019649935886264">
				<ele>154.0</ele>
				<time>2020-07-03T08:42:11</time>
			</trkpt>
			<trkpt lat="48.940079966560006" lon="3.019739957526326">
				<ele>154.0</ele>
				<time>2020-07-03T08:42:12</time>
			</trkpt>
			<trkpt lat="48.94014995545149" lon="3.0197999719530344">
				<ele>154.0</ele>
				<time>2020-07-03T08:42:13</time>
			</trkpt>
			<trkpt lat="48.940569972619414" lon="3.020099960267544">
				<ele>153.0</ele>
				<time>2020-07-03T08:42:21</time>
			</trkpt>
			<trkpt lat="48.9406899176538" lon="3.0202399380505085">
				<ele>153.0</ele>
				<time>2020-07-03T08:42:23</time>
			</trkpt>
			<trkpt lat="48.94081992097199" lon="3.0204399302601814">
				<ele>153.0</ele>
				<time>2020-07-03T08:42:26</time>
			</trkpt>
			<trkpt lat="48.940959982573986" lon="3.0207099951803684">
				<ele>153.0</ele>
				<time>2020-07-03T08:42:30</time>
			</trkpt>
			<trkpt lat="48.94103994593024" lon="3.0209599435329437">
				<ele>154.0</ele>
				<time>2020-07-03T08:42:33</time>
			</trkpt>
			<trkpt lat="48.94107992760837" lon="3.0210999213159084">
				<ele>154.0</ele>
				<time>2020-07-03T08:42:34</time>
			</trkpt>
			<trkpt lat="48.94113994203508" lon="3.0213799607008696">
				<ele>154.0</ele>
				<time>2020-07-03T08:42:37</time>
			</trkpt>
			<trkpt lat="48.941239938139915" lon="3.021909948438406">
				<ele>155.0</ele>
				<time>2020-07-03T08:42:43</time>
			</trkpt>
			<trkpt lat="48.94132995977998" lon="3.022379921749234">
				<ele>156.0</ele>
				<time>2020-07-03T08:42:48</time>
			</trkpt>
			<trkpt lat="48.94137999974191" lon="3.022539932280779">
				<ele>157.0</ele>
				<time>2020-07-03T08:42:50</time>
			</trkpt>
			<trkpt lat="48.94141998142004" lon="3.022629953920841">
				<ele>157.0</ele>
				<time>2020-07-03T08:42:51</time>
			</trkpt>
			<trkpt lat="48.94148997031152" lon="3.022759957239032">
				<ele>157.0</ele>
				<time>2020-07-03T08:42:53</time>
			</trkpt>
			<trkpt lat="48.94159994088113" lon="3.0228699278086424">
				<ele>157.0</ele>
				<time>2020-07-03T08:42:55</time>
			</trkpt>
			<trkpt lat="48.94164998084307" lon="3.0228999350219965">
				<ele>156.0</ele>
				<time>2020-07-03T08:42:56</time>
			</trkpt>
			<trkpt lat="48.94175995141268" lon="3.0229599494487047">
				<ele>156.0</ele>
				<time>2020-07-03T08:42:58</time>
			</trkpt>
			<trkpt lat="48.9419399946928" lon="3.0229799821972847">
				<ele>156.0</ele>
				<time>2020-07-03T08:43:01</time>
			</trkpt>
			<trkpt lat="48.942009983584285" lon="3.0231299344450235">
				<ele>156.0</ele>
				<time>2020-07-03T08:43:03</time>
			</trkpt>
			<trkpt lat="48.94204996526241" lon="3.023219956085086">
				<ele>156.0</ele>
				<time>2020-07-03T08:43:04</time>
			</trkpt>
			<trkpt lat="48.94205993972719" lon="3.0232899449765682">
				<ele>156.0</ele>
				<time>2020-07-03T08:43:05</time>
			</trkpt>
			<trkpt lat="48.94206999801099" lon="3.0233799666166306">
				<ele>156.0</ele>
				<time>2020-07-03T08:43:06</time>
			</trkpt>
			<trkpt lat="48.94207997247577" lon="3.0235699843615294">
				<ele>156.0</ele>
				<time>2020-07-03T08:43:08</time>
			</trkpt>
			<trkpt lat="48.94204996526241" lon="3.025039918720722">
				<ele>156.0</ele>
				<time>2020-07-03T08:43:23</time>
			</trkpt>
			<trkpt lat="48.94203999079764" lon="3.025229936465621">
				<ele>156.0</ele>
				<time>2020-07-03T08:43:25</time>
			</trkpt>
			<trkpt lat="48.941929936409" lon="3.026379933580756">
				<ele>153.0</ele>
				<time>2020-07-03T08:43:37</time>
			</trkpt>
			<trkpt lat="48.941929936409" lon="3.026819983497262">
				<ele>151.0</ele>
				<time>2020-07-03T08:43:42</time>
			</trkpt>
			<trkpt lat="48.94195994362235" lon="3.0271699279546738">
				<ele>150.0</ele>
				<time>2020-07-03T08:43:46</time>
			</trkpt>
			<trkpt lat="48.941969918087125" lon="3.027249975129962">
				<ele>149.0</ele>
				<time>2020-07-03T08:43:46</time>
			</trkpt>
			<trkpt lat="48.941929936409" lon="3.027279982343316">
				<ele>149.0</ele>
				<time>2020-07-03T08:43:47</time>
			</trkpt>
			<trkpt lat="48.94189992919564" lon="3.0272999312728643">
				<ele>149.0</ele>
				<time>2020-07-03T08:43:48</time>
			</trkpt>
			<trkpt lat="48.94167998805642" lon="3.0273199640214443">
				<ele>148.0</ele>
				<time>2020-07-03T08:43:51</time>
			</trkpt>
			<trkpt lat="48.9413099270314" lon="3.0273399967700243">
				<ele>146.0</ele>
				<time>2020-07-03T08:43:57</time>
			</trkpt>
			<trkpt lat="48.941109934821725" lon="3.0272999312728643">
				<ele>146.0</ele>
				<time>2020-07-03T08:44:00</time>
			</trkpt>
			<trkpt lat="48.94079997204244" lon="3.027199935168028">
				<ele>146.0</ele>
				<time>2020-07-03T08:44:05</time>
			</trkpt>
			<trkpt lat="48.94060995429754" lon="3.0271399207413197">
				<ele>146.0</ele>
				<time>2020-07-03T08:44:09</time>
			</trkpt>
			<trkpt lat="48.94049998372793" lon="3.0271099973469973">
				<ele>146.0</ele>
				<time>2020-07-03T08:44:10</time>
			</trkpt>
			<trkpt lat="48.940419936552644" lon="3.0271299462765455">
				<ele>146.0</ele>
				<time>2020-07-03T08:44:12</time>
			</trkpt>
			<trkpt lat="48.94034994766116" lon="3.0271699279546738">
				<ele>146.0</ele>
				<time>2020-07-03T08:44:13</time>
			</trkpt>
			<trkpt lat="48.94029999151826" lon="3.027219967916608">
				<ele>145.0</ele>
				<time>2020-07-03T08:44:14</time>
			</trkpt>
			<trkpt lat="48.9402599260211" lon="3.02728995680809">
				<ele>145.0</ele>
				<time>2020-07-03T08:44:15</time>
			</trkpt>
			<trkpt lat="48.94016998820007" lon="3.0275399889796972">
				<ele>143.0</ele>
				<time>2020-07-03T08:44:18</time>
			</trkpt>
			<trkpt lat="48.940119948238134" lon="3.0278199445456266">
				<ele>142.0</ele>
				<time>2020-07-03T08:44:21</time>
			</trkpt>
			<trkpt lat="48.940059933811426" lon="3.0280099622905254">
				<ele>141.0</ele>
				<time>2020-07-03T08:44:23</time>
			</trkpt>
			<trkpt lat="48.939969995990396" lon="3.028139965608716">
				<ele>140.0</ele>
				<time>2020-07-03T08:44:25</time>
			</trkpt>
			<trkpt lat="48.9398299343884" lon="3.0282099545001984">
				<ele>140.0</ele>
				<time>2020-07-03T08:44:27</time>
			</trkpt>
			<trkpt lat="48.93973999656737" lon="3.0282399617135525">
				<ele>141.0</ele>
				<time>2020-07-03T08:44:29</time>
			</trkpt>
			<trkpt lat="48.939649974927306" lon="3.0282399617135525">
				<ele>141.0</ele>
				<time>2020-07-03T08:44:30</time>
			</trkpt>
			<trkpt lat="48.9393499866128" lon="3.028129991143942">
				<ele>142.0</ele>
				<time>2020-07-03T08:44:35</time>
			</trkpt>
			<trkpt lat="48.93903994001448" lon="3.0280199367552996">
				<ele>144.0</ele>
				<time>2020-07-03T08:44:40</time>
			</trkpt>
			<trkpt lat="48.938969951123" lon="3.0280099622905254">
				<ele>145.0</ele>
				<time>2020-07-03T08:44:41</time>
			</trkpt>
			<trkpt lat="48.93845999613404" lon="3.0279599223285913">
				<ele>147.0</ele>
				<time>2020-07-03T08:44:50</time>
			</trkpt>
			<trkpt lat="48.938319934532046" lon="3.027919940650463">
				<ele>148.0</ele>
				<time>2020-07-03T08:44:52</time>
			</trkpt>
			<trkpt lat="48.93817995674908" lon="3.027889933437109">
				<ele>149.0</ele>
				<time>2020-07-03T08:44:54</time>
			</trkpt>
			<trkpt lat="48.937909975647926" lon="3.0278199445456266">
				<ele>150.0</ele>
				<time>2020-07-03T08:44:59</time>
			</trkpt>
			<trkpt lat="48.93757998012006" lon="3.027699999511242">
				<ele>152.0</ele>
				<time>2020-07-03T08:45:04</time>
			</trkpt>
			<trkpt lat="48.93754997290671" lon="3.027689941227436">
				<ele>152.0</ele>
				<time>2020-07-03T08:45:05</time>
			</trkpt>
			<trkpt lat="48.93664992414415" lon="3.02728995680809">
				<ele>156.0</ele>
				<time>2020-07-03T08:45:20</time>
			</trkpt>
			<trkpt lat="48.93658999353647" lon="3.027259949594736">
				<ele>156.0</ele>
				<time>2020-07-03T08:45:21</time>
			</trkpt>
			<trkpt lat="48.93602999858558" lon="3.0271699279546738">
				<ele>156.0</ele>
				<time>2020-07-03T08:45:30</time>
			</trkpt>
			<trkpt lat="48.935759933665395" lon="3.0271199718117714">
				<ele>156.0</ele>
				<time>2020-07-03T08:45:34</time>
			</trkpt>
			<trkpt lat="48.935649963095784" lon="3.0270899645984173">
				<ele>156.0</ele>
				<time>2020-07-03T08:45:36</time>
			</trkpt>
			<trkpt lat="48.935349974781275" lon="3.0269599612802267">
				<ele>157.0</ele>
				<time>2020-07-03T08:45:41</time>
			</trkpt>
			<trkpt lat="48.93524997867644" lon="3.0269399285316467">
				<ele>157.0</ele>
				<time>2020-07-03T08:45:42</time>
			</trkpt>
			<trkpt lat="48.93505996093154" lon="3.0269399285316467">
				<ele>157.0</ele>
				<time>2020-07-03T08:45:45</time>
			</trkpt>
			<trkpt lat="48.93497999757528" lon="3.0269599612802267">
				<ele>157.0</ele>
				<time>2020-07-03T08:45:47</time>
			</trkpt>
			<trkpt lat="48.93494999036193" lon="3.026969935745001">
				<ele>157.0</ele>
				<time>2020-07-03T08:45:47</time>
			</trkpt>
			<trkpt lat="48.93483993597329" lon="3.0271099973469973">
				<ele>156.0</ele>
				<time>2020-07-03T08:45:49</time>
			</trkpt>
			<trkpt lat="48.93469995819032" lon="3.02730998955667">
				<ele>156.0</ele>
				<time>2020-07-03T08:45:53</time>
			</trkpt>
			<trkpt lat="48.93467992544174" lon="3.0273399967700243">
				<ele>155.0</ele>
				<time>2020-07-03T08:45:53</time>
			</trkpt>
			<trkpt lat="48.93464991822839" lon="3.0273799784481525">
				<ele>155.0</ele>
				<time>2020-07-03T08:45:54</time>
			</trkpt>
			<trkpt lat="48.93460993655026" lon="3.0274399928748608">
				<ele>155.0</ele>
				<time>2020-07-03T08:45:54</time>
			</trkpt>
			<trkpt lat="48.93460993655026" lon="3.027449967339635">
				<ele>155.0</ele>
				<time>2020-07-03T08:45:55</time>
			</trkpt>
			<trkpt lat="48.934489991515875" lon="3.0276199523359537">
				<ele>154.0</ele>
				<time>2020-07-03T08:45:57</time>
			</trkpt>
			<trkpt lat="48.93436996266246" lon="3.0277799628674984">
				<ele>154.0</ele>
				<time>2020-07-03T08:46:00</time>
			</trkpt>
			<trkpt lat="48.93423995934427" lon="3.0279599223285913">
				<ele>155.0</ele>
				<time>2020-07-03T08:46:03</time>
			</trkpt>
			<trkpt lat="48.93404994159937" lon="3.0282199289649725">
				<ele>155.0</ele>
				<time>2020-07-03T08:46:07</time>
			</trkpt>
			<trkpt lat="48.93380996771157" lon="3.028549924492836">
				<ele>156.0</ele>
				<time>2020-07-03T08:46:12</time>
			</trkpt>
			<trkpt lat="48.933759927749634" lon="3.02861999720335">
				<ele>156.0</ele>
				<time>2020-07-03T08:46:13</time>
			</trkpt>
			<trkpt lat="48.93364995718002" lon="3.0287599749863148">
				<ele>156.0</ele>
				<time>2020-07-03T08:46:15</time>
			</trkpt>
			<trkpt lat="48.93333999440074" lon="3.0291399266570807">
				<ele>157.0</ele>
				<time>2020-07-03T08:46:22</time>
			</trkpt>
			<trkpt lat="48.93325994722545" lon="3.029279988259077">
				<ele>157.0</ele>
				<time>2020-07-03T08:46:24</time>
			</trkpt>
			<trkpt lat="48.933179983869195" lon="3.0295199621468782">
				<ele>158.0</ele>
				<time>2020-07-03T08:46:26</time>
			</trkpt>
			<trkpt lat="48.93312994390726" lon="3.0297999177128077">
				<ele>159.0</ele>
				<time>2020-07-03T08:46:29</time>
			</trkpt>
			<trkpt lat="48.93312994390726" lon="3.0298099759966135">
				<ele>159.0</ele>
				<time>2020-07-03T08:46:30</time>
			</trkpt>
			<trkpt lat="48.93307998776436" lon="3.030139971524477">
				<ele>160.0</ele>
				<time>2020-07-03T08:46:33</time>
			</trkpt>
			<trkpt lat="48.932989966124296" lon="3.0309599731117487">
				<ele>162.0</ele>
				<time>2020-07-03T08:46:42</time>
			</trkpt>
			<trkpt lat="48.93297999165952" lon="3.031059969216585">
				<ele>162.0</ele>
				<time>2020-07-03T08:46:43</time>
			</trkpt>
			<trkpt lat="48.93290991894901" lon="3.031709985807538">
				<ele>161.0</ele>
				<time>2020-07-03T08:46:50</time>
			</trkpt>
			<trkpt lat="48.932879995554686" lon="3.0324799474328756">
				<ele>160.0</ele>
				<time>2020-07-03T08:46:58</time>
			</trkpt>
			<trkpt lat="48.93284998834133" lon="3.034059936180711">
				<ele>158.0</ele>
				<time>2020-07-03T08:47:15</time>
			</trkpt>
			<trkpt lat="48.932839930057526" lon="3.034579949453473">
				<ele>159.0</ele>
				<time>2020-07-03T08:47:20</time>
			</trkpt>
			<trkpt lat="48.932839930057526" lon="3.0347099527716637">
				<ele>159.0</ele>
				<time>2020-07-03T08:47:21</time>
			</trkpt>
			<trkpt lat="48.93280992284417" lon="3.0360499676316977">
				<ele>163.0</ele>
				<time>2020-07-03T08:47:36</time>
			</trkpt>
			<trkpt lat="48.9327999483794" lon="3.0362299270927906">
				<ele>163.0</ele>
				<time>2020-07-03T08:47:37</time>
			</trkpt>
			<trkpt lat="48.93278997391462" lon="3.0364299193024635">
				<ele>163.0</ele>
				<time>2020-07-03T08:47:40</time>
			</trkpt>
			<trkpt lat="48.93275996670127" lon="3.036629995331168">
				<ele>163.0</ele>
				<time>2020-07-03T08:47:42</time>
			</trkpt>
			<trkpt lat="48.93271998502314" lon="3.036859994754195">
				<ele>163.0</ele>
				<time>2020-07-03T08:47:44</time>
			</trkpt>
			<trkpt lat="48.93263993784785" lon="3.037239946424961">
				<ele>163.0</ele>
				<time>2020-07-03T08:47:48</time>
			</trkpt>
			<trkpt lat="48.932559974491596" lon="3.037659963592887">
				<ele>163.0</ele>
				<time>2020-07-03T08:47:53</time>
			</trkpt>
			<trkpt lat="48.932469952851534" lon="3.0379399191588163">
				<ele>163.0</ele>
				<time>2020-07-03T08:47:56</time>
			</trkpt>
			<trkpt lat="48.9323699567467" lon="3.0382299330085516">
				<ele>162.0</ele>
				<time>2020-07-03T08:48:00</time>
			</trkpt>
			<trkpt lat="48.93220994621515" lon="3.0386999901384115">
				<ele>161.0</ele>
				<time>2020-07-03T08:48:05</time>
			</trkpt>
			<trkpt lat="48.932089917361736" lon="3.039059992879629">
				<ele>161.0</ele>
				<time>2020-07-03T08:48:10</time>
			</trkpt>
			<trkpt lat="48.93196997232735" lon="3.039439944550395">
				<ele>161.0</ele>
				<time>2020-07-03T08:48:14</time>
			</trkpt>
			<trkpt lat="48.93191993236542" lon="3.0397399328649044">
				<ele>161.0</ele>
				<time>2020-07-03T08:48:17</time>
			</trkpt>
			<trkpt lat="48.93187995068729" lon="3.0400099977850914">
				<ele>161.0</ele>
				<time>2020-07-03T08:48:20</time>
			</trkpt>
			<trkpt lat="48.93181993626058" lon="3.040519952774048">
				<ele>161.0</ele>
				<time>2020-07-03T08:48:26</time>
			</trkpt>
			<trkpt lat="48.93175992183387" lon="3.0409299954771996">
				<ele>162.0</ele>
				<time>2020-07-03T08:48:30</time>
			</trkpt>
			<trkpt lat="48.93170996569097" lon="3.0411299876868725">
				<ele>162.0</ele>
				<time>2020-07-03T08:48:32</time>
			</trkpt>
			<trkpt lat="48.931659925729036" lon="3.041439950466156">
				<ele>162.0</ele>
				<time>2020-07-03T08:48:36</time>
			</trkpt>
			<trkpt lat="48.931529922410846" lon="3.0421599559485912">
				<ele>163.0</ele>
				<time>2020-07-03T08:48:43</time>
			</trkpt>
			<trkpt lat="48.93132993020117" lon="3.0431499425321817">
				<ele>163.0</ele>
				<time>2020-07-03T08:48:54</time>
			</trkpt>
			<trkpt lat="48.93120998516679" lon="3.0437899846583605">
				<ele>163.0</ele>
				<time>2020-07-03T08:49:01</time>
			</trkpt>
			<trkpt lat="48.931179977953434" lon="3.0440299585461617">
				<ele>163.0</ele>
				<time>2020-07-03T08:49:04</time>
			</trkpt>
			<trkpt lat="48.93118995241821" lon="3.0441699363291264">
				<ele>163.0</ele>
				<time>2020-07-03T08:49:05</time>
			</trkpt>
			<trkpt lat="48.93119992688298" lon="3.044269932433963">
				<ele>163.0</ele>
				<time>2020-07-03T08:49:06</time>
			</trkpt>
			<trkpt lat="48.93134996294975" lon="3.0455499328672886">
				<ele>159.0</ele>
				<time>2020-07-03T08:49:20</time>
			</trkpt>
			<trkpt lat="48.93138994462788" lon="3.0459699500352144">
				<ele>159.0</ele>
				<time>2020-07-03T08:49:25</time>
			</trkpt>
			<trkpt lat="48.93142992630601" lon="3.0466399993747473">
				<ele>159.0</ele>
				<time>2020-07-03T08:49:32</time>
			</trkpt>
			<trkpt lat="48.93142992630601" lon="3.046999918296933">
				<ele>159.0</ele>
				<time>2020-07-03T08:49:36</time>
			</trkpt>
			<trkpt lat="48.93142992630601" lon="3.0473499465733767">
				<ele>159.0</ele>
				<time>2020-07-03T08:49:39</time>
			</trkpt>
			<trkpt lat="48.93140997737646" lon="3.0479399487376213">
				<ele>157.0</ele>
				<time>2020-07-03T08:49:45</time>
			</trkpt>
			<trkpt lat="48.931399919092655" lon="3.0482599698007107">
				<ele>157.0</ele>
				<time>2020-07-03T08:49:49</time>
			</trkpt>
			<trkpt lat="48.93137997016311" lon="3.0484699364751577">
				<ele>156.0</ele>
				<time>2020-07-03T08:49:51</time>
			</trkpt>
			<trkpt lat="48.93135993741453" lon="3.0486799869686365">
				<ele>155.0</ele>
				<time>2020-07-03T08:49:53</time>
			</trkpt>
			<trkpt lat="48.93133998848498" lon="3.0488799791783094">
				<ele>155.0</ele>
				<time>2020-07-03T08:49:55</time>
			</trkpt>
			<trkpt lat="48.931309981271625" lon="3.0490899458527565">
				<ele>155.0</ele>
				<time>2020-07-03T08:49:58</time>
			</trkpt>
			<trkpt lat="48.93123999238014" lon="3.0494599230587482">
				<ele>154.0</ele>
				<time>2020-07-03T08:50:02</time>
			</trkpt>
			<trkpt lat="48.931139996275306" lon="3.0499399546533823">
				<ele>153.0</ele>
				<time>2020-07-03T08:50:07</time>
			</trkpt>
			<trkpt lat="48.93104997463524" lon="3.0502999573946">
				<ele>151.0</ele>
				<time>2020-07-03T08:50:11</time>
			</trkpt>
			<trkpt lat="48.93089993856847" lon="3.050809996202588">
				<ele>148.0</ele>
				<time>2020-07-03T08:50:17</time>
			</trkpt>
			<trkpt lat="48.93080991692841" lon="3.0510899517685175">
				<ele>147.0</ele>
				<time>2020-07-03T08:50:20</time>
			</trkpt>
			<trkpt lat="48.93075996078551" lon="3.0513099767267704">
				<ele>146.0</ele>
				<time>2020-07-03T08:50:23</time>
			</trkpt>
			<trkpt lat="48.93057991750538" lon="3.052339944988489">
				<ele>142.0</ele>
				<time>2020-07-03T08:50:34</time>
			</trkpt>
			<trkpt lat="48.93048997968435" lon="3.052959954366088">
				<ele>140.0</ele>
				<time>2020-07-03T08:50:41</time>
			</trkpt>
			<trkpt lat="48.93047992140055" lon="3.0531099904328585">
				<ele>140.0</ele>
				<time>2020-07-03T08:50:42</time>
			</trkpt>
			<trkpt lat="48.930389983579516" lon="3.0542099475860596">
				<ele>136.0</ele>
				<time>2020-07-03T08:50:54</time>
			</trkpt>
			<trkpt lat="48.930279929190874" lon="3.055139919742942">
				<ele>132.0</ele>
				<time>2020-07-03T08:51:04</time>
			</trkpt>
			<trkpt lat="48.9302199985832" lon="3.055449966341257">
				<ele>132.0</ele>
				<time>2020-07-03T08:51:07</time>
			</trkpt>
			<trkpt lat="48.93017993308604" lon="3.055609976872802">
				<ele>132.0</ele>
				<time>2020-07-03T08:51:09</time>
			</trkpt>
			<trkpt lat="48.93014992587268" lon="3.0557599291205406">
				<ele>131.0</ele>
				<time>2020-07-03T08:51:11</time>
			</trkpt>
			<trkpt lat="48.93011991865933" lon="3.055879957973957">
				<ele>131.0</ele>
				<time>2020-07-03T08:51:12</time>
			</trkpt>
			<trkpt lat="48.929869970306754" lon="3.056739941239357">
				<ele>129.0</ele>
				<time>2020-07-03T08:51:22</time>
			</trkpt>
			<trkpt lat="48.92979998141527" lon="3.057179991155863">
				<ele>127.0</ele>
				<time>2020-07-03T08:51:27</time>
			</trkpt>
			<trkpt lat="48.92977994866669" lon="3.057429939508438">
				<ele>127.0</ele>
				<time>2020-07-03T08:51:29</time>
			</trkpt>
			<trkpt lat="48.929789923131466" lon="3.0577499605715275">
				<ele>127.0</ele>
				<time>2020-07-03T08:51:33</time>
			</trkpt>
			<trkpt lat="48.92981993034482" lon="3.058499973267317">
				<ele>125.0</ele>
				<time>2020-07-03T08:51:40</time>
			</trkpt>
			<trkpt lat="48.929829988628626" lon="3.058759979903698">
				<ele>125.0</ele>
				<time>2020-07-03T08:51:43</time>
			</trkpt>
			<trkpt lat="48.92975999973714" lon="3.0595199670642614">
				<ele>122.0</ele>
				<time>2020-07-03T08:51:51</time>
			</trkpt>
			<trkpt lat="48.92966997809708" lon="3.0600099731236696">
				<ele>120.0</ele>
				<time>2020-07-03T08:51:57</time>
			</trkpt>
			<trkpt lat="48.92957995645702" lon="3.0606199242174625">
				<ele>118.0</ele>
				<time>2020-07-03T08:52:03</time>
			</trkpt>
			<trkpt lat="48.929269993677735" lon="3.06185994297266">
				<ele>109.0</ele>
				<time>2020-07-03T08:52:17</time>
			</trkpt>
			<trkpt lat="48.929229928180575" lon="3.0619999207556248">
				<ele>108.0</ele>
				<time>2020-07-03T08:52:19</time>
			</trkpt>
			<trkpt lat="48.92920997925103" lon="3.062069993466139">
				<ele>107.0</ele>
				<time>2020-07-03T08:52:20</time>
			</trkpt>
			<trkpt lat="48.92919992096722" lon="3.062119949609041">
				<ele>107.0</ele>
				<time>2020-07-03T08:52:20</time>
			</trkpt>
			<trkpt lat="48.928969921544194" lon="3.0629299767315388">
				<ele>102.0</ele>
				<time>2020-07-03T08:52:29</time>
			</trkpt>
			<trkpt lat="48.9287899620831" lon="3.063369942829013">
				<ele>100.0</ele>
				<time>2020-07-03T08:52:35</time>
			</trkpt>
			<trkpt lat="48.92856993712485" lon="3.063869923353195">
				<ele>97.0</ele>
				<time>2020-07-03T08:52:41</time>
			</trkpt>
			<trkpt lat="48.928389977663755" lon="3.064289940521121">
				<ele>97.0</ele>
				<time>2020-07-03T08:52:46</time>
			</trkpt>
			<trkpt lat="48.9283599704504" lon="3.0643899366259575">
				<ele>96.0</ele>
				<time>2020-07-03T08:52:48</time>
			</trkpt>
			<trkpt lat="48.92833993770182" lon="3.0644999910146">
				<ele>96.0</ele>
				<time>2020-07-03T08:52:49</time>
			</trkpt>
			<trkpt lat="48.92833993770182" lon="3.064539972692728">
				<ele>96.0</ele>
				<time>2020-07-03T08:52:49</time>
			</trkpt>
			<trkpt lat="48.92832996323705" lon="3.0645899288356304">
				<ele>96.0</ele>
				<time>2020-07-03T08:52:50</time>
			</trkpt>
			<trkpt lat="48.92832996323705" lon="3.0646299943327904">
				<ele>96.0</ele>
				<time>2020-07-03T08:52:50</time>
			</trkpt>
			<trkpt lat="48.92832996323705" lon="3.0646599177271128">
				<ele>96.0</ele>
				<time>2020-07-03T08:52:51</time>
			</trkpt>
			<trkpt lat="48.9283599704504" lon="3.0647899210453033">
				<ele>95.0</ele>
				<time>2020-07-03T08:52:52</time>
			</trkpt>
			<trkpt lat="48.92839995212853" lon="3.064949931576848">
				<ele>95.0</ele>
				<time>2020-07-03T08:52:54</time>
			</trkpt>
			<trkpt lat="48.928449992090464" lon="3.065139949321747">
				<ele>95.0</ele>
				<time>2020-07-03T08:52:56</time>
			</trkpt>
			<trkpt lat="48.92864998430014" lon="3.0656999442726374">
				<ele>94.0</ele>
				<time>2020-07-03T08:53:03</time>
			</trkpt>
			<trkpt lat="48.928859950974584" lon="3.0663999170064926">
				<ele>94.0</ele>
				<time>2020-07-03T08:53:11</time>
			</trkpt>
			<trkpt lat="48.92895994707942" lon="3.0666999891400337">
				<ele>94.0</ele>
				<time>2020-07-03T08:53:14</time>
			</trkpt>
			<trkpt lat="48.928969921544194" lon="3.0668099597096443">
				<ele>93.0</ele>
				<time>2020-07-03T08:53:15</time>
			</trkpt>
			<trkpt lat="48.928949972614646" lon="3.0668999813497066">
				<ele>93.0</ele>
				<time>2020-07-03T08:53:16</time>
			</trkpt>
			<trkpt lat="48.92889993265271" lon="3.0669899191707373">
				<ele>93.0</ele>
				<time>2020-07-03T08:53:18</time>
			</trkpt>
			<trkpt lat="48.928689965978265" lon="3.067179936915636">
				<ele>92.0</ele>
				<time>2020-07-03T08:53:22</time>
			</trkpt>
			<trkpt lat="48.92864998430014" lon="3.0672399513423443">
				<ele>91.0</ele>
				<time>2020-07-03T08:53:23</time>
			</trkpt>
			<trkpt lat="48.92861997708678" lon="3.0673299729824066">
				<ele>91.0</ele>
				<time>2020-07-03T08:53:24</time>
			</trkpt>
			<trkpt lat="48.92852995544672" lon="3.0673299729824066">
				<ele>91.0</ele>
				<time>2020-07-03T08:53:25</time>
			</trkpt>
			<trkpt lat="48.92850992269814" lon="3.0673399474471807">
				<ele>91.0</ele>
				<time>2020-07-03T08:53:25</time>
			</trkpt>
			<trkpt lat="48.928449992090464" lon="3.0673599801957607">
				<ele>91.0</ele>
				<time>2020-07-03T08:53:26</time>
			</trkpt>
			<trkpt lat="48.928409926593304" lon="3.067369954660535">
				<ele>91.0</ele>
				<time>2020-07-03T08:53:27</time>
			</trkpt>
			<trkpt lat="48.92824999988079" lon="3.067429969087243">
				<ele>91.0</ele>
				<time>2020-07-03T08:53:30</time>
			</trkpt>
			<trkpt lat="48.928089989349246" lon="3.0674999579787254">
				<ele>92.0</ele>
				<time>2020-07-03T08:53:32</time>
			</trkpt>
			<trkpt lat="48.927959986031055" lon="3.0675599724054337">
				<ele>92.0</ele>
				<time>2020-07-03T08:53:34</time>
			</trkpt>
			<trkpt lat="48.92788999713957" lon="3.067629961296916">
				<ele>92.0</ele>
				<time>2020-07-03T08:53:36</time>
			</trkpt>
			<trkpt lat="48.92783995717764" lon="3.0677199829369783">
				<ele>92.0</ele>
				<time>2020-07-03T08:53:37</time>
			</trkpt>
			<trkpt lat="48.927829982712865" lon="3.0677499901503325">
				<ele>92.0</ele>
				<time>2020-07-03T08:53:37</time>
			</trkpt>
			<trkpt lat="48.92770995385945" lon="3.0680099967867136">
				<ele>93.0</ele>
				<time>2020-07-03T08:53:41</time>
			</trkpt>
			<trkpt lat="48.927639964967966" lon="3.0681499745696783">
				<ele>93.0</ele>
				<time>2020-07-03T08:53:43</time>
			</trkpt>
			<trkpt lat="48.92757995054126" lon="3.0682499706745148">
				<ele>93.0</ele>
				<time>2020-07-03T08:53:44</time>
			</trkpt>
			<trkpt lat="48.92736998386681" lon="3.06849991902709">
				<ele>94.0</ele>
				<time>2020-07-03T08:53:48</time>
			</trkpt>
			<trkpt lat="48.92733997665346" lon="3.0685599334537983">
				<ele>94.0</ele>
				<time>2020-07-03T08:53:49</time>
			</trkpt>
			<trkpt lat="48.92731994390488" lon="3.0685999989509583">
				<ele>94.0</ele>
				<time>2020-07-03T08:53:50</time>
			</trkpt>
			<trkpt lat="48.92729999497533" lon="3.0686399806290865">
				<ele>94.0</ele>
				<time>2020-07-03T08:53:50</time>
			</trkpt>
			<trkpt lat="48.92729999497533" lon="3.068689936771989">
				<ele>94.0</ele>
				<time>2020-07-03T08:53:51</time>
			</trkpt>
			<trkpt lat="48.92727996222675" lon="3.0688399728387594">
				<ele>94.0</ele>
				<time>2020-07-03T08:53:52</time>
			</trkpt>
			<trkpt lat="48.92727996222675" lon="3.0689299944788218">
				<ele>93.0</ele>
				<time>2020-07-03T08:53:53</time>
			</trkpt>
			<trkpt lat="48.92729999497533" lon="3.069229982793331">
				<ele>92.0</ele>
				<time>2020-07-03T08:53:56</time>
			</trkpt>
			<trkpt lat="48.927379958331585" lon="3.070029951632023">
				<ele>91.0</ele>
				<time>2020-07-03T08:54:05</time>
			</trkpt>
			<trkpt lat="48.92738993279636" lon="3.070109998807311">
				<ele>91.0</ele>
				<time>2020-07-03T08:54:06</time>
			</trkpt>
			<trkpt lat="48.927399991080165" lon="3.0702099949121475">
				<ele>91.0</ele>
				<time>2020-07-03T08:54:07</time>
			</trkpt>
			<trkpt lat="48.92742999829352" lon="3.0703899543732405">
				<ele>92.0</ele>
				<time>2020-07-03T08:54:09</time>
			</trkpt>
			<trkpt lat="48.92745992168784" lon="3.0706299282610416">
				<ele>92.0</ele>
				<time>2020-07-03T08:54:11</time>
			</trkpt>
			<trkpt lat="48.927489928901196" lon="3.0707899387925863">
				<ele>92.0</ele>
				<time>2020-07-03T08:54:13</time>
			</trkpt>
			<trkpt lat="48.92755991779268" lon="3.0710999853909016">
				<ele>93.0</ele>
				<time>2020-07-03T08:54:17</time>
			</trkpt>
			<trkpt lat="48.92757995054126" lon="3.071229988709092">
				<ele>93.0</ele>
				<time>2020-07-03T08:54:18</time>
			</trkpt>
			<trkpt lat="48.92757995054126" lon="3.0712999776005745">
				<ele>94.0</ele>
				<time>2020-07-03T08:54:19</time>
			</trkpt>
			<trkpt lat="48.92758992500603" lon="3.071459988132119">
				<ele>94.0</ele>
				<time>2020-07-03T08:54:20</time>
			</trkpt>
			<trkpt lat="48.92758992500603" lon="3.0715899914503098">
				<ele>95.0</ele>
				<time>2020-07-03T08:54:22</time>
			</trkpt>
			<trkpt lat="48.92757995054126" lon="3.0717699509114027">
				<ele>95.0</ele>
				<time>2020-07-03T08:54:24</time>
			</trkpt>
			<trkpt lat="48.92747995443642" lon="3.0735199246555567">
				<ele>100.0</ele>
				<time>2020-07-03T08:54:42</time>
			</trkpt>
			<trkpt lat="48.927489928901196" lon="3.074009930714965">
				<ele>102.0</ele>
				<time>2020-07-03T08:54:47</time>
			</trkpt>
			<trkpt lat="48.92746997997165" lon="3.074939986690879">
				<ele>105.0</ele>
				<time>2020-07-03T08:54:57</time>
			</trkpt>
			<trkpt lat="48.92744994722307" lon="3.075549937784672">
				<ele>107.0</ele>
				<time>2020-07-03T08:55:03</time>
			</trkpt>
			<trkpt lat="48.92743997275829" lon="3.0757199227809906">
				<ele>107.0</ele>
				<time>2020-07-03T08:55:05</time>
			</trkpt>
			<trkpt lat="48.927399991080165" lon="3.076119991019368">
				<ele>108.0</ele>
				<time>2020-07-03T08:55:10</time>
			</trkpt>
			<trkpt lat="48.92738993279636" lon="3.076239936053753">
				<ele>109.0</ele>
				<time>2020-07-03T08:55:11</time>
			</trkpt>
			<trkpt lat="48.927229922264814" lon="3.0777099542319775">
				<ele>112.0</ele>
				<time>2020-07-03T08:55:26</time>
			</trkpt>
			<trkpt lat="48.92710997723043" lon="3.0786799918860197">
				<ele>112.0</ele>
				<time>2020-07-03T08:55:37</time>
			</trkpt>
			<trkpt lat="48.92680998891592" lon="3.0810499750077724">
				<ele>117.0</ele>
				<time>2020-07-03T08:56:02</time>
			</trkpt>
			<trkpt lat="48.926669927313924" lon="3.08226996101439">
				<ele>122.0</ele>
				<time>2020-07-03T08:56:15</time>
			</trkpt>
			<trkpt lat="48.92663992010057" lon="3.0826199892908335">
				<ele>123.0</ele>
				<time>2020-07-03T08:56:19</time>
			</trkpt>
			<trkpt lat="48.926629945635796" lon="3.0827999487519264">
				<ele>124.0</ele>
				<time>2020-07-03T08:56:21</time>
			</trkpt>
			<trkpt lat="48.926629945635796" lon="3.082929952070117">
				<ele>124.0</ele>
				<time>2020-07-03T08:56:22</time>
			</trkpt>
			<trkpt lat="48.92663992010057" lon="3.0830399226397276">
				<ele>124.0</ele>
				<time>2020-07-03T08:56:23</time>
			</trkpt>
			<trkpt lat="48.92667998559773" lon="3.0832699220627546">
				<ele>125.0</ele>
				<time>2020-07-03T08:56:26</time>
			</trkpt>
			<trkpt lat="48.92674997448921" lon="3.0835099797695875">
				<ele>126.0</ele>
				<time>2020-07-03T08:56:29</time>
			</trkpt>
			<trkpt lat="48.926819963380694" lon="3.083819942548871">
				<ele>126.0</ele>
				<time>2020-07-03T08:56:32</time>
			</trkpt>
			<trkpt lat="48.9268799778074" lon="3.0841199308633804">
				<ele>126.0</ele>
				<time>2020-07-03T08:56:35</time>
			</trkpt>
			<trkpt lat="48.92690998502076" lon="3.0843699630349874">
				<ele>127.0</ele>
				<time>2020-07-03T08:56:38</time>
			</trkpt>
			<trkpt lat="48.926949966698885" lon="3.0845999624580145">
				<ele>128.0</ele>
				<time>2020-07-03T08:56:41</time>
			</trkpt>
			<trkpt lat="48.92695994116366" lon="3.084759972989559">
				<ele>128.0</ele>
				<time>2020-07-03T08:56:42</time>
			</trkpt>
			<trkpt lat="48.92698994837701" lon="3.0850399285554886">
				<ele>129.0</ele>
				<time>2020-07-03T08:56:45</time>
			</trkpt>
			<trkpt lat="48.92698994837701" lon="3.085209997370839">
				<ele>130.0</ele>
				<time>2020-07-03T08:56:47</time>
			</trkpt>
			<trkpt lat="48.92697997391224" lon="3.085349975153804">
				<ele>130.0</ele>
				<time>2020-07-03T08:56:49</time>
			</trkpt>
			<trkpt lat="48.92695994116366" lon="3.085569916293025">
				<ele>130.0</ele>
				<time>2020-07-03T08:56:51</time>
			</trkpt>
			<trkpt lat="48.9268699195236" lon="3.086019940674305">
				<ele>130.0</ele>
				<time>2020-07-03T08:56:56</time>
			</trkpt>
			<trkpt lat="48.92676992341876" lon="3.0865199211984873">
				<ele>126.0</ele>
				<time>2020-07-03T08:57:01</time>
			</trkpt>
			<trkpt lat="48.92674997448921" lon="3.0866199173033237">
				<ele>126.0</ele>
				<time>2020-07-03T08:57:02</time>
			</trkpt>
			<trkpt lat="48.926649978384376" lon="3.0870499927550554">
				<ele>121.0</ele>
				<time>2020-07-03T08:57:07</time>
			</trkpt>
			<trkpt lat="48.92658996395767" lon="3.0872799921780825">
				<ele>118.0</ele>
				<time>2020-07-03T08:57:10</time>
			</trkpt>
			<trkpt lat="48.92655995674431" lon="3.0874299444258213">
				<ele>117.0</ele>
				<time>2020-07-03T08:57:12</time>
			</trkpt>
			<trkpt lat="48.92652994953096" lon="3.0877699982374907">
				<ele>116.0</ele>
				<time>2020-07-03T08:57:15</time>
			</trkpt>
			<trkpt lat="48.92653992399573" lon="3.0880899354815483">
				<ele>115.0</ele>
				<time>2020-07-03T08:57:19</time>
			</trkpt>
			<trkpt lat="48.92656993120909" lon="3.088329993188381">
				<ele>115.0</ele>
				<time>2020-07-03T08:57:21</time>
			</trkpt>
			<trkpt lat="48.92661997117102" lon="3.0885999742895365">
				<ele>114.0</ele>
				<time>2020-07-03T08:57:24</time>
			</trkpt>
			<trkpt lat="48.926819963380694" lon="3.090259926393628">
				<ele>109.0</ele>
				<time>2020-07-03T08:57:42</time>
			</trkpt>
			<trkpt lat="48.926839996129274" lon="3.0903799552470446">
				<ele>109.0</ele>
				<time>2020-07-03T08:57:43</time>
			</trkpt>
			<trkpt lat="48.926839996129274" lon="3.090419936925173">
				<ele>109.0</ele>
				<time>2020-07-03T08:57:44</time>
			</trkpt>
			<trkpt lat="48.92688995227218" lon="3.0905599985271692">
				<ele>109.0</ele>
				<time>2020-07-03T08:57:45</time>
			</trkpt>
			<trkpt lat="48.92688995227218" lon="3.0905699729919434">
				<ele>109.0</ele>
				<time>2020-07-03T08:57:45</time>
			</trkpt>
			<trkpt lat="48.92701995559037" lon="3.0909799318760633">
				<ele>111.0</ele>
				<time>2020-07-03T08:57:50</time>
			</trkpt>
			<trkpt lat="48.92703998833895" lon="3.0910399463027716">
				<ele>112.0</ele>
				<time>2020-07-03T08:57:51</time>
			</trkpt>
			<trkpt lat="48.927059937268496" lon="3.0910899862647057">
				<ele>113.0</ele>
				<time>2020-07-03T08:57:51</time>
			</trkpt>
			<trkpt lat="48.927119951695204" lon="3.0912499967962503">
				<ele>114.0</ele>
				<time>2020-07-03T08:57:53</time>
			</trkpt>
			<trkpt lat="48.927229922264814" lon="3.091599941253662">
				<ele>116.0</ele>
				<time>2020-07-03T08:57:57</time>
			</trkpt>
			<trkpt lat="48.92727996222675" lon="3.0919299367815256">
				<ele>119.0</ele>
				<time>2020-07-03T08:58:01</time>
			</trkpt>
			<trkpt lat="48.92733997665346" lon="3.092479957267642">
				<ele>124.0</ele>
				<time>2020-07-03T08:58:07</time>
			</trkpt>
			<trkpt lat="48.92733997665346" lon="3.092729989439249">
				<ele>125.0</ele>
				<time>2020-07-03T08:58:09</time>
			</trkpt>
			<trkpt lat="48.92736998386681" lon="3.0936799943447113">
				<ele>132.0</ele>
				<time>2020-07-03T08:58:19</time>
			</trkpt>
			<trkpt lat="48.92738993279636" lon="3.093809997662902">
				<ele>133.0</ele>
				<time>2020-07-03T08:58:21</time>
			</trkpt>
			<trkpt lat="48.92743997275829" lon="3.0939499754458666">
				<ele>134.0</ele>
				<time>2020-07-03T08:58:23</time>
			</trkpt>
			<trkpt lat="48.927679946646094" lon="3.0945599265396595">
				<ele>138.0</ele>
				<time>2020-07-03T08:58:30</time>
			</trkpt>
			<trkpt lat="48.92781992442906" lon="3.0948399659246206">
				<ele>139.0</ele>
				<time>2020-07-03T08:58:34</time>
			</trkpt>
			<trkpt lat="48.92785998992622" lon="3.0949899181723595">
				<ele>140.0</ele>
				<time>2020-07-03T08:58:35</time>
			</trkpt>
			<trkpt lat="48.92787993885577" lon="3.095149928703904">
				<ele>140.0</ele>
				<time>2020-07-03T08:58:37</time>
			</trkpt>
			<trkpt lat="48.92788999713957" lon="3.0953199975192547">
				<ele>141.0</ele>
				<time>2020-07-03T08:58:39</time>
			</trkpt>
			<trkpt lat="48.92787993885577" lon="3.0956999491900206">
				<ele>142.0</ele>
				<time>2020-07-03T08:58:43</time>
			</trkpt>
			<trkpt lat="48.92786996439099" lon="3.0961399991065264">
				<ele>144.0</ele>
				<time>2020-07-03T08:58:48</time>
			</trkpt>
			<trkpt lat="48.92788999713957" lon="3.096489943563938">
				<ele>144.0</ele>
				<time>2020-07-03T08:58:51</time>
			</trkpt>
			<trkpt lat="48.92790994606912" lon="3.0966399796307087">
				<ele>144.0</ele>
				<time>2020-07-03T08:58:53</time>
			</trkpt>
			<trkpt lat="48.92800994217396" lon="3.0971899162977934">
				<ele>144.0</ele>
				<time>2020-07-03T08:58:59</time>
			</trkpt>
			<trkpt lat="48.928109938278794" lon="3.0976099334657192">
				<ele>145.0</ele>
				<time>2020-07-03T08:59:04</time>
			</trkpt>
			<trkpt lat="48.92821999266744" lon="3.098049983382225">
				<ele>144.0</ele>
				<time>2020-07-03T08:59:09</time>
			</trkpt>
			<trkpt lat="48.92827992327511" lon="3.098309990018606">
				<ele>144.0</ele>
				<time>2020-07-03T08:59:11</time>
			</trkpt>
			<trkpt lat="48.928519980981946" lon="3.099339958280325">
				<ele>143.0</ele>
				<time>2020-07-03T08:59:23</time>
			</trkpt>
			<trkpt lat="48.928579995408654" lon="3.0997199937701225">
				<ele>142.0</ele>
				<time>2020-07-03T08:59:27</time>
			</trkpt>
			<trkpt lat="48.92863992601633" lon="3.100199941545725">
				<ele>142.0</ele>
				<time>2020-07-03T08:59:32</time>
			</trkpt>
			<trkpt lat="48.92869994044304" lon="3.100699922069907">
				<ele>143.0</ele>
				<time>2020-07-03T08:59:38</time>
			</trkpt>
			<trkpt lat="48.92874998040497" lon="3.1009999942034483">
				<ele>144.0</ele>
				<time>2020-07-03T08:59:41</time>
			</trkpt>
			<trkpt lat="48.92880999483168" lon="3.1014899164438248">
				<ele>145.0</ele>
				<time>2020-07-03T08:59:46</time>
			</trkpt>
			<trkpt lat="48.92891996540129" lon="3.102969992905855">
				<ele>145.0</ele>
				<time>2020-07-03T09:00:02</time>
			</trkpt>
			<trkpt lat="48.92905994318426" lon="3.1050299294292927">
				<ele>145.0</ele>
				<time>2020-07-03T09:00:23</time>
			</trkpt>
			<trkpt lat="48.92908995039761" lon="3.1052199471741915">
				<ele>145.0</ele>
				<time>2020-07-03T09:00:26</time>
			</trkpt>
			<trkpt lat="48.929309975355864" lon="3.106519980356097">
				<ele>145.0</ele>
				<time>2020-07-03T09:00:40</time>
			</trkpt>
			<trkpt lat="48.92933998256922" lon="3.106859950348735">
				<ele>145.0</ele>
				<time>2020-07-03T09:00:43</time>
			</trkpt>
			<trkpt lat="48.929379964247346" lon="3.1075099669396877">
				<ele>144.0</ele>
				<time>2020-07-03T09:00:50</time>
			</trkpt>
			<trkpt lat="48.92938993871212" lon="3.1079599913209677">
				<ele>144.0</ele>
				<time>2020-07-03T09:00:55</time>
			</trkpt>
			<trkpt lat="48.929359931498766" lon="3.108659964054823">
				<ele>143.0</ele>
				<time>2020-07-03T09:01:02</time>
			</trkpt>
			<trkpt lat="48.92920997925103" lon="3.11103992164135">
				<ele>143.0</ele>
				<time>2020-07-03T09:01:27</time>
			</trkpt>
			<trkpt lat="48.92919992096722" lon="3.1112099904567003">
				<ele>143.0</ele>
				<time>2020-07-03T09:01:29</time>
			</trkpt>
			<trkpt lat="48.92908995039761" lon="3.1118799559772015">
				<ele>143.0</ele>
				<time>2020-07-03T09:01:36</time>
			</trkpt>
			<trkpt lat="48.92906991764903" lon="3.112199977040291">
				<ele>143.0</ele>
				<time>2020-07-03T09:01:40</time>
			</trkpt>
			<trkpt lat="48.929139990359545" lon="3.113039927557111">
				<ele>142.0</ele>
				<time>2020-07-03T09:01:49</time>
			</trkpt>
			<trkpt lat="48.92912993207574" lon="3.113329941406846">
				<ele>142.0</ele>
				<time>2020-07-03T09:01:52</time>
			</trkpt>
			<trkpt lat="48.92905994318426" lon="3.1137399841099977">
				<ele>142.0</ele>
				<time>2020-07-03T09:01:56</time>
			</trkpt>
			<trkpt lat="48.928839918226004" lon="3.1145599856972694">
				<ele>143.0</ele>
				<time>2020-07-03T09:02:06</time>
			</trkpt>
			<trkpt lat="48.92872994765639" lon="3.1149999517947435">
				<ele>143.0</ele>
				<time>2020-07-03T09:02:11</time>
			</trkpt>
			<trkpt lat="48.92848997376859" lon="3.11597996391356">
				<ele>143.0</ele>
				<time>2020-07-03T09:02:22</time>
			</trkpt>
			<trkpt lat="48.92830993048847" lon="3.1167299766093493">
				<ele>144.0</ele>
				<time>2020-07-03T09:02:30</time>
			</trkpt>
			<trkpt lat="48.928239941596985" lon="3.117089979350567">
				<ele>144.0</ele>
				<time>2020-07-03T09:02:34</time>
			</trkpt>
			<trkpt lat="48.92819995991886" lon="3.1173899676650763">
				<ele>144.0</ele>
				<time>2020-07-03T09:02:37</time>
			</trkpt>
			<trkpt lat="48.92818998545408" lon="3.117729937657714">
				<ele>144.0</ele>
				<time>2020-07-03T09:02:41</time>
			</trkpt>
			<trkpt lat="48.928259974345565" lon="3.1181499548256397">
				<ele>144.0</ele>
				<time>2020-07-03T09:02:45</time>
			</trkpt>
			<trkpt lat="48.92833993770182" lon="3.1184899248182774">
				<ele>145.0</ele>
				<time>2020-07-03T09:02:49</time>
			</trkpt>
			<trkpt lat="48.92850992269814" lon="3.1191399414092302">
				<ele>146.0</ele>
				<time>2020-07-03T09:02:56</time>
			</trkpt>
			<trkpt lat="48.92852995544672" lon="3.119309926405549">
				<ele>146.0</ele>
				<time>2020-07-03T09:02:58</time>
			</trkpt>
			<trkpt lat="48.9285499881953" lon="3.1196699291467667">
				<ele>147.0</ele>
				<time>2020-07-03T09:03:02</time>
			</trkpt>
			<trkpt lat="48.928539929911494" lon="3.120199916884303">
				<ele>148.0</ele>
				<time>2020-07-03T09:03:08</time>
			</trkpt>
			<trkpt lat="48.92848997376859" lon="3.1207599956542253">
				<ele>148.0</ele>
				<time>2020-07-03T09:03:14</time>
			</trkpt>
			<trkpt lat="48.928429959341884" lon="3.121159980073571">
				<ele>149.0</ele>
				<time>2020-07-03T09:03:18</time>
			</trkpt>
			<trkpt lat="48.92839995212853" lon="3.121319990605116">
				<ele>149.0</ele>
				<time>2020-07-03T09:03:20</time>
			</trkpt>
			<trkpt lat="48.92834999598563" lon="3.1216099206358194">
				<ele>149.0</ele>
				<time>2020-07-03T09:03:23</time>
			</trkpt>
			<trkpt lat="48.928109938278794" lon="3.122679954394698">
				<ele>150.0</ele>
				<time>2020-07-03T09:03:35</time>
			</trkpt>
			<trkpt lat="48.92805998213589" lon="3.1231799349188805">
				<ele>150.0</ele>
				<time>2020-07-03T09:03:40</time>
			</trkpt>
			<trkpt lat="48.92801991663873" lon="3.1236099265515804">
				<ele>150.0</ele>
				<time>2020-07-03T09:03:45</time>
			</trkpt>
			<trkpt lat="48.927959986031055" lon="3.1242699176073074">
				<ele>149.0</ele>
				<time>2020-07-03T09:03:52</time>
			</trkpt>
			<trkpt lat="48.927999967709184" lon="3.124399920925498">
				<ele>149.0</ele>
				<time>2020-07-03T09:03:53</time>
			</trkpt>
			<trkpt lat="48.92822996713221" lon="3.1247599236667156">
				<ele>148.0</ele>
				<time>2020-07-03T09:03:58</time>
			</trkpt>
			<trkpt lat="48.92834999598563" lon="3.1249599996954203">
				<ele>147.0</ele>
				<time>2020-07-03T09:04:01</time>
			</trkpt>
			<trkpt lat="48.92848997376859" lon="3.1251699663698673">
				<ele>147.0</ele>
				<time>2020-07-03T09:04:04</time>
			</trkpt>
			<trkpt lat="48.92889993265271" lon="3.125739935785532">
				<ele>143.0</ele>
				<time>2020-07-03T09:04:13</time>
			</trkpt>
			<trkpt lat="48.928949972614646" lon="3.125789975747466">
				<ele>143.0</ele>
				<time>2020-07-03T09:04:14</time>
			</trkpt>
			<trkpt lat="48.92920997925103" lon="3.1261199712753296">
				<ele>140.0</ele>
				<time>2020-07-03T09:04:20</time>
			</trkpt>
			<trkpt lat="48.929359931498766" lon="3.1262999307364225">
				<ele>139.0</ele>
				<time>2020-07-03T09:04:23</time>
			</trkpt>
			<trkpt lat="48.929419945925474" lon="3.1262699235230684">
				<ele>139.0</ele>
				<time>2020-07-03T09:04:24</time>
			</trkpt>
			<trkpt lat="48.92951994203031" lon="3.126219967380166">
				<ele>138.0</ele>
				<time>2020-07-03T09:04:25</time>
			</trkpt>
			<trkpt lat="48.929789923131466" lon="3.1260799895972013">
				<ele>137.0</ele>
				<time>2020-07-03T09:04:30</time>
			</trkpt>
			<trkpt lat="48.93127997405827" lon="3.1253499258309603">
				<ele>130.0</ele>
				<time>2020-07-03T09:04:55</time>
			</trkpt>
			<trkpt lat="48.93307998776436" lon="3.124469993636012">
				<ele>120.0</ele>
				<time>2020-07-03T09:05:25</time>
			</trkpt>
			<trkpt lat="48.933269921690226" lon="3.1243699975311756">
				<ele>119.0</ele>
				<time>2020-07-03T09:05:29</time>
			</trkpt>
			<trkpt lat="48.93381994217634" lon="3.1241099908947945">
				<ele>117.0</ele>
				<time>2020-07-03T09:05:38</time>
			</trkpt>
			<trkpt lat="48.93451999872923" lon="3.123759962618351">
				<ele>116.0</ele>
				<time>2020-07-03T09:05:50</time>
			</trkpt>
			<trkpt lat="48.93512994982302" lon="3.1234399415552616">
				<ele>114.0</ele>
				<time>2020-07-03T09:06:00</time>
			</trkpt>
			<trkpt lat="48.93540998920798" lon="3.123299963772297">
				<ele>111.0</ele>
				<time>2020-07-03T09:06:05</time>
			</trkpt>
			<trkpt lat="48.93569991923869" lon="3.1231499277055264">
				<ele>107.0</ele>
				<time>2020-07-03T09:06:09</time>
			</trkpt>
			<trkpt lat="48.935889936983585" lon="3.12306996434927">
				<ele>106.0</ele>
				<time>2020-07-03T09:06:13</time>
			</trkpt>
			<trkpt lat="48.9362499397248" lon="3.122929986566305">
				<ele>105.0</ele>
				<time>2020-07-03T09:06:19</time>
			</trkpt>
			<trkpt lat="48.93655998632312" lon="3.122819932177663">
				<ele>104.0</ele>
				<time>2020-07-03T09:06:24</time>
			</trkpt>
			<trkpt lat="48.936879923567176" lon="3.1227099616080523">
				<ele>103.0</ele>
				<time>2020-07-03T09:06:29</time>
			</trkpt>
			<trkpt lat="48.9372999407351" lon="3.1225499510765076">
				<ele>101.0</ele>
				<time>2020-07-03T09:06:36</time>
			</trkpt>
			<trkpt lat="48.93819998949766" lon="3.12220998108387">
				<ele>95.0</ele>
				<time>2020-07-03T09:06:51</time>
			</trkpt>
			<trkpt lat="48.93857994116843" lon="3.1220299378037453">
				<ele>96.0</ele>
				<time>2020-07-03T09:06:57</time>
			</trkpt>
			<trkpt lat="48.93871991895139" lon="3.121949974447489">
				<ele>95.0</ele>
				<time>2020-07-03T09:06:59</time>
			</trkpt>
			<trkpt lat="48.93885998055339" lon="3.1218599528074265">
				<ele>94.0</ele>
				<time>2020-07-03T09:07:02</time>
			</trkpt>
			<trkpt lat="48.93931997939944" lon="3.121529957279563">
				<ele>88.0</ele>
				<time>2020-07-03T09:07:10</time>
			</trkpt>
			<trkpt lat="48.93946993164718" lon="3.1214199867099524">
				<ele>87.0</ele>
				<time>2020-07-03T09:07:13</time>
			</trkpt>
			<trkpt lat="48.9396399166435" lon="3.121289983391762">
				<ele>86.0</ele>
				<time>2020-07-03T09:07:16</time>
			</trkpt>
			<trkpt lat="48.93989992327988" lon="3.121109940111637">
				<ele>83.0</ele>
				<time>2020-07-03T09:07:20</time>
			</trkpt>
			<trkpt lat="48.940119948238134" lon="3.1209699623286724">
				<ele>80.0</ele>
				<time>2020-07-03T09:07:24</time>
			</trkpt>
			<trkpt lat="48.94029999151826" lon="3.120869966223836">
				<ele>79.0</ele>
				<time>2020-07-03T09:07:27</time>
			</trkpt>
			<trkpt lat="48.94045991823077" lon="3.1207999773323536">
				<ele>79.0</ele>
				<time>2020-07-03T09:07:30</time>
			</trkpt>
			<trkpt lat="48.94053996540606" lon="3.1207599956542253">
				<ele>79.0</ele>
				<time>2020-07-03T09:07:31</time>
			</trkpt>
			<trkpt lat="48.94062998704612" lon="3.1207399629056454">
				<ele>78.0</ele>
				<time>2020-07-03T09:07:33</time>
			</trkpt>
			<trkpt lat="48.94075999036431" lon="3.1207099556922913">
				<ele>78.0</ele>
				<time>2020-07-03T09:07:35</time>
			</trkpt>
			<trkpt lat="48.94092997536063" lon="3.120679948478937">
				<ele>75.0</ele>
				<time>2020-07-03T09:07:38</time>
			</trkpt>
			<trkpt lat="48.941109934821725" lon="3.120659999549389">
				<ele>72.0</ele>
				<time>2020-07-03T09:07:40</time>
			</trkpt>
			<trkpt lat="48.94117992371321" lon="3.120649941265583">
				<ele>72.0</ele>
				<time>2020-07-03T09:07:42</time>
			</trkpt>
			<trkpt lat="48.94132995977998" lon="3.120659999549389">
				<ele>71.0</ele>
				<time>2020-07-03T09:07:44</time>
			</trkpt>
			<trkpt lat="48.94219991751015" lon="3.120659999549389">
				<ele>64.0</ele>
				<time>2020-07-03T09:07:58</time>
			</trkpt>
			<trkpt lat="48.94282998517156" lon="3.120659999549389">
				<ele>60.0</ele>
				<time>2020-07-03T09:08:08</time>
			</trkpt>
			<trkpt lat="48.943189987912774" lon="3.120679948478937">
				<ele>58.0</ele>
				<time>2020-07-03T09:08:14</time>
			</trkpt>
			<trkpt lat="48.94335997290909" lon="3.1206899229437113">
				<ele>58.0</ele>
				<time>2020-07-03T09:08:16</time>
			</trkpt>
			<trkpt lat="48.943559965118766" lon="3.1207199301570654">
				<ele>56.0</ele>
				<time>2020-07-03T09:08:20</time>
			</trkpt>
			<trkpt lat="48.9434699434787" lon="3.121479917317629">
				<ele>55.0</ele>
				<time>2020-07-03T09:08:28</time>
			</trkpt>
			<trkpt lat="48.94334999844432" lon="3.1225299183279276">
				<ele>53.0</ele>
				<time>2020-07-03T09:08:39</time>
			</trkpt>
			<trkpt lat="48.94333994016051" lon="3.122649947181344">
				<ele>52.0</ele>
				<time>2020-07-03T09:08:40</time>
			</trkpt>
			<trkpt lat="48.943279925733805" lon="3.12308999709785">
				<ele>52.0</ele>
				<time>2020-07-03T09:08:45</time>
			</trkpt>
			<trkpt lat="48.94326995126903" lon="3.123159985989332">
				<ele>52.0</ele>
				<time>2020-07-03T09:08:46</time>
			</trkpt>
			<trkpt lat="48.94324991852045" lon="3.123319996520877">
				<ele>52.0</ele>
				<time>2020-07-03T09:08:47</time>
			</trkpt>
			<trkpt lat="48.9432299695909" lon="3.1234099343419075">
				<ele>52.0</ele>
				<time>2020-07-03T09:08:48</time>
			</trkpt>
			<trkpt lat="48.9432299695909" lon="3.123549995943904">
				<ele>52.0</ele>
				<time>2020-07-03T09:08:50</time>
			</trkpt>
			<trkpt lat="48.9432299695909" lon="3.1236699409782887">
				<ele>52.0</ele>
				<time>2020-07-03T09:08:51</time>
			</trkpt>
			<trkpt lat="48.9432299695909" lon="3.1236799992620945">
				<ele>52.0</ele>
				<time>2020-07-03T09:08:51</time>
			</trkpt>
			<trkpt lat="48.94321999512613" lon="3.1236899737268686">
				<ele>52.0</ele>
				<time>2020-07-03T09:08:52</time>
			</trkpt>
			<trkpt lat="48.94320993684232" lon="3.1236999481916428">
				<ele>52.0</ele>
				<time>2020-07-03T09:08:52</time>
			</trkpt>
			<trkpt lat="48.94320993684232" lon="3.123709922656417">
				<ele>52.0</ele>
				<time>2020-07-03T09:08:52</time>
			</trkpt>
			<trkpt lat="48.94319996237755" lon="3.123709922656417">
				<ele>52.0</ele>
				<time>2020-07-03T09:08:52</time>
			</trkpt>
			<trkpt lat="48.94319996237755" lon="3.1237199809402227">
				<ele>52.0</ele>
				<time>2020-07-03T09:08:52</time>
			</trkpt>
			<trkpt lat="48.943189987912774" lon="3.123729955404997">
				<ele>52.0</ele>
				<time>2020-07-03T09:08:52</time>
			</trkpt>
			<trkpt lat="48.943189987912774" lon="3.123739929869771">
				<ele>52.0</ele>
				<time>2020-07-03T09:08:52</time>
			</trkpt>
			<trkpt lat="48.943189987912774" lon="3.123749988153577">
				<ele>52.0</ele>
				<time>2020-07-03T09:08:52</time>
			</trkpt>
			<trkpt lat="48.943189987912774" lon="3.123759962618351">
				<ele>52.0</ele>
				<time>2020-07-03T09:08:53</time>
			</trkpt>
			<trkpt lat="48.94317992962897" lon="3.123769937083125">
				<ele>52.0</ele>
				<time>2020-07-03T09:08:53</time>
			</trkpt>
			<trkpt lat="48.94317992962897" lon="3.123779995366931">
				<ele>52.0</ele>
				<time>2020-07-03T09:08:53</time>
			</trkpt>
			<trkpt lat="48.94317992962897" lon="3.123789969831705">
				<ele>52.0</ele>
				<time>2020-07-03T09:08:53</time>
			</trkpt>
			<trkpt lat="48.94317992962897" lon="3.1237999442964792">
				<ele>52.0</ele>
				<time>2020-07-03T09:08:53</time>
			</trkpt>
			<trkpt lat="48.94317992962897" lon="3.1238099187612534">
				<ele>52.0</ele>
				<time>2020-07-03T09:08:53</time>
			</trkpt>
			<trkpt lat="48.94317992962897" lon="3.123819977045059">
				<ele>52.0</ele>
				<time>2020-07-03T09:08:53</time>
			</trkpt>
			<trkpt lat="48.94317992962897" lon="3.1238299515098333">
				<ele>52.0</ele>
				<time>2020-07-03T09:08:53</time>
			</trkpt>
			<trkpt lat="48.94317992962897" lon="3.1238399259746075">
				<ele>52.0</ele>
				<time>2020-07-03T09:08:54</time>
			</trkpt>
			<trkpt lat="48.94317992962897" lon="3.1238499842584133">
				<ele>52.0</ele>
				<time>2020-07-03T09:08:54</time>
			</trkpt>
			<trkpt lat="48.943189987912774" lon="3.1238599587231874">
				<ele>53.0</ele>
				<time>2020-07-03T09:08:54</time>
			</trkpt>
			<trkpt lat="48.943189987912774" lon="3.1238699331879616">
				<ele>53.0</ele>
				<time>2020-07-03T09:08:54</time>
			</trkpt>
			<trkpt lat="48.943189987912774" lon="3.1238799914717674">
				<ele>53.0</ele>
				<time>2020-07-03T09:08:54</time>
			</trkpt>
			<trkpt lat="48.943189987912774" lon="3.1238899659365416">
				<ele>53.0</ele>
				<time>2020-07-03T09:08:54</time>
			</trkpt>
			<trkpt lat="48.94319996237755" lon="3.1238999404013157">
				<ele>53.0</ele>
				<time>2020-07-03T09:08:54</time>
			</trkpt>
			<trkpt lat="48.94319996237755" lon="3.1239099986851215">
				<ele>53.0</ele>
				<time>2020-07-03T09:08:54</time>
			</trkpt>
			<trkpt lat="48.94319996237755" lon="3.1239199731498957">
				<ele>53.0</ele>
				<time>2020-07-03T09:08:55</time>
			</trkpt>
			<trkpt lat="48.94320993684232" lon="3.1239199731498957">
				<ele>53.0</ele>
				<time>2020-07-03T09:08:55</time>
			</trkpt>
			<trkpt lat="48.943129973486066" lon="3.1243699975311756">
				<ele>53.0</ele>
				<time>2020-07-03T09:09:00</time>
			</trkpt>
			<trkpt lat="48.94307993352413" lon="3.124699993059039">
				<ele>53.0</ele>
				<time>2020-07-03T09:09:03</time>
			</trkpt>
			<trkpt lat="48.943039951846" lon="3.125049937516451">
				<ele>53.0</ele>
				<time>2020-07-03T09:09:07</time>
			</trkpt>
			<trkpt lat="48.942979937419295" lon="3.125509936362505">
				<ele>54.0</ele>
				<time>2020-07-03T09:09:12</time>
			</trkpt>
			<trkpt lat="48.94289997406304" lon="3.126219967380166">
				<ele>55.0</ele>
				<time>2020-07-03T09:09:19</time>
			</trkpt>
			<trkpt lat="48.94285999238491" lon="3.1265599373728037">
				<ele>56.0</ele>
				<time>2020-07-03T09:09:23</time>
			</trkpt>
			<trkpt lat="48.94280995242298" lon="3.12708992511034">
				<ele>57.0</ele>
				<time>2020-07-03T09:09:29</time>
			</trkpt>
			<trkpt lat="48.94276997074485" lon="3.1273799389600754">
				<ele>57.0</ele>
				<time>2020-07-03T09:09:32</time>
			</trkpt>
			<trkpt lat="48.942759996280074" lon="3.1274299789220095">
				<ele>57.0</ele>
				<time>2020-07-03T09:09:32</time>
			</trkpt>
			<trkpt lat="48.942739963531494" lon="3.127549923956394">
				<ele>57.0</ele>
				<time>2020-07-03T09:09:34</time>
			</trkpt>
			<trkpt lat="48.94272998906672" lon="3.127549923956394">
				<ele>57.0</ele>
				<time>2020-07-03T09:09:34</time>
			</trkpt>
			<trkpt lat="48.942719930782914" lon="3.1275599822402">
				<ele>57.0</ele>
				<time>2020-07-03T09:09:34</time>
			</trkpt>
			<trkpt lat="48.94270995631814" lon="3.1275599822402">
				<ele>57.0</ele>
				<time>2020-07-03T09:09:34</time>
			</trkpt>
			<trkpt lat="48.942699981853366" lon="3.127569956704974">
				<ele>57.0</ele>
				<time>2020-07-03T09:09:34</time>
			</trkpt>
			<trkpt lat="48.94268992356956" lon="3.127569956704974">
				<ele>57.0</ele>
				<time>2020-07-03T09:09:35</time>
			</trkpt>
			<trkpt lat="48.94268992356956" lon="3.1275799311697483">
				<ele>58.0</ele>
				<time>2020-07-03T09:09:35</time>
			</trkpt>
			<trkpt lat="48.942679949104786" lon="3.127589989453554">
				<ele>58.0</ele>
				<time>2020-07-03T09:09:35</time>
			</trkpt>
			<trkpt lat="48.942679949104786" lon="3.1275999639183283">
				<ele>58.0</ele>
				<time>2020-07-03T09:09:35</time>
			</trkpt>
			<trkpt lat="48.94266997464001" lon="3.1275999639183283">
				<ele>58.0</ele>
				<time>2020-07-03T09:09:35</time>
			</trkpt>
			<trkpt lat="48.94266997464001" lon="3.1276099383831024">
				<ele>58.0</ele>
				<time>2020-07-03T09:09:35</time>
			</trkpt>
			<trkpt lat="48.94266997464001" lon="3.1276199966669083">
				<ele>58.0</ele>
				<time>2020-07-03T09:09:35</time>
			</trkpt>
			<trkpt lat="48.942659916356206" lon="3.1276199966669083">
				<ele>58.0</ele>
				<time>2020-07-03T09:09:35</time>
			</trkpt>
			<trkpt lat="48.942659916356206" lon="3.1276299711316824">
				<ele>58.0</ele>
				<time>2020-07-03T09:09:36</time>
			</trkpt>
			<trkpt lat="48.942659916356206" lon="3.1276399455964565">
				<ele>58.0</ele>
				<time>2020-07-03T09:09:36</time>
			</trkpt>
			<trkpt lat="48.94264994189143" lon="3.1276499200612307">
				<ele>58.0</ele>
				<time>2020-07-03T09:09:36</time>
			</trkpt>
			<trkpt lat="48.94264994189143" lon="3.1276599783450365">
				<ele>58.0</ele>
				<time>2020-07-03T09:09:36</time>
			</trkpt>
			<trkpt lat="48.94264994189143" lon="3.1276699528098106">
				<ele>58.0</ele>
				<time>2020-07-03T09:09:36</time>
			</trkpt>
			<trkpt lat="48.94263996742666" lon="3.1276899855583906">
				<ele>58.0</ele>
				<time>2020-07-03T09:09:36</time>
			</trkpt>
			<trkpt lat="48.94263996742666" lon="3.1276999600231647">
				<ele>58.0</ele>
				<time>2020-07-03T09:09:36</time>
			</trkpt>
			<trkpt lat="48.94263996742666" lon="3.127709934487939">
				<ele>58.0</ele>
				<time>2020-07-03T09:09:37</time>
			</trkpt>
			<trkpt lat="48.94263996742666" lon="3.1277199927717447">
				<ele>58.0</ele>
				<time>2020-07-03T09:09:37</time>
			</trkpt>
			<trkpt lat="48.94263996742666" lon="3.127729967236519">
				<ele>58.0</ele>
				<time>2020-07-03T09:09:37</time>
			</trkpt>
			<trkpt lat="48.94263996742666" lon="3.127739941701293">
				<ele>58.0</ele>
				<time>2020-07-03T09:09:37</time>
			</trkpt>
			<trkpt lat="48.94264994189143" lon="3.127739941701293">
				<ele>58.0</ele>
				<time>2020-07-03T09:09:37</time>
			</trkpt>
			<trkpt lat="48.94264994189143" lon="3.127749999985099">
				<ele>58.0</ele>
				<time>2020-07-03T09:09:37</time>
			</trkpt>
			<trkpt lat="48.94264994189143" lon="3.127759974449873">
				<ele>58.0</ele>
				<time>2020-07-03T09:09:37</time>
			</trkpt>
			<trkpt lat="48.94264994189143" lon="3.127769948914647">
				<ele>58.0</ele>
				<time>2020-07-03T09:09:37</time>
			</trkpt>
			<trkpt lat="48.94264994189143" lon="3.1277799233794212">
				<ele>58.0</ele>
				<time>2020-07-03T09:09:37</time>
			</trkpt>
			<trkpt lat="48.942659916356206" lon="3.1277799233794212">
				<ele>58.0</ele>
				<time>2020-07-03T09:09:38</time>
			</trkpt>
			<trkpt lat="48.942659916356206" lon="3.127789981663227">
				<ele>58.0</ele>
				<time>2020-07-03T09:09:38</time>
			</trkpt>
			<trkpt lat="48.942659916356206" lon="3.127799956128001">
				<ele>58.0</ele>
				<time>2020-07-03T09:09:38</time>
			</trkpt>
			<trkpt lat="48.94266997464001" lon="3.1278099305927753">
				<ele>58.0</ele>
				<time>2020-07-03T09:09:38</time>
			</trkpt>
			<trkpt lat="48.94266997464001" lon="3.127819988876581">
				<ele>58.0</ele>
				<time>2020-07-03T09:09:38</time>
			</trkpt>
			<trkpt lat="48.942679949104786" lon="3.127819988876581">
				<ele>58.0</ele>
				<time>2020-07-03T09:09:38</time>
			</trkpt>
			<trkpt lat="48.94257995299995" lon="3.1280599627643824">
				<ele>58.0</ele>
				<time>2020-07-03T09:09:41</time>
			</trkpt>
			<trkpt lat="48.94255992025137" lon="3.1281499844044447">
				<ele>59.0</ele>
				<time>2020-07-03T09:09:42</time>
			</trkpt>
			<trkpt lat="48.94238993525505" lon="3.1285499688237906">
				<ele>59.0</ele>
				<time>2020-07-03T09:09:47</time>
			</trkpt>
			<trkpt lat="48.94186992198229" lon="3.1297199986875057">
				<ele>61.0</ele>
				<time>2020-07-03T09:10:02</time>
			</trkpt>
			<trkpt lat="48.941859947517514" lon="3.129749922081828">
				<ele>61.0</ele>
				<time>2020-07-03T09:10:02</time>
			</trkpt>
			<trkpt lat="48.94184997305274" lon="3.1297799292951822">
				<ele>62.0</ele>
				<time>2020-07-03T09:10:03</time>
			</trkpt>
			<trkpt lat="48.941579991951585" lon="3.130399938672781">
				<ele>63.0</ele>
				<time>2020-07-03T09:10:11</time>
			</trkpt>
			<trkpt lat="48.94148997031152" lon="3.130619963631034">
				<ele>64.0</ele>
				<time>2020-07-03T09:10:13</time>
			</trkpt>
			<trkpt lat="48.941429955884814" lon="3.1307599414139986">
				<ele>64.0</ele>
				<time>2020-07-03T09:10:15</time>
			</trkpt>
			<trkpt lat="48.94137999974191" lon="3.130859937518835">
				<ele>64.0</ele>
				<time>2020-07-03T09:10:16</time>
			</trkpt>
			<trkpt lat="48.94116994924843" lon="3.131319936364889">
				<ele>66.0</ele>
				<time>2020-07-03T09:10:22</time>
			</trkpt>
			<trkpt lat="48.9406399615109" lon="3.1325399223715067">
				<ele>76.0</ele>
				<time>2020-07-03T09:10:38</time>
			</trkpt>
			<trkpt lat="48.940399987623096" lon="3.133079968392849">
				<ele>78.0</ele>
				<time>2020-07-03T09:10:45</time>
			</trkpt>
			<trkpt lat="48.940439969301224" lon="3.1332699861377478">
				<ele>78.0</ele>
				<time>2020-07-03T09:10:47</time>
			</trkpt>
			<trkpt lat="48.94049998372793" lon="3.133489927276969">
				<ele>79.0</ele>
				<time>2020-07-03T09:10:49</time>
			</trkpt>
			<trkpt lat="48.94079997204244" lon="3.134139943867922">
				<ele>81.0</ele>
				<time>2020-07-03T09:10:58</time>
			</trkpt>
			<trkpt lat="48.940849928185344" lon="3.1342699471861124">
				<ele>81.0</ele>
				<time>2020-07-03T09:10:59</time>
			</trkpt>
			<trkpt lat="48.941019997000694" lon="3.1347199715673923">
				<ele>83.0</ele>
				<time>2020-07-03T09:11:05</time>
			</trkpt>
			<trkpt lat="48.94117992371321" lon="3.1351799704134464">
				<ele>85.0</ele>
				<time>2020-07-03T09:11:10</time>
			</trkpt>
			<trkpt lat="48.941299952566624" lon="3.135709958150983">
				<ele>86.0</ele>
				<time>2020-07-03T09:11:16</time>
			</trkpt>
			<trkpt lat="48.94133993424475" lon="3.135949932038784">
				<ele>86.0</ele>
				<time>2020-07-03T09:11:19</time>
			</trkpt>
			<trkpt lat="48.94147999584675" lon="3.1365899741649628">
				<ele>88.0</ele>
				<time>2020-07-03T09:11:26</time>
			</trkpt>
			<trkpt lat="48.94152995198965" lon="3.1367899663746357">
				<ele>89.0</ele>
				<time>2020-07-03T09:11:28</time>
			</trkpt>
			<trkpt lat="48.941669929772615" lon="3.137499997392297">
				<ele>92.0</ele>
				<time>2020-07-03T09:11:36</time>
			</trkpt>
			<trkpt lat="48.94167998805642" lon="3.137569986283779">
				<ele>93.0</ele>
				<time>2020-07-03T09:11:36</time>
			</trkpt>
			<trkpt lat="48.9417399186641" lon="3.1378499418497086">
				<ele>94.0</ele>
				<time>2020-07-03T09:11:40</time>
			</trkpt>
			<trkpt lat="48.941859947517514" lon="3.138179937377572">
				<ele>97.0</ele>
				<time>2020-07-03T09:11:44</time>
			</trkpt>
			<trkpt lat="48.94186011515558" lon="3.1381803564727306">
				<ele>97.0</ele>
				<time>2020-07-03T09:11:44</time>
			</trkpt>
			<trkpt lat="48.941879980266094" lon="3.138229977339506">
				<ele>97.0</ele>
				<time>2020-07-03T09:11:44</time>
			</trkpt>
			<trkpt lat="48.94190998747945" lon="3.1382799334824085">
				<ele>98.0</ele>
				<time>2020-07-03T09:11:45</time>
			</trkpt>
			<trkpt lat="48.942099921405315" lon="3.138609929010272">
				<ele>100.0</ele>
				<time>2020-07-03T09:11:49</time>
			</trkpt>
			<trkpt lat="48.942419942468405" lon="3.139229938387871">
				<ele>104.0</ele>
				<time>2020-07-03T09:11:58</time>
			</trkpt>
			<trkpt lat="48.942549945786595" lon="3.13956999219954">
				<ele>106.0</ele>
				<time>2020-07-03T09:12:02</time>
			</trkpt>
			<trkpt lat="48.942589927464724" lon="3.1398299988359213">
				<ele>107.0</ele>
				<time>2020-07-03T09:12:05</time>
			</trkpt>
			<trkpt lat="48.94261993467808" lon="3.140159994363785">
				<ele>110.0</ele>
				<time>2020-07-03T09:12:08</time>
			</trkpt>
			<trkpt lat="48.94266997464001" lon="3.140619993209839">
				<ele>112.0</ele>
				<time>2020-07-03T09:12:13</time>
			</trkpt>
			<trkpt lat="48.942699981853366" lon="3.140819985419512">
				<ele>114.0</ele>
				<time>2020-07-03T09:12:15</time>
			</trkpt>
			<trkpt lat="48.942699981853366" lon="3.14085996709764">
				<ele>114.0</ele>
				<time>2020-07-03T09:12:16</time>
			</trkpt>
			<trkpt lat="48.94285999238491" lon="3.1415899470448494">
				<ele>118.0</ele>
				<time>2020-07-03T09:12:24</time>
			</trkpt>
			<trkpt lat="48.94295998848975" lon="3.1422899197787046">
				<ele>121.0</ele>
				<time>2020-07-03T09:12:31</time>
			</trkpt>
			<trkpt lat="48.94305998459458" lon="3.1427199952304363">
				<ele>123.0</ele>
				<time>2020-07-03T09:12:36</time>
			</trkpt>
			<trkpt lat="48.94309996627271" lon="3.142849998548627">
				<ele>123.0</ele>
				<time>2020-07-03T09:12:38</time>
			</trkpt>
			<trkpt lat="48.94319996237755" lon="3.143059965223074">
				<ele>124.0</ele>
				<time>2020-07-03T09:12:40</time>
			</trkpt>
			<trkpt lat="48.94345996901393" lon="3.14343991689384">
				<ele>125.0</ele>
				<time>2020-07-03T09:12:46</time>
			</trkpt>
			<trkpt lat="48.94352995790541" lon="3.143529938533902">
				<ele>126.0</ele>
				<time>2020-07-03T09:12:48</time>
			</trkpt>
			<trkpt lat="48.94371997565031" lon="3.143669916316867">
				<ele>127.0</ele>
				<time>2020-07-03T09:12:51</time>
			</trkpt>
			<trkpt lat="48.94382994621992" lon="3.143749963492155">
				<ele>128.0</ele>
				<time>2020-07-03T09:12:53</time>
			</trkpt>
			<trkpt lat="48.94390999339521" lon="3.1437899451702833">
				<ele>128.0</ele>
				<time>2020-07-03T09:12:54</time>
			</trkpt>
			<trkpt lat="48.944049971178174" lon="3.1438599340617657">
				<ele>129.0</ele>
				<time>2020-07-03T09:12:57</time>
			</trkpt>
			<trkpt lat="48.944099927321076" lon="3.14388994127512">
				<ele>129.0</ele>
				<time>2020-07-03T09:12:57</time>
			</trkpt>
			<trkpt lat="48.944139992818236" lon="3.143919948488474">
				<ele>129.0</ele>
				<time>2020-07-03T09:12:58</time>
			</trkpt>
			<trkpt lat="48.94421995617449" lon="3.143999995663762">
				<ele>130.0</ele>
				<time>2020-07-03T09:13:00</time>
			</trkpt>
			<trkpt lat="48.94425993785262" lon="3.1440499518066645">
				<ele>130.0</ele>
				<time>2020-07-03T09:13:01</time>
			</trkpt>
			<trkpt lat="48.944289945065975" lon="3.1440999917685986">
				<ele>131.0</ele>
				<time>2020-07-03T09:13:01</time>
			</trkpt>
			<trkpt lat="48.94431995227933" lon="3.144159922376275">
				<ele>131.0</ele>
				<time>2020-07-03T09:13:02</time>
			</trkpt>
			<trkpt lat="48.94435993395746" lon="3.1442399695515633">
				<ele>131.0</ele>
				<time>2020-07-03T09:13:03</time>
			</trkpt>
			<trkpt lat="48.94437996670604" lon="3.1442899256944656">
				<ele>132.0</ele>
				<time>2020-07-03T09:13:04</time>
			</trkpt>
			<trkpt lat="48.9444699883461" lon="3.1445699650794268">
				<ele>134.0</ele>
				<time>2020-07-03T09:13:07</time>
			</trkpt>
			<trkpt lat="48.94463997334242" lon="3.1451999489217997">
				<ele>140.0</ele>
				<time>2020-07-03T09:13:14</time>
			</trkpt>
			<trkpt lat="48.94479998387396" lon="3.1458099838346243">
				<ele>143.0</ele>
				<time>2020-07-03T09:13:21</time>
			</trkpt>
			<trkpt lat="48.944849940016866" lon="3.145979968830943">
				<ele>144.0</ele>
				<time>2020-07-03T09:13:23</time>
			</trkpt>
			<trkpt lat="48.94525998272002" lon="3.146889992058277">
				<ele>147.0</ele>
				<time>2020-07-03T09:13:35</time>
			</trkpt>
			<trkpt lat="48.94550993107259" lon="3.1473799981176853">
				<ele>151.0</ele>
				<time>2020-07-03T09:13:41</time>
			</trkpt>
			<trkpt lat="48.94600999541581" lon="3.14839999191463">
				<ele>154.0</ele>
				<time>2020-07-03T09:13:55</time>
			</trkpt>
			<trkpt lat="48.94606992602348" lon="3.148599984124303">
				<ele>155.0</ele>
				<time>2020-07-03T09:13:57</time>
			</trkpt>
			<trkpt lat="48.94614997319877" lon="3.14880995079875">
				<ele>156.0</ele>
				<time>2020-07-03T09:13:59</time>
			</trkpt>
			<trkpt lat="48.94627997651696" lon="3.1493899784982204">
				<ele>158.0</ele>
				<time>2020-07-03T09:14:06</time>
			</trkpt>
			<trkpt lat="48.9464299287647" lon="3.149939998984337">
				<ele>161.0</ele>
				<time>2020-07-03T09:14:12</time>
			</trkpt>
			<trkpt lat="48.946459935978055" lon="3.1501999218016863">
				<ele>161.0</ele>
				<time>2020-07-03T09:14:15</time>
			</trkpt>
			<trkpt lat="48.94649991765618" lon="3.1509099528193474">
				<ele>164.0</ele>
				<time>2020-07-03T09:14:22</time>
			</trkpt>
			<trkpt lat="48.94649991765618" lon="3.151009948924184">
				<ele>164.0</ele>
				<time>2020-07-03T09:14:23</time>
			</trkpt>
			<trkpt lat="48.94651995040476" lon="3.1511299777776003">
				<ele>164.0</ele>
				<time>2020-07-03T09:14:25</time>
			</trkpt>
			<trkpt lat="48.94654995761812" lon="3.151239948347211">
				<ele>165.0</ele>
				<time>2020-07-03T09:14:26</time>
			</trkpt>
			<trkpt lat="48.946589939296246" lon="3.1513899844139814">
				<ele>165.0</ele>
				<time>2020-07-03T09:14:28</time>
			</trkpt>
			<trkpt lat="48.946649953722954" lon="3.1516199838370085">
				<ele>166.0</ele>
				<time>2020-07-03T09:14:30</time>
			</trkpt>
			<trkpt lat="48.946779957041144" lon="3.15200999379158">
				<ele>166.0</ele>
				<time>2020-07-03T09:14:35</time>
			</trkpt>
			<trkpt lat="48.94682999700308" lon="3.152169920504093">
				<ele>165.0</ele>
				<time>2020-07-03T09:14:37</time>
			</trkpt>
			<trkpt lat="48.94687995314598" lon="3.1522799748927355">
				<ele>165.0</ele>
				<time>2020-07-03T09:14:38</time>
			</trkpt>
			<trkpt lat="48.94700995646417" lon="3.152609970420599">
				<ele>164.0</ele>
				<time>2020-07-03T09:14:42</time>
			</trkpt>
			<trkpt lat="48.94719997420907" lon="3.1529199331998825">
				<ele>165.0</ele>
				<time>2020-07-03T09:14:47</time>
			</trkpt>
			<trkpt lat="48.94729997031391" lon="3.1531599909067154">
				<ele>165.0</ele>
				<time>2020-07-03T09:14:50</time>
			</trkpt>
			<trkpt lat="48.94730994477868" lon="3.1531999725848436">
				<ele>165.0</ele>
				<time>2020-07-03T09:14:50</time>
			</trkpt>
			<trkpt lat="48.947359984740615" lon="3.1534099392592907">
				<ele>166.0</ele>
				<time>2020-07-03T09:14:52</time>
			</trkpt>
			<trkpt lat="48.94737993367016" lon="3.1535599753260612">
				<ele>166.0</ele>
				<time>2020-07-03T09:14:54</time>
			</trkpt>
			<trkpt lat="48.94740994088352" lon="3.153989966958761">
				<ele>167.0</ele>
				<time>2020-07-03T09:14:59</time>
			</trkpt>
			<trkpt lat="48.94745998084545" lon="3.1542299408465624">
				<ele>167.0</ele>
				<time>2020-07-03T09:15:01</time>
			</trkpt>
			<trkpt lat="48.947579925879836" lon="3.1545099802315235">
				<ele>169.0</ele>
				<time>2020-07-03T09:15:05</time>
			</trkpt>
			<trkpt lat="48.94781998358667" lon="3.155009960755706">
				<ele>171.0</ele>
				<time>2020-07-03T09:15:11</time>
			</trkpt>
			<trkpt lat="48.94803992472589" lon="3.155439952388406">
				<ele>172.0</ele>
				<time>2020-07-03T09:15:17</time>
			</trkpt>
			<trkpt lat="48.94844996742904" lon="3.155939932912588">
				<ele>173.0</ele>
				<time>2020-07-03T09:15:25</time>
			</trkpt>
			<trkpt lat="48.948779962956905" lon="3.1562899611890316">
				<ele>175.0</ele>
				<time>2020-07-03T09:15:32</time>
			</trkpt>
			<trkpt lat="48.94886998459697" lon="3.156419964507222">
				<ele>175.0</ele>
				<time>2020-07-03T09:15:34</time>
			</trkpt>
			<trkpt lat="48.94903996959329" lon="3.1567199528217316">
				<ele>176.0</ele>
				<time>2020-07-03T09:15:38</time>
			</trkpt>
			<trkpt lat="48.949229987338185" lon="3.1571399699896574">
				<ele>177.0</ele>
				<time>2020-07-03T09:15:43</time>
			</trkpt>
			<trkpt lat="48.94951991736889" lon="3.157909931614995">
				<ele>176.0</ele>
				<time>2020-07-03T09:15:53</time>
			</trkpt>
			<trkpt lat="48.94956995733082" lon="3.1580599676817656">
				<ele>176.0</ele>
				<time>2020-07-03T09:15:55</time>
			</trkpt>
			<trkpt lat="48.9495799317956" lon="3.1581199821084738">
				<ele>176.0</ele>
				<time>2020-07-03T09:15:55</time>
			</trkpt>
			<trkpt lat="48.94973994232714" lon="3.1589199509471655">
				<ele>177.0</ele>
				<time>2020-07-03T09:16:04</time>
			</trkpt>
			<trkpt lat="48.949769949540496" lon="3.159029921516776">
				<ele>178.0</ele>
				<time>2020-07-03T09:16:05</time>
			</trkpt>
			<trkpt lat="48.94977992400527" lon="3.159069987013936">
				<ele>178.0</ele>
				<time>2020-07-03T09:16:06</time>
			</trkpt>
			<trkpt lat="48.94986994564533" lon="3.159269979223609">
				<ele>179.0</ele>
				<time>2020-07-03T09:16:08</time>
			</trkpt>
			<trkpt lat="48.949959967285395" lon="3.159439964219928">
				<ele>180.0</ele>
				<time>2020-07-03T09:16:10</time>
			</trkpt>
			<trkpt lat="48.95005996339023" lon="3.1596299819648266">
				<ele>180.0</ele>
				<time>2020-07-03T09:16:13</time>
			</trkpt>
			<trkpt lat="48.95016993395984" lon="3.1597799342125654">
				<ele>181.0</ele>
				<time>2020-07-03T09:16:15</time>
			</trkpt>
			<trkpt lat="48.950389958918095" lon="3.160109929740429">
				<ele>180.0</ele>
				<time>2020-07-03T09:16:20</time>
			</trkpt>
			<trkpt lat="48.95055994391441" lon="3.1604599580168724">
				<ele>180.0</ele>
				<time>2020-07-03T09:16:25</time>
			</trkpt>
			<trkpt lat="48.95067997276783" lon="3.1608699169009924">
				<ele>179.0</ele>
				<time>2020-07-03T09:16:30</time>
			</trkpt>
			<trkpt lat="48.95089999772608" lon="3.1616199295967817">
				<ele>181.0</ele>
				<time>2020-07-03T09:16:38</time>
			</trkpt>
			<trkpt lat="48.9510699827224" lon="3.162159975618124">
				<ele>182.0</ele>
				<time>2020-07-03T09:16:45</time>
			</trkpt>
			<trkpt lat="48.951099989935756" lon="3.162339935079217">
				<ele>182.0</ele>
				<time>2020-07-03T09:16:47</time>
			</trkpt>
			<trkpt lat="48.95115992054343" lon="3.1627299450337887">
				<ele>184.0</ele>
				<time>2020-07-03T09:16:51</time>
			</trkpt>
			<trkpt lat="48.95117995329201" lon="3.1630899477750063">
				<ele>185.0</ele>
				<time>2020-07-03T09:16:55</time>
			</trkpt>
			<trkpt lat="48.951139971613884" lon="3.1633399799466133">
				<ele>187.0</ele>
				<time>2020-07-03T09:16:57</time>
			</trkpt>
			<trkpt lat="48.951119938865304" lon="3.1635599210858345">
				<ele>187.0</ele>
				<time>2020-07-03T09:17:00</time>
			</trkpt>
			<trkpt lat="48.951079957187176" lon="3.1638499349355698">
				<ele>187.0</ele>
				<time>2020-07-03T09:17:03</time>
			</trkpt>
			<trkpt lat="48.9510699827224" lon="3.1646099220961332">
				<ele>186.0</ele>
				<time>2020-07-03T09:17:11</time>
			</trkpt>
			<trkpt lat="48.95104994997382" lon="3.165009990334511">
				<ele>185.0</ele>
				<time>2020-07-03T09:17:15</time>
			</trkpt>
			<trkpt lat="48.95104994997382" lon="3.1651299353688955">
				<ele>184.0</ele>
				<time>2020-07-03T09:17:16</time>
			</trkpt>
			<trkpt lat="48.95086999051273" lon="3.166349921375513">
				<ele>181.0</ele>
				<time>2020-07-03T09:17:29</time>
			</trkpt>
			<trkpt lat="48.95069992169738" lon="3.1675499584525824">
				<ele>176.0</ele>
				<time>2020-07-03T09:17:42</time>
			</trkpt>
			<trkpt lat="48.950649965554476" lon="3.167919935658574">
				<ele>175.0</ele>
				<time>2020-07-03T09:17:46</time>
			</trkpt>
			<trkpt lat="48.95055994391441" lon="3.1684199161827564">
				<ele>173.0</ele>
				<time>2020-07-03T09:17:52</time>
			</trkpt>
			<trkpt lat="48.95048995502293" lon="3.168809926137328">
				<ele>173.0</ele>
				<time>2020-07-03T09:17:56</time>
			</trkpt>
			<trkpt lat="48.95047998055816" lon="3.1689599622040987">
				<ele>173.0</ele>
				<time>2020-07-03T09:17:58</time>
			</trkpt>
			<trkpt lat="48.95037998445332" lon="3.1695899460464716">
				<ele>174.0</ele>
				<time>2020-07-03T09:18:04</time>
			</trkpt>
			<trkpt lat="48.95007999613881" lon="3.170969942584634">
				<ele>174.0</ele>
				<time>2020-07-03T09:18:20</time>
			</trkpt>
			<trkpt lat="48.94986994564533" lon="3.17194995470345">
				<ele>173.0</ele>
				<time>2020-07-03T09:18:30</time>
			</trkpt>
			<trkpt lat="48.94973994232714" lon="3.1724099535495043">
				<ele>173.0</ele>
				<time>2020-07-03T09:18:36</time>
			</trkpt>
			<trkpt lat="48.949399972334504" lon="3.1735599506646395">
				<ele>172.0</ele>
				<time>2020-07-03T09:18:49</time>
			</trkpt>
			<trkpt lat="48.949269969016314" lon="3.1739599350839853">
				<ele>172.0</ele>
				<time>2020-07-03T09:18:54</time>
			</trkpt>
			<trkpt lat="48.9491599984467" lon="3.174319937825203">
				<ele>172.0</ele>
				<time>2020-07-03T09:18:58</time>
			</trkpt>
			<trkpt lat="48.94899998791516" lon="3.1748199183493853">
				<ele>170.0</ele>
				<time>2020-07-03T09:19:04</time>
			</trkpt>
			<trkpt lat="48.94884995184839" lon="3.1751899793744087">
				<ele>170.0</ele>
				<time>2020-07-03T09:19:08</time>
			</trkpt>
			<trkpt lat="48.948629926890135" lon="3.1756199710071087">
				<ele>170.0</ele>
				<time>2020-07-03T09:19:14</time>
			</trkpt>
			<trkpt lat="48.94841996021569" lon="3.1760199554264545">
				<ele>171.0</ele>
				<time>2020-07-03T09:19:19</time>
			</trkpt>
			<trkpt lat="48.94822994247079" lon="3.17630996927619">
				<ele>170.0</ele>
				<time>2020-07-03T09:19:24</time>
			</trkpt>
			<trkpt lat="48.948049983009696" lon="3.1766199320554733">
				<ele>170.0</ele>
				<time>2020-07-03T09:19:28</time>
			</trkpt>
			<trkpt lat="48.94786993972957" lon="3.176969960331917">
				<ele>170.0</ele>
				<time>2020-07-03T09:19:33</time>
			</trkpt>
			<trkpt lat="48.947489988058805" lon="3.1780499685555696">
				<ele>170.0</ele>
				<time>2020-07-03T09:19:46</time>
			</trkpt>
			<trkpt lat="48.94743994809687" lon="3.1782399863004684">
				<ele>170.0</ele>
				<time>2020-07-03T09:19:48</time>
			</trkpt>
			<trkpt lat="48.94741999916732" lon="3.178399996832013">
				<ele>170.0</ele>
				<time>2020-07-03T09:19:49</time>
			</trkpt>
			<trkpt lat="48.94739996641874" lon="3.1787399668246508">
				<ele>170.0</ele>
				<time>2020-07-03T09:19:53</time>
			</trkpt>
			<trkpt lat="48.94739996641874" lon="3.1787599995732307">
				<ele>170.0</ele>
				<time>2020-07-03T09:19:53</time>
			</trkpt>
			<trkpt lat="48.94741999916732" lon="3.179459972307086">
				<ele>170.0</ele>
				<time>2020-07-03T09:20:01</time>
			</trkpt>
			<trkpt lat="48.947449922561646" lon="3.1801999267190695">
				<ele>169.0</ele>
				<time>2020-07-03T09:20:08</time>
			</trkpt>
			<trkpt lat="48.947449922561646" lon="3.180719939991832">
				<ele>168.0</ele>
				<time>2020-07-03T09:20:14</time>
			</trkpt>
			<trkpt lat="48.94741999916732" lon="3.1810899171978235">
				<ele>167.0</ele>
				<time>2020-07-03T09:20:18</time>
			</trkpt>
			<trkpt lat="48.94727993756533" lon="3.182099936529994">
				<ele>167.0</ele>
				<time>2020-07-03T09:20:29</time>
			</trkpt>
			<trkpt lat="48.947229981422424" lon="3.1824599392712116">
				<ele>168.0</ele>
				<time>2020-07-03T09:20:33</time>
			</trkpt>
			<trkpt lat="48.947149934247136" lon="3.1830499414354563">
				<ele>168.0</ele>
				<time>2020-07-03T09:20:39</time>
			</trkpt>
			<trkpt lat="48.94713995978236" lon="3.1831599958240986">
				<ele>167.0</ele>
				<time>2020-07-03T09:20:40</time>
			</trkpt>
			<trkpt lat="48.94708991982043" lon="3.1838099285960197">
				<ele>166.0</ele>
				<time>2020-07-03T09:20:47</time>
			</trkpt>
			<trkpt lat="48.9470499381423" lon="3.184539992362261">
				<ele>166.0</ele>
				<time>2020-07-03T09:20:55</time>
			</trkpt>
			<trkpt lat="48.947039963677526" lon="3.1846599373966455">
				<ele>166.0</ele>
				<time>2020-07-03T09:20:56</time>
			</trkpt>
			<trkpt lat="48.947039963677526" lon="3.1849199440330267">
				<ele>165.0</ele>
				<time>2020-07-03T09:20:59</time>
			</trkpt>
			<trkpt lat="48.94706997089088" lon="3.1855399534106255">
				<ele>165.0</ele>
				<time>2020-07-03T09:21:05</time>
			</trkpt>
			<trkpt lat="48.94708991982043" lon="3.185639949515462">
				<ele>165.0</ele>
				<time>2020-07-03T09:21:06</time>
			</trkpt>
			<trkpt lat="48.947099978104234" lon="3.1857099384069443">
				<ele>165.0</ele>
				<time>2020-07-03T09:21:07</time>
			</trkpt>
			<trkpt lat="48.94712998531759" lon="3.1857699528336525">
				<ele>165.0</ele>
				<time>2020-07-03T09:21:08</time>
			</trkpt>
			<trkpt lat="48.94715999253094" lon="3.1858199927955866">
				<ele>165.0</ele>
				<time>2020-07-03T09:21:09</time>
			</trkpt>
			<trkpt lat="48.94725998863578" lon="3.185949996113777">
				<ele>165.0</ele>
				<time>2020-07-03T09:21:11</time>
			</trkpt>
			<trkpt lat="48.94745998084545" lon="3.186159962788224">
				<ele>164.0</ele>
				<time>2020-07-03T09:21:15</time>
			</trkpt>
			<trkpt lat="48.94762996584177" lon="3.1863099988549948">
				<ele>164.0</ele>
				<time>2020-07-03T09:21:18</time>
			</trkpt>
			<trkpt lat="48.94768998026848" lon="3.1863899622112513">
				<ele>164.0</ele>
				<time>2020-07-03T09:21:19</time>
			</trkpt>
			<trkpt lat="48.94772996194661" lon="3.1864399183541536">
				<ele>164.0</ele>
				<time>2020-07-03T09:21:20</time>
			</trkpt>
			<trkpt lat="48.94773993641138" lon="3.186569921672344">
				<ele>164.0</ele>
				<time>2020-07-03T09:21:21</time>
			</trkpt>
			<trkpt lat="48.94773993641138" lon="3.18657997995615">
				<ele>164.0</ele>
				<time>2020-07-03T09:21:21</time>
			</trkpt>
			<trkpt lat="48.94772996194661" lon="3.187269978225231">
				<ele>163.0</ele>
				<time>2020-07-03T09:21:29</time>
			</trkpt>
			<trkpt lat="48.94773993641138" lon="3.1880099326372147">
				<ele>162.0</ele>
				<time>2020-07-03T09:21:36</time>
			</trkpt>
			<trkpt lat="48.94770992919803" lon="3.188499938696623">
				<ele>162.0</ele>
				<time>2020-07-03T09:21:41</time>
			</trkpt>
			<trkpt lat="48.94762996584177" lon="3.1888799741864204">
				<ele>162.0</ele>
				<time>2020-07-03T09:21:46</time>
			</trkpt>
			<trkpt lat="48.94753994420171" lon="3.1891699880361557">
				<ele>162.0</ele>
				<time>2020-07-03T09:21:49</time>
			</trkpt>
			<trkpt lat="48.947489988058805" lon="3.1893999874591827">
				<ele>162.0</ele>
				<time>2020-07-03T09:21:52</time>
			</trkpt>
			<trkpt lat="48.94749996252358" lon="3.1896899174898863">
				<ele>161.0</ele>
				<time>2020-07-03T09:21:55</time>
			</trkpt>
			<trkpt lat="48.94751999527216" lon="3.1900399457663298">
				<ele>160.0</ele>
				<time>2020-07-03T09:21:58</time>
			</trkpt>
			<trkpt lat="48.947619991376996" lon="3.1911499612033367">
				<ele>157.0</ele>
				<time>2020-07-03T09:22:10</time>
			</trkpt>
			<trkpt lat="48.947659973055124" lon="3.1916899234056473">
				<ele>155.0</ele>
				<time>2020-07-03T09:22:16</time>
			</trkpt>
			<trkpt lat="48.94771998748183" lon="3.192249918356538">
				<ele>155.0</ele>
				<time>2020-07-03T09:22:22</time>
			</trkpt>
			<trkpt lat="48.94773993641138" lon="3.192479917779565">
				<ele>155.0</ele>
				<time>2020-07-03T09:22:24</time>
			</trkpt>
			<trkpt lat="48.94773993641138" lon="3.192749982699752">
				<ele>155.0</ele>
				<time>2020-07-03T09:22:27</time>
			</trkpt>
			<trkpt lat="48.94780992530286" lon="3.194299964234233">
				<ele>159.0</ele>
				<time>2020-07-03T09:22:43</time>
			</trkpt>
			<trkpt lat="48.94780992530286" lon="3.194929948076606">
				<ele>160.0</ele>
				<time>2020-07-03T09:22:50</time>
			</trkpt>
			<trkpt lat="48.94780992530286" lon="3.1950599513947964">
				<ele>161.0</ele>
				<time>2020-07-03T09:22:51</time>
			</trkpt>
			<trkpt lat="48.94779995083809" lon="3.195169921964407">
				<ele>161.0</ele>
				<time>2020-07-03T09:22:53</time>
			</trkpt>
			<trkpt lat="48.947789976373315" lon="3.1952899508178234">
				<ele>161.0</ele>
				<time>2020-07-03T09:22:54</time>
			</trkpt>
			<trkpt lat="48.947769943624735" lon="3.1955199502408504">
				<ele>162.0</ele>
				<time>2020-07-03T09:22:56</time>
			</trkpt>
			<trkpt lat="48.94775996915996" lon="3.1957499496638775">
				<ele>162.0</ele>
				<time>2020-07-03T09:22:59</time>
			</trkpt>
			<trkpt lat="48.94769995473325" lon="3.1966699473559856">
				<ele>166.0</ele>
				<time>2020-07-03T09:23:08</time>
			</trkpt>
			<trkpt lat="48.94767992198467" lon="3.197139920666814">
				<ele>166.0</ele>
				<time>2020-07-03T09:23:13</time>
			</trkpt>
			<trkpt lat="48.94767992198467" lon="3.1973499711602926">
				<ele>166.0</ele>
				<time>2020-07-03T09:23:16</time>
			</trkpt>
			<trkpt lat="48.94767992198467" lon="3.197619952261448">
				<ele>166.0</ele>
				<time>2020-07-03T09:23:18</time>
			</trkpt>
			<trkpt lat="48.94768998026848" lon="3.1979599222540855">
				<ele>164.0</ele>
				<time>2020-07-03T09:23:22</time>
			</trkpt>
			<trkpt lat="48.94773993641138" lon="3.198279943317175">
				<ele>163.0</ele>
				<time>2020-07-03T09:23:25</time>
			</trkpt>
			<trkpt lat="48.94775996915996" lon="3.1984899938106537">
				<ele>162.0</ele>
				<time>2020-07-03T09:23:28</time>
			</trkpt>
			<trkpt lat="48.947789976373315" lon="3.1990999449044466">
				<ele>160.0</ele>
				<time>2020-07-03T09:23:34</time>
			</trkpt>
			<trkpt lat="48.94779995083809" lon="3.1992899626493454">
				<ele>159.0</ele>
				<time>2020-07-03T09:23:36</time>
			</trkpt>
			<trkpt lat="48.94780992530286" lon="3.199459947645664">
				<ele>159.0</ele>
				<time>2020-07-03T09:23:38</time>
			</trkpt>
			<trkpt lat="48.94792995415628" lon="3.201179997995496">
				<ele>160.0</ele>
				<time>2020-07-03T09:23:56</time>
			</trkpt>
			<trkpt lat="48.94781998358667" lon="3.20118997246027">
				<ele>161.0</ele>
				<time>2020-07-03T09:23:58</time>
			</trkpt>
			<trkpt lat="48.94771998748183" lon="3.20118997246027">
				<ele>161.0</ele>
				<time>2020-07-03T09:23:59</time>
			</trkpt>
			<trkpt lat="48.947149934247136" lon="3.201159965246916">
				<ele>162.0</ele>
				<time>2020-07-03T09:24:09</time>
			</trkpt>
			<trkpt lat="48.94601996988058" lon="3.2011199835687876">
				<ele>164.0</ele>
				<time>2020-07-03T09:24:27</time>
			</trkpt>
			<trkpt lat="48.94536995328963" lon="3.2010899763554335">
				<ele>166.0</ele>
				<time>2020-07-03T09:24:37</time>
			</trkpt>
			<trkpt lat="48.944629998877645" lon="3.2010599691420794">
				<ele>167.0</ele>
				<time>2020-07-03T09:24:49</time>
			</trkpt>
			<trkpt lat="48.94453997723758" lon="3.2010599691420794">
				<ele>167.0</ele>
				<time>2020-07-03T09:24:50</time>
			</trkpt>
			<trkpt lat="48.9444699883461" lon="3.2010699436068535">
				<ele>167.0</ele>
				<time>2020-07-03T09:24:52</time>
			</trkpt>
			<trkpt lat="48.94433998502791" lon="3.2010899763554335">
				<ele>168.0</ele>
				<time>2020-07-03T09:24:54</time>
			</trkpt>
			<trkpt lat="48.94425993785262" lon="3.201839989051223">
				<ele>168.0</ele>
				<time>2020-07-03T09:25:02</time>
			</trkpt>
			<trkpt lat="48.94418994896114" lon="3.202559994533658">
				<ele>169.0</ele>
				<time>2020-07-03T09:25:09</time>
			</trkpt>
			<trkpt lat="48.944119960069656" lon="3.2030899822711945">
				<ele>169.0</ele>
				<time>2020-07-03T09:25:15</time>
			</trkpt>
			<trkpt lat="48.944099927321076" lon="3.2033199816942215">
				<ele>170.0</ele>
				<time>2020-07-03T09:25:17</time>
			</trkpt>
			<trkpt lat="48.9440899528563" lon="3.2035299483686686">
				<ele>171.0</ele>
				<time>2020-07-03T09:25:20</time>
			</trkpt>
			<trkpt lat="48.94406992010772" lon="3.203799929469824">
				<ele>172.0</ele>
				<time>2020-07-03T09:25:22</time>
			</trkpt>
			<trkpt lat="48.94422993063927" lon="3.2039599400013685">
				<ele>172.0</ele>
				<time>2020-07-03T09:25:26</time>
			</trkpt>
			<trkpt lat="48.94424996338785" lon="3.2039699982851744">
				<ele>172.0</ele>
				<time>2020-07-03T09:25:26</time>
			</trkpt>
			<trkpt lat="48.94425993785262" lon="3.2039899472147226">
				<ele>172.0</ele>
				<time>2020-07-03T09:25:26</time>
			</trkpt>
			<trkpt lat="48.94426999613643" lon="3.2039999216794968">
				<ele>172.0</ele>
				<time>2020-07-03T09:25:26</time>
			</trkpt>
			<trkpt lat="48.94426999613643" lon="3.2040099799633026">
				<ele>172.0</ele>
				<time>2020-07-03T09:25:26</time>
			</trkpt>
			<trkpt lat="48.9442799706012" lon="3.2040399871766567">
				<ele>172.0</ele>
				<time>2020-07-03T09:25:27</time>
			</trkpt>
			<trkpt lat="48.9442799706012" lon="3.204059936106205">
				<ele>172.0</ele>
				<time>2020-07-03T09:25:27</time>
			</trkpt>
			<trkpt lat="48.9442799706012" lon="3.204089943319559">
				<ele>172.0</ele>
				<time>2020-07-03T09:25:27</time>
			</trkpt>
			<trkpt lat="48.94426999613643" lon="3.2046299893409014">
				<ele>173.0</ele>
				<time>2020-07-03T09:25:33</time>
			</trkpt>
			<trkpt lat="48.94425993785262" lon="3.205169951543212">
				<ele>173.0</ele>
				<time>2020-07-03T09:25:39</time>
			</trkpt>
			<trkpt lat="48.94425993785262" lon="3.205399950966239">
				<ele>173.0</ele>
				<time>2020-07-03T09:25:41</time>
			</trkpt>
			<trkpt lat="48.94424996338785" lon="3.2054999470710754">
				<ele>173.0</ele>
				<time>2020-07-03T09:25:42</time>
			</trkpt>
			<trkpt lat="48.94424996338785" lon="3.20563992485404">
				<ele>173.0</ele>
				<time>2020-07-03T09:25:44</time>
			</trkpt>
			<trkpt lat="48.94421995617449" lon="3.205819968134165">
				<ele>173.0</ele>
				<time>2020-07-03T09:25:46</time>
			</trkpt>
			<trkpt lat="48.944139992818236" lon="3.206259934231639">
				<ele>172.0</ele>
				<time>2020-07-03T09:25:50</time>
			</trkpt>
			<trkpt lat="48.94410998560488" lon="3.2062499597668648">
				<ele>172.0</ele>
				<time>2020-07-03T09:25:51</time>
			</trkpt>
			<trkpt lat="48.943839920684695" lon="3.2061299309134483">
				<ele>173.0</ele>
				<time>2020-07-03T09:25:55</time>
			</trkpt>
			<trkpt lat="48.943539932370186" lon="3.2060199603438377">
				<ele>173.0</ele>
				<time>2020-07-03T09:26:00</time>
			</trkpt>
			<trkpt lat="48.94338998012245" lon="3.207229971885681">
				<ele>173.0</ele>
				<time>2020-07-03T09:26:13</time>
			</trkpt>
			<trkpt lat="48.94333994016051" lon="3.2077199779450893">
				<ele>173.0</ele>
				<time>2020-07-03T09:26:19</time>
			</trkpt>
			<trkpt lat="48.94332996569574" lon="3.207819974049926">
				<ele>173.0</ele>
				<time>2020-07-03T09:26:20</time>
			</trkpt>
			<trkpt lat="48.943319991230965" lon="3.2079299446195364">
				<ele>172.0</ele>
				<time>2020-07-03T09:26:21</time>
			</trkpt>
			<trkpt lat="48.943319991230965" lon="3.208029940724373">
				<ele>172.0</ele>
				<time>2020-07-03T09:26:22</time>
			</trkpt>
			<trkpt lat="48.943299958482385" lon="3.2084399834275246">
				<ele>171.0</ele>
				<time>2020-07-03T09:26:26</time>
			</trkpt>
			<trkpt lat="48.94328998401761" lon="3.208799986168742">
				<ele>171.0</ele>
				<time>2020-07-03T09:26:30</time>
			</trkpt>
			<trkpt lat="48.94326995126903" lon="3.2090899161994457">
				<ele>171.0</ele>
				<time>2020-07-03T09:26:33</time>
			</trkpt>
			<trkpt lat="48.94317992962897" lon="3.210049979388714">
				<ele>171.0</ele>
				<time>2020-07-03T09:26:43</time>
			</trkpt>
			<trkpt lat="48.943169955164194" lon="3.210119968280196">
				<ele>171.0</ele>
				<time>2020-07-03T09:26:44</time>
			</trkpt>
			<trkpt lat="48.943109940737486" lon="3.210499919950962">
				<ele>171.0</ele>
				<time>2020-07-03T09:26:48</time>
			</trkpt>
			<trkpt lat="48.94308999180794" lon="3.210569992661476">
				<ele>171.0</ele>
				<time>2020-07-03T09:26:49</time>
			</trkpt>
			<trkpt lat="48.94302997738123" lon="3.2108099665492773">
				<ele>172.0</ele>
				<time>2020-07-03T09:26:52</time>
			</trkpt>
			<trkpt lat="48.94295998848975" lon="3.2110899221152067">
				<ele>172.0</ele>
				<time>2020-07-03T09:26:55</time>
			</trkpt>
			<trkpt lat="48.94291992299259" lon="3.2112399581819773">
				<ele>172.0</ele>
				<time>2020-07-03T09:26:56</time>
			</trkpt>
			<trkpt lat="48.94287994131446" lon="3.211349928751588">
				<ele>173.0</ele>
				<time>2020-07-03T09:26:58</time>
			</trkpt>
			<trkpt lat="48.942849934101105" lon="3.21143995039165">
				<ele>173.0</ele>
				<time>2020-07-03T09:26:59</time>
			</trkpt>
			<trkpt lat="48.94282998517156" lon="3.2115199975669384">
				<ele>173.0</ele>
				<time>2020-07-03T09:27:00</time>
			</trkpt>
			<trkpt lat="48.9427999779582" lon="3.211579928174615">
				<ele>173.0</ele>
				<time>2020-07-03T09:27:00</time>
			</trkpt>
			<trkpt lat="48.94272998906672" lon="3.2117699459195137">
				<ele>174.0</ele>
				<time>2020-07-03T09:27:03</time>
			</trkpt>
			<trkpt lat="48.94263996742666" lon="3.2119599636644125">
				<ele>174.0</ele>
				<time>2020-07-03T09:27:05</time>
			</trkpt>
			<trkpt lat="48.942569978535175" lon="3.212119974195957">
				<ele>174.0</ele>
				<time>2020-07-03T09:27:07</time>
			</trkpt>
			<trkpt lat="48.94248993135989" lon="3.212289959192276">
				<ele>173.0</ele>
				<time>2020-07-03T09:27:09</time>
			</trkpt>
			<trkpt lat="48.94231994636357" lon="3.2126299291849136">
				<ele>173.0</ele>
				<time>2020-07-03T09:27:14</time>
			</trkpt>
			<trkpt lat="48.94223998300731" lon="3.21276999078691">
				<ele>173.0</ele>
				<time>2020-07-03T09:27:16</time>
			</trkpt>
			<trkpt lat="48.94218994304538" lon="3.2128699868917465">
				<ele>173.0</ele>
				<time>2020-07-03T09:27:17</time>
			</trkpt>
			<trkpt lat="48.94210997968912" lon="3.2130199391394854">
				<ele>174.0</ele>
				<time>2020-07-03T09:27:19</time>
			</trkpt>
			<trkpt lat="48.94201995804906" lon="3.21319998241961">
				<ele>174.0</ele>
				<time>2020-07-03T09:27:22</time>
			</trkpt>
			<trkpt lat="48.94195994362235" lon="3.2133099529892206">
				<ele>174.0</ele>
				<time>2020-07-03T09:27:23</time>
			</trkpt>
			<trkpt lat="48.94191996194422" lon="3.213399974629283">
				<ele>174.0</ele>
				<time>2020-07-03T09:27:24</time>
			</trkpt>
			<trkpt lat="48.941879980266094" lon="3.2134999707341194">
				<ele>175.0</ele>
				<time>2020-07-03T09:27:26</time>
			</trkpt>
			<trkpt lat="48.94180999137461" lon="3.213689988479018">
				<ele>175.0</ele>
				<time>2020-07-03T09:27:28</time>
			</trkpt>
			<trkpt lat="48.9417399186641" lon="3.213889980688691">
				<ele>175.0</ele>
				<time>2020-07-03T09:27:30</time>
			</trkpt>
			<trkpt lat="48.94161997362971" lon="3.214269932359457">
				<ele>175.0</ele>
				<time>2020-07-03T09:27:35</time>
			</trkpt>
			<trkpt lat="48.94146993756294" lon="3.214709982275963">
				<ele>175.0</ele>
				<time>2020-07-03T09:27:40</time>
			</trkpt>
			<trkpt lat="48.941369941458106" lon="3.214969988912344">
				<ele>175.0</ele>
				<time>2020-07-03T09:27:43</time>
			</trkpt>
			<trkpt lat="48.94105997867882" lon="3.2157499250024557">
				<ele>177.0</ele>
				<time>2020-07-03T09:27:53</time>
			</trkpt>
			<trkpt lat="48.940939949825406" lon="3.216029964387417">
				<ele>177.0</ele>
				<time>2020-07-03T09:27:56</time>
			</trkpt>
			<trkpt lat="48.940919917076826" lon="3.216089978814125">
				<ele>177.0</ele>
				<time>2020-07-03T09:27:57</time>
			</trkpt>
			<trkpt lat="48.94089996814728" lon="3.2161699421703815">
				<ele>178.0</ele>
				<time>2020-07-03T09:27:58</time>
			</trkpt>
			<trkpt lat="48.940889993682504" lon="3.216259963810444">
				<ele>178.0</ele>
				<time>2020-07-03T09:27:59</time>
			</trkpt>
			<trkpt lat="48.9408799353987" lon="3.216459956020117">
				<ele>178.0</ele>
				<time>2020-07-03T09:28:01</time>
			</trkpt>
			<trkpt lat="48.940869960933924" lon="3.2170699909329414">
				<ele>178.0</ele>
				<time>2020-07-03T09:28:07</time>
			</trkpt>
			<trkpt lat="48.940869960933924" lon="3.217159928753972">
				<ele>178.0</ele>
				<time>2020-07-03T09:28:08</time>
			</trkpt>
			<trkpt lat="48.94085998646915" lon="3.2172899320721626">
				<ele>178.0</ele>
				<time>2020-07-03T09:28:10</time>
			</trkpt>
			<trkpt lat="48.940849928185344" lon="3.218069951981306">
				<ele>178.0</ele>
				<time>2020-07-03T09:28:18</time>
			</trkpt>
			<trkpt lat="48.94085998646915" lon="3.2182299625128508">
				<ele>178.0</ele>
				<time>2020-07-03T09:28:19</time>
			</trkpt>
			<trkpt lat="48.94089996814728" lon="3.2185399252921343">
				<ele>178.0</ele>
				<time>2020-07-03T09:28:23</time>
			</trkpt>
			<trkpt lat="48.94096995703876" lon="3.2188399974256754">
				<ele>178.0</ele>
				<time>2020-07-03T09:28:26</time>
			</trkpt>
			<trkpt lat="48.94107992760837" lon="3.219119952991605">
				<ele>178.0</ele>
				<time>2020-07-03T09:28:30</time>
			</trkpt>
			<trkpt lat="48.94126994535327" lon="3.219619933515787">
				<ele>177.0</ele>
				<time>2020-07-03T09:28:36</time>
			</trkpt>
			<trkpt lat="48.94133993424475" lon="3.2199199218302965">
				<ele>177.0</ele>
				<time>2020-07-03T09:28:39</time>
			</trkpt>
			<trkpt lat="48.94143993034959" lon="3.220499949529767">
				<ele>177.0</ele>
				<time>2020-07-03T09:28:45</time>
			</trkpt>
			<trkpt lat="48.94161997362971" lon="3.221639972180128">
				<ele>176.0</ele>
				<time>2020-07-03T09:28:58</time>
			</trkpt>
			<trkpt lat="48.941709995269775" lon="3.2221899926662445">
				<ele>176.0</ele>
				<time>2020-07-03T09:29:04</time>
			</trkpt>
			<trkpt lat="48.9417399186641" lon="3.2225999515503645">
				<ele>175.0</ele>
				<time>2020-07-03T09:29:08</time>
			</trkpt>
			<trkpt lat="48.94176992587745" lon="3.2232199609279633">
				<ele>175.0</ele>
				<time>2020-07-03T09:29:14</time>
			</trkpt>
			<trkpt lat="48.94180999137461" lon="3.2243099436163902">
				<ele>176.0</ele>
				<time>2020-07-03T09:29:26</time>
			</trkpt>
			<trkpt lat="48.941859947517514" lon="3.224699953570962">
				<ele>176.0</ele>
				<time>2020-07-03T09:29:30</time>
			</trkpt>
			<trkpt lat="48.94194996915758" lon="3.2250699307769537">
				<ele>176.0</ele>
				<time>2020-07-03T09:29:34</time>
			</trkpt>
			<trkpt lat="48.94205993972719" lon="3.2254899479448795">
				<ele>177.0</ele>
				<time>2020-07-03T09:29:39</time>
			</trkpt>
			<trkpt lat="48.942249957472086" lon="3.2261599972844124">
				<ele>178.0</ele>
				<time>2020-07-03T09:29:47</time>
			</trkpt>
			<trkpt lat="48.94231994636357" lon="3.2263699639588594">
				<ele>178.0</ele>
				<time>2020-07-03T09:29:49</time>
			</trkpt>
			<trkpt lat="48.94259998574853" lon="3.2270599622279406">
				<ele>178.0</ele>
				<time>2020-07-03T09:29:58</time>
			</trkpt>
			<trkpt lat="48.942979937419295" lon="3.227869989350438">
				<ele>173.0</ele>
				<time>2020-07-03T09:30:08</time>
			</trkpt>
			<trkpt lat="48.94326995126903" lon="3.2285399548709393">
				<ele>169.0</ele>
				<time>2020-07-03T09:30:17</time>
			</trkpt>
			<trkpt lat="48.94336994737387" lon="3.2287699542939663">
				<ele>167.0</ele>
				<time>2020-07-03T09:30:19</time>
			</trkpt>
			<trkpt lat="48.943749982863665" lon="3.229599930346012">
				<ele>163.0</ele>
				<time>2020-07-03T09:30:30</time>
			</trkpt>
			<trkpt lat="48.94390999339521" lon="3.2299999985843897">
				<ele>161.0</ele>
				<time>2020-07-03T09:30:35</time>
			</trkpt>
			<trkpt lat="48.94422993063927" lon="3.230719920247793">
				<ele>159.0</ele>
				<time>2020-07-03T09:30:44</time>
			</trkpt>
			<trkpt lat="48.944439981132746" lon="3.231169944629073">
				<ele>158.0</ele>
				<time>2020-07-03T09:30:50</time>
			</trkpt>
			<trkpt lat="48.944929987192154" lon="3.232269985601306">
				<ele>163.0</ele>
				<time>2020-07-03T09:31:04</time>
			</trkpt>
			<trkpt lat="48.94506996497512" lon="3.232469977810979">
				<ele>164.0</ele>
				<time>2020-07-03T09:31:07</time>
			</trkpt>
			<trkpt lat="48.945449916645885" lon="3.232939951121807">
				<ele>165.0</ele>
				<time>2020-07-03T09:31:15</time>
			</trkpt>
			<trkpt lat="48.94665992818773" lon="3.234419943764806">
				<ele>167.0</ele>
				<time>2020-07-03T09:31:40</time>
			</trkpt>
			<trkpt lat="48.947039963677526" lon="3.234909949824214">
				<ele>166.0</ele>
				<time>2020-07-03T09:31:48</time>
			</trkpt>
			<trkpt lat="48.947149934247136" lon="3.235079934820533">
				<ele>166.0</ele>
				<time>2020-07-03T09:31:50</time>
			</trkpt>
			<trkpt lat="48.94859991967678" lon="3.2372799329459667">
				<ele>177.0</ele>
				<time>2020-07-03T09:32:23</time>
			</trkpt>
			<trkpt lat="48.94863998517394" lon="3.237349921837449">
				<ele>178.0</ele>
				<time>2020-07-03T09:32:24</time>
			</trkpt>
			<trkpt lat="48.948669992387295" lon="3.2374399434775114">
				<ele>179.0</ele>
				<time>2020-07-03T09:32:25</time>
			</trkpt>
			<trkpt lat="48.9487199485302" lon="3.237569946795702">
				<ele>180.0</ele>
				<time>2020-07-03T09:32:27</time>
			</trkpt>
			<trkpt lat="48.94874995574355" lon="3.2376899756491184">
				<ele>180.0</ele>
				<time>2020-07-03T09:32:28</time>
			</trkpt>
			<trkpt lat="48.94876998849213" lon="3.237829953432083">
				<ele>180.0</ele>
				<time>2020-07-03T09:32:29</time>
			</trkpt>
			<trkpt lat="48.94878993742168" lon="3.2379499822854996">
				<ele>181.0</ele>
				<time>2020-07-03T09:32:31</time>
			</trkpt>
			<trkpt lat="48.948839977383614" lon="3.2394399493932724">
				<ele>183.0</ele>
				<time>2020-07-03T09:32:46</time>
			</trkpt>
			<trkpt lat="48.948839977383614" lon="3.2395199965685606">
				<ele>183.0</ele>
				<time>2020-07-03T09:32:47</time>
			</trkpt>
			<trkpt lat="48.94940994679928" lon="3.239309946075082">
				<ele>185.0</ele>
				<time>2020-07-03T09:32:57</time>
			</trkpt>
			<trkpt lat="48.94981998950243" lon="3.239139961078763">
				<ele>184.0</ele>
				<time>2020-07-03T09:33:03</time>
			</trkpt>
			<trkpt lat="48.949959967285395" lon="3.2390599977225065">
				<ele>184.0</ele>
				<time>2020-07-03T09:33:06</time>
			</trkpt>
			<trkpt lat="48.95015995949507" lon="3.238949943333864">
				<ele>184.0</ele>
				<time>2020-07-03T09:33:09</time>
			</trkpt>
			<trkpt lat="48.95060998387635" lon="3.238659929484129">
				<ele>183.0</ele>
				<time>2020-07-03T09:33:17</time>
			</trkpt>
			<trkpt lat="48.950969986617565" lon="3.238419955596328">
				<ele>182.0</ele>
				<time>2020-07-03T09:33:23</time>
			</trkpt>
			<trkpt lat="48.951209960505366" lon="3.238259945064783">
				<ele>182.0</ele>
				<time>2020-07-03T09:33:28</time>
			</trkpt>
			<trkpt lat="48.95172997377813" lon="3.238049978390336">
				<ele>182.0</ele>
				<time>2020-07-03T09:33:36</time>
			</trkpt>
			<trkpt lat="48.95323997363448" lon="3.2374699506908655">
				<ele>181.0</ele>
				<time>2020-07-03T09:34:01</time>
			</trkpt>
			<trkpt lat="48.95346997305751" lon="3.237359980121255">
				<ele>181.0</ele>
				<time>2020-07-03T09:34:05</time>
			</trkpt>
			<trkpt lat="48.953809943050146" lon="3.2372099440544844">
				<ele>180.0</ele>
				<time>2020-07-03T09:34:11</time>
			</trkpt>
			<trkpt lat="48.954319981858134" lon="3.236969970166683">
				<ele>179.0</ele>
				<time>2020-07-03T09:34:19</time>
			</trkpt>
			<trkpt lat="48.95452994853258" lon="3.236879948526621">
				<ele>178.0</ele>
				<time>2020-07-03T09:34:23</time>
			</trkpt>
			<trkpt lat="48.954619970172644" lon="3.2368599995970726">
				<ele>177.0</ele>
				<time>2020-07-03T09:34:24</time>
			</trkpt>
			<trkpt lat="48.9555599167943" lon="3.2366399746388197">
				<ele>172.0</ele>
				<time>2020-07-03T09:34:39</time>
			</trkpt>
			<trkpt lat="48.95600994117558" lon="3.2365299202501774">
				<ele>171.0</ele>
				<time>2020-07-03T09:34:47</time>
			</trkpt>
			<trkpt lat="48.95609996281564" lon="3.236499996855855">
				<ele>171.0</ele>
				<time>2020-07-03T09:34:48</time>
			</trkpt>
			<trkpt lat="48.956169951707125" lon="3.236489938572049">
				<ele>170.0</ele>
				<time>2020-07-03T09:34:49</time>
			</trkpt>
			<trkpt lat="48.95645996555686" lon="3.2363799680024385">
				<ele>169.0</ele>
				<time>2020-07-03T09:34:54</time>
			</trkpt>
			<trkpt lat="48.95663992501795" lon="3.2363199535757303">
				<ele>168.0</ele>
				<time>2020-07-03T09:34:57</time>
			</trkpt>
			<trkpt lat="48.957439977675676" lon="3.236039998009801">
				<ele>163.0</ele>
				<time>2020-07-03T09:35:10</time>
			</trkpt>
			<trkpt lat="48.95753997378051" lon="3.236009990796447">
				<ele>163.0</ele>
				<time>2020-07-03T09:35:12</time>
			</trkpt>
			<trkpt lat="48.95799997262657" lon="3.2358799874782562">
				<ele>160.0</ele>
				<time>2020-07-03T09:35:19</time>
			</trkpt>
			<trkpt lat="48.958149924874306" lon="3.235829947516322">
				<ele>159.0</ele>
				<time>2020-07-03T09:35:22</time>
			</trkpt>
			<trkpt lat="48.958209939301014" lon="3.235799940302968">
				<ele>159.0</ele>
				<time>2020-07-03T09:35:23</time>
			</trkpt>
			<trkpt lat="48.958229972049594" lon="3.235769933089614">
				<ele>158.0</ele>
				<time>2020-07-03T09:35:23</time>
			</trkpt>
			<trkpt lat="48.95826995372772" lon="3.2357099186629057">
				<ele>158.0</ele>
				<time>2020-07-03T09:35:24</time>
			</trkpt>
			<trkpt lat="48.958299960941076" lon="3.2356599625200033">
				<ele>158.0</ele>
				<time>2020-07-03T09:35:25</time>
			</trkpt>
			<trkpt lat="48.95832996815443" lon="3.2356099225580692">
				<ele>158.0</ele>
				<time>2020-07-03T09:35:26</time>
			</trkpt>
			<trkpt lat="48.95834991708398" lon="3.2355499919503927">
				<ele>158.0</ele>
				<time>2020-07-03T09:35:26</time>
			</trkpt>
			<trkpt lat="48.95837992429733" lon="3.2354799192398787">
				<ele>158.0</ele>
				<time>2020-07-03T09:35:27</time>
			</trkpt>
			<trkpt lat="48.95842996425927" lon="3.235219996422529">
				<ele>158.0</ele>
				<time>2020-07-03T09:35:30</time>
			</trkpt>
			<trkpt lat="48.95845997147262" lon="3.2350299786776304">
				<ele>157.0</ele>
				<time>2020-07-03T09:35:32</time>
			</trkpt>
			<trkpt lat="48.95847992040217" lon="3.234929982572794">
				<ele>157.0</ele>
				<time>2020-07-03T09:35:33</time>
			</trkpt>
			<trkpt lat="48.95849995315075" lon="3.2347999792546034">
				<ele>157.0</ele>
				<time>2020-07-03T09:35:35</time>
			</trkpt>
			<trkpt lat="48.95856994204223" lon="3.2343999948352575">
				<ele>157.0</ele>
				<time>2020-07-03T09:35:39</time>
			</trkpt>
			<trkpt lat="48.95869994536042" lon="3.2336899638175964">
				<ele>154.0</ele>
				<time>2020-07-03T09:35:47</time>
			</trkpt>
			<trkpt lat="48.958789967000484" lon="3.233189983293414">
				<ele>151.0</ele>
				<time>2020-07-03T09:35:52</time>
			</trkpt>
			<trkpt lat="48.95886993035674" lon="3.2327999733388424">
				<ele>149.0</ele>
				<time>2020-07-03T09:35:56</time>
			</trkpt>
			<trkpt lat="48.95887998864055" lon="3.232679944485426">
				<ele>148.0</ele>
				<time>2020-07-03T09:35:58</time>
			</trkpt>
			<trkpt lat="48.95887998864055" lon="3.2323399744927883">
				<ele>147.0</ele>
				<time>2020-07-03T09:36:01</time>
			</trkpt>
			<trkpt lat="48.958709919825196" lon="3.231109930202365">
				<ele>142.0</ele>
				<time>2020-07-03T09:36:14</time>
			</trkpt>
			<trkpt lat="48.958639930933714" lon="3.230689996853471">
				<ele>141.0</ele>
				<time>2020-07-03T09:36:19</time>
			</trkpt>
			<trkpt lat="48.958599949255586" lon="3.2304299902170897">
				<ele>139.0</ele>
				<time>2020-07-03T09:36:22</time>
			</trkpt>
			<trkpt lat="48.95858997479081" lon="3.2303199358284473">
				<ele>138.0</ele>
				<time>2020-07-03T09:36:23</time>
			</trkpt>
			<trkpt lat="48.958579916507006" lon="3.2301299180835485">
				<ele>137.0</ele>
				<time>2020-07-03T09:36:25</time>
			</trkpt>
			<trkpt lat="48.95858997479081" lon="3.2298599369823933">
				<ele>135.0</ele>
				<time>2020-07-03T09:36:28</time>
			</trkpt>
			<trkpt lat="48.958639930933714" lon="3.2294799853116274">
				<ele>134.0</ele>
				<time>2020-07-03T09:36:32</time>
			</trkpt>
			<trkpt lat="48.958729952573776" lon="3.2291999459266663">
				<ele>132.0</ele>
				<time>2020-07-03T09:36:35</time>
			</trkpt>
			<trkpt lat="48.95883992314339" lon="3.228969946503639">
				<ele>132.0</ele>
				<time>2020-07-03T09:36:38</time>
			</trkpt>
			<trkpt lat="48.95888996310532" lon="3.2288899831473827">
				<ele>131.0</ele>
				<time>2020-07-03T09:36:39</time>
			</trkpt>
			<trkpt lat="48.959029940888286" lon="3.228739947080612">
				<ele>130.0</ele>
				<time>2020-07-03T09:36:42</time>
			</trkpt>
			<trkpt lat="48.959159944206476" lon="3.2286399509757757">
				<ele>129.0</ele>
				<time>2020-07-03T09:36:44</time>
			</trkpt>
			<trkpt lat="48.959179976955056" lon="3.2286299765110016">
				<ele>129.0</ele>
				<time>2020-07-03T09:36:45</time>
			</trkpt>
			<trkpt lat="48.95955992862582" lon="3.2283699698746204">
				<ele>126.0</ele>
				<time>2020-07-03T09:36:51</time>
			</trkpt>
			<trkpt lat="48.959799986332655" lon="3.22821993380785">
				<ele>125.0</ele>
				<time>2020-07-03T09:36:56</time>
			</trkpt>
			<trkpt lat="48.959889924153686" lon="3.2281499449163675">
				<ele>125.0</ele>
				<time>2020-07-03T09:36:57</time>
			</trkpt>
			<trkpt lat="48.95991993136704" lon="3.2281199377030134">
				<ele>124.0</ele>
				<time>2020-07-03T09:36:58</time>
			</trkpt>
			<trkpt lat="48.959929989650846" lon="3.2281099632382393">
				<ele>124.0</ele>
				<time>2020-07-03T09:36:58</time>
			</trkpt>
			<trkpt lat="48.9600099530071" lon="3.228049948811531">
				<ele>124.0</ele>
				<time>2020-07-03T09:36:59</time>
			</trkpt>
			<trkpt lat="48.96004993468523" lon="3.2279799599200487">
				<ele>123.0</ele>
				<time>2020-07-03T09:37:00</time>
			</trkpt>
			<trkpt lat="48.96008991636336" lon="3.2279099710285664">
				<ele>123.0</ele>
				<time>2020-07-03T09:37:01</time>
			</trkpt>
			<trkpt lat="48.96015998907387" lon="3.2277299277484417">
				<ele>122.0</ele>
				<time>2020-07-03T09:37:04</time>
			</trkpt>
			<trkpt lat="48.960199970752" lon="3.227569917216897">
				<ele>122.0</ele>
				<time>2020-07-03T09:37:05</time>
			</trkpt>
			<trkpt lat="48.96023995243013" lon="3.2274499721825123">
				<ele>121.0</ele>
				<time>2020-07-03T09:37:07</time>
			</trkpt>
			<trkpt lat="48.96045997738838" lon="3.226299975067377">
				<ele>115.0</ele>
				<time>2020-07-03T09:37:19</time>
			</trkpt>
			<trkpt lat="48.960549999028444" lon="3.2258599251508713">
				<ele>113.0</ele>
				<time>2020-07-03T09:37:24</time>
			</trkpt>
			<trkpt lat="48.960659969598055" lon="3.225369919091463">
				<ele>111.0</ele>
				<time>2020-07-03T09:37:30</time>
			</trkpt>
			<trkpt lat="48.9606799185276" lon="3.2253199629485607">
				<ele>111.0</ele>
				<time>2020-07-03T09:37:30</time>
			</trkpt>
			<trkpt lat="48.96070992574096" lon="3.2252399995923042">
				<ele>110.0</ele>
				<time>2020-07-03T09:37:31</time>
			</trkpt>
			<trkpt lat="48.96075996570289" lon="3.22516992688179">
				<ele>110.0</ele>
				<time>2020-07-03T09:37:32</time>
			</trkpt>
			<trkpt lat="48.960789972916245" lon="3.225129945203662">
				<ele>109.0</ele>
				<time>2020-07-03T09:37:33</time>
			</trkpt>
			<trkpt lat="48.960809921845794" lon="3.2251099962741137">
				<ele>109.0</ele>
				<time>2020-07-03T09:37:33</time>
			</trkpt>
			<trkpt lat="48.96083992905915" lon="3.2250899635255337">
				<ele>109.0</ele>
				<time>2020-07-03T09:37:34</time>
			</trkpt>
			<trkpt lat="48.96088996902108" lon="3.2250799890607595">
				<ele>108.0</ele>
				<time>2020-07-03T09:37:35</time>
			</trkpt>
			<trkpt lat="48.960919976234436" lon="3.2250799890607595">
				<ele>108.0</ele>
				<time>2020-07-03T09:37:35</time>
			</trkpt>
			<trkpt lat="48.96096993237734" lon="3.225099937990308">
				<ele>107.0</ele>
				<time>2020-07-03T09:37:36</time>
			</trkpt>
			<trkpt lat="48.96099993959069" lon="3.2251099962741137">
				<ele>107.0</ele>
				<time>2020-07-03T09:37:36</time>
			</trkpt>
			<trkpt lat="48.96103992126882" lon="3.225139919668436">
				<ele>107.0</ele>
				<time>2020-07-03T09:37:37</time>
			</trkpt>
			<trkpt lat="48.961069928482175" lon="3.225179985165596">
				<ele>107.0</ele>
				<time>2020-07-03T09:37:38</time>
			</trkpt>
			<trkpt lat="48.96111996844411" lon="3.2252499740570784">
				<ele>106.0</ele>
				<time>2020-07-03T09:37:39</time>
			</trkpt>
			<trkpt lat="48.96133999340236" lon="3.225609976798296">
				<ele>104.0</ele>
				<time>2020-07-03T09:37:44</time>
			</trkpt>
			<trkpt lat="48.96139992401004" lon="3.2256999984383583">
				<ele>104.0</ele>
				<time>2020-07-03T09:37:45</time>
			</trkpt>
			<trkpt lat="48.961779959499836" lon="3.226279942318797">
				<ele>101.0</ele>
				<time>2020-07-03T09:37:54</time>
			</trkpt>
			<trkpt lat="48.9620599988848" lon="3.226669952273369">
				<ele>100.0</ele>
				<time>2020-07-03T09:38:00</time>
			</trkpt>
			<trkpt lat="48.962119929492474" lon="3.226749999448657">
				<ele>99.0</ele>
				<time>2020-07-03T09:38:01</time>
			</trkpt>
			<trkpt lat="48.962189918383956" lon="3.2268199883401394">
				<ele>99.0</ele>
				<time>2020-07-03T09:38:03</time>
			</trkpt>
			<trkpt lat="48.96230994723737" lon="3.226919984444976">
				<ele>98.0</ele>
				<time>2020-07-03T09:38:05</time>
			</trkpt>
			<trkpt lat="48.96240994334221" lon="3.226939933374524">
				<ele>97.0</ele>
				<time>2020-07-03T09:38:07</time>
			</trkpt>
			<trkpt lat="48.96247993223369" lon="3.22694999165833">
				<ele>97.0</ele>
				<time>2020-07-03T09:38:08</time>
			</trkpt>
			<trkpt lat="48.96255997940898" lon="3.226939933374524">
				<ele>96.0</ele>
				<time>2020-07-03T09:38:09</time>
			</trkpt>
			<trkpt lat="48.962639942765236" lon="3.226919984444976">
				<ele>95.0</ele>
				<time>2020-07-03T09:38:10</time>
			</trkpt>
			<trkpt lat="48.9627799205482" lon="3.2268599700182676">
				<ele>94.0</ele>
				<time>2020-07-03T09:38:13</time>
			</trkpt>
			<trkpt lat="48.96298997104168" lon="3.226759973913431">
				<ele>92.0</ele>
				<time>2020-07-03T09:38:16</time>
			</trkpt>
			<trkpt lat="48.964119935408235" lon="3.226219927892089">
				<ele>86.0</ele>
				<time>2020-07-03T09:38:35</time>
			</trkpt>
			<trkpt lat="48.96460994146764" lon="3.225989928469062">
				<ele>84.0</ele>
				<time>2020-07-03T09:38:43</time>
			</trkpt>
			<trkpt lat="48.96509994752705" lon="3.2257499545812607">
				<ele>83.0</ele>
				<time>2020-07-03T09:38:52</time>
			</trkpt>
			<trkpt lat="48.96548995748162" lon="3.2255199551582336">
				<ele>82.0</ele>
				<time>2020-07-03T09:38:58</time>
			</trkpt>
			<trkpt lat="48.965989938005805" lon="3.22516992688179">
				<ele>82.0</ele>
				<time>2020-07-03T09:39:07</time>
			</trkpt>
			<trkpt lat="48.96653995849192" lon="3.22475996799767">
				<ele>83.0</ele>
				<time>2020-07-03T09:39:17</time>
			</trkpt>
			<trkpt lat="48.967109927907586" lon="3.22432997636497">
				<ele>84.0</ele>
				<time>2020-07-03T09:39:27</time>
			</trkpt>
			<trkpt lat="48.966999957337976" lon="3.224069969728589">
				<ele>84.0</ele>
				<time>2020-07-03T09:39:30</time>
			</trkpt>
			<trkpt lat="48.96638992242515" lon="3.222759962081909">
				<ele>80.0</ele>
				<time>2020-07-03T09:39:47</time>
			</trkpt>
			<trkpt lat="48.96621993742883" lon="3.2223799265921116">
				<ele>79.0</ele>
				<time>2020-07-03T09:39:52</time>
			</trkpt>
			<trkpt lat="48.965799920260906" lon="3.2214799616485834">
				<ele>76.0</ele>
				<time>2020-07-03T09:40:04</time>
			</trkpt>
			<trkpt lat="48.964719995856285" lon="3.219149960204959">
				<ele>72.0</ele>
				<time>2020-07-03T09:40:34</time>
			</trkpt>
			<trkpt lat="48.96464992314577" lon="3.219009982421994">
				<ele>72.0</ele>
				<time>2020-07-03T09:40:35</time>
			</trkpt>
			<trkpt lat="48.96425999701023" lon="3.2179999630898237">
				<ele>71.0</ele>
				<time>2020-07-03T09:40:48</time>
			</trkpt>
			<trkpt lat="48.96417994983494" lon="3.217779938131571">
				<ele>71.0</ele>
				<time>2020-07-03T09:40:50</time>
			</trkpt>
			<trkpt lat="48.9640199393034" lon="3.217359920963645">
				<ele>71.0</ele>
				<time>2020-07-03T09:40:55</time>
			</trkpt>
			<trkpt lat="48.96324997767806" lon="3.2153099589049816">
				<ele>69.0</ele>
				<time>2020-07-03T09:41:20</time>
			</trkpt>
			<trkpt lat="48.963109999895096" lon="3.2149099744856358">
				<ele>68.0</ele>
				<time>2020-07-03T09:41:25</time>
			</trkpt>
			<trkpt lat="48.96307999268174" lon="3.2147899456322193">
				<ele>68.0</ele>
				<time>2020-07-03T09:41:26</time>
			</trkpt>
			<trkpt lat="48.96304998546839" lon="3.214729931205511">
				<ele>67.0</ele>
				<time>2020-07-03T09:41:27</time>
			</trkpt>
			<trkpt lat="48.96303992718458" lon="3.2146799750626087">
				<ele>67.0</ele>
				<time>2020-07-03T09:41:28</time>
			</trkpt>
			<trkpt lat="48.96299994550645" lon="3.21448995731771">
				<ele>67.0</ele>
				<time>2020-07-03T09:41:30</time>
			</trkpt>
			<trkpt lat="48.9629199821502" lon="3.214239925146103">
				<ele>66.0</ele>
				<time>2020-07-03T09:41:33</time>
			</trkpt>
			<trkpt lat="48.962699957191944" lon="3.2136999629437923">
				<ele>65.0</ele>
				<time>2020-07-03T09:41:39</time>
			</trkpt>
			<trkpt lat="48.96246995776892" lon="3.2130999863147736">
				<ele>63.0</ele>
				<time>2020-07-03T09:41:47</time>
			</trkpt>
			<trkpt lat="48.96217994391918" lon="3.2124399952590466">
				<ele>61.0</ele>
				<time>2020-07-03T09:41:55</time>
			</trkpt>
			<trkpt lat="48.96212998777628" lon="3.21229993365705">
				<ele>61.0</ele>
				<time>2020-07-03T09:41:57</time>
			</trkpt>
			<trkpt lat="48.962079947814345" lon="3.2120199780911207">
				<ele>61.0</ele>
				<time>2020-07-03T09:42:00</time>
			</trkpt>
			<trkpt lat="48.96204994060099" lon="3.211599960923195">
				<ele>60.0</ele>
				<time>2020-07-03T09:42:04</time>
			</trkpt>
			<trkpt lat="48.96204994060099" lon="3.211389994248748">
				<ele>60.0</ele>
				<time>2020-07-03T09:42:06</time>
			</trkpt>
			<trkpt lat="48.96206997334957" lon="3.211139962077141">
				<ele>60.0</ele>
				<time>2020-07-03T09:42:09</time>
			</trkpt>
			<trkpt lat="48.962099980562925" lon="3.210709970444441">
				<ele>60.0</ele>
				<time>2020-07-03T09:42:14</time>
			</trkpt>
			<trkpt lat="48.96232997998595" lon="3.2106599304825068">
				<ele>60.0</ele>
				<time>2020-07-03T09:42:17</time>
			</trkpt>
			<trkpt lat="48.9623499289155" lon="3.2105999998748302">
				<ele>60.0</ele>
				<time>2020-07-03T09:42:18</time>
			</trkpt>
			<trkpt lat="48.96235998719931" lon="3.210549959912896">
				<ele>60.0</ele>
				<time>2020-07-03T09:42:19</time>
			</trkpt>
			<trkpt lat="48.96257992833853" lon="3.210119968280196">
				<ele>58.0</ele>
				<time>2020-07-03T09:42:24</time>
			</trkpt>
			<trkpt lat="48.9627299644053" lon="3.209879994392395">
				<ele>58.0</ele>
				<time>2020-07-03T09:42:28</time>
			</trkpt>
			<trkpt lat="48.963069934397936" lon="3.209429970011115">
				<ele>58.0</ele>
				<time>2020-07-03T09:42:35</time>
			</trkpt>
			<trkpt lat="48.963499926030636" lon="3.2082099840044975">
				<ele>56.0</ele>
				<time>2020-07-03T09:42:50</time>
			</trkpt>
			<trkpt lat="48.96363998763263" lon="3.2077599596232176">
				<ele>56.0</ele>
				<time>2020-07-03T09:42:55</time>
			</trkpt>
			<trkpt lat="48.96390996873379" lon="3.207169957458973">
				<ele>55.0</ele>
				<time>2020-07-03T09:43:02</time>
			</trkpt>
			<trkpt lat="48.963949950411916" lon="3.2070999685674906">
				<ele>55.0</ele>
				<time>2020-07-03T09:43:03</time>
			</trkpt>
			<trkpt lat="48.96434993483126" lon="3.2061899453401566">
				<ele>55.0</ele>
				<time>2020-07-03T09:43:15</time>
			</trkpt>
			<trkpt lat="48.96447993814945" lon="3.2058999314904213">
				<ele>55.0</ele>
				<time>2020-07-03T09:43:19</time>
			</trkpt>
			<trkpt lat="48.964549927040935" lon="3.2057599537074566">
				<ele>55.0</ele>
				<time>2020-07-03T09:43:20</time>
			</trkpt>
			<trkpt lat="48.96460994146764" lon="3.20563992485404">
				<ele>55.0</ele>
				<time>2020-07-03T09:43:22</time>
			</trkpt>
			<trkpt lat="48.964719995856285" lon="3.205369943752885">
				<ele>55.0</ele>
				<time>2020-07-03T09:43:25</time>
			</trkpt>
			<trkpt lat="48.96475997753441" lon="3.2052399404346943">
				<ele>55.0</ele>
				<time>2020-07-03T09:43:27</time>
			</trkpt>
			<trkpt lat="48.96479995921254" lon="3.205139944329858">
				<ele>55.0</ele>
				<time>2020-07-03T09:43:28</time>
			</trkpt>
			<trkpt lat="48.96481999196112" lon="3.2050699554383755">
				<ele>54.0</ele>
				<time>2020-07-03T09:43:29</time>
			</trkpt>
			<trkpt lat="48.964979918673635" lon="3.2046199310570955">
				<ele>54.0</ele>
				<time>2020-07-03T09:43:34</time>
			</trkpt>
			<trkpt lat="48.96498997695744" lon="3.2045799493789673">
				<ele>54.0</ele>
				<time>2020-07-03T09:43:35</time>
			</trkpt>
			<trkpt lat="48.96502995863557" lon="3.2044499460607767">
				<ele>53.0</ele>
				<time>2020-07-03T09:43:36</time>
			</trkpt>
			<trkpt lat="48.9650699403137" lon="3.2043499499559402">
				<ele>53.0</ele>
				<time>2020-07-03T09:43:38</time>
			</trkpt>
			<trkpt lat="48.96508997306228" lon="3.204279961064458">
				<ele>53.0</ele>
				<time>2020-07-03T09:43:38</time>
			</trkpt>
			<trkpt lat="48.96511998027563" lon="3.2041699904948473">
				<ele>53.0</ele>
				<time>2020-07-03T09:43:40</time>
			</trkpt>
			<trkpt lat="48.965409994125366" lon="3.2033199816942215">
				<ele>61.0</ele>
				<time>2020-07-03T09:43:50</time>
			</trkpt>
			<trkpt lat="48.96559992805123" lon="3.203179920092225">
				<ele>64.0</ele>
				<time>2020-07-03T09:43:53</time>
			</trkpt>
			<trkpt lat="48.96563999354839" lon="3.203139938414097">
				<ele>65.0</ele>
				<time>2020-07-03T09:43:54</time>
			</trkpt>
			<trkpt lat="48.96552993915975" lon="3.203019993379712">
				<ele>65.0</ele>
				<time>2020-07-03T09:43:56</time>
			</trkpt>
			<trkpt lat="48.96545995026827" lon="3.202949920669198">
				<ele>65.0</ele>
				<time>2020-07-03T09:43:57</time>
			</trkpt>
			<trkpt lat="48.96537998691201" lon="3.2028799317777157">
				<ele>65.0</ele>
				<time>2020-07-03T09:43:59</time>
			</trkpt>
			<trkpt lat="48.96526993252337" lon="3.202769961208105">
				<ele>65.0</ele>
				<time>2020-07-03T09:44:01</time>
			</trkpt>
			<trkpt lat="48.96520991809666" lon="3.202709946781397">
				<ele>65.0</ele>
				<time>2020-07-03T09:44:02</time>
			</trkpt>
			<trkpt lat="48.96513992920518" lon="3.2026499323546886">
				<ele>65.0</ele>
				<time>2020-07-03T09:44:03</time>
			</trkpt>
			<trkpt lat="48.96500992588699" lon="3.202529987320304">
				<ele>65.0</ele>
				<time>2020-07-03T09:44:06</time>
			</trkpt>
			<trkpt lat="48.96479995921254" lon="3.202319936826825">
				<ele>64.0</ele>
				<time>2020-07-03T09:44:10</time>
			</trkpt>
			<trkpt lat="48.96473994478583" lon="3.202249947935343">
				<ele>64.0</ele>
				<time>2020-07-03T09:44:11</time>
			</trkpt>
			<trkpt lat="48.964679930359125" lon="3.2021899335086346">
				<ele>63.0</ele>
				<time>2020-07-03T09:44:12</time>
			</trkpt>
			<trkpt lat="48.96461999975145" lon="3.2021299190819263">
				<ele>63.0</ele>
				<time>2020-07-03T09:44:13</time>
			</trkpt>
			<trkpt lat="48.964569959789515" lon="3.20204995572567">
				<ele>63.0</ele>
				<time>2020-07-03T09:44:14</time>
			</trkpt>
			<trkpt lat="48.964529978111386" lon="3.2019799668341875">
				<ele>63.0</ele>
				<time>2020-07-03T09:44:15</time>
			</trkpt>
			<trkpt lat="48.96448999643326" lon="3.2018999196588993">
				<ele>64.0</ele>
				<time>2020-07-03T09:44:16</time>
			</trkpt>
			<trkpt lat="48.9644499309361" lon="3.2018099818378687">
				<ele>64.0</ele>
				<time>2020-07-03T09:44:18</time>
			</trkpt>
			<trkpt lat="48.96442998200655" lon="3.2017199601978064">
				<ele>64.0</ele>
				<time>2020-07-03T09:44:19</time>
			</trkpt>
			<trkpt lat="48.96440994925797" lon="3.2015799824148417">
				<ele>65.0</ele>
				<time>2020-07-03T09:44:20</time>
			</trkpt>
			<trkpt lat="48.964399974793196" lon="3.201479986310005">
				<ele>66.0</ele>
				<time>2020-07-03T09:44:21</time>
			</trkpt>
			<trkpt lat="48.964399974793196" lon="3.2013799902051687">
				<ele>67.0</ele>
				<time>2020-07-03T09:44:22</time>
			</trkpt>
			<trkpt lat="48.964399974793196" lon="3.2012899685651064">
				<ele>68.0</ele>
				<time>2020-07-03T09:44:23</time>
			</trkpt>
			<trkpt lat="48.96440994925797" lon="3.201209921389818">
				<ele>69.0</ele>
				<time>2020-07-03T09:44:24</time>
			</trkpt>
			<trkpt lat="48.96442998200655" lon="3.2010899763554335">
				<ele>70.0</ele>
				<time>2020-07-03T09:44:25</time>
			</trkpt>
			<trkpt lat="48.9644499309361" lon="3.2010099291801453">
				<ele>71.0</ele>
				<time>2020-07-03T09:44:26</time>
			</trkpt>
			<trkpt lat="48.96446996368468" lon="3.200929965823889">
				<ele>72.0</ele>
				<time>2020-07-03T09:44:27</time>
			</trkpt>
			<trkpt lat="48.96449997089803" lon="3.2008499186486006">
				<ele>72.0</ele>
				<time>2020-07-03T09:44:28</time>
			</trkpt>
			<trkpt lat="48.964569959789515" lon="3.200709940865636">
				<ele>73.0</ele>
				<time>2020-07-03T09:44:30</time>
			</trkpt>
			<trkpt lat="48.96460994146764" lon="3.2006599847227335">
				<ele>73.0</ele>
				<time>2020-07-03T09:44:31</time>
			</trkpt>
			<trkpt lat="48.96468998864293" lon="3.200569963082671">
				<ele>74.0</ele>
				<time>2020-07-03T09:44:32</time>
			</trkpt>
			<trkpt lat="48.96474991925061" lon="3.200519923120737">
				<ele>75.0</ele>
				<time>2020-07-03T09:44:33</time>
			</trkpt>
			<trkpt lat="48.964829966425896" lon="3.2004599925130606">
				<ele>75.0</ele>
				<time>2020-07-03T09:44:35</time>
			</trkpt>
			<trkpt lat="48.96494999527931" lon="3.2003799453377724">
				<ele>76.0</ele>
				<time>2020-07-03T09:44:37</time>
			</trkpt>
			<trkpt lat="48.96513992920518" lon="3.200249942019582">
				<ele>78.0</ele>
				<time>2020-07-03T09:44:40</time>
			</trkpt>
			<trkpt lat="48.965239925310016" lon="3.2001599203795195">
				<ele>78.0</ele>
				<time>2020-07-03T09:44:42</time>
			</trkpt>
			<trkpt lat="48.96539993584156" lon="3.2000199425965548">
				<ele>79.0</ele>
				<time>2020-07-03T09:44:45</time>
			</trkpt>
			<trkpt lat="48.96545995026827" lon="3.1999599281698465">
				<ele>79.0</ele>
				<time>2020-07-03T09:44:46</time>
			</trkpt>
			<trkpt lat="48.9655099902302" lon="3.19989999756217">
				<ele>79.0</ele>
				<time>2020-07-03T09:44:47</time>
			</trkpt>
			<trkpt lat="48.965559946373105" lon="3.199819950386882">
				<ele>79.0</ele>
				<time>2020-07-03T09:44:48</time>
			</trkpt>
			<trkpt lat="48.96562993526459" lon="3.199659939855337">
				<ele>80.0</ele>
				<time>2020-07-03T09:44:50</time>
			</trkpt>
			<trkpt lat="48.965729931369424" lon="3.1994699221104383">
				<ele>80.0</ele>
				<time>2020-07-03T09:44:53</time>
			</trkpt>
			<trkpt lat="48.96602991968393" lon="3.1990999449044466">
				<ele>79.0</ele>
				<time>2020-07-03T09:44:59</time>
			</trkpt>
			<trkpt lat="48.966179955750704" lon="3.1988499965518713">
				<ele>79.0</ele>
				<time>2020-07-03T09:45:03</time>
			</trkpt>
			<trkpt lat="48.966269977390766" lon="3.1986699532717466">
				<ele>79.0</ele>
				<time>2020-07-03T09:45:05</time>
			</trkpt>
			<trkpt lat="48.96634994074702" lon="3.1984599865972996">
				<ele>79.0</ele>
				<time>2020-07-03T09:45:08</time>
			</trkpt>
			<trkpt lat="48.96657994017005" lon="3.197899991646409">
				<ele>77.0</ele>
				<time>2020-07-03T09:45:15</time>
			</trkpt>
			<trkpt lat="48.96682997234166" lon="3.1973099894821644">
				<ele>76.0</ele>
				<time>2020-07-03T09:45:22</time>
			</trkpt>
			<trkpt lat="48.966849921271205" lon="3.1972799822688103">
				<ele>76.0</ele>
				<time>2020-07-03T09:45:22</time>
			</trkpt>
			<trkpt lat="48.96695997565985" lon="3.1970099173486233">
				<ele>75.0</ele>
				<time>2020-07-03T09:45:26</time>
			</trkpt>
			<trkpt lat="48.96736993454397" lon="3.196139959618449">
				<ele>73.0</ele>
				<time>2020-07-03T09:45:37</time>
			</trkpt>
			<trkpt lat="48.96783999167383" lon="3.1953699979931116">
				<ele>69.0</ele>
				<time>2020-07-03T09:45:48</time>
			</trkpt>
			<trkpt lat="48.96831993944943" lon="3.194789970293641">
				<ele>65.0</ele>
				<time>2020-07-03T09:45:58</time>
			</trkpt>
			<trkpt lat="48.96876996383071" lon="3.194339945912361">
				<ele>63.0</ele>
				<time>2020-07-03T09:46:07</time>
			</trkpt>
			<trkpt lat="48.96891999989748" lon="3.1942199170589447">
				<ele>62.0</ele>
				<time>2020-07-03T09:46:09</time>
			</trkpt>
			<trkpt lat="48.96901999600232" lon="3.194139953702688">
				<ele>62.0</ele>
				<time>2020-07-03T09:46:11</time>
			</trkpt>
			<trkpt lat="48.96930992603302" lon="3.1939599942415953">
				<ele>60.0</ele>
				<time>2020-07-03T09:46:16</time>
			</trkpt>
			<trkpt lat="48.969449987635016" lon="3.193859998136759">
				<ele>58.0</ele>
				<time>2020-07-03T09:46:19</time>
			</trkpt>
			<trkpt lat="48.969769924879074" lon="3.1935999915003777">
				<ele>56.0</ele>
				<time>2020-07-03T09:46:24</time>
			</trkpt>
			<trkpt lat="48.96986992098391" lon="3.193499995395541">
				<ele>55.0</ele>
				<time>2020-07-03T09:46:26</time>
			</trkpt>
			<trkpt lat="48.97001995705068" lon="3.1932799704372883">
				<ele>55.0</ele>
				<time>2020-07-03T09:46:30</time>
			</trkpt>
			<trkpt lat="48.9701399859041" lon="3.1930999271571636">
				<ele>55.0</ele>
				<time>2020-07-03T09:46:32</time>
			</trkpt>
			<trkpt lat="48.970289938151836" lon="3.193249963223934">
				<ele>55.0</ele>
				<time>2020-07-03T09:46:35</time>
			</trkpt>
			<trkpt lat="48.97057995200157" lon="3.1935299187898636">
				<ele>56.0</ele>
				<time>2020-07-03T09:46:41</time>
			</trkpt>
			<trkpt lat="48.97069998085499" lon="3.193659922108054">
				<ele>57.0</ele>
				<time>2020-07-03T09:46:43</time>
			</trkpt>
			<trkpt lat="48.9708099514246" lon="3.1937799509614706">
				<ele>57.0</ele>
				<time>2020-07-03T09:46:45</time>
			</trkpt>
			<trkpt lat="48.97087994031608" lon="3.193849939852953">
				<ele>57.0</ele>
				<time>2020-07-03T09:46:47</time>
			</trkpt>
			<trkpt lat="48.97110993973911" lon="3.194069964811206">
				<ele>58.0</ele>
				<time>2020-07-03T09:46:51</time>
			</trkpt>
			<trkpt lat="48.971679992973804" lon="3.194519989192486">
				<ele>58.0</ele>
				<time>2020-07-03T09:47:01</time>
			</trkpt>
			<trkpt lat="48.972369991242886" lon="3.1950699258595705">
				<ele>57.0</ele>
				<time>2020-07-03T09:47:14</time>
			</trkpt>
			<trkpt lat="48.973209941759706" lon="3.195679960772395">
				<ele>59.0</ele>
				<time>2020-07-03T09:47:29</time>
			</trkpt>
			<trkpt lat="48.97336995229125" lon="3.1957999896258116">
				<ele>59.0</ele>
				<time>2020-07-03T09:47:31</time>
			</trkpt>
			<trkpt lat="48.974069925025105" lon="3.196299970149994">
				<ele>62.0</ele>
				<time>2020-07-03T09:47:44</time>
			</trkpt>
			<trkpt lat="48.97407026030123" lon="3.196300221607089">
				<ele>62.0</ele>
				<time>2020-07-03T09:47:44</time>
			</trkpt>
			<trkpt lat="48.97437997162342" lon="3.196529969573021">
				<ele>64.0</ele>
				<time>2020-07-03T09:47:49</time>
			</trkpt>
			<trkpt lat="48.97452992387116" lon="3.1966199912130833">
				<ele>63.0</ele>
				<time>2020-07-03T09:47:52</time>
			</trkpt>
			<trkpt lat="48.97469999268651" lon="3.196709929034114">
				<ele>62.0</ele>
				<time>2020-07-03T09:47:55</time>
			</trkpt>
			<trkpt lat="48.97579994983971" lon="3.1973399966955185">
				<ele>57.0</ele>
				<time>2020-07-03T09:48:14</time>
			</trkpt>
			<trkpt lat="48.97633999586105" lon="3.1975699961185455">
				<ele>58.0</ele>
				<time>2020-07-03T09:48:23</time>
			</trkpt>
			<trkpt lat="48.97680996917188" lon="3.1977599300444126">
				<ele>60.0</ele>
				<time>2020-07-03T09:48:30</time>
			</trkpt>
			<trkpt lat="48.97725999355316" lon="3.1979499477893114">
				<ele>60.0</ele>
				<time>2020-07-03T09:48:38</time>
			</trkpt>
			<trkpt lat="48.977309949696064" lon="3.1979699805378914">
				<ele>60.0</ele>
				<time>2020-07-03T09:48:39</time>
			</trkpt>
			<trkpt lat="48.97749996744096" lon="3.1980399694293737">
				<ele>60.0</ele>
				<time>2020-07-03T09:48:42</time>
			</trkpt>
			<trkpt lat="48.977569956332445" lon="3.198049943894148">
				<ele>60.0</ele>
				<time>2020-07-03T09:48:43</time>
			</trkpt>
			<trkpt lat="48.97762997075915" lon="3.198069976642728">
				<ele>60.0</ele>
				<time>2020-07-03T09:48:44</time>
			</trkpt>
			<trkpt lat="48.97796994075179" lon="3.198089925572276">
				<ele>59.0</ele>
				<time>2020-07-03T09:48:49</time>
			</trkpt>
			<trkpt lat="48.97809994406998" lon="3.198109958320856">
				<ele>59.0</ele>
				<time>2020-07-03T09:48:51</time>
			</trkpt>
			<trkpt lat="48.978189965710044" lon="3.1981499399989843">
				<ele>58.0</ele>
				<time>2020-07-03T09:48:53</time>
			</trkpt>
			<trkpt lat="48.978209998458624" lon="3.1981499399989843">
				<ele>58.0</ele>
				<time>2020-07-03T09:48:53</time>
			</trkpt>
			<trkpt lat="48.978279987350106" lon="3.1981799472123384">
				<ele>58.0</ele>
				<time>2020-07-03T09:48:54</time>
			</trkpt>
			<trkpt lat="48.97843999788165" lon="3.1982599943876266">
				<ele>58.0</ele>
				<time>2020-07-03T09:48:57</time>
			</trkpt>
			<trkpt lat="48.978559942916036" lon="3.198319924995303">
				<ele>58.0</ele>
				<time>2020-07-03T09:48:59</time>
			</trkpt>
			<trkpt lat="48.97922999225557" lon="3.1986499205231667">
				<ele>58.0</ele>
				<time>2020-07-03T09:49:10</time>
			</trkpt>
			<trkpt lat="48.97953995503485" lon="3.198739942163229">
				<ele>57.0</ele>
				<time>2020-07-03T09:49:15</time>
			</trkpt>
			<trkpt lat="48.980039935559034" lon="3.1988599710166454">
				<ele>56.0</ele>
				<time>2020-07-03T09:49:24</time>
			</trkpt>
			<trkpt lat="48.98006994277239" lon="3.1988699454814196">
				<ele>56.0</ele>
				<time>2020-07-03T09:49:24</time>
			</trkpt>
			<trkpt lat="48.98026993498206" lon="3.1988999526947737">
				<ele>56.0</ele>
				<time>2020-07-03T09:49:27</time>
			</trkpt>
			<trkpt lat="48.98038996383548" lon="3.198929959908128">
				<ele>56.0</ele>
				<time>2020-07-03T09:49:29</time>
			</trkpt>
			<trkpt lat="48.980489959940314" lon="3.198939934372902">
				<ele>56.0</ele>
				<time>2020-07-03T09:49:31</time>
			</trkpt>
			<trkpt lat="48.98090997710824" lon="3.19899994879961">
				<ele>56.0</ele>
				<time>2020-07-03T09:49:38</time>
			</trkpt>
			<trkpt lat="48.980939984321594" lon="3.19899994879961">
				<ele>56.0</ele>
				<time>2020-07-03T09:49:38</time>
			</trkpt>
			<trkpt lat="48.98118993267417" lon="3.1990499887615442">
				<ele>56.0</ele>
				<time>2020-07-03T09:49:42</time>
			</trkpt>
			<trkpt lat="48.981429990381" lon="3.1991099193692207">
				<ele>56.0</ele>
				<time>2020-07-03T09:49:46</time>
			</trkpt>
			<trkpt lat="48.981649931520224" lon="3.199189966544509">
				<ele>57.0</ele>
				<time>2020-07-03T09:49:50</time>
			</trkpt>
			<trkpt lat="48.98201999254525" lon="3.1993199698626995">
				<ele>58.0</ele>
				<time>2020-07-03T09:49:56</time>
			</trkpt>
			<trkpt lat="48.98256992921233" lon="3.1995499692857265">
				<ele>59.0</ele>
				<time>2020-07-03T09:50:05</time>
			</trkpt>
			<trkpt lat="48.98270999081433" lon="3.199589950963855">
				<ele>59.0</ele>
				<time>2020-07-03T09:50:07</time>
			</trkpt>
			<trkpt lat="48.98272993974388" lon="3.199599925428629">
				<ele>59.0</ele>
				<time>2020-07-03T09:50:07</time>
			</trkpt>
			<trkpt lat="48.98285994306207" lon="3.1996099837124348">
				<ele>59.0</ele>
				<time>2020-07-03T09:50:10</time>
			</trkpt>
			<trkpt lat="48.983049960806966" lon="3.199589950963855">
				<ele>58.0</ele>
				<time>2020-07-03T09:50:13</time>
			</trkpt>
			<trkpt lat="48.98329999297857" lon="3.1994699221104383">
				<ele>58.0</ele>
				<time>2020-07-03T09:50:17</time>
			</trkpt>
			<trkpt lat="48.9833399746567" lon="3.199459947645664">
				<ele>58.0</ele>
				<time>2020-07-03T09:50:17</time>
			</trkpt>
			<trkpt lat="48.98341993801296" lon="3.199439998716116">
				<ele>57.0</ele>
				<time>2020-07-03T09:50:19</time>
			</trkpt>
			<trkpt lat="48.98365999571979" lon="3.19942994043231">
				<ele>57.0</ele>
				<time>2020-07-03T09:50:23</time>
			</trkpt>
			<trkpt lat="48.98399996571243" lon="3.199479980394244">
				<ele>58.0</ele>
				<time>2020-07-03T09:50:28</time>
			</trkpt>
			<trkpt lat="48.98436994291842" lon="3.1994999293237925">
				<ele>58.0</ele>
				<time>2020-07-03T09:50:34</time>
			</trkpt>
			<trkpt lat="48.984679989516735" lon="3.199479980394244">
				<ele>60.0</ele>
				<time>2020-07-03T09:50:39</time>
			</trkpt>
			<trkpt lat="48.984809992834926" lon="3.199479980394244">
				<ele>60.0</ele>
				<time>2020-07-03T09:50:41</time>
			</trkpt>
			<trkpt lat="48.985389936715364" lon="3.199439998716116">
				<ele>62.0</ele>
				<time>2020-07-03T09:50:50</time>
			</trkpt>
			<trkpt lat="48.98555992171168" lon="3.199409991502762">
				<ele>62.0</ele>
				<time>2020-07-03T09:50:53</time>
			</trkpt>
			<trkpt lat="48.98558992892504" lon="3.199409991502762">
				<ele>62.0</ele>
				<time>2020-07-03T09:50:54</time>
			</trkpt>
			<trkpt lat="48.98590994998813" lon="3.1992899626493454">
				<ele>61.0</ele>
				<time>2020-07-03T09:50:59</time>
			</trkpt>
			<trkpt lat="48.98670991882682" lon="3.1988699454814196">
				<ele>60.0</ele>
				<time>2020-07-03T09:51:12</time>
			</trkpt>
			<trkpt lat="48.98767995648086" lon="3.198329983279109">
				<ele>58.0</ele>
				<time>2020-07-03T09:51:29</time>
			</trkpt>
			<trkpt lat="48.987989919260144" lon="3.19815999828279">
				<ele>60.0</ele>
				<time>2020-07-03T09:51:34</time>
			</trkpt>
			<trkpt lat="48.98857992142439" lon="3.197839977219701">
				<ele>61.0</ele>
				<time>2020-07-03T09:51:44</time>
			</trkpt>
			<trkpt lat="48.988679917529225" lon="3.1977799627929926">
				<ele>61.0</ele>
				<time>2020-07-03T09:51:46</time>
			</trkpt>
			<trkpt lat="48.98908996023238" lon="3.1975299306213856">
				<ele>60.0</ele>
				<time>2020-07-03T09:51:53</time>
			</trkpt>
			<trkpt lat="48.98939992301166" lon="3.1973799783736467">
				<ele>60.0</ele>
				<time>2020-07-03T09:51:58</time>
			</trkpt>
			<trkpt lat="48.98973997682333" lon="3.197169927880168">
				<ele>61.0</ele>
				<time>2020-07-03T09:52:04</time>
			</trkpt>
			<trkpt lat="48.98978993296623" lon="3.197139920666814">
				<ele>61.0</ele>
				<time>2020-07-03T09:52:05</time>
			</trkpt>
			<trkpt lat="48.989839972928166" lon="3.1971199717372656">
				<ele>61.0</ele>
				<time>2020-07-03T09:52:06</time>
			</trkpt>
			<trkpt lat="48.990009957924485" lon="3.197019975632429">
				<ele>60.0</ele>
				<time>2020-07-03T09:52:09</time>
			</trkpt>
			<trkpt lat="48.99048998951912" lon="3.196749994531274">
				<ele>58.0</ele>
				<time>2020-07-03T09:52:17</time>
			</trkpt>
			<trkpt lat="48.99115995503962" lon="3.1963899917900562">
				<ele>58.0</ele>
				<time>2020-07-03T09:52:28</time>
			</trkpt>
			<trkpt lat="48.991619953885674" lon="3.1961699668318033">
				<ele>57.0</ele>
				<time>2020-07-03T09:52:36</time>
			</trkpt>
			<trkpt lat="48.9922799449414" lon="3.195859920233488">
				<ele>55.0</ele>
				<time>2020-07-03T09:52:47</time>
			</trkpt>
			<trkpt lat="48.992609940469265" lon="3.1957899313420057">
				<ele>56.0</ele>
				<time>2020-07-03T09:52:52</time>
			</trkpt>
			<trkpt lat="48.99264992214739" lon="3.1957899313420057">
				<ele>56.0</ele>
				<time>2020-07-03T09:52:53</time>
			</trkpt>
			<trkpt lat="48.993189968168736" lon="3.1957499496638775">
				<ele>57.0</ele>
				<time>2020-07-03T09:53:02</time>
			</trkpt>
			<trkpt lat="48.99336992762983" lon="3.1957099679857492">
				<ele>57.0</ele>
				<time>2020-07-03T09:53:05</time>
			</trkpt>
			<trkpt lat="48.99347998201847" lon="3.195639979094267">
				<ele>57.0</ele>
				<time>2020-07-03T09:53:07</time>
			</trkpt>
			<trkpt lat="48.99398993700743" lon="3.1953699979931116">
				<ele>57.0</ele>
				<time>2020-07-03T09:53:15</time>
			</trkpt>
			<trkpt lat="48.99425991810858" lon="3.195219961926341">
				<ele>55.0</ele>
				<time>2020-07-03T09:53:20</time>
			</trkpt>
			<trkpt lat="48.994519924744964" lon="3.1950799841433764">
				<ele>55.0</ele>
				<time>2020-07-03T09:53:24</time>
			</trkpt>
			<trkpt lat="48.99513993412256" lon="3.1946999486535788">
				<ele>56.0</ele>
				<time>2020-07-03T09:53:35</time>
			</trkpt>
			<trkpt lat="48.99526993744075" lon="3.1946199852973223">
				<ele>56.0</ele>
				<time>2020-07-03T09:53:37</time>
			</trkpt>
			<trkpt lat="48.995339926332235" lon="3.1945999525487423">
				<ele>56.0</ele>
				<time>2020-07-03T09:53:38</time>
			</trkpt>
			<trkpt lat="48.99549993686378" lon="3.19452996365726">
				<ele>55.0</ele>
				<time>2020-07-03T09:53:41</time>
			</trkpt>
			<trkpt lat="48.99560999125242" lon="3.194519989192486">
				<ele>56.0</ele>
				<time>2020-07-03T09:53:43</time>
			</trkpt>
			<trkpt lat="48.99574996903539" lon="3.19452996365726">
				<ele>56.0</ele>
				<time>2020-07-03T09:53:45</time>
			</trkpt>
			<trkpt lat="48.995939986780286" lon="3.1945999525487423">
				<ele>57.0</ele>
				<time>2020-07-03T09:53:48</time>
			</trkpt>
			<trkpt lat="48.996239975094795" lon="3.194789970293641">
				<ele>57.0</ele>
				<time>2020-07-03T09:53:53</time>
			</trkpt>
			<trkpt lat="48.996389927342534" lon="3.194929948076606">
				<ele>57.0</ele>
				<time>2020-07-03T09:53:56</time>
			</trkpt>
			<trkpt lat="48.99643996730447" lon="3.194969929754734">
				<ele>56.0</ele>
				<time>2020-07-03T09:53:57</time>
			</trkpt>
			<trkpt lat="48.996539963409305" lon="3.1946999486535788">
				<ele>56.0</ele>
				<time>2020-07-03T09:54:00</time>
			</trkpt>
			<trkpt lat="48.99658991955221" lon="3.194559970870614">
				<ele>56.0</ele>
				<time>2020-07-03T09:54:02</time>
			</trkpt>
			<trkpt lat="48.99665999226272" lon="3.194359978660941">
				<ele>55.0</ele>
				<time>2020-07-03T09:54:04</time>
			</trkpt>
			<trkpt lat="48.996779937297106" lon="3.194109946489334">
				<ele>55.0</ele>
				<time>2020-07-03T09:54:08</time>
			</trkpt>
			<trkpt lat="48.996799970045686" lon="3.193879947066307">
				<ele>55.0</ele>
				<time>2020-07-03T09:54:10</time>
			</trkpt>
			<trkpt lat="48.996799970045686" lon="3.193659922108054">
				<ele>55.0</ele>
				<time>2020-07-03T09:54:12</time>
			</trkpt>
			<trkpt lat="48.99673995561898" lon="3.1933199521154165">
				<ele>54.0</ele>
				<time>2020-07-03T09:54:16</time>
			</trkpt>
			<trkpt lat="48.99665999226272" lon="3.192959949374199">
				<ele>55.0</ele>
				<time>2020-07-03T09:54:20</time>
			</trkpt>
			<trkpt lat="48.99661992676556" lon="3.192779989913106">
				<ele>55.0</ele>
				<time>2020-07-03T09:54:22</time>
			</trkpt>
			<trkpt lat="48.99658991955221" lon="3.1926199793815613">
				<ele>56.0</ele>
				<time>2020-07-03T09:54:24</time>
			</trkpt>
			<trkpt lat="48.99658991955221" lon="3.1924699433147907">
				<ele>56.0</ele>
				<time>2020-07-03T09:54:25</time>
			</trkpt>
			<trkpt lat="48.99660995230079" lon="3.1920399516820908">
				<ele>57.0</ele>
				<time>2020-07-03T09:54:30</time>
			</trkpt>
			<trkpt lat="48.99665999226272" lon="3.191609960049391">
				<ele>58.0</ele>
				<time>2020-07-03T09:54:34</time>
			</trkpt>
			<trkpt lat="48.996909940615296" lon="3.1897299829870462">
				<ele>56.0</ele>
				<time>2020-07-03T09:54:55</time>
			</trkpt>
			<trkpt lat="48.9969199988991" lon="3.189639961346984">
				<ele>57.0</ele>
				<time>2020-07-03T09:54:56</time>
			</trkpt>
			<trkpt lat="48.99695998057723" lon="3.1892999913543463">
				<ele>57.0</ele>
				<time>2020-07-03T09:54:59</time>
			</trkpt>
			<trkpt lat="48.99701999500394" lon="3.1888599414378405">
				<ele>59.0</ele>
				<time>2020-07-03T09:55:04</time>
			</trkpt>
			<trkpt lat="48.997119991108775" lon="3.1880499981343746">
				<ele>61.0</ele>
				<time>2020-07-03T09:55:13</time>
			</trkpt>
			<trkpt lat="48.99714999832213" lon="3.1877099443227053">
				<ele>61.0</ele>
				<time>2020-07-03T09:55:16</time>
			</trkpt>
			<trkpt lat="48.9971599727869" lon="3.1875299848616123">
				<ele>62.0</ele>
				<time>2020-07-03T09:55:18</time>
			</trkpt>
			<trkpt lat="48.99710993282497" lon="3.187019946053624">
				<ele>61.0</ele>
				<time>2020-07-03T09:55:23</time>
			</trkpt>
			<trkpt lat="48.99706995114684" lon="3.1868199538439512">
				<ele>61.0</ele>
				<time>2020-07-03T09:55:26</time>
			</trkpt>
			<trkpt lat="48.99695998057723" lon="3.186319973319769">
				<ele>63.0</ele>
				<time>2020-07-03T09:55:31</time>
			</trkpt>
			<trkpt lat="48.996839951723814" lon="3.1857699528336525">
				<ele>64.0</ele>
				<time>2020-07-03T09:55:37</time>
			</trkpt>
			<trkpt lat="48.996819918975234" lon="3.185669956728816">
				<ele>64.0</ele>
				<time>2020-07-03T09:55:38</time>
			</trkpt>
			<trkpt lat="48.99659997783601" lon="3.1846799701452255">
				<ele>65.0</ele>
				<time>2020-07-03T09:55:49</time>
			</trkpt>
			<trkpt lat="48.99646997451782" lon="3.1839999463409185">
				<ele>66.0</ele>
				<time>2020-07-03T09:55:57</time>
			</trkpt>
			<trkpt lat="48.99632999673486" lon="3.1833699624985456">
				<ele>68.0</ele>
				<time>2020-07-03T09:56:04</time>
			</trkpt>
			<trkpt lat="48.996219942346215" lon="3.1828299164772034">
				<ele>67.0</ele>
				<time>2020-07-03T09:56:10</time>
			</trkpt>
			<trkpt lat="48.99607996456325" lon="3.1822799798101187">
				<ele>64.0</ele>
				<time>2020-07-03T09:56:16</time>
			</trkpt>
			<trkpt lat="48.99599991738796" lon="3.1819699332118034">
				<ele>64.0</ele>
				<time>2020-07-03T09:56:19</time>
			</trkpt>
			<trkpt lat="48.99587997235358" lon="3.1815899815410376">
				<ele>62.0</ele>
				<time>2020-07-03T09:56:24</time>
			</trkpt>
			<trkpt lat="48.99582993239164" lon="3.181449919939041">
				<ele>62.0</ele>
				<time>2020-07-03T09:56:26</time>
			</trkpt>
			<trkpt lat="48.995769917964935" lon="3.181269960477948">
				<ele>61.0</ele>
				<time>2020-07-03T09:56:28</time>
			</trkpt>
			<trkpt lat="48.99504999630153" lon="3.1788799446076155">
				<ele>60.0</ele>
				<time>2020-07-03T09:56:55</time>
			</trkpt>
			<trkpt lat="48.99501998908818" lon="3.1787099596112967">
				<ele>61.0</ele>
				<time>2020-07-03T09:56:57</time>
			</trkpt>
			<trkpt lat="48.99500993080437" lon="3.1784999929368496">
				<ele>62.0</ele>
				<time>2020-07-03T09:56:59</time>
			</trkpt>
			<trkpt lat="48.99501998908818" lon="3.178359931334853">
				<ele>62.0</ele>
				<time>2020-07-03T09:57:01</time>
			</trkpt>
			<trkpt lat="48.994989981874824" lon="3.1781599391251802">
				<ele>63.0</ele>
				<time>2020-07-03T09:57:03</time>
			</trkpt>
			<trkpt lat="48.994929967448115" lon="3.177879983559251">
				<ele>65.0</ele>
				<time>2020-07-03T09:57:06</time>
			</trkpt>
			<trkpt lat="48.99484992027283" lon="3.1775299552828074">
				<ele>66.0</ele>
				<time>2020-07-03T09:57:10</time>
			</trkpt>
			<trkpt lat="48.99472997523844" lon="3.1771199963986874">
				<ele>66.0</ele>
				<time>2020-07-03T09:57:15</time>
			</trkpt>
			<trkpt lat="48.994629979133606" lon="3.1767399609088898">
				<ele>66.0</ele>
				<time>2020-07-03T09:57:19</time>
			</trkpt>
			<trkpt lat="48.99443996138871" lon="3.1761799659579992">
				<ele>68.0</ele>
				<time>2020-07-03T09:57:26</time>
			</trkpt>
			<trkpt lat="48.99438992142677" lon="3.176129925996065">
				<ele>67.0</ele>
				<time>2020-07-03T09:57:27</time>
			</trkpt>
			<trkpt lat="48.99426997639239" lon="3.1759799737483263">
				<ele>67.0</ele>
				<time>2020-07-03T09:57:29</time>
			</trkpt>
			<trkpt lat="48.9941899292171" lon="3.175869919359684">
				<ele>67.0</ele>
				<time>2020-07-03T09:57:31</time>
			</trkpt>
			<trkpt lat="48.99411994032562" lon="3.175709992647171">
				<ele>67.0</ele>
				<time>2020-07-03T09:57:33</time>
			</trkpt>
			<trkpt lat="48.994029918685555" lon="3.175479993224144">
				<ele>67.0</ele>
				<time>2020-07-03T09:57:36</time>
			</trkpt>
			<trkpt lat="48.99387996643782" lon="3.175039943307638">
				<ele>68.0</ele>
				<time>2020-07-03T09:57:41</time>
			</trkpt>
			<trkpt lat="48.99384995922446" lon="3.1749399472028017">
				<ele>68.0</ele>
				<time>2020-07-03T09:57:42</time>
			</trkpt>
			<trkpt lat="48.99382992647588" lon="3.174829976633191">
				<ele>69.0</ele>
				<time>2020-07-03T09:57:43</time>
			</trkpt>
			<trkpt lat="48.99362993426621" lon="3.1739999167621136">
				<ele>71.0</ele>
				<time>2020-07-03T09:57:52</time>
			</trkpt>
			<trkpt lat="48.99354997090995" lon="3.173679979518056">
				<ele>73.0</ele>
				<time>2020-07-03T09:57:56</time>
			</trkpt>
			<trkpt lat="48.99344997480512" lon="3.17327999509871">
				<ele>75.0</ele>
				<time>2020-07-03T09:58:01</time>
			</trkpt>
			<trkpt lat="48.99341996759176" lon="3.173219980672002">
				<ele>75.0</ele>
				<time>2020-07-03T09:58:01</time>
			</trkpt>
			<trkpt lat="48.99338996037841" lon="3.1731199845671654">
				<ele>75.0</ele>
				<time>2020-07-03T09:58:03</time>
			</trkpt>
			<trkpt lat="48.993249982595444" lon="3.172789989039302">
				<ele>75.0</ele>
				<time>2020-07-03T09:58:07</time>
			</trkpt>
			<trkpt lat="48.99315996095538" lon="3.1725099496543407">
				<ele>75.0</ele>
				<time>2020-07-03T09:58:10</time>
			</trkpt>
			<trkpt lat="48.99310992099345" lon="3.1722299940884113">
				<ele>74.0</ele>
				<time>2020-07-03T09:58:13</time>
			</trkpt>
			<trkpt lat="48.9930899720639" lon="3.1720999907702208">
				<ele>74.0</ele>
				<time>2020-07-03T09:58:14</time>
			</trkpt>
			<trkpt lat="48.9930899720639" lon="3.1718699913471937">
				<ele>74.0</ele>
				<time>2020-07-03T09:58:17</time>
			</trkpt>
			<trkpt lat="48.99311997927725" lon="3.171509988605976">
				<ele>74.0</ele>
				<time>2020-07-03T09:58:21</time>
			</trkpt>
			<trkpt lat="48.99312995374203" lon="3.171449974179268">
				<ele>75.0</ele>
				<time>2020-07-03T09:58:21</time>
			</trkpt>
			<trkpt lat="48.99319994263351" lon="3.1710899714380503">
				<ele>74.0</ele>
				<time>2020-07-03T09:58:25</time>
			</trkpt>
			<trkpt lat="48.99334997870028" lon="3.1704799365252256">
				<ele>76.0</ele>
				<time>2020-07-03T09:58:32</time>
			</trkpt>
			<trkpt lat="48.99341996759176" lon="3.170119933784008">
				<ele>77.0</ele>
				<time>2020-07-03T09:58:36</time>
			</trkpt>
			<trkpt lat="48.99343991652131" lon="3.1699999887496233">
				<ele>78.0</ele>
				<time>2020-07-03T09:58:37</time>
			</trkpt>
			<trkpt lat="48.99343991652131" lon="3.169879959896207">
				<ele>79.0</ele>
				<time>2020-07-03T09:58:39</time>
			</trkpt>
			<trkpt lat="48.99340999312699" lon="3.1697699893265963">
				<ele>79.0</ele>
				<time>2020-07-03T09:58:40</time>
			</trkpt>
			<trkpt lat="48.993379985913634" lon="3.169679967686534">
				<ele>80.0</ele>
				<time>2020-07-03T09:58:41</time>
			</trkpt>
			<trkpt lat="48.993319971486926" lon="3.1696099787950516">
				<ele>80.0</ele>
				<time>2020-07-03T09:58:42</time>
			</trkpt>
			<trkpt lat="48.993249982595444" lon="3.1695499643683434">
				<ele>80.0</ele>
				<time>2020-07-03T09:58:43</time>
			</trkpt>
			<trkpt lat="48.99321997538209" lon="3.1695299316197634">
				<ele>80.0</ele>
				<time>2020-07-03T09:58:44</time>
			</trkpt>
			<trkpt lat="48.99317999370396" lon="3.1695199571549892">
				<ele>80.0</ele>
				<time>2020-07-03T09:58:45</time>
			</trkpt>
			<trkpt lat="48.993059964850545" lon="3.1695199571549892">
				<ele>80.0</ele>
				<time>2020-07-03T09:58:46</time>
			</trkpt>
			<trkpt lat="48.9927099365741" lon="3.1696299277246">
				<ele>77.0</ele>
				<time>2020-07-03T09:58:52</time>
			</trkpt>
			<trkpt lat="48.99258999153972" lon="3.16964996047318">
				<ele>76.0</ele>
				<time>2020-07-03T09:58:54</time>
			</trkpt>
			<trkpt lat="48.99240994825959" lon="3.1696399860084057">
				<ele>76.0</ele>
				<time>2020-07-03T09:58:57</time>
			</trkpt>
			<trkpt lat="48.99224993772805" lon="3.1695799715816975">
				<ele>76.0</ele>
				<time>2020-07-03T09:59:00</time>
			</trkpt>
			<trkpt lat="48.99209998548031" lon="3.169489949941635">
				<ele>76.0</ele>
				<time>2020-07-03T09:59:02</time>
			</trkpt>
			<trkpt lat="48.992009963840246" lon="3.169429935514927">
				<ele>77.0</ele>
				<time>2020-07-03T09:59:04</time>
			</trkpt>
			<trkpt lat="48.99192991666496" lon="3.1693299394100904">
				<ele>77.0</ele>
				<time>2020-07-03T09:59:05</time>
			</trkpt>
			<trkpt lat="48.99182992056012" lon="3.1691899616271257">
				<ele>77.0</ele>
				<time>2020-07-03T09:59:08</time>
			</trkpt>
			<trkpt lat="48.99169991724193" lon="3.168969936668873">
				<ele>77.0</ele>
				<time>2020-07-03T09:59:11</time>
			</trkpt>
			<trkpt lat="48.99177996441722" lon="3.1689099222421646">
				<ele>78.0</ele>
				<time>2020-07-03T09:59:12</time>
			</trkpt>
			<trkpt lat="48.992899954319" lon="3.16835998557508">
				<ele>90.0</ele>
				<time>2020-07-03T09:59:31</time>
			</trkpt>
			<trkpt lat="48.993079997599125" lon="3.1682899966835976">
				<ele>92.0</ele>
				<time>2020-07-03T09:59:34</time>
			</trkpt>
			<trkpt lat="48.993209917098284" lon="3.1682299822568893">
				<ele>94.0</ele>
				<time>2020-07-03T09:59:36</time>
			</trkpt>
			<trkpt lat="48.9933299459517" lon="3.168139960616827">
				<ele>95.0</ele>
				<time>2020-07-03T09:59:38</time>
			</trkpt>
			<trkpt lat="48.993379985913634" lon="3.1680999789386988">
				<ele>96.0</ele>
				<time>2020-07-03T09:59:39</time>
			</trkpt>
			<trkpt lat="48.99342994205654" lon="3.1680499389767647">
				<ele>96.0</ele>
				<time>2020-07-03T09:59:40</time>
			</trkpt>
			<trkpt lat="48.99349993094802" lon="3.1678699795156717">
				<ele>98.0</ele>
				<time>2020-07-03T09:59:42</time>
			</trkpt>
			<trkpt lat="48.99383998475969" lon="3.16657992079854">
				<ele>116.0</ele>
				<time>2020-07-03T09:59:57</time>
			</trkpt>
			<trkpt lat="48.99398993700743" lon="3.1660099513828754">
				<ele>125.0</ele>
				<time>2020-07-03T10:00:03</time>
			</trkpt>
			<trkpt lat="48.99407995864749" lon="3.165669981390238">
				<ele>130.0</ele>
				<time>2020-07-03T10:00:07</time>
			</trkpt>
			<trkpt lat="48.994179954752326" lon="3.1651899497956038">
				<ele>136.0</ele>
				<time>2020-07-03T10:00:13</time>
			</trkpt>
			<trkpt lat="48.99427995085716" lon="3.164809998124838">
				<ele>138.0</ele>
				<time>2020-07-03T10:00:17</time>
			</trkpt>
			<trkpt lat="48.99431993253529" lon="3.1646999437361956">
				<ele>138.0</ele>
				<time>2020-07-03T10:00:18</time>
			</trkpt>
			<trkpt lat="48.99435999803245" lon="3.164629954844713">
				<ele>138.0</ele>
				<time>2020-07-03T10:00:19</time>
			</trkpt>
			<trkpt lat="48.99454993195832" lon="3.1642899848520756">
				<ele>140.0</ele>
				<time>2020-07-03T10:00:24</time>
			</trkpt>
			<trkpt lat="48.99459997192025" lon="3.164139948785305">
				<ele>141.0</ele>
				<time>2020-07-03T10:00:26</time>
			</trkpt>
			<trkpt lat="48.994629979133606" lon="3.1640399526804686">
				<ele>142.0</ele>
				<time>2020-07-03T10:00:27</time>
			</trkpt>
			<trkpt lat="48.994629979133606" lon="3.1639999710023403">
				<ele>143.0</ele>
				<time>2020-07-03T10:00:27</time>
			</trkpt>
			<trkpt lat="48.994629979133606" lon="3.163959989324212">
				<ele>143.0</ele>
				<time>2020-07-03T10:00:28</time>
			</trkpt>
			<trkpt lat="48.9946199208498" lon="3.163909949362278">
				<ele>144.0</ele>
				<time>2020-07-03T10:00:28</time>
			</trkpt>
			<trkpt lat="48.994609946385026" lon="3.1638699676841497">
				<ele>144.0</ele>
				<time>2020-07-03T10:00:29</time>
			</trkpt>
			<trkpt lat="48.99458999745548" lon="3.1638199277222157">
				<ele>145.0</ele>
				<time>2020-07-03T10:00:29</time>
			</trkpt>
			<trkpt lat="48.994559990242124" lon="3.1637799460440874">
				<ele>146.0</ele>
				<time>2020-07-03T10:00:30</time>
			</trkpt>
			<trkpt lat="48.99450995028019" lon="3.163759997114539">
				<ele>146.0</ele>
				<time>2020-07-03T10:00:31</time>
			</trkpt>
			<trkpt lat="48.99446996860206" lon="3.163759997114539">
				<ele>146.0</ele>
				<time>2020-07-03T10:00:31</time>
			</trkpt>
			<trkpt lat="48.99445999413729" lon="3.163759997114539">
				<ele>146.0</ele>
				<time>2020-07-03T10:00:31</time>
			</trkpt>
			<trkpt lat="48.99438992142677" lon="3.1637799460440874">
				<ele>147.0</ele>
				<time>2020-07-03T10:00:33</time>
			</trkpt>
			<trkpt lat="48.99429998360574" lon="3.1638499349355698">
				<ele>147.0</ele>
				<time>2020-07-03T10:00:34</time>
			</trkpt>
			<trkpt lat="48.994109965860844" lon="3.164079934358597">
				<ele>148.0</ele>
				<time>2020-07-03T10:00:38</time>
			</trkpt>
			<trkpt lat="48.99397996254265" lon="3.1642899848520756">
				<ele>149.0</ele>
				<time>2020-07-03T10:00:41</time>
			</trkpt>
			<trkpt lat="48.99390997365117" lon="3.164389980956912">
				<ele>149.0</ele>
				<time>2020-07-03T10:00:43</time>
			</trkpt>
			<trkpt lat="48.99386999197304" lon="3.1644499953836203">
				<ele>149.0</ele>
				<time>2020-07-03T10:00:44</time>
			</trkpt>
			<trkpt lat="48.9937599375844" lon="3.1644899770617485">
				<ele>151.0</ele>
				<time>2020-07-03T10:00:45</time>
			</trkpt>
			<trkpt lat="48.99364996701479" lon="3.164579998701811">
				<ele>152.0</ele>
				<time>2020-07-03T10:00:47</time>
			</trkpt>
			<trkpt lat="48.99347998201847" lon="3.1648699287325144">
				<ele>151.0</ele>
				<time>2020-07-03T10:00:51</time>
			</trkpt>
			<trkpt lat="48.993319971486926" lon="3.165199924260378">
				<ele>148.0</ele>
				<time>2020-07-03T10:00:56</time>
			</trkpt>
			<trkpt lat="48.993229949846864" lon="3.165269996970892">
				<ele>147.0</ele>
				<time>2020-07-03T10:00:57</time>
			</trkpt>
			<trkpt lat="48.993189968168736" lon="3.16528994590044">
				<ele>147.0</ele>
				<time>2020-07-03T10:00:58</time>
			</trkpt>
			<trkpt lat="48.99309994652867" lon="3.16530997864902">
				<ele>147.0</ele>
				<time>2020-07-03T10:01:00</time>
			</trkpt>
			<trkpt lat="48.99299995042384" lon="3.16530997864902">
				<ele>147.0</ele>
				<time>2020-07-03T10:01:01</time>
			</trkpt>
			<trkpt lat="48.992909928783774" lon="3.165269996970892">
				<ele>148.0</ele>
				<time>2020-07-03T10:01:03</time>
			</trkpt>
			<trkpt lat="48.99283993989229" lon="3.165229931473732">
				<ele>150.0</ele>
				<time>2020-07-03T10:01:04</time>
			</trkpt>
			<trkpt lat="48.99254992604256" lon="3.1649099942296743">
				<ele>153.0</ele>
				<time>2020-07-03T10:01:10</time>
			</trkpt>
			<trkpt lat="48.992499969899654" lon="3.1648399215191603">
				<ele>154.0</ele>
				<time>2020-07-03T10:01:11</time>
			</trkpt>
			<trkpt lat="48.992309952154756" lon="3.1646099220961332">
				<ele>155.0</ele>
				<time>2020-07-03T10:01:15</time>
			</trkpt>
			<trkpt lat="48.99224993772805" lon="3.1645099259912968">
				<ele>155.0</ele>
				<time>2020-07-03T10:01:16</time>
			</trkpt>
			<trkpt lat="48.992199981585145" lon="3.1644599698483944">
				<ele>156.0</ele>
				<time>2020-07-03T10:01:17</time>
			</trkpt>
			<trkpt lat="48.992179948836565" lon="3.1644399370998144">
				<ele>156.0</ele>
				<time>2020-07-03T10:01:17</time>
			</trkpt>
			<trkpt lat="48.99212999269366" lon="3.164359973743558">
				<ele>156.0</ele>
				<time>2020-07-03T10:01:18</time>
			</trkpt>
			<trkpt lat="48.99211993440986" lon="3.164339940994978">
				<ele>156.0</ele>
				<time>2020-07-03T10:01:19</time>
			</trkpt>
			<trkpt lat="48.9920399710536" lon="3.164189988747239">
				<ele>157.0</ele>
				<time>2020-07-03T10:01:21</time>
			</trkpt>
			<trkpt lat="48.99201993830502" lon="3.164109941571951">
				<ele>157.0</ele>
				<time>2020-07-03T10:01:22</time>
			</trkpt>
			<trkpt lat="48.99201993830502" lon="3.1640199199318886">
				<ele>158.0</ele>
				<time>2020-07-03T10:01:23</time>
			</trkpt>
			<trkpt lat="48.992029996588826" lon="3.1639499310404062">
				<ele>159.0</ele>
				<time>2020-07-03T10:01:23</time>
			</trkpt>
			<trkpt lat="48.99207995273173" lon="3.1638399604707956">
				<ele>160.0</ele>
				<time>2020-07-03T10:01:25</time>
			</trkpt>
			<trkpt lat="48.992179948836565" lon="3.1637699715793133">
				<ele>161.0</ele>
				<time>2020-07-03T10:01:27</time>
			</trkpt>
			<trkpt lat="48.99220995604992" lon="3.163759997114539">
				<ele>161.0</ele>
				<time>2020-07-03T10:01:27</time>
			</trkpt>
			<trkpt lat="48.992349933832884" lon="3.163699982687831">
				<ele>162.0</ele>
				<time>2020-07-03T10:01:29</time>
			</trkpt>
			<trkpt lat="48.99239997379482" lon="3.163669975474477">
				<ele>163.0</ele>
				<time>2020-07-03T10:01:30</time>
			</trkpt>
			<trkpt lat="48.992439955472946" lon="3.1636199355125427">
				<ele>163.0</ele>
				<time>2020-07-03T10:01:31</time>
			</trkpt>
			<trkpt lat="48.992499969899654" lon="3.163479957729578">
				<ele>164.0</ele>
				<time>2020-07-03T10:01:33</time>
			</trkpt>
			<trkpt lat="48.9925199188292" lon="3.1633899360895157">
				<ele>165.0</ele>
				<time>2020-07-03T10:01:34</time>
			</trkpt>
			<trkpt lat="48.99252997711301" lon="3.1632899399846792">
				<ele>165.0</ele>
				<time>2020-07-03T10:01:35</time>
			</trkpt>
			<trkpt lat="48.9925199188292" lon="3.1631899438798428">
				<ele>166.0</ele>
				<time>2020-07-03T10:01:36</time>
			</trkpt>
			<trkpt lat="48.992499969899654" lon="3.1631199549883604">
				<ele>166.0</ele>
				<time>2020-07-03T10:01:37</time>
			</trkpt>
			<trkpt lat="48.9924699626863" lon="3.163019958883524">
				<ele>166.0</ele>
				<time>2020-07-03T10:01:38</time>
			</trkpt>
			<trkpt lat="48.99224993772805" lon="3.162589967250824">
				<ele>166.0</ele>
				<time>2020-07-03T10:01:44</time>
			</trkpt>
			<trkpt lat="48.99218992330134" lon="3.1624999456107616">
				<ele>167.0</ele>
				<time>2020-07-03T10:01:45</time>
			</trkpt>
			<trkpt lat="48.99210995994508" lon="3.162389975041151">
				<ele>168.0</ele>
				<time>2020-07-03T10:01:47</time>
			</trkpt>
			<trkpt lat="48.991899993270636" lon="3.162099961191416">
				<ele>170.0</ele>
				<time>2020-07-03T10:01:51</time>
			</trkpt>
			<trkpt lat="48.99181994609535" lon="3.161969957873225">
				<ele>172.0</ele>
				<time>2020-07-03T10:01:53</time>
			</trkpt>
			<trkpt lat="48.99171994999051" lon="3.1618399545550346">
				<ele>173.0</ele>
				<time>2020-07-03T10:01:55</time>
			</trkpt>
			<trkpt lat="48.99115995503962" lon="3.161049960181117">
				<ele>178.0</ele>
				<time>2020-07-03T10:02:07</time>
			</trkpt>
			<trkpt lat="48.99113992229104" lon="3.161019952967763">
				<ele>178.0</ele>
				<time>2020-07-03T10:02:08</time>
			</trkpt>
			<trkpt lat="48.99091998115182" lon="3.1607799790799618">
				<ele>180.0</ele>
				<time>2020-07-03T10:02:12</time>
			</trkpt>
			<trkpt lat="48.99038999341428" lon="3.160189976915717">
				<ele>184.0</ele>
				<time>2020-07-03T10:02:23</time>
			</trkpt>
			<trkpt lat="48.98999998345971" lon="3.159759985283017">
				<ele>185.0</ele>
				<time>2020-07-03T10:02:30</time>
			</trkpt>
			<trkpt lat="48.98918995633721" lon="3.158849962055683">
				<ele>185.0</ele>
				<time>2020-07-03T10:02:47</time>
			</trkpt>
			<trkpt lat="48.98913991637528" lon="3.158799922093749">
				<ele>185.0</ele>
				<time>2020-07-03T10:02:47</time>
			</trkpt>
			<trkpt lat="48.98854999803007" lon="3.158159963786602">
				<ele>184.0</ele>
				<time>2020-07-03T10:02:59</time>
			</trkpt>
			<trkpt lat="48.9882099442184" lon="3.1577699538320303">
				<ele>183.0</ele>
				<time>2020-07-03T10:03:06</time>
			</trkpt>
			<trkpt lat="48.98814992979169" lon="3.1576399505138397">
				<ele>183.0</ele>
				<time>2020-07-03T10:03:08</time>
			</trkpt>
			<trkpt lat="48.987839967012405" lon="3.157039973884821">
				<ele>183.0</ele>
				<time>2020-07-03T10:03:16</time>
			</trkpt>
			<trkpt lat="48.98745993152261" lon="3.1562999356538057">
				<ele>185.0</ele>
				<time>2020-07-03T10:03:25</time>
			</trkpt>
			<trkpt lat="48.987389942631125" lon="3.156159957870841">
				<ele>186.0</ele>
				<time>2020-07-03T10:03:27</time>
			</trkpt>
			<trkpt lat="48.98700999096036" lon="3.1551499385386705">
				<ele>186.0</ele>
				<time>2020-07-03T10:03:40</time>
			</trkpt>
			<trkpt lat="48.98681997321546" lon="3.154619950801134">
				<ele>186.0</ele>
				<time>2020-07-03T10:03:46</time>
			</trkpt>
			<trkpt lat="48.98674998432398" lon="3.1542899552732706">
				<ele>186.0</ele>
				<time>2020-07-03T10:03:50</time>
			</trkpt>
			<trkpt lat="48.986549992114305" lon="3.153479928150773">
				<ele>184.0</ele>
				<time>2020-07-03T10:03:59</time>
			</trkpt>
			<trkpt lat="48.98649995215237" lon="3.1531699653714895">
				<ele>183.0</ele>
				<time>2020-07-03T10:04:02</time>
			</trkpt>
			<trkpt lat="48.98630993440747" lon="3.1520699243992567">
				<ele>183.0</ele>
				<time>2020-07-03T10:04:14</time>
			</trkpt>
			<trkpt lat="48.98621999658644" lon="3.1516799982637167">
				<ele>183.0</ele>
				<time>2020-07-03T10:04:18</time>
			</trkpt>
			<trkpt lat="48.98612997494638" lon="3.1514499988406897">
				<ele>183.0</ele>
				<time>2020-07-03T10:04:21</time>
			</trkpt>
			<trkpt lat="48.98584993556142" lon="3.150799982249737">
				<ele>182.0</ele>
				<time>2020-07-03T10:04:29</time>
			</trkpt>
			<trkpt lat="48.98574993945658" lon="3.150599990040064">
				<ele>183.0</ele>
				<time>2020-07-03T10:04:32</time>
			</trkpt>
			<trkpt lat="48.98565991781652" lon="3.150359932333231">
				<ele>183.0</ele>
				<time>2020-07-03T10:04:35</time>
			</trkpt>
			<trkpt lat="48.98556997999549" lon="3.150129932910204">
				<ele>183.0</ele>
				<time>2020-07-03T10:04:38</time>
			</trkpt>
			<trkpt lat="48.98550996556878" lon="3.149939998984337">
				<ele>183.0</ele>
				<time>2020-07-03T10:04:40</time>
			</trkpt>
			<trkpt lat="48.9854399766773" lon="3.149699941277504">
				<ele>183.0</ele>
				<time>2020-07-03T10:04:43</time>
			</trkpt>
			<trkpt lat="48.98539999499917" lon="3.149549989029765">
				<ele>183.0</ele>
				<time>2020-07-03T10:04:44</time>
			</trkpt>
			<trkpt lat="48.98518994450569" lon="3.14878991805017">
				<ele>183.0</ele>
				<time>2020-07-03T10:04:53</time>
			</trkpt>
			<trkpt lat="48.98499992676079" lon="3.148139985278249">
				<ele>181.0</ele>
				<time>2020-07-03T10:05:00</time>
			</trkpt>
			<trkpt lat="48.984939996153116" lon="3.1479099858552217">
				<ele>180.0</ele>
				<time>2020-07-03T10:05:03</time>
			</trkpt>
			<trkpt lat="48.98469993844628" lon="3.147059977054596">
				<ele>182.0</ele>
				<time>2020-07-03T10:05:13</time>
			</trkpt>
			<trkpt lat="48.98444999009371" lon="3.146169986575842">
				<ele>183.0</ele>
				<time>2020-07-03T10:05:23</time>
			</trkpt>
			<trkpt lat="48.98429995402694" lon="3.145529944449663">
				<ele>181.0</ele>
				<time>2020-07-03T10:05:30</time>
			</trkpt>
			<trkpt lat="48.98427992127836" lon="3.1454499810934067">
				<ele>181.0</ele>
				<time>2020-07-03T10:05:31</time>
			</trkpt>
			<trkpt lat="48.98427992127836" lon="3.1453899666666985">
				<ele>181.0</ele>
				<time>2020-07-03T10:05:32</time>
			</trkpt>
			<trkpt lat="48.98426994681358" lon="3.1453099194914103">
				<ele>181.0</ele>
				<time>2020-07-03T10:05:32</time>
			</trkpt>
			<trkpt lat="48.98426994681358" lon="3.1452299561351538">
				<ele>180.0</ele>
				<time>2020-07-03T10:05:33</time>
			</trkpt>
			<trkpt lat="48.98456993512809" lon="3.1453899666666985">
				<ele>182.0</ele>
				<time>2020-07-03T10:05:38</time>
			</trkpt>
			<trkpt lat="48.98561993613839" lon="3.145959936082363">
				<ele>185.0</ele>
				<time>2020-07-03T10:05:56</time>
			</trkpt>
			<trkpt lat="48.98698995821178" lon="3.1467199232429266">
				<ele>190.0</ele>
				<time>2020-07-03T10:06:20</time>
			</trkpt>
			<trkpt lat="48.98711996152997" lon="3.146809944882989">
				<ele>190.0</ele>
				<time>2020-07-03T10:06:22</time>
			</trkpt>
			<trkpt lat="48.98718995042145" lon="3.146869959309697">
				<ele>190.0</ele>
				<time>2020-07-03T10:06:23</time>
			</trkpt>
			<trkpt lat="48.98737996816635" lon="3.147009937092662">
				<ele>190.0</ele>
				<time>2020-07-03T10:06:27</time>
			</trkpt>
			<trkpt lat="48.988459976390004" lon="3.147869920358062">
				<ele>189.0</ele>
				<time>2020-07-03T10:06:46</time>
			</trkpt>
			<trkpt lat="48.989879954606295" lon="3.1489799357950687">
				<ele>186.0</ele>
				<time>2020-07-03T10:07:12</time>
			</trkpt>
			<trkpt lat="48.992949994280934" lon="3.1513999588787556">
				<ele>179.0</ele>
				<time>2020-07-03T10:08:07</time>
			</trkpt>
			<trkpt lat="48.99349993094802" lon="3.1518199760466814">
				<ele>180.0</ele>
				<time>2020-07-03T10:08:17</time>
			</trkpt>
			<trkpt lat="48.99357997812331" lon="3.1518899649381638">
				<ele>179.0</ele>
				<time>2020-07-03T10:08:18</time>
			</trkpt>
			<trkpt lat="48.99400996975601" lon="3.151249922811985">
				<ele>177.0</ele>
				<time>2020-07-03T10:08:28</time>
			</trkpt>
			<trkpt lat="48.99422999471426" lon="3.1508899200707674">
				<ele>177.0</ele>
				<time>2020-07-03T10:08:33</time>
			</trkpt>
			<trkpt lat="48.99515996687114" lon="3.149489974603057">
				<ele>180.0</ele>
				<time>2020-07-03T10:08:54</time>
			</trkpt>
			<trkpt lat="48.99534998461604" lon="3.149209935218096">
				<ele>181.0</ele>
				<time>2020-07-03T10:08:58</time>
			</trkpt>
			<trkpt lat="48.99624994955957" lon="3.1478399969637394">
				<ele>183.0</ele>
				<time>2020-07-03T10:09:19</time>
			</trkpt>
			<trkpt lat="48.996349945664406" lon="3.147699935361743">
				<ele>183.0</ele>
				<time>2020-07-03T10:09:21</time>
			</trkpt>
			<trkpt lat="48.99639998562634" lon="3.1476299464702606">
				<ele>183.0</ele>
				<time>2020-07-03T10:09:22</time>
			</trkpt>
			<trkpt lat="48.9967299811542" lon="3.147209929302335">
				<ele>183.0</ele>
				<time>2020-07-03T10:09:29</time>
			</trkpt>
			<trkpt lat="48.996989987790585" lon="3.1469099409878254">
				<ele>184.0</ele>
				<time>2020-07-03T10:09:34</time>
			</trkpt>
			<trkpt lat="48.99723993614316" lon="3.14665999263525">
				<ele>183.0</ele>
				<time>2020-07-03T10:09:39</time>
			</trkpt>
			<trkpt lat="48.99757998995483" lon="3.1462899316102266">
				<ele>181.0</ele>
				<time>2020-07-03T10:09:45</time>
			</trkpt>
			<trkpt lat="48.99818994104862" lon="3.1456299405544996">
				<ele>180.0</ele>
				<time>2020-07-03T10:09:57</time>
			</trkpt>
			<trkpt lat="48.99953993037343" lon="3.144139973446727">
				<ele>178.0</ele>
				<time>2020-07-03T10:10:24</time>
			</trkpt>
			<trkpt lat="48.99974998086691" lon="3.1438999995589256">
				<ele>178.0</ele>
				<time>2020-07-03T10:10:28</time>
			</trkpt>
			<trkpt lat="48.99996992200613" lon="3.1436599418520927">
				<ele>177.0</ele>
				<time>2020-07-03T10:10:33</time>
			</trkpt>
			<trkpt lat="49.00023998692632" lon="3.1433699280023575">
				<ele>175.0</ele>
				<time>2020-07-03T10:10:38</time>
			</trkpt>
			<trkpt lat="49.000339983031154" lon="3.1432499829679728">
				<ele>176.0</ele>
				<time>2020-07-03T10:10:40</time>
			</trkpt>
			<trkpt lat="49.00096996687353" lon="3.142419923096895">
				<ele>178.0</ele>
				<time>2020-07-03T10:10:53</time>
			</trkpt>
			<trkpt lat="49.00142996571958" lon="3.1418199464678764">
				<ele>181.0</ele>
				<time>2020-07-03T10:11:03</time>
			</trkpt>
			<trkpt lat="49.001909997314215" lon="3.141229944303632">
				<ele>184.0</ele>
				<time>2020-07-03T10:11:13</time>
			</trkpt>
			<trkpt lat="49.00219992734492" lon="3.14085996709764">
				<ele>186.0</ele>
				<time>2020-07-03T10:11:19</time>
			</trkpt>
			<trkpt lat="49.00222993455827" lon="3.1407899782061577">
				<ele>186.0</ele>
				<time>2020-07-03T10:11:20</time>
			</trkpt>
			<trkpt lat="49.00320994667709" lon="3.139519952237606">
				<ele>186.0</ele>
				<time>2020-07-03T10:11:40</time>
			</trkpt>
			<trkpt lat="49.0033199172467" lon="3.139279978349805">
				<ele>185.0</ele>
				<time>2020-07-03T10:11:43</time>
			</trkpt>
			<trkpt lat="49.00333994999528" lon="3.1391699239611626">
				<ele>185.0</ele>
				<time>2020-07-03T10:11:45</time>
			</trkpt>
			<trkpt lat="49.00334992446005" lon="3.1389199756085873">
				<ele>184.0</ele>
				<time>2020-07-03T10:11:47</time>
			</trkpt>
			<trkpt lat="49.0033199172467" lon="3.1387099251151085">
				<ele>183.0</ele>
				<time>2020-07-03T10:11:50</time>
			</trkpt>
			<trkpt lat="49.00328999385238" lon="3.1385899800807238">
				<ele>182.0</ele>
				<time>2020-07-03T10:11:51</time>
			</trkpt>
			<trkpt lat="49.00322997942567" lon="3.1384499184787273">
				<ele>182.0</ele>
				<time>2020-07-03T10:11:53</time>
			</trkpt>
			<trkpt lat="49.00299998000264" lon="3.137959996238351">
				<ele>180.0</ele>
				<time>2020-07-03T10:11:59</time>
			</trkpt>
			<trkpt lat="49.002989921718836" lon="3.137939963489771">
				<ele>180.0</ele>
				<time>2020-07-03T10:11:59</time>
			</trkpt>
			<trkpt lat="49.00281993672252" lon="3.1376199424266815">
				<ele>179.0</ele>
				<time>2020-07-03T10:12:04</time>
			</trkpt>
			<trkpt lat="49.00250997394323" lon="3.1370099913328886">
				<ele>174.0</ele>
				<time>2020-07-03T10:12:12</time>
			</trkpt>
			<trkpt lat="49.0024099778384" lon="3.136849980801344">
				<ele>173.0</ele>
				<time>2020-07-03T10:12:14</time>
			</trkpt>
			<trkpt lat="49.00236999616027" lon="3.1367899663746357">
				<ele>173.0</ele>
				<time>2020-07-03T10:12:15</time>
			</trkpt>
			<trkpt lat="49.00187999010086" lon="3.1362399458885193">
				<ele>168.0</ele>
				<time>2020-07-03T10:12:25</time>
			</trkpt>
			<trkpt lat="49.001569943502545" lon="3.135909950360656">
				<ele>164.0</ele>
				<time>2020-07-03T10:12:31</time>
			</trkpt>
			<trkpt lat="49.00105998851359" lon="3.1353499554097652">
				<ele>159.0</ele>
				<time>2020-07-03T10:12:41</time>
			</trkpt>
			<trkpt lat="49.00093995966017" lon="3.1352099776268005">
				<ele>159.0</ele>
				<time>2020-07-03T10:12:43</time>
			</trkpt>
			<trkpt lat="49.00080995634198" lon="3.1350399926304817">
				<ele>159.0</ele>
				<time>2020-07-03T10:12:46</time>
			</trkpt>
			<trkpt lat="49.00075991638005" lon="3.1349599454551935">
				<ele>158.0</ele>
				<time>2020-07-03T10:12:47</time>
			</trkpt>
			<trkpt lat="49.00062999688089" lon="3.1347399204969406">
				<ele>157.0</ele>
				<time>2020-07-03T10:12:50</time>
			</trkpt>
			<trkpt lat="49.0005499497056" lon="3.1345399282872677">
				<ele>156.0</ele>
				<time>2020-07-03T10:12:53</time>
			</trkpt>
			<trkpt lat="49.00051994249225" lon="3.134449990466237">
				<ele>156.0</ele>
				<time>2020-07-03T10:12:54</time>
			</trkpt>
			<trkpt lat="49.00047996081412" lon="3.1343599688261747">
				<ele>155.0</ele>
				<time>2020-07-03T10:12:55</time>
			</trkpt>
			<trkpt lat="49.0001199580729" lon="3.1333799567073584">
				<ele>151.0</ele>
				<time>2020-07-03T10:13:07</time>
			</trkpt>
			<trkpt lat="49.000019961968064" lon="3.133079968392849">
				<ele>153.0</ele>
				<time>2020-07-03T10:13:10</time>
			</trkpt>
			<trkpt lat="48.999509923160076" lon="3.1315999757498503">
				<ele>158.0</ele>
				<time>2020-07-03T10:13:28</time>
			</trkpt>
			<trkpt lat="48.99933993816376" lon="3.131299987435341">
				<ele>158.0</ele>
				<time>2020-07-03T10:13:32</time>
			</trkpt>
			<trkpt lat="48.9992599748075" lon="3.1311899330466986">
				<ele>158.0</ele>
				<time>2020-07-03T10:13:34</time>
			</trkpt>
			<trkpt lat="48.99905998259783" lon="3.1308999191969633">
				<ele>159.0</ele>
				<time>2020-07-03T10:13:38</time>
			</trkpt>
			<trkpt lat="48.99880995042622" lon="3.1305099930614233">
				<ele>159.0</ele>
				<time>2020-07-03T10:13:44</time>
			</trkpt>
			<trkpt lat="48.99834995158017" lon="3.1298399437218904">
				<ele>161.0</ele>
				<time>2020-07-03T10:13:54</time>
			</trkpt>
			<trkpt lat="48.99788995273411" lon="3.1291699782013893">
				<ele>163.0</ele>
				<time>2020-07-03T10:14:04</time>
			</trkpt>
			<trkpt lat="48.997379997745156" lon="3.1283799838274717">
				<ele>165.0</ele>
				<time>2020-07-03T10:14:16</time>
			</trkpt>
			<trkpt lat="48.99718998000026" lon="3.128019981086254">
				<ele>166.0</ele>
				<time>2020-07-03T10:14:21</time>
			</trkpt>
			<trkpt lat="48.99705997668207" lon="3.1276899855583906">
				<ele>167.0</ele>
				<time>2020-07-03T10:14:25</time>
			</trkpt>
			<trkpt lat="48.99702996946871" lon="3.1276099383831024">
				<ele>167.0</ele>
				<time>2020-07-03T10:14:26</time>
			</trkpt>
			<trkpt lat="48.996989987790585" lon="3.127479935064912">
				<ele>167.0</ele>
				<time>2020-07-03T10:14:27</time>
			</trkpt>
			<trkpt lat="48.99693994782865" lon="3.127279942855239">
				<ele>168.0</ele>
				<time>2020-07-03T10:14:29</time>
			</trkpt>
			<trkpt lat="48.99693994782865" lon="3.1272599939256907">
				<ele>168.0</ele>
				<time>2020-07-03T10:14:30</time>
			</trkpt>
			<trkpt lat="48.99689996615052" lon="3.127059917896986">
				<ele>168.0</ele>
				<time>2020-07-03T10:14:32</time>
			</trkpt>
			<trkpt lat="48.996859984472394" lon="3.1267899367958307">
				<ele>169.0</ele>
				<time>2020-07-03T10:14:35</time>
			</trkpt>
			<trkpt lat="48.99682997725904" lon="3.1265099812299013">
				<ele>170.0</ele>
				<time>2020-07-03T10:14:38</time>
			</trkpt>
			<trkpt lat="48.99680994451046" lon="3.126199934631586">
				<ele>171.0</ele>
				<time>2020-07-03T10:14:41</time>
			</trkpt>
			<trkpt lat="48.99680994451046" lon="3.1258699391037226">
				<ele>171.0</ele>
				<time>2020-07-03T10:14:44</time>
			</trkpt>
			<trkpt lat="48.996839951723814" lon="3.125279936939478">
				<ele>172.0</ele>
				<time>2020-07-03T10:14:51</time>
			</trkpt>
			<trkpt lat="48.996859984472394" lon="3.124389946460724">
				<ele>173.0</ele>
				<time>2020-07-03T10:15:00</time>
			</trkpt>
			<trkpt lat="48.99689996615052" lon="3.1233799271285534">
				<ele>173.0</ele>
				<time>2020-07-03T10:15:11</time>
			</trkpt>
			<trkpt lat="48.996949922293425" lon="3.1225299183279276">
				<ele>174.0</ele>
				<time>2020-07-03T10:15:20</time>
			</trkpt>
			<trkpt lat="48.996949922293425" lon="3.1222999189049006">
				<ele>174.0</ele>
				<time>2020-07-03T10:15:22</time>
			</trkpt>
			<trkpt lat="48.99697992950678" lon="3.1219399999827147">
				<ele>175.0</ele>
				<time>2020-07-03T10:15:26</time>
			</trkpt>
			<trkpt lat="48.99701999500394" lon="3.121479917317629">
				<ele>174.0</ele>
				<time>2020-07-03T10:15:31</time>
			</trkpt>
			<trkpt lat="48.997079925611615" lon="3.121099965646863">
				<ele>173.0</ele>
				<time>2020-07-03T10:15:35</time>
			</trkpt>
			<trkpt lat="48.99716994725168" lon="3.120679948478937">
				<ele>173.0</ele>
				<time>2020-07-03T10:15:39</time>
			</trkpt>
			<trkpt lat="48.997249994426966" lon="3.120419941842556">
				<ele>173.0</ele>
				<time>2020-07-03T10:15:43</time>
			</trkpt>
			<trkpt lat="48.997399946674705" lon="3.1200599391013384">
				<ele>173.0</ele>
				<time>2020-07-03T10:15:47</time>
			</trkpt>
			<trkpt lat="48.99755995720625" lon="3.119759950786829">
				<ele>174.0</ele>
				<time>2020-07-03T10:15:51</time>
			</trkpt>
			<trkpt lat="48.99775994941592" lon="3.1194599624723196">
				<ele>175.0</ele>
				<time>2020-07-03T10:15:56</time>
			</trkpt>
			<trkpt lat="48.99792993441224" lon="3.1192299630492926">
				<ele>176.0</ele>
				<time>2020-07-03T10:15:59</time>
			</trkpt>
			<trkpt lat="48.99803998880088" lon="3.1190599780529737">
				<ele>176.0</ele>
				<time>2020-07-03T10:16:02</time>
			</trkpt>
			<trkpt lat="48.99806999601424" lon="3.1189999636262655">
				<ele>176.0</ele>
				<time>2020-07-03T10:16:02</time>
			</trkpt>
			<trkpt lat="48.99807997047901" lon="3.1189999636262655">
				<ele>176.0</ele>
				<time>2020-07-03T10:16:03</time>
			</trkpt>
			<trkpt lat="48.998109977692366" lon="3.1189499236643314">
				<ele>176.0</ele>
				<time>2020-07-03T10:16:03</time>
			</trkpt>
			<trkpt lat="48.99813998490572" lon="3.118889993056655">
				<ele>176.0</ele>
				<time>2020-07-03T10:16:04</time>
			</trkpt>
			<trkpt lat="48.998149959370494" lon="3.118879934772849">
				<ele>176.0</ele>
				<time>2020-07-03T10:16:04</time>
			</trkpt>
			<trkpt lat="48.99841994047165" lon="3.118419935926795">
				<ele>175.0</ele>
				<time>2020-07-03T10:16:11</time>
			</trkpt>
			<trkpt lat="48.99850996211171" lon="3.118229918181896">
				<ele>175.0</ele>
				<time>2020-07-03T10:16:13</time>
			</trkpt>
			<trkpt lat="48.998599983751774" lon="3.118009977042675">
				<ele>174.0</ele>
				<time>2020-07-03T10:16:16</time>
			</trkpt>
			<trkpt lat="48.998669972643256" lon="3.117779977619648">
				<ele>173.0</ele>
				<time>2020-07-03T10:16:19</time>
			</trkpt>
			<trkpt lat="48.998709954321384" lon="3.117589959874749">
				<ele>172.0</ele>
				<time>2020-07-03T10:16:21</time>
			</trkpt>
			<trkpt lat="48.99873996153474" lon="3.117339927703142">
				<ele>172.0</ele>
				<time>2020-07-03T10:16:23</time>
			</trkpt>
			<trkpt lat="48.99873996153474" lon="3.117149993777275">
				<ele>172.0</ele>
				<time>2020-07-03T10:16:25</time>
			</trkpt>
			<trkpt lat="48.99873996153474" lon="3.117079921066761">
				<ele>172.0</ele>
				<time>2020-07-03T10:16:26</time>
			</trkpt>
			<trkpt lat="48.99873996153474" lon="3.1168299727141857">
				<ele>171.0</ele>
				<time>2020-07-03T10:16:29</time>
			</trkpt>
			<trkpt lat="48.99871992878616" lon="3.116629980504513">
				<ele>171.0</ele>
				<time>2020-07-03T10:16:31</time>
			</trkpt>
			<trkpt lat="48.99867994710803" lon="3.1163999810814857">
				<ele>170.0</ele>
				<time>2020-07-03T10:16:33</time>
			</trkpt>
			<trkpt lat="48.9986399654299" lon="3.116229996085167">
				<ele>169.0</ele>
				<time>2020-07-03T10:16:35</time>
			</trkpt>
			<trkpt lat="48.998539969325066" lon="3.1159399822354317">
				<ele>169.0</ele>
				<time>2020-07-03T10:16:39</time>
			</trkpt>
			<trkpt lat="48.998389933258295" lon="3.1156299356371164">
				<ele>168.0</ele>
				<time>2020-07-03T10:16:43</time>
			</trkpt>
			<trkpt lat="48.99817996658385" lon="3.1152599584311247">
				<ele>167.0</ele>
				<time>2020-07-03T10:16:48</time>
			</trkpt>
			<trkpt lat="48.998169992119074" lon="3.1152399256825447">
				<ele>167.0</ele>
				<time>2020-07-03T10:16:48</time>
			</trkpt>
			<trkpt lat="48.997849971055984" lon="3.114609941840172">
				<ele>167.0</ele>
				<time>2020-07-03T10:16:57</time>
			</trkpt>
			<trkpt lat="48.99757998995483" lon="3.114029997959733">
				<ele>168.0</ele>
				<time>2020-07-03T10:17:04</time>
			</trkpt>
			<trkpt lat="48.99732995778322" lon="3.113289959728718">
				<ele>166.0</ele>
				<time>2020-07-03T10:17:13</time>
			</trkpt>
			<trkpt lat="48.99713994003832" lon="3.112609935924411">
				<ele>165.0</ele>
				<time>2020-07-03T10:17:21</time>
			</trkpt>
			<trkpt lat="48.99704991839826" lon="3.112259991466999">
				<ele>164.0</ele>
				<time>2020-07-03T10:17:25</time>
			</trkpt>
			<trkpt lat="48.99663995951414" lon="3.1107299588620663">
				<ele>162.0</ele>
				<time>2020-07-03T10:17:42</time>
			</trkpt>
			<trkpt lat="48.996429992839694" lon="3.1099599972367287">
				<ele>159.0</ele>
				<time>2020-07-03T10:17:51</time>
			</trkpt>
			<trkpt lat="48.996409960091114" lon="3.109809961169958">
				<ele>157.0</ele>
				<time>2020-07-03T10:17:52</time>
			</trkpt>
			<trkpt lat="48.99635992012918" lon="3.109519947320223">
				<ele>155.0</ele>
				<time>2020-07-03T10:17:55</time>
			</trkpt>
			<trkpt lat="48.99635992012918" lon="3.1094799656420946">
				<ele>155.0</ele>
				<time>2020-07-03T10:17:56</time>
			</trkpt>
			<trkpt lat="48.996349945664406" lon="3.109329929575324">
				<ele>154.0</ele>
				<time>2020-07-03T10:17:57</time>
			</trkpt>
			<trkpt lat="48.996349945664406" lon="3.108879989013076">
				<ele>151.0</ele>
				<time>2020-07-03T10:18:02</time>
			</trkpt>
			<trkpt lat="48.996369978412986" lon="3.108219997957349">
				<ele>148.0</ele>
				<time>2020-07-03T10:18:09</time>
			</trkpt>
			<trkpt lat="48.99639998562634" lon="3.106879983097315">
				<ele>145.0</ele>
				<time>2020-07-03T10:18:23</time>
			</trkpt>
			<trkpt lat="48.996429992839694" lon="3.1059299781918526">
				<ele>141.0</ele>
				<time>2020-07-03T10:18:33</time>
			</trkpt>
			<trkpt lat="48.99643996730447" lon="3.1056799460202456">
				<ele>141.0</ele>
				<time>2020-07-03T10:18:36</time>
			</trkpt>
			<trkpt lat="48.996539963409305" lon="3.1040699500590563">
				<ele>139.0</ele>
				<time>2020-07-03T10:18:53</time>
			</trkpt>
			<trkpt lat="48.99654993787408" lon="3.1036199256777763">
				<ele>140.0</ele>
				<time>2020-07-03T10:18:57</time>
			</trkpt>
			<trkpt lat="48.996539963409305" lon="3.1034599989652634">
				<ele>140.0</ele>
				<time>2020-07-03T10:18:59</time>
			</trkpt>
			<trkpt lat="48.996369978412986" lon="3.1008399836719036">
				<ele>148.0</ele>
				<time>2020-07-03T10:19:27</time>
			</trkpt>
			<trkpt lat="48.99633997119963" lon="3.100199941545725">
				<ele>150.0</ele>
				<time>2020-07-03T10:19:34</time>
			</trkpt>
			<trkpt lat="48.99631993845105" lon="3.0998599715530872">
				<ele>150.0</ele>
				<time>2020-07-03T10:19:37</time>
			</trkpt>
			<trkpt lat="48.99646997451782" lon="3.099779924377799">
				<ele>149.0</ele>
				<time>2020-07-03T10:19:40</time>
			</trkpt>
			<trkpt lat="48.996559996157885" lon="3.099739942699671">
				<ele>149.0</ele>
				<time>2020-07-03T10:19:41</time>
			</trkpt>
			<trkpt lat="48.99665999226272" lon="3.0997299682348967">
				<ele>148.0</ele>
				<time>2020-07-03T10:19:43</time>
			</trkpt>
			<trkpt lat="48.99675998836756" lon="3.0997299682348967">
				<ele>148.0</ele>
				<time>2020-07-03T10:19:44</time>
			</trkpt>
			<trkpt lat="48.99790998548269" lon="3.0997599754482508">
				<ele>140.0</ele>
				<time>2020-07-03T10:20:03</time>
			</trkpt>
			<trkpt lat="48.99790998548269" lon="3.099559983238578">
				<ele>139.0</ele>
				<time>2020-07-03T10:20:05</time>
			</trkpt>
			<trkpt lat="48.99772994220257" lon="3.0978699401021004">
				<ele>135.0</ele>
				<time>2020-07-03T10:20:23</time>
			</trkpt>
			<trkpt lat="48.997719967737794" lon="3.097369959577918">
				<ele>134.0</ele>
				<time>2020-07-03T10:20:28</time>
			</trkpt>
			<trkpt lat="48.99772994220257" lon="3.097109952941537">
				<ele>134.0</ele>
				<time>2020-07-03T10:20:31</time>
			</trkpt>
			<trkpt lat="48.99770999327302" lon="3.096629921346903">
				<ele>133.0</ele>
				<time>2020-07-03T10:20:36</time>
			</trkpt>
			<trkpt lat="48.99746993556619" lon="3.094039997085929">
				<ele>127.0</ele>
				<time>2020-07-03T10:21:03</time>
			</trkpt>
			<trkpt lat="48.99729995056987" lon="3.092219950631261">
				<ele>122.0</ele>
				<time>2020-07-03T10:21:23</time>
			</trkpt>
			<trkpt lat="48.997249994426966" lon="3.091809991747141">
				<ele>122.0</ele>
				<time>2020-07-03T10:21:27</time>
			</trkpt>
			<trkpt lat="48.997209928929806" lon="3.091589966788888">
				<ele>121.0</ele>
				<time>2020-07-03T10:21:30</time>
			</trkpt>
			<trkpt lat="48.996969955042005" lon="3.0908599868416786">
				<ele>119.0</ele>
				<time>2020-07-03T10:21:38</time>
			</trkpt>
			<trkpt lat="48.99695998057723" lon="3.0907999724149704">
				<ele>119.0</ele>
				<time>2020-07-03T10:21:39</time>
			</trkpt>
			<trkpt lat="48.996949922293425" lon="3.090739957988262">
				<ele>119.0</ele>
				<time>2020-07-03T10:21:39</time>
			</trkpt>
			<trkpt lat="48.996949922293425" lon="3.090699976310134">
				<ele>119.0</ele>
				<time>2020-07-03T10:21:40</time>
			</trkpt>
			<trkpt lat="48.99693994782865" lon="3.0906499363482">
				<ele>119.0</ele>
				<time>2020-07-03T10:21:40</time>
			</trkpt>
			<trkpt lat="48.99693994782865" lon="3.0906099546700716">
				<ele>119.0</ele>
				<time>2020-07-03T10:21:41</time>
			</trkpt>
			<trkpt lat="48.99693994782865" lon="3.090479951351881">
				<ele>119.0</ele>
				<time>2020-07-03T10:21:42</time>
			</trkpt>
			<trkpt lat="48.996969955042005" lon="3.090259926393628">
				<ele>119.0</ele>
				<time>2020-07-03T10:21:45</time>
			</trkpt>
			<trkpt lat="48.996989987790585" lon="3.0901199486106634">
				<ele>119.0</ele>
				<time>2020-07-03T10:21:46</time>
			</trkpt>
			<trkpt lat="48.997099958360195" lon="3.0894499830901623">
				<ele>120.0</ele>
				<time>2020-07-03T10:21:53</time>
			</trkpt>
			<trkpt lat="48.997289976105094" lon="3.0882299970835447">
				<ele>125.0</ele>
				<time>2020-07-03T10:22:06</time>
			</trkpt>
			<trkpt lat="48.997399946674705" lon="3.087099948897958">
				<ele>131.0</ele>
				<time>2020-07-03T10:22:18</time>
			</trkpt>
			<trkpt lat="48.99740992113948" lon="3.086959971114993">
				<ele>131.0</ele>
				<time>2020-07-03T10:22:20</time>
			</trkpt>
			<trkpt lat="48.99740992113948" lon="3.08675997890532">
				<ele>132.0</ele>
				<time>2020-07-03T10:22:22</time>
			</trkpt>
			<trkpt lat="48.99740992113948" lon="3.086669957265258">
				<ele>132.0</ele>
				<time>2020-07-03T10:22:23</time>
			</trkpt>
			<trkpt lat="48.99740992113948" lon="3.0866099428385496">
				<ele>132.0</ele>
				<time>2020-07-03T10:22:24</time>
			</trkpt>
			<trkpt lat="48.997399946674705" lon="3.0863599944859743">
				<ele>133.0</ele>
				<time>2020-07-03T10:22:26</time>
			</trkpt>
			<trkpt lat="48.99736993946135" lon="3.086029998958111">
				<ele>134.0</ele>
				<time>2020-07-03T10:22:30</time>
			</trkpt>
			<trkpt lat="48.9973499905318" lon="3.0857199523597956">
				<ele>135.0</ele>
				<time>2020-07-03T10:22:33</time>
			</trkpt>
			<trkpt lat="48.99730992503464" lon="3.0841999780386686">
				<ele>136.0</ele>
				<time>2020-07-03T10:22:49</time>
			</trkpt>
			<trkpt lat="48.99727991782129" lon="3.0836599320173264">
				<ele>136.0</ele>
				<time>2020-07-03T10:22:55</time>
			</trkpt>
			<trkpt lat="48.99723993614316" lon="3.083159951493144">
				<ele>137.0</ele>
				<time>2020-07-03T10:23:00</time>
			</trkpt>
			<trkpt lat="48.99717992171645" lon="3.0828399304300547">
				<ele>138.0</ele>
				<time>2020-07-03T10:23:03</time>
			</trkpt>
			<trkpt lat="48.997079925611615" lon="3.0824299715459347">
				<ele>138.0</ele>
				<time>2020-07-03T10:23:08</time>
			</trkpt>
			<trkpt lat="48.99699996225536" lon="3.0821999721229076">
				<ele>138.0</ele>
				<time>2020-07-03T10:23:11</time>
			</trkpt>
			<trkpt lat="48.99686995893717" lon="3.081779954954982">
				<ele>137.0</ele>
				<time>2020-07-03T10:23:16</time>
			</trkpt>
			<trkpt lat="48.9967299811542" lon="3.0812499672174454">
				<ele>136.0</ele>
				<time>2020-07-03T10:23:22</time>
			</trkpt>
			<trkpt lat="48.99644994176924" lon="3.079789923503995">
				<ele>132.0</ele>
				<time>2020-07-03T10:23:38</time>
			</trkpt>
			<trkpt lat="48.99644985795021" lon="3.079789588227868">
				<ele>132.0</ele>
				<time>2020-07-03T10:23:38</time>
			</trkpt>
			<trkpt lat="48.99643996730447" lon="3.0796799529343843">
				<ele>132.0</ele>
				<time>2020-07-03T10:23:39</time>
			</trkpt>
			<trkpt lat="48.99641993455589" lon="3.079589931294322">
				<ele>132.0</ele>
				<time>2020-07-03T10:23:40</time>
			</trkpt>
			<trkpt lat="48.9962899312377" lon="3.0788199696689844">
				<ele>128.0</ele>
				<time>2020-07-03T10:23:48</time>
			</trkpt>
			<trkpt lat="48.996239975094795" lon="3.078439934179187">
				<ele>127.0</ele>
				<time>2020-07-03T10:23:52</time>
			</trkpt>
			<trkpt lat="48.99618993513286" lon="3.077889997512102">
				<ele>125.0</ele>
				<time>2020-07-03T10:23:58</time>
			</trkpt>
			<trkpt lat="48.99614995345473" lon="3.077599983662367">
				<ele>124.0</ele>
				<time>2020-07-03T10:24:01</time>
			</trkpt>
			<trkpt lat="48.996089939028025" lon="3.07734995149076">
				<ele>123.0</ele>
				<time>2020-07-03T10:24:04</time>
			</trkpt>
			<trkpt lat="48.995769917964935" lon="3.0762499943375587">
				<ele>120.0</ele>
				<time>2020-07-03T10:24:17</time>
			</trkpt>
			<trkpt lat="48.99573999457061" lon="3.0761499982327223">
				<ele>120.0</ele>
				<time>2020-07-03T10:24:18</time>
			</trkpt>
			<trkpt lat="48.99568995460868" lon="3.076009936630726">
				<ele>120.0</ele>
				<time>2020-07-03T10:24:19</time>
			</trkpt>
			<trkpt lat="48.9949999563396" lon="3.0743999406695366">
				<ele>116.0</ele>
				<time>2020-07-03T10:24:40</time>
			</trkpt>
			<trkpt lat="48.99446996860206" lon="3.073189929127693">
				<ele>113.0</ele>
				<time>2020-07-03T10:24:55</time>
			</trkpt>
			<trkpt lat="48.99433996528387" lon="3.0728399846702814">
				<ele>113.0</ele>
				<time>2020-07-03T10:24:59</time>
			</trkpt>
			<trkpt lat="48.99429998360574" lon="3.072739988565445">
				<ele>113.0</ele>
				<time>2020-07-03T10:25:00</time>
			</trkpt>
			<trkpt lat="48.99420996196568" lon="3.0724299419671297">
				<ele>113.0</ele>
				<time>2020-07-03T10:25:04</time>
			</trkpt>
			<trkpt lat="48.99411994032562" lon="3.072049990296364">
				<ele>113.0</ele>
				<time>2020-07-03T10:25:08</time>
			</trkpt>
			<trkpt lat="48.993769995868206" lon="3.070719949901104">
				<ele>110.0</ele>
				<time>2020-07-03T10:25:23</time>
			</trkpt>
			<trkpt lat="48.99360998533666" lon="3.070029951632023">
				<ele>109.0</ele>
				<time>2020-07-03T10:25:31</time>
			</trkpt>
			<trkpt lat="48.99336992762983" lon="3.068939968943596">
				<ele>108.0</ele>
				<time>2020-07-03T10:25:43</time>
			</trkpt>
			<trkpt lat="48.99323992431164" lon="3.0682399962097406">
				<ele>109.0</ele>
				<time>2020-07-03T10:25:51</time>
			</trkpt>
			<trkpt lat="48.99296994321048" lon="3.066259939223528">
				<ele>114.0</ele>
				<time>2020-07-03T10:26:12</time>
			</trkpt>
			<trkpt lat="48.992909928783774" lon="3.065829947590828">
				<ele>115.0</ele>
				<time>2020-07-03T10:26:17</time>
			</trkpt>
			<trkpt lat="48.992899954319" lon="3.065679995343089">
				<ele>115.0</ele>
				<time>2020-07-03T10:26:18</time>
			</trkpt>
			<trkpt lat="48.992899954319" lon="3.0655299592763186">
				<ele>115.0</ele>
				<time>2020-07-03T10:26:20</time>
			</trkpt>
			<trkpt lat="48.992899954319" lon="3.0650599859654903">
				<ele>116.0</ele>
				<time>2020-07-03T10:26:25</time>
			</trkpt>
			<trkpt lat="48.992899954319" lon="3.064979938790202">
				<ele>116.0</ele>
				<time>2020-07-03T10:26:26</time>
			</trkpt>
			<trkpt lat="48.992889979854226" lon="3.0648299865424633">
				<ele>116.0</ele>
				<time>2020-07-03T10:26:27</time>
			</trkpt>
			<trkpt lat="48.992869947105646" lon="3.064489932730794">
				<ele>116.0</ele>
				<time>2020-07-03T10:26:31</time>
			</trkpt>
			<trkpt lat="48.99285997264087" lon="3.064299998804927">
				<ele>116.0</ele>
				<time>2020-07-03T10:26:33</time>
			</trkpt>
			<trkpt lat="48.992819990962744" lon="3.0635399278253317">
				<ele>115.0</ele>
				<time>2020-07-03T10:26:41</time>
			</trkpt>
			<trkpt lat="48.99280993267894" lon="3.0633399356156588">
				<ele>114.0</ele>
				<time>2020-07-03T10:26:43</time>
			</trkpt>
			<trkpt lat="48.99274991825223" lon="3.0623499490320683">
				<ele>112.0</ele>
				<time>2020-07-03T10:26:53</time>
			</trkpt>
			<trkpt lat="48.9927099365741" lon="3.0616099946200848">
				<ele>112.0</ele>
				<time>2020-07-03T10:27:01</time>
			</trkpt>
			<trkpt lat="48.99269996210933" lon="3.0615299474447966">
				<ele>112.0</ele>
				<time>2020-07-03T10:27:02</time>
			</trkpt>
			<trkpt lat="48.99257993325591" lon="3.0604199320077896">
				<ele>111.0</ele>
				<time>2020-07-03T10:27:14</time>
			</trkpt>
			<trkpt lat="48.992459988221526" lon="3.059599930420518">
				<ele>109.0</ele>
				<time>2020-07-03T10:27:23</time>
			</trkpt>
			<trkpt lat="48.992419922724366" lon="3.0590899754315615">
				<ele>108.0</ele>
				<time>2020-07-03T10:27:28</time>
			</trkpt>
			<trkpt lat="48.99240994825959" lon="3.0588499177247286">
				<ele>108.0</ele>
				<time>2020-07-03T10:27:30</time>
			</trkpt>
			<trkpt lat="48.992349933832884" lon="3.057419965043664">
				<ele>108.0</ele>
				<time>2020-07-03T10:27:46</time>
			</trkpt>
			<trkpt lat="48.992329984903336" lon="3.056989973410964">
				<ele>108.0</ele>
				<time>2020-07-03T10:27:50</time>
			</trkpt>
			<trkpt lat="48.99231992661953" lon="3.056769948452711">
				<ele>108.0</ele>
				<time>2020-07-03T10:27:52</time>
			</trkpt>
			<trkpt lat="48.992309952154756" lon="3.056559981778264">
				<ele>108.0</ele>
				<time>2020-07-03T10:27:55</time>
			</trkpt>
			<trkpt lat="48.99218992330134" lon="3.05566999129951">
				<ele>108.0</ele>
				<time>2020-07-03T10:28:04</time>
			</trkpt>
			<trkpt lat="48.99215999990702" lon="3.0553399957716465">
				<ele>107.0</ele>
				<time>2020-07-03T10:28:08</time>
			</trkpt>
			<trkpt lat="48.99215999990702" lon="3.0550599563866854">
				<ele>106.0</ele>
				<time>2020-07-03T10:28:11</time>
			</trkpt>
			<trkpt lat="48.99215999990702" lon="3.0550299491733313">
				<ele>106.0</ele>
				<time>2020-07-03T10:28:11</time>
			</trkpt>
			<trkpt lat="48.992179948836565" lon="3.0548899713903666">
				<ele>106.0</ele>
				<time>2020-07-03T10:28:12</time>
			</trkpt>
			<trkpt lat="48.99224993772805" lon="3.054509935900569">
				<ele>106.0</ele>
				<time>2020-07-03T10:28:17</time>
			</trkpt>
			<trkpt lat="48.99225999601185" lon="3.0544099397957325">
				<ele>105.0</ele>
				<time>2020-07-03T10:28:18</time>
			</trkpt>
			<trkpt lat="48.99231992661953" lon="3.0539399664849043">
				<ele>105.0</ele>
				<time>2020-07-03T10:28:23</time>
			</trkpt>
			<trkpt lat="48.99233995936811" lon="3.053619945421815">
				<ele>104.0</ele>
				<time>2020-07-03T10:28:26</time>
			</trkpt>
			<trkpt lat="48.99237994104624" lon="3.0531099904328585">
				<ele>102.0</ele>
				<time>2020-07-03T10:28:31</time>
			</trkpt>
			<trkpt lat="48.99240994825959" lon="3.052759962156415">
				<ele>101.0</ele>
				<time>2020-07-03T10:28:35</time>
			</trkpt>
			<trkpt lat="48.99242998100817" lon="3.0526599660515785">
				<ele>100.0</ele>
				<time>2020-07-03T10:28:36</time>
			</trkpt>
			<trkpt lat="48.992439955472946" lon="3.052529962733388">
				<ele>100.0</ele>
				<time>2020-07-03T10:28:38</time>
			</trkpt>
			<trkpt lat="48.992439955472946" lon="3.052479922771454">
				<ele>100.0</ele>
				<time>2020-07-03T10:28:38</time>
			</trkpt>
			<trkpt lat="48.99242998100817" lon="3.0524399410933256">
				<ele>99.0</ele>
				<time>2020-07-03T10:28:39</time>
			</trkpt>
			<trkpt lat="48.99240994825959" lon="3.0523799266666174">
				<ele>99.0</ele>
				<time>2020-07-03T10:28:39</time>
			</trkpt>
			<trkpt lat="48.992369966581464" lon="3.052299963310361">
				<ele>99.0</ele>
				<time>2020-07-03T10:28:40</time>
			</trkpt>
			<trkpt lat="48.99233995936811" lon="3.0522599816322327">
				<ele>99.0</ele>
				<time>2020-07-03T10:28:41</time>
			</trkpt>
			<trkpt lat="48.99225999601185" lon="3.0522099416702986">
				<ele>100.0</ele>
				<time>2020-07-03T10:28:42</time>
			</trkpt>
			<trkpt lat="48.992029996588826" lon="3.052099971100688">
				<ele>101.0</ele>
				<time>2020-07-03T10:28:46</time>
			</trkpt>
			<trkpt lat="48.991939974948764" lon="3.052079938352108">
				<ele>102.0</ele>
				<time>2020-07-03T10:28:48</time>
			</trkpt>
			<trkpt lat="48.991879960522056" lon="3.0519499350339174">
				<ele>102.0</ele>
				<time>2020-07-03T10:28:49</time>
			</trkpt>
			<trkpt lat="48.99182992056012" lon="3.051839964464307">
				<ele>101.0</ele>
				<time>2020-07-03T10:28:51</time>
			</trkpt>
			<trkpt lat="48.99173998273909" lon="3.0515299178659916">
				<ele>100.0</ele>
				<time>2020-07-03T10:28:54</time>
			</trkpt>
			<trkpt lat="48.99170997552574" lon="3.051389940083027">
				<ele>100.0</ele>
				<time>2020-07-03T10:28:56</time>
			</trkpt>
			<trkpt lat="48.99166999384761" lon="3.051199922338128">
				<ele>99.0</ele>
				<time>2020-07-03T10:28:58</time>
			</trkpt>
			<trkpt lat="48.9916599355638" lon="3.0510799773037434">
				<ele>99.0</ele>
				<time>2020-07-03T10:28:59</time>
			</trkpt>
			<trkpt lat="48.9916599355638" lon="3.0508699268102646">
				<ele>98.0</ele>
				<time>2020-07-03T10:29:01</time>
			</trkpt>
			<trkpt lat="48.991639986634254" lon="3.050789963454008">
				<ele>98.0</ele>
				<time>2020-07-03T10:29:02</time>
			</trkpt>
			<trkpt lat="48.99154996499419" lon="3.050089990720153">
				<ele>98.0</ele>
				<time>2020-07-03T10:29:10</time>
			</trkpt>
			<trkpt lat="48.99154996499419" lon="3.049929980188608">
				<ele>97.0</ele>
				<time>2020-07-03T10:29:11</time>
			</trkpt>
			<trkpt lat="48.99153999052942" lon="3.0497799441218376">
				<ele>97.0</ele>
				<time>2020-07-03T10:29:13</time>
			</trkpt>
			<trkpt lat="48.99178993888199" lon="3.0475799459964037">
				<ele>89.0</ele>
				<time>2020-07-03T10:29:37</time>
			</trkpt>
			<trkpt lat="48.99180997163057" lon="3.047389928251505">
				<ele>89.0</ele>
				<time>2020-07-03T10:29:39</time>
			</trkpt>
			<trkpt lat="48.99181994609535" lon="3.047019951045513">
				<ele>87.0</ele>
				<time>2020-07-03T10:29:42</time>
			</trkpt>
			<trkpt lat="48.99181994609535" lon="3.0467399954795837">
				<ele>86.0</ele>
				<time>2020-07-03T10:29:45</time>
			</trkpt>
			<trkpt lat="48.99181994609535" lon="3.0463899672031403">
				<ele>85.0</ele>
				<time>2020-07-03T10:29:49</time>
			</trkpt>
			<trkpt lat="48.99180997163057" lon="3.0462799966335297">
				<ele>84.0</ele>
				<time>2020-07-03T10:29:50</time>
			</trkpt>
			<trkpt lat="48.9917999971658" lon="3.0462299566715956">
				<ele>84.0</ele>
				<time>2020-07-03T10:29:51</time>
			</trkpt>
			<trkpt lat="48.99178993888199" lon="3.046149993315339">
				<ele>84.0</ele>
				<time>2020-07-03T10:29:52</time>
			</trkpt>
			<trkpt lat="48.99173998273909" lon="3.0460099317133427">
				<ele>83.0</ele>
				<time>2020-07-03T10:29:53</time>
			</trkpt>
			<trkpt lat="48.99169991724193" lon="3.045859979465604">
				<ele>82.0</ele>
				<time>2020-07-03T10:29:55</time>
			</trkpt>
			<trkpt lat="48.9916599355638" lon="3.0457999650388956">
				<ele>81.0</ele>
				<time>2020-07-03T10:29:56</time>
			</trkpt>
			<trkpt lat="48.99162992835045" lon="3.0457599833607674">
				<ele>80.0</ele>
				<time>2020-07-03T10:29:57</time>
			</trkpt>
			<trkpt lat="48.99156999774277" lon="3.045679936185479">
				<ele>79.0</ele>
				<time>2020-07-03T10:29:58</time>
			</trkpt>
			<trkpt lat="48.991509983316064" lon="3.045619921758771">
				<ele>78.0</ele>
				<time>2020-07-03T10:29:59</time>
			</trkpt>
			<trkpt lat="48.991419961676" lon="3.0455799400806427">
				<ele>78.0</ele>
				<time>2020-07-03T10:30:00</time>
			</trkpt>
			<trkpt lat="48.99134997278452" lon="3.0455599911510944">
				<ele>78.0</ele>
				<time>2020-07-03T10:30:02</time>
			</trkpt>
			<trkpt lat="48.991039926186204" lon="3.045439962297678">
				<ele>76.0</ele>
				<time>2020-07-03T10:30:07</time>
			</trkpt>
			<trkpt lat="48.99076994508505" lon="3.0453599989414215">
				<ele>72.0</ele>
				<time>2020-07-03T10:30:11</time>
			</trkpt>
			<trkpt lat="48.99066994898021" lon="3.0453399661928415">
				<ele>71.0</ele>
				<time>2020-07-03T10:30:13</time>
			</trkpt>
			<trkpt lat="48.99057992734015" lon="3.0453399661928415">
				<ele>70.0</ele>
				<time>2020-07-03T10:30:14</time>
			</trkpt>
			<trkpt lat="48.98963998071849" lon="3.045469969511032">
				<ele>69.0</ele>
				<time>2020-07-03T10:30:29</time>
			</trkpt>
			<trkpt lat="48.98920998908579" lon="3.0455499328672886">
				<ele>68.0</ele>
				<time>2020-07-03T10:30:36</time>
			</trkpt>
			<trkpt lat="48.98853993974626" lon="3.0457499250769615">
				<ele>66.0</ele>
				<time>2020-07-03T10:30:47</time>
			</trkpt>
			<trkpt lat="48.987409975379705" lon="3.046109927818179">
				<ele>63.0</ele>
				<time>2020-07-03T10:31:06</time>
			</trkpt>
			<trkpt lat="48.98723999038339" lon="3.0461799167096615">
				<ele>64.0</ele>
				<time>2020-07-03T10:31:08</time>
			</trkpt>
			<trkpt lat="48.98704997263849" lon="3.046269938349724">
				<ele>64.0</ele>
				<time>2020-07-03T10:31:12</time>
			</trkpt>
			<trkpt lat="48.9869699254632" lon="3.046289971098304">
				<ele>64.0</ele>
				<time>2020-07-03T10:31:13</time>
			</trkpt>
			<trkpt lat="48.98689993657172" lon="3.046299945563078">
				<ele>63.0</ele>
				<time>2020-07-03T10:31:14</time>
			</trkpt>
			<trkpt lat="48.98645997047424" lon="3.046329952776432">
				<ele>63.0</ele>
				<time>2020-07-03T10:31:21</time>
			</trkpt>
			<trkpt lat="48.98617993108928" lon="3.046359959989786">
				<ele>61.0</ele>
				<time>2020-07-03T10:31:26</time>
			</trkpt>
			<trkpt lat="48.986099967733026" lon="3.0463699344545603">
				<ele>61.0</ele>
				<time>2020-07-03T10:31:27</time>
			</trkpt>
			<trkpt lat="48.985779946669936" lon="3.0463999416679144">
				<ele>60.0</ele>
				<time>2020-07-03T10:31:32</time>
			</trkpt>
			<trkpt lat="48.98499992676079" lon="3.046529944986105">
				<ele>59.0</ele>
				<time>2020-07-03T10:31:45</time>
			</trkpt>
			<trkpt lat="48.98494997061789" lon="3.046529944986105">
				<ele>59.0</ele>
				<time>2020-07-03T10:31:45</time>
			</trkpt>
			<trkpt lat="48.984769927337766" lon="3.046559952199459">
				<ele>59.0</ele>
				<time>2020-07-03T10:31:48</time>
			</trkpt>
			<trkpt lat="48.98472994565964" lon="3.046559952199459">
				<ele>59.0</ele>
				<time>2020-07-03T10:31:49</time>
			</trkpt>
			<trkpt lat="48.984339935705066" lon="3.046579984948039">
				<ele>58.0</ele>
				<time>2020-07-03T10:31:55</time>
			</trkpt>
			<trkpt lat="48.983929976820946" lon="3.046579984948039">
				<ele>58.0</ele>
				<time>2020-07-03T10:32:02</time>
			</trkpt>
			<trkpt lat="48.98350995965302" lon="3.046559952199459">
				<ele>57.0</ele>
				<time>2020-07-03T10:32:09</time>
			</trkpt>
			<trkpt lat="48.982659950852394" lon="3.0464799888432026">
				<ele>59.0</ele>
				<time>2020-07-03T10:32:22</time>
			</trkpt>
			<trkpt lat="48.98231998085976" lon="3.0464099999517202">
				<ele>58.0</ele>
				<time>2020-07-03T10:32:28</time>
			</trkpt>
			<trkpt lat="48.982169944792986" lon="3.0463699344545603">
				<ele>58.0</ele>
				<time>2020-07-03T10:32:30</time>
			</trkpt>
			<trkpt lat="48.98176996037364" lon="3.0462499894201756">
				<ele>57.0</ele>
				<time>2020-07-03T10:32:37</time>
			</trkpt>
			<trkpt lat="48.98148992098868" lon="3.046159967780113">
				<ele>55.0</ele>
				<time>2020-07-03T10:32:41</time>
			</trkpt>
			<trkpt lat="48.98092992603779" lon="3.0459699500352144">
				<ele>54.0</ele>
				<time>2020-07-03T10:32:50</time>
			</trkpt>
			<trkpt lat="48.97979996167123" lon="3.0455299839377403">
				<ele>57.0</ele>
				<time>2020-07-03T10:33:09</time>
			</trkpt>
			<trkpt lat="48.97948999889195" lon="3.045409955084324">
				<ele>59.0</ele>
				<time>2020-07-03T10:33:14</time>
			</trkpt>
			<trkpt lat="48.97853999398649" lon="3.04492992348969">
				<ele>60.0</ele>
				<time>2020-07-03T10:33:30</time>
			</trkpt>
			<trkpt lat="48.97795996628702" lon="3.04453999735415">
				<ele>56.0</ele>
				<time>2020-07-03T10:33:40</time>
			</trkpt>
			<trkpt lat="48.97747993469238" lon="3.0441899690777063">
				<ele>52.0</ele>
				<time>2020-07-03T10:33:49</time>
			</trkpt>
			<trkpt lat="48.97709998302162" lon="3.0439599696546793">
				<ele>51.0</ele>
				<time>2020-07-03T10:33:55</time>
			</trkpt>
			<trkpt lat="48.976839976385236" lon="3.0438099335879087">
				<ele>51.0</ele>
				<time>2020-07-03T10:34:00</time>
			</trkpt>
			<trkpt lat="48.976579969748855" lon="3.0437599774450064">
				<ele>54.0</ele>
				<time>2020-07-03T10:34:04</time>
			</trkpt>
			<trkpt lat="48.976539988070726" lon="3.0437799263745546">
				<ele>54.0</ele>
				<time>2020-07-03T10:34:05</time>
			</trkpt>
			<trkpt lat="48.976519955322146" lon="3.0437999591231346">
				<ele>55.0</ele>
				<time>2020-07-03T10:34:05</time>
			</trkpt>
			<trkpt lat="48.97647997364402" lon="3.043839940801263">
				<ele>55.0</ele>
				<time>2020-07-03T10:34:06</time>
			</trkpt>
			<trkpt lat="48.97643999196589" lon="3.043899955227971">
				<ele>55.0</ele>
				<time>2020-07-03T10:34:07</time>
			</trkpt>
			<trkpt lat="48.97641995921731" lon="3.0439399369060993">
				<ele>55.0</ele>
				<time>2020-07-03T10:34:07</time>
			</trkpt>
			<trkpt lat="48.976409984752536" lon="3.0439699441194534">
				<ele>55.0</ele>
				<time>2020-07-03T10:34:08</time>
			</trkpt>
			<trkpt lat="48.976389952003956" lon="3.0440199840813875">
				<ele>55.0</ele>
				<time>2020-07-03T10:34:08</time>
			</trkpt>
			<trkpt lat="48.976369919255376" lon="3.0441399291157722">
				<ele>55.0</ele>
				<time>2020-07-03T10:34:10</time>
			</trkpt>
			<trkpt lat="48.9763099886477" lon="3.0444399174302816">
				<ele>56.0</ele>
				<time>2020-07-03T10:34:13</time>
			</trkpt>
			<trkpt lat="48.97591997869313" lon="3.0467999260872602">
				<ele>60.0</ele>
				<time>2020-07-03T10:34:38</time>
			</trkpt>
			<trkpt lat="48.97588997147977" lon="3.0468999221920967">
				<ele>61.0</ele>
				<time>2020-07-03T10:34:40</time>
			</trkpt>
			<trkpt lat="48.975829957053065" lon="3.046999918296933">
				<ele>63.0</ele>
				<time>2020-07-03T10:34:41</time>
			</trkpt>
			<trkpt lat="48.97574999369681" lon="3.0470999982208014">
				<ele>65.0</ele>
				<time>2020-07-03T10:34:43</time>
			</trkpt>
			<trkpt lat="48.97570992819965" lon="3.0471199471503496">
				<ele>66.0</ele>
				<time>2020-07-03T10:34:43</time>
			</trkpt>
			<trkpt lat="48.97564999759197" lon="3.0471299216151237">
				<ele>67.0</ele>
				<time>2020-07-03T10:34:44</time>
			</trkpt>
			<trkpt lat="48.975589983165264" lon="3.0471299216151237">
				<ele>69.0</ele>
				<time>2020-07-03T10:34:45</time>
			</trkpt>
			<trkpt lat="48.975509935989976" lon="3.0471199471503496">
				<ele>70.0</ele>
				<time>2020-07-03T10:34:47</time>
			</trkpt>
			<trkpt lat="48.975439947098494" lon="3.0470799654722214">
				<ele>72.0</ele>
				<time>2020-07-03T10:34:48</time>
			</trkpt>
			<trkpt lat="48.97536995820701" lon="3.047009976580739">
				<ele>74.0</ele>
				<time>2020-07-03T10:34:49</time>
			</trkpt>
			<trkpt lat="48.97531991824508" lon="3.046949962154031">
				<ele>75.0</ele>
				<time>2020-07-03T10:34:50</time>
			</trkpt>
			<trkpt lat="48.975269962102175" lon="3.0468599405139685">
				<ele>76.0</ele>
				<time>2020-07-03T10:34:51</time>
			</trkpt>
			<trkpt lat="48.975249929353595" lon="3.046809984371066">
				<ele>76.0</ele>
				<time>2020-07-03T10:34:52</time>
			</trkpt>
			<trkpt lat="48.97520994767547" lon="3.0466899555176497">
				<ele>77.0</ele>
				<time>2020-07-03T10:34:53</time>
			</trkpt>
			<trkpt lat="48.97518999874592" lon="3.0466299410909414">
				<ele>78.0</ele>
				<time>2020-07-03T10:34:54</time>
			</trkpt>
			<trkpt lat="48.975099977105856" lon="3.046069946140051">
				<ele>81.0</ele>
				<time>2020-07-03T10:35:00</time>
			</trkpt>
			<trkpt lat="48.97504993714392" lon="3.0455999728292227">
				<ele>81.0</ele>
				<time>2020-07-03T10:35:05</time>
			</trkpt>
			<trkpt lat="48.975029988214374" lon="3.0453099589794874">
				<ele>81.0</ele>
				<time>2020-07-03T10:35:08</time>
			</trkpt>
			<trkpt lat="48.97499998100102" lon="3.044959930703044">
				<ele>81.0</ele>
				<time>2020-07-03T10:35:12</time>
			</trkpt>
			<trkpt lat="48.97486997768283" lon="3.044299939647317">
				<ele>80.0</ele>
				<time>2020-07-03T10:35:19</time>
			</trkpt>
			<trkpt lat="48.97479998879135" lon="3.0439799185842276">
				<ele>80.0</ele>
				<time>2020-07-03T10:35:23</time>
			</trkpt>
			<trkpt lat="48.974689934402704" lon="3.0435399524867535">
				<ele>80.0</ele>
				<time>2020-07-03T10:35:28</time>
			</trkpt>
			<trkpt lat="48.974519949406385" lon="3.042789939790964">
				<ele>81.0</ele>
				<time>2020-07-03T10:35:36</time>
			</trkpt>
			<trkpt lat="48.974409978836775" lon="3.0424299370497465">
				<ele>82.0</ele>
				<time>2020-07-03T10:35:40</time>
			</trkpt>
			<trkpt lat="48.9742099866271" lon="3.041949989274144">
				<ele>83.0</ele>
				<time>2020-07-03T10:35:46</time>
			</trkpt>
			<trkpt lat="48.97417997941375" lon="3.04187991656363">
				<ele>83.0</ele>
				<time>2020-07-03T10:35:47</time>
			</trkpt>
			<trkpt lat="48.97373992949724" lon="3.040959918871522">
				<ele>86.0</ele>
				<time>2020-07-03T10:35:59</time>
			</trkpt>
			<trkpt lat="48.973339945077896" lon="3.0402199644595385">
				<ele>88.0</ele>
				<time>2020-07-03T10:36:09</time>
			</trkpt>
			<trkpt lat="48.97230997681618" lon="3.0383999180048704">
				<ele>91.0</ele>
				<time>2020-07-03T10:36:34</time>
			</trkpt>
			<trkpt lat="48.971809996291995" lon="3.0375899747014046">
				<ele>90.0</ele>
				<time>2020-07-03T10:36:46</time>
			</trkpt>
			<trkpt lat="48.971469942480326" lon="3.0371099431067705">
				<ele>89.0</ele>
				<time>2020-07-03T10:36:53</time>
			</trkpt>
			<trkpt lat="48.971169954165816" lon="3.036779947578907">
				<ele>89.0</ele>
				<time>2020-07-03T10:36:59</time>
			</trkpt>
			<trkpt lat="48.97096996195614" lon="3.036609962582588">
				<ele>90.0</ele>
				<time>2020-07-03T10:37:03</time>
			</trkpt>
			<trkpt lat="48.97046998143196" lon="3.0362099781632423">
				<ele>91.0</ele>
				<time>2020-07-03T10:37:12</time>
			</trkpt>
			<trkpt lat="48.97029999643564" lon="3.036069916561246">
				<ele>91.0</ele>
				<time>2020-07-03T10:37:15</time>
			</trkpt>
			<trkpt lat="48.96982993930578" lon="3.0355999432504177">
				<ele>91.0</ele>
				<time>2020-07-03T10:37:24</time>
			</trkpt>
			<trkpt lat="48.9689499232918" lon="3.034579949453473">
				<ele>91.0</ele>
				<time>2020-07-03T10:37:42</time>
			</trkpt>
			<trkpt lat="48.96869997493923" lon="3.034329917281866">
				<ele>91.0</ele>
				<time>2020-07-03T10:37:47</time>
			</trkpt>
			<trkpt lat="48.968609953299165" lon="3.0342399794608355">
				<ele>90.0</ele>
				<time>2020-07-03T10:37:48</time>
			</trkpt>
			<trkpt lat="48.96856997162104" lon="3.034199997782707">
				<ele>90.0</ele>
				<time>2020-07-03T10:37:49</time>
			</trkpt>
			<trkpt lat="48.96842999383807" lon="3.0340799689292908">
				<ele>90.0</ele>
				<time>2020-07-03T10:37:52</time>
			</trkpt>
			<trkpt lat="48.968069991096854" lon="3.033859943971038">
				<ele>90.0</ele>
				<time>2020-07-03T10:37:58</time>
			</trkpt>
			<trkpt lat="48.967319978401065" lon="3.0335799884051085">
				<ele>90.0</ele>
				<time>2020-07-03T10:38:10</time>
			</trkpt>
			<trkpt lat="48.967019990086555" lon="3.033429952338338">
				<ele>90.0</ele>
				<time>2020-07-03T10:38:15</time>
			</trkpt>
			<trkpt lat="48.96687992848456" lon="3.0333299562335014">
				<ele>90.0</ele>
				<time>2020-07-03T10:38:18</time>
			</trkpt>
			<trkpt lat="48.966699969023466" lon="3.0331099312752485">
				<ele>90.0</ele>
				<time>2020-07-03T10:38:22</time>
			</trkpt>
			<trkpt lat="48.96664992906153" lon="3.033029967918992">
				<ele>90.0</ele>
				<time>2020-07-03T10:38:23</time>
			</trkpt>
			<trkpt lat="48.96651992574334" lon="3.0328199174255133">
				<ele>89.0</ele>
				<time>2020-07-03T10:38:26</time>
			</trkpt>
			<trkpt lat="48.96564996801317" lon="3.031449979171157">
				<ele>86.0</ele>
				<time>2020-07-03T10:38:46</time>
			</trkpt>
			<trkpt lat="48.96535995416343" lon="3.031019987538457">
				<ele>86.0</ele>
				<time>2020-07-03T10:38:52</time>
			</trkpt>
			<trkpt lat="48.965109921991825" lon="3.030609944835305">
				<ele>86.0</ele>
				<time>2020-07-03T10:38:58</time>
			</trkpt>
			<trkpt lat="48.96490992978215" lon="3.0302099604159594">
				<ele>86.0</ele>
				<time>2020-07-03T10:39:03</time>
			</trkpt>
			<trkpt lat="48.96461999975145" lon="3.0295999255031347">
				<ele>86.0</ele>
				<time>2020-07-03T10:39:11</time>
			</trkpt>
			<trkpt lat="48.96453995257616" lon="3.029449973255396">
				<ele>86.0</ele>
				<time>2020-07-03T10:39:13</time>
			</trkpt>
			<trkpt lat="48.9644499309361" lon="3.0293199699372053">
				<ele>86.0</ele>
				<time>2020-07-03T10:39:15</time>
			</trkpt>
			<trkpt lat="48.96423996426165" lon="3.029059963300824">
				<ele>85.0</ele>
				<time>2020-07-03T10:39:20</time>
			</trkpt>
			<trkpt lat="48.96415991708636" lon="3.028989974409342">
				<ele>85.0</ele>
				<time>2020-07-03T10:39:21</time>
			</trkpt>
			<trkpt lat="48.96406997926533" lon="3.0289099272340536">
				<ele>84.0</ele>
				<time>2020-07-03T10:39:23</time>
			</trkpt>
			<trkpt lat="48.963989932090044" lon="3.028829963877797">
				<ele>84.0</ele>
				<time>2020-07-03T10:39:24</time>
			</trkpt>
			<trkpt lat="48.96367996931076" lon="3.0286799278110266">
				<ele>83.0</ele>
				<time>2020-07-03T10:39:30</time>
			</trkpt>
			<trkpt lat="48.96333999931812" lon="3.02859996445477">
				<ele>82.0</ele>
				<time>2020-07-03T10:39:35</time>
			</trkpt>
			<trkpt lat="48.962959963828325" lon="3.028559982776642">
				<ele>81.0</ele>
				<time>2020-07-03T10:39:41</time>
			</trkpt>
			<trkpt lat="48.96289994940162" lon="3.028549924492836">
				<ele>81.0</ele>
				<time>2020-07-03T10:39:42</time>
			</trkpt>
			<trkpt lat="48.96190996281803" lon="3.0284699611365795">
				<ele>74.0</ele>
				<time>2020-07-03T10:39:58</time>
			</trkpt>
			<trkpt lat="48.96128995344043" lon="3.0284199211746454">
				<ele>70.0</ele>
				<time>2020-07-03T10:40:08</time>
			</trkpt>
			<trkpt lat="48.96118995733559" lon="3.0284199211746454">
				<ele>69.0</ele>
				<time>2020-07-03T10:40:10</time>
			</trkpt>
			<trkpt lat="48.96094998344779" lon="3.0284099467098713">
				<ele>68.0</ele>
				<time>2020-07-03T10:40:13</time>
			</trkpt>
			<trkpt lat="48.96070992574096" lon="3.0284399539232254">
				<ele>67.0</ele>
				<time>2020-07-03T10:40:17</time>
			</trkpt>
			<trkpt lat="48.96051999181509" lon="3.0285099428147078">
				<ele>66.0</ele>
				<time>2020-07-03T10:40:20</time>
			</trkpt>
			<trkpt lat="48.960489984601736" lon="3.028519917279482">
				<ele>66.0</ele>
				<time>2020-07-03T10:40:21</time>
			</trkpt>
			<trkpt lat="48.95993996411562" lon="3.028789982199669">
				<ele>65.0</ele>
				<time>2020-07-03T10:40:30</time>
			</trkpt>
			<trkpt lat="48.959799986332655" lon="3.028849996626377">
				<ele>64.0</ele>
				<time>2020-07-03T10:40:32</time>
			</trkpt>
			<trkpt lat="48.95973997190595" lon="3.0288699455559254">
				<ele>64.0</ele>
				<time>2020-07-03T10:40:33</time>
			</trkpt>
			<trkpt lat="48.959669983014464" lon="3.0288799200206995">
				<ele>64.0</ele>
				<time>2020-07-03T10:40:35</time>
			</trkpt>
			<trkpt lat="48.959589935839176" lon="3.0288699455559254">
				<ele>64.0</ele>
				<time>2020-07-03T10:40:36</time>
			</trkpt>
			<trkpt lat="48.959539979696274" lon="3.028849996626377">
				<ele>63.0</ele>
				<time>2020-07-03T10:40:37</time>
			</trkpt>
			<trkpt lat="48.959459932520986" lon="3.028809931129217">
				<ele>63.0</ele>
				<time>2020-07-03T10:40:38</time>
			</trkpt>
			<trkpt lat="48.95940997637808" lon="3.0287599749863148">
				<ele>63.0</ele>
				<time>2020-07-03T10:40:39</time>
			</trkpt>
			<trkpt lat="48.95926999859512" lon="3.028569957241416">
				<ele>62.0</ele>
				<time>2020-07-03T10:40:42</time>
			</trkpt>
			<trkpt lat="48.959179976955056" lon="3.0284199211746454">
				<ele>61.0</ele>
				<time>2020-07-03T10:40:44</time>
			</trkpt>
			<trkpt lat="48.959109988063574" lon="3.0282999761402607">
				<ele>61.0</ele>
				<time>2020-07-03T10:40:46</time>
			</trkpt>
			<trkpt lat="48.959049973636866" lon="3.0281999800354242">
				<ele>61.0</ele>
				<time>2020-07-03T10:40:47</time>
			</trkpt>
			<trkpt lat="48.95896992646158" lon="3.0280299950391054">
				<ele>60.0</ele>
				<time>2020-07-03T10:40:49</time>
			</trkpt>
			<trkpt lat="48.95894997753203" lon="3.027939973399043">
				<ele>60.0</ele>
				<time>2020-07-03T10:40:50</time>
			</trkpt>
			<trkpt lat="48.95887998864055" lon="3.0276199523359537">
				<ele>59.0</ele>
				<time>2020-07-03T10:40:54</time>
			</trkpt>
			<trkpt lat="48.958789967000484" lon="3.027239916846156">
				<ele>59.0</ele>
				<time>2020-07-03T10:40:58</time>
			</trkpt>
			<trkpt lat="48.958749985322356" lon="3.0271399207413197">
				<ele>59.0</ele>
				<time>2020-07-03T10:40:59</time>
			</trkpt>
			<trkpt lat="48.958709919825196" lon="3.027039924636483">
				<ele>59.0</ele>
				<time>2020-07-03T10:41:01</time>
			</trkpt>
			<trkpt lat="48.958679996430874" lon="3.0269799940288067">
				<ele>59.0</ele>
				<time>2020-07-03T10:41:02</time>
			</trkpt>
			<trkpt lat="48.958679996430874" lon="3.0269599612802267">
				<ele>59.0</ele>
				<time>2020-07-03T10:41:02</time>
			</trkpt>
			<trkpt lat="48.95868997089565" lon="3.0269399285316467">
				<ele>59.0</ele>
				<time>2020-07-03T10:41:02</time>
			</trkpt>
			<trkpt lat="48.95869994536042" lon="3.0269199796020985">
				<ele>59.0</ele>
				<time>2020-07-03T10:41:02</time>
			</trkpt>
			<trkpt lat="48.95869994536042" lon="3.0268899723887444">
				<ele>59.0</ele>
				<time>2020-07-03T10:41:03</time>
			</trkpt>
			<trkpt lat="48.95869994536042" lon="3.0268699396401644">
				<ele>59.0</ele>
				<time>2020-07-03T10:41:03</time>
			</trkpt>
			<trkpt lat="48.95868997089565" lon="3.026849990710616">
				<ele>59.0</ele>
				<time>2020-07-03T10:41:03</time>
			</trkpt>
			<trkpt lat="48.95868997089565" lon="3.026829957962036">
				<ele>59.0</ele>
				<time>2020-07-03T10:41:03</time>
			</trkpt>
			<trkpt lat="48.958679996430874" lon="3.026809925213456">
				<ele>59.0</ele>
				<time>2020-07-03T10:41:04</time>
			</trkpt>
			<trkpt lat="48.958659963682294" lon="3.026789976283908">
				<ele>59.0</ele>
				<time>2020-07-03T10:41:04</time>
			</trkpt>
			<trkpt lat="48.95864998921752" lon="3.026779918000102">
				<ele>59.0</ele>
				<time>2020-07-03T10:41:04</time>
			</trkpt>
			<trkpt lat="48.958639930933714" lon="3.026769943535328">
				<ele>59.0</ele>
				<time>2020-07-03T10:41:04</time>
			</trkpt>
			<trkpt lat="48.958619982004166" lon="3.026769943535328">
				<ele>59.0</ele>
				<time>2020-07-03T10:41:05</time>
			</trkpt>
			<trkpt lat="48.958599949255586" lon="3.026769943535328">
				<ele>59.0</ele>
				<time>2020-07-03T10:41:05</time>
			</trkpt>
			<trkpt lat="48.95858997479081" lon="3.026779918000102">
				<ele>59.0</ele>
				<time>2020-07-03T10:41:05</time>
			</trkpt>
			<trkpt lat="48.958579916507006" lon="3.026789976283908">
				<ele>58.0</ele>
				<time>2020-07-03T10:41:05</time>
			</trkpt>
			<trkpt lat="48.95855996757746" lon="3.026809925213456">
				<ele>58.0</ele>
				<time>2020-07-03T10:41:06</time>
			</trkpt>
			<trkpt lat="48.95850992761552" lon="3.0266599729657173">
				<ele>58.0</ele>
				<time>2020-07-03T10:41:07</time>
			</trkpt>
			<trkpt lat="48.958489978685975" lon="3.026569951325655">
				<ele>58.0</ele>
				<time>2020-07-03T10:41:08</time>
			</trkpt>
			<trkpt lat="48.95844999700785" lon="3.0262799374759197">
				<ele>59.0</ele>
				<time>2020-07-03T10:41:12</time>
			</trkpt>
			<trkpt lat="48.958229972049594" lon="3.024809919297695">
				<ele>57.0</ele>
				<time>2020-07-03T10:41:27</time>
			</trkpt>
			<trkpt lat="48.95817993208766" lon="3.024339945986867">
				<ele>58.0</ele>
				<time>2020-07-03T10:41:32</time>
			</trkpt>
			<trkpt lat="48.95815998315811" lon="3.024119921028614">
				<ele>57.0</ele>
				<time>2020-07-03T10:41:35</time>
			</trkpt>
			<trkpt lat="48.95811991766095" lon="3.023929987102747">
				<ele>57.0</ele>
				<time>2020-07-03T10:41:37</time>
			</trkpt>
			<trkpt lat="48.95806996151805" lon="3.0236399732530117">
				<ele>56.0</ele>
				<time>2020-07-03T10:41:40</time>
			</trkpt>
			<trkpt lat="48.95802997983992" lon="3.023449955508113">
				<ele>56.0</ele>
				<time>2020-07-03T10:41:42</time>
			</trkpt>
			<trkpt lat="48.957909950986505" lon="3.022989956662059">
				<ele>56.0</ele>
				<time>2020-07-03T10:41:47</time>
			</trkpt>
			<trkpt lat="48.95776997320354" lon="3.0225299578160048">
				<ele>56.0</ele>
				<time>2020-07-03T10:41:53</time>
			</trkpt>
			<trkpt lat="48.95763996988535" lon="3.0221999622881413">
				<ele>56.0</ele>
				<time>2020-07-03T10:41:57</time>
			</trkpt>
			<trkpt lat="48.95754994824529" lon="3.0219999700784683">
				<ele>56.0</ele>
				<time>2020-07-03T10:41:59</time>
			</trkpt>
			<trkpt lat="48.95744995214045" lon="3.0217899195849895">
				<ele>55.0</ele>
				<time>2020-07-03T10:42:02</time>
			</trkpt>
			<trkpt lat="48.95737996324897" lon="3.0215999856591225">
				<ele>55.0</ele>
				<time>2020-07-03T10:42:04</time>
			</trkpt>
			<trkpt lat="48.95725993439555" lon="3.0211699940264225">
				<ele>55.0</ele>
				<time>2020-07-03T10:42:09</time>
			</trkpt>
			<trkpt lat="48.95710998214781" lon="3.020539926365018">
				<ele>55.0</ele>
				<time>2020-07-03T10:42:16</time>
			</trkpt>
			<trkpt lat="48.95707997493446" lon="3.020359966903925">
				<ele>55.0</ele>
				<time>2020-07-03T10:42:18</time>
			</trkpt>
			<trkpt lat="48.95705994218588" lon="3.020169949159026">
				<ele>55.0</ele>
				<time>2020-07-03T10:42:20</time>
			</trkpt>
			<trkpt lat="48.957029934972525" lon="3.0196399614214897">
				<ele>54.0</ele>
				<time>2020-07-03T10:42:26</time>
			</trkpt>
			<trkpt lat="48.957009986042976" lon="3.0193699803203344">
				<ele>54.0</ele>
				<time>2020-07-03T10:42:29</time>
			</trkpt>
			<trkpt lat="48.95695994608104" lon="3.019099999219179">
				<ele>54.0</ele>
				<time>2020-07-03T10:42:32</time>
			</trkpt>
			<trkpt lat="48.95690998993814" lon="3.018819959834218">
				<ele>54.0</ele>
				<time>2020-07-03T10:42:35</time>
			</trkpt>
			<trkpt lat="48.956839917227626" lon="3.0182699393481016">
				<ele>54.0</ele>
				<time>2020-07-03T10:42:41</time>
			</trkpt>
			<trkpt lat="48.95682994276285" lon="3.018129961565137">
				<ele>54.0</ele>
				<time>2020-07-03T10:42:42</time>
			</trkpt>
			<trkpt lat="48.95645996555686" lon="3.0181799177080393">
				<ele>53.0</ele>
				<time>2020-07-03T10:42:48</time>
			</trkpt>
			<trkpt lat="48.95604992285371" lon="3.0182599648833275">
				<ele>53.0</ele>
				<time>2020-07-03T10:42:55</time>
			</trkpt>
			<trkpt lat="48.95577994175255" lon="3.0182999465614557">
				<ele>53.0</ele>
				<time>2020-07-03T10:42:59</time>
			</trkpt>
			<trkpt lat="48.955609956756234" lon="3.01834998652339">
				<ele>53.0</ele>
				<time>2020-07-03T10:43:02</time>
			</trkpt>
			<trkpt lat="48.95553996786475" lon="3.018369935452938">
				<ele>53.0</ele>
				<time>2020-07-03T10:43:03</time>
			</trkpt>
			<trkpt lat="48.95525992847979" lon="3.0185199715197086">
				<ele>53.0</ele>
				<time>2020-07-03T10:43:08</time>
			</trkpt>
			<trkpt lat="48.955159932374954" lon="3.018569927662611">
				<ele>53.0</ele>
				<time>2020-07-03T10:43:09</time>
			</trkpt>
			<trkpt lat="48.95489992573857" lon="3.0187099892646074">
				<ele>53.0</ele>
				<time>2020-07-03T10:43:14</time>
			</trkpt>
			<trkpt lat="48.954619970172644" lon="3.0188599415123463">
				<ele>54.0</ele>
				<time>2020-07-03T10:43:18</time>
			</trkpt>
			<trkpt lat="48.9544599596411" lon="3.0189399886876345">
				<ele>54.0</ele>
				<time>2020-07-03T10:43:21</time>
			</trkpt>
			<trkpt lat="48.954299949109554" lon="3.019019952043891">
				<ele>54.0</ele>
				<time>2020-07-03T10:43:24</time>
			</trkpt>
			<trkpt lat="48.954129964113235" lon="3.019079966470599">
				<ele>54.0</ele>
				<time>2020-07-03T10:43:27</time>
			</trkpt>
			<trkpt lat="48.95408998243511" lon="3.019099999219179">
				<ele>53.0</ele>
				<time>2020-07-03T10:43:27</time>
			</trkpt>
			<trkpt lat="48.95395997911692" lon="3.0191299226135015">
				<ele>53.0</ele>
				<time>2020-07-03T10:43:29</time>
			</trkpt>
			<trkpt lat="48.95349998027086" lon="3.0191899370402098">
				<ele>51.0</ele>
				<time>2020-07-03T10:43:37</time>
			</trkpt>
			<trkpt lat="48.95315992645919" lon="3.0192099697887897">
				<ele>51.0</ele>
				<time>2020-07-03T10:43:42</time>
			</trkpt>
			<trkpt lat="48.95277997478843" lon="3.0191799625754356">
				<ele>52.0</ele>
				<time>2020-07-03T10:43:48</time>
			</trkpt>
			<trkpt lat="48.95221997983754" lon="3.019099999219179">
				<ele>53.0</ele>
				<time>2020-07-03T10:43:57</time>
			</trkpt>
			<trkpt lat="48.951979922130704" lon="3.019069992005825">
				<ele>54.0</ele>
				<time>2020-07-03T10:44:01</time>
			</trkpt>
			<trkpt lat="48.95175998099148" lon="3.019029926508665">
				<ele>54.0</ele>
				<time>2020-07-03T10:44:05</time>
			</trkpt>
			<trkpt lat="48.95133996382356" lon="3.018999919295311">
				<ele>57.0</ele>
				<time>2020-07-03T10:44:11</time>
			</trkpt>
			<trkpt lat="48.95128992386162" lon="3.018989944830537">
				<ele>57.0</ele>
				<time>2020-07-03T10:44:12</time>
			</trkpt>
			<trkpt lat="48.951189927756786" lon="3.0189699959009886">
				<ele>57.0</ele>
				<time>2020-07-03T10:44:14</time>
			</trkpt>
			<trkpt lat="48.951119938865304" lon="3.0189799703657627">
				<ele>58.0</ele>
				<time>2020-07-03T10:44:15</time>
			</trkpt>
			<trkpt lat="48.951099989935756" lon="3.0189799703657627">
				<ele>58.0</ele>
				<time>2020-07-03T10:44:15</time>
			</trkpt>
			<trkpt lat="48.95108993165195" lon="3.018989944830537">
				<ele>58.0</ele>
				<time>2020-07-03T10:44:16</time>
			</trkpt>
			<trkpt lat="48.95093997940421" lon="3.019059933722019">
				<ele>61.0</ele>
				<time>2020-07-03T10:44:18</time>
			</trkpt>
			<trkpt lat="48.95073998719454" lon="3.0191499553620815">
				<ele>65.0</ele>
				<time>2020-07-03T10:44:21</time>
			</trkpt>
			<trkpt lat="48.95046992227435" lon="3.019219944253564">
				<ele>71.0</ele>
				<time>2020-07-03T10:44:26</time>
			</trkpt>
			<trkpt lat="48.95041996613145" lon="3.0191799625754356">
				<ele>72.0</ele>
				<time>2020-07-03T10:44:27</time>
			</trkpt>
			<trkpt lat="48.950349977239966" lon="3.0191399808973074">
				<ele>73.0</ele>
				<time>2020-07-03T10:44:28</time>
			</trkpt>
			<trkpt lat="48.95028996281326" lon="3.019069992005825">
				<ele>74.0</ele>
				<time>2020-07-03T10:44:29</time>
			</trkpt>
			<trkpt lat="48.95022994838655" lon="3.018989944830537">
				<ele>75.0</ele>
				<time>2020-07-03T10:44:30</time>
			</trkpt>
			<trkpt lat="48.95017999224365" lon="3.0188999231904745">
				<ele>76.0</ele>
				<time>2020-07-03T10:44:32</time>
			</trkpt>
			<trkpt lat="48.95014998503029" lon="3.018819959834218">
				<ele>76.0</ele>
				<time>2020-07-03T10:44:33</time>
			</trkpt>
			<trkpt lat="48.95013992674649" lon="3.0187499709427357">
				<ele>76.0</ele>
				<time>2020-07-03T10:44:33</time>
			</trkpt>
			<trkpt lat="48.95012995228171" lon="3.0186799820512533">
				<ele>76.0</ele>
				<time>2020-07-03T10:44:34</time>
			</trkpt>
			<trkpt lat="48.95012995228171" lon="3.0186299420893192">
				<ele>76.0</ele>
				<time>2020-07-03T10:44:35</time>
			</trkpt>
			<trkpt lat="48.95007999613881" lon="3.018169943243265">
				<ele>74.0</ele>
				<time>2020-07-03T10:44:40</time>
			</trkpt>
			<trkpt lat="48.950069937855005" lon="3.018099954351783">
				<ele>73.0</ele>
				<time>2020-07-03T10:44:40</time>
			</trkpt>
			<trkpt lat="48.95004998892546" lon="3.0180399399250746">
				<ele>73.0</ele>
				<time>2020-07-03T10:44:41</time>
			</trkpt>
			<trkpt lat="48.9500099234283" lon="3.0179699510335922">
				<ele>73.0</ele>
				<time>2020-07-03T10:44:42</time>
			</trkpt>
			<trkpt lat="48.94996994175017" lon="3.01789996214211">
				<ele>73.0</ele>
				<time>2020-07-03T10:44:43</time>
			</trkpt>
			<trkpt lat="48.949919985607266" lon="3.0178399477154016">
				<ele>73.0</ele>
				<time>2020-07-03T10:44:44</time>
			</trkpt>
			<trkpt lat="48.949849996715784" lon="3.0177699588239193">
				<ele>74.0</ele>
				<time>2020-07-03T10:44:45</time>
			</trkpt>
			<trkpt lat="48.94977992400527" lon="3.017729977145791">
				<ele>74.0</ele>
				<time>2020-07-03T10:44:46</time>
			</trkpt>
			<trkpt lat="48.94966995343566" lon="3.017679937183857">
				<ele>76.0</ele>
				<time>2020-07-03T10:44:48</time>
			</trkpt>
			<trkpt lat="48.9495899900794" lon="3.0176399555057287">
				<ele>77.0</ele>
				<time>2020-07-03T10:44:50</time>
			</trkpt>
			<trkpt lat="48.94923996180296" lon="3.0175699666142464">
				<ele>81.0</ele>
				<time>2020-07-03T10:44:55</time>
			</trkpt>
			<trkpt lat="48.948819944635034" lon="3.0174599960446358">
				<ele>85.0</ele>
				<time>2020-07-03T10:45:02</time>
			</trkpt>
			<trkpt lat="48.94839992746711" lon="3.017309959977865">
				<ele>89.0</ele>
				<time>2020-07-03T10:45:09</time>
			</trkpt>
			<trkpt lat="48.948089964687824" lon="3.017239971086383">
				<ele>93.0</ele>
				<time>2020-07-03T10:45:14</time>
			</trkpt>
			<trkpt lat="48.94775996915996" lon="3.0171999894082546">
				<ele>98.0</ele>
				<time>2020-07-03T10:45:19</time>
			</trkpt>
			<trkpt lat="48.947169966995716" lon="3.0171799566596746">
				<ele>107.0</ele>
				<time>2020-07-03T10:45:29</time>
			</trkpt>
			<trkpt lat="48.947079945355654" lon="3.0171699821949005">
				<ele>108.0</ele>
				<time>2020-07-03T10:45:30</time>
			</trkpt>
			<trkpt lat="48.94700995646417" lon="3.0171399749815464">
				<ele>109.0</ele>
				<time>2020-07-03T10:45:31</time>
			</trkpt>
			<trkpt lat="48.94694994203746" lon="3.0170899350196123">
				<ele>109.0</ele>
				<time>2020-07-03T10:45:33</time>
			</trkpt>
			<trkpt lat="48.94689998589456" lon="3.0169999971985817">
				<ele>109.0</ele>
				<time>2020-07-03T10:45:34</time>
			</trkpt>
			<trkpt lat="48.9468599203974" lon="3.0169199500232935">
				<ele>108.0</ele>
				<time>2020-07-03T10:45:35</time>
			</trkpt>
			<trkpt lat="48.94683997146785" lon="3.016829928383231">
				<ele>108.0</ele>
				<time>2020-07-03T10:45:36</time>
			</trkpt>
			<trkpt lat="48.94682999700308" lon="3.0167299322783947">
				<ele>107.0</ele>
				<time>2020-07-03T10:45:37</time>
			</trkpt>
			<trkpt lat="48.94683997146785" lon="3.0165399983525276">
				<ele>107.0</ele>
				<time>2020-07-03T10:45:39</time>
			</trkpt>
			<trkpt lat="48.94682999700308" lon="3.016329947859049">
				<ele>106.0</ele>
				<time>2020-07-03T10:45:41</time>
			</trkpt>
			<trkpt lat="48.94681993871927" lon="3.0162699334323406">
				<ele>106.0</ele>
				<time>2020-07-03T10:45:42</time>
			</trkpt>
			<trkpt lat="48.946799989789724" lon="3.0162099190056324">
				<ele>106.0</ele>
				<time>2020-07-03T10:45:42</time>
			</trkpt>
			<trkpt lat="48.946779957041144" lon="3.016169937327504">
				<ele>106.0</ele>
				<time>2020-07-03T10:45:43</time>
			</trkpt>
			<trkpt lat="48.946759924292564" lon="3.016129955649376">
				<ele>107.0</ele>
				<time>2020-07-03T10:45:44</time>
			</trkpt>
			<trkpt lat="48.946329932659864" lon="3.0157499201595783">
				<ele>110.0</ele>
				<time>2020-07-03T10:45:51</time>
			</trkpt>
			<trkpt lat="48.94625994376838" lon="3.015679931268096">
				<ele>111.0</ele>
				<time>2020-07-03T10:45:53</time>
			</trkpt>
			<trkpt lat="48.94611996598542" lon="3.015459990128875">
				<ele>112.0</ele>
				<time>2020-07-03T10:45:56</time>
			</trkpt>
			<trkpt lat="48.9459499809891" lon="3.0152299907058477">
				<ele>112.0</ele>
				<time>2020-07-03T10:46:00</time>
			</trkpt>
			<trkpt lat="48.945709923282266" lon="3.0149999912828207">
				<ele>113.0</ele>
				<time>2020-07-03T10:46:04</time>
			</trkpt>
			<trkpt lat="48.945429967716336" lon="3.0147699918597937">
				<ele>114.0</ele>
				<time>2020-07-03T10:46:09</time>
			</trkpt>
			<trkpt lat="48.94528998993337" lon="3.014669995754957">
				<ele>114.0</ele>
				<time>2020-07-03T10:46:12</time>
			</trkpt>
			<trkpt lat="48.94517993554473" lon="3.014609981328249">
				<ele>115.0</ele>
				<time>2020-07-03T10:46:14</time>
			</trkpt>
			<trkpt lat="48.94474994391203" lon="3.0144299380481243">
				<ele>115.0</ele>
				<time>2020-07-03T10:46:21</time>
			</trkpt>
			<trkpt lat="48.9447099622339" lon="3.014409989118576">
				<ele>115.0</ele>
				<time>2020-07-03T10:46:21</time>
			</trkpt>
			<trkpt lat="48.94465992227197" lon="3.014379981905222">
				<ele>115.0</ele>
				<time>2020-07-03T10:46:22</time>
			</trkpt>
			<trkpt lat="48.944609966129065" lon="3.014339916408062">
				<ele>115.0</ele>
				<time>2020-07-03T10:46:23</time>
			</trkpt>
			<trkpt lat="48.94457995891571" lon="3.0142999347299337">
				<ele>115.0</ele>
				<time>2020-07-03T10:46:24</time>
			</trkpt>
			<trkpt lat="48.944549951702356" lon="3.0142499785870314">
				<ele>115.0</ele>
				<time>2020-07-03T10:46:25</time>
			</trkpt>
			<trkpt lat="48.944519944489" lon="3.0141999386250973">
				<ele>116.0</ele>
				<time>2020-07-03T10:46:25</time>
			</trkpt>
			<trkpt lat="48.944499995559454" lon="3.014149982482195">
				<ele>116.0</ele>
				<time>2020-07-03T10:46:26</time>
			</trkpt>
			<trkpt lat="48.944479962810874" lon="3.0140899680554867">
				<ele>116.0</ele>
				<time>2020-07-03T10:46:27</time>
			</trkpt>
			<trkpt lat="48.9444699883461" lon="3.0140099208801985">
				<ele>116.0</ele>
				<time>2020-07-03T10:46:27</time>
			</trkpt>
			<trkpt lat="48.94439999945462" lon="3.0129799526184797">
				<ele>121.0</ele>
				<time>2020-07-03T10:46:38</time>
			</trkpt>
			<trkpt lat="48.94436999224126" lon="3.012809967622161">
				<ele>122.0</ele>
				<time>2020-07-03T10:46:40</time>
			</trkpt>
			<trkpt lat="48.94435993395746" lon="3.0127499531954527">
				<ele>123.0</ele>
				<time>2020-07-03T10:46:41</time>
			</trkpt>
			<trkpt lat="48.94434995949268" lon="3.0126999970525503">
				<ele>123.0</ele>
				<time>2020-07-03T10:46:41</time>
			</trkpt>
			<trkpt lat="48.94431995227933" lon="3.0126299243420362">
				<ele>124.0</ele>
				<time>2020-07-03T10:46:42</time>
			</trkpt>
			<trkpt lat="48.94429991953075" lon="3.012579968199134">
				<ele>124.0</ele>
				<time>2020-07-03T10:46:43</time>
			</trkpt>
			<trkpt lat="48.9442799706012" lon="3.0125299282372">
				<ele>125.0</ele>
				<time>2020-07-03T10:46:44</time>
			</trkpt>
			<trkpt lat="48.94424996338785" lon="3.0124999210238457">
				<ele>125.0</ele>
				<time>2020-07-03T10:46:44</time>
			</trkpt>
			<trkpt lat="48.94420998170972" lon="3.012439990416169">
				<ele>126.0</ele>
				<time>2020-07-03T10:46:45</time>
			</trkpt>
			<trkpt lat="48.94422993063927" lon="3.0120599549263716">
				<ele>130.0</ele>
				<time>2020-07-03T10:46:49</time>
			</trkpt>
			<trkpt lat="48.94422993063927" lon="3.011729959398508">
				<ele>133.0</ele>
				<time>2020-07-03T10:46:52</time>
			</trkpt>
			<trkpt lat="48.94423998892307" lon="3.0115699488669634">
				<ele>134.0</ele>
				<time>2020-07-03T10:46:54</time>
			</trkpt>
			<trkpt lat="48.94425993785262" lon="3.0113799311220646">
				<ele>135.0</ele>
				<time>2020-07-03T10:46:56</time>
			</trkpt>
			<trkpt lat="48.94429991953075" lon="3.0109799467027187">
				<ele>136.0</ele>
				<time>2020-07-03T10:47:00</time>
			</trkpt>
			<trkpt lat="48.94431995227933" lon="3.0108599178493023">
				<ele>136.0</ele>
				<time>2020-07-03T10:47:02</time>
			</trkpt>
			<trkpt lat="48.944159941747785" lon="3.0107699800282717">
				<ele>137.0</ele>
				<time>2020-07-03T10:47:04</time>
			</trkpt>
			<trkpt lat="48.94393991678953" lon="3.010589936748147">
				<ele>139.0</ele>
				<time>2020-07-03T10:47:08</time>
			</trkpt>
			<trkpt lat="48.94388996064663" lon="3.010529922321439">
				<ele>139.0</ele>
				<time>2020-07-03T10:47:10</time>
			</trkpt>
			<trkpt lat="48.94349995069206" lon="3.0099699273705482">
				<ele>141.0</ele>
				<time>2020-07-03T10:47:18</time>
			</trkpt>
			<trkpt lat="48.943299958482385" lon="3.009699946269393">
				<ele>141.0</ele>
				<time>2020-07-03T10:47:22</time>
			</trkpt>
			<trkpt lat="48.94348997622728" lon="3.009469946846366">
				<ele>141.0</ele>
				<time>2020-07-03T10:47:26</time>
			</trkpt>
			<trkpt lat="48.9436599612236" lon="3.0091899912804365">
				<ele>141.0</ele>
				<time>2020-07-03T10:47:30</time>
			</trkpt>
			<trkpt lat="48.94393991678953" lon="3.00861993804574">
				<ele>143.0</ele>
				<time>2020-07-03T10:47:38</time>
			</trkpt>
			<trkpt lat="48.94405994564295" lon="3.008329924196005">
				<ele>144.0</ele>
				<time>2020-07-03T10:47:41</time>
			</trkpt>
			<trkpt lat="48.94438994117081" lon="3.007269948720932">
				<ele>150.0</ele>
				<time>2020-07-03T10:47:54</time>
			</trkpt>
			<trkpt lat="48.944569984450936" lon="3.0066799465566874">
				<ele>152.0</ele>
				<time>2020-07-03T10:48:01</time>
			</trkpt>
			<trkpt lat="48.944629998877645" lon="3.0065099615603685">
				<ele>152.0</ele>
				<time>2020-07-03T10:48:03</time>
			</trkpt>
			<trkpt lat="48.94464994780719" lon="3.0064499471336603">
				<ele>152.0</ele>
				<time>2020-07-03T10:48:03</time>
			</trkpt>
			<trkpt lat="48.94465992227197" lon="3.006399990990758">
				<ele>152.0</ele>
				<time>2020-07-03T10:48:04</time>
			</trkpt>
			<trkpt lat="48.94467995502055" lon="3.006329918280244">
				<ele>153.0</ele>
				<time>2020-07-03T10:48:05</time>
			</trkpt>
			<trkpt lat="48.944309977814555" lon="3.00543992780149">
				<ele>155.0</ele>
				<time>2020-07-03T10:48:16</time>
			</trkpt>
			<trkpt lat="48.943109940737486" lon="3.0026499275118113">
				<ele>157.0</ele>
				<time>2020-07-03T10:48:51</time>
			</trkpt>
			<trkpt lat="48.94300994463265" lon="3.00240995362401">
				<ele>158.0</ele>
				<time>2020-07-03T10:48:54</time>
			</trkpt>
			<trkpt lat="48.94289997406304" lon="3.002159921452403">
				<ele>158.0</ele>
				<time>2020-07-03T10:48:57</time>
			</trkpt>
			<trkpt lat="48.94126994535327" lon="2.9983199201524258">
				<ele>166.0</ele>
				<time>2020-07-03T10:49:45</time>
			</trkpt>
			<trkpt lat="48.94072998315096" lon="2.99705995246768">
				<ele>167.0</ele>
				<time>2020-07-03T10:50:01</time>
			</trkpt>
			<trkpt lat="48.940509958192706" lon="2.9965599719434977">
				<ele>168.0</ele>
				<time>2020-07-03T10:50:07</time>
			</trkpt>
			<trkpt lat="48.940399987623096" lon="2.9963599797338247">
				<ele>168.0</ele>
				<time>2020-07-03T10:50:10</time>
			</trkpt>
			<trkpt lat="48.94036998040974" lon="2.9962599836289883">
				<ele>168.0</ele>
				<time>2020-07-03T10:50:11</time>
			</trkpt>
			<trkpt lat="48.94033997319639" lon="2.996159987524152">
				<ele>168.0</ele>
				<time>2020-07-03T10:50:12</time>
			</trkpt>
			<trkpt lat="48.94029999151826" lon="2.9958999808877707">
				<ele>168.0</ele>
				<time>2020-07-03T10:50:15</time>
			</trkpt>
			<trkpt lat="48.94015992991626" lon="2.9949699249118567">
				<ele>167.0</ele>
				<time>2020-07-03T10:50:25</time>
			</trkpt>
			<trkpt lat="48.939969995990396" lon="2.9933299217373133">
				<ele>166.0</ele>
				<time>2020-07-03T10:50:43</time>
			</trkpt>
			<trkpt lat="48.939929930493236" lon="2.993119955062866">
				<ele>166.0</ele>
				<time>2020-07-03T10:50:45</time>
			</trkpt>
			<trkpt lat="48.93991995602846" lon="2.9929899517446756">
				<ele>166.0</ele>
				<time>2020-07-03T10:50:46</time>
			</trkpt>
			<trkpt lat="48.939929930493236" lon="2.992839999496937">
				<ele>166.0</ele>
				<time>2020-07-03T10:50:48</time>
			</trkpt>
			<trkpt lat="48.939969995990396" lon="2.992459964007139">
				<ele>165.0</ele>
				<time>2020-07-03T10:50:52</time>
			</trkpt>
			<trkpt lat="48.94015992991626" lon="2.9907799791544676">
				<ele>159.0</ele>
				<time>2020-07-03T10:51:10</time>
			</trkpt>
			<trkpt lat="48.940229918807745" lon="2.990219984203577">
				<ele>160.0</ele>
				<time>2020-07-03T10:51:16</time>
			</trkpt>
			<trkpt lat="48.940399987623096" lon="2.9891499504446983">
				<ele>163.0</ele>
				<time>2020-07-03T10:51:27</time>
			</trkpt>
			<trkpt lat="48.94060995429754" lon="2.988189971074462">
				<ele>163.0</ele>
				<time>2020-07-03T10:51:38</time>
			</trkpt>
			<trkpt lat="48.94073995761573" lon="2.9875799361616373">
				<ele>163.0</ele>
				<time>2020-07-03T10:51:45</time>
			</trkpt>
			<trkpt lat="48.94085998646915" lon="2.987049948424101">
				<ele>164.0</ele>
				<time>2020-07-03T10:51:51</time>
			</trkpt>
			<trkpt lat="48.94098998978734" lon="2.9865599423646927">
				<ele>165.0</ele>
				<time>2020-07-03T10:51:56</time>
			</trkpt>
			<trkpt lat="48.94122996367514" lon="2.9856799263507128">
				<ele>164.0</ele>
				<time>2020-07-03T10:52:06</time>
			</trkpt>
			<trkpt lat="48.941409923136234" lon="2.984869983047247">
				<ele>161.0</ele>
				<time>2020-07-03T10:52:15</time>
			</trkpt>
			<trkpt lat="48.94151997752488" lon="2.984389951452613">
				<ele>160.0</ele>
				<time>2020-07-03T10:52:21</time>
			</trkpt>
			<trkpt lat="48.94159994088113" lon="2.984019974246621">
				<ele>159.0</ele>
				<time>2020-07-03T10:52:25</time>
			</trkpt>
			<trkpt lat="48.94163992255926" lon="2.9838699381798506">
				<ele>159.0</ele>
				<time>2020-07-03T10:52:26</time>
			</trkpt>
			<trkpt lat="48.94178995862603" lon="2.9832599870860577">
				<ele>157.0</ele>
				<time>2020-07-03T10:52:33</time>
			</trkpt>
			<trkpt lat="48.94184997305274" lon="2.9831199254840612">
				<ele>156.0</ele>
				<time>2020-07-03T10:52:35</time>
			</trkpt>
			<trkpt lat="48.94186992198229" lon="2.983139958232641">
				<ele>156.0</ele>
				<time>2020-07-03T10:52:35</time>
			</trkpt>
			<trkpt lat="48.941879980266094" lon="2.9831499326974154">
				<ele>156.0</ele>
				<time>2020-07-03T10:52:36</time>
			</trkpt>
			<trkpt lat="48.94189992919564" lon="2.983159990981221">
				<ele>156.0</ele>
				<time>2020-07-03T10:52:36</time>
			</trkpt>
			<trkpt lat="48.94191996194422" lon="2.9831499326974154">
				<ele>156.0</ele>
				<time>2020-07-03T10:52:36</time>
			</trkpt>
			<trkpt lat="48.941929936409" lon="2.9831499326974154">
				<ele>156.0</ele>
				<time>2020-07-03T10:52:36</time>
			</trkpt>
			<trkpt lat="48.94194996915758" lon="2.983129983767867">
				<ele>156.0</ele>
				<time>2020-07-03T10:52:37</time>
			</trkpt>
			<trkpt lat="48.94194996915758" lon="2.9831199254840612">
				<ele>156.0</ele>
				<time>2020-07-03T10:52:37</time>
			</trkpt>
			<trkpt lat="48.94195994362235" lon="2.983109951019287">
				<ele>156.0</ele>
				<time>2020-07-03T10:52:37</time>
			</trkpt>
			<trkpt lat="48.941969918087125" lon="2.983079943805933">
				<ele>156.0</ele>
				<time>2020-07-03T10:52:37</time>
			</trkpt>
			<trkpt lat="48.941969918087125" lon="2.983049936592579">
				<ele>156.0</ele>
				<time>2020-07-03T10:52:38</time>
			</trkpt>
			<trkpt lat="48.94195994362235" lon="2.9830199293792248">
				<ele>156.0</ele>
				<time>2020-07-03T10:52:38</time>
			</trkpt>
			<trkpt lat="48.9419399946928" lon="2.9829899221658707">
				<ele>155.0</ele>
				<time>2020-07-03T10:52:39</time>
			</trkpt>
			<trkpt lat="48.941929936409" lon="2.9829799477010965">
				<ele>155.0</ele>
				<time>2020-07-03T10:52:39</time>
			</trkpt>
			<trkpt lat="48.94191996194422" lon="2.9829699732363224">
				<ele>155.0</ele>
				<time>2020-07-03T10:52:39</time>
			</trkpt>
			<trkpt lat="48.94189992919564" lon="2.9829699732363224">
				<ele>155.0</ele>
				<time>2020-07-03T10:52:39</time>
			</trkpt>
			<trkpt lat="48.94190998747945" lon="2.982889926061034">
				<ele>155.0</ele>
				<time>2020-07-03T10:52:40</time>
			</trkpt>
			<trkpt lat="48.941969918087125" lon="2.9827199410647154">
				<ele>154.0</ele>
				<time>2020-07-03T10:52:42</time>
			</trkpt>
			<trkpt lat="48.94202993251383" lon="2.9825599305331707">
				<ele>153.0</ele>
				<time>2020-07-03T10:52:44</time>
			</trkpt>
			<trkpt lat="48.94208994694054" lon="2.982409978285432">
				<ele>152.0</ele>
				<time>2020-07-03T10:52:46</time>
			</trkpt>
			<trkpt lat="48.94221995025873" lon="2.9821299389004707">
				<ele>149.0</ele>
				<time>2020-07-03T10:52:50</time>
			</trkpt>
			<trkpt lat="48.94234995357692" lon="2.9818599577993155">
				<ele>145.0</ele>
				<time>2020-07-03T10:52:53</time>
			</trkpt>
			<trkpt lat="48.94259998574853" lon="2.981359977275133">
				<ele>140.0</ele>
				<time>2020-07-03T10:53:00</time>
			</trkpt>
			<trkpt lat="48.94292998127639" lon="2.980659920722246">
				<ele>132.0</ele>
				<time>2020-07-03T10:53:09</time>
			</trkpt>
			<trkpt lat="48.94324991852045" lon="2.979999929666519">
				<ele>124.0</ele>
				<time>2020-07-03T10:53:17</time>
			</trkpt>
			<trkpt lat="48.94337992183864" lon="2.979759955778718">
				<ele>121.0</ele>
				<time>2020-07-03T10:53:21</time>
			</trkpt>
			<trkpt lat="48.94347991794348" lon="2.979569938033819">
				<ele>118.0</ele>
				<time>2020-07-03T10:53:23</time>
			</trkpt>
			<trkpt lat="48.94375995732844" lon="2.978929979726672">
				<ele>113.0</ele>
				<time>2020-07-03T10:53:31</time>
			</trkpt>
			<trkpt lat="48.944139992818236" lon="2.9781699925661087">
				<ele>105.0</ele>
				<time>2020-07-03T10:53:41</time>
			</trkpt>
			<trkpt lat="48.9443299267441" lon="2.9778899531811476">
				<ele>102.0</ele>
				<time>2020-07-03T10:53:46</time>
			</trkpt>
			<trkpt lat="48.944529918953776" lon="2.9776599537581205">
				<ele>101.0</ele>
				<time>2020-07-03T10:53:50</time>
			</trkpt>
			<trkpt lat="48.944909954443574" lon="2.977349990978837">
				<ele>101.0</ele>
				<time>2020-07-03T10:53:56</time>
			</trkpt>
			<trkpt lat="48.94496996887028" lon="2.977299951016903">
				<ele>100.0</ele>
				<time>2020-07-03T10:53:58</time>
			</trkpt>
			<trkpt lat="48.945189993828535" lon="2.97711999155581">
				<ele>99.0</ele>
				<time>2020-07-03T10:54:02</time>
			</trkpt>
			<trkpt lat="48.945359978824854" lon="2.9769799299538136">
				<ele>97.0</ele>
				<time>2020-07-03T10:54:05</time>
			</trkpt>
			<trkpt lat="48.94539996050298" lon="2.9769399482756853">
				<ele>97.0</ele>
				<time>2020-07-03T10:54:05</time>
			</trkpt>
			<trkpt lat="48.945469949394464" lon="2.976879933848977">
				<ele>96.0</ele>
				<time>2020-07-03T10:54:07</time>
			</trkpt>
			<trkpt lat="48.94573993049562" lon="2.976679941639304">
				<ele>95.0</ele>
				<time>2020-07-03T10:54:12</time>
			</trkpt>
			<trkpt lat="48.94629992544651" lon="2.976209968328476">
				<ele>90.0</ele>
				<time>2020-07-03T10:54:22</time>
			</trkpt>
			<trkpt lat="48.94670996814966" lon="2.9757999256253242">
				<ele>87.0</ele>
				<time>2020-07-03T10:54:30</time>
			</trkpt>
			<trkpt lat="48.946929993107915" lon="2.975559951737523">
				<ele>84.0</ele>
				<time>2020-07-03T10:54:34</time>
			</trkpt>
			<trkpt lat="48.947079945355654" lon="2.97535995952785">
				<ele>81.0</ele>
				<time>2020-07-03T10:54:37</time>
			</trkpt>
			<trkpt lat="48.94725998863578" lon="2.975099952891469">
				<ele>79.0</ele>
				<time>2020-07-03T10:54:41</time>
			</trkpt>
			<trkpt lat="48.94736995920539" lon="2.974899960681796">
				<ele>78.0</ele>
				<time>2020-07-03T10:54:44</time>
			</trkpt>
			<trkpt lat="48.948109997436404" lon="2.9734399169683456">
				<ele>73.0</ele>
				<time>2020-07-03T10:55:03</time>
			</trkpt>
			<trkpt lat="48.949189921841025" lon="2.971309991553426">
				<ele>65.0</ele>
				<time>2020-07-03T10:55:32</time>
			</trkpt>
			<trkpt lat="48.949509942904115" lon="2.970699956640601">
				<ele>63.0</ele>
				<time>2020-07-03T10:55:40</time>
			</trkpt>
			<trkpt lat="48.95026993006468" lon="2.9691999312490225">
				<ele>60.0</ele>
				<time>2020-07-03T10:56:00</time>
			</trkpt>
			<trkpt lat="48.95033991895616" lon="2.969089960679412">
				<ele>60.0</ele>
				<time>2020-07-03T10:56:01</time>
			</trkpt>
			<trkpt lat="48.950649965554476" lon="2.9685399401932955">
				<ele>60.0</ele>
				<time>2020-07-03T10:56:09</time>
			</trkpt>
			<trkpt lat="48.950819950550795" lon="2.96828999184072">
				<ele>60.0</ele>
				<time>2020-07-03T10:56:13</time>
			</trkpt>
			<trkpt lat="48.95114994607866" lon="2.9678399674594402">
				<ele>60.0</ele>
				<time>2020-07-03T10:56:20</time>
			</trkpt>
			<trkpt lat="48.951269974932075" lon="2.9676999896764755">
				<ele>60.0</ele>
				<time>2020-07-03T10:56:22</time>
			</trkpt>
			<trkpt lat="48.95135999657214" lon="2.967559928074479">
				<ele>60.0</ele>
				<time>2020-07-03T10:56:24</time>
			</trkpt>
			<trkpt lat="48.95143995992839" lon="2.9674399830400944">
				<ele>60.0</ele>
				<time>2020-07-03T10:56:26</time>
			</trkpt>
			<trkpt lat="48.95147994160652" lon="2.967359935864806">
				<ele>60.0</ele>
				<time>2020-07-03T10:56:27</time>
			</trkpt>
			<trkpt lat="48.95153995603323" lon="2.9672399908304214">
				<ele>60.0</ele>
				<time>2020-07-03T10:56:29</time>
			</trkpt>
			<trkpt lat="48.95184991881251" lon="2.966219997033477">
				<ele>59.0</ele>
				<time>2020-07-03T10:56:41</time>
			</trkpt>
			<trkpt lat="48.952129958197474" lon="2.9654999915510416">
				<ele>58.0</ele>
				<time>2020-07-03T10:56:49</time>
			</trkpt>
			<trkpt lat="48.95234998315573" lon="2.964869923889637">
				<ele>59.0</ele>
				<time>2020-07-03T10:56:57</time>
			</trkpt>
			<trkpt lat="48.95250999368727" lon="2.9644199833273888">
				<ele>59.0</ele>
				<time>2020-07-03T10:57:02</time>
			</trkpt>
			<trkpt lat="48.95263999700546" lon="2.963969958946109">
				<ele>59.0</ele>
				<time>2020-07-03T10:57:07</time>
			</trkpt>
			<trkpt lat="48.95264997147024" lon="2.9639299772679806">
				<ele>59.0</ele>
				<time>2020-07-03T10:57:08</time>
			</trkpt>
			<trkpt lat="48.95309999585152" lon="2.962669925764203">
				<ele>57.0</ele>
				<time>2020-07-03T10:57:23</time>
			</trkpt>
			<trkpt lat="48.95365999080241" lon="2.9612799547612667">
				<ele>55.0</ele>
				<time>2020-07-03T10:57:40</time>
			</trkpt>
			<trkpt lat="48.95389996469021" lon="2.9606199637055397">
				<ele>55.0</ele>
				<time>2020-07-03T10:57:48</time>
			</trkpt>
			<trkpt lat="48.95391999743879" lon="2.9605499748140574">
				<ele>55.0</ele>
				<time>2020-07-03T10:57:49</time>
			</trkpt>
			<trkpt lat="48.953979928046465" lon="2.9603399243205786">
				<ele>55.0</ele>
				<time>2020-07-03T10:57:51</time>
			</trkpt>
			<trkpt lat="48.95403994247317" lon="2.9601699393242598">
				<ele>55.0</ele>
				<time>2020-07-03T10:57:53</time>
			</trkpt>
			<trkpt lat="48.95408998243511" lon="2.959979921579361">
				<ele>55.0</ele>
				<time>2020-07-03T10:57:55</time>
			</trkpt>
			<trkpt lat="48.954189978539944" lon="2.9596199188381433">
				<ele>55.0</ele>
				<time>2020-07-03T10:58:00</time>
			</trkpt>
			<trkpt lat="48.954319981858134" lon="2.959119938313961">
				<ele>55.0</ele>
				<time>2020-07-03T10:58:05</time>
			</trkpt>
			<trkpt lat="48.95436993800104" lon="2.958949953317642">
				<ele>55.0</ele>
				<time>2020-07-03T10:58:07</time>
			</trkpt>
			<trkpt lat="48.954409919679165" lon="2.9588499572128057">
				<ele>55.0</ele>
				<time>2020-07-03T10:58:08</time>
			</trkpt>
			<trkpt lat="48.954559955745935" lon="2.9582999367266893">
				<ele>54.0</ele>
				<time>2020-07-03T10:58:15</time>
			</trkpt>
			<trkpt lat="48.954709991812706" lon="2.957819988951087">
				<ele>54.0</ele>
				<time>2020-07-03T10:58:20</time>
			</trkpt>
			<trkpt lat="48.95499992184341" lon="2.956949947401881">
				<ele>53.0</ele>
				<time>2020-07-03T10:58:30</time>
			</trkpt>
			<trkpt lat="48.95536998286843" lon="2.955799950286746">
				<ele>53.0</ele>
				<time>2020-07-03T10:58:44</time>
			</trkpt>
			<trkpt lat="48.9555599167943" lon="2.9552099481225014">
				<ele>53.0</ele>
				<time>2020-07-03T10:58:51</time>
			</trkpt>
			<trkpt lat="48.95561993122101" lon="2.954959999769926">
				<ele>53.0</ele>
				<time>2020-07-03T10:58:54</time>
			</trkpt>
			<trkpt lat="48.95570995286107" lon="2.9545299243181944">
				<ele>54.0</ele>
				<time>2020-07-03T10:58:58</time>
			</trkpt>
			<trkpt lat="48.95577994175255" lon="2.9541299398988485">
				<ele>54.0</ele>
				<time>2020-07-03T10:59:03</time>
			</trkpt>
			<trkpt lat="48.95606995560229" lon="2.95266998000443">
				<ele>54.0</ele>
				<time>2020-07-03T10:59:19</time>
			</trkpt>
			<trkpt lat="48.95628998056054" lon="2.951369946822524">
				<ele>56.0</ele>
				<time>2020-07-03T10:59:33</time>
			</trkpt>
			<trkpt lat="48.95628998056054" lon="2.951369695365429">
				<ele>56.0</ele>
				<time>2020-07-03T10:59:33</time>
			</trkpt>
			<trkpt lat="48.95637991838157" lon="2.950969962403178">
				<ele>56.0</ele>
				<time>2020-07-03T10:59:37</time>
			</trkpt>
			<trkpt lat="48.95641998387873" lon="2.950759995728731">
				<ele>57.0</ele>
				<time>2020-07-03T10:59:40</time>
			</trkpt>
			<trkpt lat="48.95649994723499" lon="2.9503299202769995">
				<ele>57.0</ele>
				<time>2020-07-03T10:59:44</time>
			</trkpt>
			<trkpt lat="48.95653992891312" lon="2.9501199536025524">
				<ele>57.0</ele>
				<time>2020-07-03T10:59:47</time>
			</trkpt>
			<trkpt lat="48.95666993223131" lon="2.949419980868697">
				<ele>56.0</ele>
				<time>2020-07-03T10:59:54</time>
			</trkpt>
			<trkpt lat="48.95686992444098" lon="2.9485999792814255">
				<ele>58.0</ele>
				<time>2020-07-03T11:00:03</time>
			</trkpt>
			<trkpt lat="48.956899931654334" lon="2.948499983176589">
				<ele>58.0</ele>
				<time>2020-07-03T11:00:05</time>
			</trkpt>
			<trkpt lat="48.956919964402914" lon="2.9484099615365267">
				<ele>59.0</ele>
				<time>2020-07-03T11:00:06</time>
			</trkpt>
			<trkpt lat="48.956989953294396" lon="2.9481099732220173">
				<ele>59.0</ele>
				<time>2020-07-03T11:00:09</time>
			</trkpt>
			<trkpt lat="48.956989953294396" lon="2.9480899404734373">
				<ele>59.0</ele>
				<time>2020-07-03T11:00:09</time>
			</trkpt>
			<trkpt lat="48.95701996050775" lon="2.9478599410504103">
				<ele>59.0</ele>
				<time>2020-07-03T11:00:12</time>
			</trkpt>
			<trkpt lat="48.95703999325633" lon="2.9476299416273832">
				<ele>59.0</ele>
				<time>2020-07-03T11:00:14</time>
			</trkpt>
			<trkpt lat="48.957049967721105" lon="2.9475199710577726">
				<ele>58.0</ele>
				<time>2020-07-03T11:00:15</time>
			</trkpt>
			<trkpt lat="48.95705994218588" lon="2.9472399316728115">
				<ele>58.0</ele>
				<time>2020-07-03T11:00:18</time>
			</trkpt>
			<trkpt lat="48.95707997493446" lon="2.9469999577850103">
				<ele>58.0</ele>
				<time>2020-07-03T11:00:21</time>
			</trkpt>
			<trkpt lat="48.95710998214781" lon="2.9468099400401115">
				<ele>58.0</ele>
				<time>2020-07-03T11:00:23</time>
			</trkpt>
			<trkpt lat="48.95708994939923" lon="2.946739951148629">
				<ele>57.0</ele>
				<time>2020-07-03T11:00:24</time>
			</trkpt>
			<trkpt lat="48.95707997493446" lon="2.946679936721921">
				<ele>57.0</ele>
				<time>2020-07-03T11:00:24</time>
			</trkpt>
			<trkpt lat="48.95705994218588" lon="2.9466099478304386">
				<ele>57.0</ele>
				<time>2020-07-03T11:00:25</time>
			</trkpt>
			<trkpt lat="48.957049967721105" lon="2.9465599916875362">
				<ele>57.0</ele>
				<time>2020-07-03T11:00:26</time>
			</trkpt>
			<trkpt lat="48.95701996050775" lon="2.946449937298894">
				<ele>56.0</ele>
				<time>2020-07-03T11:00:27</time>
			</trkpt>
			<trkpt lat="48.956939997151494" lon="2.946249945089221">
				<ele>56.0</ele>
				<time>2020-07-03T11:00:29</time>
			</trkpt>
			<trkpt lat="48.956879982724786" lon="2.946099992841482">
				<ele>55.0</ele>
				<time>2020-07-03T11:00:31</time>
			</trkpt>
			<trkpt lat="48.956839917227626" lon="2.94600997120142">
				<ele>55.0</ele>
				<time>2020-07-03T11:00:32</time>
			</trkpt>
			<trkpt lat="48.956729946658015" lon="2.9458599351346493">
				<ele>55.0</ele>
				<time>2020-07-03T11:00:35</time>
			</trkpt>
			<trkpt lat="48.95663992501795" lon="2.945789946243167">
				<ele>55.0</ele>
				<time>2020-07-03T11:00:36</time>
			</trkpt>
			<trkpt lat="48.955979933962226" lon="2.9453099984675646">
				<ele>55.0</ele>
				<time>2020-07-03T11:00:48</time>
			</trkpt>
			<trkpt lat="48.95582998171449" lon="2.9452099185436964">
				<ele>55.0</ele>
				<time>2020-07-03T11:00:51</time>
			</trkpt>
			<trkpt lat="48.955419939011335" lon="2.944939937442541">
				<ele>55.0</ele>
				<time>2020-07-03T11:00:58</time>
			</trkpt>
			<trkpt lat="48.95441997796297" lon="2.9443899169564247">
				<ele>54.0</ele>
				<time>2020-07-03T11:01:15</time>
			</trkpt>
			<trkpt lat="48.95434998907149" lon="2.9443199280649424">
				<ele>54.0</ele>
				<time>2020-07-03T11:01:16</time>
			</trkpt>
			<trkpt lat="48.953739954158664" lon="2.9437099769711494">
				<ele>54.0</ele>
				<time>2020-07-03T11:01:28</time>
			</trkpt>
			<trkpt lat="48.9532199408859" lon="2.9431999381631613">
				<ele>53.0</ele>
				<time>2020-07-03T11:01:38</time>
			</trkpt>
			<trkpt lat="48.953119944781065" lon="2.943109916523099">
				<ele>53.0</ele>
				<time>2020-07-03T11:01:40</time>
			</trkpt>
			<trkpt lat="48.953009974211454" lon="2.94297999702394">
				<ele>53.0</ele>
				<time>2020-07-03T11:01:42</time>
			</trkpt>
			<trkpt lat="48.95272993482649" lon="2.942669950425625">
				<ele>53.0</ele>
				<time>2020-07-03T11:01:47</time>
			</trkpt>
			<trkpt lat="48.9525999315083" lon="2.94252997264266">
				<ele>54.0</ele>
				<time>2020-07-03T11:01:50</time>
			</trkpt>
			<trkpt lat="48.95243992097676" lon="2.9423799365758896">
				<ele>54.0</ele>
				<time>2020-07-03T11:01:53</time>
			</trkpt>
			<trkpt lat="48.95243992097676" lon="2.9423499293625355">
				<ele>54.0</ele>
				<time>2020-07-03T11:01:53</time>
			</trkpt>
			<trkpt lat="48.95243992097676" lon="2.9423399548977613">
				<ele>54.0</ele>
				<time>2020-07-03T11:01:53</time>
			</trkpt>
			<trkpt lat="48.95243992097676" lon="2.9423099476844072">
				<ele>54.0</ele>
				<time>2020-07-03T11:01:54</time>
			</trkpt>
			<trkpt lat="48.95243992097676" lon="2.942289998754859">
				<ele>54.0</ele>
				<time>2020-07-03T11:01:54</time>
			</trkpt>
			<trkpt lat="48.95241997204721" lon="2.942269966006279">
				<ele>54.0</ele>
				<time>2020-07-03T11:01:54</time>
			</trkpt>
			<trkpt lat="48.952409997582436" lon="2.942249933257699">
				<ele>54.0</ele>
				<time>2020-07-03T11:01:55</time>
			</trkpt>
			<trkpt lat="48.95239993929863" lon="2.942249933257699">
				<ele>54.0</ele>
				<time>2020-07-03T11:01:55</time>
			</trkpt>
			<trkpt lat="48.952389964833856" lon="2.942239958792925">
				<ele>54.0</ele>
				<time>2020-07-03T11:01:55</time>
			</trkpt>
			<trkpt lat="48.95237999036908" lon="2.942249933257699">
				<ele>54.0</ele>
				<time>2020-07-03T11:01:55</time>
			</trkpt>
			<trkpt lat="48.9523599576205" lon="2.942249933257699">
				<ele>54.0</ele>
				<time>2020-07-03T11:01:55</time>
			</trkpt>
			<trkpt lat="48.95234998315573" lon="2.942259991541505">
				<ele>54.0</ele>
				<time>2020-07-03T11:01:56</time>
			</trkpt>
			<trkpt lat="48.95233992487192" lon="2.942269966006279">
				<ele>54.0</ele>
				<time>2020-07-03T11:01:56</time>
			</trkpt>
			<trkpt lat="48.95233992487192" lon="2.942289998754859">
				<ele>54.0</ele>
				<time>2020-07-03T11:01:56</time>
			</trkpt>
			<trkpt lat="48.95232995040715" lon="2.9423099476844072">
				<ele>54.0</ele>
				<time>2020-07-03T11:01:56</time>
			</trkpt>
			<trkpt lat="48.95232995040715" lon="2.942329980432987">
				<ele>54.0</ele>
				<time>2020-07-03T11:01:56</time>
			</trkpt>
			<trkpt lat="48.95232995040715" lon="2.9423599876463413">
				<ele>54.0</ele>
				<time>2020-07-03T11:01:57</time>
			</trkpt>
			<trkpt lat="48.95233992487192" lon="2.9423799365758896">
				<ele>54.0</ele>
				<time>2020-07-03T11:01:57</time>
			</trkpt>
			<trkpt lat="48.952279994264245" lon="2.9423799365758896">
				<ele>54.0</ele>
				<time>2020-07-03T11:01:58</time>
			</trkpt>
			<trkpt lat="48.9521699398756" lon="2.9423599876463413">
				<ele>54.0</ele>
				<time>2020-07-03T11:02:00</time>
			</trkpt>
			<trkpt lat="48.952129958197474" lon="2.9423599876463413">
				<ele>54.0</ele>
				<time>2020-07-03T11:02:00</time>
			</trkpt>
			<trkpt lat="48.95175998099148" lon="2.942279940471053">
				<ele>54.0</ele>
				<time>2020-07-03T11:02:06</time>
			</trkpt>
			<trkpt lat="48.95153995603323" lon="2.9421599954366684">
				<ele>54.0</ele>
				<time>2020-07-03T11:02:10</time>
			</trkpt>
			<trkpt lat="48.95145999267697" lon="2.94209998100996">
				<ele>54.0</ele>
				<time>2020-07-03T11:02:12</time>
			</trkpt>
			<trkpt lat="48.95086999051273" lon="2.9416599310934544">
				<ele>53.0</ele>
				<time>2020-07-03T11:02:22</time>
			</trkpt>
			<trkpt lat="48.950499929487705" lon="2.941359942778945">
				<ele>51.0</ele>
				<time>2020-07-03T11:02:29</time>
			</trkpt>
			<trkpt lat="48.95022994838655" lon="2.941169925034046">
				<ele>50.0</ele>
				<time>2020-07-03T11:02:34</time>
			</trkpt>
			<trkpt lat="48.94971999339759" lon="2.940689977258444">
				<ele>48.0</ele>
				<time>2020-07-03T11:02:43</time>
			</trkpt>
			<trkpt lat="48.9495899900794" lon="2.9405599739402533">
				<ele>48.0</ele>
				<time>2020-07-03T11:02:46</time>
			</trkpt>
			<trkpt lat="48.94932998344302" lon="2.9403499234467745">
				<ele>47.0</ele>
				<time>2020-07-03T11:02:50</time>
			</trkpt>
			<trkpt lat="48.949269969016314" lon="2.9403099417686462">
				<ele>48.0</ele>
				<time>2020-07-03T11:02:51</time>
			</trkpt>
			<trkpt lat="48.949209954589605" lon="2.940259985625744">
				<ele>48.0</ele>
				<time>2020-07-03T11:02:53</time>
			</trkpt>
			<trkpt lat="48.949059918522835" lon="2.9401399567723274">
				<ele>48.0</ele>
				<time>2020-07-03T11:02:55</time>
			</trkpt>
			<trkpt lat="48.9487199485302" lon="2.9399299900978804">
				<ele>49.0</ele>
				<time>2020-07-03T11:03:01</time>
			</trkpt>
			<trkpt lat="48.94837997853756" lon="2.93977995403111">
				<ele>50.0</ele>
				<time>2020-07-03T11:03:07</time>
			</trkpt>
			<trkpt lat="48.94811997190118" lon="2.9397399723529816">
				<ele>51.0</ele>
				<time>2020-07-03T11:03:11</time>
			</trkpt>
			<trkpt lat="48.9478599652648" lon="2.9396899323910475">
				<ele>52.0</ele>
				<time>2020-07-03T11:03:15</time>
			</trkpt>
			<trkpt lat="48.947529969736934" lon="2.9396299179643393">
				<ele>53.0</ele>
				<time>2020-07-03T11:03:20</time>
			</trkpt>
			<trkpt lat="48.947479929775" lon="2.939619943499565">
				<ele>53.0</ele>
				<time>2020-07-03T11:03:21</time>
			</trkpt>
			<trkpt lat="48.94711992703378" lon="2.9395399801433086">
				<ele>53.0</ele>
				<time>2020-07-03T11:03:27</time>
			</trkpt>
			<trkpt lat="48.947099978104234" lon="2.9395399801433086">
				<ele>53.0</ele>
				<time>2020-07-03T11:03:27</time>
			</trkpt>
			<trkpt lat="48.9469999819994" lon="2.9395099729299545">
				<ele>53.0</ele>
				<time>2020-07-03T11:03:29</time>
			</trkpt>
			<trkpt lat="48.94670996814966" lon="2.939419951289892">
				<ele>53.0</ele>
				<time>2020-07-03T11:03:34</time>
			</trkpt>
			<trkpt lat="48.9465699903667" lon="2.939399918541312">
				<ele>52.0</ele>
				<time>2020-07-03T11:03:36</time>
			</trkpt>
			<trkpt lat="48.94627997651696" lon="2.93934996239841">
				<ele>52.0</ele>
				<time>2020-07-03T11:03:41</time>
			</trkpt>
			<trkpt lat="48.94625994376838" lon="2.9393399879336357">
				<ele>52.0</ele>
				<time>2020-07-03T11:03:41</time>
			</trkpt>
			<trkpt lat="48.94616992212832" lon="2.9393199551850557">
				<ele>52.0</ele>
				<time>2020-07-03T11:03:43</time>
			</trkpt>
			<trkpt lat="48.9457599632442" lon="2.9392399918287992">
				<ele>51.0</ele>
				<time>2020-07-03T11:03:49</time>
			</trkpt>
			<trkpt lat="48.94563993439078" lon="2.9391999263316393">
				<ele>50.0</ele>
				<time>2020-07-03T11:03:51</time>
			</trkpt>
			<trkpt lat="48.94541999325156" lon="2.9390799812972546">
				<ele>50.0</ele>
				<time>2020-07-03T11:03:55</time>
			</trkpt>
			<trkpt lat="48.94515998661518" lon="2.9388799890875816">
				<ele>49.0</ele>
				<time>2020-07-03T11:03:59</time>
			</trkpt>
			<trkpt lat="48.944999976083636" lon="2.938759960234165">
				<ele>49.0</ele>
				<time>2020-07-03T11:04:02</time>
			</trkpt>
			<trkpt lat="48.9442799706012" lon="2.9381099436432123">
				<ele>51.0</ele>
				<time>2020-07-03T11:04:16</time>
			</trkpt>
			<trkpt lat="48.94410998560488" lon="2.9379399586468935">
				<ele>52.0</ele>
				<time>2020-07-03T11:04:19</time>
			</trkpt>
			<trkpt lat="48.9436599612236" lon="2.9375299997627735">
				<ele>55.0</ele>
				<time>2020-07-03T11:04:27</time>
			</trkpt>
			<trkpt lat="48.94324991852045" lon="2.937209978699684">
				<ele>57.0</ele>
				<time>2020-07-03T11:04:35</time>
			</trkpt>
			<trkpt lat="48.94304992631078" lon="2.9370799753814936">
				<ele>58.0</ele>
				<time>2020-07-03T11:04:38</time>
			</trkpt>
			<trkpt lat="48.94290994852781" lon="2.9370199609547853">
				<ele>59.0</ele>
				<time>2020-07-03T11:04:41</time>
			</trkpt>
			<trkpt lat="48.94264994189143" lon="2.9369099903851748">
				<ele>60.0</ele>
				<time>2020-07-03T11:04:45</time>
			</trkpt>
			<trkpt lat="48.94239999353886" lon="2.9368799831718206">
				<ele>61.0</ele>
				<time>2020-07-03T11:04:49</time>
			</trkpt>
			<trkpt lat="48.942229924723506" lon="2.9368599504232407">
				<ele>62.0</ele>
				<time>2020-07-03T11:04:52</time>
			</trkpt>
			<trkpt lat="48.941799933090806" lon="2.9369099903851748">
				<ele>65.0</ele>
				<time>2020-07-03T11:04:59</time>
			</trkpt>
			<trkpt lat="48.94151997752488" lon="2.936959946528077">
				<ele>69.0</ele>
				<time>2020-07-03T11:05:03</time>
			</trkpt>
			<trkpt lat="48.94148997031152" lon="2.9369699209928513">
				<ele>69.0</ele>
				<time>2020-07-03T11:05:04</time>
			</trkpt>
			<trkpt lat="48.941299952566624" lon="2.9370499681681395">
				<ele>71.0</ele>
				<time>2020-07-03T11:05:07</time>
			</trkpt>
			<trkpt lat="48.94117992371321" lon="2.937129931524396">
				<ele>73.0</ele>
				<time>2020-07-03T11:05:09</time>
			</trkpt>
			<trkpt lat="48.94103994593024" lon="2.937209978699684">
				<ele>74.0</ele>
				<time>2020-07-03T11:05:11</time>
			</trkpt>
			<trkpt lat="48.94089996814728" lon="2.9372899420559406">
				<ele>76.0</ele>
				<time>2020-07-03T11:05:14</time>
			</trkpt>
			<trkpt lat="48.940849928185344" lon="2.9373199492692947">
				<ele>76.0</ele>
				<time>2020-07-03T11:05:14</time>
			</trkpt>
			<trkpt lat="48.94066996872425" lon="2.937379963696003">
				<ele>78.0</ele>
				<time>2020-07-03T11:05:17</time>
			</trkpt>
			<trkpt lat="48.94046997651458" lon="2.9374299198389053">
				<ele>80.0</ele>
				<time>2020-07-03T11:05:21</time>
			</trkpt>
			<trkpt lat="48.9402099698782" lon="2.9374999925494194">
				<ele>82.0</ele>
				<time>2020-07-03T11:05:25</time>
			</trkpt>
			<trkpt lat="48.94018993712962" lon="2.9374899342656136">
				<ele>82.0</ele>
				<time>2020-07-03T11:05:25</time>
			</trkpt>
			<trkpt lat="48.94006999209523" lon="2.9374699853360653">
				<ele>83.0</ele>
				<time>2020-07-03T11:05:27</time>
			</trkpt>
			<trkpt lat="48.93993998877704" lon="2.9374499525874853">
				<ele>84.0</ele>
				<time>2020-07-03T11:05:29</time>
			</trkpt>
			<trkpt lat="48.93985994160175" lon="2.937409970909357">
				<ele>84.0</ele>
				<time>2020-07-03T11:05:31</time>
			</trkpt>
			<trkpt lat="48.939819959923625" lon="2.937399996444583">
				<ele>85.0</ele>
				<time>2020-07-03T11:05:31</time>
			</trkpt>
			<trkpt lat="48.939689956605434" lon="2.9373399820178747">
				<ele>86.0</ele>
				<time>2020-07-03T11:05:33</time>
			</trkpt>
			<trkpt lat="48.93959993496537" lon="2.9372999165207148">
				<ele>87.0</ele>
				<time>2020-07-03T11:05:35</time>
			</trkpt>
			<trkpt lat="48.93948996439576" lon="2.9372399859130383">
				<ele>87.0</ele>
				<time>2020-07-03T11:05:37</time>
			</trkpt>
			<trkpt lat="48.93932995386422" lon="2.937209978699684">
				<ele>89.0</ele>
				<time>2020-07-03T11:05:39</time>
			</trkpt>
			<trkpt lat="48.93924999050796" lon="2.9372499603778124">
				<ele>90.0</ele>
				<time>2020-07-03T11:05:41</time>
			</trkpt>
			<trkpt lat="48.9392099250108" lon="2.9373199492692947">
				<ele>91.0</ele>
				<time>2020-07-03T11:05:42</time>
			</trkpt>
			<trkpt lat="48.93918997608125" lon="2.9375099670141935">
				<ele>91.0</ele>
				<time>2020-07-03T11:05:44</time>
			</trkpt>
			<trkpt lat="48.939179917797446" lon="2.9377599991858006">
				<ele>91.0</ele>
				<time>2020-07-03T11:05:46</time>
			</trkpt>
			<trkpt lat="48.939149994403124" lon="2.938269954174757">
				<ele>93.0</ele>
				<time>2020-07-03T11:05:52</time>
			</trkpt>
			<trkpt lat="48.93913993611932" lon="2.9385399352759123">
				<ele>94.0</ele>
				<time>2020-07-03T11:05:55</time>
			</trkpt>
			<trkpt lat="48.93913993611932" lon="2.938689971342683">
				<ele>94.0</ele>
				<time>2020-07-03T11:05:56</time>
			</trkpt>
			<trkpt lat="48.93911998718977" lon="2.9390499740839005">
				<ele>96.0</ele>
				<time>2020-07-03T11:06:00</time>
			</trkpt>
			<trkpt lat="48.93911998718977" lon="2.9391999263316393">
				<ele>96.0</ele>
				<time>2020-07-03T11:06:02</time>
			</trkpt>
			<trkpt lat="48.939109928905964" lon="2.9393199551850557">
				<ele>97.0</ele>
				<time>2020-07-03T11:06:03</time>
			</trkpt>
			<trkpt lat="48.93909995444119" lon="2.9394899401813745">
				<ele>97.0</ele>
				<time>2020-07-03T11:06:05</time>
			</trkpt>
			<trkpt lat="48.93904999829829" lon="2.9397499468177557">
				<ele>98.0</ele>
				<time>2020-07-03T11:06:07</time>
			</trkpt>
			<trkpt lat="48.93900993280113" lon="2.939849942922592">
				<ele>99.0</ele>
				<time>2020-07-03T11:06:09</time>
			</trkpt>
			<trkpt lat="48.938959976658225" lon="2.9399199318140745">
				<ele>99.0</ele>
				<time>2020-07-03T11:06:10</time>
			</trkpt>
			<trkpt lat="48.93890993669629" lon="2.9399599973112345">
				<ele>100.0</ele>
				<time>2020-07-03T11:06:11</time>
			</trkpt>
			<trkpt lat="48.938809940591455" lon="2.9399399645626545">
				<ele>100.0</ele>
				<time>2020-07-03T11:06:12</time>
			</trkpt>
			<trkpt lat="48.93857994116843" lon="2.93975992128253">
				<ele>102.0</ele>
				<time>2020-07-03T11:06:16</time>
			</trkpt>
			<trkpt lat="48.9385399594903" lon="2.9397299978882074">
				<ele>102.0</ele>
				<time>2020-07-03T11:06:17</time>
			</trkpt>
			<trkpt lat="48.938379948958755" lon="2.9395399801433086">
				<ele>104.0</ele>
				<time>2020-07-03T11:06:20</time>
			</trkpt>
			<trkpt lat="48.93827995285392" lon="2.939399918541312">
				<ele>105.0</ele>
				<time>2020-07-03T11:06:23</time>
			</trkpt>
			<trkpt lat="48.9381599240005" lon="2.9392399918287992">
				<ele>106.0</ele>
				<time>2020-07-03T11:06:25</time>
			</trkpt>
			<trkpt lat="48.9381099678576" lon="2.939169919118285">
				<ele>106.0</ele>
				<time>2020-07-03T11:06:26</time>
			</trkpt>
			<trkpt lat="48.93804995343089" lon="2.9390899557620287">
				<ele>107.0</ele>
				<time>2020-07-03T11:06:28</time>
			</trkpt>
			<trkpt lat="48.93787996843457" lon="2.9387999419122934">
				<ele>108.0</ele>
				<time>2020-07-03T11:06:32</time>
			</trkpt>
			<trkpt lat="48.937799921259284" lon="2.9386599641293287">
				<ele>109.0</ele>
				<time>2020-07-03T11:06:34</time>
			</trkpt>
			<trkpt lat="48.937759939581156" lon="2.9385399352759123">
				<ele>109.0</ele>
				<time>2020-07-03T11:06:35</time>
			</trkpt>
			<trkpt lat="48.93770998343825" lon="2.9384199902415276">
				<ele>110.0</ele>
				<time>2020-07-03T11:06:36</time>
			</trkpt>
			<trkpt lat="48.93765994347632" lon="2.938269954174757">
				<ele>110.0</ele>
				<time>2020-07-03T11:06:38</time>
			</trkpt>
			<trkpt lat="48.937649969011545" lon="2.938249921426177">
				<ele>110.0</ele>
				<time>2020-07-03T11:06:38</time>
			</trkpt>
			<trkpt lat="48.93757998012006" lon="2.9378799442201853">
				<ele>110.0</ele>
				<time>2020-07-03T11:06:43</time>
			</trkpt>
			<trkpt lat="48.93755994737148" lon="2.937809955328703">
				<ele>111.0</ele>
				<time>2020-07-03T11:06:43</time>
			</trkpt>
			<trkpt lat="48.93754997290671" lon="2.9376999847590923">
				<ele>110.0</ele>
				<time>2020-07-03T11:06:45</time>
			</trkpt>
			<trkpt lat="48.937519965693355" lon="2.937349956482649">
				<ele>110.0</ele>
				<time>2020-07-03T11:06:48</time>
			</trkpt>
			<trkpt lat="48.937499932944775" lon="2.9371999204158783">
				<ele>111.0</ele>
				<time>2020-07-03T11:06:50</time>
			</trkpt>
			<trkpt lat="48.937499932944775" lon="2.93717997148633">
				<ele>111.0</ele>
				<time>2020-07-03T11:06:50</time>
			</trkpt>
			<trkpt lat="48.93746992573142" lon="2.9370299354195595">
				<ele>111.0</ele>
				<time>2020-07-03T11:06:52</time>
			</trkpt>
			<trkpt lat="48.937459951266646" lon="2.936959946528077">
				<ele>111.0</ele>
				<time>2020-07-03T11:06:52</time>
			</trkpt>
			<trkpt lat="48.937439918518066" lon="2.9367899615317583">
				<ele>111.0</ele>
				<time>2020-07-03T11:06:54</time>
			</trkpt>
			<trkpt lat="48.937409995123744" lon="2.9366299510002136">
				<ele>111.0</ele>
				<time>2020-07-03T11:06:56</time>
			</trkpt>
			<trkpt lat="48.93739993683994" lon="2.9365999437868595">
				<ele>111.0</ele>
				<time>2020-07-03T11:06:56</time>
			</trkpt>
			<trkpt lat="48.937389962375164" lon="2.9365599621087313">
				<ele>111.0</ele>
				<time>2020-07-03T11:06:57</time>
			</trkpt>
			<trkpt lat="48.93737998791039" lon="2.936529954895377">
				<ele>112.0</ele>
				<time>2020-07-03T11:06:57</time>
			</trkpt>
			<trkpt lat="48.93735995516181" lon="2.936509922146797">
				<ele>112.0</ele>
				<time>2020-07-03T11:06:58</time>
			</trkpt>
			<trkpt lat="48.93733992241323" lon="2.936499947682023">
				<ele>112.0</ele>
				<time>2020-07-03T11:06:58</time>
			</trkpt>
			<trkpt lat="48.93731997348368" lon="2.936499947682023">
				<ele>112.0</ele>
				<time>2020-07-03T11:06:58</time>
			</trkpt>
			<trkpt lat="48.937199944630265" lon="2.936529954895377">
				<ele>113.0</ele>
				<time>2020-07-03T11:07:00</time>
			</trkpt>
			<trkpt lat="48.936879923567176" lon="2.9365899693220854">
				<ele>116.0</ele>
				<time>2020-07-03T11:07:05</time>
			</trkpt>
			<trkpt lat="48.93632998690009" lon="2.936719972640276">
				<ele>122.0</ele>
				<time>2020-07-03T11:07:14</time>
			</trkpt>
			<trkpt lat="48.93563998863101" lon="2.9368899576365948">
				<ele>129.0</ele>
				<time>2020-07-03T11:07:25</time>
			</trkpt>
			<trkpt lat="48.93516993150115" lon="2.9369699209928513">
				<ele>132.0</ele>
				<time>2020-07-03T11:07:33</time>
			</trkpt>
			<trkpt lat="48.934899950399995" lon="2.9369999282062054">
				<ele>133.0</ele>
				<time>2020-07-03T11:07:37</time>
			</trkpt>
			<trkpt lat="48.934279941022396" lon="2.937129931524396">
				<ele>134.0</ele>
				<time>2020-07-03T11:07:47</time>
			</trkpt>
			<trkpt lat="48.93404994159937" lon="2.9371999204158783">
				<ele>134.0</ele>
				<time>2020-07-03T11:07:51</time>
			</trkpt>
			<trkpt lat="48.93355993553996" lon="2.9374499525874853">
				<ele>134.0</ele>
				<time>2020-07-03T11:07:59</time>
			</trkpt>
			<trkpt lat="48.93308996222913" lon="2.93760996311903">
				<ele>134.0</ele>
				<time>2020-07-03T11:08:07</time>
			</trkpt>
			<trkpt lat="48.93294998444617" lon="2.93762999586761">
				<ele>134.0</ele>
				<time>2020-07-03T11:08:09</time>
			</trkpt>
			<trkpt lat="48.932539941743016" lon="2.937619937583804">
				<ele>133.0</ele>
				<time>2020-07-03T11:08:16</time>
			</trkpt>
			<trkpt lat="48.93189998343587" lon="2.937809955328703">
				<ele>130.0</ele>
				<time>2020-07-03T11:08:26</time>
			</trkpt>
			<trkpt lat="48.93166998401284" lon="2.937839962542057">
				<ele>130.0</ele>
				<time>2020-07-03T11:08:30</time>
			</trkpt>
			<trkpt lat="48.93147996626794" lon="2.937839962542057">
				<ele>129.0</ele>
				<time>2020-07-03T11:08:33</time>
			</trkpt>
			<trkpt lat="48.93114997074008" lon="2.9377599991858006">
				<ele>129.0</ele>
				<time>2020-07-03T11:08:38</time>
			</trkpt>
			<trkpt lat="48.93104997463524" lon="2.9377299919724464">
				<ele>129.0</ele>
				<time>2020-07-03T11:08:40</time>
			</trkpt>
			<trkpt lat="48.930819975212216" lon="2.9376599192619324">
				<ele>130.0</ele>
				<time>2020-07-03T11:08:44</time>
			</trkpt>
			<trkpt lat="48.9306999463588" lon="2.93762999586761">
				<ele>130.0</ele>
				<time>2020-07-03T11:08:46</time>
			</trkpt>
			<trkpt lat="48.93052996136248" lon="2.93760996311903">
				<ele>131.0</ele>
				<time>2020-07-03T11:08:49</time>
			</trkpt>
			<trkpt lat="48.930319994688034" lon="2.93760996311903">
				<ele>131.0</ele>
				<time>2020-07-03T11:08:52</time>
			</trkpt>
			<trkpt lat="48.93005998805165" lon="2.9376799520105124">
				<ele>130.0</ele>
				<time>2020-07-03T11:08:56</time>
			</trkpt>
			<trkpt lat="48.929869970306754" lon="2.9377299919724464">
				<ele>129.0</ele>
				<time>2020-07-03T11:08:59</time>
			</trkpt>
			<trkpt lat="48.92970995977521" lon="2.937789922580123">
				<ele>129.0</ele>
				<time>2020-07-03T11:09:02</time>
			</trkpt>
			<trkpt lat="48.928929939866066" lon="2.9379599913954735">
				<ele>122.0</ele>
				<time>2020-07-03T11:09:14</time>
			</trkpt>
			<trkpt lat="48.928559962660074" lon="2.938089994713664">
				<ele>121.0</ele>
				<time>2020-07-03T11:09:21</time>
			</trkpt>
			<trkpt lat="48.92848997376859" lon="2.9381199181079865">
				<ele>120.0</ele>
				<time>2020-07-03T11:09:22</time>
			</trkpt>
			<trkpt lat="48.92786996439099" lon="2.938509928062558">
				<ele>111.0</ele>
				<time>2020-07-03T11:09:32</time>
			</trkpt>
			<trkpt lat="48.927829982712865" lon="2.938529960811138">
				<ele>111.0</ele>
				<time>2020-07-03T11:09:33</time>
			</trkpt>
			<trkpt lat="48.927699979394674" lon="2.9386199824512005">
				<ele>109.0</ele>
				<time>2020-07-03T11:09:35</time>
			</trkpt>
			<trkpt lat="48.927379958331585" lon="2.9387999419122934">
				<ele>106.0</ele>
				<time>2020-07-03T11:09:41</time>
			</trkpt>
			<trkpt lat="48.927229922264814" lon="2.93889993801713">
				<ele>105.0</ele>
				<time>2020-07-03T11:09:43</time>
			</trkpt>
			<trkpt lat="48.92716999165714" lon="2.938979985192418">
				<ele>105.0</ele>
				<time>2020-07-03T11:09:45</time>
			</trkpt>
			<trkpt lat="48.927119951695204" lon="2.9390599485486746">
				<ele>105.0</ele>
				<time>2020-07-03T11:09:46</time>
			</trkpt>
			<trkpt lat="48.92704996280372" lon="2.9392199590802193">
				<ele>106.0</ele>
				<time>2020-07-03T11:09:48</time>
			</trkpt>
			<trkpt lat="48.92699992284179" lon="2.93934996239841">
				<ele>105.0</ele>
				<time>2020-07-03T11:09:50</time>
			</trkpt>
			<trkpt lat="48.92698994837701" lon="2.939379969611764">
				<ele>105.0</ele>
				<time>2020-07-03T11:09:50</time>
			</trkpt>
			<trkpt lat="48.926969999447465" lon="2.939419951289892">
				<ele>105.0</ele>
				<time>2020-07-03T11:09:50</time>
			</trkpt>
			<trkpt lat="48.92689992673695" lon="2.939599994570017">
				<ele>105.0</ele>
				<time>2020-07-03T11:09:53</time>
			</trkpt>
			<trkpt lat="48.92678995616734" lon="2.939819935709238">
				<ele>103.0</ele>
				<time>2020-07-03T11:09:56</time>
			</trkpt>
			<trkpt lat="48.92672994174063" lon="2.9398899246007204">
				<ele>103.0</ele>
				<time>2020-07-03T11:09:57</time>
			</trkpt>
			<trkpt lat="48.92655995674431" lon="2.9401299823075533">
				<ele>101.0</ele>
				<time>2020-07-03T11:10:00</time>
			</trkpt>
			<trkpt lat="48.92631998285651" lon="2.9403499234467745">
				<ele>98.0</ele>
				<time>2020-07-03T11:10:05</time>
			</trkpt>
			<trkpt lat="48.92613993957639" lon="2.940489985048771">
				<ele>97.0</ele>
				<time>2020-07-03T11:10:08</time>
			</trkpt>
			<trkpt lat="48.92598998732865" lon="2.9406199883669615">
				<ele>95.0</ele>
				<time>2020-07-03T11:10:11</time>
			</trkpt>
			<trkpt lat="48.92596995458007" lon="2.9406399372965097">
				<ele>95.0</ele>
				<time>2020-07-03T11:10:11</time>
			</trkpt>
			<trkpt lat="48.92594992183149" lon="2.9406499955803156">
				<ele>95.0</ele>
				<time>2020-07-03T11:10:12</time>
			</trkpt>
			<trkpt lat="48.92571992240846" lon="2.9408299550414085">
				<ele>95.0</ele>
				<time>2020-07-03T11:10:16</time>
			</trkpt>
			<trkpt lat="48.92551993019879" lon="2.9410199727863073">
				<ele>95.0</ele>
				<time>2020-07-03T11:10:20</time>
			</trkpt>
			<trkpt lat="48.92523997463286" lon="2.9415099788457155">
				<ele>95.0</ele>
				<time>2020-07-03T11:10:26</time>
			</trkpt>
			<trkpt lat="48.924499936401844" lon="2.942899949848652">
				<ele>100.0</ele>
				<time>2020-07-03T11:10:45</time>
			</trkpt>
			<trkpt lat="48.92446992918849" lon="2.94295996427536">
				<ele>100.0</ele>
				<time>2020-07-03T11:10:46</time>
			</trkpt>
			<trkpt lat="48.924309918656945" lon="2.9434999264776707">
				<ele>101.0</ele>
				<time>2020-07-03T11:10:52</time>
			</trkpt>
			<trkpt lat="48.92427999526262" lon="2.943619955331087">
				<ele>101.0</ele>
				<time>2020-07-03T11:10:54</time>
			</trkpt>
			<trkpt lat="48.92422995530069" lon="2.94383998028934">
				<ele>101.0</ele>
				<time>2020-07-03T11:10:56</time>
			</trkpt>
			<trkpt lat="48.924159966409206" lon="2.944299979135394">
				<ele>102.0</ele>
				<time>2020-07-03T11:11:01</time>
			</trkpt>
			<trkpt lat="48.92410992644727" lon="2.9445499274879694">
				<ele>102.0</ele>
				<time>2020-07-03T11:11:04</time>
			</trkpt>
			<trkpt lat="48.92398998141289" lon="2.9449699446558952">
				<ele>104.0</ele>
				<time>2020-07-03T11:11:09</time>
			</trkpt>
			<trkpt lat="48.92306998372078" lon="2.947809984907508">
				<ele>112.0</ele>
				<time>2020-07-03T11:11:42</time>
			</trkpt>
			<trkpt lat="48.92302991822362" lon="2.9479099810123444">
				<ele>112.0</ele>
				<time>2020-07-03T11:11:43</time>
			</trkpt>
			<trkpt lat="48.92298993654549" lon="2.9481399804353714">
				<ele>113.0</ele>
				<time>2020-07-03T11:11:46</time>
			</trkpt>
			<trkpt lat="48.92294995486736" lon="2.9484099615365267">
				<ele>114.0</ele>
				<time>2020-07-03T11:11:49</time>
			</trkpt>
			<trkpt lat="48.922909973189235" lon="2.94875998981297">
				<ele>115.0</ele>
				<time>2020-07-03T11:11:52</time>
			</trkpt>
			<trkpt lat="48.9228599332273" lon="2.948989989235997">
				<ele>115.0</ele>
				<time>2020-07-03T11:11:55</time>
			</trkpt>
			<trkpt lat="48.92278994433582" lon="2.9492499958723783">
				<ele>115.0</ele>
				<time>2020-07-03T11:11:58</time>
			</trkpt>
			<trkpt lat="48.922719955444336" lon="2.9494599625468254">
				<ele>116.0</ele>
				<time>2020-07-03T11:12:00</time>
			</trkpt>
			<trkpt lat="48.92252993769944" lon="2.949819965288043">
				<ele>117.0</ele>
				<time>2020-07-03T11:12:05</time>
			</trkpt>
			<trkpt lat="48.922349978238344" lon="2.9501699935644865">
				<ele>119.0</ele>
				<time>2020-07-03T11:12:10</time>
			</trkpt>
			<trkpt lat="48.922349978238344" lon="2.9501799680292606">
				<ele>119.0</ele>
				<time>2020-07-03T11:12:10</time>
			</trkpt>
			<trkpt lat="48.92227998934686" lon="2.950269989669323">
				<ele>120.0</ele>
				<time>2020-07-03T11:12:11</time>
			</trkpt>
			<trkpt lat="48.9221899677068" lon="2.9501399863511324">
				<ele>120.0</ele>
				<time>2020-07-03T11:12:13</time>
			</trkpt>
			<trkpt lat="48.92210992053151" lon="2.950079971924424">
				<ele>120.0</ele>
				<time>2020-07-03T11:12:15</time>
			</trkpt>
			<trkpt lat="48.92195996828377" lon="2.95002993196249">
				<ele>121.0</ele>
				<time>2020-07-03T11:12:17</time>
			</trkpt>
			<trkpt lat="48.92149996943772" lon="2.95002993196249">
				<ele>124.0</ele>
				<time>2020-07-03T11:12:25</time>
			</trkpt>
			<trkpt lat="48.92134993337095" lon="2.95002993196249">
				<ele>125.0</ele>
				<time>2020-07-03T11:12:27</time>
			</trkpt>
			<trkpt lat="48.92109998501837" lon="2.950059939175844">
				<ele>126.0</ele>
				<time>2020-07-03T11:12:31</time>
			</trkpt>
			<trkpt lat="48.92062992788851" lon="2.9501599352806807">
				<ele>129.0</ele>
				<time>2020-07-03T11:12:39</time>
			</trkpt>
			<trkpt lat="48.92044996842742" lon="2.9502099752426147">
				<ele>130.0</ele>
				<time>2020-07-03T11:12:42</time>
			</trkpt>
			<trkpt lat="48.92029993236065" lon="2.95004996471107">
				<ele>131.0</ele>
				<time>2020-07-03T11:12:44</time>
			</trkpt>
			<trkpt lat="48.920179987326264" lon="2.9499199613928795">
				<ele>132.0</ele>
				<time>2020-07-03T11:12:47</time>
			</trkpt>
			<trkpt lat="48.92012994736433" lon="2.9498599469661713">
				<ele>132.0</ele>
				<time>2020-07-03T11:12:48</time>
			</trkpt>
			<trkpt lat="48.91969995573163" lon="2.949379999190569">
				<ele>133.0</ele>
				<time>2020-07-03T11:12:56</time>
			</trkpt>
			<trkpt lat="48.919559977948666" lon="2.9492199886590242">
				<ele>134.0</ele>
				<time>2020-07-03T11:12:59</time>
			</trkpt>
			<trkpt lat="48.91920994967222" lon="2.948939949274063">
				<ele>135.0</ele>
				<time>2020-07-03T11:13:06</time>
			</trkpt>
			<trkpt lat="48.919089920818806" lon="2.9488399531692266">
				<ele>136.0</ele>
				<time>2020-07-03T11:13:08</time>
			</trkpt>
			<trkpt lat="48.91893996857107" lon="2.948679942637682">
				<ele>136.0</ele>
				<time>2020-07-03T11:13:11</time>
			</trkpt>
			<trkpt lat="48.91890996135771" lon="2.9486399609595537">
				<ele>136.0</ele>
				<time>2020-07-03T11:13:11</time>
			</trkpt>
			<trkpt lat="48.91874995082617" lon="2.9483999870717525">
				<ele>137.0</ele>
				<time>2020-07-03T11:13:15</time>
			</trkpt>
			<trkpt lat="48.918719943612814" lon="2.9483599215745926">
				<ele>137.0</ele>
				<time>2020-07-03T11:13:16</time>
			</trkpt>
			<trkpt lat="48.91859999857843" lon="2.9481399804353714">
				<ele>137.0</ele>
				<time>2020-07-03T11:13:19</time>
			</trkpt>
			<trkpt lat="48.91849991865456" lon="2.9479199554771185">
				<ele>137.0</ele>
				<time>2020-07-03T11:13:21</time>
			</trkpt>
			<trkpt lat="48.918289951980114" lon="2.947339927777648">
				<ele>136.0</ele>
				<time>2020-07-03T11:13:28</time>
			</trkpt>
			<trkpt lat="48.918269919231534" lon="2.9472699388861656">
				<ele>136.0</ele>
				<time>2020-07-03T11:13:29</time>
			</trkpt>
			<trkpt lat="48.91818995587528" lon="2.9470099322497845">
				<ele>135.0</ele>
				<time>2020-07-03T11:13:32</time>
			</trkpt>
			<trkpt lat="48.91815994866192" lon="2.9468899872153997">
				<ele>135.0</ele>
				<time>2020-07-03T11:13:33</time>
			</trkpt>
			<trkpt lat="48.918139999732375" lon="2.9468299727886915">
				<ele>135.0</ele>
				<time>2020-07-03T11:13:34</time>
			</trkpt>
			<trkpt lat="48.918119966983795" lon="2.946709943935275">
				<ele>135.0</ele>
				<time>2020-07-03T11:13:36</time>
			</trkpt>
			<trkpt lat="48.91808995977044" lon="2.9465699661523104">
				<ele>135.0</ele>
				<time>2020-07-03T11:13:37</time>
			</trkpt>
			<trkpt lat="48.91805995255709" lon="2.946279952302575">
				<ele>135.0</ele>
				<time>2020-07-03T11:13:40</time>
			</trkpt>
			<trkpt lat="48.91804997809231" lon="2.9461199417710304">
				<ele>134.0</ele>
				<time>2020-07-03T11:13:42</time>
			</trkpt>
			<trkpt lat="48.91801997087896" lon="2.9456899501383305">
				<ele>133.0</ele>
				<time>2020-07-03T11:13:46</time>
			</trkpt>
			<trkpt lat="48.91799993813038" lon="2.945349980145693">
				<ele>133.0</ele>
				<time>2020-07-03T11:13:50</time>
			</trkpt>
			<trkpt lat="48.91789994202554" lon="2.9447699524462223">
				<ele>135.0</ele>
				<time>2020-07-03T11:13:56</time>
			</trkpt>
			<trkpt lat="48.917799945920706" lon="2.9443399608135223">
				<ele>138.0</ele>
				<time>2020-07-03T11:14:01</time>
			</trkpt>
			<trkpt lat="48.91775996424258" lon="2.9441499430686235">
				<ele>138.0</ele>
				<time>2020-07-03T11:14:03</time>
			</trkpt>
			<trkpt lat="48.91770992428064" lon="2.9438899364322424">
				<ele>138.0</ele>
				<time>2020-07-03T11:14:06</time>
			</trkpt>
			<trkpt lat="48.91764999367297" lon="2.9434499703347683">
				<ele>138.0</ele>
				<time>2020-07-03T11:14:11</time>
			</trkpt>
			<trkpt lat="48.91762996092439" lon="2.9432599525898695">
				<ele>138.0</ele>
				<time>2020-07-03T11:14:13</time>
			</trkpt>
			<trkpt lat="48.91760992817581" lon="2.9429999459534883">
				<ele>137.0</ele>
				<time>2020-07-03T11:14:16</time>
			</trkpt>
			<trkpt lat="48.91759995371103" lon="2.942909924313426">
				<ele>137.0</ele>
				<time>2020-07-03T11:14:17</time>
			</trkpt>
			<trkpt lat="48.91758997924626" lon="2.942739939317107">
				<ele>137.0</ele>
				<time>2020-07-03T11:14:18</time>
			</trkpt>
			<trkpt lat="48.917559972032905" lon="2.942439951002598">
				<ele>136.0</ele>
				<time>2020-07-03T11:14:21</time>
			</trkpt>
			<trkpt lat="48.91748998314142" lon="2.941579967737198">
				<ele>135.0</ele>
				<time>2020-07-03T11:14:31</time>
			</trkpt>
			<trkpt lat="48.91746995039284" lon="2.9414799716323614">
				<ele>135.0</ele>
				<time>2020-07-03T11:14:32</time>
			</trkpt>
			<trkpt lat="48.91732997260988" lon="2.9407999478280544">
				<ele>136.0</ele>
				<time>2020-07-03T11:14:39</time>
			</trkpt>
			<trkpt lat="48.91729996539652" lon="2.9405799228698015">
				<ele>136.0</ele>
				<time>2020-07-03T11:14:42</time>
			</trkpt>
			<trkpt lat="48.9173099398613" lon="2.940239952877164">
				<ele>136.0</ele>
				<time>2020-07-03T11:14:45</time>
			</trkpt>
			<trkpt lat="48.91735997982323" lon="2.9395099729299545">
				<ele>138.0</ele>
				<time>2020-07-03T11:14:53</time>
			</trkpt>
			<trkpt lat="48.91735997982323" lon="2.9393099807202816">
				<ele>138.0</ele>
				<time>2020-07-03T11:14:55</time>
			</trkpt>
			<trkpt lat="48.91726995818317" lon="2.9377199336886406">
				<ele>140.0</ele>
				<time>2020-07-03T11:15:12</time>
			</trkpt>
			<trkpt lat="48.91726995818317" lon="2.9375699814409018">
				<ele>140.0</ele>
				<time>2020-07-03T11:15:13</time>
			</trkpt>
			<trkpt lat="48.91724992543459" lon="2.937189945951104">
				<ele>140.0</ele>
				<time>2020-07-03T11:15:17</time>
			</trkpt>
			<trkpt lat="48.917219918221235" lon="2.9355699755251408">
				<ele>139.0</ele>
				<time>2020-07-03T11:15:34</time>
			</trkpt>
			<trkpt lat="48.91720994375646" lon="2.935369983315468">
				<ele>139.0</ele>
				<time>2020-07-03T11:15:37</time>
			</trkpt>
			<trkpt lat="48.91720994375646" lon="2.93500998057425">
				<ele>139.0</ele>
				<time>2020-07-03T11:15:40</time>
			</trkpt>
			<trkpt lat="48.91720994375646" lon="2.934719966724515">
				<ele>139.0</ele>
				<time>2020-07-03T11:15:43</time>
			</trkpt>
			<trkpt lat="48.91720994375646" lon="2.9344099201261997">
				<ele>139.0</ele>
				<time>2020-07-03T11:15:47</time>
			</trkpt>
			<trkpt lat="48.91720994375646" lon="2.934239935129881">
				<ele>138.0</ele>
				<time>2020-07-03T11:15:48</time>
			</trkpt>
			<trkpt lat="48.91718999482691" lon="2.934009935706854">
				<ele>138.0</ele>
				<time>2020-07-03T11:15:51</time>
			</trkpt>
			<trkpt lat="48.91717993654311" lon="2.933849925175309">
				<ele>139.0</ele>
				<time>2020-07-03T11:15:53</time>
			</trkpt>
			<trkpt lat="48.91714992932975" lon="2.9335699696093798">
				<ele>139.0</ele>
				<time>2020-07-03T11:15:56</time>
			</trkpt>
			<trkpt lat="48.91714992932975" lon="2.9335299879312515">
				<ele>139.0</ele>
				<time>2020-07-03T11:15:56</time>
			</trkpt>
			<trkpt lat="48.91698991879821" lon="2.9320799186825752">
				<ele>140.0</ele>
				<time>2020-07-03T11:16:11</time>
			</trkpt>
			<trkpt lat="48.916939962655306" lon="2.9316699597984552">
				<ele>140.0</ele>
				<time>2020-07-03T11:16:16</time>
			</trkpt>
			<trkpt lat="48.916809959337115" lon="2.9308299254626036">
				<ele>142.0</ele>
				<time>2020-07-03T11:16:25</time>
			</trkpt>
			<trkpt lat="48.91674994491041" lon="2.93049992993474">
				<ele>142.0</ele>
				<time>2020-07-03T11:16:28</time>
			</trkpt>
			<trkpt lat="48.916549952700734" lon="2.929429979994893">
				<ele>142.0</ele>
				<time>2020-07-03T11:16:40</time>
			</trkpt>
			<trkpt lat="48.91651994548738" lon="2.9292499367147684">
				<ele>142.0</ele>
				<time>2020-07-03T11:16:42</time>
			</trkpt>
			<trkpt lat="48.91647996380925" lon="2.9291099589318037">
				<ele>142.0</ele>
				<time>2020-07-03T11:16:44</time>
			</trkpt>
			<trkpt lat="48.916359934955835" lon="2.9288299195468426">
				<ele>142.0</ele>
				<time>2020-07-03T11:16:47</time>
			</trkpt>
			<trkpt lat="48.9158299472183" lon="2.927619991824031">
				<ele>144.0</ele>
				<time>2020-07-03T11:17:03</time>
			</trkpt>
			<trkpt lat="48.915689969435334" lon="2.9273399524390697">
				<ele>144.0</ele>
				<time>2020-07-03T11:17:06</time>
			</trkpt>
			<trkpt lat="48.91409992240369" lon="2.9247599188238382">
				<ele>143.0</ele>
				<time>2020-07-03T11:17:44</time>
			</trkpt>
			<trkpt lat="48.91400998458266" lon="2.9246099665760994">
				<ele>143.0</ele>
				<time>2020-07-03T11:17:46</time>
			</trkpt>
			<trkpt lat="48.91357999294996" lon="2.9239799827337265">
				<ele>143.0</ele>
				<time>2020-07-03T11:17:55</time>
			</trkpt>
			<trkpt lat="48.91337991692126" lon="2.923639928922057">
				<ele>143.0</ele>
				<time>2020-07-03T11:18:00</time>
			</trkpt>
			<trkpt lat="48.91311999410391" lon="2.923169955611229">
				<ele>142.0</ele>
				<time>2020-07-03T11:18:06</time>
			</trkpt>
			<trkpt lat="48.912959983572364" lon="2.922889916226268">
				<ele>141.0</ele>
				<time>2020-07-03T11:18:10</time>
			</trkpt>
			<trkpt lat="48.91282998025417" lon="2.9225999861955643">
				<ele>141.0</ele>
				<time>2020-07-03T11:18:14</time>
			</trkpt>
			<trkpt lat="48.91266996972263" lon="2.9222199507057667">
				<ele>141.0</ele>
				<time>2020-07-03T11:18:19</time>
			</trkpt>
			<trkpt lat="48.91222991980612" lon="2.9210699535906315">
				<ele>141.0</ele>
				<time>2020-07-03T11:18:33</time>
			</trkpt>
			<trkpt lat="48.9121999964118" lon="2.920979931950569">
				<ele>141.0</ele>
				<time>2020-07-03T11:18:34</time>
			</trkpt>
			<trkpt lat="48.91217996366322" lon="2.9208899941295385">
				<ele>141.0</ele>
				<time>2020-07-03T11:18:35</time>
			</trkpt>
			<trkpt lat="48.912169989198446" lon="2.9208199214190245">
				<ele>141.0</ele>
				<time>2020-07-03T11:18:36</time>
			</trkpt>
			<trkpt lat="48.91209991648793" lon="2.9208599869161844">
				<ele>141.0</ele>
				<time>2020-07-03T11:18:37</time>
			</trkpt>
			<trkpt lat="48.912059934809804" lon="2.9208799358457327">
				<ele>141.0</ele>
				<time>2020-07-03T11:18:38</time>
			</trkpt>
			<trkpt lat="48.91197997145355" lon="2.9208899941295385">
				<ele>141.0</ele>
				<time>2020-07-03T11:18:39</time>
			</trkpt>
			<trkpt lat="48.91192993149161" lon="2.9208999685943127">
				<ele>141.0</ele>
				<time>2020-07-03T11:18:40</time>
			</trkpt>
			<trkpt lat="48.91185994260013" lon="2.9208799358457327">
				<ele>141.0</ele>
				<time>2020-07-03T11:18:41</time>
			</trkpt>
			<trkpt lat="48.91176992096007" lon="2.9208099469542503">
				<ele>141.0</ele>
				<time>2020-07-03T11:18:42</time>
			</trkpt>
			<trkpt lat="48.91161996871233" lon="2.9206699691712856">
				<ele>140.0</ele>
				<time>2020-07-03T11:18:45</time>
			</trkpt>
			<trkpt lat="48.91153992153704" lon="2.9205799475312233">
				<ele>140.0</ele>
				<time>2020-07-03T11:18:47</time>
			</trkpt>
			<trkpt lat="48.91146993264556" lon="2.920519933104515">
				<ele>139.0</ele>
				<time>2020-07-03T11:18:48</time>
			</trkpt>
			<trkpt lat="48.9113899692893" lon="2.9204299952834845">
				<ele>139.0</ele>
				<time>2020-07-03T11:18:50</time>
			</trkpt>
			<trkpt lat="48.91123993322253" lon="2.9202099703252316">
				<ele>138.0</ele>
				<time>2020-07-03T11:18:53</time>
			</trkpt>
			<trkpt lat="48.9111499954015" lon="2.9199599381536245">
				<ele>138.0</ele>
				<time>2020-07-03T11:18:56</time>
			</trkpt>
			<trkpt lat="48.91103994101286" lon="2.919199950993061">
				<ele>139.0</ele>
				<time>2020-07-03T11:19:04</time>
			</trkpt>
			<trkpt lat="48.91097992658615" lon="2.918929969891906">
				<ele>139.0</ele>
				<time>2020-07-03T11:19:07</time>
			</trkpt>
			<trkpt lat="48.910879930481315" lon="2.9186499305069447">
				<ele>139.0</ele>
				<time>2020-07-03T11:19:11</time>
			</trkpt>
			<trkpt lat="48.91069997102022" lon="2.9182099644094706">
				<ele>139.0</ele>
				<time>2020-07-03T11:19:16</time>
			</trkpt>
			<trkpt lat="48.91032999381423" lon="2.917589955031872">
				<ele>139.0</ele>
				<time>2020-07-03T11:19:25</time>
			</trkpt>
			<trkpt lat="48.909609988331795" lon="2.9164099507033825">
				<ele>137.0</ele>
				<time>2020-07-03T11:19:42</time>
			</trkpt>
			<trkpt lat="48.90899995341897" lon="2.9154999274760485">
				<ele>137.0</ele>
				<time>2020-07-03T11:19:55</time>
			</trkpt>
			<trkpt lat="48.908579936251044" lon="2.9148399364203215">
				<ele>138.0</ele>
				<time>2020-07-03T11:20:05</time>
			</trkpt>
			<trkpt lat="48.908299980685115" lon="2.9144499264657497">
				<ele>137.0</ele>
				<time>2020-07-03T11:20:11</time>
			</trkpt>
			<trkpt lat="48.90778994187713" lon="2.9140199348330498">
				<ele>136.0</ele>
				<time>2020-07-03T11:20:20</time>
			</trkpt>
			<trkpt lat="48.90744997188449" lon="2.9137299209833145">
				<ele>136.0</ele>
				<time>2020-07-03T11:20:27</time>
			</trkpt>
			<trkpt lat="48.90725995413959" lon="2.9135699942708015">
				<ele>136.0</ele>
				<time>2020-07-03T11:20:30</time>
			</trkpt>
			<trkpt lat="48.90723992139101" lon="2.9135499615222216">
				<ele>136.0</ele>
				<time>2020-07-03T11:20:31</time>
			</trkpt>
			<trkpt lat="48.907179990783334" lon="2.9134899470955133">
				<ele>136.0</ele>
				<time>2020-07-03T11:20:32</time>
			</trkpt>
			<trkpt lat="48.907139925286174" lon="2.913439990952611">
				<ele>136.0</ele>
				<time>2020-07-03T11:20:33</time>
			</trkpt>
			<trkpt lat="48.907119976356626" lon="2.913409983739257">
				<ele>136.0</ele>
				<time>2020-07-03T11:20:33</time>
			</trkpt>
			<trkpt lat="48.907099943608046" lon="2.913369918242097">
				<ele>136.0</ele>
				<time>2020-07-03T11:20:34</time>
			</trkpt>
			<trkpt lat="48.90705996192992" lon="2.9132899548858404">
				<ele>136.0</ele>
				<time>2020-07-03T11:20:35</time>
			</trkpt>
			<trkpt lat="48.906989973038435" lon="2.9131299443542957">
				<ele>137.0</ele>
				<time>2020-07-03T11:20:37</time>
			</trkpt>
			<trkpt lat="48.90690992586315" lon="2.912989966571331">
				<ele>137.0</ele>
				<time>2020-07-03T11:20:39</time>
			</trkpt>
			<trkpt lat="48.9068899769336" lon="2.912959959357977">
				<ele>137.0</ele>
				<time>2020-07-03T11:20:39</time>
			</trkpt>
			<trkpt lat="48.906859969720244" lon="2.912939926609397">
				<ele>137.0</ele>
				<time>2020-07-03T11:20:40</time>
			</trkpt>
			<trkpt lat="48.90682996250689" lon="2.9129199776798487">
				<ele>137.0</ele>
				<time>2020-07-03T11:20:40</time>
			</trkpt>
			<trkpt lat="48.906819988042116" lon="2.9129199776798487">
				<ele>137.0</ele>
				<time>2020-07-03T11:20:40</time>
			</trkpt>
			<trkpt lat="48.906799955293536" lon="2.912909919396043">
				<ele>137.0</ele>
				<time>2020-07-03T11:20:41</time>
			</trkpt>
			<trkpt lat="48.90675997361541" lon="2.9129199776798487">
				<ele>136.0</ele>
				<time>2020-07-03T11:20:41</time>
			</trkpt>
			<trkpt lat="48.906089924275875" lon="2.913209991529584">
				<ele>132.0</ele>
				<time>2020-07-03T11:20:52</time>
			</trkpt>
			<trkpt lat="48.905959920957685" lon="2.9132699221372604">
				<ele>131.0</ele>
				<time>2020-07-03T11:20:55</time>
			</trkpt>
			<trkpt lat="48.90589999035001" lon="2.9132899548858404">
				<ele>130.0</ele>
				<time>2020-07-03T11:20:56</time>
			</trkpt>
			<trkpt lat="48.90587995760143" lon="2.9132999293506145">
				<ele>130.0</ele>
				<time>2020-07-03T11:20:56</time>
			</trkpt>
			<trkpt lat="48.905809968709946" lon="2.9133199620991945">
				<ele>129.0</ele>
				<time>2020-07-03T11:20:57</time>
			</trkpt>
			<trkpt lat="48.90570997260511" lon="2.9133399948477745">
				<ele>128.0</ele>
				<time>2020-07-03T11:20:59</time>
			</trkpt>
			<trkpt lat="48.905549962073565" lon="2.9133499693125486">
				<ele>127.0</ele>
				<time>2020-07-03T11:21:01</time>
			</trkpt>
			<trkpt lat="48.905419958755374" lon="2.9133499693125486">
				<ele>125.0</ele>
				<time>2020-07-03T11:21:03</time>
			</trkpt>
			<trkpt lat="48.9052699226886" lon="2.9133399948477745">
				<ele>124.0</ele>
				<time>2020-07-03T11:21:06</time>
			</trkpt>
			<trkpt lat="48.90518995933235" lon="2.9133199620991945">
				<ele>124.0</ele>
				<time>2020-07-03T11:21:07</time>
			</trkpt>
			<trkpt lat="48.90512994490564" lon="2.9132999293506145">
				<ele>123.0</ele>
				<time>2020-07-03T11:21:08</time>
			</trkpt>
			<trkpt lat="48.905059956014156" lon="2.9132699221372604">
				<ele>123.0</ele>
				<time>2020-07-03T11:21:09</time>
			</trkpt>
			<trkpt lat="48.90499994158745" lon="2.913229940459132">
				<ele>123.0</ele>
				<time>2020-07-03T11:21:10</time>
			</trkpt>
			<trkpt lat="48.904929952695966" lon="2.91317998431623">
				<ele>123.0</ele>
				<time>2020-07-03T11:21:11</time>
			</trkpt>
			<trkpt lat="48.90486993826926" lon="2.91313991881907">
				<ele>123.0</ele>
				<time>2020-07-03T11:21:12</time>
			</trkpt>
			<trkpt lat="48.904789974913" lon="2.9130799882113934">
				<ele>122.0</ele>
				<time>2020-07-03T11:21:14</time>
			</trkpt>
			<trkpt lat="48.904689978808165" lon="2.912979992106557">
				<ele>122.0</ele>
				<time>2020-07-03T11:21:16</time>
			</trkpt>
			<trkpt lat="48.90454991720617" lon="2.9128599632531404">
				<ele>122.0</ele>
				<time>2020-07-03T11:21:18</time>
			</trkpt>
			<trkpt lat="48.90422997996211" lon="2.912569949403405">
				<ele>121.0</ele>
				<time>2020-07-03T11:21:24</time>
			</trkpt>
			<trkpt lat="48.90188992023468" lon="2.910519987344742">
				<ele>107.0</ele>
				<time>2020-07-03T11:22:08</time>
			</trkpt>
			<trkpt lat="48.90149999409914" lon="2.9101799335330725">
				<ele>104.0</ele>
				<time>2020-07-03T11:22:15</time>
			</trkpt>
			<trkpt lat="48.90029995702207" lon="2.9091099835932255">
				<ele>99.0</ele>
				<time>2020-07-03T11:22:37</time>
			</trkpt>
			<trkpt lat="48.89922992326319" lon="2.908159978687763">
				<ele>94.0</ele>
				<time>2020-07-03T11:22:57</time>
			</trkpt>
			<trkpt lat="48.899099919945" lon="2.908019917085767">
				<ele>93.0</ele>
				<time>2020-07-03T11:22:59</time>
			</trkpt>
			<trkpt lat="48.899019956588745" lon="2.907929979264736">
				<ele>93.0</ele>
				<time>2020-07-03T11:23:01</time>
			</trkpt>
			<trkpt lat="48.89893999323249" lon="2.907849932089448">
				<ele>93.0</ele>
				<time>2020-07-03T11:23:03</time>
			</trkpt>
			<trkpt lat="48.8988599460572" lon="2.9077599942684174">
				<ele>92.0</ele>
				<time>2020-07-03T11:23:04</time>
			</trkpt>
			<trkpt lat="48.89878995716572" lon="2.907659998163581">
				<ele>92.0</ele>
				<time>2020-07-03T11:23:06</time>
			</trkpt>
			<trkpt lat="48.89874997548759" lon="2.907609958201647">
				<ele>92.0</ele>
				<time>2020-07-03T11:23:07</time>
			</trkpt>
			<trkpt lat="48.898719968274236" lon="2.9075699765235186">
				<ele>92.0</ele>
				<time>2020-07-03T11:23:07</time>
			</trkpt>
			<trkpt lat="48.898699935525656" lon="2.9075399693101645">
				<ele>91.0</ele>
				<time>2020-07-03T11:23:08</time>
			</trkpt>
			<trkpt lat="48.89867998659611" lon="2.9075099620968103">
				<ele>91.0</ele>
				<time>2020-07-03T11:23:08</time>
			</trkpt>
			<trkpt lat="48.89865995384753" lon="2.9074799548834562">
				<ele>91.0</ele>
				<time>2020-07-03T11:23:09</time>
			</trkpt>
			<trkpt lat="48.89864997938275" lon="2.907449947670102">
				<ele>91.0</ele>
				<time>2020-07-03T11:23:09</time>
			</trkpt>
			<trkpt lat="48.898399947211146" lon="2.907019956037402">
				<ele>90.0</ele>
				<time>2020-07-03T11:23:15</time>
			</trkpt>
			<trkpt lat="48.89836993999779" lon="2.9069699998945">
				<ele>90.0</ele>
				<time>2020-07-03T11:23:16</time>
			</trkpt>
			<trkpt lat="48.89833993278444" lon="2.9069199599325657">
				<ele>90.0</ele>
				<time>2020-07-03T11:23:16</time>
			</trkpt>
			<trkpt lat="48.898309925571084" lon="2.9068799782544374">
				<ele>90.0</ele>
				<time>2020-07-03T11:23:17</time>
			</trkpt>
			<trkpt lat="48.898289976641536" lon="2.9068499710410833">
				<ele>90.0</ele>
				<time>2020-07-03T11:23:17</time>
			</trkpt>
			<trkpt lat="48.898269943892956" lon="2.9068299382925034">
				<ele>90.0</ele>
				<time>2020-07-03T11:23:18</time>
			</trkpt>
			<trkpt lat="48.8982399366796" lon="2.9067999310791492">
				<ele>90.0</ele>
				<time>2020-07-03T11:23:18</time>
			</trkpt>
			<trkpt lat="48.89820992946625" lon="2.906779982149601">
				<ele>90.0</ele>
				<time>2020-07-03T11:23:19</time>
			</trkpt>
			<trkpt lat="48.89817992225289" lon="2.906759949401021">
				<ele>90.0</ele>
				<time>2020-07-03T11:23:19</time>
			</trkpt>
			<trkpt lat="48.89811999164522" lon="2.906749974936247">
				<ele>90.0</ele>
				<time>2020-07-03T11:23:20</time>
			</trkpt>
			<trkpt lat="48.89808998443186" lon="2.906759949401021">
				<ele>90.0</ele>
				<time>2020-07-03T11:23:21</time>
			</trkpt>
			<trkpt lat="48.8980499189347" lon="2.906769923865795">
				<ele>90.0</ele>
				<time>2020-07-03T11:23:22</time>
			</trkpt>
			<trkpt lat="48.89749998226762" lon="2.907019956037402">
				<ele>92.0</ele>
				<time>2020-07-03T11:23:31</time>
			</trkpt>
			<trkpt lat="48.897259924560785" lon="2.9071099776774645">
				<ele>95.0</ele>
				<time>2020-07-03T11:23:35</time>
			</trkpt>
			<trkpt lat="48.89720996841788" lon="2.9071299266070127">
				<ele>95.0</ele>
				<time>2020-07-03T11:23:36</time>
			</trkpt>
			<trkpt lat="48.89717996120453" lon="2.9071399848908186">
				<ele>95.0</ele>
				<time>2020-07-03T11:23:36</time>
			</trkpt>
			<trkpt lat="48.897149953991175" lon="2.9071499593555927">
				<ele>96.0</ele>
				<time>2020-07-03T11:23:37</time>
			</trkpt>
			<trkpt lat="48.897129921242595" lon="2.9071499593555927">
				<ele>96.0</ele>
				<time>2020-07-03T11:23:37</time>
			</trkpt>
			<trkpt lat="48.89708993956447" lon="2.9071499593555927">
				<ele>96.0</ele>
				<time>2020-07-03T11:23:37</time>
			</trkpt>
			<trkpt lat="48.89705993235111" lon="2.9071399848908186">
				<ele>96.0</ele>
				<time>2020-07-03T11:23:38</time>
			</trkpt>
			<trkpt lat="48.89702992513776" lon="2.9071399848908186">
				<ele>97.0</ele>
				<time>2020-07-03T11:23:38</time>
			</trkpt>
			<trkpt lat="48.897019950672984" lon="2.9071299266070127">
				<ele>97.0</ele>
				<time>2020-07-03T11:23:39</time>
			</trkpt>
			<trkpt lat="48.8969499617815" lon="2.907019956037402">
				<ele>97.0</ele>
				<time>2020-07-03T11:23:40</time>
			</trkpt>
			<trkpt lat="48.89692992903292" lon="2.906989948824048">
				<ele>97.0</ele>
				<time>2020-07-03T11:23:41</time>
			</trkpt>
			<trkpt lat="48.89691995456815" lon="2.90694996714592">
				<ele>97.0</ele>
				<time>2020-07-03T11:23:41</time>
			</trkpt>
			<trkpt lat="48.89691995456815" lon="2.9069199599325657">
				<ele>97.0</ele>
				<time>2020-07-03T11:23:41</time>
			</trkpt>
			<trkpt lat="48.89688994735479" lon="2.906729942187667">
				<ele>97.0</ele>
				<time>2020-07-03T11:23:44</time>
			</trkpt>
			<trkpt lat="48.896869998425245" lon="2.906749974936247">
				<ele>97.0</ele>
				<time>2020-07-03T11:23:44</time>
			</trkpt>
			<trkpt lat="48.89681995846331" lon="2.906779982149601">
				<ele>97.0</ele>
				<time>2020-07-03T11:23:45</time>
			</trkpt>
			<trkpt lat="48.89676991850138" lon="2.9068199638277292">
				<ele>97.0</ele>
				<time>2020-07-03T11:23:46</time>
			</trkpt>
			<trkpt lat="48.89672993682325" lon="2.906839996576309">
				<ele>98.0</ele>
				<time>2020-07-03T11:23:46</time>
			</trkpt>
			<trkpt lat="48.896719962358475" lon="2.9068499710410833">
				<ele>98.0</ele>
				<time>2020-07-03T11:23:47</time>
			</trkpt>
			<trkpt lat="48.896479988470674" lon="2.906989948824048">
				<ele>99.0</ele>
				<time>2020-07-03T11:23:51</time>
			</trkpt>
			<trkpt lat="48.89629994519055" lon="2.907039988785982">
				<ele>101.0</ele>
				<time>2020-07-03T11:23:54</time>
			</trkpt>
			<trkpt lat="48.896119985729456" lon="2.9070799704641104">
				<ele>103.0</ele>
				<time>2020-07-03T11:23:56</time>
			</trkpt>
			<trkpt lat="48.89588998630643" lon="2.9070799704641104">
				<ele>105.0</ele>
				<time>2020-07-03T11:24:00</time>
			</trkpt>
			<trkpt lat="48.89579996466637" lon="2.9070699959993362">
				<ele>106.0</ele>
				<time>2020-07-03T11:24:02</time>
			</trkpt>
			<trkpt lat="48.89569996856153" lon="2.9070499632507563">
				<ele>106.0</ele>
				<time>2020-07-03T11:24:03</time>
			</trkpt>
			<trkpt lat="48.89548991806805" lon="2.906999923288822">
				<ele>108.0</ele>
				<time>2020-07-03T11:24:07</time>
			</trkpt>
			<trkpt lat="48.895389921963215" lon="2.906979974359274">
				<ele>108.0</ele>
				<time>2020-07-03T11:24:08</time>
			</trkpt>
			<trkpt lat="48.89526997692883" lon="2.90694996714592">
				<ele>109.0</ele>
				<time>2020-07-03T11:24:10</time>
			</trkpt>
			<trkpt lat="48.895149948075414" lon="2.9069399926811457">
				<ele>109.0</ele>
				<time>2020-07-03T11:24:12</time>
			</trkpt>
			<trkpt lat="48.8950399775058" lon="2.9069399926811457">
				<ele>109.0</ele>
				<time>2020-07-03T11:24:14</time>
			</trkpt>
			<trkpt lat="48.89494995586574" lon="2.90694996714592">
				<ele>109.0</ele>
				<time>2020-07-03T11:24:15</time>
			</trkpt>
			<trkpt lat="48.894849959760904" lon="2.906979974359274">
				<ele>110.0</ele>
				<time>2020-07-03T11:24:17</time>
			</trkpt>
			<trkpt lat="48.894739989191294" lon="2.9070299305021763">
				<ele>110.0</ele>
				<time>2020-07-03T11:24:19</time>
			</trkpt>
			<trkpt lat="48.8945999275893" lon="2.9071099776774645">
				<ele>111.0</ele>
				<time>2020-07-03T11:24:21</time>
			</trkpt>
			<trkpt lat="48.89448995701969" lon="2.907179966568947">
				<ele>112.0</ele>
				<time>2020-07-03T11:24:23</time>
			</trkpt>
			<trkpt lat="48.89440999366343" lon="2.907249955460429">
				<ele>112.0</ele>
				<time>2020-07-03T11:24:25</time>
			</trkpt>
			<trkpt lat="48.894229950383306" lon="2.9074599221348763">
				<ele>113.0</ele>
				<time>2020-07-03T11:24:28</time>
			</trkpt>
			<trkpt lat="48.894099947065115" lon="2.907659998163581">
				<ele>115.0</ele>
				<time>2020-07-03T11:24:31</time>
			</trkpt>
			<trkpt lat="48.89408997260034" lon="2.907669972628355">
				<ele>115.0</ele>
				<time>2020-07-03T11:24:31</time>
			</trkpt>
			<trkpt lat="48.89395996928215" lon="2.907869964838028">
				<ele>116.0</ele>
				<time>2020-07-03T11:24:34</time>
			</trkpt>
			<trkpt lat="48.89391998760402" lon="2.907929979264736">
				<ele>116.0</ele>
				<time>2020-07-03T11:24:35</time>
			</trkpt>
			<trkpt lat="48.89388998039067" lon="2.9079899936914444">
				<ele>116.0</ele>
				<time>2020-07-03T11:24:36</time>
			</trkpt>
			<trkpt lat="48.89387992210686" lon="2.9079899936914444">
				<ele>117.0</ele>
				<time>2020-07-03T11:24:36</time>
			</trkpt>
			<trkpt lat="48.89375997707248" lon="2.9081899859011173">
				<ele>118.0</ele>
				<time>2020-07-03T11:24:39</time>
			</trkpt>
			<trkpt lat="48.89365998096764" lon="2.908349996432662">
				<ele>120.0</ele>
				<time>2020-07-03T11:24:41</time>
			</trkpt>
			<trkpt lat="48.89361999928951" lon="2.9084299597889185">
				<ele>120.0</ele>
				<time>2020-07-03T11:24:42</time>
			</trkpt>
			<trkpt lat="48.893559984862804" lon="2.908549988642335">
				<ele>121.0</ele>
				<time>2020-07-03T11:24:44</time>
			</trkpt>
			<trkpt lat="48.893499970436096" lon="2.9086799919605255">
				<ele>122.0</ele>
				<time>2020-07-03T11:24:46</time>
			</trkpt>
			<trkpt lat="48.89346996322274" lon="2.908759955316782">
				<ele>122.0</ele>
				<time>2020-07-03T11:24:47</time>
			</trkpt>
			<trkpt lat="48.89341992326081" lon="2.9088599514216185">
				<ele>123.0</ele>
				<time>2020-07-03T11:24:48</time>
			</trkpt>
			<trkpt lat="48.89327994547784" lon="2.908949973061681">
				<ele>123.0</ele>
				<time>2020-07-03T11:24:50</time>
			</trkpt>
			<trkpt lat="48.89324993826449" lon="2.908959947526455">
				<ele>123.0</ele>
				<time>2020-07-03T11:24:51</time>
			</trkpt>
			<trkpt lat="48.89319998212159" lon="2.908979980275035">
				<ele>123.0</ele>
				<time>2020-07-03T11:24:52</time>
			</trkpt>
			<trkpt lat="48.893049946054816" lon="2.909019961953163">
				<ele>124.0</ele>
				<time>2020-07-03T11:24:54</time>
			</trkpt>
			<trkpt lat="48.892789939418435" lon="2.908959947526455">
				<ele>124.0</ele>
				<time>2020-07-03T11:24:58</time>
			</trkpt>
			<trkpt lat="48.89258994720876" lon="2.9088799841701984">
				<ele>124.0</ele>
				<time>2020-07-03T11:25:02</time>
			</trkpt>
			<trkpt lat="48.8924999255687" lon="2.9088399186730385">
				<ele>124.0</ele>
				<time>2020-07-03T11:25:03</time>
			</trkpt>
			<trkpt lat="48.8924499694258" lon="2.90881996974349">
				<ele>124.0</ele>
				<time>2020-07-03T11:25:04</time>
			</trkpt>
			<trkpt lat="48.892379980534315" lon="2.908779988065362">
				<ele>124.0</ele>
				<time>2020-07-03T11:25:05</time>
			</trkpt>
			<trkpt lat="48.8918799161911" lon="2.9084099270403385">
				<ele>124.0</ele>
				<time>2020-07-03T11:25:14</time>
			</trkpt>
			<trkpt lat="48.89165997505188" lon="2.908279923722148">
				<ele>123.0</ele>
				<time>2020-07-03T11:25:18</time>
			</trkpt>
			<trkpt lat="48.89155997894704" lon="2.9082399420440197">
				<ele>124.0</ele>
				<time>2020-07-03T11:25:20</time>
			</trkpt>
			<trkpt lat="48.89131992124021" lon="2.908159978687763">
				<ele>124.0</ele>
				<time>2020-07-03T11:25:23</time>
			</trkpt>
			<trkpt lat="48.891259990632534" lon="2.9081499204039574">
				<ele>124.0</ele>
				<time>2020-07-03T11:25:24</time>
			</trkpt>
			<trkpt lat="48.891179943457246" lon="2.9081499204039574">
				<ele>124.0</ele>
				<time>2020-07-03T11:25:26</time>
			</trkpt>
			<trkpt lat="48.891069972887635" lon="2.9081399459391832">
				<ele>124.0</ele>
				<time>2020-07-03T11:25:27</time>
			</trkpt>
			<trkpt lat="48.89094994403422" lon="2.9081499204039574">
				<ele>125.0</ele>
				<time>2020-07-03T11:25:29</time>
			</trkpt>
			<trkpt lat="48.89086998067796" lon="2.908159978687763">
				<ele>125.0</ele>
				<time>2020-07-03T11:25:31</time>
			</trkpt>
			<trkpt lat="48.890589941293" lon="2.9082299675792456">
				<ele>126.0</ele>
				<time>2020-07-03T11:25:35</time>
			</trkpt>
			<trkpt lat="48.890489945188165" lon="2.9082599747925997">
				<ele>126.0</ele>
				<time>2020-07-03T11:25:37</time>
			</trkpt>
			<trkpt lat="48.89044996351004" lon="2.908269949257374">
				<ele>126.0</ele>
				<time>2020-07-03T11:25:38</time>
			</trkpt>
			<trkpt lat="48.889909917488694" lon="2.9084699414670467">
				<ele>125.0</ele>
				<time>2020-07-03T11:25:46</time>
			</trkpt>
			<trkpt lat="48.8894899841398" lon="2.9086299519985914">
				<ele>125.0</ele>
				<time>2020-07-03T11:25:53</time>
			</trkpt>
			<trkpt lat="48.88939996249974" lon="2.9086599592119455">
				<ele>125.0</ele>
				<time>2020-07-03T11:25:55</time>
			</trkpt>
			<trkpt lat="48.88927993364632" lon="2.9086999408900738">
				<ele>125.0</ele>
				<time>2020-07-03T11:25:57</time>
			</trkpt>
			<trkpt lat="48.88915998861194" lon="2.908729948103428">
				<ele>124.0</ele>
				<time>2020-07-03T11:25:59</time>
			</trkpt>
			<trkpt lat="48.889069966971874" lon="2.908759955316782">
				<ele>124.0</ele>
				<time>2020-07-03T11:26:00</time>
			</trkpt>
			<trkpt lat="48.88862991705537" lon="2.9088599514216185">
				<ele>122.0</ele>
				<time>2020-07-03T11:26:07</time>
			</trkpt>
			<trkpt lat="48.88825993984938" lon="2.9089399985969067">
				<ele>120.0</ele>
				<time>2020-07-03T11:26:13</time>
			</trkpt>
			<trkpt lat="48.8880099914968" lon="2.908999929204583">
				<ele>119.0</ele>
				<time>2020-07-03T11:26:17</time>
			</trkpt>
			<trkpt lat="48.8875799998641" lon="2.9091399908065796">
				<ele>117.0</ele>
				<time>2020-07-03T11:26:24</time>
			</trkpt>
			<trkpt lat="48.88731999322772" lon="2.90922992862761">
				<ele>117.0</ele>
				<time>2020-07-03T11:26:29</time>
			</trkpt>
			<trkpt lat="48.88712997548282" lon="2.9092999175190926">
				<ele>116.0</ele>
				<time>2020-07-03T11:26:32</time>
			</trkpt>
			<trkpt lat="48.8869499322027" lon="2.9093399830162525">
				<ele>116.0</ele>
				<time>2020-07-03T11:26:35</time>
			</trkpt>
			<trkpt lat="48.88675999827683" lon="2.9093499574810266">
				<ele>115.0</ele>
				<time>2020-07-03T11:26:38</time>
			</trkpt>
			<trkpt lat="48.886579954996705" lon="2.9093499574810266">
				<ele>114.0</ele>
				<time>2020-07-03T11:26:41</time>
			</trkpt>
			<trkpt lat="48.886039992794394" lon="2.90926999412477">
				<ele>111.0</ele>
				<time>2020-07-03T11:26:49</time>
			</trkpt>
			<trkpt lat="48.88596992008388" lon="2.90926999412477">
				<ele>111.0</ele>
				<time>2020-07-03T11:26:50</time>
			</trkpt>
			<trkpt lat="48.88587998226285" lon="2.9092599358409643">
				<ele>111.0</ele>
				<time>2020-07-03T11:26:52</time>
			</trkpt>
			<trkpt lat="48.88561997562647" lon="2.9092599358409643">
				<ele>109.0</ele>
				<time>2020-07-03T11:26:56</time>
			</trkpt>
			<trkpt lat="48.88553992845118" lon="2.9092599358409643">
				<ele>109.0</ele>
				<time>2020-07-03T11:26:57</time>
			</trkpt>
			<trkpt lat="48.88530992902815" lon="2.9092899430543184">
				<ele>108.0</ele>
				<time>2020-07-03T11:27:01</time>
			</trkpt>
			<trkpt lat="48.88514991849661" lon="2.9093299247324467">
				<ele>107.0</ele>
				<time>2020-07-03T11:27:04</time>
			</trkpt>
			<trkpt lat="48.88510993681848" lon="2.9093499574810266">
				<ele>107.0</ele>
				<time>2020-07-03T11:27:04</time>
			</trkpt>
			<trkpt lat="48.88505998067558" lon="2.909359931945801">
				<ele>107.0</ele>
				<time>2020-07-03T11:27:05</time>
			</trkpt>
			<trkpt lat="48.88487993739545" lon="2.909419946372509">
				<ele>106.0</ele>
				<time>2020-07-03T11:27:08</time>
			</trkpt>
			<trkpt lat="48.884429996833205" lon="2.9095699824392796">
				<ele>105.0</ele>
				<time>2020-07-03T11:27:15</time>
			</trkpt>
			<trkpt lat="48.8844199385494" lon="2.9095599241554737">
				<ele>105.0</ele>
				<time>2020-07-03T11:27:16</time>
			</trkpt>
			<trkpt lat="48.88439998961985" lon="2.9095599241554737">
				<ele>105.0</ele>
				<time>2020-07-03T11:27:16</time>
			</trkpt>
			<trkpt lat="48.88437995687127" lon="2.9095499496906996">
				<ele>104.0</ele>
				<time>2020-07-03T11:27:16</time>
			</trkpt>
			<trkpt lat="48.8843699824065" lon="2.9095499496906996">
				<ele>104.0</ele>
				<time>2020-07-03T11:27:16</time>
			</trkpt>
			<trkpt lat="48.88435992412269" lon="2.9095399752259254">
				<ele>104.0</ele>
				<time>2020-07-03T11:27:17</time>
			</trkpt>
			<trkpt lat="48.88433997519314" lon="2.9095099680125713">
				<ele>104.0</ele>
				<time>2020-07-03T11:27:17</time>
			</trkpt>
			<trkpt lat="48.88372994028032" lon="2.9086899664252996">
				<ele>102.0</ele>
				<time>2020-07-03T11:27:30</time>
			</trkpt>
			<trkpt lat="48.883569929748774" lon="2.9084699414670467">
				<ele>102.0</ele>
				<time>2020-07-03T11:27:34</time>
			</trkpt>
			<trkpt lat="48.88344998471439" lon="2.908299956470728">
				<ele>101.0</ele>
				<time>2020-07-03T11:27:36</time>
			</trkpt>
			<trkpt lat="48.88333993032575" lon="2.9081399459391832">
				<ele>101.0</ele>
				<time>2020-07-03T11:27:39</time>
			</trkpt>
			<trkpt lat="48.8831299636513" lon="2.907839957624674">
				<ele>100.0</ele>
				<time>2020-07-03T11:27:43</time>
			</trkpt>
			<trkpt lat="48.88304991647601" lon="2.9077199287712574">
				<ele>100.0</ele>
				<time>2020-07-03T11:27:45</time>
			</trkpt>
			<trkpt lat="48.882989985868335" lon="2.907649939879775">
				<ele>99.0</ele>
				<time>2020-07-03T11:27:46</time>
			</trkpt>
			<trkpt lat="48.882839949801564" lon="2.9074599221348763">
				<ele>99.0</ele>
				<time>2020-07-03T11:27:49</time>
			</trkpt>
			<trkpt lat="48.88265999034047" lon="2.907239980995655">
				<ele>98.0</ele>
				<time>2020-07-03T11:27:53</time>
			</trkpt>
			<trkpt lat="48.88252998702228" lon="2.9070999193936586">
				<ele>98.0</ele>
				<time>2020-07-03T11:27:56</time>
			</trkpt>
			<trkpt lat="48.88243996538222" lon="2.907009981572628">
				<ele>98.0</ele>
				<time>2020-07-03T11:27:57</time>
			</trkpt>
			<trkpt lat="48.882219940423965" lon="2.906809989362955">
				<ele>97.0</ele>
				<time>2020-07-03T11:28:01</time>
			</trkpt>
			<trkpt lat="48.882079962641" lon="2.9066799860447645">
				<ele>97.0</ele>
				<time>2020-07-03T11:28:04</time>
			</trkpt>
			<trkpt lat="48.88206998817623" lon="2.9066699277609587">
				<ele>97.0</ele>
				<time>2020-07-03T11:28:04</time>
			</trkpt>
			<trkpt lat="48.88201994821429" lon="2.9066299460828304">
				<ele>97.0</ele>
				<time>2020-07-03T11:28:05</time>
			</trkpt>
			<trkpt lat="48.8818899448961" lon="2.906549982726574">
				<ele>96.0</ele>
				<time>2020-07-03T11:28:07</time>
			</trkpt>
			<trkpt lat="48.88174996711314" lon="2.9064499866217375">
				<ele>96.0</ele>
				<time>2020-07-03T11:28:10</time>
			</trkpt>
			<trkpt lat="48.881679978221655" lon="2.9063999466598034">
				<ele>96.0</ele>
				<time>2020-07-03T11:28:11</time>
			</trkpt>
			<trkpt lat="48.88155994936824" lon="2.906309925019741">
				<ele>95.0</ele>
				<time>2020-07-03T11:28:13</time>
			</trkpt>
			<trkpt lat="48.88147998601198" lon="2.9062399361282587">
				<ele>95.0</ele>
				<time>2020-07-03T11:28:15</time>
			</trkpt>
			<trkpt lat="48.881379989907146" lon="2.906149998307228">
				<ele>95.0</ele>
				<time>2020-07-03T11:28:17</time>
			</trkpt>
			<trkpt lat="48.88125996105373" lon="2.90604991838336">
				<ele>94.0</ele>
				<time>2020-07-03T11:28:19</time>
			</trkpt>
			<trkpt lat="48.88113993220031" lon="2.9059499222785234">
				<ele>94.0</ele>
				<time>2020-07-03T11:28:21</time>
			</trkpt>
			<trkpt lat="48.88095997273922" lon="2.905849926173687">
				<ele>93.0</ele>
				<time>2020-07-03T11:28:24</time>
			</trkpt>
			<trkpt lat="48.88093993999064" lon="2.905839951708913">
				<ele>93.0</ele>
				<time>2020-07-03T11:28:24</time>
			</trkpt>
			<trkpt lat="48.880799962207675" lon="2.9057899955660105">
				<ele>92.0</ele>
				<time>2020-07-03T11:28:27</time>
			</trkpt>
			<trkpt lat="48.88069996610284" lon="2.9057599883526564">
				<ele>92.0</ele>
				<time>2020-07-03T11:28:28</time>
			</trkpt>
			<trkpt lat="48.88063995167613" lon="2.9057399556040764">
				<ele>92.0</ele>
				<time>2020-07-03T11:28:29</time>
			</trkpt>
			<trkpt lat="48.88056996278465" lon="2.9057299811393023">
				<ele>92.0</ele>
				<time>2020-07-03T11:28:30</time>
			</trkpt>
			<trkpt lat="48.88033996336162" lon="2.9057199228554964">
				<ele>91.0</ele>
				<time>2020-07-03T11:28:34</time>
			</trkpt>
			<trkpt lat="48.880109963938594" lon="2.9057199228554964">
				<ele>91.0</ele>
				<time>2020-07-03T11:28:38</time>
			</trkpt>
			<trkpt lat="48.880049949511886" lon="2.9057099483907223">
				<ele>91.0</ele>
				<time>2020-07-03T11:28:39</time>
			</trkpt>
			<trkpt lat="48.87982992455363" lon="2.905679941177368">
				<ele>91.0</ele>
				<time>2020-07-03T11:28:42</time>
			</trkpt>
			<trkpt lat="48.879729928448796" lon="2.905669966712594">
				<ele>91.0</ele>
				<time>2020-07-03T11:28:44</time>
			</trkpt>
			<trkpt lat="48.879659939557314" lon="2.905669966712594">
				<ele>91.0</ele>
				<time>2020-07-03T11:28:45</time>
			</trkpt>
			<trkpt lat="48.87957997620106" lon="2.905679941177368">
				<ele>91.0</ele>
				<time>2020-07-03T11:28:46</time>
			</trkpt>
			<trkpt lat="48.879509987309575" lon="2.905679941177368">
				<ele>91.0</ele>
				<time>2020-07-03T11:28:47</time>
			</trkpt>
			<trkpt lat="48.87944997288287" lon="2.905689999461174">
				<ele>91.0</ele>
				<time>2020-07-03T11:28:48</time>
			</trkpt>
			<trkpt lat="48.87934997677803" lon="2.9057199228554964">
				<ele>92.0</ele>
				<time>2020-07-03T11:28:50</time>
			</trkpt>
			<trkpt lat="48.879339918494225" lon="2.9057199228554964">
				<ele>92.0</ele>
				<time>2020-07-03T11:28:50</time>
			</trkpt>
			<trkpt lat="48.879319969564676" lon="2.9057199228554964">
				<ele>92.0</ele>
				<time>2020-07-03T11:28:51</time>
			</trkpt>
			<trkpt lat="48.879229947924614" lon="2.9057499300688505">
				<ele>92.0</ele>
				<time>2020-07-03T11:28:52</time>
			</trkpt>
			<trkpt lat="48.87900992296636" lon="2.905819918960333">
				<ele>92.0</ele>
				<time>2020-07-03T11:28:56</time>
			</trkpt>
			<trkpt lat="48.87865997850895" lon="2.905929973348975">
				<ele>92.0</ele>
				<time>2020-07-03T11:29:01</time>
			</trkpt>
			<trkpt lat="48.878479935228825" lon="2.9059899877756834">
				<ele>92.0</ele>
				<time>2020-07-03T11:29:04</time>
			</trkpt>
			<trkpt lat="48.87837993912399" lon="2.9060199949890375">
				<ele>93.0</ele>
				<time>2020-07-03T11:29:06</time>
			</trkpt>
			<trkpt lat="48.878369964659214" lon="2.9060199949890375">
				<ele>93.0</ele>
				<time>2020-07-03T11:29:06</time>
			</trkpt>
			<trkpt lat="48.878329982981086" lon="2.9060299694538116">
				<ele>93.0</ele>
				<time>2020-07-03T11:29:07</time>
			</trkpt>
			<trkpt lat="48.87827994301915" lon="2.9060399439185858">
				<ele>94.0</ele>
				<time>2020-07-03T11:29:08</time>
			</trkpt>
			<trkpt lat="48.87822998687625" lon="2.9060399439185858">
				<ele>94.0</ele>
				<time>2020-07-03T11:29:08</time>
			</trkpt>
			<trkpt lat="48.878179946914315" lon="2.9060299694538116">
				<ele>94.0</ele>
				<time>2020-07-03T11:29:09</time>
			</trkpt>
			<trkpt lat="48.87816997244954" lon="2.9060099367052317">
				<ele>94.0</ele>
				<time>2020-07-03T11:29:09</time>
			</trkpt>
			<trkpt lat="48.87814993970096" lon="2.9059899877756834">
				<ele>94.0</ele>
				<time>2020-07-03T11:29:10</time>
			</trkpt>
			<trkpt lat="48.877859925851226" lon="2.905589919537306">
				<ele>95.0</ele>
				<time>2020-07-03T11:29:16</time>
			</trkpt>
			<trkpt lat="48.8773899525404" lon="2.904959935694933">
				<ele>97.0</ele>
				<time>2020-07-03T11:29:26</time>
			</trkpt>
			<trkpt lat="48.87726992368698" lon="2.9047999251633883">
				<ele>98.0</ele>
				<time>2020-07-03T11:29:29</time>
			</trkpt>
			<trkpt lat="48.87713992036879" lon="2.9046299401670694">
				<ele>99.0</ele>
				<time>2020-07-03T11:29:31</time>
			</trkpt>
			<trkpt lat="48.87677991762757" lon="2.904289970174432">
				<ele>101.0</ele>
				<time>2020-07-03T11:29:38</time>
			</trkpt>
			<trkpt lat="48.87653994373977" lon="2.9040599707514048">
				<ele>102.0</ele>
				<time>2020-07-03T11:29:43</time>
			</trkpt>
			<trkpt lat="48.87644992209971" lon="2.9039899818599224">
				<ele>103.0</ele>
				<time>2020-07-03T11:29:44</time>
			</trkpt>
			<trkpt lat="48.8760999776423" lon="2.9037499241530895">
				<ele>104.0</ele>
				<time>2020-07-03T11:29:51</time>
			</trkpt>
			<trkpt lat="48.87603996321559" lon="2.903699968010187">
				<ele>105.0</ele>
				<time>2020-07-03T11:29:52</time>
			</trkpt>
			<trkpt lat="48.87569999322295" lon="2.9035199247300625">
				<ele>106.0</ele>
				<time>2020-07-03T11:29:57</time>
			</trkpt>
			<trkpt lat="48.87511996552348" lon="2.9032999835908413">
				<ele>109.0</ele>
				<time>2020-07-03T11:30:07</time>
			</trkpt>
			<trkpt lat="48.87508995831013" lon="2.9032899253070354">
				<ele>109.0</ele>
				<time>2020-07-03T11:30:07</time>
			</trkpt>
			<trkpt lat="48.874869933351874" lon="2.903179954737425">
				<ele>110.0</ele>
				<time>2020-07-03T11:30:11</time>
			</trkpt>
			<trkpt lat="48.87479994446039" lon="2.9031399730592966">
				<ele>110.0</ele>
				<time>2020-07-03T11:30:12</time>
			</trkpt>
			<trkpt lat="48.874719981104136" lon="2.9030999913811684">
				<ele>110.0</ele>
				<time>2020-07-03T11:30:14</time>
			</trkpt>
			<trkpt lat="48.87455997057259" lon="2.903009969741106">
				<ele>111.0</ele>
				<time>2020-07-03T11:30:16</time>
			</trkpt>
			<trkpt lat="48.87452996335924" lon="2.902989936992526">
				<ele>111.0</ele>
				<time>2020-07-03T11:30:17</time>
			</trkpt>
			<trkpt lat="48.874459974467754" lon="2.902959929779172">
				<ele>111.0</ele>
				<time>2020-07-03T11:30:18</time>
			</trkpt>
			<trkpt lat="48.8742399495095" lon="2.902839984744787">
				<ele>112.0</ele>
				<time>2020-07-03T11:30:22</time>
			</trkpt>
			<trkpt lat="48.87414992786944" lon="2.902789944782853">
				<ele>112.0</ele>
				<time>2020-07-03T11:30:23</time>
			</trkpt>
			<trkpt lat="48.87406996451318" lon="2.9027399886399508">
				<ele>113.0</ele>
				<time>2020-07-03T11:30:25</time>
			</trkpt>
			<trkpt lat="48.873949935659766" lon="2.9026799742132425">
				<ele>113.0</ele>
				<time>2020-07-03T11:30:27</time>
			</trkpt>
			<trkpt lat="48.87393996119499" lon="2.9026699997484684">
				<ele>113.0</ele>
				<time>2020-07-03T11:30:27</time>
			</trkpt>
			<trkpt lat="48.87378992512822" lon="2.9026199597865343">
				<ele>114.0</ele>
				<time>2020-07-03T11:30:29</time>
			</trkpt>
			<trkpt lat="48.87363997288048" lon="2.902579978108406">
				<ele>114.0</ele>
				<time>2020-07-03T11:30:32</time>
			</trkpt>
			<trkpt lat="48.873599991202354" lon="2.902579978108406">
				<ele>114.0</ele>
				<time>2020-07-03T11:30:33</time>
			</trkpt>
			<trkpt lat="48.87352991849184" lon="2.90258995257318">
				<ele>115.0</ele>
				<time>2020-07-03T11:30:34</time>
			</trkpt>
			<trkpt lat="48.873449955135584" lon="2.9025999270379543">
				<ele>115.0</ele>
				<time>2020-07-03T11:30:35</time>
			</trkpt>
			<trkpt lat="48.87331995181739" lon="2.9026299342513084">
				<ele>115.0</ele>
				<time>2020-07-03T11:30:37</time>
			</trkpt>
			<trkpt lat="48.87298995628953" lon="2.9026899486780167">
				<ele>116.0</ele>
				<time>2020-07-03T11:30:42</time>
			</trkpt>
			<trkpt lat="48.872659960761666" lon="2.902759937569499">
				<ele>117.0</ele>
				<time>2020-07-03T11:30:48</time>
			</trkpt>
			<trkpt lat="48.872569939121604" lon="2.902779970318079">
				<ele>117.0</ele>
				<time>2020-07-03T11:30:49</time>
			</trkpt>
			<trkpt lat="48.87192998081446" lon="2.9029199481010437">
				<ele>120.0</ele>
				<time>2020-07-03T11:31:00</time>
			</trkpt>
			<trkpt lat="48.87173996306956" lon="2.902949955314398">
				<ele>121.0</ele>
				<time>2020-07-03T11:31:03</time>
			</trkpt>
			<trkpt lat="48.87156997807324" lon="2.902959929779172">
				<ele>121.0</ele>
				<time>2020-07-03T11:31:05</time>
			</trkpt>
			<trkpt lat="48.871279964223504" lon="2.902969988062978">
				<ele>121.0</ele>
				<time>2020-07-03T11:31:10</time>
			</trkpt>
			<trkpt lat="48.87096991762519" lon="2.902969988062978">
				<ele>121.0</ele>
				<time>2020-07-03T11:31:15</time>
			</trkpt>
			<trkpt lat="48.87071996927261" lon="2.902959929779172">
				<ele>122.0</ele>
				<time>2020-07-03T11:31:19</time>
			</trkpt>
			<trkpt lat="48.87027991935611" lon="2.902949955314398">
				<ele>122.0</ele>
				<time>2020-07-03T11:31:26</time>
			</trkpt>
			<trkpt lat="48.86970994994044" lon="2.902949955314398">
				<ele>123.0</ele>
				<time>2020-07-03T11:31:35</time>
			</trkpt>
			<trkpt lat="48.869089940562844" lon="2.902949955314398">
				<ele>123.0</ele>
				<time>2020-07-03T11:31:45</time>
			</trkpt>
			<trkpt lat="48.86845995672047" lon="2.902949955314398">
				<ele>121.0</ele>
				<time>2020-07-03T11:31:55</time>
			</trkpt>
			<trkpt lat="48.868339927867055" lon="2.902949955314398">
				<ele>121.0</ele>
				<time>2020-07-03T11:31:57</time>
			</trkpt>
			<trkpt lat="48.86821998283267" lon="2.9029399808496237">
				<ele>120.0</ele>
				<time>2020-07-03T11:31:59</time>
			</trkpt>
			<trkpt lat="48.86796995066106" lon="2.9029399808496237">
				<ele>118.0</ele>
				<time>2020-07-03T11:32:03</time>
			</trkpt>
			<trkpt lat="48.86783994734287" lon="2.9029399808496237">
				<ele>117.0</ele>
				<time>2020-07-03T11:32:05</time>
			</trkpt>
			<trkpt lat="48.86774992570281" lon="2.9029399808496237">
				<ele>117.0</ele>
				<time>2020-07-03T11:32:06</time>
			</trkpt>
			<trkpt lat="48.86770994402468" lon="2.902949955314398">
				<ele>116.0</ele>
				<time>2020-07-03T11:32:07</time>
			</trkpt>
			<trkpt lat="48.867669962346554" lon="2.902949955314398">
				<ele>116.0</ele>
				<time>2020-07-03T11:32:08</time>
			</trkpt>
			<trkpt lat="48.867609947919846" lon="2.902969988062978">
				<ele>116.0</ele>
				<time>2020-07-03T11:32:09</time>
			</trkpt>
			<trkpt lat="48.86754993349314" lon="2.902989936992526">
				<ele>115.0</ele>
				<time>2020-07-03T11:32:10</time>
			</trkpt>
			<trkpt lat="48.867499977350235" lon="2.90301994420588">
				<ele>114.0</ele>
				<time>2020-07-03T11:32:11</time>
			</trkpt>
			<trkpt lat="48.8674499373883" lon="2.9030499514192343">
				<ele>114.0</ele>
				<time>2020-07-03T11:32:11</time>
			</trkpt>
			<trkpt lat="48.867289926856756" lon="2.903189929202199">
				<ele>113.0</ele>
				<time>2020-07-03T11:32:14</time>
			</trkpt>
			<trkpt lat="48.8672599196434" lon="2.903209961950779">
				<ele>113.0</ele>
				<time>2020-07-03T11:32:15</time>
			</trkpt>
			<trkpt lat="48.86652993969619" lon="2.90387992747128">
				<ele>108.0</ele>
				<time>2020-07-03T11:32:29</time>
			</trkpt>
			<trkpt lat="48.86614998802543" lon="2.9042199812829494">
				<ele>104.0</ele>
				<time>2020-07-03T11:32:36</time>
			</trkpt>
			<trkpt lat="48.86600992642343" lon="2.90432995185256">
				<ele>103.0</ele>
				<time>2020-07-03T11:32:38</time>
			</trkpt>
			<trkpt lat="48.865929963067174" lon="2.9043699335306883">
				<ele>103.0</ele>
				<time>2020-07-03T11:32:40</time>
			</trkpt>
			<trkpt lat="48.86583994142711" lon="2.9043999407440424">
				<ele>102.0</ele>
				<time>2020-07-03T11:32:41</time>
			</trkpt>
			<trkpt lat="48.8657299708575" lon="2.9044199734926224">
				<ele>101.0</ele>
				<time>2020-07-03T11:32:43</time>
			</trkpt>
			<trkpt lat="48.86546996422112" lon="2.9044299479573965">
				<ele>99.0</ele>
				<time>2020-07-03T11:32:47</time>
			</trkpt>
			<trkpt lat="48.86527994647622" lon="2.9044299479573965">
				<ele>98.0</ele>
				<time>2020-07-03T11:32:50</time>
			</trkpt>
			<trkpt lat="48.86482992209494" lon="2.9044399224221706">
				<ele>94.0</ele>
				<time>2020-07-03T11:32:57</time>
			</trkpt>
			<trkpt lat="48.86469991877675" lon="2.9044499807059765">
				<ele>92.0</ele>
				<time>2020-07-03T11:32:59</time>
			</trkpt>
			<trkpt lat="48.864639988169074" lon="2.9044299479573965">
				<ele>92.0</ele>
				<time>2020-07-03T11:33:00</time>
			</trkpt>
			<trkpt lat="48.864579973742366" lon="2.9044099990278482">
				<ele>91.0</ele>
				<time>2020-07-03T11:33:01</time>
			</trkpt>
			<trkpt lat="48.86446991935372" lon="2.904339926317334">
				<ele>90.0</ele>
				<time>2020-07-03T11:33:03</time>
			</trkpt>
			<trkpt lat="48.86439993046224" lon="2.9042599629610777">
				<ele>90.0</ele>
				<time>2020-07-03T11:33:05</time>
			</trkpt>
			<trkpt lat="48.86432994157076" lon="2.9041699413210154">
				<ele>89.0</ele>
				<time>2020-07-03T11:33:06</time>
			</trkpt>
			<trkpt lat="48.86426992714405" lon="2.904079919680953">
				<ele>88.0</ele>
				<time>2020-07-03T11:33:07</time>
			</trkpt>
			<trkpt lat="48.86422994546592" lon="2.9040099307894707">
				<ele>88.0</ele>
				<time>2020-07-03T11:33:08</time>
			</trkpt>
			<trkpt lat="48.86419993825257" lon="2.90389996021986">
				<ele>88.0</ele>
				<time>2020-07-03T11:33:10</time>
			</trkpt>
			<trkpt lat="48.86413992382586" lon="2.9037199169397354">
				<ele>87.0</ele>
				<time>2020-07-03T11:33:12</time>
			</trkpt>
			<trkpt lat="48.86411997489631" lon="2.903619920834899">
				<ele>87.0</ele>
				<time>2020-07-03T11:33:13</time>
			</trkpt>
			<trkpt lat="48.86408996768296" lon="2.9035199247300625">
				<ele>87.0</ele>
				<time>2020-07-03T11:33:14</time>
			</trkpt>
			<trkpt lat="48.86404998600483" lon="2.90344993583858">
				<ele>86.0</ele>
				<time>2020-07-03T11:33:15</time>
			</trkpt>
			<trkpt lat="48.86398997157812" lon="2.9033599980175495">
				<ele>86.0</ele>
				<time>2020-07-03T11:33:16</time>
			</trkpt>
			<trkpt lat="48.86391998268664" lon="2.9032899253070354">
				<ele>85.0</ele>
				<time>2020-07-03T11:33:18</time>
			</trkpt>
			<trkpt lat="48.863889975473285" lon="2.9032599180936813">
				<ele>84.0</ele>
				<time>2020-07-03T11:33:18</time>
			</trkpt>
			<trkpt lat="48.86384999379516" lon="2.903229994699359">
				<ele>84.0</ele>
				<time>2020-07-03T11:33:19</time>
			</trkpt>
			<trkpt lat="48.86376994661987" lon="2.903189929202199">
				<ele>83.0</ele>
				<time>2020-07-03T11:33:20</time>
			</trkpt>
			<trkpt lat="48.86363994330168" lon="2.9031699802726507">
				<ele>81.0</ele>
				<time>2020-07-03T11:33:22</time>
			</trkpt>
			<trkpt lat="48.86357992887497" lon="2.903179954737425">
				<ele>80.0</ele>
				<time>2020-07-03T11:33:23</time>
			</trkpt>
			<trkpt lat="48.86353994719684" lon="2.903189929202199">
				<ele>80.0</ele>
				<time>2020-07-03T11:33:24</time>
			</trkpt>
			<trkpt lat="48.86348999105394" lon="2.903209961950779">
				<ele>79.0</ele>
				<time>2020-07-03T11:33:25</time>
			</trkpt>
			<trkpt lat="48.863439951092005" lon="2.903229994699359">
				<ele>78.0</ele>
				<time>2020-07-03T11:33:26</time>
			</trkpt>
			<trkpt lat="48.8633799366653" lon="2.9032799508422613">
				<ele>77.0</ele>
				<time>2020-07-03T11:33:27</time>
			</trkpt>
			<trkpt lat="48.86334992945194" lon="2.9033199325203896">
				<ele>77.0</ele>
				<time>2020-07-03T11:33:27</time>
			</trkpt>
			<trkpt lat="48.86325999163091" lon="2.90344993583858">
				<ele>75.0</ele>
				<time>2020-07-03T11:33:29</time>
			</trkpt>
			<trkpt lat="48.86321992613375" lon="2.9035399574786425">
				<ele>75.0</ele>
				<time>2020-07-03T11:33:31</time>
			</trkpt>
			<trkpt lat="48.86314993724227" lon="2.903699968010187">
				<ele>73.0</ele>
				<time>2020-07-03T11:33:33</time>
			</trkpt>
			<trkpt lat="48.86309998109937" lon="2.903839945793152">
				<ele>72.0</ele>
				<time>2020-07-03T11:33:34</time>
			</trkpt>
			<trkpt lat="48.86307994835079" lon="2.903869953006506">
				<ele>72.0</ele>
				<time>2020-07-03T11:33:35</time>
			</trkpt>
			<trkpt lat="48.86301993392408" lon="2.9040499962866306">
				<ele>71.0</ele>
				<time>2020-07-03T11:33:37</time>
			</trkpt>
			<trkpt lat="48.86295991949737" lon="2.9042099229991436">
				<ele>71.0</ele>
				<time>2020-07-03T11:33:39</time>
			</trkpt>
			<trkpt lat="48.862879956141114" lon="2.904379991814494">
				<ele>70.0</ele>
				<time>2020-07-03T11:33:41</time>
			</trkpt>
			<trkpt lat="48.86279999278486" lon="2.904549976810813">
				<ele>69.0</ele>
				<time>2020-07-03T11:33:43</time>
			</trkpt>
			<trkpt lat="48.8627599272877" lon="2.904609991237521">
				<ele>69.0</ele>
				<time>2020-07-03T11:33:44</time>
			</trkpt>
			<trkpt lat="48.86269999668002" lon="2.9047199618071318">
				<ele>68.0</ele>
				<time>2020-07-03T11:33:46</time>
			</trkpt>
			<trkpt lat="48.86259991675615" lon="2.9048899468034506">
				<ele>68.0</ele>
				<time>2020-07-03T11:33:48</time>
			</trkpt>
			<trkpt lat="48.86248994618654" lon="2.9050499573349953">
				<ele>67.0</ele>
				<time>2020-07-03T11:33:50</time>
			</trkpt>
			<trkpt lat="48.86241995729506" lon="2.9051399789750576">
				<ele>67.0</ele>
				<time>2020-07-03T11:33:52</time>
			</trkpt>
			<trkpt lat="48.862369917333126" lon="2.90520996786654">
				<ele>66.0</ele>
				<time>2020-07-03T11:33:53</time>
			</trkpt>
			<trkpt lat="48.862259946763515" lon="2.9053499456495047">
				<ele>66.0</ele>
				<time>2020-07-03T11:33:55</time>
			</trkpt>
			<trkpt lat="48.86217998340726" lon="2.905429992824793">
				<ele>65.0</ele>
				<time>2020-07-03T11:33:57</time>
			</trkpt>
			<trkpt lat="48.862149976193905" lon="2.905469974502921">
				<ele>65.0</ele>
				<time>2020-07-03T11:33:57</time>
			</trkpt>
			<trkpt lat="48.86204998008907" lon="2.9055699706077576">
				<ele>64.0</ele>
				<time>2020-07-03T11:33:59</time>
			</trkpt>
			<trkpt lat="48.86192995123565" lon="2.905669966712594">
				<ele>63.0</ele>
				<time>2020-07-03T11:34:02</time>
			</trkpt>
			<trkpt lat="48.86178997345269" lon="2.9057699628174305">
				<ele>62.0</ele>
				<time>2020-07-03T11:34:04</time>
			</trkpt>
			<trkpt lat="48.86166994459927" lon="2.905839951708913">
				<ele>62.0</ele>
				<time>2020-07-03T11:34:06</time>
			</trkpt>
			<trkpt lat="48.861509934067726" lon="2.9059399478137493">
				<ele>61.0</ele>
				<time>2020-07-03T11:34:09</time>
			</trkpt>
			<trkpt lat="48.86120994575322" lon="2.906129965558648">
				<ele>59.0</ele>
				<time>2020-07-03T11:34:14</time>
			</trkpt>
			<trkpt lat="48.86099997907877" lon="2.9062499944120646">
				<ele>57.0</ele>
				<time>2020-07-03T11:34:18</time>
			</trkpt>
			<trkpt lat="48.86080996133387" lon="2.9063699394464493">
				<ele>55.0</ele>
				<time>2020-07-03T11:34:21</time>
			</trkpt>
			<trkpt lat="48.86078992858529" lon="2.906379997730255">
				<ele>55.0</ele>
				<time>2020-07-03T11:34:21</time>
			</trkpt>
			<trkpt lat="48.86063997633755" lon="2.9064699355512857">
				<ele>54.0</ele>
				<time>2020-07-03T11:34:24</time>
			</trkpt>
			<trkpt lat="48.86048994027078" lon="2.906559957191348">
				<ele>54.0</ele>
				<time>2020-07-03T11:34:26</time>
			</trkpt>
			<trkpt lat="48.86015994474292" lon="2.906759949401021">
				<ele>52.0</ele>
				<time>2020-07-03T11:34:32</time>
			</trkpt>
			<trkpt lat="48.86003999970853" lon="2.906839996576309">
				<ele>52.0</ele>
				<time>2020-07-03T11:34:34</time>
			</trkpt>
			<trkpt lat="48.85972995311022" lon="2.906999923288822">
				<ele>52.0</ele>
				<time>2020-07-03T11:34:39</time>
			</trkpt>
			<trkpt lat="48.859659964218736" lon="2.9070299305021763">
				<ele>51.0</ele>
				<time>2020-07-03T11:34:41</time>
			</trkpt>
			<trkpt lat="48.8591299764812" lon="2.9071199521422386">
				<ele>51.0</ele>
				<time>2020-07-03T11:34:49</time>
			</trkpt>
			<trkpt lat="48.85884993709624" lon="2.907159933820367">
				<ele>50.0</ele>
				<time>2020-07-03T11:34:54</time>
			</trkpt>
			<trkpt lat="48.858839962631464" lon="2.9071699921041727">
				<ele>50.0</ele>
				<time>2020-07-03T11:34:54</time>
			</trkpt>
			<trkpt lat="48.85858993045986" lon="2.907189941033721">
				<ele>50.0</ele>
				<time>2020-07-03T11:34:58</time>
			</trkpt>
			<trkpt lat="48.858409970998764" lon="2.907219948247075">
				<ele>49.0</ele>
				<time>2020-07-03T11:35:01</time>
			</trkpt>
			<trkpt lat="48.85825993493199" lon="2.907229922711849">
				<ele>49.0</ele>
				<time>2020-07-03T11:35:03</time>
			</trkpt>
			<trkpt lat="48.858239986002445" lon="2.907229922711849">
				<ele>49.0</ele>
				<time>2020-07-03T11:35:03</time>
			</trkpt>
			<trkpt lat="48.858239986002445" lon="2.9071299266070127">
				<ele>49.0</ele>
				<time>2020-07-03T11:35:05</time>
			</trkpt>
			<trkpt lat="48.85824996046722" lon="2.9070799704641104">
				<ele>49.0</ele>
				<time>2020-07-03T11:35:05</time>
			</trkpt>
			<trkpt lat="48.858199920505285" lon="2.9070299305021763">
				<ele>49.0</ele>
				<time>2020-07-03T11:35:06</time>
			</trkpt>
			<trkpt lat="48.85814996436238" lon="2.906999923288822">
				<ele>49.0</ele>
				<time>2020-07-03T11:35:07</time>
			</trkpt>
			<trkpt lat="48.85814007371664" lon="2.9069900326430798">
				<ele>49.0</ele>
				<time>2020-07-03T11:35:07</time>
			</trkpt>
		</trkseg>
	</trk>
</gpx>
