<?xml version="1.0" encoding="UTF-8"?>
<gpx creator="Garmin Connect" version="1.1" xsi:schemaLocation="http://www.topografix.com/GPX/1/1 http://www.topografix.com/GPX/11.xsd" xmlns:ns3="http://www.garmin.com/xmlschemas/TrackPointExtension/v1" xmlns="http://www.topografix.com/GPX/1/1" xmlns:xsi="http://www.w3.org/2001/XMLSchema-instance" xmlns:ns2="http://www.garmin.com/xmlschemas/GpxExtensions/v3">
	<metadata>
		<name>009-G3-88 km-D 711 m-Saint Barthélémy</name>
		<link href="connect.garmin.com">
			<text>Garmin Connect</text>
		</link>
		<time>2018-12-29T08:00:00</time>
	</metadata>
	<trk>
		<name>009-G3-88 km-D 711 m-Saint Barthélémy</name>
		<trkseg>
			<trkpt lat="48.85814803652465" lon="2.907030014321208">
				<ele>49.0</ele>
				<time>2018-12-29T08:00:00</time>
			</trkpt>
			<trkpt lat="48.85822900570929" lon="2.907058596611023">
				<ele>49.0</ele>
				<time>2018-12-29T08:00:01</time>
			</trkpt>
			<trkpt lat="48.85822892189026" lon="2.907058596611023">
				<ele>49.0</ele>
				<time>2018-12-29T08:00:01</time>
			</trkpt>
			<trkpt lat="48.85815918445587" lon="2.9072678089141846">
				<ele>49.0</ele>
				<time>2018-12-29T08:00:04</time>
			</trkpt>
			<trkpt lat="48.85770329274237" lon="2.90813148021698">
				<ele>51.0</ele>
				<time>2018-12-29T08:00:17</time>
			</trkpt>
			<trkpt lat="48.857633555307984" lon="2.9082870483398438">
				<ele>51.0</ele>
				<time>2018-12-29T08:00:19</time>
			</trkpt>
			<trkpt lat="48.85724731720984" lon="2.908957600593567">
				<ele>51.0</ele>
				<time>2018-12-29T08:00:29</time>
			</trkpt>
			<trkpt lat="48.85717221535742" lon="2.909054160118103">
				<ele>51.0</ele>
				<time>2018-12-29T08:00:31</time>
			</trkpt>
			<trkpt lat="48.857140028849244" lon="2.909156084060669">
				<ele>51.0</ele>
				<time>2018-12-29T08:00:32</time>
			</trkpt>
			<trkpt lat="48.85673761367798" lon="2.909832000732422">
				<ele>50.0</ele>
				<time>2018-12-29T08:00:43</time>
			</trkpt>
			<trkpt lat="48.85665723122656" lon="2.909976840019226">
				<ele>50.0</ele>
				<time>2018-12-29T08:00:45</time>
			</trkpt>
			<trkpt lat="48.85646411217749" lon="2.9104381799697876">
				<ele>50.0</ele>
				<time>2018-12-29T08:00:51</time>
			</trkpt>
			<trkpt lat="48.856303095817566" lon="2.91087806224823">
				<ele>51.0</ele>
				<time>2018-12-29T08:00:57</time>
			</trkpt>
			<trkpt lat="48.85623872280121" lon="2.9110658168792725">
				<ele>51.0</ele>
				<time>2018-12-29T08:00:59</time>
			</trkpt>
			<trkpt lat="48.856201171875" lon="2.911028265953064">
				<ele>51.0</ele>
				<time>2018-12-29T08:01:00</time>
			</trkpt>
			<trkpt lat="48.855847204104066" lon="2.9105669260025024">
				<ele>51.0</ele>
				<time>2018-12-29T08:01:08</time>
			</trkpt>
			<trkpt lat="48.85565936565399" lon="2.910330891609192">
				<ele>51.0</ele>
				<time>2018-12-29T08:01:12</time>
			</trkpt>
			<trkpt lat="48.855589712038636" lon="2.9100894927978516">
				<ele>51.0</ele>
				<time>2018-12-29T08:01:15</time>
			</trkpt>
			<trkpt lat="48.85548778809607" lon="2.9098910093307495">
				<ele>51.0</ele>
				<time>2018-12-29T08:01:18</time>
			</trkpt>
			<trkpt lat="48.855359042063355" lon="2.909853458404541">
				<ele>51.0</ele>
				<time>2018-12-29T08:01:21</time>
			</trkpt>
			<trkpt lat="48.855358958244324" lon="2.909853458404541">
				<ele>51.0</ele>
				<time>2018-12-29T08:01:21</time>
			</trkpt>
			<trkpt lat="48.85477423667908" lon="2.90988028049469">
				<ele>57.0</ele>
				<time>2018-12-29T08:01:31</time>
			</trkpt>
			<trkpt lat="48.85450065135956" lon="2.9103362560272217">
				<ele>59.0</ele>
				<time>2018-12-29T08:01:38</time>
			</trkpt>
			<trkpt lat="48.85431834496558" lon="2.9117578268051147">
				<ele>61.0</ele>
				<time>2018-12-29T08:01:54</time>
			</trkpt>
			<trkpt lat="48.85439336299896" lon="2.912203073501587">
				<ele>59.0</ele>
				<time>2018-12-29T08:02:00</time>
			</trkpt>
			<trkpt lat="48.85446318425238" lon="2.912546396255493">
				<ele>58.0</ele>
				<time>2018-12-29T08:02:04</time>
			</trkpt>
			<trkpt lat="48.85517656803131" lon="2.9161566495895386">
				<ele>51.0</ele>
				<time>2018-12-29T08:02:47</time>
			</trkpt>
			<trkpt lat="48.85519802570343" lon="2.9165267944335938">
				<ele>51.0</ele>
				<time>2018-12-29T08:02:51</time>
			</trkpt>
			<trkpt lat="48.85511755943298" lon="2.9216498136520386">
				<ele>52.0</ele>
				<time>2018-12-29T08:03:50</time>
			</trkpt>
			<trkpt lat="48.85498881340027" lon="2.9224812984466553">
				<ele>53.0</ele>
				<time>2018-12-29T08:04:00</time>
			</trkpt>
			<trkpt lat="48.854613304138184" lon="2.9234522581100464">
				<ele>54.0</ele>
				<time>2018-12-29T08:04:13</time>
			</trkpt>
			<trkpt lat="48.85442554950714" lon="2.9236292839050293">
				<ele>55.0</ele>
				<time>2018-12-29T08:04:16</time>
			</trkpt>
			<trkpt lat="48.85442563332617" lon="2.9236292839050293">
				<ele>55.0</ele>
				<time>2018-12-29T08:04:16</time>
			</trkpt>
			<trkpt lat="48.85377109050751" lon="2.923736572265625">
				<ele>56.0</ele>
				<time>2018-12-29T08:04:28</time>
			</trkpt>
			<trkpt lat="48.853299021720886" lon="2.9234254360198975">
				<ele>58.0</ele>
				<time>2018-12-29T08:04:37</time>
			</trkpt>
			<trkpt lat="48.85088503360748" lon="2.9218000173568726">
				<ele>69.0</ele>
				<time>2018-12-29T08:05:23</time>
			</trkpt>
			<trkpt lat="48.850885117426515" lon="2.9218000173568726">
				<ele>69.0</ele>
				<time>2018-12-29T08:05:23</time>
			</trkpt>
			<trkpt lat="48.849318623542786" lon="2.920668125152588">
				<ele>70.0</ele>
				<time>2018-12-29T08:05:53</time>
			</trkpt>
			<trkpt lat="48.848605239763856" lon="2.919938564300537">
				<ele>67.0</ele>
				<time>2018-12-29T08:06:08</time>
			</trkpt>
			<trkpt lat="48.84802579879761" lon="2.9194557666778564">
				<ele>63.0</ele>
				<time>2018-12-29T08:06:19</time>
			</trkpt>
			<trkpt lat="48.847864866256714" lon="2.919241189956665">
				<ele>62.0</ele>
				<time>2018-12-29T08:06:23</time>
			</trkpt>
			<trkpt lat="48.84719967842102" lon="2.917524576187134">
				<ele>59.0</ele>
				<time>2018-12-29T08:06:46</time>
			</trkpt>
			<trkpt lat="48.84674370288849" lon="2.91462242603302">
				<ele>58.0</ele>
				<time>2018-12-29T08:07:20</time>
			</trkpt>
			<trkpt lat="48.8464218378067" lon="2.9129326343536377">
				<ele>60.0</ele>
				<time>2018-12-29T08:07:40</time>
			</trkpt>
			<trkpt lat="48.84616434574127" lon="2.912224531173706">
				<ele>58.0</ele>
				<time>2018-12-29T08:07:50</time>
			</trkpt>
			<trkpt lat="48.84573519229889" lon="2.9113930463790894">
				<ele>55.0</ele>
				<time>2018-12-29T08:08:02</time>
			</trkpt>
			<trkpt lat="48.84559580124915" lon="2.911151647567749">
				<ele>55.0</ele>
				<time>2018-12-29T08:08:05</time>
			</trkpt>
			<trkpt lat="48.844576478004456" lon="2.9094350337982178">
				<ele>52.0</ele>
				<time>2018-12-29T08:08:32</time>
			</trkpt>
			<trkpt lat="48.843128085136414" lon="2.9075413942337036">
				<ele>55.0</ele>
				<time>2018-12-29T08:09:05</time>
			</trkpt>
			<trkpt lat="48.84263455867767" lon="2.9070264101028442">
				<ele>55.0</ele>
				<time>2018-12-29T08:09:16</time>
			</trkpt>
			<trkpt lat="48.84171187877655" lon="2.906538248062134">
				<ele>53.0</ele>
				<time>2018-12-29T08:09:33</time>
			</trkpt>
			<trkpt lat="48.839067220687866" lon="2.9059267044067383">
				<ele>52.0</ele>
				<time>2018-12-29T08:10:19</time>
			</trkpt>
			<trkpt lat="48.8390673045069" lon="2.9059267044067383">
				<ele>52.0</ele>
				<time>2018-12-29T08:10:19</time>
			</trkpt>
			<trkpt lat="48.83614361286163" lon="2.9052454233169556">
				<ele>52.0</ele>
				<time>2018-12-29T08:11:11</time>
			</trkpt>
			<trkpt lat="48.836143696680665" lon="2.9052454233169556">
				<ele>52.0</ele>
				<time>2018-12-29T08:11:11</time>
			</trkpt>
			<trkpt lat="48.83578419685364" lon="2.9051220417022705">
				<ele>52.0</ele>
				<time>2018-12-29T08:11:17</time>
			</trkpt>
			<trkpt lat="48.83373498916626" lon="2.9039525985717773">
				<ele>52.0</ele>
				<time>2018-12-29T08:11:55</time>
			</trkpt>
			<trkpt lat="48.830425227060914" lon="2.9017800092697144">
				<ele>55.0</ele>
				<time>2018-12-29T08:12:58</time>
			</trkpt>
			<trkpt lat="48.82975995540619" lon="2.90138840675354">
				<ele>56.0</ele>
				<time>2018-12-29T08:13:10</time>
			</trkpt>
			<trkpt lat="48.82919669151306" lon="2.901286482810974">
				<ele>58.0</ele>
				<time>2018-12-29T08:13:20</time>
			</trkpt>
			<trkpt lat="48.82882118225098" lon="2.9013079404830933">
				<ele>60.0</ele>
				<time>2018-12-29T08:13:27</time>
			</trkpt>
			<trkpt lat="48.82724940776825" lon="2.9016780853271484">
				<ele>59.0</ele>
				<time>2018-12-29T08:13:54</time>
			</trkpt>
			<trkpt lat="48.82657893933356" lon="2.9017049074172974">
				<ele>60.0</ele>
				<time>2018-12-29T08:14:06</time>
			</trkpt>
			<trkpt lat="48.82648229598999" lon="2.9016995429992676">
				<ele>61.0</ele>
				<time>2018-12-29T08:14:08</time>
			</trkpt>
			<trkpt lat="48.82648229598999" lon="2.9014313220977783">
				<ele>67.0</ele>
				<time>2018-12-29T08:14:11</time>
			</trkpt>
			<trkpt lat="48.82643007673323" lon="2.9012852255254984">
				<ele>69.98</ele>
				<time>2018-12-29T08:14:13</time>
			</trkpt>
			<trkpt lat="48.82643007673323" lon="2.901285057887435">
				<ele>70.0</ele>
				<time>2018-12-29T08:14:13</time>
			</trkpt>
			<trkpt lat="48.82643016055226" lon="2.90128530934453">
				<ele>70.0</ele>
				<time>2018-12-29T08:14:13</time>
			</trkpt>
			<trkpt lat="48.82643007673323" lon="2.9012851417064667">
				<ele>70.0</ele>
				<time>2018-12-29T08:14:13</time>
			</trkpt>
			<trkpt lat="48.82648229598999" lon="2.9014313220977783">
				<ele>67.0</ele>
				<time>2018-12-29T08:14:15</time>
			</trkpt>
			<trkpt lat="48.82648237980902" lon="2.9016995429992676">
				<ele>61.0</ele>
				<time>2018-12-29T08:14:18</time>
			</trkpt>
			<trkpt lat="48.8258171081543" lon="2.9016727209091187">
				<ele>64.0</ele>
				<time>2018-12-29T08:14:29</time>
			</trkpt>
			<trkpt lat="48.82498562335968" lon="2.901763916015625">
				<ele>67.0</ele>
				<time>2018-12-29T08:14:44</time>
			</trkpt>
			<trkpt lat="48.82446535862982" lon="2.902085781097412">
				<ele>64.0</ele>
				<time>2018-12-29T08:14:54</time>
			</trkpt>
			<trkpt lat="48.82421851158142" lon="2.902359366416931">
				<ele>61.0</ele>
				<time>2018-12-29T08:14:59</time>
			</trkpt>
			<trkpt lat="48.82405229844153" lon="2.9024022817611694">
				<ele>60.0</ele>
				<time>2018-12-29T08:15:02</time>
			</trkpt>
			<trkpt lat="48.82324755191803" lon="2.902493476867676">
				<ele>62.0</ele>
				<time>2018-12-29T08:15:16</time>
			</trkpt>
			<trkpt lat="48.82292032241821" lon="2.90263295173645">
				<ele>64.0</ele>
				<time>2018-12-29T08:15:22</time>
			</trkpt>
			<trkpt lat="48.821885073557496" lon="2.9036521911621094">
				<ele>61.0</ele>
				<time>2018-12-29T08:15:43</time>
			</trkpt>
			<trkpt lat="48.820393765345216" lon="2.9051703214645386">
				<ele>62.0</ele>
				<time>2018-12-29T08:16:14</time>
			</trkpt>
			<trkpt lat="48.82026493549347" lon="2.9055672883987427">
				<ele>59.0</ele>
				<time>2018-12-29T08:16:20</time>
			</trkpt>
			<trkpt lat="48.81977677345276" lon="2.9092687368392944">
				<ele>54.0</ele>
				<time>2018-12-29T08:17:03</time>
			</trkpt>
			<trkpt lat="48.81977685727179" lon="2.9092687368392944">
				<ele>54.0</ele>
				<time>2018-12-29T08:17:03</time>
			</trkpt>
			<trkpt lat="48.81972312927246" lon="2.9096442461013794">
				<ele>55.0</ele>
				<time>2018-12-29T08:17:07</time>
			</trkpt>
			<trkpt lat="48.81956764496863" lon="2.9100197553634644">
				<ele>57.0</ele>
				<time>2018-12-29T08:17:12</time>
			</trkpt>
			<trkpt lat="48.81847330369055" lon="2.912648320198059">
				<ele>57.0</ele>
				<time>2018-12-29T08:17:48</time>
			</trkpt>
			<trkpt lat="48.81830700673163" lon="2.913050651550293">
				<ele>58.0</ele>
				<time>2018-12-29T08:17:53</time>
			</trkpt>
			<trkpt lat="48.81730226799846" lon="2.9155253246426582">
				<ele>60.99</ele>
				<time>2018-12-29T08:18:27</time>
			</trkpt>
			<trkpt lat="48.817302184179425" lon="2.915525659918785">
				<ele>61.0</ele>
				<time>2018-12-29T08:18:27</time>
			</trkpt>
			<trkpt lat="48.81730201654136" lon="2.915525995194912">
				<ele>61.0</ele>
				<time>2018-12-29T08:18:27</time>
			</trkpt>
			<trkpt lat="48.81730386056006" lon="2.9155216366052628">
				<ele>61.0</ele>
				<time>2018-12-29T08:18:27</time>
			</trkpt>
			<trkpt lat="48.81730377674103" lon="2.915521888062358">
				<ele>61.0</ele>
				<time>2018-12-29T08:18:27</time>
			</trkpt>
			<trkpt lat="48.81705709733069" lon="2.9161298274993896">
				<ele>62.0</ele>
				<time>2018-12-29T08:18:35</time>
			</trkpt>
			<trkpt lat="48.815952027216554" lon="2.9187262058258057">
				<ele>68.0</ele>
				<time>2018-12-29T08:19:10</time>
			</trkpt>
			<trkpt lat="48.815163457766175" lon="2.9205983877182007">
				<ele>76.0</ele>
				<time>2018-12-29T08:19:36</time>
			</trkpt>
			<trkpt lat="48.814868330955505" lon="2.9213011264801025">
				<ele>82.0</ele>
				<time>2018-12-29T08:19:45</time>
			</trkpt>
			<trkpt lat="48.815898299217224" lon="2.921644449234009">
				<ele>84.0</ele>
				<time>2018-12-29T08:20:04</time>
			</trkpt>
			<trkpt lat="48.81653130054474" lon="2.922186255455017">
				<ele>87.0</ele>
				<time>2018-12-29T08:20:16</time>
			</trkpt>
			<trkpt lat="48.816617131233215" lon="2.9231733083724976">
				<ele>90.0</ele>
				<time>2018-12-29T08:20:28</time>
			</trkpt>
			<trkpt lat="48.81657429970801" lon="2.9238706827163696">
				<ele>93.0</ele>
				<time>2018-12-29T08:20:36</time>
			</trkpt>
			<trkpt lat="48.81650456227362" lon="2.924889922142029">
				<ele>96.0</ele>
				<time>2018-12-29T08:20:48</time>
			</trkpt>
			<trkpt lat="48.81650447845459" lon="2.924889922142029">
				<ele>96.0</ele>
				<time>2018-12-29T08:20:48</time>
			</trkpt>
			<trkpt lat="48.816386461257935" lon="2.926037907600403">
				<ele>100.0</ele>
				<time>2018-12-29T08:21:01</time>
			</trkpt>
			<trkpt lat="48.81592512130737" lon="2.927631139755249">
				<ele>103.0</ele>
				<time>2018-12-29T08:21:21</time>
			</trkpt>
			<trkpt lat="48.81605923175812" lon="2.9277491569519043">
				<ele>103.0</ele>
				<time>2018-12-29T08:21:24</time>
			</trkpt>
			<trkpt lat="48.81618311628699" lon="2.9277511686086655">
				<ele>103.0</ele>
				<time>2018-12-29T08:21:26</time>
			</trkpt>
			<trkpt lat="48.81618336774409" lon="2.927751252427697">
				<ele>103.0</ele>
				<time>2018-12-29T08:21:26</time>
			</trkpt>
			<trkpt lat="48.81619040854275" lon="2.927751336246729">
				<ele>103.0</ele>
				<time>2018-12-29T08:21:26</time>
			</trkpt>
			<trkpt lat="48.816191079095006" lon="2.9277514200657606">
				<ele>103.0</ele>
				<time>2018-12-29T08:21:26</time>
			</trkpt>
			<trkpt lat="48.816660046577454" lon="2.927759885787964">
				<ele>104.0</ele>
				<time>2018-12-29T08:21:34</time>
			</trkpt>
			<trkpt lat="48.817877769470215" lon="2.9279637336730957">
				<ele>103.0</ele>
				<time>2018-12-29T08:21:55</time>
			</trkpt>
			<trkpt lat="48.818199718371034" lon="2.9280173778533936">
				<ele>102.0</ele>
				<time>2018-12-29T08:22:01</time>
			</trkpt>
			<trkpt lat="48.81825864315033" lon="2.9281622171401978">
				<ele>101.0</ele>
				<time>2018-12-29T08:22:03</time>
			</trkpt>
			<trkpt lat="48.81821036338806" lon="2.9283446073532104">
				<ele>101.0</ele>
				<time>2018-12-29T08:22:05</time>
			</trkpt>
			<trkpt lat="48.817614912986755" lon="2.9294657707214355">
				<ele>99.0</ele>
				<time>2018-12-29T08:22:22</time>
			</trkpt>
			<trkpt lat="48.81543695926666" lon="2.932502031326294">
				<ele>96.0</ele>
				<time>2018-12-29T08:23:13</time>
			</trkpt>
			<trkpt lat="48.81510687991977" lon="2.933598468080163">
				<ele>94.0</ele>
				<time>2018-12-29T08:23:27</time>
			</trkpt>
			<trkpt lat="48.815106796100736" lon="2.93359880335629">
				<ele>94.0</ele>
				<time>2018-12-29T08:23:27</time>
			</trkpt>
			<trkpt lat="48.815103862434626" lon="2.933608526363969">
				<ele>94.0</ele>
				<time>2018-12-29T08:23:27</time>
			</trkpt>
			<trkpt lat="48.815104365348816" lon="2.9336071014404297">
				<ele>94.0</ele>
				<time>2018-12-29T08:23:27</time>
			</trkpt>
			<trkpt lat="48.81506153382361" lon="2.934046983718872">
				<ele>92.0</ele>
				<time>2018-12-29T08:23:32</time>
			</trkpt>
			<trkpt lat="48.814659118652344" lon="2.9352110624313354">
				<ele>92.0</ele>
				<time>2018-12-29T08:23:47</time>
			</trkpt>
			<trkpt lat="48.813897455111146" lon="2.938971519470215">
				<ele>89.0</ele>
				<time>2018-12-29T08:24:32</time>
			</trkpt>
			<trkpt lat="48.81383299827576" lon="2.939245104789734">
				<ele>89.0</ele>
				<time>2018-12-29T08:24:36</time>
			</trkpt>
			<trkpt lat="48.81317317485809" lon="2.942458391189575">
				<ele>91.0</ele>
				<time>2018-12-29T08:25:14</time>
			</trkpt>
			<trkpt lat="48.81307125091553" lon="2.943638563156128">
				<ele>90.0</ele>
				<time>2018-12-29T08:25:28</time>
			</trkpt>
			<trkpt lat="48.812872767448425" lon="2.9449689388275146">
				<ele>90.0</ele>
				<time>2018-12-29T08:25:43</time>
			</trkpt>
			<trkpt lat="48.81306052207947" lon="2.9484987258911133">
				<ele>83.0</ele>
				<time>2018-12-29T08:26:24</time>
			</trkpt>
			<trkpt lat="48.81297469139099" lon="2.9500168561935425">
				<ele>82.0</ele>
				<time>2018-12-29T08:26:42</time>
			</trkpt>
			<trkpt lat="48.81296982988715" lon="2.951358798891306">
				<ele>79.0</ele>
				<time>2018-12-29T08:26:57</time>
			</trkpt>
			<trkpt lat="48.81296982988715" lon="2.951359050348401">
				<ele>79.0</ele>
				<time>2018-12-29T08:26:57</time>
			</trkpt>
			<trkpt lat="48.81296982988715" lon="2.951358798891306">
				<ele>79.0</ele>
				<time>2018-12-29T08:26:57</time>
			</trkpt>
			<trkpt lat="48.81296932697296" lon="2.951497435569763">
				<ele>79.0</ele>
				<time>2018-12-29T08:26:59</time>
			</trkpt>
			<trkpt lat="48.813151717185974" lon="2.9528331756591797">
				<ele>74.0</ele>
				<time>2018-12-29T08:27:14</time>
			</trkpt>
			<trkpt lat="48.813607692718506" lon="2.955150604248047">
				<ele>68.0</ele>
				<time>2018-12-29T08:27:42</time>
			</trkpt>
			<trkpt lat="48.81377935409546" lon="2.9565614461898804">
				<ele>69.0</ele>
				<time>2018-12-29T08:27:58</time>
			</trkpt>
			<trkpt lat="48.8142192363739" lon="2.95682430267334">
				<ele>62.0</ele>
				<time>2018-12-29T08:28:07</time>
			</trkpt>
			<trkpt lat="48.81592512130737" lon="2.9572588205337524">
				<ele>58.0</ele>
				<time>2018-12-29T08:28:37</time>
			</trkpt>
			<trkpt lat="48.81817281246185" lon="2.957419753074646">
				<ele>55.0</ele>
				<time>2018-12-29T08:29:16</time>
			</trkpt>
			<trkpt lat="48.81917595863342" lon="2.9573607444763184">
				<ele>55.0</ele>
				<time>2018-12-29T08:29:33</time>
			</trkpt>
			<trkpt lat="48.82002890110016" lon="2.95782208442688">
				<ele>58.0</ele>
				<time>2018-12-29T08:29:49</time>
			</trkpt>
			<trkpt lat="48.82023283280432" lon="2.9582512378692627">
				<ele>61.0</ele>
				<time>2018-12-29T08:29:55</time>
			</trkpt>
			<trkpt lat="48.82053324021399" lon="2.959045171737671">
				<ele>66.0</ele>
				<time>2018-12-29T08:30:06</time>
			</trkpt>
			<trkpt lat="48.82053315639496" lon="2.959045171737671">
				<ele>66.0</ele>
				<time>2018-12-29T08:30:06</time>
			</trkpt>
			<trkpt lat="48.81816208362579" lon="2.960418462753296">
				<ele>73.0</ele>
				<time>2018-12-29T08:30:50</time>
			</trkpt>
			<trkpt lat="48.81753444671631" lon="2.960595488548279">
				<ele>74.0</ele>
				<time>2018-12-29T08:31:01</time>
			</trkpt>
			<trkpt lat="48.81631135940552" lon="2.9607725143432617">
				<ele>75.0</ele>
				<time>2018-12-29T08:31:22</time>
			</trkpt>
			<trkpt lat="48.81597247906029" lon="2.9607958160340786">
				<ele>75.0</ele>
				<time>2018-12-29T08:31:28</time>
			</trkpt>
			<trkpt lat="48.81597231142223" lon="2.9607958998531103">
				<ele>75.0</ele>
				<time>2018-12-29T08:31:28</time>
			</trkpt>
			<trkpt lat="48.815969629213214" lon="2.9607961513102055">
				<ele>75.0</ele>
				<time>2018-12-29T08:31:28</time>
			</trkpt>
			<trkpt lat="48.81596954539418" lon="2.9607961513102055">
				<ele>75.0</ele>
				<time>2018-12-29T08:31:28</time>
			</trkpt>
			<trkpt lat="48.81530821323395" lon="2.960842251777649">
				<ele>76.0</ele>
				<time>2018-12-29T08:31:40</time>
			</trkpt>
			<trkpt lat="48.814868330955505" lon="2.960793972015381">
				<ele>78.0</ele>
				<time>2018-12-29T08:31:47</time>
			</trkpt>
			<trkpt lat="48.81432116031647" lon="2.9605579376220703">
				<ele>80.0</ele>
				<time>2018-12-29T08:31:57</time>
			</trkpt>
			<trkpt lat="48.81384917534888" lon="2.960638403892517">
				<ele>83.0</ele>
				<time>2018-12-29T08:32:06</time>
			</trkpt>
			<trkpt lat="48.81248116493225" lon="2.9607349634170532">
				<ele>88.0</ele>
				<time>2018-12-29T08:32:29</time>
			</trkpt>
			<trkpt lat="48.81149411201477" lon="2.961013913154602">
				<ele>91.0</ele>
				<time>2018-12-29T08:32:47</time>
			</trkpt>
			<trkpt lat="48.81048023700714" lon="2.9615074396133423">
				<ele>84.0</ele>
				<time>2018-12-29T08:33:05</time>
			</trkpt>
			<trkpt lat="48.80954682826996" lon="2.96156644821167">
				<ele>83.0</ele>
				<time>2018-12-29T08:33:22</time>
			</trkpt>
			<trkpt lat="48.80905866622925" lon="2.9619204998016357">
				<ele>83.0</ele>
				<time>2018-12-29T08:33:31</time>
			</trkpt>
			<trkpt lat="48.80806088447571" lon="2.9630738496780396">
				<ele>73.0</ele>
				<time>2018-12-29T08:33:53</time>
			</trkpt>
			<trkpt lat="48.80726158618927" lon="2.9632776975631714">
				<ele>79.0</ele>
				<time>2018-12-29T08:34:07</time>
			</trkpt>
			<trkpt lat="48.80657494068146" lon="2.9641467332839966">
				<ele>80.0</ele>
				<time>2018-12-29T08:34:23</time>
			</trkpt>
			<trkpt lat="48.80633354187012" lon="2.9646188020706177">
				<ele>81.0</ele>
				<time>2018-12-29T08:34:29</time>
			</trkpt>
			<trkpt lat="48.80626925267279" lon="2.965959906578064">
				<ele>73.0</ele>
				<time>2018-12-29T08:34:45</time>
			</trkpt>
			<trkpt lat="48.80629599094391" lon="2.966507077217102">
				<ele>70.0</ele>
				<time>2018-12-29T08:34:51</time>
			</trkpt>
			<trkpt lat="48.806161964312196" lon="2.967252731323242">
				<ele>70.0</ele>
				<time>2018-12-29T08:35:00</time>
			</trkpt>
			<trkpt lat="48.806161880493164" lon="2.967252731323242">
				<ele>70.0</ele>
				<time>2018-12-29T08:35:00</time>
			</trkpt>
			<trkpt lat="48.80614050664008" lon="2.967579960823059">
				<ele>70.0</ele>
				<time>2018-12-29T08:35:04</time>
			</trkpt>
			<trkpt lat="48.805861473083496" lon="2.9684382677078247">
				<ele>76.0</ele>
				<time>2018-12-29T08:35:15</time>
			</trkpt>
			<trkpt lat="48.80577572621405" lon="2.968931794166565">
				<ele>80.0</ele>
				<time>2018-12-29T08:35:21</time>
			</trkpt>
			<trkpt lat="48.80573817528784" lon="2.9696935415267944">
				<ele>83.0</ele>
				<time>2018-12-29T08:35:29</time>
			</trkpt>
			<trkpt lat="48.8055504206568" lon="2.9707610607147217">
				<ele>88.0</ele>
				<time>2018-12-29T08:35:42</time>
			</trkpt>
			<trkpt lat="48.80552351474762" lon="2.9722899198532104">
				<ele>95.0</ele>
				<time>2018-12-29T08:36:00</time>
			</trkpt>
			<trkpt lat="48.80527683533728" lon="2.9732823371887207">
				<ele>100.0</ele>
				<time>2018-12-29T08:36:12</time>
			</trkpt>
			<trkpt lat="48.80521237850189" lon="2.9734164476394653">
				<ele>101.0</ele>
				<time>2018-12-29T08:36:14</time>
			</trkpt>
			<trkpt lat="48.805153369903564" lon="2.973652482032776">
				<ele>102.0</ele>
				<time>2018-12-29T08:36:17</time>
			</trkpt>
			<trkpt lat="48.805174827575684" lon="2.974720001220703">
				<ele>104.0</ele>
				<time>2018-12-29T08:36:29</time>
			</trkpt>
			<trkpt lat="48.805110454559326" lon="2.975444197654724">
				<ele>106.0</ele>
				<time>2018-12-29T08:36:37</time>
			</trkpt>
			<trkpt lat="48.80493342876434" lon="2.9758089780807495">
				<ele>108.0</ele>
				<time>2018-12-29T08:36:42</time>
			</trkpt>
			<trkpt lat="48.80476713180542" lon="2.97579288482666">
				<ele>109.0</ele>
				<time>2018-12-29T08:36:45</time>
			</trkpt>
			<trkpt lat="48.8043434266001" lon="2.975476384162903">
				<ele>112.0</ele>
				<time>2018-12-29T08:36:53</time>
			</trkpt>
			<trkpt lat="48.80434334278107" lon="2.975476384162903">
				<ele>112.0</ele>
				<time>2018-12-29T08:36:53</time>
			</trkpt>
			<trkpt lat="48.80401619710028" lon="2.974875569343567">
				<ele>115.0</ele>
				<time>2018-12-29T08:37:02</time>
			</trkpt>
			<trkpt lat="48.803871273994446" lon="2.9745912551879883">
				<ele>116.0</ele>
				<time>2018-12-29T08:37:06</time>
			</trkpt>
			<trkpt lat="48.80234777927399" lon="2.97454833984375">
				<ele>127.0</ele>
				<time>2018-12-29T08:37:33</time>
			</trkpt>
			<trkpt lat="48.80233713425696" lon="2.9755085706710815">
				<ele>127.0</ele>
				<time>2018-12-29T08:37:44</time>
			</trkpt>
			<trkpt lat="48.80233705043793" lon="2.9755085706710815">
				<ele>127.0</ele>
				<time>2018-12-29T08:37:44</time>
			</trkpt>
			<trkpt lat="48.80230494774878" lon="2.9765814542770386">
				<ele>126.0</ele>
				<time>2018-12-29T08:37:56</time>
			</trkpt>
			<trkpt lat="48.80221366882324" lon="2.9796552658081055">
				<ele>124.0</ele>
				<time>2018-12-29T08:38:32</time>
			</trkpt>
			<trkpt lat="48.80246579647064" lon="2.9825788736343384">
				<ele>121.0</ele>
				<time>2018-12-29T08:39:05</time>
			</trkpt>
			<trkpt lat="48.80245506763458" lon="2.983437180519104">
				<ele>123.0</ele>
				<time>2018-12-29T08:39:15</time>
			</trkpt>
			<trkpt lat="48.80199381150305" lon="2.985363006591797">
				<ele>124.0</ele>
				<time>2018-12-29T08:39:39</time>
			</trkpt>
			<trkpt lat="48.801655853167176" lon="2.986757755279541">
				<ele>125.0</ele>
				<time>2018-12-29T08:39:56</time>
			</trkpt>
			<trkpt lat="48.801655769348145" lon="2.986757755279541">
				<ele>125.0</ele>
				<time>2018-12-29T08:39:56</time>
			</trkpt>
			<trkpt lat="48.80160757340491" lon="2.986956238746643">
				<ele>126.0</ele>
				<time>2018-12-29T08:39:58</time>
			</trkpt>
			<trkpt lat="48.80120515823364" lon="2.9885923862457275">
				<ele>127.0</ele>
				<time>2018-12-29T08:40:18</time>
			</trkpt>
			<trkpt lat="48.801146149635315" lon="2.990051507949829">
				<ele>125.0</ele>
				<time>2018-12-29T08:40:35</time>
			</trkpt>
			<trkpt lat="48.800615072250366" lon="2.990384101867676">
				<ele>126.0</ele>
				<time>2018-12-29T08:40:45</time>
			</trkpt>
			<trkpt lat="48.80012162961066" lon="2.992621064186096">
				<ele>126.0</ele>
				<time>2018-12-29T08:41:12</time>
			</trkpt>
			<trkpt lat="48.80002507008612" lon="2.9930394887924194">
				<ele>126.0</ele>
				<time>2018-12-29T08:41:17</time>
			</trkpt>
			<trkpt lat="48.799697840586305" lon="2.9945093393325806">
				<ele>127.0</ele>
				<time>2018-12-29T08:41:35</time>
			</trkpt>
			<trkpt lat="48.79953154362738" lon="2.995346188545227">
				<ele>126.0</ele>
				<time>2018-12-29T08:41:45</time>
			</trkpt>
			<trkpt lat="48.799424255266786" lon="2.996070384979248">
				<ele>127.0</ele>
				<time>2018-12-29T08:41:53</time>
			</trkpt>
			<trkpt lat="48.799408162012696" lon="2.9962044954299927">
				<ele>127.0</ele>
				<time>2018-12-29T08:41:55</time>
			</trkpt>
			<trkpt lat="48.79935988225043" lon="2.9965639114379883">
				<ele>126.0</ele>
				<time>2018-12-29T08:41:59</time>
			</trkpt>
			<trkpt lat="48.799391984939575" lon="2.9973256587982178">
				<ele>128.0</ele>
				<time>2018-12-29T08:42:08</time>
			</trkpt>
			<trkpt lat="48.799188220873475" lon="2.9974383115768433">
				<ele>129.0</ele>
				<time>2018-12-29T08:42:12</time>
			</trkpt>
			<trkpt lat="48.799129128456116" lon="2.997465133666992">
				<ele>129.0</ele>
				<time>2018-12-29T08:42:13</time>
			</trkpt>
			<trkpt lat="48.79901647567749" lon="2.9978352785110474">
				<ele>130.0</ele>
				<time>2018-12-29T08:42:17</time>
			</trkpt>
			<trkpt lat="48.79898437298834" lon="2.9984092712402344">
				<ele>130.0</ele>
				<time>2018-12-29T08:42:24</time>
			</trkpt>
			<trkpt lat="48.79900583066046" lon="2.9998362064361572">
				<ele>131.0</ele>
				<time>2018-12-29T08:42:40</time>
			</trkpt>
			<trkpt lat="48.79902192391455" lon="3.000195622444153">
				<ele>131.0</ele>
				<time>2018-12-29T08:42:45</time>
			</trkpt>
			<trkpt lat="48.79911311902106" lon="3.0021965503692627">
				<ele>131.0</ele>
				<time>2018-12-29T08:43:08</time>
			</trkpt>
			<trkpt lat="48.799172043800354" lon="3.004589080810547">
				<ele>128.0</ele>
				<time>2018-12-29T08:43:35</time>
			</trkpt>
			<trkpt lat="48.79913457669318" lon="3.004889488220215">
				<ele>128.0</ele>
				<time>2018-12-29T08:43:39</time>
			</trkpt>
			<trkpt lat="48.79852831363678" lon="3.0074965953826904">
				<ele>123.0</ele>
				<time>2018-12-29T08:44:10</time>
			</trkpt>
			<trkpt lat="48.7982923630625" lon="3.008977174758911">
				<ele>118.0</ele>
				<time>2018-12-29T08:44:28</time>
			</trkpt>
			<trkpt lat="48.79829227924347" lon="3.008977174758911">
				<ele>118.0</ele>
				<time>2018-12-29T08:44:28</time>
			</trkpt>
			<trkpt lat="48.7982439994812" lon="3.0092668533325195">
				<ele>117.0</ele>
				<time>2018-12-29T08:44:31</time>
			</trkpt>
			<trkpt lat="48.797659361734986" lon="3.010050058364868">
				<ele>112.0</ele>
				<time>2018-12-29T08:44:45</time>
			</trkpt>
			<trkpt lat="48.79724093712866" lon="3.0114126205444336">
				<ele>102.0</ele>
				<time>2018-12-29T08:45:02</time>
			</trkpt>
			<trkpt lat="48.79697263240814" lon="3.011723756790161">
				<ele>101.0</ele>
				<time>2018-12-29T08:45:08</time>
			</trkpt>
			<trkpt lat="48.79655965603888" lon="3.0127590894699097">
				<ele>90.0</ele>
				<time>2018-12-29T08:45:22</time>
			</trkpt>
			<trkpt lat="48.79648447036743" lon="3.0131131410598755">
				<ele>86.0</ele>
				<time>2018-12-29T08:45:26</time>
			</trkpt>
			<trkpt lat="48.79635580815375" lon="3.015473484992981">
				<ele>74.0</ele>
				<time>2018-12-29T08:45:53</time>
			</trkpt>
			<trkpt lat="48.79634507931769" lon="3.0155324935913086">
				<ele>73.0</ele>
				<time>2018-12-29T08:45:54</time>
			</trkpt>
			<trkpt lat="48.7963342666626" lon="3.0162513256073">
				<ele>72.0</ele>
				<time>2018-12-29T08:46:02</time>
			</trkpt>
			<trkpt lat="48.796414816752076" lon="3.016696572303772">
				<ele>71.0</ele>
				<time>2018-12-29T08:46:07</time>
			</trkpt>
			<trkpt lat="48.79645228385925" lon="3.0171525478363037">
				<ele>72.0</ele>
				<time>2018-12-29T08:46:13</time>
			</trkpt>
			<trkpt lat="48.79632362164557" lon="3.017544150352478">
				<ele>74.0</ele>
				<time>2018-12-29T08:46:18</time>
			</trkpt>
			<trkpt lat="48.796178782358766" lon="3.017796277999878">
				<ele>76.0</ele>
				<time>2018-12-29T08:46:21</time>
			</trkpt>
			<trkpt lat="48.796178698539734" lon="3.017796277999878">
				<ele>76.0</ele>
				<time>2018-12-29T08:46:21</time>
			</trkpt>
			<trkpt lat="48.79564770497382" lon="3.020161986351013">
				<ele>88.0</ele>
				<time>2018-12-29T08:46:50</time>
			</trkpt>
			<trkpt lat="48.795400857925415" lon="3.021293878555298">
				<ele>100.0</ele>
				<time>2018-12-29T08:47:04</time>
			</trkpt>
			<trkpt lat="48.79536330699921" lon="3.021787405014038">
				<ele>106.0</ele>
				<time>2018-12-29T08:47:09</time>
			</trkpt>
			<trkpt lat="48.795476043596864" lon="3.022184371948242">
				<ele>108.0</ele>
				<time>2018-12-29T08:47:14</time>
			</trkpt>
			<trkpt lat="48.79547595977783" lon="3.022184371948242">
				<ele>108.0</ele>
				<time>2018-12-29T08:47:14</time>
			</trkpt>
			<trkpt lat="48.79550286568701" lon="3.02223801612854">
				<ele>108.0</ele>
				<time>2018-12-29T08:47:15</time>
			</trkpt>
			<trkpt lat="48.79550278186798" lon="3.02223801612854">
				<ele>108.0</ele>
				<time>2018-12-29T08:47:15</time>
			</trkpt>
			<trkpt lat="48.79600167274475" lon="3.0235040187835693">
				<ele>112.0</ele>
				<time>2018-12-29T08:47:32</time>
			</trkpt>
			<trkpt lat="48.79604995250702" lon="3.0240458250045776">
				<ele>114.0</ele>
				<time>2018-12-29T08:47:38</time>
			</trkpt>
			<trkpt lat="48.79523456096649" lon="3.023959994316101">
				<ele>114.0</ele>
				<time>2018-12-29T08:47:53</time>
			</trkpt>
			<trkpt lat="48.79523464478552" lon="3.023959994316101">
				<ele>114.0</ele>
				<time>2018-12-29T08:47:53</time>
			</trkpt>
			<trkpt lat="48.79373788833618" lon="3.0238044261932373">
				<ele>118.0</ele>
				<time>2018-12-29T08:48:19</time>
			</trkpt>
			<trkpt lat="48.79277237690985" lon="3.024383783340454">
				<ele>118.0</ele>
				<time>2018-12-29T08:48:37</time>
			</trkpt>
			<trkpt lat="48.79261680878699" lon="3.0243784189224243">
				<ele>118.0</ele>
				<time>2018-12-29T08:48:39</time>
			</trkpt>
			<trkpt lat="48.79181742668152" lon="3.024340867996216">
				<ele>120.0</ele>
				<time>2018-12-29T08:48:53</time>
			</trkpt>
			<trkpt lat="48.79161366261542" lon="3.0244481563568115">
				<ele>120.0</ele>
				<time>2018-12-29T08:48:57</time>
			</trkpt>
			<trkpt lat="48.79125952720642" lon="3.025134801864624">
				<ele>121.0</ele>
				<time>2018-12-29T08:49:07</time>
			</trkpt>
			<trkpt lat="48.790927017107606" lon="3.0255478620529175">
				<ele>120.0</ele>
				<time>2018-12-29T08:49:15</time>
			</trkpt>
			<trkpt lat="48.79076063632965" lon="3.0257463455200195">
				<ele>121.0</ele>
				<time>2018-12-29T08:49:18</time>
			</trkpt>
			<trkpt lat="48.79010626114905" lon="3.027430772781372">
				<ele>121.0</ele>
				<time>2018-12-29T08:49:41</time>
			</trkpt>
			<trkpt lat="48.7900794390589" lon="3.027527332305908">
				<ele>121.0</ele>
				<time>2018-12-29T08:49:42</time>
			</trkpt>
			<trkpt lat="48.78981658257544" lon="3.028358817100525">
				<ele>123.0</ele>
				<time>2018-12-29T08:49:53</time>
			</trkpt>
			<trkpt lat="48.78953218460083" lon="3.0293941497802734">
				<ele>125.0</ele>
				<time>2018-12-29T08:50:05</time>
			</trkpt>
			<trkpt lat="48.789424980059266" lon="3.0296140909194946">
				<ele>125.0</ele>
				<time>2018-12-29T08:50:09</time>
			</trkpt>
			<trkpt lat="48.78932297229767" lon="3.02972674369812">
				<ele>125.0</ele>
				<time>2018-12-29T08:50:11</time>
			</trkpt>
			<trkpt lat="48.788936818018556" lon="3.029834032058716">
				<ele>124.0</ele>
				<time>2018-12-29T08:50:18</time>
			</trkpt>
			<trkpt lat="48.78870069980621" lon="3.029834032058716">
				<ele>123.0</ele>
				<time>2018-12-29T08:50:22</time>
			</trkpt>
			<trkpt lat="48.78726848401129" lon="3.0298179388046265">
				<ele>123.0</ele>
				<time>2018-12-29T08:50:47</time>
			</trkpt>
			<trkpt lat="48.78691443242133" lon="3.0298233032226562">
				<ele>122.0</ele>
				<time>2018-12-29T08:50:53</time>
			</trkpt>
			<trkpt lat="48.78673195838928" lon="3.0298233032226562">
				<ele>122.0</ele>
				<time>2018-12-29T08:50:56</time>
			</trkpt>
			<trkpt lat="48.786485278978944" lon="3.0298179388046265">
				<ele>122.0</ele>
				<time>2018-12-29T08:51:00</time>
			</trkpt>
			<trkpt lat="48.78615804947913" lon="3.0298179388046265">
				<ele>123.0</ele>
				<time>2018-12-29T08:51:06</time>
			</trkpt>
			<trkpt lat="48.785187005996704" lon="3.0298233032226562">
				<ele>123.0</ele>
				<time>2018-12-29T08:51:23</time>
			</trkpt>
			<trkpt lat="48.785187089815736" lon="3.0298233032226562">
				<ele>123.0</ele>
				<time>2018-12-29T08:51:23</time>
			</trkpt>
			<trkpt lat="48.783218348398805" lon="3.0298125743865967">
				<ele>122.0</ele>
				<time>2018-12-29T08:51:57</time>
			</trkpt>
			<trkpt lat="48.7825745344162" lon="3.029775023460388">
				<ele>123.0</ele>
				<time>2018-12-29T08:52:08</time>
			</trkpt>
			<trkpt lat="48.781952345743775" lon="3.029930591583252">
				<ele>122.0</ele>
				<time>2018-12-29T08:52:19</time>
			</trkpt>
			<trkpt lat="48.781480276957154" lon="3.0304133892059326">
				<ele>123.0</ele>
				<time>2018-12-29T08:52:29</time>
			</trkpt>
			<trkpt lat="48.78063269890845" lon="3.031277060508728">
				<ele>123.0</ele>
				<time>2018-12-29T08:52:47</time>
			</trkpt>
			<trkpt lat="48.77986550331116" lon="3.032156825065613">
				<ele>121.0</ele>
				<time>2018-12-29T08:53:04</time>
			</trkpt>
			<trkpt lat="48.779393434524536" lon="3.0330580472946167">
				<ele>120.0</ele>
				<time>2018-12-29T08:53:17</time>
			</trkpt>
			<trkpt lat="48.77939351834357" lon="3.0330580472946167">
				<ele>120.0</ele>
				<time>2018-12-29T08:53:17</time>
			</trkpt>
			<trkpt lat="48.778701508417726" lon="3.034597635269165">
				<ele>118.0</ele>
				<time>2018-12-29T08:53:38</time>
			</trkpt>
			<trkpt lat="48.77863168716431" lon="3.034753203392029">
				<ele>117.0</ele>
				<time>2018-12-29T08:53:40</time>
			</trkpt>
			<trkpt lat="48.77863177098334" lon="3.034753203392029">
				<ele>117.0</ele>
				<time>2018-12-29T08:53:40</time>
			</trkpt>
			<trkpt lat="48.77785921096802" lon="3.0364590883255005">
				<ele>117.0</ele>
				<time>2018-12-29T08:54:04</time>
			</trkpt>
			<trkpt lat="48.77756425179541" lon="3.0369633436203003">
				<ele>118.0</ele>
				<time>2018-12-29T08:54:12</time>
			</trkpt>
			<trkpt lat="48.77742477692664" lon="3.0370867252349854">
				<ele>118.0</ele>
				<time>2018-12-29T08:54:15</time>
			</trkpt>
			<trkpt lat="48.77735503949225" lon="3.037118911743164">
				<ele>118.0</ele>
				<time>2018-12-29T08:54:16</time>
			</trkpt>
			<trkpt lat="48.77630889415741" lon="3.037167191505432">
				<ele>121.0</ele>
				<time>2018-12-29T08:54:34</time>
			</trkpt>
			<trkpt lat="48.77630897797644" lon="3.037167191505432">
				<ele>121.0</ele>
				<time>2018-12-29T08:54:34</time>
			</trkpt>
			<trkpt lat="48.77423286437988" lon="3.0371618270874023">
				<ele>123.0</ele>
				<time>2018-12-29T08:55:10</time>
			</trkpt>
			<trkpt lat="48.77376616001129" lon="3.0369848012924194">
				<ele>121.0</ele>
				<time>2018-12-29T08:55:19</time>
			</trkpt>
			<trkpt lat="48.77348645590246" lon="3.03681967779994">
				<ele>121.0</ele>
				<time>2018-12-29T08:55:24</time>
			</trkpt>
			<trkpt lat="48.773486372083426" lon="3.03681967779994">
				<ele>121.0</ele>
				<time>2018-12-29T08:55:24</time>
			</trkpt>
			<trkpt lat="48.77348377369344" lon="3.0368181690573692">
				<ele>121.0</ele>
				<time>2018-12-29T08:55:24</time>
			</trkpt>
			<trkpt lat="48.773483857512474" lon="3.036818252876401">
				<ele>121.0</ele>
				<time>2018-12-29T08:55:24</time>
			</trkpt>
			<trkpt lat="48.77348368987441" lon="3.0368181690573692">
				<ele>121.0</ele>
				<time>2018-12-29T08:55:24</time>
			</trkpt>
			<trkpt lat="48.77103567123413" lon="3.035375475883484">
				<ele>115.0</ele>
				<time>2018-12-29T08:56:10</time>
			</trkpt>
			<trkpt lat="48.77074599266052" lon="3.035268187522888">
				<ele>115.0</ele>
				<time>2018-12-29T08:56:15</time>
			</trkpt>
			<trkpt lat="48.77048313617706" lon="3.0352896451950073">
				<ele>115.0</ele>
				<time>2018-12-29T08:56:19</time>
			</trkpt>
			<trkpt lat="48.770155906677246" lon="3.0355042219161987">
				<ele>116.0</ele>
				<time>2018-12-29T08:56:26</time>
			</trkpt>
			<trkpt lat="48.76883634366095" lon="3.0374085903167725">
				<ele>113.0</ele>
				<time>2018-12-29T08:56:57</time>
			</trkpt>
			<trkpt lat="48.76864858902991" lon="3.037698268890381">
				<ele>113.0</ele>
				<time>2018-12-29T08:57:02</time>
			</trkpt>
			<trkpt lat="48.76862713135779" lon="3.0377358198165894">
				<ele>113.0</ele>
				<time>2018-12-29T08:57:03</time>
			</trkpt>
			<trkpt lat="48.76806378364563" lon="3.0385780334472656">
				<ele>113.0</ele>
				<time>2018-12-29T08:57:16</time>
			</trkpt>
			<trkpt lat="48.76781702041626" lon="3.0390554666519165">
				<ele>115.0</ele>
				<time>2018-12-29T08:57:23</time>
			</trkpt>
			<trkpt lat="48.76764544285834" lon="3.0395275354385376">
				<ele>116.0</ele>
				<time>2018-12-29T08:57:29</time>
			</trkpt>
			<trkpt lat="48.76703926362097" lon="3.041319251060486">
				<ele>119.0</ele>
				<time>2018-12-29T08:57:53</time>
			</trkpt>
			<trkpt lat="48.76660474576056" lon="3.041812777519226">
				<ele>120.0</ele>
				<time>2018-12-29T08:58:02</time>
			</trkpt>
			<trkpt lat="48.76632043160498" lon="3.0420219898223877">
				<ele>119.0</ele>
				<time>2018-12-29T08:58:08</time>
			</trkpt>
			<trkpt lat="48.76561224460602" lon="3.042536973953247">
				<ele>119.0</ele>
				<time>2018-12-29T08:58:21</time>
			</trkpt>
			<trkpt lat="48.763691782951355" lon="3.043931722640991">
				<ele>121.0</ele>
				<time>2018-12-29T08:58:58</time>
			</trkpt>
			<trkpt lat="48.7636757735163" lon="3.043942451477051">
				<ele>121.0</ele>
				<time>2018-12-29T08:58:59</time>
			</trkpt>
			<trkpt lat="48.7609076499939" lon="3.04595947265625">
				<ele>120.0</ele>
				<time>2018-12-29T08:59:52</time>
			</trkpt>
			<trkpt lat="48.76038193702698" lon="3.046184778213501">
				<ele>120.0</ele>
				<time>2018-12-29T09:00:02</time>
			</trkpt>
			<trkpt lat="48.76038202084601" lon="3.046184778213501">
				<ele>120.0</ele>
				<time>2018-12-29T09:00:02</time>
			</trkpt>
			<trkpt lat="48.75988312996924" lon="3.0463457107543945">
				<ele>119.0</ele>
				<time>2018-12-29T09:00:10</time>
			</trkpt>
			<trkpt lat="48.759502256289124" lon="3.046506643295288">
				<ele>118.0</ele>
				<time>2018-12-29T09:00:17</time>
			</trkpt>
			<trkpt lat="48.759250128641725" lon="3.046689033508301">
				<ele>117.0</ele>
				<time>2018-12-29T09:00:22</time>
			</trkpt>
			<trkpt lat="48.75881016254425" lon="3.047584891319275">
				<ele>114.0</ele>
				<time>2018-12-29T09:00:35</time>
			</trkpt>
			<trkpt lat="48.758584856987" lon="3.0478209257125854">
				<ele>113.0</ele>
				<time>2018-12-29T09:00:40</time>
			</trkpt>
			<trkpt lat="48.75858494080603" lon="3.0478209257125854">
				<ele>113.0</ele>
				<time>2018-12-29T09:00:40</time>
			</trkpt>
			<trkpt lat="48.75849902629852" lon="3.0483627319335938">
				<ele>112.0</ele>
				<time>2018-12-29T09:00:46</time>
			</trkpt>
			<trkpt lat="48.758499110117555" lon="3.0483627319335938">
				<ele>112.0</ele>
				<time>2018-12-29T09:00:46</time>
			</trkpt>
			<trkpt lat="48.75837028026581" lon="3.049306869506836">
				<ele>110.0</ele>
				<time>2018-12-29T09:00:57</time>
			</trkpt>
			<trkpt lat="48.75837036408484" lon="3.049306869506836">
				<ele>110.0</ele>
				<time>2018-12-29T09:00:57</time>
			</trkpt>
			<trkpt lat="48.7583274487406" lon="3.0505621433258057">
				<ele>109.0</ele>
				<time>2018-12-29T09:01:12</time>
			</trkpt>
			<trkpt lat="48.758413195610046" lon="3.0512380599975586">
				<ele>109.0</ele>
				<time>2018-12-29T09:01:20</time>
			</trkpt>
			<trkpt lat="48.75855811871588" lon="3.0515331029891968">
				<ele>111.0</ele>
				<time>2018-12-29T09:01:24</time>
			</trkpt>
			<trkpt lat="48.7586332205683" lon="3.051731586456299">
				<ele>111.0</ele>
				<time>2018-12-29T09:01:26</time>
			</trkpt>
			<trkpt lat="48.7588369846344" lon="3.0525362491607666">
				<ele>112.0</ele>
				<time>2018-12-29T09:01:36</time>
			</trkpt>
			<trkpt lat="48.75883706845343" lon="3.0525362491607666">
				<ele>112.0</ele>
				<time>2018-12-29T09:01:36</time>
			</trkpt>
			<trkpt lat="48.75906229019165" lon="3.053501844406128">
				<ele>113.0</ele>
				<time>2018-12-29T09:01:48</time>
			</trkpt>
			<trkpt lat="48.75906237401068" lon="3.053501844406128">
				<ele>113.0</ele>
				<time>2018-12-29T09:01:48</time>
			</trkpt>
			<trkpt lat="48.75918039120734" lon="3.054054379463196">
				<ele>113.0</ele>
				<time>2018-12-29T09:01:55</time>
			</trkpt>
			<trkpt lat="48.75942179001868" lon="3.05694043636322">
				<ele>111.0</ele>
				<time>2018-12-29T09:02:28</time>
			</trkpt>
			<trkpt lat="48.759689927101135" lon="3.060019612312317">
				<ele>111.0</ele>
				<time>2018-12-29T09:03:04</time>
			</trkpt>
			<trkpt lat="48.75986695289612" lon="3.061961531639099">
				<ele>112.0</ele>
				<time>2018-12-29T09:03:26</time>
			</trkpt>
			<trkpt lat="48.75965782441199" lon="3.0661243200302124">
				<ele>111.0</ele>
				<time>2018-12-29T09:04:14</time>
			</trkpt>
			<trkpt lat="48.75954508781433" lon="3.0681252479553223">
				<ele>110.0</ele>
				<time>2018-12-29T09:04:37</time>
			</trkpt>
			<trkpt lat="48.759448528289795" lon="3.0687689781188965">
				<ele>112.0</ele>
				<time>2018-12-29T09:04:45</time>
			</trkpt>
			<trkpt lat="48.758917450904846" lon="3.0695897340774536">
				<ele>112.0</ele>
				<time>2018-12-29T09:04:58</time>
			</trkpt>
			<trkpt lat="48.75860639847815" lon="3.0703461170196533">
				<ele>112.0</ele>
				<time>2018-12-29T09:05:08</time>
			</trkpt>
			<trkpt lat="48.758515203371644" lon="3.071252703666687">
				<ele>112.0</ele>
				<time>2018-12-29T09:05:19</time>
			</trkpt>
			<trkpt lat="48.75862777233124" lon="3.071982264518738">
				<ele>112.0</ele>
				<time>2018-12-29T09:05:27</time>
			</trkpt>
			<trkpt lat="48.7591427564621" lon="3.0732375383377075">
				<ele>114.0</ele>
				<time>2018-12-29T09:05:44</time>
			</trkpt>
			<trkpt lat="48.761959159746766" lon="3.079943060874939">
				<ele>118.0</ele>
				<time>2018-12-29T09:07:15</time>
			</trkpt>
			<trkpt lat="48.76324653625488" lon="3.0830061435699463">
				<ele>120.0</ele>
				<time>2018-12-29T09:07:57</time>
			</trkpt>
			<trkpt lat="48.76362749375403" lon="3.083982467651367">
				<ele>121.0</ele>
				<time>2018-12-29T09:08:10</time>
			</trkpt>
			<trkpt lat="48.763766968622804" lon="3.0853772163391113">
				<ele>125.0</ele>
				<time>2018-12-29T09:08:26</time>
			</trkpt>
			<trkpt lat="48.76377761363983" lon="3.086611032485962">
				<ele>126.0</ele>
				<time>2018-12-29T09:08:40</time>
			</trkpt>
			<trkpt lat="48.76341291703284" lon="3.086782693862915">
				<ele>125.0</ele>
				<time>2018-12-29T09:08:47</time>
			</trkpt>
			<trkpt lat="48.763208985328674" lon="3.0869060754776">
				<ele>125.0</ele>
				<time>2018-12-29T09:08:51</time>
			</trkpt>
			<trkpt lat="48.762951577082276" lon="3.087480068206787">
				<ele>124.0</ele>
				<time>2018-12-29T09:08:59</time>
			</trkpt>
			<trkpt lat="48.76286029815674" lon="3.0876731872558594">
				<ele>124.0</ele>
				<time>2018-12-29T09:09:02</time>
			</trkpt>
			<trkpt lat="48.762769186869264" lon="3.0882418155670166">
				<ele>124.0</ele>
				<time>2018-12-29T09:09:08</time>
			</trkpt>
			<trkpt lat="48.76278528012335" lon="3.0896472930908203">
				<ele>127.0</ele>
				<time>2018-12-29T09:09:24</time>
			</trkpt>
			<trkpt lat="48.76265108585358" lon="3.090258836746216">
				<ele>128.0</ele>
				<time>2018-12-29T09:09:32</time>
			</trkpt>
			<trkpt lat="48.762254202738404" lon="3.091176152229309">
				<ele>130.0</ele>
				<time>2018-12-29T09:09:44</time>
			</trkpt>
			<trkpt lat="48.761755311861634" lon="3.0923831462860107">
				<ele>132.0</ele>
				<time>2018-12-29T09:10:01</time>
			</trkpt>
			<trkpt lat="48.76112767495215" lon="3.0938315391540527">
				<ele>134.0</ele>
				<time>2018-12-29T09:10:21</time>
			</trkpt>
			<trkpt lat="48.76088082790375" lon="3.0944162607192993">
				<ele>134.0</ele>
				<time>2018-12-29T09:10:29</time>
			</trkpt>
			<trkpt lat="48.75728675164282" lon="3.10288667678833">
				<ele>127.0</ele>
				<time>2018-12-29T09:12:24</time>
			</trkpt>
			<trkpt lat="48.75632643699646" lon="3.1051665544509888">
				<ele>127.0</ele>
				<time>2018-12-29T09:12:55</time>
			</trkpt>
			<trkpt lat="48.75500679016113" lon="3.1069153547286987">
				<ele>126.0</ele>
				<time>2018-12-29T09:13:26</time>
			</trkpt>
			<trkpt lat="48.755006873980165" lon="3.1069153547286987">
				<ele>126.0</ele>
				<time>2018-12-29T09:13:26</time>
			</trkpt>
			<trkpt lat="48.75427722930908" lon="3.10788631439209">
				<ele>125.0</ele>
				<time>2018-12-29T09:13:43</time>
			</trkpt>
			<trkpt lat="48.753960728645325" lon="3.108487129211426">
				<ele>126.0</ele>
				<time>2018-12-29T09:13:51</time>
			</trkpt>
			<trkpt lat="48.75187933444977" lon="3.114001750946045">
				<ele>126.0</ele>
				<time>2018-12-29T09:15:04</time>
			</trkpt>
			<trkpt lat="48.75176668167114" lon="3.1145650148391724">
				<ele>126.0</ele>
				<time>2018-12-29T09:15:11</time>
			</trkpt>
			<trkpt lat="48.751766765490174" lon="3.1145650148391724">
				<ele>126.0</ele>
				<time>2018-12-29T09:15:11</time>
			</trkpt>
			<trkpt lat="48.75163793563843" lon="3.116067051887512">
				<ele>125.0</ele>
				<time>2018-12-29T09:15:29</time>
			</trkpt>
			<trkpt lat="48.75141799449921" lon="3.1170272827148438">
				<ele>124.0</ele>
				<time>2018-12-29T09:15:40</time>
			</trkpt>
			<trkpt lat="48.75111758708954" lon="3.1177031993865967">
				<ele>124.0</ele>
				<time>2018-12-29T09:15:50</time>
			</trkpt>
			<trkpt lat="48.75111767090857" lon="3.1177031993865967">
				<ele>124.0</ele>
				<time>2018-12-29T09:15:50</time>
			</trkpt>
			<trkpt lat="48.74808141030371" lon="3.1215763092041016">
				<ele>110.0</ele>
				<time>2018-12-29T09:16:59</time>
			</trkpt>
			<trkpt lat="48.74605357646942" lon="3.1239956617355347">
				<ele>120.0</ele>
				<time>2018-12-29T09:17:43</time>
			</trkpt>
			<trkpt lat="48.745678067207336" lon="3.1246984004974365">
				<ele>118.0</ele>
				<time>2018-12-29T09:17:54</time>
			</trkpt>
			<trkpt lat="48.744959235191345" lon="3.126581311225891">
				<ele>105.0</ele>
				<time>2018-12-29T09:18:19</time>
			</trkpt>
			<trkpt lat="48.74412775039673" lon="3.12810480594635">
				<ele>106.0</ele>
				<time>2018-12-29T09:18:42</time>
			</trkpt>
			<trkpt lat="48.74412783421576" lon="3.12810480594635">
				<ele>106.0</ele>
				<time>2018-12-29T09:18:42</time>
			</trkpt>
			<trkpt lat="48.7433070782572" lon="3.1294888257980347">
				<ele>107.0</ele>
				<time>2018-12-29T09:19:03</time>
			</trkpt>
			<trkpt lat="48.74319978989661" lon="3.129708766937256">
				<ele>107.0</ele>
				<time>2018-12-29T09:19:06</time>
			</trkpt>
			<trkpt lat="48.74214836396277" lon="3.13185453414917">
				<ele>110.0</ele>
				<time>2018-12-29T09:19:37</time>
			</trkpt>
			<trkpt lat="48.741992712020874" lon="3.1321442127227783">
				<ele>111.0</ele>
				<time>2018-12-29T09:19:41</time>
			</trkpt>
			<trkpt lat="48.741992795839906" lon="3.1321442127227783">
				<ele>111.0</ele>
				<time>2018-12-29T09:19:41</time>
			</trkpt>
			<trkpt lat="48.74166011810303" lon="3.1329113245010376">
				<ele>113.0</ele>
				<time>2018-12-29T09:19:52</time>
			</trkpt>
			<trkpt lat="48.741198778152466" lon="3.1344133615493774">
				<ele>123.0</ele>
				<time>2018-12-29T09:20:11</time>
			</trkpt>
			<trkpt lat="48.7411988619715" lon="3.1344133615493774">
				<ele>123.0</ele>
				<time>2018-12-29T09:20:11</time>
			</trkpt>
			<trkpt lat="48.74037265777588" lon="3.1372833251953125">
				<ele>124.0</ele>
				<time>2018-12-29T09:20:47</time>
			</trkpt>
			<trkpt lat="48.73995431698859" lon="3.138420581817627">
				<ele>122.0</ele>
				<time>2018-12-29T09:21:01</time>
			</trkpt>
			<trkpt lat="48.739235401153564" lon="3.140442967414856">
				<ele>117.0</ele>
				<time>2018-12-29T09:21:28</time>
			</trkpt>
			<trkpt lat="48.739235484972596" lon="3.140442967414856">
				<ele>117.0</ele>
				<time>2018-12-29T09:21:28</time>
			</trkpt>
			<trkpt lat="48.7381196860224" lon="3.1434792280197144">
				<ele>115.0</ele>
				<time>2018-12-29T09:22:08</time>
			</trkpt>
			<trkpt lat="48.738194704055786" lon="3.144412636756897">
				<ele>116.0</ele>
				<time>2018-12-29T09:22:19</time>
			</trkpt>
			<trkpt lat="48.73814105987549" lon="3.144965171813965">
				<ele>117.0</ele>
				<time>2018-12-29T09:22:25</time>
			</trkpt>
			<trkpt lat="48.73708426952362" lon="3.1495624780654907">
				<ele>121.0</ele>
				<time>2018-12-29T09:23:21</time>
			</trkpt>
			<trkpt lat="48.737239837646484" lon="3.1508874893188477">
				<ele>114.0</ele>
				<time>2018-12-29T09:23:36</time>
			</trkpt>
			<trkpt lat="48.73776018619537" lon="3.152679204940796">
				<ele>114.0</ele>
				<time>2018-12-29T09:23:59</time>
			</trkpt>
			<trkpt lat="48.73787820339203" lon="3.1536608934402466">
				<ele>115.0</ele>
				<time>2018-12-29T09:24:10</time>
			</trkpt>
			<trkpt lat="48.73785138130188" lon="3.1551146507263184">
				<ele>115.0</ele>
				<time>2018-12-29T09:24:27</time>
			</trkpt>
			<trkpt lat="48.73755097389221" lon="3.156251907348633">
				<ele>116.0</ele>
				<time>2018-12-29T09:24:41</time>
			</trkpt>
			<trkpt lat="48.73763680458069" lon="3.15757155418396">
				<ele>121.0</ele>
				<time>2018-12-29T09:24:56</time>
			</trkpt>
			<trkpt lat="48.73763688839972" lon="3.15757155418396">
				<ele>121.0</ele>
				<time>2018-12-29T09:24:56</time>
			</trkpt>
			<trkpt lat="48.73765289783478" lon="3.1587624549865723">
				<ele>127.0</ele>
				<time>2018-12-29T09:25:10</time>
			</trkpt>
			<trkpt lat="48.73728275299072" lon="3.1611603498458862">
				<ele>130.0</ele>
				<time>2018-12-29T09:25:38</time>
			</trkpt>
			<trkpt lat="48.737213015556335" lon="3.164137601852417">
				<ele>136.0</ele>
				<time>2018-12-29T09:26:12</time>
			</trkpt>
			<trkpt lat="48.73735249042511" lon="3.1651031970977783">
				<ele>137.0</ele>
				<time>2018-12-29T09:26:24</time>
			</trkpt>
			<trkpt lat="48.73679995536804" lon="3.166256546974182">
				<ele>137.0</ele>
				<time>2018-12-29T09:26:40</time>
			</trkpt>
			<trkpt lat="48.73667120933533" lon="3.168032169342041">
				<ele>140.0</ele>
				<time>2018-12-29T09:27:01</time>
			</trkpt>
			<trkpt lat="48.73639762401581" lon="3.1695127487182617">
				<ele>140.0</ele>
				<time>2018-12-29T09:27:18</time>
			</trkpt>
			<trkpt lat="48.73643517494202" lon="3.170151114463806">
				<ele>140.0</ele>
				<time>2018-12-29T09:27:26</time>
			</trkpt>
			<trkpt lat="48.73668495565653" lon="3.1712871976196766">
				<ele>140.99</ele>
				<time>2018-12-29T09:27:39</time>
			</trkpt>
			<trkpt lat="48.73668503947556" lon="3.1712872814387083">
				<ele>141.0</ele>
				<time>2018-12-29T09:27:39</time>
			</trkpt>
			<trkpt lat="48.73668596148491" lon="3.171291556209326">
				<ele>141.0</ele>
				<time>2018-12-29T09:27:39</time>
			</trkpt>
			<trkpt lat="48.73668562620878" lon="3.171289712190628">
				<ele>141.0</ele>
				<time>2018-12-29T09:27:39</time>
			</trkpt>
			<trkpt lat="48.73668554238975" lon="3.1712896283715963">
				<ele>141.0</ele>
				<time>2018-12-29T09:27:39</time>
			</trkpt>
			<trkpt lat="48.737003803253174" lon="3.1727367639541626">
				<ele>143.0</ele>
				<time>2018-12-29T09:27:57</time>
			</trkpt>
			<trkpt lat="48.736982345581055" lon="3.1735146045684814">
				<ele>144.0</ele>
				<time>2018-12-29T09:28:06</time>
			</trkpt>
			<trkpt lat="48.73684287071228" lon="3.174523115158081">
				<ele>146.0</ele>
				<time>2018-12-29T09:28:18</time>
			</trkpt>
			<trkpt lat="48.73668730258942" lon="3.175097107887268">
				<ele>148.0</ele>
				<time>2018-12-29T09:28:25</time>
			</trkpt>
			<trkpt lat="48.73605966567993" lon="3.17604660987854">
				<ele>149.0</ele>
				<time>2018-12-29T09:28:40</time>
			</trkpt>
			<trkpt lat="48.7359094619751" lon="3.1765025854110718">
				<ele>148.0</ele>
				<time>2018-12-29T09:28:46</time>
			</trkpt>
			<trkpt lat="48.73578608036041" lon="3.177521824836731">
				<ele>145.0</ele>
				<time>2018-12-29T09:28:58</time>
			</trkpt>
			<trkpt lat="48.73588800430298" lon="3.178267478942871">
				<ele>141.0</ele>
				<time>2018-12-29T09:29:07</time>
			</trkpt>
			<trkpt lat="48.735796893015504" lon="3.1802523136138916">
				<ele>144.0</ele>
				<time>2018-12-29T09:29:30</time>
			</trkpt>
			<trkpt lat="48.73570033349097" lon="3.1811267137527466">
				<ele>144.0</ele>
				<time>2018-12-29T09:29:40</time>
			</trkpt>
			<trkpt lat="48.73538374900818" lon="3.1829988956451416">
				<ele>142.0</ele>
				<time>2018-12-29T09:30:02</time>
			</trkpt>
			<trkpt lat="48.734970688819885" lon="3.184490203857422">
				<ele>141.0</ele>
				<time>2018-12-29T09:30:20</time>
			</trkpt>
			<trkpt lat="48.73515844345093" lon="3.1861692667007446">
				<ele>144.0</ele>
				<time>2018-12-29T09:30:40</time>
			</trkpt>
			<trkpt lat="48.73515852726996" lon="3.1861692667007446">
				<ele>144.0</ele>
				<time>2018-12-29T09:30:40</time>
			</trkpt>
			<trkpt lat="48.73529255390167" lon="3.1870704889297485">
				<ele>145.0</ele>
				<time>2018-12-29T09:30:51</time>
			</trkpt>
			<trkpt lat="48.73559832572937" lon="3.188159465789795">
				<ele>145.0</ele>
				<time>2018-12-29T09:31:04</time>
			</trkpt>
			<trkpt lat="48.73567879199982" lon="3.188685178756714">
				<ele>146.0</ele>
				<time>2018-12-29T09:31:10</time>
			</trkpt>
			<trkpt lat="48.73567887581885" lon="3.188685178756714">
				<ele>146.0</ele>
				<time>2018-12-29T09:31:10</time>
			</trkpt>
			<trkpt lat="48.735775435343385" lon="3.1900745630264282">
				<ele>147.0</ele>
				<time>2018-12-29T09:31:26</time>
			</trkpt>
			<trkpt lat="48.73585045337677" lon="3.1911420822143555">
				<ele>147.0</ele>
				<time>2018-12-29T09:31:39</time>
			</trkpt>
			<trkpt lat="48.73584508895874" lon="3.1920164823532104">
				<ele>146.0</ele>
				<time>2018-12-29T09:31:49</time>
			</trkpt>
			<trkpt lat="48.73544820584357" lon="3.1943392753601074">
				<ele>143.0</ele>
				<time>2018-12-29T09:32:16</time>
			</trkpt>
			<trkpt lat="48.735281908884645" lon="3.1954121589660645">
				<ele>144.0</ele>
				<time>2018-12-29T09:32:29</time>
			</trkpt>
			<trkpt lat="48.73551785945892" lon="3.1957393884658813">
				<ele>145.0</ele>
				<time>2018-12-29T09:32:35</time>
			</trkpt>
			<trkpt lat="48.73561441898346" lon="3.1957662105560303">
				<ele>145.0</ele>
				<time>2018-12-29T09:32:36</time>
			</trkpt>
			<trkpt lat="48.73796948231757" lon="3.1962168216705322">
				<ele>151.0</ele>
				<time>2018-12-29T09:33:18</time>
			</trkpt>
			<trkpt lat="48.739246213808656" lon="3.1972575187683105">
				<ele>149.0</ele>
				<time>2018-12-29T09:33:43</time>
			</trkpt>
			<trkpt lat="48.73964318074286" lon="3.1975901126861572">
				<ele>149.0</ele>
				<time>2018-12-29T09:33:51</time>
			</trkpt>
			<trkpt lat="48.73964309692383" lon="3.1975901126861572">
				<ele>149.0</ele>
				<time>2018-12-29T09:33:51</time>
			</trkpt>
			<trkpt lat="48.73991676606238" lon="3.197820782661438">
				<ele>149.0</ele>
				<time>2018-12-29T09:33:56</time>
			</trkpt>
			<trkpt lat="48.74002933502197" lon="3.197917342185974">
				<ele>149.0</ele>
				<time>2018-12-29T09:33:58</time>
			</trkpt>
			<trkpt lat="48.74789893627167" lon="3.204542398452759">
				<ele>146.0</ele>
				<time>2018-12-29T09:36:35</time>
			</trkpt>
			<trkpt lat="48.74816690571606" lon="3.2047727331519127">
				<ele>146.99</ele>
				<time>2018-12-29T09:36:40</time>
			</trkpt>
			<trkpt lat="48.7481717672199" lon="3.2047768402844667">
				<ele>147.0</ele>
				<time>2018-12-29T09:36:40</time>
			</trkpt>
			<trkpt lat="48.74817218631506" lon="3.2047772593796253">
				<ele>147.0</ele>
				<time>2018-12-29T09:36:40</time>
			</trkpt>
			<trkpt lat="48.74817227013409" lon="3.2047774270176888">
				<ele>147.0</ele>
				<time>2018-12-29T09:36:41</time>
			</trkpt>
			<trkpt lat="48.74818400479853" lon="3.2047874853014946">
				<ele>147.0</ele>
				<time>2018-12-29T09:36:41</time>
			</trkpt>
			<trkpt lat="48.74818584881723" lon="3.204789077863097">
				<ele>147.0</ele>
				<time>2018-12-29T09:36:41</time>
			</trkpt>
			<trkpt lat="48.7481857649982" lon="3.2047889940440655">
				<ele>147.0</ele>
				<time>2018-12-29T09:36:41</time>
			</trkpt>
			<trkpt lat="48.74839782714844" lon="3.2049715518951416">
				<ele>148.0</ele>
				<time>2018-12-29T09:36:45</time>
			</trkpt>
			<trkpt lat="48.74870368279517" lon="3.2053524255752563">
				<ele>148.0</ele>
				<time>2018-12-29T09:36:52</time>
			</trkpt>
			<trkpt lat="48.748741233721375" lon="3.2053953409194946">
				<ele>148.0</ele>
				<time>2018-12-29T09:36:53</time>
			</trkpt>
			<trkpt lat="48.74884843826294" lon="3.2055294513702393">
				<ele>148.0</ele>
				<time>2018-12-29T09:36:55</time>
			</trkpt>
			<trkpt lat="48.749749744310975" lon="3.2066720724105835">
				<ele>147.0</ele>
				<time>2018-12-29T09:37:16</time>
			</trkpt>
			<trkpt lat="48.74979265965521" lon="3.2067257165908813">
				<ele>147.0</ele>
				<time>2018-12-29T09:37:17</time>
			</trkpt>
			<trkpt lat="48.75108548440039" lon="3.208329677581787">
				<ele>145.0</ele>
				<time>2018-12-29T09:37:46</time>
			</trkpt>
			<trkpt lat="48.75108540058136" lon="3.208329677581787">
				<ele>145.0</ele>
				<time>2018-12-29T09:37:46</time>
			</trkpt>
			<trkpt lat="48.75209399498999" lon="3.209477663040161">
				<ele>143.0</ele>
				<time>2018-12-29T09:38:08</time>
			</trkpt>
			<trkpt lat="48.753982186317444" lon="3.2116180658340454">
				<ele>142.0</ele>
				<time>2018-12-29T09:38:49</time>
			</trkpt>
			<trkpt lat="48.75738859176636" lon="3.2145845890045166">
				<ele>136.0</ele>
				<time>2018-12-29T09:39:57</time>
			</trkpt>
			<trkpt lat="48.758209431543946" lon="3.215598464012146">
				<ele>141.0</ele>
				<time>2018-12-29T09:40:15</time>
			</trkpt>
			<trkpt lat="48.75825762748718" lon="3.2156628370285034">
				<ele>141.0</ele>
				<time>2018-12-29T09:40:17</time>
			</trkpt>
			<trkpt lat="48.758499110117555" lon="3.216617703437805">
				<ele>143.0</ele>
				<time>2018-12-29T09:40:28</time>
			</trkpt>
			<trkpt lat="48.75870295800269" lon="3.2176101207733154">
				<ele>144.0</ele>
				<time>2018-12-29T09:40:40</time>
			</trkpt>
			<trkpt lat="48.75890144146979" lon="3.2188761234283447">
				<ele>145.0</ele>
				<time>2018-12-29T09:40:55</time>
			</trkpt>
			<trkpt lat="48.75891217030585" lon="3.219267725944519">
				<ele>145.0</ele>
				<time>2018-12-29T09:41:00</time>
			</trkpt>
			<trkpt lat="48.75892289914191" lon="3.219670057296753">
				<ele>146.0</ele>
				<time>2018-12-29T09:41:04</time>
			</trkpt>
			<trkpt lat="48.758998000994325" lon="3.2222288846969604">
				<ele>142.0</ele>
				<time>2018-12-29T09:41:34</time>
			</trkpt>
			<trkpt lat="48.75900328159332" lon="3.2224327325820923">
				<ele>142.0</ele>
				<time>2018-12-29T09:41:36</time>
			</trkpt>
			<trkpt lat="48.75917502678931" lon="3.2240313291549683">
				<ele>144.0</ele>
				<time>2018-12-29T09:41:55</time>
			</trkpt>
			<trkpt lat="48.75942715443671" lon="3.2263487577438354">
				<ele>145.0</ele>
				<time>2018-12-29T09:42:21</time>
			</trkpt>
			<trkpt lat="48.759990418329835" lon="3.2315629720687866">
				<ele>148.0</ele>
				<time>2018-12-29T09:43:22</time>
			</trkpt>
			<trkpt lat="48.7599903345108" lon="3.2315629720687866">
				<ele>148.0</ele>
				<time>2018-12-29T09:43:22</time>
			</trkpt>
			<trkpt lat="48.761009741574526" lon="3.2409978937357664">
				<ele>148.0</ele>
				<time>2018-12-29T09:45:12</time>
			</trkpt>
			<trkpt lat="48.76101057976484" lon="3.2410061918199062">
				<ele>148.0</ele>
				<time>2018-12-29T09:45:12</time>
			</trkpt>
			<trkpt lat="48.761010663583875" lon="3.241007197648287">
				<ele>148.0</ele>
				<time>2018-12-29T09:45:12</time>
			</trkpt>
			<trkpt lat="48.7610128428787" lon="3.2410273980349302">
				<ele>148.0</ele>
				<time>2018-12-29T09:45:12</time>
			</trkpt>
			<trkpt lat="48.76101057976484" lon="3.241005688905716">
				<ele>148.0</ele>
				<time>2018-12-29T09:45:12</time>
			</trkpt>
			<trkpt lat="48.76101057976484" lon="3.2410055212676525">
				<ele>148.0</ele>
				<time>2018-12-29T09:45:12</time>
			</trkpt>
			<trkpt lat="48.76165330410004" lon="3.2469534873962402">
				<ele>151.0</ele>
				<time>2018-12-29T09:46:22</time>
			</trkpt>
			<trkpt lat="48.76183569431305" lon="3.2478493452072144">
				<ele>151.0</ele>
				<time>2018-12-29T09:46:32</time>
			</trkpt>
			<trkpt lat="48.764496529474854" lon="3.257671594619751">
				<ele>155.0</ele>
				<time>2018-12-29T09:48:34</time>
			</trkpt>
			<trkpt lat="48.76474320888519" lon="3.258669376373291">
				<ele>154.0</ele>
				<time>2018-12-29T09:48:46</time>
			</trkpt>
			<trkpt lat="48.7643785122782" lon="3.2682394981384277">
				<ele>158.0</ele>
				<time>2018-12-29T09:50:36</time>
			</trkpt>
			<trkpt lat="48.7641316652298" lon="3.2733571529388428">
				<ele>155.0</ele>
				<time>2018-12-29T09:51:35</time>
			</trkpt>
			<trkpt lat="48.764201402664185" lon="3.2738882303237915">
				<ele>154.0</ele>
				<time>2018-12-29T09:51:41</time>
			</trkpt>
			<trkpt lat="48.76434624195099" lon="3.2743924856185913">
				<ele>154.0</ele>
				<time>2018-12-29T09:51:48</time>
			</trkpt>
			<trkpt lat="48.764705657958984" lon="3.2753151655197144">
				<ele>155.0</ele>
				<time>2018-12-29T09:52:00</time>
			</trkpt>
			<trkpt lat="48.76602002419531" lon="3.2786786556243896">
				<ele>158.0</ele>
				<time>2018-12-29T09:52:45</time>
			</trkpt>
			<trkpt lat="48.76608431339264" lon="3.2788288593292236">
				<ele>158.0</ele>
				<time>2018-12-29T09:52:47</time>
			</trkpt>
			<trkpt lat="48.76610040664673" lon="3.2788771390914917">
				<ele>158.0</ele>
				<time>2018-12-29T09:52:48</time>
			</trkpt>
			<trkpt lat="48.76664757728577" lon="3.28016459941864">
				<ele>158.0</ele>
				<time>2018-12-29T09:53:05</time>
			</trkpt>
			<trkpt lat="48.76782783307135" lon="3.282390832901001">
				<ele>157.0</ele>
				<time>2018-12-29T09:53:38</time>
			</trkpt>
			<trkpt lat="48.76782774925232" lon="3.282390832901001">
				<ele>157.0</ele>
				<time>2018-12-29T09:53:38</time>
			</trkpt>
			<trkpt lat="48.76850986853242" lon="3.283661613240838">
				<ele>157.99</ele>
				<time>2018-12-29T09:53:57</time>
			</trkpt>
			<trkpt lat="48.76850986853242" lon="3.2836615294218063">
				<ele>158.0</ele>
				<time>2018-12-29T09:53:57</time>
			</trkpt>
			<trkpt lat="48.768509700894356" lon="3.2836611941456795">
				<ele>158.0</ele>
				<time>2018-12-29T09:53:57</time>
			</trkpt>
			<trkpt lat="48.77217301167548" lon="3.2904857397079468">
				<ele>158.0</ele>
				<time>2018-12-29T09:55:38</time>
			</trkpt>
			<trkpt lat="48.77387881278992" lon="3.2936936616897583">
				<ele>157.0</ele>
				<time>2018-12-29T09:56:25</time>
			</trkpt>
			<trkpt lat="48.775450587272644" lon="3.294273018836975">
				<ele>157.0</ele>
				<time>2018-12-29T09:56:53</time>
			</trkpt>
			<trkpt lat="48.775450671091676" lon="3.294273018836975">
				<ele>157.0</ele>
				<time>2018-12-29T09:56:53</time>
			</trkpt>
			<trkpt lat="48.776443004608154" lon="3.29464852809906">
				<ele>157.0</ele>
				<time>2018-12-29T09:57:11</time>
			</trkpt>
			<trkpt lat="48.776443088427186" lon="3.29464852809906">
				<ele>157.0</ele>
				<time>2018-12-29T09:57:11</time>
			</trkpt>
			<trkpt lat="48.77882489003241" lon="3.2955390214920044">
				<ele>149.0</ele>
				<time>2018-12-29T09:57:54</time>
			</trkpt>
			<trkpt lat="48.77976357936859" lon="3.2958877086639404">
				<ele>144.0</ele>
				<time>2018-12-29T09:58:10</time>
			</trkpt>
			<trkpt lat="48.78012835979462" lon="3.295925259590149">
				<ele>142.0</ele>
				<time>2018-12-29T09:58:17</time>
			</trkpt>
			<trkpt lat="48.780659437179565" lon="3.2956355810165405">
				<ele>137.0</ele>
				<time>2018-12-29T09:58:27</time>
			</trkpt>
			<trkpt lat="48.78174841403961" lon="3.2943427562713623">
				<ele>132.0</ele>
				<time>2018-12-29T09:58:51</time>
			</trkpt>
			<trkpt lat="48.782172286883" lon="3.2942837476730347">
				<ele>129.0</ele>
				<time>2018-12-29T09:58:58</time>
			</trkpt>
			<trkpt lat="48.782483423128724" lon="3.2942676544189453">
				<ele>127.0</ele>
				<time>2018-12-29T09:59:03</time>
			</trkpt>
			<trkpt lat="48.78256916999817" lon="3.2944822311401367">
				<ele>126.0</ele>
				<time>2018-12-29T09:59:06</time>
			</trkpt>
			<trkpt lat="48.782692551612854" lon="3.294471502304077">
				<ele>125.0</ele>
				<time>2018-12-29T09:59:09</time>
			</trkpt>
			<trkpt lat="48.7827677372843" lon="3.2943373918533325">
				<ele>125.0</ele>
				<time>2018-12-29T09:59:11</time>
			</trkpt>
			<trkpt lat="48.78275156021118" lon="3.29414963722229">
				<ele>126.0</ele>
				<time>2018-12-29T09:59:13</time>
			</trkpt>
			<trkpt lat="48.78297686576843" lon="3.293377161026001">
				<ele>126.0</ele>
				<time>2018-12-29T09:59:22</time>
			</trkpt>
			<trkpt lat="48.78321826457977" lon="3.29264760017395">
				<ele>125.0</ele>
				<time>2018-12-29T09:59:32</time>
			</trkpt>
			<trkpt lat="48.78352948464453" lon="3.2912153005599976">
				<ele>125.0</ele>
				<time>2018-12-29T09:59:49</time>
			</trkpt>
			<trkpt lat="48.78362059593201" lon="3.290759325027466">
				<ele>126.0</ele>
				<time>2018-12-29T09:59:55</time>
			</trkpt>
			<trkpt lat="48.783937180414796" lon="3.2896167039871216">
				<ele>126.0</ele>
				<time>2018-12-29T10:00:09</time>
			</trkpt>
			<trkpt lat="48.78557332791388" lon="3.2832008600234985">
				<ele>119.0</ele>
				<time>2018-12-29T10:01:28</time>
			</trkpt>
			<trkpt lat="48.78557324409485" lon="3.2832008600234985">
				<ele>119.0</ele>
				<time>2018-12-29T10:01:28</time>
			</trkpt>
			<trkpt lat="48.78576636314392" lon="3.282739520072937">
				<ele>116.0</ele>
				<time>2018-12-29T10:01:34</time>
			</trkpt>
			<trkpt lat="48.78595411777496" lon="3.2824820280075073">
				<ele>113.0</ele>
				<time>2018-12-29T10:01:38</time>
			</trkpt>
			<trkpt lat="48.78759026527405" lon="3.280942440032959">
				<ele>117.0</ele>
				<time>2018-12-29T10:02:12</time>
			</trkpt>
			<trkpt lat="48.78823935985565" lon="3.2807117700576782">
				<ele>118.0</ele>
				<time>2018-12-29T10:02:23</time>
			</trkpt>
			<trkpt lat="48.789419531822205" lon="3.2807010412216187">
				<ele>119.0</ele>
				<time>2018-12-29T10:02:44</time>
			</trkpt>
			<trkpt lat="48.790438771247864" lon="3.2811731100082397">
				<ele>115.0</ele>
				<time>2018-12-29T10:03:02</time>
			</trkpt>
			<trkpt lat="48.79194617271423" lon="3.28141987323761">
				<ele>115.0</ele>
				<time>2018-12-29T10:03:29</time>
			</trkpt>
			<trkpt lat="48.7920428160578" lon="3.2813608646392822">
				<ele>115.0</ele>
				<time>2018-12-29T10:03:31</time>
			</trkpt>
			<trkpt lat="48.79204273223877" lon="3.2813608646392822">
				<ele>115.0</ele>
				<time>2018-12-29T10:03:31</time>
			</trkpt>
			<trkpt lat="48.79227340221405" lon="3.280942440032959">
				<ele>114.0</ele>
				<time>2018-12-29T10:03:37</time>
			</trkpt>
			<trkpt lat="48.79226803779602" lon="3.2804489135742188">
				<ele>114.0</ele>
				<time>2018-12-29T10:03:43</time>
			</trkpt>
			<trkpt lat="48.79157066345215" lon="3.2779598236083984">
				<ele>110.0</ele>
				<time>2018-12-29T10:04:14</time>
			</trkpt>
			<trkpt lat="48.79160284996033" lon="3.2761573791503906">
				<ele>107.0</ele>
				<time>2018-12-29T10:04:34</time>
			</trkpt>
			<trkpt lat="48.79153847694397" lon="3.275599479675293">
				<ele>107.0</ele>
				<time>2018-12-29T10:04:41</time>
			</trkpt>
			<trkpt lat="48.79120588302612" lon="3.2741403579711914">
				<ele>108.0</ele>
				<time>2018-12-29T10:04:58</time>
			</trkpt>
			<trkpt lat="48.79106640815735" lon="3.273496627807617">
				<ele>107.0</ele>
				<time>2018-12-29T10:05:06</time>
			</trkpt>
			<trkpt lat="48.79106640815735" lon="3.2729440927505493">
				<ele>107.0</ele>
				<time>2018-12-29T10:05:13</time>
			</trkpt>
			<trkpt lat="48.79127025604248" lon="3.2719838619232178">
				<ele>104.0</ele>
				<time>2018-12-29T10:05:24</time>
			</trkpt>
			<trkpt lat="48.791726315394044" lon="3.271034359931946">
				<ele>101.0</ele>
				<time>2018-12-29T10:05:38</time>
			</trkpt>
			<trkpt lat="48.79172623157501" lon="3.271034359931946">
				<ele>101.0</ele>
				<time>2018-12-29T10:05:38</time>
			</trkpt>
			<trkpt lat="48.792171478271484" lon="3.2701653242111206">
				<ele>101.0</ele>
				<time>2018-12-29T10:05:50</time>
			</trkpt>
			<trkpt lat="48.792659640312195" lon="3.270599842071533">
				<ele>99.0</ele>
				<time>2018-12-29T10:06:00</time>
			</trkpt>
			<trkpt lat="48.79283130168915" lon="3.270755410194397">
				<ele>99.0</ele>
				<time>2018-12-29T10:06:04</time>
			</trkpt>
			<trkpt lat="48.793217623606324" lon="3.2710397243499756">
				<ele>100.0</ele>
				<time>2018-12-29T10:06:11</time>
			</trkpt>
			<trkpt lat="48.79423686303198" lon="3.2715868949890137">
				<ele>104.0</ele>
				<time>2018-12-29T10:06:30</time>
			</trkpt>
			<trkpt lat="48.794424533843994" lon="3.2716405391693115">
				<ele>105.0</ele>
				<time>2018-12-29T10:06:33</time>
			</trkpt>
			<trkpt lat="48.79454799927771" lon="3.2704442739486694">
				<ele>103.0</ele>
				<time>2018-12-29T10:06:47</time>
			</trkpt>
			<trkpt lat="48.79474648274481" lon="3.269875645637512">
				<ele>104.0</ele>
				<time>2018-12-29T10:06:54</time>
			</trkpt>
			<trkpt lat="48.79499316215515" lon="3.2691890001296997">
				<ele>105.0</ele>
				<time>2018-12-29T10:07:03</time>
			</trkpt>
			<trkpt lat="48.7952721118927" lon="3.268856406211853">
				<ele>105.0</ele>
				<time>2018-12-29T10:07:10</time>
			</trkpt>
			<trkpt lat="48.79603394307196" lon="3.2682502269744873">
				<ele>106.0</ele>
				<time>2018-12-29T10:07:25</time>
			</trkpt>
			<trkpt lat="48.79603385925293" lon="3.2682502269744873">
				<ele>106.0</ele>
				<time>2018-12-29T10:07:25</time>
			</trkpt>
			<trkpt lat="48.79654347896576" lon="3.2682448625564575">
				<ele>106.0</ele>
				<time>2018-12-29T10:07:33</time>
			</trkpt>
			<trkpt lat="48.796951258555055" lon="3.268228769302368">
				<ele>106.0</ele>
				<time>2018-12-29T10:07:41</time>
			</trkpt>
			<trkpt lat="48.79695117473602" lon="3.268228769302368">
				<ele>106.0</ele>
				<time>2018-12-29T10:07:41</time>
			</trkpt>
			<trkpt lat="48.79720330238342" lon="3.2681483030319214">
				<ele>106.0</ele>
				<time>2018-12-29T10:07:45</time>
			</trkpt>
			<trkpt lat="48.797670006752014" lon="3.267810344696045">
				<ele>106.0</ele>
				<time>2018-12-29T10:07:54</time>
			</trkpt>
			<trkpt lat="48.79898428916931" lon="3.2664531469345093">
				<ele>108.0</ele>
				<time>2018-12-29T10:08:22</time>
			</trkpt>
			<trkpt lat="48.79928469657898" lon="3.266034722328186">
				<ele>110.0</ele>
				<time>2018-12-29T10:08:29</time>
			</trkpt>
			<trkpt lat="48.79982113838196" lon="3.264908194541931">
				<ele>111.0</ele>
				<time>2018-12-29T10:08:45</time>
			</trkpt>
			<trkpt lat="48.800405859947205" lon="3.2640284299850464">
				<ele>112.0</ele>
				<time>2018-12-29T10:08:59</time>
			</trkpt>
			<trkpt lat="48.80052924156189" lon="3.2637012004852295">
				<ele>114.0</ele>
				<time>2018-12-29T10:09:03</time>
			</trkpt>
			<trkpt lat="48.80057752132416" lon="3.263309597969055">
				<ele>113.0</ele>
				<time>2018-12-29T10:09:08</time>
			</trkpt>
			<trkpt lat="48.80049713887274" lon="3.26069712638855">
				<ele>111.0</ele>
				<time>2018-12-29T10:09:38</time>
			</trkpt>
			<trkpt lat="48.80049705505371" lon="3.26069712638855">
				<ele>111.0</ele>
				<time>2018-12-29T10:09:38</time>
			</trkpt>
			<trkpt lat="48.800362944602966" lon="3.2600319385528564">
				<ele>114.0</ele>
				<time>2018-12-29T10:09:46</time>
			</trkpt>
			<trkpt lat="48.80007863044739" lon="3.2596993446350098">
				<ele>114.0</ele>
				<time>2018-12-29T10:09:52</time>
			</trkpt>
			<trkpt lat="48.799107670784" lon="3.2589858770370483">
				<ele>114.0</ele>
				<time>2018-12-29T10:10:11</time>
			</trkpt>
			<trkpt lat="48.798657059669495" lon="3.2587766647338867">
				<ele>114.0</ele>
				<time>2018-12-29T10:10:19</time>
			</trkpt>
			<trkpt lat="48.79646301269531" lon="3.2586050033569336">
				<ele>112.0</ele>
				<time>2018-12-29T10:10:57</time>
			</trkpt>
			<trkpt lat="48.796162605285645" lon="3.2586586475372314">
				<ele>112.0</ele>
				<time>2018-12-29T10:11:03</time>
			</trkpt>
			<trkpt lat="48.79490741528571" lon="3.2591789960861206">
				<ele>109.0</ele>
				<time>2018-12-29T10:11:25</time>
			</trkpt>
			<trkpt lat="48.794907331466675" lon="3.2591789960861206">
				<ele>109.0</ele>
				<time>2018-12-29T10:11:25</time>
			</trkpt>
			<trkpt lat="48.79434943199158" lon="3.259398937225342">
				<ele>107.0</ele>
				<time>2018-12-29T10:11:35</time>
			</trkpt>
			<trkpt lat="48.7937593460083" lon="3.2593774795532227">
				<ele>106.0</ele>
				<time>2018-12-29T10:11:46</time>
			</trkpt>
			<trkpt lat="48.79254698753357" lon="3.258969783782959">
				<ele>101.0</ele>
				<time>2018-12-29T10:12:07</time>
			</trkpt>
			<trkpt lat="48.792144656181335" lon="3.2586264610290527">
				<ele>100.0</ele>
				<time>2018-12-29T10:12:15</time>
			</trkpt>
			<trkpt lat="48.79182287491858" lon="3.2581329345703125">
				<ele>100.0</ele>
				<time>2018-12-29T10:12:23</time>
			</trkpt>
			<trkpt lat="48.79182279109955" lon="3.2581329345703125">
				<ele>100.0</ele>
				<time>2018-12-29T10:12:23</time>
			</trkpt>
			<trkpt lat="48.791656494140625" lon="3.2577306032180786">
				<ele>100.0</ele>
				<time>2018-12-29T10:12:29</time>
			</trkpt>
			<trkpt lat="48.79160284996033" lon="3.257301449775696">
				<ele>100.0</ele>
				<time>2018-12-29T10:12:34</time>
			</trkpt>
			<trkpt lat="48.79198372364044" lon="3.2552897930145264">
				<ele>102.0</ele>
				<time>2018-12-29T10:12:58</time>
			</trkpt>
			<trkpt lat="48.79208028316498" lon="3.2547104358673096">
				<ele>102.0</ele>
				<time>2018-12-29T10:13:04</time>
			</trkpt>
			<trkpt lat="48.79234850406647" lon="3.254104256629944">
				<ele>101.0</ele>
				<time>2018-12-29T10:13:13</time>
			</trkpt>
			<trkpt lat="48.79385590553284" lon="3.2528114318847656">
				<ele>98.0</ele>
				<time>2018-12-29T10:13:43</time>
			</trkpt>
			<trkpt lat="48.79720866680145" lon="3.25095534324646">
				<ele>95.0</ele>
				<time>2018-12-29T10:14:45</time>
			</trkpt>
			<trkpt lat="48.79807770252228" lon="3.2501882314682007">
				<ele>96.0</ele>
				<time>2018-12-29T10:15:03</time>
			</trkpt>
			<trkpt lat="48.79920959472656" lon="3.2483482360839844">
				<ele>97.0</ele>
				<time>2018-12-29T10:15:31</time>
			</trkpt>
			<trkpt lat="48.79947245121002" lon="3.248053193092346">
				<ele>98.0</ele>
				<time>2018-12-29T10:15:37</time>
			</trkpt>
			<trkpt lat="48.80007863044739" lon="3.247607946395874">
				<ele>95.0</ele>
				<time>2018-12-29T10:15:49</time>
			</trkpt>
			<trkpt lat="48.80064734257758" lon="3.2473772764205933">
				<ele>95.0</ele>
				<time>2018-12-29T10:15:59</time>
			</trkpt>
			<trkpt lat="48.800647258758545" lon="3.2473772764205933">
				<ele>95.0</ele>
				<time>2018-12-29T10:15:59</time>
			</trkpt>
			<trkpt lat="48.80254626274109" lon="3.246814012527466">
				<ele>96.0</ele>
				<time>2018-12-29T10:16:33</time>
			</trkpt>
			<trkpt lat="48.80307197570801" lon="3.2465511560440063">
				<ele>99.0</ele>
				<time>2018-12-29T10:16:42</time>
			</trkpt>
			<trkpt lat="48.80395174026489" lon="3.245612382888794">
				<ele>99.0</ele>
				<time>2018-12-29T10:17:01</time>
			</trkpt>
			<trkpt lat="48.805877566337585" lon="3.242935538291931">
				<ele>91.0</ele>
				<time>2018-12-29T10:17:47</time>
			</trkpt>
			<trkpt lat="48.80622633732855" lon="3.2422488927841187">
				<ele>92.0</ele>
				<time>2018-12-29T10:17:57</time>
			</trkpt>
			<trkpt lat="48.80650520324707" lon="3.2405805587768555">
				<ele>92.0</ele>
				<time>2018-12-29T10:18:16</time>
			</trkpt>
			<trkpt lat="48.80654811859131" lon="3.239089250564575">
				<ele>92.0</ele>
				<time>2018-12-29T10:18:33</time>
			</trkpt>
			<trkpt lat="48.806419372558594" lon="3.2381290197372437">
				<ele>91.0</ele>
				<time>2018-12-29T10:18:45</time>
			</trkpt>
			<trkpt lat="48.806151151657104" lon="3.237147331237793">
				<ele>89.0</ele>
				<time>2018-12-29T10:18:57</time>
			</trkpt>
			<trkpt lat="48.80597420968115" lon="3.2367289066314697">
				<ele>88.0</ele>
				<time>2018-12-29T10:19:02</time>
			</trkpt>
			<trkpt lat="48.80597412586212" lon="3.2367289066314697">
				<ele>88.0</ele>
				<time>2018-12-29T10:19:02</time>
			</trkpt>
			<trkpt lat="48.80525537766516" lon="3.2353127002716064">
				<ele>88.0</ele>
				<time>2018-12-29T10:19:23</time>
			</trkpt>
			<trkpt lat="48.80409121513367" lon="3.233150839805603">
				<ele>88.0</ele>
				<time>2018-12-29T10:19:55</time>
			</trkpt>
			<trkpt lat="48.80356013774872" lon="3.2319706678390503">
				<ele>89.0</ele>
				<time>2018-12-29T10:20:11</time>
			</trkpt>
			<trkpt lat="48.802186930552125" lon="3.227453827857971">
				<ele>88.0</ele>
				<time>2018-12-29T10:21:08</time>
			</trkpt>
			<trkpt lat="48.80218684673309" lon="3.227453827857971">
				<ele>88.0</ele>
				<time>2018-12-29T10:21:08</time>
			</trkpt>
			<trkpt lat="48.80205818451941" lon="3.227030038833618">
				<ele>86.0</ele>
				<time>2018-12-29T10:21:14</time>
			</trkpt>
			<trkpt lat="48.80200454033911" lon="3.226810097694397">
				<ele>85.0</ele>
				<time>2018-12-29T10:21:16</time>
			</trkpt>
			<trkpt lat="48.80200445652008" lon="3.226810097694397">
				<ele>85.0</ele>
				<time>2018-12-29T10:21:16</time>
			</trkpt>
			<trkpt lat="48.80185425281525" lon="3.2259947061538696">
				<ele>85.0</ele>
				<time>2018-12-29T10:21:26</time>
			</trkpt>
			<trkpt lat="48.801698768511415" lon="3.223167657852173">
				<ele>84.0</ele>
				<time>2018-12-29T10:21:59</time>
			</trkpt>
			<trkpt lat="48.801671862602234" lon="3.222915530204773">
				<ele>85.0</ele>
				<time>2018-12-29T10:22:02</time>
			</trkpt>
			<trkpt lat="48.801409089937806" lon="3.218173384666443">
				<ele>81.0</ele>
				<time>2018-12-29T10:22:56</time>
			</trkpt>
			<trkpt lat="48.801409006118774" lon="3.218173384666443">
				<ele>81.0</ele>
				<time>2018-12-29T10:22:56</time>
			</trkpt>
			<trkpt lat="48.80133390426636" lon="3.216467499732971">
				<ele>81.0</ele>
				<time>2018-12-29T10:23:16</time>
			</trkpt>
			<trkpt lat="48.801452005282044" lon="3.214144706726074">
				<ele>81.0</ele>
				<time>2018-12-29T10:23:42</time>
			</trkpt>
			<trkpt lat="48.801645040512085" lon="3.2126373052597046">
				<ele>82.0</ele>
				<time>2018-12-29T10:24:00</time>
			</trkpt>
			<trkpt lat="48.80189188756049" lon="3.2112908363342285">
				<ele>84.0</ele>
				<time>2018-12-29T10:24:16</time>
			</trkpt>
			<trkpt lat="48.80210646428168" lon="3.210126757621765">
				<ele>82.0</ele>
				<time>2018-12-29T10:24:30</time>
			</trkpt>
			<trkpt lat="48.80210638046265" lon="3.210126757621765">
				<ele>82.0</ele>
				<time>2018-12-29T10:24:30</time>
			</trkpt>
			<trkpt lat="48.802176201716065" lon="3.209735155105591">
				<ele>81.0</ele>
				<time>2018-12-29T10:24:35</time>
			</trkpt>
			<trkpt lat="48.80226731300354" lon="3.20925235748291">
				<ele>81.0</ele>
				<time>2018-12-29T10:24:40</time>
			</trkpt>
			<trkpt lat="48.80306124687195" lon="3.207058310508728">
				<ele>81.0</ele>
				<time>2018-12-29T10:25:09</time>
			</trkpt>
			<trkpt lat="48.80374789237976" lon="3.2062268257141113">
				<ele>80.0</ele>
				<time>2018-12-29T10:25:24</time>
			</trkpt>
			<trkpt lat="48.804901242256165" lon="3.2052290439605713">
				<ele>83.0</ele>
				<time>2018-12-29T10:25:47</time>
			</trkpt>
			<trkpt lat="48.80528748035431" lon="3.204687237739563">
				<ele>83.0</ele>
				<time>2018-12-29T10:25:57</time>
			</trkpt>
			<trkpt lat="48.80606004036963" lon="3.202965259552002">
				<ele>83.0</ele>
				<time>2018-12-29T10:26:20</time>
			</trkpt>
			<trkpt lat="48.8060599565506" lon="3.202965259552002">
				<ele>83.0</ele>
				<time>2018-12-29T10:26:20</time>
			</trkpt>
			<trkpt lat="48.80628534592688" lon="3.2024341821670532">
				<ele>82.0</ele>
				<time>2018-12-29T10:26:28</time>
			</trkpt>
			<trkpt lat="48.806655490770936" lon="3.201613426208496">
				<ele>82.0</ele>
				<time>2018-12-29T10:26:39</time>
			</trkpt>
			<trkpt lat="48.80751916207373" lon="3.19977343082428">
				<ele>82.0</ele>
				<time>2018-12-29T10:27:05</time>
			</trkpt>
			<trkpt lat="48.80800195969641" lon="3.198743462562561">
				<ele>82.0</ele>
				<time>2018-12-29T10:27:20</time>
			</trkpt>
			<trkpt lat="48.80851149559021" lon="3.1974130868911743">
				<ele>81.0</ele>
				<time>2018-12-29T10:27:37</time>
			</trkpt>
			<trkpt lat="48.80936075001955" lon="3.1948784831911325">
				<ele>79.0</ele>
				<time>2018-12-29T10:28:10</time>
			</trkpt>
			<trkpt lat="48.80936075001955" lon="3.1948787346482277">
				<ele>79.0</ele>
				<time>2018-12-29T10:28:10</time>
			</trkpt>
			<trkpt lat="48.8093598280102" lon="3.1948817521333694">
				<ele>79.0</ele>
				<time>2018-12-29T10:28:10</time>
			</trkpt>
			<trkpt lat="48.8093598280102" lon="3.1948815006762743">
				<ele>79.0</ele>
				<time>2018-12-29T10:28:10</time>
			</trkpt>
			<trkpt lat="48.80985268391669" lon="3.1934112310409546">
				<ele>79.0</ele>
				<time>2018-12-29T10:28:29</time>
			</trkpt>
			<trkpt lat="48.809852600097656" lon="3.1934112310409546">
				<ele>79.0</ele>
				<time>2018-12-29T10:28:29</time>
			</trkpt>
			<trkpt lat="48.81019592285156" lon="3.1921130418777466">
				<ele>79.0</ele>
				<time>2018-12-29T10:28:45</time>
			</trkpt>
			<trkpt lat="48.81087192334235" lon="3.188830018043518">
				<ele>77.0</ele>
				<time>2018-12-29T10:29:24</time>
			</trkpt>
			<trkpt lat="48.81102204322815" lon="3.187338709831238">
				<ele>77.0</ele>
				<time>2018-12-29T10:29:41</time>
			</trkpt>
			<trkpt lat="48.81097912788391" lon="3.1866681575775146">
				<ele>77.0</ele>
				<time>2018-12-29T10:29:49</time>
			</trkpt>
			<trkpt lat="48.81081819534302" lon="3.185906410217285">
				<ele>79.0</ele>
				<time>2018-12-29T10:29:58</time>
			</trkpt>
			<trkpt lat="48.81080210208893" lon="3.185482621192932">
				<ele>79.0</ele>
				<time>2018-12-29T10:30:03</time>
			</trkpt>
			<trkpt lat="48.810877203941345" lon="3.184661865234375">
				<ele>80.0</ele>
				<time>2018-12-29T10:30:13</time>
			</trkpt>
			<trkpt lat="48.81111332215369" lon="3.182414174079895">
				<ele>84.0</ele>
				<time>2018-12-29T10:30:39</time>
			</trkpt>
			<trkpt lat="48.81112941540778" lon="3.182237148284912">
				<ele>85.0</ele>
				<time>2018-12-29T10:30:41</time>
			</trkpt>
			<trkpt lat="48.811166966333985" lon="3.181845545768738">
				<ele>86.0</ele>
				<time>2018-12-29T10:30:45</time>
			</trkpt>
			<trkpt lat="48.811166882514954" lon="3.181845545768738">
				<ele>86.0</ele>
				<time>2018-12-29T10:30:45</time>
			</trkpt>
			<trkpt lat="48.81127961911261" lon="3.180912137031555">
				<ele>86.0</ele>
				<time>2018-12-29T10:30:56</time>
			</trkpt>
			<trkpt lat="48.81134399212897" lon="3.1803059577941895">
				<ele>83.0</ele>
				<time>2018-12-29T10:31:03</time>
			</trkpt>
			<trkpt lat="48.81152629852295" lon="3.1794315576553345">
				<ele>82.0</ele>
				<time>2018-12-29T10:31:14</time>
			</trkpt>
			<trkpt lat="48.81206818856299" lon="3.1784605979919434">
				<ele>82.0</ele>
				<time>2018-12-29T10:31:28</time>
			</trkpt>
			<trkpt lat="48.81288358010352" lon="3.1776022911071777">
				<ele>83.0</ele>
				<time>2018-12-29T10:31:46</time>
			</trkpt>
			<trkpt lat="48.81305524148047" lon="3.1774145364761353">
				<ele>83.0</ele>
				<time>2018-12-29T10:31:49</time>
			</trkpt>
			<trkpt lat="48.81523319520056" lon="3.1750810146331787">
				<ele>81.0</ele>
				<time>2018-12-29T10:32:36</time>
			</trkpt>
			<trkpt lat="48.81573745049536" lon="3.17454993724823">
				<ele>80.0</ele>
				<time>2018-12-29T10:32:46</time>
			</trkpt>
			<trkpt lat="48.81573736667633" lon="3.17454993724823">
				<ele>80.0</ele>
				<time>2018-12-29T10:32:46</time>
			</trkpt>
			<trkpt lat="48.81679960526526" lon="3.1729406118392944">
				<ele>79.0</ele>
				<time>2018-12-29T10:33:13</time>
			</trkpt>
			<trkpt lat="48.817357420921326" lon="3.172323703765869">
				<ele>78.0</ele>
				<time>2018-12-29T10:33:25</time>
			</trkpt>
			<trkpt lat="48.817668640986085" lon="3.1718409061431885">
				<ele>78.0</ele>
				<time>2018-12-29T10:33:32</time>
			</trkpt>
			<trkpt lat="48.81850004196167" lon="3.1705480813980103">
				<ele>79.0</ele>
				<time>2018-12-29T10:33:53</time>
			</trkpt>
			<trkpt lat="48.81871998310089" lon="3.170081377029419">
				<ele>79.0</ele>
				<time>2018-12-29T10:34:00</time>
			</trkpt>
			<trkpt lat="48.818918550387025" lon="3.1691426038742065">
				<ele>80.0</ele>
				<time>2018-12-29T10:34:11</time>
			</trkpt>
			<trkpt lat="48.81923505105078" lon="3.1662994623184204">
				<ele>76.0</ele>
				<time>2018-12-29T10:34:44</time>
			</trkpt>
			<trkpt lat="48.81923496723175" lon="3.1662994623184204">
				<ele>76.0</ele>
				<time>2018-12-29T10:34:44</time>
			</trkpt>
			<trkpt lat="48.819369077682495" lon="3.164792060852051">
				<ele>78.0</ele>
				<time>2018-12-29T10:35:01</time>
			</trkpt>
			<trkpt lat="48.81917595863342" lon="3.1624263525009155">
				<ele>80.0</ele>
				<time>2018-12-29T10:35:29</time>
			</trkpt>
			<trkpt lat="48.81905257701874" lon="3.16132128238678">
				<ele>81.0</ele>
				<time>2018-12-29T10:35:42</time>
			</trkpt>
			<trkpt lat="48.81891846656799" lon="3.1607311964035034">
				<ele>81.0</ele>
				<time>2018-12-29T10:35:49</time>
			</trkpt>
			<trkpt lat="48.818639600649476" lon="3.159969449043274">
				<ele>79.0</ele>
				<time>2018-12-29T10:35:59</time>
			</trkpt>
			<trkpt lat="48.81728776730597" lon="3.1564557552337646">
				<ele>79.0</ele>
				<time>2018-12-29T10:36:45</time>
			</trkpt>
			<trkpt lat="48.8162362575531" lon="3.153805732727051">
				<ele>79.0</ele>
				<time>2018-12-29T10:37:21</time>
			</trkpt>
			<trkpt lat="48.816112875938416" lon="3.153054714202881">
				<ele>79.0</ele>
				<time>2018-12-29T10:37:30</time>
			</trkpt>
			<trkpt lat="48.815941298380494" lon="3.151155710220337">
				<ele>78.0</ele>
				<time>2018-12-29T10:37:52</time>
			</trkpt>
			<trkpt lat="48.81594121456146" lon="3.151155710220337">
				<ele>78.0</ele>
				<time>2018-12-29T10:37:52</time>
			</trkpt>
			<trkpt lat="48.815941298380494" lon="3.1511181592941284">
				<ele>78.0</ele>
				<time>2018-12-29T10:37:52</time>
			</trkpt>
			<trkpt lat="48.81579645909369" lon="3.1490153074264526">
				<ele>78.0</ele>
				<time>2018-12-29T10:38:16</time>
			</trkpt>
			<trkpt lat="48.81558724679053" lon="3.147212862968445">
				<ele>78.0</ele>
				<time>2018-12-29T10:38:37</time>
			</trkpt>
			<trkpt lat="48.81557115353644" lon="3.1470680236816406">
				<ele>78.0</ele>
				<time>2018-12-29T10:38:39</time>
			</trkpt>
			<trkpt lat="48.81557106971741" lon="3.1470680236816406">
				<ele>78.0</ele>
				<time>2018-12-29T10:38:39</time>
			</trkpt>
			<trkpt lat="48.81543159484863" lon="3.145909309387207">
				<ele>77.0</ele>
				<time>2018-12-29T10:38:52</time>
			</trkpt>
			<trkpt lat="48.815367221832275" lon="3.1442302465438843">
				<ele>76.0</ele>
				<time>2018-12-29T10:39:12</time>
			</trkpt>
			<trkpt lat="48.815383315086365" lon="3.1425297260284424">
				<ele>76.0</ele>
				<time>2018-12-29T10:39:31</time>
			</trkpt>
			<trkpt lat="48.816134333610535" lon="3.1373101472854614">
				<ele>74.0</ele>
				<time>2018-12-29T10:40:32</time>
			</trkpt>
			<trkpt lat="48.81635435856879" lon="3.1349605321884155">
				<ele>77.0</ele>
				<time>2018-12-29T10:41:00</time>
			</trkpt>
			<trkpt lat="48.816354274749756" lon="3.1349605321884155">
				<ele>77.0</ele>
				<time>2018-12-29T10:41:00</time>
			</trkpt>
			<trkpt lat="48.81637045182288" lon="3.134778141975403">
				<ele>77.0</ele>
				<time>2018-12-29T10:41:02</time>
			</trkpt>
			<trkpt lat="48.816370368003845" lon="3.134778141975403">
				<ele>77.0</ele>
				<time>2018-12-29T10:41:02</time>
			</trkpt>
			<trkpt lat="48.816450918093324" lon="3.1339359283447266">
				<ele>77.0</ele>
				<time>2018-12-29T10:41:11</time>
			</trkpt>
			<trkpt lat="48.81657958030701" lon="3.1325411796569824">
				<ele>75.0</ele>
				<time>2018-12-29T10:41:28</time>
			</trkpt>
			<trkpt lat="48.81683170795441" lon="3.1325197219848633">
				<ele>75.0</ele>
				<time>2018-12-29T10:41:32</time>
			</trkpt>
			<trkpt lat="48.81699808873236" lon="3.132299780845642">
				<ele>77.0</ele>
				<time>2018-12-29T10:41:36</time>
			</trkpt>
			<trkpt lat="48.81823718547821" lon="3.130733370780945">
				<ele>87.0</ele>
				<time>2018-12-29T10:42:04</time>
			</trkpt>
			<trkpt lat="48.81845712661743" lon="3.1306207180023193">
				<ele>89.0</ele>
				<time>2018-12-29T10:42:08</time>
			</trkpt>
			<trkpt lat="48.818644881248474" lon="3.130674362182617">
				<ele>90.0</ele>
				<time>2018-12-29T10:42:11</time>
			</trkpt>
			<trkpt lat="48.81877907551825" lon="3.1309425830841064">
				<ele>92.0</ele>
				<time>2018-12-29T10:42:15</time>
			</trkpt>
			<trkpt lat="48.81898283958435" lon="3.131800889968872">
				<ele>95.0</ele>
				<time>2018-12-29T10:42:26</time>
			</trkpt>
			<trkpt lat="48.81898292340338" lon="3.131800889968872">
				<ele>95.0</ele>
				<time>2018-12-29T10:42:26</time>
			</trkpt>
			<trkpt lat="48.81931551732123" lon="3.1333351135253906">
				<ele>99.0</ele>
				<time>2018-12-29T10:42:44</time>
			</trkpt>
			<trkpt lat="48.81973385810852" lon="3.133651614189148">
				<ele>103.0</ele>
				<time>2018-12-29T10:42:52</time>
			</trkpt>
			<trkpt lat="48.8204151391983" lon="3.133994936943054">
				<ele>110.0</ele>
				<time>2018-12-29T10:43:05</time>
			</trkpt>
			<trkpt lat="48.82050633430481" lon="3.1340861320495605">
				<ele>111.0</ele>
				<time>2018-12-29T10:43:07</time>
			</trkpt>
			<trkpt lat="48.820613622665405" lon="3.134627938270569">
				<ele>114.0</ele>
				<time>2018-12-29T10:43:13</time>
			</trkpt>
			<trkpt lat="48.820602893829346" lon="3.135218024253845">
				<ele>113.0</ele>
				<time>2018-12-29T10:43:20</time>
			</trkpt>
			<trkpt lat="48.820661986246705" lon="3.1355130672454834">
				<ele>113.0</ele>
				<time>2018-12-29T10:43:23</time>
			</trkpt>
			<trkpt lat="48.82072627544403" lon="3.1359100341796875">
				<ele>115.0</ele>
				<time>2018-12-29T10:43:28</time>
			</trkpt>
			<trkpt lat="48.82123053073883" lon="3.136891722679138">
				<ele>117.0</ele>
				<time>2018-12-29T10:43:42</time>
			</trkpt>
			<trkpt lat="48.821413004770875" lon="3.1371867656707764">
				<ele>118.0</ele>
				<time>2018-12-29T10:43:47</time>
			</trkpt>
			<trkpt lat="48.82272720336914" lon="3.1372296810150146">
				<ele>124.0</ele>
				<time>2018-12-29T10:44:10</time>
			</trkpt>
			<trkpt lat="48.82428833283484" lon="3.137224316596985">
				<ele>129.0</ele>
				<time>2018-12-29T10:44:37</time>
			</trkpt>
			<trkpt lat="48.82525384426117" lon="3.1372350454330444">
				<ele>130.0</ele>
				<time>2018-12-29T10:44:54</time>
			</trkpt>
			<trkpt lat="48.82553824223578" lon="3.1373530626296997">
				<ele>130.0</ele>
				<time>2018-12-29T10:44:59</time>
			</trkpt>
			<trkpt lat="48.82633217610419" lon="3.137873411178589">
				<ele>130.0</ele>
				<time>2018-12-29T10:45:14</time>
			</trkpt>
			<trkpt lat="48.82719576358795" lon="3.1384849548339844">
				<ele>130.0</ele>
				<time>2018-12-29T10:45:31</time>
			</trkpt>
			<trkpt lat="48.82756062783301" lon="3.138747811317444">
				<ele>131.0</ele>
				<time>2018-12-29T10:45:38</time>
			</trkpt>
			<trkpt lat="48.82756054401398" lon="3.138747811317444">
				<ele>131.0</ele>
				<time>2018-12-29T10:45:38</time>
			</trkpt>
			<trkpt lat="48.831165516749024" lon="3.1412261724472046">
				<ele>132.0</ele>
				<time>2018-12-29T10:46:47</time>
			</trkpt>
			<trkpt lat="48.83116543292999" lon="3.1412261724472046">
				<ele>132.0</ele>
				<time>2018-12-29T10:46:47</time>
			</trkpt>
			<trkpt lat="48.83204528130591" lon="3.14184308052063">
				<ele>132.0</ele>
				<time>2018-12-29T10:47:03</time>
			</trkpt>
			<trkpt lat="48.83418023586273" lon="3.143318295478821">
				<ele>131.0</ele>
				<time>2018-12-29T10:47:44</time>
			</trkpt>
			<trkpt lat="48.835666263476014" lon="3.145034909248352">
				<ele>132.0</ele>
				<time>2018-12-29T10:48:17</time>
			</trkpt>
			<trkpt lat="48.837860226631165" lon="3.147679567337036">
				<ele>130.0</ele>
				<time>2018-12-29T10:49:05</time>
			</trkpt>
			<trkpt lat="48.83853622712195" lon="3.1482160091400146">
				<ele>131.0</ele>
				<time>2018-12-29T10:49:19</time>
			</trkpt>
			<trkpt lat="48.841357827186584" lon="3.150184750556946">
				<ele>131.0</ele>
				<time>2018-12-29T10:50:13</time>
			</trkpt>
			<trkpt lat="48.84250044822693" lon="3.1507962942123413">
				<ele>131.0</ele>
				<time>2018-12-29T10:50:34</time>
			</trkpt>
			<trkpt lat="48.843111991882324" lon="3.1509894132614136">
				<ele>132.0</ele>
				<time>2018-12-29T10:50:45</time>
			</trkpt>
			<trkpt lat="48.84527393616736" lon="3.150957226753235">
				<ele>133.0</ele>
				<time>2018-12-29T10:51:22</time>
			</trkpt>
			<trkpt lat="48.846588134765625" lon="3.1514400243759155">
				<ele>133.0</ele>
				<time>2018-12-29T10:51:46</time>
			</trkpt>
			<trkpt lat="48.846598947420716" lon="3.150104284286499">
				<ele>132.0</ele>
				<time>2018-12-29T10:52:01</time>
			</trkpt>
			<trkpt lat="48.84968885220587" lon="3.145684003829956">
				<ele>119.0</ele>
				<time>2018-12-29T10:53:15</time>
			</trkpt>
			<trkpt lat="48.84975322522223" lon="3.1455713510513306">
				<ele>119.0</ele>
				<time>2018-12-29T10:53:17</time>
			</trkpt>
			<trkpt lat="48.850069642066956" lon="3.1445038318634033">
				<ele>122.0</ele>
				<time>2018-12-29T10:53:30</time>
			</trkpt>
			<trkpt lat="48.85020920075476" lon="3.144214153289795">
				<ele>123.0</ele>
				<time>2018-12-29T10:53:34</time>
			</trkpt>
			<trkpt lat="48.850343227386475" lon="3.144042491912842">
				<ele>124.0</ele>
				<time>2018-12-29T10:53:37</time>
			</trkpt>
			<trkpt lat="48.850343227386475" lon="3.1436240673065186">
				<ele>124.0</ele>
				<time>2018-12-29T10:53:42</time>
			</trkpt>
			<trkpt lat="48.850584626197815" lon="3.14133882522583">
				<ele>125.0</ele>
				<time>2018-12-29T10:54:09</time>
			</trkpt>
			<trkpt lat="48.85058471001685" lon="3.14133882522583">
				<ele>125.0</ele>
				<time>2018-12-29T10:54:09</time>
			</trkpt>
			<trkpt lat="48.85071873664856" lon="3.140512704849243">
				<ele>127.0</ele>
				<time>2018-12-29T10:54:18</time>
			</trkpt>
			<trkpt lat="48.85093867778778" lon="3.1399333477020264">
				<ele>127.0</ele>
				<time>2018-12-29T10:54:26</time>
			</trkpt>
			<trkpt lat="48.8507080078125" lon="3.138216733932495">
				<ele>128.0</ele>
				<time>2018-12-29T10:54:46</time>
			</trkpt>
			<trkpt lat="48.850568532943726" lon="3.138023614883423">
				<ele>129.0</ele>
				<time>2018-12-29T10:54:49</time>
			</trkpt>
			<trkpt lat="48.85037541389465" lon="3.1375354528427124">
				<ele>130.0</ele>
				<time>2018-12-29T10:54:56</time>
			</trkpt>
			<trkpt lat="48.85041832923889" lon="3.136650323867798">
				<ele>131.0</ele>
				<time>2018-12-29T10:55:06</time>
			</trkpt>
			<trkpt lat="48.85037541389465" lon="3.136371374130249">
				<ele>132.0</ele>
				<time>2018-12-29T10:55:09</time>
			</trkpt>
			<trkpt lat="48.84997308254242" lon="3.136017322540283">
				<ele>133.0</ele>
				<time>2018-12-29T10:55:17</time>
			</trkpt>
			<trkpt lat="48.84942054748535" lon="3.1352126598358154">
				<ele>134.0</ele>
				<time>2018-12-29T10:55:31</time>
			</trkpt>
			<trkpt lat="48.84906657971442" lon="3.134922981262207">
				<ele>135.0</ele>
				<time>2018-12-29T10:55:38</time>
			</trkpt>
			<trkpt lat="48.84803652763367" lon="3.134472370147705">
				<ele>133.0</ele>
				<time>2018-12-29T10:55:56</time>
			</trkpt>
			<trkpt lat="48.847602093592286" lon="3.1340807676315308">
				<ele>133.0</ele>
				<time>2018-12-29T10:56:05</time>
			</trkpt>
			<trkpt lat="48.847108483314514" lon="3.1333404779434204">
				<ele>134.0</ele>
				<time>2018-12-29T10:56:17</time>
			</trkpt>
			<trkpt lat="48.84614288806915" lon="3.130905032157898">
				<ele>135.0</ele>
				<time>2018-12-29T10:56:50</time>
			</trkpt>
			<trkpt lat="48.845847928896546" lon="3.130325675010681">
				<ele>136.0</ele>
				<time>2018-12-29T10:56:58</time>
			</trkpt>
			<trkpt lat="48.84575136937201" lon="3.1301379203796387">
				<ele>137.0</ele>
				<time>2018-12-29T10:57:01</time>
			</trkpt>
			<trkpt lat="48.84548306465149" lon="3.1295961141586304">
				<ele>137.0</ele>
				<time>2018-12-29T10:57:09</time>
			</trkpt>
			<trkpt lat="48.84475886821747" lon="3.127713203430176">
				<ele>137.0</ele>
				<time>2018-12-29T10:57:34</time>
			</trkpt>
			<trkpt lat="48.84470522403717" lon="3.127428889274597">
				<ele>137.0</ele>
				<time>2018-12-29T10:57:37</time>
			</trkpt>
			<trkpt lat="48.84472668170929" lon="3.1268012523651123">
				<ele>137.0</ele>
				<time>2018-12-29T10:57:44</time>
			</trkpt>
			<trkpt lat="48.84530067443848" lon="3.1255191564559937">
				<ele>138.0</ele>
				<time>2018-12-29T10:58:02</time>
			</trkpt>
			<trkpt lat="48.84549924172461" lon="3.124290704727173">
				<ele>139.0</ele>
				<time>2018-12-29T10:58:17</time>
			</trkpt>
			<trkpt lat="48.84443700313568" lon="3.1211793422698975">
				<ele>136.0</ele>
				<time>2018-12-29T10:58:57</time>
			</trkpt>
			<trkpt lat="48.84444773197174" lon="3.120964765548706">
				<ele>136.0</ele>
				<time>2018-12-29T10:58:59</time>
			</trkpt>
			<trkpt lat="48.84501099586487" lon="3.1201171875">
				<ele>135.0</ele>
				<time>2018-12-29T10:59:13</time>
			</trkpt>
			<trkpt lat="48.845102190971375" lon="3.119215965270996">
				<ele>134.0</ele>
				<time>2018-12-29T10:59:23</time>
			</trkpt>
			<trkpt lat="48.84474277496338" lon="3.1175529956817627">
				<ele>131.0</ele>
				<time>2018-12-29T10:59:43</time>
			</trkpt>
			<trkpt lat="48.84473288431764" lon="3.117469260469079">
				<ele>131.0</ele>
				<time>2018-12-29T10:59:44</time>
			</trkpt>
			<trkpt lat="48.84473221376538" lon="3.1174628902226686">
				<ele>131.0</ele>
				<time>2018-12-29T10:59:44</time>
			</trkpt>
			<trkpt lat="48.84473196230829" lon="3.117460375651717">
				<ele>131.0</ele>
				<time>2018-12-29T10:59:45</time>
			</trkpt>
			<trkpt lat="48.84473196230829" lon="3.117460459470749">
				<ele>131.0</ele>
				<time>2018-12-29T10:59:45</time>
			</trkpt>
			<trkpt lat="48.844730369746685" lon="3.1174469646066427">
				<ele>131.0</ele>
				<time>2018-12-29T10:59:45</time>
			</trkpt>
			<trkpt lat="48.84473028592765" lon="3.117445958778262">
				<ele>131.0</ele>
				<time>2018-12-29T10:59:45</time>
			</trkpt>
			<trkpt lat="48.84473028592765" lon="3.1174462102353573">
				<ele>131.0</ele>
				<time>2018-12-29T10:59:45</time>
			</trkpt>
			<trkpt lat="48.84472282603383" lon="3.117382423952222">
				<ele>130.0</ele>
				<time>2018-12-29T10:59:45</time>
			</trkpt>
			<trkpt lat="48.84469751268625" lon="3.1171646621078253">
				<ele>130.0</ele>
				<time>2018-12-29T10:59:48</time>
			</trkpt>
			<trkpt lat="48.84469751268625" lon="3.117164494469762">
				<ele>130.0</ele>
				<time>2018-12-29T10:59:48</time>
			</trkpt>
			<trkpt lat="48.84449601173401" lon="3.1154340505599976">
				<ele>126.0</ele>
				<time>2018-12-29T11:00:08</time>
			</trkpt>
			<trkpt lat="48.84449609555304" lon="3.1154340505599976">
				<ele>126.0</ele>
				<time>2018-12-29T11:00:08</time>
			</trkpt>
			<trkpt lat="48.84449609555304" lon="3.1153589487075806">
				<ele>125.0</ele>
				<time>2018-12-29T11:00:09</time>
			</trkpt>
			<trkpt lat="48.84447455406189" lon="3.114446997642517">
				<ele>125.0</ele>
				<time>2018-12-29T11:00:19</time>
			</trkpt>
			<trkpt lat="48.84500026702881" lon="3.111330270767212">
				<ele>128.0</ele>
				<time>2018-12-29T11:00:56</time>
			</trkpt>
			<trkpt lat="48.845086097717285" lon="3.110906481742859">
				<ele>129.0</ele>
				<time>2018-12-29T11:01:01</time>
			</trkpt>
			<trkpt lat="48.8455206155777" lon="3.110176920890808">
				<ele>131.0</ele>
				<time>2018-12-29T11:01:13</time>
			</trkpt>
			<trkpt lat="48.84564936161041" lon="3.1098926067352295">
				<ele>132.0</ele>
				<time>2018-12-29T11:01:17</time>
			</trkpt>
			<trkpt lat="48.84570300579071" lon="3.1095868349075317">
				<ele>133.0</ele>
				<time>2018-12-29T11:01:20</time>
			</trkpt>
			<trkpt lat="48.84564936161041" lon="3.1085461378097534">
				<ele>133.0</ele>
				<time>2018-12-29T11:01:32</time>
			</trkpt>
			<trkpt lat="48.845611810684204" lon="3.1078755855560303">
				<ele>133.0</ele>
				<time>2018-12-29T11:01:40</time>
			</trkpt>
			<trkpt lat="48.84552597999573" lon="3.107478618621826">
				<ele>133.0</ele>
				<time>2018-12-29T11:01:45</time>
			</trkpt>
			<trkpt lat="48.84519883431494" lon="3.1069904565811157">
				<ele>133.0</ele>
				<time>2018-12-29T11:01:53</time>
			</trkpt>
			<trkpt lat="48.8449627161026" lon="3.106437921524048">
				<ele>134.0</ele>
				<time>2018-12-29T11:02:00</time>
			</trkpt>
			<trkpt lat="48.84479105472565" lon="3.1043511629104614">
				<ele>135.0</ele>
				<time>2018-12-29T11:02:24</time>
			</trkpt>
			<trkpt lat="48.84478569030762" lon="3.103117346763611">
				<ele>136.0</ele>
				<time>2018-12-29T11:02:38</time>
			</trkpt>
			<trkpt lat="48.84470522403717" lon="3.1027954816818237">
				<ele>135.0</ele>
				<time>2018-12-29T11:02:42</time>
			</trkpt>
			<trkpt lat="48.844061493873596" lon="3.1019479036331177">
				<ele>134.0</ele>
				<time>2018-12-29T11:02:57</time>
			</trkpt>
			<trkpt lat="48.84354650974274" lon="3.0987131595611572">
				<ele>136.0</ele>
				<time>2018-12-29T11:03:35</time>
			</trkpt>
			<trkpt lat="48.84329438209534" lon="3.0972379446029663">
				<ele>137.0</ele>
				<time>2018-12-29T11:03:53</time>
			</trkpt>
			<trkpt lat="48.84329446591437" lon="3.0972379446029663">
				<ele>137.0</ele>
				<time>2018-12-29T11:03:53</time>
			</trkpt>
			<trkpt lat="48.84314954280853" lon="3.095971941947937">
				<ele>139.0</ele>
				<time>2018-12-29T11:04:07</time>
			</trkpt>
			<trkpt lat="48.84316563606262" lon="3.09564471244812">
				<ele>139.0</ele>
				<time>2018-12-29T11:04:11</time>
			</trkpt>
			<trkpt lat="48.843527818098664" lon="3.094365717843175">
				<ele>138.0</ele>
				<time>2018-12-29T11:04:27</time>
			</trkpt>
			<trkpt lat="48.8435294944793" lon="3.09436010196805">
				<ele>138.0</ele>
				<time>2018-12-29T11:04:27</time>
			</trkpt>
			<trkpt lat="48.84353016503155" lon="3.0943575873970985">
				<ele>138.0</ele>
				<time>2018-12-29T11:04:27</time>
			</trkpt>
			<trkpt lat="48.843533769249916" lon="3.0943450145423412">
				<ele>138.0</ele>
				<time>2018-12-29T11:04:27</time>
			</trkpt>
			<trkpt lat="48.84353410452604" lon="3.094343673437834">
				<ele>138.0</ele>
				<time>2018-12-29T11:04:27</time>
			</trkpt>
			<trkpt lat="48.84355103597045" lon="3.094284161925316">
				<ele>138.0</ele>
				<time>2018-12-29T11:04:28</time>
			</trkpt>
			<trkpt lat="48.843607949092984" lon="3.0940833315253258">
				<ele>137.0</ele>
				<time>2018-12-29T11:04:31</time>
			</trkpt>
			<trkpt lat="48.84360786527395" lon="3.094083582982421">
				<ele>137.0</ele>
				<time>2018-12-29T11:04:31</time>
			</trkpt>
			<trkpt lat="48.84370216168463" lon="3.093751072883606">
				<ele>137.0</ele>
				<time>2018-12-29T11:04:35</time>
			</trkpt>
			<trkpt lat="48.84328910149634" lon="3.092131018638611">
				<ele>132.0</ele>
				<time>2018-12-29T11:04:55</time>
			</trkpt>
			<trkpt lat="48.84290814399719" lon="3.090628981590271">
				<ele>125.0</ele>
				<time>2018-12-29T11:05:13</time>
			</trkpt>
			<trkpt lat="48.842908227816224" lon="3.090628981590271">
				<ele>125.0</ele>
				<time>2018-12-29T11:05:13</time>
			</trkpt>
			<trkpt lat="48.842902863398194" lon="3.090602159500122">
				<ele>125.0</ele>
				<time>2018-12-29T11:05:13</time>
			</trkpt>
			<trkpt lat="48.84323537349701" lon="3.0890196561813354">
				<ele>120.0</ele>
				<time>2018-12-29T11:05:33</time>
			</trkpt>
			<trkpt lat="48.84352505207062" lon="3.088284730911255">
				<ele>123.0</ele>
				<time>2018-12-29T11:05:42</time>
			</trkpt>
			<trkpt lat="48.84352513588965" lon="3.088284730911255">
				<ele>123.0</ele>
				<time>2018-12-29T11:05:42</time>
			</trkpt>
			<trkpt lat="48.84401857852936" lon="3.0868524312973022">
				<ele>122.0</ele>
				<time>2018-12-29T11:06:01</time>
			</trkpt>
			<trkpt lat="48.84504318237305" lon="3.084438443183899">
				<ele>126.0</ele>
				<time>2018-12-29T11:06:34</time>
			</trkpt>
			<trkpt lat="48.84522020816803" lon="3.083735704421997">
				<ele>125.0</ele>
				<time>2018-12-29T11:06:42</time>
			</trkpt>
			<trkpt lat="48.84579956531525" lon="3.0800825357437134">
				<ele>124.0</ele>
				<time>2018-12-29T11:07:25</time>
			</trkpt>
			<trkpt lat="48.84650766849518" lon="3.0797553062438965">
				<ele>124.0</ele>
				<time>2018-12-29T11:07:38</time>
			</trkpt>
			<trkpt lat="48.8471782207489" lon="3.0792242288589478">
				<ele>127.0</ele>
				<time>2018-12-29T11:07:51</time>
			</trkpt>
			<trkpt lat="48.84796150960028" lon="3.0790793895721436">
				<ele>130.0</ele>
				<time>2018-12-29T11:08:05</time>
			</trkpt>
			<trkpt lat="48.849844336509705" lon="3.076649308204651">
				<ele>131.0</ele>
				<time>2018-12-29T11:08:48</time>
			</trkpt>
			<trkpt lat="48.850053548812866" lon="3.0765849351882935">
				<ele>132.0</ele>
				<time>2018-12-29T11:08:52</time>
			</trkpt>
			<trkpt lat="48.850439954549074" lon="3.076007505878806">
				<ele>132.0</ele>
				<time>2018-12-29T11:09:01</time>
			</trkpt>
			<trkpt lat="48.85044280439615" lon="3.0760033149272203">
				<ele>132.0</ele>
				<time>2018-12-29T11:09:01</time>
			</trkpt>
			<trkpt lat="48.85044414550066" lon="3.076001387089491">
				<ele>132.0</ele>
				<time>2018-12-29T11:09:01</time>
			</trkpt>
			<trkpt lat="48.8504505995661" lon="3.0759917479008436">
				<ele>132.0</ele>
				<time>2018-12-29T11:09:02</time>
			</trkpt>
			<trkpt lat="48.850451270118356" lon="3.075990742072463">
				<ele>132.0</ele>
				<time>2018-12-29T11:09:02</time>
			</trkpt>
			<trkpt lat="48.85048169642687" lon="3.0759453121572733">
				<ele>132.0</ele>
				<time>2018-12-29T11:09:02</time>
			</trkpt>
			<trkpt lat="48.850585632026196" lon="3.0757900793105364">
				<ele>132.0</ele>
				<time>2018-12-29T11:09:05</time>
			</trkpt>
			<trkpt lat="48.85058546438813" lon="3.075790498405695">
				<ele>132.0</ele>
				<time>2018-12-29T11:09:05</time>
			</trkpt>
			<trkpt lat="48.85089039802551" lon="3.0753350257873535">
				<ele>132.0</ele>
				<time>2018-12-29T11:09:12</time>
			</trkpt>
			<trkpt lat="48.85095477104187" lon="3.0751150846481323">
				<ele>132.0</ele>
				<time>2018-12-29T11:09:15</time>
			</trkpt>
			<trkpt lat="48.85098159313202" lon="3.07442843914032">
				<ele>133.0</ele>
				<time>2018-12-29T11:09:23</time>
			</trkpt>
			<trkpt lat="48.850847482681274" lon="3.073199987411499">
				<ele>134.0</ele>
				<time>2018-12-29T11:09:37</time>
			</trkpt>
			<trkpt lat="48.8509548548609" lon="3.072223663330078">
				<ele>136.0</ele>
				<time>2018-12-29T11:09:49</time>
			</trkpt>
			<trkpt lat="48.85099768638611" lon="3.0718696117401123">
				<ele>136.0</ele>
				<time>2018-12-29T11:09:53</time>
			</trkpt>
			<trkpt lat="48.850820660591125" lon="3.0693161487579346">
				<ele>138.0</ele>
				<time>2018-12-29T11:10:22</time>
			</trkpt>
			<trkpt lat="48.850568532943726" lon="3.068157434463501">
				<ele>138.0</ele>
				<time>2018-12-29T11:10:36</time>
			</trkpt>
			<trkpt lat="48.85052025318146" lon="3.0676478147506714">
				<ele>139.0</ele>
				<time>2018-12-29T11:10:42</time>
			</trkpt>
			<trkpt lat="48.85052561759949" lon="3.0669772624969482">
				<ele>139.0</ele>
				<time>2018-12-29T11:10:50</time>
			</trkpt>
			<trkpt lat="48.85071873664856" lon="3.0655503273010254">
				<ele>140.0</ele>
				<time>2018-12-29T11:11:06</time>
			</trkpt>
			<trkpt lat="48.85074019432068" lon="3.0648529529571533">
				<ele>139.0</ele>
				<time>2018-12-29T11:11:14</time>
			</trkpt>
			<trkpt lat="48.85074019432068" lon="3.063216805458069">
				<ele>139.0</ele>
				<time>2018-12-29T11:11:33</time>
			</trkpt>
			<trkpt lat="48.85067590512335" lon="3.062514066696167">
				<ele>140.0</ele>
				<time>2018-12-29T11:11:41</time>
			</trkpt>
			<trkpt lat="48.850359320640564" lon="3.0608028173446655">
				<ele>140.0</ele>
				<time>2018-12-29T11:12:02</time>
			</trkpt>
			<trkpt lat="48.850332498550415" lon="3.060416579246521">
				<ele>140.0</ele>
				<time>2018-12-29T11:12:06</time>
			</trkpt>
			<trkpt lat="48.85038614273071" lon="3.0599015951156616">
				<ele>140.0</ele>
				<time>2018-12-29T11:12:12</time>
			</trkpt>
			<trkpt lat="48.850386226549745" lon="3.0599015951156616">
				<ele>140.0</ele>
				<time>2018-12-29T11:12:12</time>
			</trkpt>
			<trkpt lat="48.851110339164734" lon="3.0579543113708496">
				<ele>140.0</ele>
				<time>2018-12-29T11:12:38</time>
			</trkpt>
			<trkpt lat="48.85170042514801" lon="3.054574728012085">
				<ele>139.0</ele>
				<time>2018-12-29T11:13:18</time>
			</trkpt>
			<trkpt lat="48.85275185108185" lon="3.051082491874695">
				<ele>141.0</ele>
				<time>2018-12-29T11:14:02</time>
			</trkpt>
			<trkpt lat="48.85300397872925" lon="3.049226403236389">
				<ele>142.0</ele>
				<time>2018-12-29T11:14:23</time>
			</trkpt>
			<trkpt lat="48.85300414636731" lon="3.049191450700164">
				<ele>142.0</ele>
				<time>2018-12-29T11:14:24</time>
			</trkpt>
			<trkpt lat="48.85300423018634" lon="3.0491854157298803">
				<ele>142.0</ele>
				<time>2018-12-29T11:14:24</time>
			</trkpt>
			<trkpt lat="48.85300423018634" lon="3.0491826497018337">
				<ele>142.0</ele>
				<time>2018-12-29T11:14:24</time>
			</trkpt>
			<trkpt lat="48.85300439782441" lon="3.0491689033806324">
				<ele>142.0</ele>
				<time>2018-12-29T11:14:24</time>
			</trkpt>
			<trkpt lat="48.85300439782441" lon="3.0491674784570932">
				<ele>142.0</ele>
				<time>2018-12-29T11:14:24</time>
			</trkpt>
			<trkpt lat="48.8530049007386" lon="3.049102518707514">
				<ele>142.0</ele>
				<time>2018-12-29T11:14:25</time>
			</trkpt>
			<trkpt lat="48.85300657711923" lon="3.048880062997341">
				<ele>142.0</ele>
				<time>2018-12-29T11:14:27</time>
			</trkpt>
			<trkpt lat="48.85300657711923" lon="3.0488802306354046">
				<ele>142.0</ele>
				<time>2018-12-29T11:14:27</time>
			</trkpt>
			<trkpt lat="48.8530064933002" lon="3.0488799791783094">
				<ele>142.0</ele>
				<time>2018-12-29T11:14:27</time>
			</trkpt>
			<trkpt lat="48.85303616523743" lon="3.044832944869995">
				<ele>145.0</ele>
				<time>2018-12-29T11:15:14</time>
			</trkpt>
			<trkpt lat="48.853089809417725" lon="3.044264316558838">
				<ele>145.0</ele>
				<time>2018-12-29T11:15:20</time>
			</trkpt>
			<trkpt lat="48.853352665901184" lon="3.0432558059692383">
				<ele>146.0</ele>
				<time>2018-12-29T11:15:33</time>
			</trkpt>
			<trkpt lat="48.853588700294495" lon="3.042633533477783">
				<ele>146.0</ele>
				<time>2018-12-29T11:15:41</time>
			</trkpt>
			<trkpt lat="48.853867733851075" lon="3.0421507358551025">
				<ele>145.0</ele>
				<time>2018-12-29T11:15:48</time>
			</trkpt>
			<trkpt lat="48.85291814804077" lon="3.0417966842651367">
				<ele>145.0</ele>
				<time>2018-12-29T11:16:05</time>
			</trkpt>
			<trkpt lat="48.85240316390991" lon="3.0413782596588135">
				<ele>145.0</ele>
				<time>2018-12-29T11:16:15</time>
			</trkpt>
			<trkpt lat="48.84598731994629" lon="3.0338090658187866">
				<ele>139.0</ele>
				<time>2018-12-29T11:18:37</time>
			</trkpt>
			<trkpt lat="48.84598740376532" lon="3.0338090658187866">
				<ele>139.0</ele>
				<time>2018-12-29T11:18:37</time>
			</trkpt>
			<trkpt lat="48.84594499133527" lon="3.03376036696136">
				<ele>139.0</ele>
				<time>2018-12-29T11:18:38</time>
			</trkpt>
			<trkpt lat="48.84594180621207" lon="3.0337566789239645">
				<ele>139.0</ele>
				<time>2018-12-29T11:18:38</time>
			</trkpt>
			<trkpt lat="48.84594038128853" lon="3.03375500254333">
				<ele>139.0</ele>
				<time>2018-12-29T11:18:38</time>
			</trkpt>
			<trkpt lat="48.8459331728518" lon="3.0337467044591904">
				<ele>139.0</ele>
				<time>2018-12-29T11:18:38</time>
			</trkpt>
			<trkpt lat="48.845932418480515" lon="3.033745866268873">
				<ele>139.0</ele>
				<time>2018-12-29T11:18:38</time>
			</trkpt>
			<trkpt lat="48.84589838795364" lon="3.0337066389620304">
				<ele>139.0</ele>
				<time>2018-12-29T11:18:39</time>
			</trkpt>
			<trkpt lat="48.845780957490206" lon="3.033571522682905">
				<ele>139.0</ele>
				<time>2018-12-29T11:18:41</time>
			</trkpt>
			<trkpt lat="48.84578078985214" lon="3.03357127122581">
				<ele>139.0</ele>
				<time>2018-12-29T11:18:41</time>
			</trkpt>
			<trkpt lat="48.84349286556244" lon="3.0309391021728516">
				<ele>130.0</ele>
				<time>2018-12-29T11:19:31</time>
			</trkpt>
			<trkpt lat="48.842597007751465" lon="3.029657006263733">
				<ele>128.0</ele>
				<time>2018-12-29T11:19:53</time>
			</trkpt>
			<trkpt lat="48.8425970915705" lon="3.029657006263733">
				<ele>128.0</ele>
				<time>2018-12-29T11:19:53</time>
			</trkpt>
			<trkpt lat="48.841819167137146" lon="3.028535842895508">
				<ele>133.0</ele>
				<time>2018-12-29T11:20:11</time>
			</trkpt>
			<trkpt lat="48.84167432785034" lon="3.0284231901168823">
				<ele>133.0</ele>
				<time>2018-12-29T11:20:14</time>
			</trkpt>
			<trkpt lat="48.841845989227295" lon="3.0276399850845337">
				<ele>133.0</ele>
				<time>2018-12-29T11:20:24</time>
			</trkpt>
			<trkpt lat="48.841845989227295" lon="3.027285933494568">
				<ele>133.0</ele>
				<time>2018-12-29T11:20:28</time>
			</trkpt>
			<trkpt lat="48.84171724319458" lon="3.0269157886505127">
				<ele>133.0</ele>
				<time>2018-12-29T11:20:32</time>
			</trkpt>
			<trkpt lat="48.84149193763733" lon="3.0265456438064575">
				<ele>133.0</ele>
				<time>2018-12-29T11:20:38</time>
			</trkpt>
			<trkpt lat="48.84151347912848" lon="3.0262452363967896">
				<ele>133.0</ele>
				<time>2018-12-29T11:20:42</time>
			</trkpt>
			<trkpt lat="48.84272583760321" lon="3.0239975452423096">
				<ele>136.0</ele>
				<time>2018-12-29T11:21:15</time>
			</trkpt>
			<trkpt lat="48.84288132190704" lon="3.0234932899475098">
				<ele>136.0</ele>
				<time>2018-12-29T11:21:21</time>
			</trkpt>
			<trkpt lat="48.84341239929199" lon="3.020446300506592">
				<ele>140.0</ele>
				<time>2018-12-29T11:21:57</time>
			</trkpt>
			<trkpt lat="48.84354114532471" lon="3.019169569015503">
				<ele>136.0</ele>
				<time>2018-12-29T11:22:12</time>
			</trkpt>
			<trkpt lat="48.84370744228363" lon="3.018971085548401">
				<ele>135.0</ele>
				<time>2018-12-29T11:22:16</time>
			</trkpt>
			<trkpt lat="48.84494670666754" lon="3.0189120769500732">
				<ele>136.0</ele>
				<time>2018-12-29T11:22:37</time>
			</trkpt>
			<trkpt lat="48.84499498642981" lon="3.0189067125320435">
				<ele>136.0</ele>
				<time>2018-12-29T11:22:38</time>
			</trkpt>
			<trkpt lat="48.84517201222479" lon="3.0188745260238647">
				<ele>136.0</ele>
				<time>2018-12-29T11:22:41</time>
			</trkpt>
			<trkpt lat="48.850627625361085" lon="3.0186116695404053">
				<ele>136.0</ele>
				<time>2018-12-29T11:24:16</time>
			</trkpt>
			<trkpt lat="48.85062754154205" lon="3.0186116695404053">
				<ele>136.0</ele>
				<time>2018-12-29T11:24:16</time>
			</trkpt>
			<trkpt lat="48.854575753211975" lon="3.0184292793273926">
				<ele>143.0</ele>
				<time>2018-12-29T11:25:25</time>
			</trkpt>
			<trkpt lat="48.85474741458893" lon="3.018343448638916">
				<ele>144.0</ele>
				<time>2018-12-29T11:25:28</time>
			</trkpt>
			<trkpt lat="48.85497272014618" lon="3.0180805921554565">
				<ele>146.0</ele>
				<time>2018-12-29T11:25:33</time>
			</trkpt>
			<trkpt lat="48.855698676779866" lon="3.016811152920127">
				<ele>145.0</ele>
				<time>2018-12-29T11:25:53</time>
			</trkpt>
			<trkpt lat="48.85570135898888" lon="3.0168065428733826">
				<ele>145.0</ele>
				<time>2018-12-29T11:25:53</time>
			</trkpt>
			<trkpt lat="48.855702532455325" lon="3.0168044473975897">
				<ele>145.0</ele>
				<time>2018-12-29T11:25:53</time>
			</trkpt>
			<trkpt lat="48.855708399787545" lon="3.016794053837657">
				<ele>145.0</ele>
				<time>2018-12-29T11:25:53</time>
			</trkpt>
			<trkpt lat="48.8557090703398" lon="3.0167929641902447">
				<ele>145.0</ele>
				<time>2018-12-29T11:25:53</time>
			</trkpt>
			<trkpt lat="48.85573706589639" lon="3.016743930056691">
				<ele>145.0</ele>
				<time>2018-12-29T11:25:54</time>
			</trkpt>
			<trkpt lat="48.85583287104964" lon="3.0165766272693872">
				<ele>145.0</ele>
				<time>2018-12-29T11:25:56</time>
			</trkpt>
			<trkpt lat="48.85583278723061" lon="3.0165767949074507">
				<ele>145.0</ele>
				<time>2018-12-29T11:25:56</time>
			</trkpt>
			<trkpt lat="48.86045523919165" lon="3.0084943771362305">
				<ele>144.0</ele>
				<time>2018-12-29T11:27:59</time>
			</trkpt>
			<trkpt lat="48.86417269706726" lon="3.0020570755004883">
				<ele>147.0</ele>
				<time>2018-12-29T11:29:37</time>
			</trkpt>
			<trkpt lat="48.86418879032135" lon="3.000791072845459">
				<ele>145.0</ele>
				<time>2018-12-29T11:29:51</time>
			</trkpt>
			<trkpt lat="48.86414587497711" lon="3.0004048347473145">
				<ele>144.0</ele>
				<time>2018-12-29T11:29:56</time>
			</trkpt>
			<trkpt lat="48.863791823387146" lon="2.9998737573623657">
				<ele>144.0</ele>
				<time>2018-12-29T11:30:04</time>
			</trkpt>
			<trkpt lat="48.86300325393677" lon="2.9993265867233276">
				<ele>144.0</ele>
				<time>2018-12-29T11:30:20</time>
			</trkpt>
			<trkpt lat="48.86262774467468" lon="2.9987257719039917">
				<ele>145.0</ele>
				<time>2018-12-29T11:30:29</time>
			</trkpt>
			<trkpt lat="48.86252054013312" lon="2.998420000076294">
				<ele>146.0</ele>
				<time>2018-12-29T11:30:33</time>
			</trkpt>
			<trkpt lat="48.86252045631409" lon="2.998420000076294">
				<ele>146.0</ele>
				<time>2018-12-29T11:30:33</time>
			</trkpt>
			<trkpt lat="48.86272430419922" lon="2.997497320175171">
				<ele>147.0</ele>
				<time>2018-12-29T11:30:44</time>
			</trkpt>
			<trkpt lat="48.86271902360022" lon="2.9935330152511597">
				<ele>143.0</ele>
				<time>2018-12-29T11:31:30</time>
			</trkpt>
			<trkpt lat="48.86273503303528" lon="2.991306781768799">
				<ele>141.0</ele>
				<time>2018-12-29T11:31:55</time>
			</trkpt>
			<trkpt lat="48.86261701583862" lon="2.9908347129821777">
				<ele>140.0</ele>
				<time>2018-12-29T11:32:01</time>
			</trkpt>
			<trkpt lat="48.86244007386267" lon="2.990507483482361">
				<ele>139.0</ele>
				<time>2018-12-29T11:32:06</time>
			</trkpt>
			<trkpt lat="48.86240252293646" lon="2.989649176597595">
				<ele>137.0</ele>
				<time>2018-12-29T11:32:15</time>
			</trkpt>
			<trkpt lat="48.86241325177252" lon="2.9895150661468506">
				<ele>137.0</ele>
				<time>2018-12-29T11:32:17</time>
			</trkpt>
			<trkpt lat="48.86242398060858" lon="2.989402413368225">
				<ele>137.0</ele>
				<time>2018-12-29T11:32:18</time>
			</trkpt>
			<trkpt lat="48.86252582073212" lon="2.988179326057434">
				<ele>140.0</ele>
				<time>2018-12-29T11:32:32</time>
			</trkpt>
			<trkpt lat="48.862499082461" lon="2.9873210191726685">
				<ele>142.0</ele>
				<time>2018-12-29T11:32:42</time>
			</trkpt>
			<trkpt lat="48.86248826980591" lon="2.9864948987960815">
				<ele>142.0</ele>
				<time>2018-12-29T11:32:52</time>
			</trkpt>
			<trkpt lat="48.86248835362494" lon="2.9864948987960815">
				<ele>142.0</ele>
				<time>2018-12-29T11:32:52</time>
			</trkpt>
			<trkpt lat="48.86253663338721" lon="2.9842740297317505">
				<ele>140.0</ele>
				<time>2018-12-29T11:33:17</time>
			</trkpt>
			<trkpt lat="48.862552642822266" lon="2.984016537666321">
				<ele>140.0</ele>
				<time>2018-12-29T11:33:20</time>
			</trkpt>
			<trkpt lat="48.862799406051636" lon="2.982316017150879">
				<ele>141.0</ele>
				<time>2018-12-29T11:33:40</time>
			</trkpt>
			<trkpt lat="48.863346576690674" lon="2.979590892791748">
				<ele>145.0</ele>
				<time>2018-12-29T11:34:13</time>
			</trkpt>
			<trkpt lat="48.86350625194609" lon="2.97761594876647">
				<ele>146.98</ele>
				<time>2018-12-29T11:34:35</time>
			</trkpt>
			<trkpt lat="48.86350675486028" lon="2.9776099137961864">
				<ele>147.0</ele>
				<time>2018-12-29T11:34:36</time>
			</trkpt>
			<trkpt lat="48.86350700631738" lon="2.97760714776814">
				<ele>147.0</ele>
				<time>2018-12-29T11:34:36</time>
			</trkpt>
			<trkpt lat="48.86350809596479" lon="2.977593569085002">
				<ele>147.0</ele>
				<time>2018-12-29T11:34:36</time>
			</trkpt>
			<trkpt lat="48.86350817978382" lon="2.977592144161463">
				<ele>147.0</ele>
				<time>2018-12-29T11:34:36</time>
			</trkpt>
			<trkpt lat="48.86351337656379" lon="2.977527603507042">
				<ele>147.0</ele>
				<time>2018-12-29T11:34:37</time>
			</trkpt>
			<trkpt lat="48.86353097856045" lon="2.977310847491026">
				<ele>147.0</ele>
				<time>2018-12-29T11:34:39</time>
			</trkpt>
			<trkpt lat="48.86353097856045" lon="2.977310512214899">
				<ele>147.0</ele>
				<time>2018-12-29T11:34:39</time>
			</trkpt>
			<trkpt lat="48.86405283585191" lon="2.970857284963131">
				<ele>148.99</ele>
				<time>2018-12-29T11:35:53</time>
			</trkpt>
			<trkpt lat="48.8640533387661" lon="2.9708512499928474">
				<ele>149.0</ele>
				<time>2018-12-29T11:35:54</time>
			</trkpt>
			<trkpt lat="48.86405350640416" lon="2.970848483964801">
				<ele>149.0</ele>
				<time>2018-12-29T11:35:54</time>
			</trkpt>
			<trkpt lat="48.864054596051574" lon="2.970834905281663">
				<ele>149.0</ele>
				<time>2018-12-29T11:35:54</time>
			</trkpt>
			<trkpt lat="48.86405476368964" lon="2.970833480358124">
				<ele>149.0</ele>
				<time>2018-12-29T11:35:54</time>
			</trkpt>
			<trkpt lat="48.8640599604696" lon="2.970768939703703">
				<ele>149.0</ele>
				<time>2018-12-29T11:35:54</time>
			</trkpt>
			<trkpt lat="48.86407655663788" lon="2.970564169809222">
				<ele>150.0</ele>
				<time>2018-12-29T11:35:57</time>
			</trkpt>
			<trkpt lat="48.86407655663788" lon="2.9705637507140636">
				<ele>150.0</ele>
				<time>2018-12-29T11:35:57</time>
			</trkpt>
			<trkpt lat="48.86415123939514" lon="2.9696398973464966">
				<ele>150.0</ele>
				<time>2018-12-29T11:36:08</time>
			</trkpt>
			<trkpt lat="48.865057826042175" lon="2.967735528945923">
				<ele>149.0</ele>
				<time>2018-12-29T11:36:34</time>
			</trkpt>
			<trkpt lat="48.86702120304108" lon="2.9636693000793457">
				<ele>145.0</ele>
				<time>2018-12-29T11:37:32</time>
			</trkpt>
			<trkpt lat="48.86714148335159" lon="2.9633211158216">
				<ele>145.0</ele>
				<time>2018-12-29T11:37:37</time>
			</trkpt>
			<trkpt lat="48.86714341118932" lon="2.9633156675845385">
				<ele>145.0</ele>
				<time>2018-12-29T11:37:37</time>
			</trkpt>
			<trkpt lat="48.867144249379635" lon="2.9633132368326187">
				<ele>145.0</ele>
				<time>2018-12-29T11:37:37</time>
			</trkpt>
			<trkpt lat="48.86714844033122" lon="2.96330108307302">
				<ele>145.0</ele>
				<time>2018-12-29T11:37:37</time>
			</trkpt>
			<trkpt lat="48.86714885942638" lon="2.9632998257875443">
				<ele>145.0</ele>
				<time>2018-12-29T11:37:37</time>
			</trkpt>
			<trkpt lat="48.867168724536896" lon="2.9632422421127558">
				<ele>145.0</ele>
				<time>2018-12-29T11:37:38</time>
			</trkpt>
			<trkpt lat="48.86723720468581" lon="2.9630443453788757">
				<ele>145.0</ele>
				<time>2018-12-29T11:37:40</time>
			</trkpt>
			<trkpt lat="48.86723737232387" lon="2.9630440939217806">
				<ele>145.0</ele>
				<time>2018-12-29T11:37:40</time>
			</trkpt>
			<trkpt lat="48.86822291649878" lon="2.960193157196045">
				<ele>148.0</ele>
				<time>2018-12-29T11:38:17</time>
			</trkpt>
			<trkpt lat="48.86634109541774" lon="2.95552309602499">
				<ele>148.0</ele>
				<time>2018-12-29T11:39:20</time>
			</trkpt>
			<trkpt lat="48.866338999941945" lon="2.955517815425992">
				<ele>148.0</ele>
				<time>2018-12-29T11:39:20</time>
			</trkpt>
			<trkpt lat="48.866338077932596" lon="2.955515468493104">
				<ele>148.0</ele>
				<time>2018-12-29T11:39:20</time>
			</trkpt>
			<trkpt lat="48.86633338406682" lon="2.9555038176476955">
				<ele>148.0</ele>
				<time>2018-12-29T11:39:20</time>
			</trkpt>
			<trkpt lat="48.86633288115263" lon="2.95550256036222">
				<ele>148.0</ele>
				<time>2018-12-29T11:39:20</time>
			</trkpt>
			<trkpt lat="48.86631050147116" lon="2.955447155982256">
				<ele>148.0</ele>
				<time>2018-12-29T11:39:21</time>
			</trkpt>
			<trkpt lat="48.866236908361316" lon="2.9552644304931164">
				<ele>148.0</ele>
				<time>2018-12-29T11:39:23</time>
			</trkpt>
			<trkpt lat="48.866236824542284" lon="2.9552643466740847">
				<ele>148.0</ele>
				<time>2018-12-29T11:39:23</time>
			</trkpt>
			<trkpt lat="48.86601805686951" lon="2.954721450805664">
				<ele>148.0</ele>
				<time>2018-12-29T11:39:31</time>
			</trkpt>
			<trkpt lat="48.86601814068854" lon="2.954721450805664">
				<ele>148.0</ele>
				<time>2018-12-29T11:39:31</time>
			</trkpt>
			<trkpt lat="48.86600732803345" lon="2.954673171043396">
				<ele>148.0</ele>
				<time>2018-12-29T11:39:31</time>
			</trkpt>
			<trkpt lat="48.8654762506485" lon="2.951202392578125">
				<ele>140.0</ele>
				<time>2018-12-29T11:40:12</time>
			</trkpt>
			<trkpt lat="48.86537432670593" lon="2.9490458965301514">
				<ele>136.0</ele>
				<time>2018-12-29T11:40:37</time>
			</trkpt>
			<trkpt lat="48.864596569910645" lon="2.9438263177871704">
				<ele>107.0</ele>
				<time>2018-12-29T11:41:38</time>
			</trkpt>
			<trkpt lat="48.86438190937042" lon="2.942458391189575">
				<ele>104.0</ele>
				<time>2018-12-29T11:41:54</time>
			</trkpt>
			<trkpt lat="48.86419951915741" lon="2.94158399105072">
				<ele>103.0</ele>
				<time>2018-12-29T11:42:05</time>
			</trkpt>
			<trkpt lat="48.86365234851837" lon="2.939620614051819">
				<ele>97.0</ele>
				<time>2018-12-29T11:42:29</time>
			</trkpt>
			<trkpt lat="48.8616943359375" lon="2.9336124658584595">
				<ele>91.0</ele>
				<time>2018-12-29T11:43:46</time>
			</trkpt>
			<trkpt lat="48.861243724823" lon="2.9309839010238647">
				<ele>84.0</ele>
				<time>2018-12-29T11:44:17</time>
			</trkpt>
			<trkpt lat="48.86097005568445" lon="2.928845677524805">
				<ele>80.02</ele>
				<time>2018-12-29T11:44:42</time>
			</trkpt>
			<trkpt lat="48.86096930131316" lon="2.9288396425545216">
				<ele>80.0</ele>
				<time>2018-12-29T11:44:42</time>
			</trkpt>
			<trkpt lat="48.860968966037035" lon="2.9288369603455067">
				<ele>80.0</ele>
				<time>2018-12-29T11:44:42</time>
			</trkpt>
			<trkpt lat="48.86096720583737" lon="2.9288234654814005">
				<ele>80.0</ele>
				<time>2018-12-29T11:44:42</time>
			</trkpt>
			<trkpt lat="48.860967038199306" lon="2.9288220405578613">
				<ele>80.0</ele>
				<time>2018-12-29T11:44:42</time>
			</trkpt>
			<trkpt lat="48.8609588239342" lon="2.928758254274726">
				<ele>81.0</ele>
				<time>2018-12-29T11:44:43</time>
			</trkpt>
			<trkpt lat="48.860931331291795" lon="2.928542923182249">
				<ele>81.0</ele>
				<time>2018-12-29T11:44:45</time>
			</trkpt>
			<trkpt lat="48.860931331291795" lon="2.928542671725154">
				<ele>81.0</ele>
				<time>2018-12-29T11:44:45</time>
			</trkpt>
			<trkpt lat="48.86080929078162" lon="2.9275882244110107">
				<ele>80.0</ele>
				<time>2018-12-29T11:44:57</time>
			</trkpt>
			<trkpt lat="48.860793113708496" lon="2.9260432720184326">
				<ele>78.0</ele>
				<time>2018-12-29T11:45:14</time>
			</trkpt>
			<trkpt lat="48.8607341889292" lon="2.925662398338318">
				<ele>77.0</ele>
				<time>2018-12-29T11:45:19</time>
			</trkpt>
			<trkpt lat="48.860573172569275" lon="2.9250293970108032">
				<ele>76.0</ele>
				<time>2018-12-29T11:45:26</time>
			</trkpt>
			<trkpt lat="48.86011183261871" lon="2.924235463142395">
				<ele>72.0</ele>
				<time>2018-12-29T11:45:39</time>
			</trkpt>
			<trkpt lat="48.860111916437745" lon="2.924235463142395">
				<ele>72.0</ele>
				<time>2018-12-29T11:45:39</time>
			</trkpt>
			<trkpt lat="48.85946273803711" lon="2.9234039783477783">
				<ele>69.0</ele>
				<time>2018-12-29T11:45:53</time>
			</trkpt>
			<trkpt lat="48.85911405086517" lon="2.922486662864685">
				<ele>65.0</ele>
				<time>2018-12-29T11:46:05</time>
			</trkpt>
			<trkpt lat="48.85896384716034" lon="2.9217785596847534">
				<ele>62.0</ele>
				<time>2018-12-29T11:46:14</time>
			</trkpt>
			<trkpt lat="48.85894238948822" lon="2.9198259115219116">
				<ele>57.0</ele>
				<time>2018-12-29T11:46:36</time>
			</trkpt>
			<trkpt lat="48.859092593193054" lon="2.9183077812194824">
				<ele>57.0</ele>
				<time>2018-12-29T11:46:54</time>
			</trkpt>
			<trkpt lat="48.85907121933997" lon="2.918018102645874">
				<ele>56.0</ele>
				<time>2018-12-29T11:46:57</time>
			</trkpt>
			<trkpt lat="48.859376991167665" lon="2.9162049293518066">
				<ele>56.0</ele>
				<time>2018-12-29T11:47:19</time>
			</trkpt>
			<trkpt lat="48.85941982269287" lon="2.9159152507781982">
				<ele>56.0</ele>
				<time>2018-12-29T11:47:22</time>
			</trkpt>
			<trkpt lat="48.85946810245514" lon="2.915067672729492">
				<ele>55.0</ele>
				<time>2018-12-29T11:47:32</time>
			</trkpt>
			<trkpt lat="48.85942527092993" lon="2.915019392967224">
				<ele>54.0</ele>
				<time>2018-12-29T11:47:33</time>
			</trkpt>
			<trkpt lat="48.859373135492206" lon="2.915509734302759">
				<ele>54.0</ele>
				<time>2018-12-29T11:47:38</time>
			</trkpt>
			<trkpt lat="48.859372548758984" lon="2.9155157692730427">
				<ele>54.0</ele>
				<time>2018-12-29T11:47:39</time>
			</trkpt>
			<trkpt lat="48.85937221348286" lon="2.9155184514820576">
				<ele>55.0</ele>
				<time>2018-12-29T11:47:39</time>
			</trkpt>
			<trkpt lat="48.85937078855932" lon="2.915532113984227">
				<ele>55.0</ele>
				<time>2018-12-29T11:47:39</time>
			</trkpt>
			<trkpt lat="48.859370620921254" lon="2.9155337065458298">
				<ele>55.0</ele>
				<time>2018-12-29T11:47:39</time>
			</trkpt>
			<trkpt lat="48.859370620921254" lon="2.915533874183893">
				<ele>55.0</ele>
				<time>2018-12-29T11:47:39</time>
			</trkpt>
			<trkpt lat="48.85936374776065" lon="2.915598163381219">
				<ele>55.0</ele>
				<time>2018-12-29T11:47:39</time>
			</trkpt>
			<trkpt lat="48.859360897913575" lon="2.91562557220459">
				<ele>55.0</ele>
				<time>2018-12-29T11:47:40</time>
			</trkpt>
			<trkpt lat="48.859338350594044" lon="2.9158189427107573">
				<ele>55.0</ele>
				<time>2018-12-29T11:47:42</time>
			</trkpt>
			<trkpt lat="48.859338350594044" lon="2.915818691253662">
				<ele>55.0</ele>
				<time>2018-12-29T11:47:42</time>
			</trkpt>
			<trkpt lat="48.85929652489722" lon="2.9161781072616577">
				<ele>55.0</ele>
				<time>2018-12-29T11:47:46</time>
			</trkpt>
			<trkpt lat="48.859376991167665" lon="2.9162049293518066">
				<ele>56.0</ele>
				<time>2018-12-29T11:47:48</time>
			</trkpt>
			<trkpt lat="48.85941973887384" lon="2.9159151669591665">
				<ele>56.0</ele>
				<time>2018-12-29T11:47:51</time>
			</trkpt>
			<trkpt lat="48.85946810245514" lon="2.915067672729492">
				<ele>55.0</ele>
				<time>2018-12-29T11:48:01</time>
			</trkpt>
			<trkpt lat="48.8594251871109" lon="2.915019392967224">
				<ele>54.0</ele>
				<time>2018-12-29T11:48:02</time>
			</trkpt>
			<trkpt lat="48.85925897397101" lon="2.9148316383361816">
				<ele>53.0</ele>
				<time>2018-12-29T11:48:05</time>
			</trkpt>
			<trkpt lat="48.85921069420874" lon="2.914777994155884">
				<ele>53.0</ele>
				<time>2018-12-29T11:48:06</time>
			</trkpt>
			<trkpt lat="48.858304023742676" lon="2.913823127746582">
				<ele>51.0</ele>
				<time>2018-12-29T11:48:26</time>
			</trkpt>
			<trkpt lat="48.85826647281647" lon="2.9137909412384033">
				<ele>51.0</ele>
				<time>2018-12-29T11:48:26</time>
			</trkpt>
			<trkpt lat="48.8582665566355" lon="2.9137909412384033">
				<ele>51.0</ele>
				<time>2018-12-29T11:48:26</time>
			</trkpt>
			<trkpt lat="48.8581645488739" lon="2.913699746131897">
				<ele>51.0</ele>
				<time>2018-12-29T11:48:28</time>
			</trkpt>
			<trkpt lat="48.85803580284119" lon="2.9135388135910034">
				<ele>51.0</ele>
				<time>2018-12-29T11:48:31</time>
			</trkpt>
			<trkpt lat="48.85792859829962" lon="2.911028265953064">
				<ele>52.0</ele>
				<time>2018-12-29T11:49:00</time>
			</trkpt>
			<trkpt lat="48.85778375901282" lon="2.9088234901428223">
				<ele>51.0</ele>
				<time>2018-12-29T11:49:25</time>
			</trkpt>
			<trkpt lat="48.8577623013407" lon="2.908582091331482">
				<ele>51.0</ele>
				<time>2018-12-29T11:49:28</time>
			</trkpt>
			<trkpt lat="48.85774612426758" lon="2.90838360786438">
				<ele>51.0</ele>
				<time>2018-12-29T11:49:31</time>
			</trkpt>
			<trkpt lat="48.85770329274237" lon="2.90813148021698">
				<ele>51.0</ele>
				<time>2018-12-29T11:49:34</time>
			</trkpt>
			<trkpt lat="48.85815910063684" lon="2.907267725095153">
				<ele>49.0</ele>
				<time>2018-12-29T11:49:46</time>
			</trkpt>
			<trkpt lat="48.85822892189026" lon="2.907257080078125">
				<ele>49.0</ele>
				<time>2018-12-29T11:49:47</time>
			</trkpt>
			<trkpt lat="48.85822900570929" lon="2.907257080078125">
				<ele>49.0</ele>
				<time>2018-12-29T11:49:47</time>
			</trkpt>
			<trkpt lat="48.8582718372345" lon="2.907251715660095">
				<ele>49.0</ele>
				<time>2018-12-29T11:49:48</time>
			</trkpt>
			<trkpt lat="48.85831391438842" lon="2.9070622008293867">
				<ele>49.0</ele>
				<time>2018-12-29T11:49:50</time>
			</trkpt>
		</trkseg>
	</trk>
</gpx>
