<?xml version="1.0" encoding="UTF-8"?>
<gpx creator="Garmin Connect" version="1.1" xsi:schemaLocation="http://www.topografix.com/GPX/1/1 http://www.topografix.com/GPX/11.xsd" xmlns:ns3="http://www.garmin.com/xmlschemas/TrackPointExtension/v1" xmlns="http://www.topografix.com/GPX/1/1" xmlns:xsi="http://www.w3.org/2001/XMLSchema-instance" xmlns:ns2="http://www.garmin.com/xmlschemas/GpxExtensions/v3">
	<metadata>
		<name>013-G1-105 km-D 1075 m-Bellot Verdelot</name>
		<link href="connect.garmin.com">
			<text>Garmin Connect</text>
		</link>
		<time>2024-05-24T08:00:00</time>
	</metadata>
	<trk>
		<name>013-G1-105 km-D 1075 m-Bellot Verdelot</name>
		<trkseg>
			<trkpt lat="48.8581109046936" lon="2.9072569962590933">
				<ele>51.49</ele>
				<time>2024-05-24T08:00:00</time>
			</trkpt>
			<trkpt lat="48.858132446184754" lon="2.907278537750244">
				<ele>51.47</ele>
				<time>2024-05-24T08:00:00</time>
			</trkpt>
			<trkpt lat="48.8581109046936" lon="2.9073429107666016">
				<ele>51.62</ele>
				<time>2024-05-24T08:00:01</time>
			</trkpt>
			<trkpt lat="48.85803588666022" lon="2.9074931144714355">
				<ele>51.55</ele>
				<time>2024-05-24T08:00:03</time>
			</trkpt>
			<trkpt lat="48.8577139377594" lon="2.90812611579895">
				<ele>51.49</ele>
				<time>2024-05-24T08:00:10</time>
			</trkpt>
			<trkpt lat="48.857638919726014" lon="2.908276319503784">
				<ele>51.18</ele>
				<time>2024-05-24T08:00:12</time>
			</trkpt>
			<trkpt lat="48.85763883590698" lon="2.908276319503784">
				<ele>51.15</ele>
				<time>2024-05-24T08:00:12</time>
			</trkpt>
			<trkpt lat="48.85724195279181" lon="2.909005880355835">
				<ele>51.2</ele>
				<time>2024-05-24T08:00:21</time>
			</trkpt>
			<trkpt lat="48.85717757977545" lon="2.9090917110443115">
				<ele>51.33</ele>
				<time>2024-05-24T08:00:22</time>
			</trkpt>
			<trkpt lat="48.857102477923036" lon="2.9091989994049072">
				<ele>51.44</ele>
				<time>2024-05-24T08:00:24</time>
			</trkpt>
			<trkpt lat="48.85674834251404" lon="2.9098212718963623">
				<ele>51.4</ele>
				<time>2024-05-24T08:00:31</time>
			</trkpt>
			<trkpt lat="48.85666259564459" lon="2.9099714756011963">
				<ele>51.43</ele>
				<time>2024-05-24T08:00:33</time>
			</trkpt>
			<trkpt lat="48.85666251182556" lon="2.9099929332733154">
				<ele>51.48</ele>
				<time>2024-05-24T08:00:34</time>
			</trkpt>
			<trkpt lat="48.85654457844794" lon="2.910207509994507">
				<ele>51.56</ele>
				<time>2024-05-24T08:00:36</time>
			</trkpt>
			<trkpt lat="48.85646939277649" lon="2.910432815551758">
				<ele>51.71</ele>
				<time>2024-05-24T08:00:39</time>
			</trkpt>
			<trkpt lat="48.856297731399536" lon="2.9108834266662598">
				<ele>51.98</ele>
				<time>2024-05-24T08:00:43</time>
			</trkpt>
			<trkpt lat="48.8562548160553" lon="2.911055088043213">
				<ele>52.14</ele>
				<time>2024-05-24T08:00:45</time>
			</trkpt>
			<trkpt lat="48.856319189071655" lon="2.911301851272583">
				<ele>52.24</ele>
				<time>2024-05-24T08:00:48</time>
			</trkpt>
			<trkpt lat="48.856383645907044" lon="2.9115164279937744">
				<ele>52.38</ele>
				<time>2024-05-24T08:00:50</time>
			</trkpt>
			<trkpt lat="48.85653376579285" lon="2.91212797164917">
				<ele>52.53</ele>
				<time>2024-05-24T08:00:56</time>
			</trkpt>
			<trkpt lat="48.8566517829895" lon="2.9126644134521484">
				<ele>52.63</ele>
				<time>2024-05-24T08:01:01</time>
			</trkpt>
			<trkpt lat="48.85669469833374" lon="2.912771701812744">
				<ele>52.66</ele>
				<time>2024-05-24T08:01:03</time>
			</trkpt>
			<trkpt lat="48.85697373189032" lon="2.91312575340271">
				<ele>52.58</ele>
				<time>2024-05-24T08:01:08</time>
			</trkpt>
			<trkpt lat="48.85697364807129" lon="2.91312575340271">
				<ele>52.58</ele>
				<time>2024-05-24T08:01:08</time>
			</trkpt>
			<trkpt lat="48.857306241989136" lon="2.913501262664795">
				<ele>52.64</ele>
				<time>2024-05-24T08:01:14</time>
			</trkpt>
			<trkpt lat="48.85772475041449" lon="2.913597822189331">
				<ele>52.68</ele>
				<time>2024-05-24T08:01:20</time>
			</trkpt>
			<trkpt lat="48.8579607848078" lon="2.9136407375335693">
				<ele>52.66</ele>
				<time>2024-05-24T08:01:23</time>
			</trkpt>
			<trkpt lat="48.8581645488739" lon="2.9137051105499268">
				<ele>52.06</ele>
				<time>2024-05-24T08:01:26</time>
			</trkpt>
			<trkpt lat="48.858304023742676" lon="2.913823127746582">
				<ele>52.03</ele>
				<time>2024-05-24T08:01:28</time>
			</trkpt>
			<trkpt lat="48.85854014195502" lon="2.9140377044677734">
				<ele>52.06</ele>
				<time>2024-05-24T08:01:32</time>
			</trkpt>
			<trkpt lat="48.85866888798773" lon="2.914177179336548">
				<ele>52.23</ele>
				<time>2024-05-24T08:01:35</time>
			</trkpt>
			<trkpt lat="48.8586688041687" lon="2.914177179336548">
				<ele>52.41</ele>
				<time>2024-05-24T08:01:35</time>
			</trkpt>
			<trkpt lat="48.85920532979071" lon="2.914777994155884">
				<ele>52.84</ele>
				<time>2024-05-24T08:01:44</time>
			</trkpt>
			<trkpt lat="48.85925889015198" lon="2.9148316383361816">
				<ele>53.19</ele>
				<time>2024-05-24T08:01:45</time>
			</trkpt>
			<trkpt lat="48.859323263168335" lon="2.915024757385254">
				<ele>53.45</ele>
				<time>2024-05-24T08:01:47</time>
			</trkpt>
			<trkpt lat="48.859355449676514" lon="2.915142774581909">
				<ele>53.68</ele>
				<time>2024-05-24T08:01:48</time>
			</trkpt>
			<trkpt lat="48.85936617851257" lon="2.915250062942505">
				<ele>53.88</ele>
				<time>2024-05-24T08:01:49</time>
			</trkpt>
			<trkpt lat="48.859355449676514" lon="2.91562557220459">
				<ele>54.12</ele>
				<time>2024-05-24T08:01:53</time>
			</trkpt>
			<trkpt lat="48.85930188931525" lon="2.9161834716796875">
				<ele>54.36</ele>
				<time>2024-05-24T08:01:58</time>
			</trkpt>
			<trkpt lat="48.859301805496216" lon="2.9161834716796875">
				<ele>54.65</ele>
				<time>2024-05-24T08:01:58</time>
			</trkpt>
			<trkpt lat="48.85900139808655" lon="2.918039560317993">
				<ele>54.92</ele>
				<time>2024-05-24T08:02:16</time>
			</trkpt>
			<trkpt lat="48.859065771102905" lon="2.918071746826172">
				<ele>55.65</ele>
				<time>2024-05-24T08:02:17</time>
			</trkpt>
			<trkpt lat="48.859087228775024" lon="2.918168306350708">
				<ele>57.38</ele>
				<time>2024-05-24T08:02:18</time>
			</trkpt>
			<trkpt lat="48.859097957611084" lon="2.9183077812194824">
				<ele>58.48</ele>
				<time>2024-05-24T08:02:19</time>
			</trkpt>
			<trkpt lat="48.85894775390625" lon="2.919820547103882">
				<ele>59.78</ele>
				<time>2024-05-24T08:02:34</time>
			</trkpt>
			<trkpt lat="48.85894783772528" lon="2.9201853275299072">
				<ele>61.46</ele>
				<time>2024-05-24T08:02:37</time>
			</trkpt>
			<trkpt lat="48.85895848274231" lon="2.921783924102783">
				<ele>63.99</ele>
				<time>2024-05-24T08:02:52</time>
			</trkpt>
			<trkpt lat="48.859108686447144" lon="2.922492027282715">
				<ele>66.31</ele>
				<time>2024-05-24T08:02:59</time>
			</trkpt>
			<trkpt lat="48.85946273803711" lon="2.9234039783477783">
				<ele>68.74</ele>
				<time>2024-05-24T08:03:09</time>
			</trkpt>
			<trkpt lat="48.85951646603644" lon="2.9234683513641357">
				<ele>70.63</ele>
				<time>2024-05-24T08:03:10</time>
			</trkpt>
			<trkpt lat="48.860106468200684" lon="2.924240827560425">
				<ele>71.47</ele>
				<time>2024-05-24T08:03:21</time>
			</trkpt>
			<trkpt lat="48.86014938354492" lon="2.924165725708008">
				<ele>72.98</ele>
				<time>2024-05-24T08:03:22</time>
			</trkpt>
			<trkpt lat="48.86014938354492" lon="2.924036979675293">
				<ele>74.48</ele>
				<time>2024-05-24T08:03:23</time>
			</trkpt>
			<trkpt lat="48.860063552856445" lon="2.92360782623291">
				<ele>76.2</ele>
				<time>2024-05-24T08:03:28</time>
			</trkpt>
			<trkpt lat="48.859921311959624" lon="2.922972561791539">
				<ele>78.11</ele>
				<time>2024-05-24T08:03:34</time>
			</trkpt>
			<trkpt lat="48.85992164723575" lon="2.92297407053411">
				<ele>78.12</ele>
				<time>2024-05-24T08:03:34</time>
			</trkpt>
			<trkpt lat="48.85990262031555" lon="2.922888994216919">
				<ele>79.07</ele>
				<time>2024-05-24T08:03:35</time>
			</trkpt>
			<trkpt lat="48.85993480682373" lon="2.922685146331787">
				<ele>80.49</ele>
				<time>2024-05-24T08:03:37</time>
			</trkpt>
			<trkpt lat="48.85996707715094" lon="2.9226315021514893">
				<ele>82.12</ele>
				<time>2024-05-24T08:03:37</time>
			</trkpt>
			<trkpt lat="48.85996699333191" lon="2.9226315021514893">
				<ele>83.89</ele>
				<time>2024-05-24T08:03:37</time>
			</trkpt>
			<trkpt lat="48.86003136634827" lon="2.9225242137908936">
				<ele>86.06</ele>
				<time>2024-05-24T08:03:39</time>
			</trkpt>
			<trkpt lat="48.86021375656128" lon="2.9224276542663574">
				<ele>88.73</ele>
				<time>2024-05-24T08:03:42</time>
			</trkpt>
			<trkpt lat="48.861844539642334" lon="2.9221487045288086">
				<ele>93.18</ele>
				<time>2024-05-24T08:04:05</time>
			</trkpt>
			<trkpt lat="48.86217713356018" lon="2.9221701622009277">
				<ele>96.77</ele>
				<time>2024-05-24T08:04:10</time>
			</trkpt>
			<trkpt lat="48.86247754096985" lon="2.9222989082336426">
				<ele>100.36</ele>
				<time>2024-05-24T08:04:14</time>
			</trkpt>
			<trkpt lat="48.86291742324829" lon="2.9225993156433105">
				<ele>103.59</ele>
				<time>2024-05-24T08:04:21</time>
			</trkpt>
			<trkpt lat="48.86318564414978" lon="2.9227066040039062">
				<ele>106.52</ele>
				<time>2024-05-24T08:04:25</time>
			</trkpt>
			<trkpt lat="48.863346576690674" lon="2.9227066040039062">
				<ele>109.42</ele>
				<time>2024-05-24T08:04:27</time>
			</trkpt>
			<trkpt lat="48.863604152575135" lon="2.922588586807251">
				<ele>112.46</ele>
				<time>2024-05-24T08:04:31</time>
			</trkpt>
			<trkpt lat="48.8636040687561" lon="2.922588586807251">
				<ele>115.16</ele>
				<time>2024-05-24T08:04:31</time>
			</trkpt>
			<trkpt lat="48.863797187805176" lon="2.9223525524139404">
				<ele>118.11</ele>
				<time>2024-05-24T08:04:35</time>
			</trkpt>
			<trkpt lat="48.8641619682312" lon="2.9218268394470215">
				<ele>121.2</ele>
				<time>2024-05-24T08:04:42</time>
			</trkpt>
			<trkpt lat="48.8649130705744" lon="2.9206252098083496">
				<ele>124.56</ele>
				<time>2024-05-24T08:04:58</time>
			</trkpt>
			<trkpt lat="48.86574991978705" lon="2.919219732284546">
				<ele>127.96</ele>
				<time>2024-05-24T08:05:15</time>
			</trkpt>
			<trkpt lat="48.866060972213745" lon="2.9187262058258057">
				<ele>130.23</ele>
				<time>2024-05-24T08:05:22</time>
			</trkpt>
			<trkpt lat="48.866286277770996" lon="2.918522357940674">
				<ele>132.14</ele>
				<time>2024-05-24T08:05:26</time>
			</trkpt>
			<trkpt lat="48.866586685180664" lon="2.9183828830718994">
				<ele>133.56</ele>
				<time>2024-05-24T08:05:30</time>
			</trkpt>
			<trkpt lat="48.86687636375427" lon="2.918264865875244">
				<ele>134.63</ele>
				<time>2024-05-24T08:05:34</time>
			</trkpt>
			<trkpt lat="48.86748790740967" lon="2.917964458465576">
				<ele>135.23</ele>
				<time>2024-05-24T08:05:44</time>
			</trkpt>
			<trkpt lat="48.86752017773688" lon="2.9179322719573975">
				<ele>135.37</ele>
				<time>2024-05-24T08:05:44</time>
			</trkpt>
			<trkpt lat="48.867541635409" lon="2.9179000854492188">
				<ele>135.03</ele>
				<time>2024-05-24T08:05:45</time>
			</trkpt>
			<trkpt lat="48.868110263720155" lon="2.9172348976135254">
				<ele>134.22</ele>
				<time>2024-05-24T08:05:55</time>
			</trkpt>
			<trkpt lat="48.86847496032715" lon="2.916923761367798">
				<ele>133.11</ele>
				<time>2024-05-24T08:06:01</time>
			</trkpt>
			<trkpt lat="48.8687539100647" lon="2.9167520999908447">
				<ele>131.14</ele>
				<time>2024-05-24T08:06:05</time>
			</trkpt>
			<trkpt lat="48.870781660079956" lon="2.9152286052703857">
				<ele>127.76</ele>
				<time>2024-05-24T08:06:37</time>
			</trkpt>
			<trkpt lat="48.87151122093201" lon="2.914574146270752">
				<ele>124.69</ele>
				<time>2024-05-24T08:06:50</time>
			</trkpt>
			<trkpt lat="48.872069120407104" lon="2.9139411449432373">
				<ele>121.43</ele>
				<time>2024-05-24T08:06:59</time>
			</trkpt>
			<trkpt lat="48.872551918029785" lon="2.9134154319763184">
				<ele>118.48</ele>
				<time>2024-05-24T08:07:08</time>
			</trkpt>
			<trkpt lat="48.87295961380005" lon="2.9132115840911865">
				<ele>115.34</ele>
				<time>2024-05-24T08:07:14</time>
			</trkpt>
			<trkpt lat="48.87342095375061" lon="2.913050651550293">
				<ele>111.82</ele>
				<time>2024-05-24T08:07:21</time>
			</trkpt>
			<trkpt lat="48.874783515930176" lon="2.9121601581573486">
				<ele>107.84</ele>
				<time>2024-05-24T08:07:42</time>
			</trkpt>
			<trkpt lat="48.8752019405365" lon="2.9120099544525146">
				<ele>105.15</ele>
				<time>2024-05-24T08:07:48</time>
			</trkpt>
			<trkpt lat="48.876060331240296" lon="2.9118704795837402">
				<ele>102.52</ele>
				<time>2024-05-24T08:08:01</time>
			</trkpt>
			<trkpt lat="48.87636065483093" lon="2.9118597507476807">
				<ele>100.31</ele>
				<time>2024-05-24T08:08:05</time>
			</trkpt>
			<trkpt lat="48.876575315371156" lon="2.911924123764038">
				<ele>98.39</ele>
				<time>2024-05-24T08:08:08</time>
			</trkpt>
			<trkpt lat="48.87695065699518" lon="2.9120957013219595">
				<ele>98.35</ele>
				<time>2024-05-24T08:08:14</time>
			</trkpt>
			<trkpt lat="48.87695074081421" lon="2.912095785140991">
				<ele>98.35</ele>
				<time>2024-05-24T08:08:14</time>
			</trkpt>
			<trkpt lat="48.87771248817444" lon="2.9124391078948975">
				<ele>100.12</ele>
				<time>2024-05-24T08:08:25</time>
			</trkpt>
			<trkpt lat="48.878324031829834" lon="2.9125678539276123">
				<ele>100.53</ele>
				<time>2024-05-24T08:08:34</time>
			</trkpt>
			<trkpt lat="48.878581523895264" lon="2.912600040435791">
				<ele>101.02</ele>
				<time>2024-05-24T08:08:37</time>
			</trkpt>
			<trkpt lat="48.87865670956671" lon="2.9125678539276123">
				<ele>101.32</ele>
				<time>2024-05-24T08:08:39</time>
			</trkpt>
			<trkpt lat="48.87865662574768" lon="2.9125678539276123">
				<ele>101.4</ele>
				<time>2024-05-24T08:08:39</time>
			</trkpt>
			<trkpt lat="48.878785371780396" lon="2.9125142097473145">
				<ele>101.5</ele>
				<time>2024-05-24T08:08:40</time>
			</trkpt>
			<trkpt lat="48.87893557548523" lon="2.9123640060424805">
				<ele>101.57</ele>
				<time>2024-05-24T08:08:43</time>
			</trkpt>
			<trkpt lat="48.87945064343512" lon="2.9117417335510254">
				<ele>101.49</ele>
				<time>2024-05-24T08:08:52</time>
			</trkpt>
			<trkpt lat="48.87964367866516" lon="2.911398410797119">
				<ele>101.32</ele>
				<time>2024-05-24T08:08:57</time>
			</trkpt>
			<trkpt lat="48.8797402381897" lon="2.911173105239868">
				<ele>101.09</ele>
				<time>2024-05-24T08:08:59</time>
			</trkpt>
			<trkpt lat="48.87991189956665" lon="2.9104113578796387">
				<ele>100.88</ele>
				<time>2024-05-24T08:09:07</time>
			</trkpt>
			<trkpt lat="48.87995489872992" lon="2.910304069519043">
				<ele>100.62</ele>
				<time>2024-05-24T08:09:08</time>
			</trkpt>
			<trkpt lat="48.8808883074671" lon="2.908802032470703">
				<ele>100.1</ele>
				<time>2024-05-24T08:09:27</time>
			</trkpt>
			<trkpt lat="48.88174653053284" lon="2.9074180126190186">
				<ele>99.32</ele>
				<time>2024-05-24T08:09:45</time>
			</trkpt>
			<trkpt lat="48.88197183609009" lon="2.907203435897827">
				<ele>99.15</ele>
				<time>2024-05-24T08:09:49</time>
			</trkpt>
			<trkpt lat="48.88208985328674" lon="2.9070425033569336">
				<ele>99.28</ele>
				<time>2024-05-24T08:09:51</time>
			</trkpt>
			<trkpt lat="48.88217568397522" lon="2.906806468963623">
				<ele>99.66</ele>
				<time>2024-05-24T08:09:54</time>
			</trkpt>
			<trkpt lat="48.88244390487671" lon="2.9069995880126953">
				<ele>100.51</ele>
				<time>2024-05-24T08:09:58</time>
			</trkpt>
			<trkpt lat="48.882776498794556" lon="2.907407283782959">
				<ele>101.72</ele>
				<time>2024-05-24T08:10:04</time>
			</trkpt>
			<trkpt lat="48.883012533187866" lon="2.9076969623565674">
				<ele>103.2</ele>
				<time>2024-05-24T08:10:09</time>
			</trkpt>
			<trkpt lat="48.88445019721985" lon="2.9096603393554688">
				<ele>105.41</ele>
				<time>2024-05-24T08:10:36</time>
			</trkpt>
			<trkpt lat="48.8846218585968" lon="2.909531593322754">
				<ele>107.41</ele>
				<time>2024-05-24T08:10:39</time>
			</trkpt>
			<trkpt lat="48.88497591018677" lon="2.909402847290039">
				<ele>109.63</ele>
				<time>2024-05-24T08:10:44</time>
			</trkpt>
			<trkpt lat="48.885308504104614" lon="2.9093170166015625">
				<ele>111.95</ele>
				<time>2024-05-24T08:10:49</time>
			</trkpt>
			<trkpt lat="48.88561964035034" lon="2.9092633724212646">
				<ele>114.25</ele>
				<time>2024-05-24T08:10:53</time>
			</trkpt>
			<trkpt lat="48.886810541152954" lon="2.90938138961792">
				<ele>116.94</ele>
				<time>2024-05-24T08:11:11</time>
			</trkpt>
			<trkpt lat="48.887314796447754" lon="2.909231185913086">
				<ele>119.2</ele>
				<time>2024-05-24T08:11:18</time>
			</trkpt>
			<trkpt lat="48.888012170791626" lon="2.9090166091918945">
				<ele>121.34</ele>
				<time>2024-05-24T08:11:28</time>
			</trkpt>
			<trkpt lat="48.88917088508606" lon="2.9087483882904053">
				<ele>123.61</ele>
				<time>2024-05-24T08:11:45</time>
			</trkpt>
			<trkpt lat="48.88940691947937" lon="2.908651828765869">
				<ele>125.04</ele>
				<time>2024-05-24T08:11:48</time>
			</trkpt>
			<trkpt lat="48.89010429382324" lon="2.90838360786438">
				<ele>126.28</ele>
				<time>2024-05-24T08:11:59</time>
			</trkpt>
			<trkpt lat="48.8907265663147" lon="2.908201217651367">
				<ele>126.92</ele>
				<time>2024-05-24T08:12:08</time>
			</trkpt>
			<trkpt lat="48.89122017659247" lon="2.9081475734710693">
				<ele>127.02</ele>
				<time>2024-05-24T08:12:15</time>
			</trkpt>
			<trkpt lat="48.891681432724" lon="2.9082977771759033">
				<ele>127.08</ele>
				<time>2024-05-24T08:12:21</time>
			</trkpt>
			<trkpt lat="48.892529010772705" lon="2.9088985919952393">
				<ele>126.88</ele>
				<time>2024-05-24T08:12:35</time>
			</trkpt>
			<trkpt lat="48.89291524887085" lon="2.909027338027954">
				<ele>126.24</ele>
				<time>2024-05-24T08:12:40</time>
			</trkpt>
			<trkpt lat="48.89335513114929" lon="2.9091131687164307">
				<ele>125.1</ele>
				<time>2024-05-24T08:12:47</time>
			</trkpt>
			<trkpt lat="48.893516063690186" lon="2.90863037109375">
				<ele>123.58</ele>
				<time>2024-05-24T08:12:52</time>
			</trkpt>
			<trkpt lat="48.89369853772223" lon="2.908308506011963">
				<ele>121.72</ele>
				<time>2024-05-24T08:12:56</time>
			</trkpt>
			<trkpt lat="48.8936984539032" lon="2.908308506011963">
				<ele>119.84</ele>
				<time>2024-05-24T08:12:56</time>
			</trkpt>
			<trkpt lat="48.894074046984315" lon="2.907729148864746">
				<ele>117.3</ele>
				<time>2024-05-24T08:13:04</time>
			</trkpt>
			<trkpt lat="48.89437437057495" lon="2.907310724258423">
				<ele>114.74</ele>
				<time>2024-05-24T08:13:09</time>
			</trkpt>
			<trkpt lat="48.8946533203125" lon="2.9070961475372314">
				<ele>112.29</ele>
				<time>2024-05-24T08:13:14</time>
			</trkpt>
			<trkpt lat="48.89488935470581" lon="2.9069995880126953">
				<ele>109.78</ele>
				<time>2024-05-24T08:13:17</time>
			</trkpt>
			<trkpt lat="48.895103931427" lon="2.9069888591766357">
				<ele>107.11</ele>
				<time>2024-05-24T08:13:20</time>
			</trkpt>
			<trkpt lat="48.89538296498358" lon="2.9070210456848145">
				<ele>104.45</ele>
				<time>2024-05-24T08:13:24</time>
			</trkpt>
			<trkpt lat="48.89576920308173" lon="2.907085418701172">
				<ele>101.55</ele>
				<time>2024-05-24T08:13:30</time>
			</trkpt>
			<trkpt lat="48.89606952667236" lon="2.90712833404541">
				<ele>99.03</ele>
				<time>2024-05-24T08:13:34</time>
			</trkpt>
			<trkpt lat="48.896809816360474" lon="2.9068386554718018">
				<ele>96.18</ele>
				<time>2024-05-24T08:13:45</time>
			</trkpt>
			<trkpt lat="48.89689564704895" lon="2.907031774520874">
				<ele>94.14</ele>
				<time>2024-05-24T08:13:47</time>
			</trkpt>
			<trkpt lat="48.89693864621222" lon="2.9070961475372314">
				<ele>92.43</ele>
				<time>2024-05-24T08:13:48</time>
			</trkpt>
			<trkpt lat="48.897045850753784" lon="2.9071712493896484">
				<ele>91.06</ele>
				<time>2024-05-24T08:13:50</time>
			</trkpt>
			<trkpt lat="48.8972282409668" lon="2.9071497917175293">
				<ele>90.03</ele>
				<time>2024-05-24T08:13:53</time>
			</trkpt>
			<trkpt lat="48.8980758190155" lon="2.9067957401275635">
				<ele>89.21</ele>
				<time>2024-05-24T08:14:05</time>
			</trkpt>
			<trkpt lat="48.89821529388428" lon="2.9067957401275635">
				<ele>89.57</ele>
				<time>2024-05-24T08:14:07</time>
			</trkpt>
			<trkpt lat="48.89834403991699" lon="2.9068922996520996">
				<ele>90.64</ele>
				<time>2024-05-24T08:14:09</time>
			</trkpt>
			<trkpt lat="48.89867663383484" lon="2.9075467586517334">
				<ele>92.52</ele>
				<time>2024-05-24T08:14:17</time>
			</trkpt>
			<trkpt lat="48.899009227752686" lon="2.907932996749878">
				<ele>95.05</ele>
				<time>2024-05-24T08:14:23</time>
			</trkpt>
			<trkpt lat="48.89942765235901" lon="2.908351421356201">
				<ele>98.16</ele>
				<time>2024-05-24T08:14:30</time>
			</trkpt>
			<trkpt lat="48.901798808947206" lon="2.910454273223877">
				<ele>102.55</ele>
				<time>2024-05-24T08:15:09</time>
			</trkpt>
			<trkpt lat="48.901798725128174" lon="2.910454273223877">
				<ele>106.29</ele>
				<time>2024-05-24T08:15:09</time>
			</trkpt>
			<trkpt lat="48.90422352589667" lon="2.9126107692718506">
				<ele>111.92</ele>
				<time>2024-05-24T08:15:49</time>
			</trkpt>
			<trkpt lat="48.904759883880615" lon="2.9130828380584717">
				<ele>115.69</ele>
				<time>2024-05-24T08:15:58</time>
			</trkpt>
			<trkpt lat="48.905049562454224" lon="2.913275957107544">
				<ele>119.65</ele>
				<time>2024-05-24T08:16:03</time>
			</trkpt>
			<trkpt lat="48.90541434288025" lon="2.9133832454681396">
				<ele>123.91</ele>
				<time>2024-05-24T08:16:08</time>
			</trkpt>
			<trkpt lat="48.905746936798096" lon="2.9133617877960205">
				<ele>127.84</ele>
				<time>2024-05-24T08:16:13</time>
			</trkpt>
			<trkpt lat="48.90687354840338" lon="2.9129433631896973">
				<ele>131.76</ele>
				<time>2024-05-24T08:16:30</time>
			</trkpt>
			<trkpt lat="48.90699156560004" lon="2.91312575340271">
				<ele>134.16</ele>
				<time>2024-05-24T08:16:32</time>
			</trkpt>
			<trkpt lat="48.90713095664978" lon="2.9134583473205566">
				<ele>136.05</ele>
				<time>2024-05-24T08:16:36</time>
			</trkpt>
			<trkpt lat="48.90742063522339" lon="2.913748025894165">
				<ele>137.66</ele>
				<time>2024-05-24T08:16:41</time>
			</trkpt>
			<trkpt lat="48.90830039978027" lon="2.9144561290740967">
				<ele>139.23</ele>
				<time>2024-05-24T08:16:55</time>
			</trkpt>
			<trkpt lat="48.90900858677924" lon="2.9155397415161133">
				<ele>140.23</ele>
				<time>2024-05-24T08:17:09</time>
			</trkpt>
			<trkpt lat="48.90920170582831" lon="2.9158294200897217">
				<ele>141.11</ele>
				<time>2024-05-24T08:17:13</time>
			</trkpt>
			<trkpt lat="48.90984912402928" lon="2.916870368644595">
				<ele>138.6</ele>
				<time>2024-05-24T08:17:27</time>
			</trkpt>
			<trkpt lat="48.91059637069702" lon="2.918071746826172">
				<ele>139.1</ele>
				<time>2024-05-24T08:17:42</time>
			</trkpt>
			<trkpt lat="48.91088604927063" lon="2.9186618328094482">
				<ele>139.53</ele>
				<time>2024-05-24T08:17:49</time>
			</trkpt>
			<trkpt lat="48.911036252975464" lon="2.919166088104248">
				<ele>139.89</ele>
				<time>2024-05-24T08:17:54</time>
			</trkpt>
			<trkpt lat="48.91119718551636" lon="2.920260429382324">
				<ele>139.98</ele>
				<time>2024-05-24T08:18:05</time>
			</trkpt>
			<trkpt lat="48.911240100860596" lon="2.9204750061035156">
				<ele>140.28</ele>
				<time>2024-05-24T08:18:07</time>
			</trkpt>
			<trkpt lat="48.911272371187806" lon="2.9205501079559326">
				<ele>140.67</ele>
				<time>2024-05-24T08:18:08</time>
			</trkpt>
			<trkpt lat="48.91134747304022" lon="2.9207217693328857">
				<ele>141.18</ele>
				<time>2024-05-24T08:18:10</time>
			</trkpt>
			<trkpt lat="48.91134747304022" lon="2.9208505153656006">
				<ele>141.61</ele>
				<time>2024-05-24T08:18:11</time>
			</trkpt>
			<trkpt lat="48.91140103340149" lon="2.920989990234375">
				<ele>142.09</ele>
				<time>2024-05-24T08:18:12</time>
			</trkpt>
			<trkpt lat="48.91149767674506" lon="2.921065092086792">
				<ele>142.54</ele>
				<time>2024-05-24T08:18:14</time>
			</trkpt>
			<trkpt lat="48.9115834236145" lon="2.921043634414673">
				<ele>142.85</ele>
				<time>2024-05-24T08:18:15</time>
			</trkpt>
			<trkpt lat="48.91165852546692" lon="2.920968532562256">
				<ele>143.14</ele>
				<time>2024-05-24T08:18:16</time>
			</trkpt>
			<trkpt lat="48.91167998313904" lon="2.920914888381958">
				<ele>143.34</ele>
				<time>2024-05-24T08:18:17</time>
			</trkpt>
			<trkpt lat="48.91187310218811" lon="2.920936346054077">
				<ele>143.52</ele>
				<time>2024-05-24T08:18:20</time>
			</trkpt>
			<trkpt lat="48.912012577056885" lon="2.920914888381958">
				<ele>143.58</ele>
				<time>2024-05-24T08:18:22</time>
			</trkpt>
			<trkpt lat="48.91216278076172" lon="2.9208719730377197">
				<ele>143.57</ele>
				<time>2024-05-24T08:18:24</time>
			</trkpt>
			<trkpt lat="48.91287088394165" lon="2.9226958751678467">
				<ele>143.36</ele>
				<time>2024-05-24T08:18:44</time>
			</trkpt>
			<trkpt lat="48.91358979977667" lon="2.923961877822876">
				<ele>143.45</ele>
				<time>2024-05-24T08:19:00</time>
			</trkpt>
			<trkpt lat="48.91581058502197" lon="2.9275453090667725">
				<ele>143.32</ele>
				<time>2024-05-24T08:19:46</time>
			</trkpt>
			<trkpt lat="48.91629338264465" lon="2.9286396503448486">
				<ele>142.87</ele>
				<time>2024-05-24T08:19:58</time>
			</trkpt>
			<trkpt lat="48.916561687365174" lon="2.9294121265411377">
				<ele>142.38</ele>
				<time>2024-05-24T08:20:06</time>
			</trkpt>
			<trkpt lat="48.91679763793945" lon="2.9307961463928223">
				<ele>141.88</ele>
				<time>2024-05-24T08:20:20</time>
			</trkpt>
			<trkpt lat="48.91700156964362" lon="2.9320943355560303">
				<ele>141.05</ele>
				<time>2024-05-24T08:20:32</time>
			</trkpt>
			<trkpt lat="48.91716241836548" lon="2.9336929321289062">
				<ele>140.2</ele>
				<time>2024-05-24T08:20:48</time>
			</trkpt>
			<trkpt lat="48.91720533370972" lon="2.934776544570923">
				<ele>139.94</ele>
				<time>2024-05-24T08:20:58</time>
			</trkpt>
			<trkpt lat="48.917248249053955" lon="2.93709397315979">
				<ele>139.38</ele>
				<time>2024-05-24T08:21:20</time>
			</trkpt>
			<trkpt lat="48.91735553741455" lon="2.939121723175049">
				<ele>138.78</ele>
				<time>2024-05-24T08:21:39</time>
			</trkpt>
			<trkpt lat="48.91735562123358" lon="2.9395294189453125">
				<ele>138.24</ele>
				<time>2024-05-24T08:21:43</time>
			</trkpt>
			<trkpt lat="48.91731262207031" lon="2.9404735565185547">
				<ele>137.65</ele>
				<time>2024-05-24T08:21:51</time>
			</trkpt>
			<trkpt lat="48.91731262207031" lon="2.940688133239746">
				<ele>137.32</ele>
				<time>2024-05-24T08:21:53</time>
			</trkpt>
			<trkpt lat="48.9173770789057" lon="2.9410207271575928">
				<ele>137.05</ele>
				<time>2024-05-24T08:21:57</time>
			</trkpt>
			<trkpt lat="48.917473554611206" lon="2.9415249824523926">
				<ele>136.83</ele>
				<time>2024-05-24T08:22:02</time>
			</trkpt>
			<trkpt lat="48.91759165562689" lon="2.942812442779541">
				<ele>136.86</ele>
				<time>2024-05-24T08:22:14</time>
			</trkpt>
			<trkpt lat="48.91760238446295" lon="2.942962646484375">
				<ele>136.82</ele>
				<time>2024-05-24T08:22:15</time>
			</trkpt>
			<trkpt lat="48.91763457097113" lon="2.9432737827301025">
				<ele>136.82</ele>
				<time>2024-05-24T08:22:18</time>
			</trkpt>
			<trkpt lat="48.91773113049567" lon="2.943863868713379">
				<ele>136.8</ele>
				<time>2024-05-24T08:22:24</time>
			</trkpt>
			<trkpt lat="48.917806232348084" lon="2.944314479827881">
				<ele>136.5</ele>
				<time>2024-05-24T08:22:28</time>
			</trkpt>
			<trkpt lat="48.91780614852905" lon="2.944314479827881">
				<ele>136.35</ele>
				<time>2024-05-24T08:22:28</time>
			</trkpt>
			<trkpt lat="48.917816961184144" lon="2.944389581680298">
				<ele>136.13</ele>
				<time>2024-05-24T08:22:29</time>
			</trkpt>
			<trkpt lat="48.918009996414185" lon="2.945355176925659">
				<ele>135.4</ele>
				<time>2024-05-24T08:22:39</time>
			</trkpt>
			<trkpt lat="48.91810655593872" lon="2.946631908416748">
				<ele>135.47</ele>
				<time>2024-05-24T08:22:51</time>
			</trkpt>
			<trkpt lat="48.9181923866272" lon="2.947007417678833">
				<ele>135.31</ele>
				<time>2024-05-24T08:22:54</time>
			</trkpt>
			<trkpt lat="48.91837477684021" lon="2.947533130645752">
				<ele>135.23</ele>
				<time>2024-05-24T08:23:00</time>
			</trkpt>
			<trkpt lat="48.918728828430176" lon="2.9484128952026367">
				<ele>134.91</ele>
				<time>2024-05-24T08:23:10</time>
			</trkpt>
			<trkpt lat="48.918804014101624" lon="2.9484879970550537">
				<ele>134.36</ele>
				<time>2024-05-24T08:23:11</time>
			</trkpt>
			<trkpt lat="48.919018507003784" lon="2.9487454891204834">
				<ele>133.7</ele>
				<time>2024-05-24T08:23:15</time>
			</trkpt>
			<trkpt lat="48.919479846954346" lon="2.9491424560546875">
				<ele>132.8</ele>
				<time>2024-05-24T08:23:22</time>
			</trkpt>
			<trkpt lat="48.919801795855165" lon="2.949475049972534">
				<ele>132.05</ele>
				<time>2024-05-24T08:23:28</time>
			</trkpt>
			<trkpt lat="48.92046698369086" lon="2.9502153396606445">
				<ele>131.13</ele>
				<time>2024-05-24T08:23:40</time>
			</trkpt>
			<trkpt lat="48.92091759480536" lon="2.95133113861084">
				<ele>130.71</ele>
				<time>2024-05-24T08:23:52</time>
			</trkpt>
			<trkpt lat="48.92108917236328" lon="2.9517388343811035">
				<ele>130.37</ele>
				<time>2024-05-24T08:23:57</time>
			</trkpt>
			<trkpt lat="48.92117500305176" lon="2.951856851577759">
				<ele>130.22</ele>
				<time>2024-05-24T08:23:58</time>
			</trkpt>
			<trkpt lat="48.9216685295105" lon="2.9522645473480225">
				<ele>130.18</ele>
				<time>2024-05-24T08:24:06</time>
			</trkpt>
			<trkpt lat="48.92184019088745" lon="2.952446937561035">
				<ele>130.46</ele>
				<time>2024-05-24T08:24:09</time>
			</trkpt>
			<trkpt lat="48.921968936920166" lon="2.952725887298584">
				<ele>131.06</ele>
				<time>2024-05-24T08:24:12</time>
			</trkpt>
			<trkpt lat="48.92222651280463" lon="2.9532623291015625">
				<ele>132.07</ele>
				<time>2024-05-24T08:24:19</time>
			</trkpt>
			<trkpt lat="48.92238736152649" lon="2.9536378383636475">
				<ele>133.12</ele>
				<time>2024-05-24T08:24:23</time>
			</trkpt>
			<trkpt lat="48.922462463378906" lon="2.953777313232422">
				<ele>134.13</ele>
				<time>2024-05-24T08:24:25</time>
			</trkpt>
			<trkpt lat="48.92270931042731" lon="2.954099178314209">
				<ele>135.25</ele>
				<time>2024-05-24T08:24:29</time>
			</trkpt>
			<trkpt lat="48.923213481903076" lon="2.954925298690796">
				<ele>136.88</ele>
				<time>2024-05-24T08:24:40</time>
			</trkpt>
			<trkpt lat="48.92334222793579" lon="2.955225706100464">
				<ele>138.18</ele>
				<time>2024-05-24T08:24:43</time>
			</trkpt>
			<trkpt lat="48.92342805862427" lon="2.9555046558380127">
				<ele>139.48</ele>
				<time>2024-05-24T08:24:46</time>
			</trkpt>
			<trkpt lat="48.923513889312744" lon="2.9558801651000977">
				<ele>140.77</ele>
				<time>2024-05-24T08:24:50</time>
			</trkpt>
			<trkpt lat="48.92354607582092" lon="2.9561054706573486">
				<ele>141.96</ele>
				<time>2024-05-24T08:24:52</time>
			</trkpt>
			<trkpt lat="48.923535430803895" lon="2.956244945526123">
				<ele>143.17</ele>
				<time>2024-05-24T08:24:53</time>
			</trkpt>
			<trkpt lat="48.923524618148804" lon="2.956341505050659">
				<ele>144.34</ele>
				<time>2024-05-24T08:24:54</time>
			</trkpt>
			<trkpt lat="48.92346032895148" lon="2.956545352935791">
				<ele>145.58</ele>
				<time>2024-05-24T08:24:56</time>
			</trkpt>
			<trkpt lat="48.92340660095215" lon="2.956749200820923">
				<ele>146.78</ele>
				<time>2024-05-24T08:24:58</time>
			</trkpt>
			<trkpt lat="48.92262347973883" lon="2.9607295989990234">
				<ele>148.67</ele>
				<time>2024-05-24T08:25:37</time>
			</trkpt>
			<trkpt lat="48.9226233959198" lon="2.9607295989990234">
				<ele>148.97</ele>
				<time>2024-05-24T08:25:37</time>
			</trkpt>
			<trkpt lat="48.922505378723145" lon="2.9613089561462402">
				<ele>148.98</ele>
				<time>2024-05-24T08:25:43</time>
			</trkpt>
			<trkpt lat="48.92107852734625" lon="2.968411445617676">
				<ele>147.24</ele>
				<time>2024-05-24T08:26:53</time>
			</trkpt>
			<trkpt lat="48.92107844352722" lon="2.968411445617676">
				<ele>147.59</ele>
				<time>2024-05-24T08:26:53</time>
			</trkpt>
			<trkpt lat="48.92092530615628" lon="2.969156764447689">
				<ele>151.24</ele>
				<time>2024-05-24T08:27:00</time>
			</trkpt>
			<trkpt lat="48.920925725251436" lon="2.969155004248023">
				<ele>151.25</ele>
				<time>2024-05-24T08:27:00</time>
			</trkpt>
			<trkpt lat="48.92083168029785" lon="2.9696130752563477">
				<ele>152.93</ele>
				<time>2024-05-24T08:27:05</time>
			</trkpt>
			<trkpt lat="48.92082095146179" lon="2.9697954654693604">
				<ele>153.88</ele>
				<time>2024-05-24T08:27:06</time>
			</trkpt>
			<trkpt lat="48.92084249295294" lon="2.9699349403381348">
				<ele>154.54</ele>
				<time>2024-05-24T08:27:08</time>
			</trkpt>
			<trkpt lat="48.92086386680603" lon="2.970031499862671">
				<ele>155.0</ele>
				<time>2024-05-24T08:27:09</time>
			</trkpt>
			<trkpt lat="48.921014070510864" lon="2.9703640937805176">
				<ele>155.33</ele>
				<time>2024-05-24T08:27:13</time>
			</trkpt>
			<trkpt lat="48.9211106300354" lon="2.970525026321411">
				<ele>155.5</ele>
				<time>2024-05-24T08:27:15</time>
			</trkpt>
			<trkpt lat="48.92104625701904" lon="2.9707396030426025">
				<ele>155.5</ele>
				<time>2024-05-24T08:27:17</time>
			</trkpt>
			<trkpt lat="48.92103552818298" lon="2.9708683490753174">
				<ele>155.18</ele>
				<time>2024-05-24T08:27:18</time>
			</trkpt>
			<trkpt lat="48.9210569858551" lon="2.9716193675994873">
				<ele>154.65</ele>
				<time>2024-05-24T08:27:25</time>
			</trkpt>
			<trkpt lat="48.9211106300354" lon="2.972102165222168">
				<ele>153.63</ele>
				<time>2024-05-24T08:27:30</time>
			</trkpt>
			<trkpt lat="48.92133593559265" lon="2.973400354385376">
				<ele>151.8</ele>
				<time>2024-05-24T08:27:42</time>
			</trkpt>
			<trkpt lat="48.921464681625366" lon="2.974677085876465">
				<ele>149.76</ele>
				<time>2024-05-24T08:27:54</time>
			</trkpt>
			<trkpt lat="48.921529054641724" lon="2.97505259513855">
				<ele>147.82</ele>
				<time>2024-05-24T08:27:58</time>
			</trkpt>
			<trkpt lat="48.921529054641724" lon="2.9750847816467285">
				<ele>146.17</ele>
				<time>2024-05-24T08:27:58</time>
			</trkpt>
			<trkpt lat="48.92157196998596" lon="2.975245714187622">
				<ele>144.6</ele>
				<time>2024-05-24T08:28:00</time>
			</trkpt>
			<trkpt lat="48.921711444854736" lon="2.9757392406463623">
				<ele>142.99</ele>
				<time>2024-05-24T08:28:05</time>
			</trkpt>
			<trkpt lat="48.921765089035034" lon="2.9760611057281494">
				<ele>141.69</ele>
				<time>2024-05-24T08:28:08</time>
			</trkpt>
			<trkpt lat="48.921765172854066" lon="2.9761040210723877">
				<ele>140.83</ele>
				<time>2024-05-24T08:28:09</time>
			</trkpt>
			<trkpt lat="48.921765172854066" lon="2.9761898517608643">
				<ele>140.25</ele>
				<time>2024-05-24T08:28:09</time>
			</trkpt>
			<trkpt lat="48.921711444854736" lon="2.9764795303344727">
				<ele>140.02</ele>
				<time>2024-05-24T08:28:12</time>
			</trkpt>
			<trkpt lat="48.92166861332953" lon="2.9765546321868896">
				<ele>140.23</ele>
				<time>2024-05-24T08:28:13</time>
			</trkpt>
			<trkpt lat="48.920756578445435" lon="2.978593111038208">
				<ele>140.71</ele>
				<time>2024-05-24T08:28:36</time>
			</trkpt>
			<trkpt lat="48.9205527305603" lon="2.9789364337921143">
				<ele>141.64</ele>
				<time>2024-05-24T08:28:41</time>
			</trkpt>
			<trkpt lat="48.92032742500305" lon="2.9792368412017822">
				<ele>142.96</ele>
				<time>2024-05-24T08:28:45</time>
			</trkpt>
			<trkpt lat="48.91993045806885" lon="2.979665994644165">
				<ele>144.7</ele>
				<time>2024-05-24T08:28:52</time>
			</trkpt>
			<trkpt lat="48.91888976097107" lon="2.9804599285125732">
				<ele>147.26</ele>
				<time>2024-05-24T08:29:09</time>
			</trkpt>
			<trkpt lat="48.918771743774414" lon="2.9805994033813477">
				<ele>149.32</ele>
				<time>2024-05-24T08:29:11</time>
			</trkpt>
			<trkpt lat="48.918728828430176" lon="2.980760335922241">
				<ele>151.51</ele>
				<time>2024-05-24T08:29:12</time>
			</trkpt>
			<trkpt lat="48.91870737075806" lon="2.980889081954956">
				<ele>153.71</ele>
				<time>2024-05-24T08:29:14</time>
			</trkpt>
			<trkpt lat="48.91885765828192" lon="2.9816508293151855">
				<ele>156.09</ele>
				<time>2024-05-24T08:29:21</time>
			</trkpt>
			<trkpt lat="48.91912579536438" lon="2.9827237129211426">
				<ele>157.96</ele>
				<time>2024-05-24T08:29:32</time>
			</trkpt>
			<trkpt lat="48.91931891441345" lon="2.9836463928222656">
				<ele>160.05</ele>
				<time>2024-05-24T08:29:41</time>
			</trkpt>
			<trkpt lat="48.919479846954346" lon="2.9845690727233887">
				<ele>162.08</ele>
				<time>2024-05-24T08:29:50</time>
			</trkpt>
			<trkpt lat="48.92014503479004" lon="2.9887962341308594">
				<ele>163.46</ele>
				<time>2024-05-24T08:30:31</time>
			</trkpt>
			<trkpt lat="48.92018795013428" lon="2.989150285720825">
				<ele>164.43</ele>
				<time>2024-05-24T08:30:34</time>
			</trkpt>
			<trkpt lat="48.92018803395331" lon="2.9896652698516846">
				<ele>165.1</ele>
				<time>2024-05-24T08:30:39</time>
			</trkpt>
			<trkpt lat="48.92018795013428" lon="2.9896652698516846">
				<ele>165.47</ele>
				<time>2024-05-24T08:30:39</time>
			</trkpt>
			<trkpt lat="48.92016649246216" lon="2.9905664920806885">
				<ele>165.58</ele>
				<time>2024-05-24T08:30:47</time>
			</trkpt>
			<trkpt lat="48.92016649246216" lon="2.9910385608673096">
				<ele>165.34</ele>
				<time>2024-05-24T08:30:52</time>
			</trkpt>
			<trkpt lat="48.92019867897034" lon="2.9918110370635986">
				<ele>164.77</ele>
				<time>2024-05-24T08:30:59</time>
			</trkpt>
			<trkpt lat="48.92028450965881" lon="2.9925620555877686">
				<ele>164.2</ele>
				<time>2024-05-24T08:31:06</time>
			</trkpt>
			<trkpt lat="48.92043471336365" lon="2.9932594299316406">
				<ele>163.48</ele>
				<time>2024-05-24T08:31:13</time>
			</trkpt>
			<trkpt lat="48.92059564590454" lon="2.993946075439453">
				<ele>162.59</ele>
				<time>2024-05-24T08:31:20</time>
			</trkpt>
			<trkpt lat="48.921486139297485" lon="2.9970037937164307">
				<ele>161.83</ele>
				<time>2024-05-24T08:31:51</time>
			</trkpt>
			<trkpt lat="48.92207622528076" lon="2.999246120452881">
				<ele>161.74</ele>
				<time>2024-05-24T08:32:14</time>
			</trkpt>
			<trkpt lat="48.92260202206671" lon="3.001145124435425">
				<ele>161.76</ele>
				<time>2024-05-24T08:32:34</time>
			</trkpt>
			<trkpt lat="48.92260193824768" lon="3.001145124435425">
				<ele>162.47</ele>
				<time>2024-05-24T08:32:34</time>
			</trkpt>
			<trkpt lat="48.92358907498419" lon="3.0042994022369385">
				<ele>164.65</ele>
				<time>2024-05-24T08:33:06</time>
			</trkpt>
			<trkpt lat="48.923052633181214" lon="3.0047929286956787">
				<ele>165.55</ele>
				<time>2024-05-24T08:33:15</time>
			</trkpt>
			<trkpt lat="48.92223338596523" lon="3.005663137882948">
				<ele>169.89</ele>
				<time>2024-05-24T08:33:30</time>
			</trkpt>
			<trkpt lat="48.92223405651748" lon="3.005662551149726">
				<ele>169.9</ele>
				<time>2024-05-24T08:33:30</time>
			</trkpt>
			<trkpt lat="48.92185091972351" lon="3.0060696601867676">
				<ele>170.48</ele>
				<time>2024-05-24T08:33:36</time>
			</trkpt>
			<trkpt lat="48.92098196782172" lon="3.00726056098938">
				<ele>173.04</ele>
				<time>2024-05-24T08:33:53</time>
			</trkpt>
			<trkpt lat="48.92041333951056" lon="3.008054494857788">
				<ele>172.71</ele>
				<time>2024-05-24T08:34:04</time>
			</trkpt>
			<trkpt lat="48.92018795013428" lon="3.0083656311035156">
				<ele>174.42</ele>
				<time>2024-05-24T08:34:08</time>
			</trkpt>
			<trkpt lat="48.91991981305182" lon="3.0086660385131836">
				<ele>175.45</ele>
				<time>2024-05-24T08:34:13</time>
			</trkpt>
			<trkpt lat="48.91970523633063" lon="3.0089235305786133">
				<ele>174.67</ele>
				<time>2024-05-24T08:34:17</time>
			</trkpt>
			<trkpt lat="48.918771827593446" lon="3.009932041168213">
				<ele>174.03</ele>
				<time>2024-05-24T08:34:33</time>
			</trkpt>
			<trkpt lat="48.918771743774414" lon="3.009932041168213">
				<ele>173.91</ele>
				<time>2024-05-24T08:34:33</time>
			</trkpt>
			<trkpt lat="48.91784906387329" lon="3.010908365249634">
				<ele>172.72</ele>
				<time>2024-05-24T08:34:49</time>
			</trkpt>
			<trkpt lat="48.91554236412048" lon="3.012946844100952">
				<ele>176.5</ele>
				<time>2024-05-24T08:35:28</time>
			</trkpt>
			<trkpt lat="48.91408324241638" lon="3.0150389671325684">
				<ele>173.51</ele>
				<time>2024-05-24T08:35:56</time>
			</trkpt>
			<trkpt lat="48.913750648498535" lon="3.0155646800994873">
				<ele>173.53</ele>
				<time>2024-05-24T08:36:03</time>
			</trkpt>
			<trkpt lat="48.91246318817139" lon="3.0174529552459717">
				<ele>173.96</ele>
				<time>2024-05-24T08:36:29</time>
			</trkpt>
			<trkpt lat="48.91263484954834" lon="3.0183327198028564">
				<ele>175.11</ele>
				<time>2024-05-24T08:36:37</time>
			</trkpt>
			<trkpt lat="48.912785053253174" lon="3.01899790763855">
				<ele>174.6</ele>
				<time>2024-05-24T08:36:44</time>
			</trkpt>
			<trkpt lat="48.9129460696131" lon="3.019469976425171">
				<ele>172.03</ele>
				<time>2024-05-24T08:36:49</time>
			</trkpt>
			<trkpt lat="48.91340732574463" lon="3.0208325386047363">
				<ele>169.43</ele>
				<time>2024-05-24T08:37:03</time>
			</trkpt>
			<trkpt lat="48.913832791149616" lon="3.0222579650580883">
				<ele>172.19</ele>
				<time>2024-05-24T08:37:18</time>
			</trkpt>
			<trkpt lat="48.9138319529593" lon="3.0222550313919783">
				<ele>172.2</ele>
				<time>2024-05-24T08:37:18</time>
			</trkpt>
			<trkpt lat="48.91383647918701" lon="3.0222702026367188">
				<ele>172.5</ele>
				<time>2024-05-24T08:37:18</time>
			</trkpt>
			<trkpt lat="48.91398676671088" lon="3.0229032039642334">
				<ele>173.0</ele>
				<time>2024-05-24T08:37:25</time>
			</trkpt>
			<trkpt lat="48.91409397125244" lon="3.0232465267181396">
				<ele>173.62</ele>
				<time>2024-05-24T08:37:28</time>
			</trkpt>
			<trkpt lat="48.914501667022705" lon="3.0243194103240967">
				<ele>174.21</ele>
				<time>2024-05-24T08:37:40</time>
			</trkpt>
			<trkpt lat="48.914523124694824" lon="3.024609088897705">
				<ele>174.54</ele>
				<time>2024-05-24T08:37:43</time>
			</trkpt>
			<trkpt lat="48.91441583633423" lon="3.025585412979126">
				<ele>174.47</ele>
				<time>2024-05-24T08:37:52</time>
			</trkpt>
			<trkpt lat="48.91411542892456" lon="3.0279672145843506">
				<ele>174.29</ele>
				<time>2024-05-24T08:38:15</time>
			</trkpt>
			<trkpt lat="48.91391158103943" lon="3.0298876762390137">
				<ele>174.29</ele>
				<time>2024-05-24T08:38:33</time>
			</trkpt>
			<trkpt lat="48.91390085220337" lon="3.030155897140503">
				<ele>174.27</ele>
				<time>2024-05-24T08:38:35</time>
			</trkpt>
			<trkpt lat="48.91390085220337" lon="3.0303597450256348">
				<ele>174.31</ele>
				<time>2024-05-24T08:38:37</time>
			</trkpt>
			<trkpt lat="48.91399749554694" lon="3.0306708812713623">
				<ele>174.34</ele>
				<time>2024-05-24T08:38:41</time>
			</trkpt>
			<trkpt lat="48.914040327072144" lon="3.0307888984680176">
				<ele>174.2</ele>
				<time>2024-05-24T08:38:42</time>
			</trkpt>
			<trkpt lat="48.914995193481445" lon="3.032280206680298">
				<ele>174.02</ele>
				<time>2024-05-24T08:39:01</time>
			</trkpt>
			<trkpt lat="48.91499527730048" lon="3.032280206680298">
				<ele>173.56</ele>
				<time>2024-05-24T08:39:01</time>
			</trkpt>
			<trkpt lat="48.91682982444763" lon="3.035123348236084">
				<ele>172.36</ele>
				<time>2024-05-24T08:39:39</time>
			</trkpt>
			<trkpt lat="48.91682990826666" lon="3.035123348236084">
				<ele>171.39</ele>
				<time>2024-05-24T08:39:39</time>
			</trkpt>
			<trkpt lat="48.91735553741455" lon="3.0359387397766113">
				<ele>169.7</ele>
				<time>2024-05-24T08:39:50</time>
			</trkpt>
			<trkpt lat="48.91755938529968" lon="3.0363357067108154">
				<ele>168.19</ele>
				<time>2024-05-24T08:39:54</time>
			</trkpt>
			<trkpt lat="48.91785979270935" lon="3.037097454071045">
				<ele>166.68</ele>
				<time>2024-05-24T08:40:03</time>
			</trkpt>
			<trkpt lat="48.91806364059448" lon="3.0374300479888916">
				<ele>164.84</ele>
				<time>2024-05-24T08:40:07</time>
			</trkpt>
			<trkpt lat="48.9192008972168" lon="3.0390286445617676">
				<ele>162.77</ele>
				<time>2024-05-24T08:40:29</time>
			</trkpt>
			<trkpt lat="48.91931891441345" lon="3.0392110347747803">
				<ele>160.68</ele>
				<time>2024-05-24T08:40:31</time>
			</trkpt>
			<trkpt lat="48.91963005065918" lon="3.039844036102295">
				<ele>158.38</ele>
				<time>2024-05-24T08:40:39</time>
			</trkpt>
			<trkpt lat="48.9197051525116" lon="3.0400586128234863">
				<ele>155.92</ele>
				<time>2024-05-24T08:40:41</time>
			</trkpt>
			<trkpt lat="48.91995191574097" lon="3.0417323112487793">
				<ele>152.97</ele>
				<time>2024-05-24T08:40:57</time>
			</trkpt>
			<trkpt lat="48.9201557636261" lon="3.042762279510498">
				<ele>149.75</ele>
				<time>2024-05-24T08:41:07</time>
			</trkpt>
			<trkpt lat="48.920563543215394" lon="3.0442535877227783">
				<ele>146.35</ele>
				<time>2024-05-24T08:41:23</time>
			</trkpt>
			<trkpt lat="48.92062783241272" lon="3.044607639312744">
				<ele>143.01</ele>
				<time>2024-05-24T08:41:26</time>
			</trkpt>
			<trkpt lat="48.92109990119934" lon="3.0460667610168457">
				<ele>139.01</ele>
				<time>2024-05-24T08:41:41</time>
			</trkpt>
			<trkpt lat="48.92192602157593" lon="3.0477404594421387">
				<ele>134.86</ele>
				<time>2024-05-24T08:42:01</time>
			</trkpt>
			<trkpt lat="48.922119140625" lon="3.0482017993927">
				<ele>131.35</ele>
				<time>2024-05-24T08:42:06</time>
			</trkpt>
			<trkpt lat="48.92211922444403" lon="3.0482017993927">
				<ele>128.17</ele>
				<time>2024-05-24T08:42:06</time>
			</trkpt>
			<trkpt lat="48.922462463378906" lon="3.0489742755889893">
				<ele>124.7</ele>
				<time>2024-05-24T08:42:15</time>
			</trkpt>
			<trkpt lat="48.9240825176239" lon="3.05145263671875">
				<ele>120.85</ele>
				<time>2024-05-24T08:42:48</time>
			</trkpt>
			<trkpt lat="48.92443656921387" lon="3.051924705505371">
				<ele>118.19</ele>
				<time>2024-05-24T08:42:54</time>
			</trkpt>
			<trkpt lat="48.92465114593506" lon="3.0525898933410645">
				<ele>115.94</ele>
				<time>2024-05-24T08:43:01</time>
			</trkpt>
			<trkpt lat="48.92462968826294" lon="3.0532658100128174">
				<ele>114.04</ele>
				<time>2024-05-24T08:43:08</time>
			</trkpt>
			<trkpt lat="48.924704790115356" lon="3.0540382862091064">
				<ele>112.62</ele>
				<time>2024-05-24T08:43:15</time>
			</trkpt>
			<trkpt lat="48.92468333244324" lon="3.0545318126678467">
				<ele>111.32</ele>
				<time>2024-05-24T08:43:20</time>
			</trkpt>
			<trkpt lat="48.9245867729187" lon="3.0551648139953613">
				<ele>110.25</ele>
				<time>2024-05-24T08:43:26</time>
			</trkpt>
			<trkpt lat="48.9245867729187" lon="3.056023120880127">
				<ele>109.41</ele>
				<time>2024-05-24T08:43:34</time>
			</trkpt>
			<trkpt lat="48.92467260360718" lon="3.0576539039611816">
				<ele>107.89</ele>
				<time>2024-05-24T08:43:49</time>
			</trkpt>
			<trkpt lat="48.92467268742621" lon="3.0576539039611816">
				<ele>107.23</ele>
				<time>2024-05-24T08:43:49</time>
			</trkpt>
			<trkpt lat="48.924704790115356" lon="3.058115243911743">
				<ele>106.82</ele>
				<time>2024-05-24T08:43:54</time>
			</trkpt>
			<trkpt lat="48.92510175704956" lon="3.0596601963043213">
				<ele>106.27</ele>
				<time>2024-05-24T08:44:09</time>
			</trkpt>
			<trkpt lat="48.92592787742615" lon="3.062084913253784">
				<ele>105.65</ele>
				<time>2024-05-24T08:44:35</time>
			</trkpt>
			<trkpt lat="48.925970792770386" lon="3.062385320663452">
				<ele>105.22</ele>
				<time>2024-05-24T08:44:38</time>
			</trkpt>
			<trkpt lat="48.92594933509827" lon="3.063265085220337">
				<ele>104.75</ele>
				<time>2024-05-24T08:44:46</time>
			</trkpt>
			<trkpt lat="48.92597087658942" lon="3.0634689331054688">
				<ele>104.31</ele>
				<time>2024-05-24T08:44:48</time>
			</trkpt>
			<trkpt lat="48.92598160542548" lon="3.063565492630005">
				<ele>103.87</ele>
				<time>2024-05-24T08:44:49</time>
			</trkpt>
			<trkpt lat="48.926035249605775" lon="3.063983917236328">
				<ele>103.46</ele>
				<time>2024-05-24T08:44:53</time>
			</trkpt>
			<trkpt lat="48.92612108029425" lon="3.0645525455474854">
				<ele>102.88</ele>
				<time>2024-05-24T08:44:58</time>
			</trkpt>
			<trkpt lat="48.92614245414734" lon="3.0651748180389404">
				<ele>102.01</ele>
				<time>2024-05-24T08:45:04</time>
			</trkpt>
			<trkpt lat="48.92616399563849" lon="3.0653035640716553">
				<ele>101.14</ele>
				<time>2024-05-24T08:45:05</time>
			</trkpt>
			<trkpt lat="48.92618536949158" lon="3.0654430389404297">
				<ele>100.19</ele>
				<time>2024-05-24T08:45:07</time>
			</trkpt>
			<trkpt lat="48.926282012835145" lon="3.065764904022217">
				<ele>99.1</ele>
				<time>2024-05-24T08:45:10</time>
			</trkpt>
			<trkpt lat="48.92639994621277" lon="3.0661404132843018">
				<ele>98.02</ele>
				<time>2024-05-24T08:45:14</time>
			</trkpt>
			<trkpt lat="48.926475048065186" lon="3.0663228034973145">
				<ele>96.99</ele>
				<time>2024-05-24T08:45:16</time>
			</trkpt>
			<trkpt lat="48.92662525177002" lon="3.066580295562744">
				<ele>96.01</ele>
				<time>2024-05-24T08:45:19</time>
			</trkpt>
			<trkpt lat="48.92680764198303" lon="3.066912889480591">
				<ele>95.01</ele>
				<time>2024-05-24T08:45:23</time>
			</trkpt>
			<trkpt lat="48.92689355649054" lon="3.067063093185425">
				<ele>94.16</ele>
				<time>2024-05-24T08:45:25</time>
			</trkpt>
			<trkpt lat="48.927226066589355" lon="3.06768536567688">
				<ele>93.35</ele>
				<time>2024-05-24T08:45:33</time>
			</trkpt>
			<trkpt lat="48.92753720283508" lon="3.068253993988037">
				<ele>92.7</ele>
				<time>2024-05-24T08:45:40</time>
			</trkpt>
			<trkpt lat="48.92738699913025" lon="3.068457841873169">
				<ele>92.32</ele>
				<time>2024-05-24T08:45:43</time>
			</trkpt>
			<trkpt lat="48.927268981933594" lon="3.0686938762664795">
				<ele>92.11</ele>
				<time>2024-05-24T08:45:45</time>
			</trkpt>
			<trkpt lat="48.927258253097534" lon="3.0687689781188965">
				<ele>92.2</ele>
				<time>2024-05-24T08:45:46</time>
			</trkpt>
			<trkpt lat="48.927290523424745" lon="3.0693161487579346">
				<ele>92.41</ele>
				<time>2024-05-24T08:45:51</time>
			</trkpt>
			<trkpt lat="48.92738708294928" lon="3.0701959133148193">
				<ele>93.05</ele>
				<time>2024-05-24T08:46:00</time>
			</trkpt>
			<trkpt lat="48.927494371309876" lon="3.0708181858062744">
				<ele>94.14</ele>
				<time>2024-05-24T08:46:06</time>
			</trkpt>
			<trkpt lat="48.92756947316229" lon="3.0713438987731934">
				<ele>95.56</ele>
				<time>2024-05-24T08:46:11</time>
			</trkpt>
			<trkpt lat="48.92758011817932" lon="3.071655035018921">
				<ele>97.15</ele>
				<time>2024-05-24T08:46:14</time>
			</trkpt>
			<trkpt lat="48.927494287490845" lon="3.0724596977233887">
				<ele>98.87</ele>
				<time>2024-05-24T08:46:21</time>
			</trkpt>
			<trkpt lat="48.927483558654785" lon="3.0728673934936523">
				<ele>101.05</ele>
				<time>2024-05-24T08:46:25</time>
			</trkpt>
			<trkpt lat="48.927494287490845" lon="3.0730926990509033">
				<ele>103.18</ele>
				<time>2024-05-24T08:46:27</time>
			</trkpt>
			<trkpt lat="48.92744064331055" lon="3.073521852493286">
				<ele>105.53</ele>
				<time>2024-05-24T08:46:31</time>
			</trkpt>
			<trkpt lat="48.927483558654785" lon="3.0739939212799072">
				<ele>107.99</ele>
				<time>2024-05-24T08:46:36</time>
			</trkpt>
			<trkpt lat="48.927451372146606" lon="3.0753886699676514">
				<ele>110.65</ele>
				<time>2024-05-24T08:46:49</time>
			</trkpt>
			<trkpt lat="48.92739772796631" lon="3.076118230819702">
				<ele>113.08</ele>
				<time>2024-05-24T08:46:56</time>
			</trkpt>
			<trkpt lat="48.927258253097534" lon="3.0775022506713867">
				<ele>115.52</ele>
				<time>2024-05-24T08:47:09</time>
			</trkpt>
			<trkpt lat="48.92685055732727" lon="3.0807530879974365">
				<ele>117.93</ele>
				<time>2024-05-24T08:47:40</time>
			</trkpt>
			<trkpt lat="48.92664670944214" lon="3.0825769901275635">
				<ele>120.16</ele>
				<time>2024-05-24T08:47:57</time>
			</trkpt>
			<trkpt lat="48.92663598060608" lon="3.0828559398651123">
				<ele>121.61</ele>
				<time>2024-05-24T08:48:00</time>
			</trkpt>
			<trkpt lat="48.92667889595032" lon="3.0832958221435547">
				<ele>122.75</ele>
				<time>2024-05-24T08:48:04</time>
			</trkpt>
			<trkpt lat="48.92667897976935" lon="3.0832958221435547">
				<ele>123.3</ele>
				<time>2024-05-24T08:48:04</time>
			</trkpt>
			<trkpt lat="48.92685055732727" lon="3.083961009979248">
				<ele>123.49</ele>
				<time>2024-05-24T08:48:11</time>
			</trkpt>
			<trkpt lat="48.926957845687866" lon="3.084615468978882">
				<ele>123.35</ele>
				<time>2024-05-24T08:48:17</time>
			</trkpt>
			<trkpt lat="48.927000761032104" lon="3.0853450298309326">
				<ele>123.01</ele>
				<time>2024-05-24T08:48:24</time>
			</trkpt>
			<trkpt lat="48.92688274383545" lon="3.0860209465026855">
				<ele>121.87</ele>
				<time>2024-05-24T08:48:31</time>
			</trkpt>
			<trkpt lat="48.92652869224548" lon="3.0876731872558594">
				<ele>119.41</ele>
				<time>2024-05-24T08:48:47</time>
			</trkpt>
			<trkpt lat="48.9265501499176" lon="3.0881667137145996">
				<ele>118.14</ele>
				<time>2024-05-24T08:48:52</time>
			</trkpt>
			<trkpt lat="48.92679691314697" lon="3.090076446533203">
				<ele>116.67</ele>
				<time>2024-05-24T08:49:10</time>
			</trkpt>
			<trkpt lat="48.92685055732727" lon="3.090451955795288">
				<ele>116.02</ele>
				<time>2024-05-24T08:49:14</time>
			</trkpt>
			<trkpt lat="48.92692565917969" lon="3.0906879901885986">
				<ele>115.68</ele>
				<time>2024-05-24T08:49:16</time>
			</trkpt>
			<trkpt lat="48.92692574299872" lon="3.0906879901885986">
				<ele>115.59</ele>
				<time>2024-05-24T08:49:16</time>
			</trkpt>
			<trkpt lat="48.92699011601508" lon="3.0908703804016113">
				<ele>116.01</ele>
				<time>2024-05-24T08:49:18</time>
			</trkpt>
			<trkpt lat="48.92706513404846" lon="3.0911171436309814">
				<ele>116.93</ele>
				<time>2024-05-24T08:49:21</time>
			</trkpt>
			<trkpt lat="48.927065217867494" lon="3.0911171436309814">
				<ele>118.06</ele>
				<time>2024-05-24T08:49:21</time>
			</trkpt>
			<trkpt lat="48.927204608917236" lon="3.0915677547454834">
				<ele>120.08</ele>
				<time>2024-05-24T08:49:25</time>
			</trkpt>
			<trkpt lat="48.927258253097534" lon="3.0918467044830322">
				<ele>122.15</ele>
				<time>2024-05-24T08:49:28</time>
			</trkpt>
			<trkpt lat="48.92733335494995" lon="3.0924582481384277">
				<ele>124.62</ele>
				<time>2024-05-24T08:49:34</time>
			</trkpt>
			<trkpt lat="48.92734408378601" lon="3.0927693843841553">
				<ele>127.01</ele>
				<time>2024-05-24T08:49:37</time>
			</trkpt>
			<trkpt lat="48.92736554145813" lon="3.093552589416504">
				<ele>130.06</ele>
				<time>2024-05-24T08:49:44</time>
			</trkpt>
			<trkpt lat="48.92740845680237" lon="3.0938637256622314">
				<ele>132.64</ele>
				<time>2024-05-24T08:49:47</time>
			</trkpt>
			<trkpt lat="48.927505016326904" lon="3.0941641330718994">
				<ele>135.12</ele>
				<time>2024-05-24T08:49:50</time>
			</trkpt>
			<trkpt lat="48.92784833908081" lon="3.094968795776367">
				<ele>137.62</ele>
				<time>2024-05-24T08:49:59</time>
			</trkpt>
			<trkpt lat="48.92788052558899" lon="3.095301389694214">
				<ele>139.74</ele>
				<time>2024-05-24T08:50:02</time>
			</trkpt>
			<trkpt lat="48.92789125442505" lon="3.0957412719726562">
				<ele>141.7</ele>
				<time>2024-05-24T08:50:07</time>
			</trkpt>
			<trkpt lat="48.92788052558899" lon="3.096191883087158">
				<ele>143.43</ele>
				<time>2024-05-24T08:50:11</time>
			</trkpt>
			<trkpt lat="48.92790198326111" lon="3.09664249420166">
				<ele>144.75</ele>
				<time>2024-05-24T08:50:15</time>
			</trkpt>
			<trkpt lat="48.927987813949585" lon="3.0970823764801025">
				<ele>145.77</ele>
				<time>2024-05-24T08:50:19</time>
			</trkpt>
			<trkpt lat="48.92819166183472" lon="3.097940683364868">
				<ele>146.63</ele>
				<time>2024-05-24T08:50:28</time>
			</trkpt>
			<trkpt lat="48.92819174565375" lon="3.097940683364868">
				<ele>147.25</ele>
				<time>2024-05-24T08:50:28</time>
			</trkpt>
			<trkpt lat="48.92822393216193" lon="3.098047971725464">
				<ele>147.68</ele>
				<time>2024-05-24T08:50:29</time>
			</trkpt>
			<trkpt lat="48.92834186553955" lon="3.098541498184204">
				<ele>147.9</ele>
				<time>2024-05-24T08:50:34</time>
			</trkpt>
			<trkpt lat="48.92858862876892" lon="3.099796772003174">
				<ele>148.05</ele>
				<time>2024-05-24T08:50:46</time>
			</trkpt>
			<trkpt lat="48.928738832473755" lon="3.100966215133667">
				<ele>148.41</ele>
				<time>2024-05-24T08:50:57</time>
			</trkpt>
			<trkpt lat="48.92886757850647" lon="3.1019747257232666">
				<ele>148.35</ele>
				<time>2024-05-24T08:51:07</time>
			</trkpt>
			<trkpt lat="48.9289213065058" lon="3.102993965148926">
				<ele>148.32</ele>
				<time>2024-05-24T08:51:17</time>
			</trkpt>
			<trkpt lat="48.92903923988342" lon="3.104807138442993">
				<ele>148.28</ele>
				<time>2024-05-24T08:51:34</time>
			</trkpt>
			<trkpt lat="48.92908215522766" lon="3.10513973236084">
				<ele>147.78</ele>
				<time>2024-05-24T08:51:37</time>
			</trkpt>
			<trkpt lat="48.92932891845703" lon="3.1066739559173584">
				<ele>146.99</ele>
				<time>2024-05-24T08:51:52</time>
			</trkpt>
			<trkpt lat="48.92937183380127" lon="3.1073176860809326">
				<ele>146.5</ele>
				<time>2024-05-24T08:51:58</time>
			</trkpt>
			<trkpt lat="48.92938256263733" lon="3.108004331588745">
				<ele>146.07</ele>
				<time>2024-05-24T08:52:04</time>
			</trkpt>
			<trkpt lat="48.92937183380127" lon="3.1087446212768555">
				<ele>145.45</ele>
				<time>2024-05-24T08:52:11</time>
			</trkpt>
			<trkpt lat="48.92918944358826" lon="3.1111693382263184">
				<ele>144.98</ele>
				<time>2024-05-24T08:52:34</time>
			</trkpt>
			<trkpt lat="48.929092548787594" lon="3.1120672915130854">
				<ele>143.29</ele>
				<time>2024-05-24T08:52:43</time>
			</trkpt>
			<trkpt lat="48.92909280024469" lon="3.1120651960372925">
				<ele>143.29</ele>
				<time>2024-05-24T08:52:43</time>
			</trkpt>
			<trkpt lat="48.9290714263916" lon="3.1122636795043945">
				<ele>143.4</ele>
				<time>2024-05-24T08:52:45</time>
			</trkpt>
			<trkpt lat="48.92913579940796" lon="3.1132185459136963">
				<ele>143.24</ele>
				<time>2024-05-24T08:52:54</time>
			</trkpt>
			<trkpt lat="48.92908215522766" lon="3.1136155128479004">
				<ele>143.52</ele>
				<time>2024-05-24T08:52:58</time>
			</trkpt>
			<trkpt lat="48.92884620465338" lon="3.114570379257202">
				<ele>144.17</ele>
				<time>2024-05-24T08:53:07</time>
			</trkpt>
			<trkpt lat="48.928502881899476" lon="3.115997314453125">
				<ele>144.68</ele>
				<time>2024-05-24T08:53:21</time>
			</trkpt>
			<trkpt lat="48.928256034851074" lon="3.1170058250427246">
				<ele>145.29</ele>
				<time>2024-05-24T08:53:32</time>
			</trkpt>
			<trkpt lat="48.92819166183472" lon="3.117467164993286">
				<ele>146.07</ele>
				<time>2024-05-24T08:53:36</time>
			</trkpt>
			<trkpt lat="48.928213119506836" lon="3.117842674255371">
				<ele>146.82</ele>
				<time>2024-05-24T08:53:39</time>
			</trkpt>
			<trkpt lat="48.928513526916504" lon="3.119215965270996">
				<ele>148.08</ele>
				<time>2024-05-24T08:53:53</time>
			</trkpt>
			<trkpt lat="48.92855644226074" lon="3.1195807456970215">
				<ele>149.06</ele>
				<time>2024-05-24T08:53:57</time>
			</trkpt>
			<trkpt lat="48.92853498458862" lon="3.120192289352417">
				<ele>149.68</ele>
				<time>2024-05-24T08:54:02</time>
			</trkpt>
			<trkpt lat="48.928470611572266" lon="3.1209218502044678">
				<ele>150.45</ele>
				<time>2024-05-24T08:54:09</time>
			</trkpt>
			<trkpt lat="48.9283634070307" lon="3.121490478515625">
				<ele>150.82</ele>
				<time>2024-05-24T08:54:15</time>
			</trkpt>
			<trkpt lat="48.92812728881836" lon="3.1226277351379395">
				<ele>151.41</ele>
				<time>2024-05-24T08:54:26</time>
			</trkpt>
			<trkpt lat="48.92804145812988" lon="3.123260736465454">
				<ele>151.63</ele>
				<time>2024-05-24T08:54:32</time>
			</trkpt>
			<trkpt lat="48.92797716893256" lon="3.12410831451416">
				<ele>151.38</ele>
				<time>2024-05-24T08:54:40</time>
			</trkpt>
			<trkpt lat="48.9279664400965" lon="3.1243550777435303">
				<ele>151.19</ele>
				<time>2024-05-24T08:54:42</time>
			</trkpt>
			<trkpt lat="48.92793425358832" lon="3.1243979930877686">
				<ele>151.02</ele>
				<time>2024-05-24T08:54:43</time>
			</trkpt>
			<trkpt lat="48.92793416976929" lon="3.124462366104126">
				<ele>150.71</ele>
				<time>2024-05-24T08:54:44</time>
			</trkpt>
			<trkpt lat="48.927955627441406" lon="3.1245267391204834">
				<ele>150.28</ele>
				<time>2024-05-24T08:54:44</time>
			</trkpt>
			<trkpt lat="48.928009271621704" lon="3.124537467956543">
				<ele>149.71</ele>
				<time>2024-05-24T08:54:45</time>
			</trkpt>
			<trkpt lat="48.92804145812988" lon="3.1245052814483643">
				<ele>148.91</ele>
				<time>2024-05-24T08:54:46</time>
			</trkpt>
			<trkpt lat="48.928470611572266" lon="3.125181198120117">
				<ele>147.58</ele>
				<time>2024-05-24T08:54:54</time>
			</trkpt>
			<trkpt lat="48.92894268035889" lon="3.125814199447632">
				<ele>145.73</ele>
				<time>2024-05-24T08:55:03</time>
			</trkpt>
			<trkpt lat="48.92890957184136" lon="3.125903382897377">
				<ele>142.19</ele>
				<time>2024-05-24T08:55:04</time>
			</trkpt>
			<trkpt lat="48.92890957184136" lon="3.1259035505354404">
				<ele>142.18</ele>
				<time>2024-05-24T08:55:04</time>
			</trkpt>
			<trkpt lat="48.92840623855591" lon="3.127262592315674">
				<ele>141.54</ele>
				<time>2024-05-24T08:55:19</time>
			</trkpt>
			<trkpt lat="48.92837413586676" lon="3.127412796020508">
				<ele>141.34</ele>
				<time>2024-05-24T08:55:21</time>
			</trkpt>
			<trkpt lat="48.92815947532654" lon="3.127659559249878">
				<ele>141.3</ele>
				<time>2024-05-24T08:55:24</time>
			</trkpt>
			<trkpt lat="48.92810583114624" lon="3.1277239322662354">
				<ele>141.44</ele>
				<time>2024-05-24T08:55:25</time>
			</trkpt>
			<trkpt lat="48.928062915802" lon="3.1278204917907715">
				<ele>141.67</ele>
				<time>2024-05-24T08:55:26</time>
			</trkpt>
			<trkpt lat="48.92783761024475" lon="3.1286251544952393">
				<ele>141.95</ele>
				<time>2024-05-24T08:55:35</time>
			</trkpt>
			<trkpt lat="48.92783769406378" lon="3.1286251544952393">
				<ele>142.2</ele>
				<time>2024-05-24T08:55:35</time>
			</trkpt>
			<trkpt lat="48.92763384617865" lon="3.129301071166992">
				<ele>142.55</ele>
				<time>2024-05-24T08:55:42</time>
			</trkpt>
			<trkpt lat="48.92758011817932" lon="3.129429817199707">
				<ele>142.81</ele>
				<time>2024-05-24T08:55:43</time>
			</trkpt>
			<trkpt lat="48.92758020199835" lon="3.129429817199707">
				<ele>143.08</ele>
				<time>2024-05-24T08:55:43</time>
			</trkpt>
			<trkpt lat="48.927268981933594" lon="3.1301164627075195">
				<ele>143.64</ele>
				<time>2024-05-24T08:55:51</time>
			</trkpt>
			<trkpt lat="48.927236795425415" lon="3.130159378051758">
				<ele>143.96</ele>
				<time>2024-05-24T08:55:52</time>
			</trkpt>
			<trkpt lat="48.927215337753296" lon="3.130331039428711">
				<ele>144.24</ele>
				<time>2024-05-24T08:55:53</time>
			</trkpt>
			<trkpt lat="48.92711877822876" lon="3.130953311920166">
				<ele>144.38</ele>
				<time>2024-05-24T08:55:59</time>
			</trkpt>
			<trkpt lat="48.926314199343324" lon="3.1306636333465576">
				<ele>144.85</ele>
				<time>2024-05-24T08:56:11</time>
			</trkpt>
			<trkpt lat="48.926056707277894" lon="3.130556344985962">
				<ele>145.19</ele>
				<time>2024-05-24T08:56:15</time>
			</trkpt>
			<trkpt lat="48.92589569091797" lon="3.132154941558838">
				<ele>145.25</ele>
				<time>2024-05-24T08:56:30</time>
			</trkpt>
			<trkpt lat="48.92580986022949" lon="3.1327450275421143">
				<ele>145.63</ele>
				<time>2024-05-24T08:56:36</time>
			</trkpt>
			<trkpt lat="48.925809944048524" lon="3.1327450275421143">
				<ele>146.11</ele>
				<time>2024-05-24T08:56:36</time>
			</trkpt>
			<trkpt lat="48.92569184303284" lon="3.1335389614105225">
				<ele>147.15</ele>
				<time>2024-05-24T08:56:43</time>
			</trkpt>
			<trkpt lat="48.92457604408264" lon="3.134375810623169">
				<ele>148.04</ele>
				<time>2024-05-24T08:57:01</time>
			</trkpt>
			<trkpt lat="48.92355680465698" lon="3.1351053714752197">
				<ele>148.29</ele>
				<time>2024-05-24T08:57:17</time>
			</trkpt>
			<trkpt lat="48.92329931259155" lon="3.1354057788848877">
				<ele>148.79</ele>
				<time>2024-05-24T08:57:22</time>
			</trkpt>
			<trkpt lat="48.923299396410584" lon="3.1354057788848877">
				<ele>149.3</ele>
				<time>2024-05-24T08:57:22</time>
			</trkpt>
			<trkpt lat="48.922011852264404" lon="3.1368327140808105">
				<ele>149.86</ele>
				<time>2024-05-24T08:57:45</time>
			</trkpt>
			<trkpt lat="48.922011936083436" lon="3.1368327140808105">
				<ele>150.42</ele>
				<time>2024-05-24T08:57:45</time>
			</trkpt>
			<trkpt lat="48.92192602157593" lon="3.1369292736053467">
				<ele>151.09</ele>
				<time>2024-05-24T08:57:46</time>
			</trkpt>
			<trkpt lat="48.92130374908447" lon="3.1377124786376953">
				<ele>151.97</ele>
				<time>2024-05-24T08:57:58</time>
			</trkpt>
			<trkpt lat="48.9206600189209" lon="3.1383776664733887">
				<ele>152.52</ele>
				<time>2024-05-24T08:58:09</time>
			</trkpt>
			<trkpt lat="48.919962644577026" lon="3.1391823291778564">
				<ele>152.47</ele>
				<time>2024-05-24T08:58:21</time>
			</trkpt>
			<trkpt lat="48.919791067019105" lon="3.139472007751465">
				<ele>152.3</ele>
				<time>2024-05-24T08:58:25</time>
			</trkpt>
			<trkpt lat="48.91974815167487" lon="3.1394290924072266">
				<ele>152.34</ele>
				<time>2024-05-24T08:58:26</time>
			</trkpt>
			<trkpt lat="48.91957640647888" lon="3.13984751701355">
				<ele>152.4</ele>
				<time>2024-05-24T08:58:30</time>
			</trkpt>
			<trkpt lat="48.91906142234802" lon="3.141413927078247">
				<ele>152.25</ele>
				<time>2024-05-24T08:58:47</time>
			</trkpt>
			<trkpt lat="48.91881004907191" lon="3.1423126347362995">
				<ele>152.22</ele>
				<time>2024-05-24T08:58:56</time>
			</trkpt>
			<trkpt lat="48.9188105519861" lon="3.142311042174697">
				<ele>152.22</ele>
				<time>2024-05-24T08:58:56</time>
			</trkpt>
			<trkpt lat="48.91870737075806" lon="3.1426799297332764">
				<ele>151.85</ele>
				<time>2024-05-24T08:59:00</time>
			</trkpt>
			<trkpt lat="48.91872891224921" lon="3.1427013874053955">
				<ele>151.41</ele>
				<time>2024-05-24T08:59:00</time>
			</trkpt>
			<trkpt lat="48.91861081123352" lon="3.143109083175659">
				<ele>150.64</ele>
				<time>2024-05-24T08:59:04</time>
			</trkpt>
			<trkpt lat="48.9185357093811" lon="3.1432700157165527">
				<ele>149.93</ele>
				<time>2024-05-24T08:59:06</time>
			</trkpt>
			<trkpt lat="48.91840696334839" lon="3.143559694290161">
				<ele>149.09</ele>
				<time>2024-05-24T08:59:09</time>
			</trkpt>
			<trkpt lat="48.91835340298712" lon="3.1436455249786377">
				<ele>148.16</ele>
				<time>2024-05-24T08:59:11</time>
			</trkpt>
			<trkpt lat="48.91819247044623" lon="3.143913745880127">
				<ele>147.06</ele>
				<time>2024-05-24T08:59:14</time>
			</trkpt>
			<trkpt lat="48.916969299316406" lon="3.146005868911743">
				<ele>145.17</ele>
				<time>2024-05-24T08:59:40</time>
			</trkpt>
			<trkpt lat="48.91696938313544" lon="3.146005868911743">
				<ele>144.12</ele>
				<time>2024-05-24T08:59:40</time>
			</trkpt>
			<trkpt lat="48.91692638397217" lon="3.14608097076416">
				<ele>143.25</ele>
				<time>2024-05-24T08:59:41</time>
			</trkpt>
			<trkpt lat="48.91688346862793" lon="3.1461453437805176">
				<ele>142.56</ele>
				<time>2024-05-24T08:59:42</time>
			</trkpt>
			<trkpt lat="48.91671180725098" lon="3.1464242935180664">
				<ele>141.98</ele>
				<time>2024-05-24T08:59:46</time>
			</trkpt>
			<trkpt lat="48.916518688201904" lon="3.1466710567474365">
				<ele>141.43</ele>
				<time>2024-05-24T08:59:49</time>
			</trkpt>
			<trkpt lat="48.916025161743164" lon="3.1470143795013428">
				<ele>141.19</ele>
				<time>2024-05-24T08:59:57</time>
			</trkpt>
			<trkpt lat="48.91595005989075" lon="3.147035837173462">
				<ele>141.03</ele>
				<time>2024-05-24T08:59:58</time>
			</trkpt>
			<trkpt lat="48.91595014370978" lon="3.147035837173462">
				<ele>140.93</ele>
				<time>2024-05-24T08:59:58</time>
			</trkpt>
			<trkpt lat="48.91393303871155" lon="3.148162364959717">
				<ele>140.01</ele>
				<time>2024-05-24T09:00:29</time>
			</trkpt>
			<trkpt lat="48.914029598236084" lon="3.147153854370117">
				<ele>141.12</ele>
				<time>2024-05-24T09:00:38</time>
			</trkpt>
			<trkpt lat="48.91406178474426" lon="3.146660327911377">
				<ele>141.64</ele>
				<time>2024-05-24T09:00:43</time>
			</trkpt>
			<trkpt lat="48.914040327072144" lon="3.146381378173828">
				<ele>141.98</ele>
				<time>2024-05-24T09:00:46</time>
			</trkpt>
			<trkpt lat="48.914018869400024" lon="3.14608097076416">
				<ele>142.07</ele>
				<time>2024-05-24T09:00:49</time>
			</trkpt>
			<trkpt lat="48.91321420669556" lon="3.146435022354126">
				<ele>141.96</ele>
				<time>2024-05-24T09:01:01</time>
			</trkpt>
			<trkpt lat="48.91289234161377" lon="3.1465208530426025">
				<ele>141.53</ele>
				<time>2024-05-24T09:01:05</time>
			</trkpt>
			<trkpt lat="48.91263484954834" lon="3.1464993953704834">
				<ele>141.08</ele>
				<time>2024-05-24T09:01:09</time>
			</trkpt>
			<trkpt lat="48.90958786010742" lon="3.1462204456329346">
				<ele>140.45</ele>
				<time>2024-05-24T09:01:53</time>
			</trkpt>
			<trkpt lat="48.9085150603205" lon="3.1458771228790283">
				<ele>139.83</ele>
				<time>2024-05-24T09:02:08</time>
			</trkpt>
			<trkpt lat="48.90846133232117" lon="3.1458663940429688">
				<ele>139.58</ele>
				<time>2024-05-24T09:02:09</time>
			</trkpt>
			<trkpt lat="48.908435851335526" lon="3.1458472833037376">
				<ele>138.6</ele>
				<time>2024-05-24T09:02:09</time>
			</trkpt>
			<trkpt lat="48.9084355160594" lon="3.1458470318466425">
				<ele>138.59</ele>
				<time>2024-05-24T09:02:09</time>
			</trkpt>
			<trkpt lat="48.908332670107484" lon="3.1457698345184326">
				<ele>138.43</ele>
				<time>2024-05-24T09:02:11</time>
			</trkpt>
			<trkpt lat="48.9081609249115" lon="3.1456196308135986">
				<ele>138.26</ele>
				<time>2024-05-24T09:02:14</time>
			</trkpt>
			<trkpt lat="48.90747427940369" lon="3.144857883453369">
				<ele>138.08</ele>
				<time>2024-05-24T09:02:26</time>
			</trkpt>
			<trkpt lat="48.90732407569885" lon="3.1448256969451904">
				<ele>137.67</ele>
				<time>2024-05-24T09:02:28</time>
			</trkpt>
			<trkpt lat="48.90721678733826" lon="3.144857883453369">
				<ele>137.06</ele>
				<time>2024-05-24T09:02:30</time>
			</trkpt>
			<trkpt lat="48.90681982040405" lon="3.145136833190918">
				<ele>135.9</ele>
				<time>2024-05-24T09:02:36</time>
			</trkpt>
			<trkpt lat="48.906519412994385" lon="3.145287036895752">
				<ele>134.95</ele>
				<time>2024-05-24T09:02:41</time>
			</trkpt>
			<trkpt lat="48.90611171722412" lon="3.1453943252563477">
				<ele>134.33</ele>
				<time>2024-05-24T09:02:46</time>
			</trkpt>
			<trkpt lat="48.905982971191406" lon="3.145383596420288">
				<ele>134.06</ele>
				<time>2024-05-24T09:02:48</time>
			</trkpt>
			<trkpt lat="48.90584349632263" lon="3.1452977657318115">
				<ele>134.0</ele>
				<time>2024-05-24T09:02:50</time>
			</trkpt>
			<trkpt lat="48.905822122469544" lon="3.145265579223633">
				<ele>134.23</ele>
				<time>2024-05-24T09:02:51</time>
			</trkpt>
			<trkpt lat="48.90582203865051" lon="3.145265579223633">
				<ele>134.7</ele>
				<time>2024-05-24T09:02:51</time>
			</trkpt>
			<trkpt lat="48.90565037727356" lon="3.144986629486084">
				<ele>135.3</ele>
				<time>2024-05-24T09:02:54</time>
			</trkpt>
			<trkpt lat="48.90514612197876" lon="3.144063949584961">
				<ele>136.58</ele>
				<time>2024-05-24T09:03:06</time>
			</trkpt>
			<trkpt lat="48.90440583229065" lon="3.143012523651123">
				<ele>138.22</ele>
				<time>2024-05-24T09:03:20</time>
			</trkpt>
			<trkpt lat="48.90395522117615" lon="3.14233660697937">
				<ele>139.57</ele>
				<time>2024-05-24T09:03:29</time>
			</trkpt>
			<trkpt lat="48.90383720397949" lon="3.142261505126953">
				<ele>140.6</ele>
				<time>2024-05-24T09:03:31</time>
			</trkpt>
			<trkpt lat="48.90364408493042" lon="3.142261505126953">
				<ele>141.54</ele>
				<time>2024-05-24T09:03:34</time>
			</trkpt>
			<trkpt lat="48.90344023704529" lon="3.1423044204711914">
				<ele>142.4</ele>
				<time>2024-05-24T09:03:37</time>
			</trkpt>
			<trkpt lat="48.903300762176514" lon="3.1422829627990723">
				<ele>143.25</ele>
				<time>2024-05-24T09:03:39</time>
			</trkpt>
			<trkpt lat="48.90318282879889" lon="3.1421542167663574">
				<ele>144.05</ele>
				<time>2024-05-24T09:03:41</time>
			</trkpt>
			<trkpt lat="48.90290379524231" lon="3.141360282897949">
				<ele>144.86</ele>
				<time>2024-05-24T09:03:49</time>
			</trkpt>
			<trkpt lat="48.90285023488104" lon="3.14133882522583">
				<ele>145.59</ele>
				<time>2024-05-24T09:03:50</time>
			</trkpt>
			<trkpt lat="48.90282869338989" lon="3.14133882522583">
				<ele>146.32</ele>
				<time>2024-05-24T09:03:50</time>
			</trkpt>
			<trkpt lat="48.90209913253784" lon="3.14208984375">
				<ele>147.22</ele>
				<time>2024-05-24T09:04:03</time>
			</trkpt>
			<trkpt lat="48.901509046554565" lon="3.1425833702087402">
				<ele>148.32</ele>
				<time>2024-05-24T09:04:13</time>
			</trkpt>
			<trkpt lat="48.900597179308534" lon="3.143237829208374">
				<ele>148.96</ele>
				<time>2024-05-24T09:04:27</time>
			</trkpt>
			<trkpt lat="48.900318229570985" lon="3.1434309482574463">
				<ele>149.91</ele>
				<time>2024-05-24T09:04:31</time>
			</trkpt>
			<trkpt lat="48.899288177490234" lon="3.144181966781616">
				<ele>151.16</ele>
				<time>2024-05-24T09:04:48</time>
			</trkpt>
			<trkpt lat="48.89865517616272" lon="3.1447935104370117">
				<ele>151.9</ele>
				<time>2024-05-24T09:04:59</time>
			</trkpt>
			<trkpt lat="48.89743217267096" lon="3.1458771228790283">
				<ele>152.78</ele>
				<time>2024-05-24T09:05:19</time>
			</trkpt>
			<trkpt lat="48.89719605445862" lon="3.1461453437805176">
				<ele>153.41</ele>
				<time>2024-05-24T09:05:23</time>
			</trkpt>
			<trkpt lat="48.897002935409546" lon="3.1464672088623047">
				<ele>154.06</ele>
				<time>2024-05-24T09:05:27</time>
			</trkpt>
			<trkpt lat="48.896809816360474" lon="3.1469929218292236">
				<ele>154.63</ele>
				<time>2024-05-24T09:05:33</time>
			</trkpt>
			<trkpt lat="48.896305561065674" lon="3.14882755279541">
				<ele>154.81</ele>
				<time>2024-05-24T09:05:51</time>
			</trkpt>
			<trkpt lat="48.8961660861969" lon="3.1492137908935547">
				<ele>155.09</ele>
				<time>2024-05-24T09:05:56</time>
			</trkpt>
			<trkpt lat="48.89572620391846" lon="3.1502437591552734">
				<ele>155.12</ele>
				<time>2024-05-24T09:06:07</time>
			</trkpt>
			<trkpt lat="48.895533084869385" lon="3.150973320007324">
				<ele>154.93</ele>
				<time>2024-05-24T09:06:14</time>
			</trkpt>
			<trkpt lat="48.89518976211548" lon="3.1524860858917236">
				<ele>154.74</ele>
				<time>2024-05-24T09:06:30</time>
			</trkpt>
			<trkpt lat="48.894996643066406" lon="3.1534087657928467">
				<ele>154.38</ele>
				<time>2024-05-24T09:06:39</time>
			</trkpt>
			<trkpt lat="48.89472842216492" lon="3.155103921890259">
				<ele>153.67</ele>
				<time>2024-05-24T09:06:55</time>
			</trkpt>
			<trkpt lat="48.89439582824707" lon="3.1572604179382324">
				<ele>152.68</ele>
				<time>2024-05-24T09:07:16</time>
			</trkpt>
			<trkpt lat="48.894256353378296" lon="3.1580328941345215">
				<ele>152.13</ele>
				<time>2024-05-24T09:07:23</time>
			</trkpt>
			<trkpt lat="48.89391303062439" lon="3.1595349311828613">
				<ele>151.6</ele>
				<time>2024-05-24T09:07:38</time>
			</trkpt>
			<trkpt lat="48.89389157295227" lon="3.159738779067993">
				<ele>151.0</ele>
				<time>2024-05-24T09:07:40</time>
			</trkpt>
			<trkpt lat="48.89381672255695" lon="3.1598456483334303">
				<ele>150.0</ele>
				<time>2024-05-24T09:07:42</time>
			</trkpt>
			<trkpt lat="48.89381647109985" lon="3.159846067428589">
				<ele>150.0</ele>
				<time>2024-05-24T09:07:42</time>
			</trkpt>
			<trkpt lat="48.89347314834595" lon="3.1616055965423584">
				<ele>150.83</ele>
				<time>2024-05-24T09:07:59</time>
			</trkpt>
			<trkpt lat="48.89321565628052" lon="3.1632792949676514">
				<ele>151.27</ele>
				<time>2024-05-24T09:08:15</time>
			</trkpt>
			<trkpt lat="48.89316201210022" lon="3.1639230251312256">
				<ele>152.37</ele>
				<time>2024-05-24T09:08:21</time>
			</trkpt>
			<trkpt lat="48.89317274093628" lon="3.1644058227539062">
				<ele>152.89</ele>
				<time>2024-05-24T09:08:26</time>
			</trkpt>
			<trkpt lat="48.89411696232855" lon="3.1644272804260254">
				<ele>152.88</ele>
				<time>2024-05-24T09:08:39</time>
			</trkpt>
			<trkpt lat="48.89347314834595" lon="3.166680335998535">
				<ele>155.01</ele>
				<time>2024-05-24T09:09:02</time>
			</trkpt>
			<trkpt lat="48.89419198036194" lon="3.1670451164245605">
				<ele>154.27</ele>
				<time>2024-05-24T09:09:13</time>
			</trkpt>
			<trkpt lat="48.895104015246034" lon="3.167431354522705">
				<ele>152.94</ele>
				<time>2024-05-24T09:09:27</time>
			</trkpt>
			<trkpt lat="48.896337831392884" lon="3.1679463386535645">
				<ele>149.7</ele>
				<time>2024-05-24T09:09:45</time>
			</trkpt>
			<trkpt lat="48.89682054519653" lon="3.168160915374756">
				<ele>147.11</ele>
				<time>2024-05-24T09:09:52</time>
			</trkpt>
			<trkpt lat="48.896820629015565" lon="3.168160915374756">
				<ele>146.02</ele>
				<time>2024-05-24T09:09:52</time>
			</trkpt>
			<trkpt lat="48.89817246235907" lon="3.1687402725219727">
				<ele>138.74</ele>
				<time>2024-05-24T09:10:12</time>
			</trkpt>
			<trkpt lat="48.900543451309204" lon="3.169780969619751">
				<ele>131.35</ele>
				<time>2024-05-24T09:10:48</time>
			</trkpt>
			<trkpt lat="48.90084385871887" lon="3.170027732849121">
				<ele>130.52</ele>
				<time>2024-05-24T09:10:52</time>
			</trkpt>
			<trkpt lat="48.90114426612854" lon="3.1703174114227295">
				<ele>129.7</ele>
				<time>2024-05-24T09:10:58</time>
			</trkpt>
			<trkpt lat="48.90184164047241" lon="3.171100616455078">
				<ele>129.77</ele>
				<time>2024-05-24T09:11:10</time>
			</trkpt>
			<trkpt lat="48.902742862701416" lon="3.1720125675201416">
				<ele>122.98</ele>
				<time>2024-05-24T09:11:25</time>
			</trkpt>
			<trkpt lat="48.90321493148804" lon="3.1725382804870605">
				<ele>117.72</ele>
				<time>2024-05-24T09:11:34</time>
			</trkpt>
			<trkpt lat="48.903515338897705" lon="3.172956705093384">
				<ele>114.47</ele>
				<time>2024-05-24T09:11:40</time>
			</trkpt>
			<trkpt lat="48.903762102127075" lon="3.1734073162078857">
				<ele>111.49</ele>
				<time>2024-05-24T09:11:45</time>
			</trkpt>
			<trkpt lat="48.90414842404425" lon="3.174448013305664">
				<ele>104.31</ele>
				<time>2024-05-24T09:11:56</time>
			</trkpt>
			<trkpt lat="48.905218709260225" lon="3.1773146241903305">
				<ele>92.26</ele>
				<time>2024-05-24T09:12:27</time>
			</trkpt>
			<trkpt lat="48.90521686524153" lon="3.177309511229396">
				<ele>92.26</ele>
				<time>2024-05-24T09:12:27</time>
			</trkpt>
			<trkpt lat="48.90521694906056" lon="3.177309511229396">
				<ele>86.57</ele>
				<time>2024-05-24T09:12:27</time>
			</trkpt>
			<trkpt lat="48.90574702061713" lon="3.1787288188934326">
				<ele>84.03</ele>
				<time>2024-05-24T09:12:43</time>
			</trkpt>
			<trkpt lat="48.90585430897772" lon="3.179018497467041">
				<ele>81.82</ele>
				<time>2024-05-24T09:12:46</time>
			</trkpt>
			<trkpt lat="48.90595078468323" lon="3.179265260696411">
				<ele>79.79</ele>
				<time>2024-05-24T09:12:49</time>
			</trkpt>
			<trkpt lat="48.90601524151862" lon="3.179372549057007">
				<ele>77.91</ele>
				<time>2024-05-24T09:12:50</time>
			</trkpt>
			<trkpt lat="48.90708804130554" lon="3.1806492805480957">
				<ele>75.12</ele>
				<time>2024-05-24T09:13:09</time>
			</trkpt>
			<trkpt lat="48.90772104263306" lon="3.1813788414001465">
				<ele>72.3</ele>
				<time>2024-05-24T09:13:21</time>
			</trkpt>
			<trkpt lat="48.907839143648744" lon="3.1814968585968018">
				<ele>70.23</ele>
				<time>2024-05-24T09:13:23</time>
			</trkpt>
			<trkpt lat="48.908021450042725" lon="3.1814754009246826">
				<ele>68.41</ele>
				<time>2024-05-24T09:13:25</time>
			</trkpt>
			<trkpt lat="48.90811800956726" lon="3.1818079948425293">
				<ele>67.17</ele>
				<time>2024-05-24T09:13:29</time>
			</trkpt>
			<trkpt lat="48.90813946723938" lon="3.1821513175964355">
				<ele>66.19</ele>
				<time>2024-05-24T09:13:32</time>
			</trkpt>
			<trkpt lat="48.90812873840332" lon="3.1826233863830566">
				<ele>65.15</ele>
				<time>2024-05-24T09:13:36</time>
			</trkpt>
			<trkpt lat="48.90808582305908" lon="3.1829559803009033">
				<ele>64.38</ele>
				<time>2024-05-24T09:13:40</time>
			</trkpt>
			<trkpt lat="48.90795707702637" lon="3.183234930038452">
				<ele>63.91</ele>
				<time>2024-05-24T09:13:43</time>
			</trkpt>
			<trkpt lat="48.907731771469116" lon="3.183460235595703">
				<ele>63.72</ele>
				<time>2024-05-24T09:13:47</time>
			</trkpt>
			<trkpt lat="48.907527923583984" lon="3.1835997104644775">
				<ele>63.52</ele>
				<time>2024-05-24T09:13:50</time>
			</trkpt>
			<trkpt lat="48.907281160354614" lon="3.1836748123168945">
				<ele>63.39</ele>
				<time>2024-05-24T09:13:53</time>
			</trkpt>
			<trkpt lat="48.906991481781006" lon="3.1837069988250732">
				<ele>63.34</ele>
				<time>2024-05-24T09:13:58</time>
			</trkpt>
			<trkpt lat="48.90663743019104" lon="3.1837069988250732">
				<ele>63.52</ele>
				<time>2024-05-24T09:14:03</time>
			</trkpt>
			<trkpt lat="48.9064980391413" lon="3.183685541152954">
				<ele>63.84</ele>
				<time>2024-05-24T09:14:05</time>
			</trkpt>
			<trkpt lat="48.90645503997803" lon="3.1836748123168945">
				<ele>64.2</ele>
				<time>2024-05-24T09:14:05</time>
			</trkpt>
			<trkpt lat="48.90640139579773" lon="3.18379282951355">
				<ele>64.63</ele>
				<time>2024-05-24T09:14:07</time>
			</trkpt>
			<trkpt lat="48.906337106600404" lon="3.1842434406280518">
				<ele>65.09</ele>
				<time>2024-05-24T09:14:11</time>
			</trkpt>
			<trkpt lat="48.90624054707587" lon="3.1847798824310303">
				<ele>65.83</ele>
				<time>2024-05-24T09:14:16</time>
			</trkpt>
			<trkpt lat="48.90621908940375" lon="3.184962272644043">
				<ele>66.57</ele>
				<time>2024-05-24T09:14:18</time>
			</trkpt>
			<trkpt lat="48.90614398755133" lon="3.185434341430664">
				<ele>67.2</ele>
				<time>2024-05-24T09:14:23</time>
			</trkpt>
			<trkpt lat="48.90595086850226" lon="3.1865501403808594">
				<ele>67.66</ele>
				<time>2024-05-24T09:14:33</time>
			</trkpt>
			<trkpt lat="48.90584349632263" lon="3.187129497528076">
				<ele>68.39</ele>
				<time>2024-05-24T09:14:39</time>
			</trkpt>
			<trkpt lat="48.905543172731996" lon="3.1888246536254883">
				<ele>69.13</ele>
				<time>2024-05-24T09:14:56</time>
			</trkpt>
			<trkpt lat="48.905092561617494" lon="3.1913673877716064">
				<ele>70.63</ele>
				<time>2024-05-24T09:15:20</time>
			</trkpt>
			<trkpt lat="48.90486725606024" lon="3.1927192211151123">
				<ele>71.42</ele>
				<time>2024-05-24T09:15:33</time>
			</trkpt>
			<trkpt lat="48.90484571456909" lon="3.1928372383117676">
				<ele>71.68</ele>
				<time>2024-05-24T09:15:35</time>
			</trkpt>
			<trkpt lat="48.9046311378479" lon="3.1940603256225586">
				<ele>71.58</ele>
				<time>2024-05-24T09:15:46</time>
			</trkpt>
			<trkpt lat="48.90455603599548" lon="3.1943070888519287">
				<ele>71.25</ele>
				<time>2024-05-24T09:15:49</time>
			</trkpt>
			<trkpt lat="48.90443801879883" lon="3.1945323944091797">
				<ele>70.62</ele>
				<time>2024-05-24T09:15:52</time>
			</trkpt>
			<trkpt lat="48.90398749150336" lon="3.195004463195801">
				<ele>69.62</ele>
				<time>2024-05-24T09:16:00</time>
			</trkpt>
			<trkpt lat="48.903783559799194" lon="3.1952083110809326">
				<ele>68.95</ele>
				<time>2024-05-24T09:16:03</time>
			</trkpt>
			<trkpt lat="48.903493881225586" lon="3.1955409049987793">
				<ele>68.34</ele>
				<time>2024-05-24T09:16:08</time>
			</trkpt>
			<trkpt lat="48.90344032086432" lon="3.195744752883911">
				<ele>67.76</ele>
				<time>2024-05-24T09:16:10</time>
			</trkpt>
			<trkpt lat="48.9034188631922" lon="3.195852041244507">
				<ele>67.16</ele>
				<time>2024-05-24T09:16:11</time>
			</trkpt>
			<trkpt lat="48.90336513519287" lon="3.196624517440796">
				<ele>66.56</ele>
				<time>2024-05-24T09:16:19</time>
			</trkpt>
			<trkpt lat="48.90335440635681" lon="3.1968069076538086">
				<ele>65.98</ele>
				<time>2024-05-24T09:16:20</time>
			</trkpt>
			<trkpt lat="48.90326865948737" lon="3.1979548931121826">
				<ele>65.49</ele>
				<time>2024-05-24T09:16:31</time>
			</trkpt>
			<trkpt lat="48.90318282879889" lon="3.198995590209961">
				<ele>64.96</ele>
				<time>2024-05-24T09:16:41</time>
			</trkpt>
			<trkpt lat="48.9031720161438" lon="3.199242353439331">
				<ele>64.32</ele>
				<time>2024-05-24T09:16:43</time>
			</trkpt>
			<trkpt lat="48.90313982963562" lon="3.1993818283081055">
				<ele>63.85</ele>
				<time>2024-05-24T09:16:45</time>
			</trkpt>
			<trkpt lat="48.9030647277832" lon="3.1995534896850586">
				<ele>63.59</ele>
				<time>2024-05-24T09:16:47</time>
			</trkpt>
			<trkpt lat="48.90276440419257" lon="3.200068473815918">
				<ele>63.42</ele>
				<time>2024-05-24T09:16:53</time>
			</trkpt>
			<trkpt lat="48.90267857350409" lon="3.200218677520752">
				<ele>63.45</ele>
				<time>2024-05-24T09:16:55</time>
			</trkpt>
			<trkpt lat="48.90246391296387" lon="3.2005512714385986">
				<ele>63.74</ele>
				<time>2024-05-24T09:16:59</time>
			</trkpt>
			<trkpt lat="48.90241026878357" lon="3.2006800174713135">
				<ele>64.22</ele>
				<time>2024-05-24T09:17:01</time>
			</trkpt>
			<trkpt lat="48.90239953994751" lon="3.20076584815979">
				<ele>64.91</ele>
				<time>2024-05-24T09:17:02</time>
			</trkpt>
			<trkpt lat="48.902302980422974" lon="3.200840950012207">
				<ele>65.94</ele>
				<time>2024-05-24T09:17:03</time>
			</trkpt>
			<trkpt lat="48.9020133856684" lon="3.201366662979126">
				<ele>67.47</ele>
				<time>2024-05-24T09:17:10</time>
			</trkpt>
			<trkpt lat="48.902013301849365" lon="3.201366662979126">
				<ele>69.0</ele>
				<time>2024-05-24T09:17:10</time>
			</trkpt>
			<trkpt lat="48.90090823173523" lon="3.2032763957977295">
				<ele>71.55</ele>
				<time>2024-05-24T09:17:34</time>
			</trkpt>
			<trkpt lat="48.90085467137396" lon="3.2034051418304443">
				<ele>73.33</ele>
				<time>2024-05-24T09:17:35</time>
			</trkpt>
			<trkpt lat="48.90082240104675" lon="3.203608989715576">
				<ele>75.56</ele>
				<time>2024-05-24T09:17:37</time>
			</trkpt>
			<trkpt lat="48.90089750289917" lon="3.2054758071899414">
				<ele>78.6</ele>
				<time>2024-05-24T09:17:55</time>
			</trkpt>
			<trkpt lat="48.90098065137863" lon="3.2074489071965218">
				<ele>93.18</ele>
				<time>2024-05-24T09:18:13</time>
			</trkpt>
			<trkpt lat="48.90098048374057" lon="3.207444380968809">
				<ele>93.19</ele>
				<time>2024-05-24T09:18:13</time>
			</trkpt>
			<trkpt lat="48.90113353729248" lon="3.211076259613037">
				<ele>98.08</ele>
				<time>2024-05-24T09:18:47</time>
			</trkpt>
			<trkpt lat="48.90111207962036" lon="3.211601972579956">
				<ele>102.15</ele>
				<time>2024-05-24T09:18:52</time>
			</trkpt>
			<trkpt lat="48.901037061586976" lon="3.212653398513794">
				<ele>106.41</ele>
				<time>2024-05-24T09:19:02</time>
			</trkpt>
			<trkpt lat="48.901036977767944" lon="3.212653398513794">
				<ele>109.27</ele>
				<time>2024-05-24T09:19:02</time>
			</trkpt>
			<trkpt lat="48.901037061586976" lon="3.2126963138580322">
				<ele>111.9</ele>
				<time>2024-05-24T09:19:03</time>
			</trkpt>
			<trkpt lat="48.901036977767944" lon="3.2126963138580322">
				<ele>114.52</ele>
				<time>2024-05-24T09:19:03</time>
			</trkpt>
			<trkpt lat="48.90096187591553" lon="3.2138335704803467">
				<ele>118.18</ele>
				<time>2024-05-24T09:19:13</time>
			</trkpt>
			<trkpt lat="48.90087604522705" lon="3.2143378257751465">
				<ele>121.63</ele>
				<time>2024-05-24T09:19:18</time>
			</trkpt>
			<trkpt lat="48.900146484375" lon="3.216966390609741">
				<ele>126.48</ele>
				<time>2024-05-24T09:19:45</time>
			</trkpt>
			<trkpt lat="48.90006065368652" lon="3.2172131538391113">
				<ele>128.61</ele>
				<time>2024-05-24T09:19:48</time>
			</trkpt>
			<trkpt lat="48.900243043899536" lon="3.21749210357666">
				<ele>129.49</ele>
				<time>2024-05-24T09:19:51</time>
			</trkpt>
			<trkpt lat="48.900275230407715" lon="3.2177388668060303">
				<ele>129.68</ele>
				<time>2024-05-24T09:19:54</time>
			</trkpt>
			<trkpt lat="48.9002001285553" lon="3.218275308609009">
				<ele>129.14</ele>
				<time>2024-05-24T09:19:59</time>
			</trkpt>
			<trkpt lat="48.90008211135864" lon="3.218822479248047">
				<ele>127.41</ele>
				<time>2024-05-24T09:20:04</time>
			</trkpt>
			<trkpt lat="48.89959931373596" lon="3.2200562953948975">
				<ele>125.18</ele>
				<time>2024-05-24T09:20:18</time>
			</trkpt>
			<trkpt lat="48.8993745110929" lon="3.2209254149347544">
				<ele>113.93</ele>
				<time>2024-05-24T09:20:27</time>
			</trkpt>
			<trkpt lat="48.89937484636903" lon="3.220924325287342">
				<ele>113.92</ele>
				<time>2024-05-24T09:20:27</time>
			</trkpt>
			<trkpt lat="48.899277448654175" lon="3.2213008403778076">
				<ele>111.47</ele>
				<time>2024-05-24T09:20:30</time>
			</trkpt>
			<trkpt lat="48.89907360076904" lon="3.2222557067871094">
				<ele>108.0</ele>
				<time>2024-05-24T09:20:40</time>
			</trkpt>
			<trkpt lat="48.89897704124451" lon="3.2229959964752197">
				<ele>104.55</ele>
				<time>2024-05-24T09:20:47</time>
			</trkpt>
			<trkpt lat="48.89897712506354" lon="3.2229959964752197">
				<ele>101.43</ele>
				<time>2024-05-24T09:20:47</time>
			</trkpt>
			<trkpt lat="48.89894485473633" lon="3.2233071327209473">
				<ele>98.17</ele>
				<time>2024-05-24T09:20:50</time>
			</trkpt>
			<trkpt lat="48.89894493855536" lon="3.2239830493927">
				<ele>94.81</ele>
				<time>2024-05-24T09:20:56</time>
			</trkpt>
			<trkpt lat="48.89899858273566" lon="3.2254421710968018">
				<ele>90.29</ele>
				<time>2024-05-24T09:21:10</time>
			</trkpt>
			<trkpt lat="48.899052143096924" lon="3.22573184967041">
				<ele>86.84</ele>
				<time>2024-05-24T09:21:13</time>
			</trkpt>
			<trkpt lat="48.8990843296051" lon="3.225882053375244">
				<ele>83.99</ele>
				<time>2024-05-24T09:21:14</time>
			</trkpt>
			<trkpt lat="48.8991379737854" lon="3.226032257080078">
				<ele>81.53</ele>
				<time>2024-05-24T09:21:16</time>
			</trkpt>
			<trkpt lat="48.89926680363715" lon="3.226257562637329">
				<ele>79.59</ele>
				<time>2024-05-24T09:21:19</time>
			</trkpt>
			<trkpt lat="48.89941692352295" lon="3.2264721393585205">
				<ele>78.98</ele>
				<time>2024-05-24T09:21:22</time>
			</trkpt>
			<trkpt lat="48.89930963516235" lon="3.226686716079712">
				<ele>79.65</ele>
				<time>2024-05-24T09:21:24</time>
			</trkpt>
			<trkpt lat="48.89890193939209" lon="3.2280385494232178">
				<ele>82.2</ele>
				<time>2024-05-24T09:21:38</time>
			</trkpt>
			<trkpt lat="48.898290395736694" lon="3.230205774307251">
				<ele>84.81</ele>
				<time>2024-05-24T09:22:00</time>
			</trkpt>
			<trkpt lat="48.8981831073761" lon="3.2304739952087402">
				<ele>87.39</ele>
				<time>2024-05-24T09:22:03</time>
			</trkpt>
			<trkpt lat="48.898054361343384" lon="3.2305920124053955">
				<ele>90.17</ele>
				<time>2024-05-24T09:22:06</time>
			</trkpt>
			<trkpt lat="48.89794707298279" lon="3.230602741241455">
				<ele>92.91</ele>
				<time>2024-05-24T09:22:07</time>
			</trkpt>
			<trkpt lat="48.897796869277954" lon="3.2305705547332764">
				<ele>95.69</ele>
				<time>2024-05-24T09:22:09</time>
			</trkpt>
			<trkpt lat="48.89768958091736" lon="3.2304632663726807">
				<ele>98.06</ele>
				<time>2024-05-24T09:22:11</time>
			</trkpt>
			<trkpt lat="48.89762529172003" lon="3.230259921401739">
				<ele>107.02</ele>
				<time>2024-05-24T09:22:13</time>
			</trkpt>
			<trkpt lat="48.897625207901" lon="3.230259418487549">
				<ele>107.07</ele>
				<time>2024-05-24T09:22:13</time>
			</trkpt>
			<trkpt lat="48.8975715637207" lon="3.229658603668213">
				<ele>111.38</ele>
				<time>2024-05-24T09:22:19</time>
			</trkpt>
			<trkpt lat="48.897539377212524" lon="3.2286715507507324">
				<ele>114.12</ele>
				<time>2024-05-24T09:22:28</time>
			</trkpt>
			<trkpt lat="48.89771103858948" lon="3.226858377456665">
				<ele>117.15</ele>
				<time>2024-05-24T09:22:45</time>
			</trkpt>
			<trkpt lat="48.89768958091736" lon="3.2266759872436523">
				<ele>119.42</ele>
				<time>2024-05-24T09:22:47</time>
			</trkpt>
			<trkpt lat="48.89764666557312" lon="3.226590156555176">
				<ele>121.43</ele>
				<time>2024-05-24T09:22:48</time>
			</trkpt>
			<trkpt lat="48.8975715637207" lon="3.226557970046997">
				<ele>123.27</ele>
				<time>2024-05-24T09:22:49</time>
			</trkpt>
			<trkpt lat="48.897507190704346" lon="3.2265686988830566">
				<ele>124.95</ele>
				<time>2024-05-24T09:22:50</time>
			</trkpt>
			<trkpt lat="48.89744281768799" lon="3.226761817932129">
				<ele>126.5</ele>
				<time>2024-05-24T09:22:52</time>
			</trkpt>
			<trkpt lat="48.89718532562256" lon="3.227909803390503">
				<ele>128.32</ele>
				<time>2024-05-24T09:23:04</time>
			</trkpt>
			<trkpt lat="48.897024393081665" lon="3.2284891605377197">
				<ele>129.77</ele>
				<time>2024-05-24T09:23:10</time>
			</trkpt>
			<trkpt lat="48.896799087524414" lon="3.22898268699646">
				<ele>131.43</ele>
				<time>2024-05-24T09:23:15</time>
			</trkpt>
			<trkpt lat="48.89643430709839" lon="3.229583501815796">
				<ele>132.85</ele>
				<time>2024-05-24T09:23:23</time>
			</trkpt>
			<trkpt lat="48.89610171318054" lon="3.2301950454711914">
				<ele>134.49</ele>
				<time>2024-05-24T09:23:30</time>
			</trkpt>
			<trkpt lat="48.89583349227905" lon="3.2305490970611572">
				<ele>136.37</ele>
				<time>2024-05-24T09:23:35</time>
			</trkpt>
			<trkpt lat="48.89568328857422" lon="3.2307207584381104">
				<ele>138.17</ele>
				<time>2024-05-24T09:23:38</time>
			</trkpt>
			<trkpt lat="48.895018100738525" lon="3.231182098388672">
				<ele>140.5</ele>
				<time>2024-05-24T09:23:49</time>
			</trkpt>
			<trkpt lat="48.8947069644928" lon="3.2313108444213867">
				<ele>142.9</ele>
				<time>2024-05-24T09:23:53</time>
			</trkpt>
			<trkpt lat="48.89442801475525" lon="3.231375217437744">
				<ele>145.37</ele>
				<time>2024-05-24T09:23:57</time>
			</trkpt>
			<trkpt lat="48.89410614967346" lon="3.231375217437744">
				<ele>148.17</ele>
				<time>2024-05-24T09:24:02</time>
			</trkpt>
			<trkpt lat="48.892292976379395" lon="3.2309138774871826">
				<ele>152.39</ele>
				<time>2024-05-24T09:24:28</time>
			</trkpt>
			<trkpt lat="48.89182090759277" lon="3.230828046798706">
				<ele>155.65</ele>
				<time>2024-05-24T09:24:35</time>
			</trkpt>
			<trkpt lat="48.891552686691284" lon="3.230849504470825">
				<ele>158.52</ele>
				<time>2024-05-24T09:24:39</time>
			</trkpt>
			<trkpt lat="48.89093041419983" lon="3.2311928272247314">
				<ele>161.25</ele>
				<time>2024-05-24T09:24:48</time>
			</trkpt>
			<trkpt lat="48.890780210494995" lon="3.2313108444213867">
				<ele>163.67</ele>
				<time>2024-05-24T09:24:51</time>
			</trkpt>
			<trkpt lat="48.89066219329834" lon="3.231428861618042">
				<ele>165.83</ele>
				<time>2024-05-24T09:24:53</time>
			</trkpt>
			<trkpt lat="48.890533447265625" lon="3.231675624847412">
				<ele>167.76</ele>
				<time>2024-05-24T09:24:56</time>
			</trkpt>
			<trkpt lat="48.89040470123291" lon="3.231804370880127">
				<ele>169.47</ele>
				<time>2024-05-24T09:24:58</time>
			</trkpt>
			<trkpt lat="48.89014729298651" lon="3.2318365573883057">
				<ele>171.01</ele>
				<time>2024-05-24T09:25:01</time>
			</trkpt>
			<trkpt lat="48.88992198742926" lon="3.2318472862243652">
				<ele>172.33</ele>
				<time>2024-05-24T09:25:05</time>
			</trkpt>
			<trkpt lat="48.88968586921692" lon="3.2318150997161865">
				<ele>173.61</ele>
				<time>2024-05-24T09:25:08</time>
			</trkpt>
			<trkpt lat="48.88937473297119" lon="3.231707811355591">
				<ele>174.98</ele>
				<time>2024-05-24T09:25:13</time>
			</trkpt>
			<trkpt lat="48.88922452926636" lon="3.2317185401916504">
				<ele>175.92</ele>
				<time>2024-05-24T09:25:15</time>
			</trkpt>
			<trkpt lat="48.88902076520026" lon="3.2318472862243652">
				<ele>176.55</ele>
				<time>2024-05-24T09:25:18</time>
			</trkpt>
			<trkpt lat="48.88819464482367" lon="3.2325446605682373">
				<ele>177.05</ele>
				<time>2024-05-24T09:25:31</time>
			</trkpt>
			<trkpt lat="48.88807654380798" lon="3.2325446605682373">
				<ele>177.36</ele>
				<time>2024-05-24T09:25:33</time>
			</trkpt>
			<trkpt lat="48.887325609102845" lon="3.2322871685028076">
				<ele>177.42</ele>
				<time>2024-05-24T09:25:44</time>
			</trkpt>
			<trkpt lat="48.886766619980335" lon="3.2335644029080868">
				<ele>174.39</ele>
				<time>2024-05-24T09:25:59</time>
			</trkpt>
			<trkpt lat="48.88676729053259" lon="3.2335630618035793">
				<ele>174.39</ele>
				<time>2024-05-24T09:25:59</time>
			</trkpt>
			<trkpt lat="48.88664969243109" lon="3.2338321208953857">
				<ele>174.12</ele>
				<time>2024-05-24T09:26:02</time>
			</trkpt>
			<trkpt lat="48.88641365803778" lon="3.234379291534424">
				<ele>173.82</ele>
				<time>2024-05-24T09:26:08</time>
			</trkpt>
			<trkpt lat="48.88612389564514" lon="3.2350337505340576">
				<ele>173.53</ele>
				<time>2024-05-24T09:26:15</time>
			</trkpt>
			<trkpt lat="48.88596296310425" lon="3.2352590560913086">
				<ele>173.33</ele>
				<time>2024-05-24T09:26:18</time>
			</trkpt>
			<trkpt lat="48.885340774431825" lon="3.2359135150909424">
				<ele>173.39</ele>
				<time>2024-05-24T09:26:29</time>
			</trkpt>
			<trkpt lat="48.88447165489197" lon="3.2368040084838867">
				<ele>173.44</ele>
				<time>2024-05-24T09:26:44</time>
			</trkpt>
			<trkpt lat="48.884310722351074" lon="3.2370293140411377">
				<ele>173.72</ele>
				<time>2024-05-24T09:26:47</time>
			</trkpt>
			<trkpt lat="48.88418197631836" lon="3.2373082637786865">
				<ele>173.88</ele>
				<time>2024-05-24T09:26:50</time>
			</trkpt>
			<trkpt lat="48.883828008547425" lon="3.2382309436798096">
				<ele>173.58</ele>
				<time>2024-05-24T09:27:00</time>
			</trkpt>
			<trkpt lat="48.883602702990174" lon="3.2386815547943115">
				<ele>173.58</ele>
				<time>2024-05-24T09:27:06</time>
			</trkpt>
			<trkpt lat="48.88286232948303" lon="3.2397544384002686">
				<ele>173.8</ele>
				<time>2024-05-24T09:27:20</time>
			</trkpt>
			<trkpt lat="48.8826048374176" lon="3.2400870323181152">
				<ele>173.8</ele>
				<time>2024-05-24T09:27:25</time>
			</trkpt>
			<trkpt lat="48.88089903630316" lon="3.2416749000549316">
				<ele>174.39</ele>
				<time>2024-05-24T09:27:54</time>
			</trkpt>
			<trkpt lat="48.880373323336244" lon="3.242168426513672">
				<ele>174.85</ele>
				<time>2024-05-24T09:28:03</time>
			</trkpt>
			<trkpt lat="48.87983679771423" lon="3.2427048683166504">
				<ele>175.18</ele>
				<time>2024-05-24T09:28:12</time>
			</trkpt>
			<trkpt lat="48.87975105084479" lon="3.2428228855133057">
				<ele>175.28</ele>
				<time>2024-05-24T09:28:14</time>
			</trkpt>
			<trkpt lat="48.879568576812744" lon="3.2432949542999268">
				<ele>175.24</ele>
				<time>2024-05-24T09:28:19</time>
			</trkpt>
			<trkpt lat="48.87937545776367" lon="3.243809938430786">
				<ele>175.1</ele>
				<time>2024-05-24T09:28:24</time>
			</trkpt>
			<trkpt lat="48.87887120246887" lon="3.2446789741516113">
				<ele>174.99</ele>
				<time>2024-05-24T09:28:35</time>
			</trkpt>
			<trkpt lat="48.87861371040344" lon="3.245161771774292">
				<ele>174.9</ele>
				<time>2024-05-24T09:28:41</time>
			</trkpt>
			<trkpt lat="48.87837767601013" lon="3.245515823364258">
				<ele>174.89</ele>
				<time>2024-05-24T09:28:46</time>
			</trkpt>
			<trkpt lat="48.878173828125" lon="3.245762586593628">
				<ele>174.91</ele>
				<time>2024-05-24T09:28:49</time>
			</trkpt>
			<trkpt lat="48.878045082092285" lon="3.246062994003296">
				<ele>175.01</ele>
				<time>2024-05-24T09:28:53</time>
			</trkpt>
			<trkpt lat="48.87749791145325" lon="3.248187303543091">
				<ele>175.75</ele>
				<time>2024-05-24T09:29:14</time>
			</trkpt>
			<trkpt lat="48.877283334732056" lon="3.2485735416412354">
				<ele>176.22</ele>
				<time>2024-05-24T09:29:19</time>
			</trkpt>
			<trkpt lat="48.87643575668335" lon="3.24971079826355">
				<ele>176.95</ele>
				<time>2024-05-24T09:29:35</time>
			</trkpt>
			<trkpt lat="48.87625336647034" lon="3.249850273132324">
				<ele>177.57</ele>
				<time>2024-05-24T09:29:38</time>
			</trkpt>
			<trkpt lat="48.8757061958313" lon="3.2499468326568604">
				<ele>178.07</ele>
				<time>2024-05-24T09:29:46</time>
			</trkpt>
			<trkpt lat="48.875073194503784" lon="3.25020432472229">
				<ele>178.74</ele>
				<time>2024-05-24T09:29:55</time>
			</trkpt>
			<trkpt lat="48.87436509132385" lon="3.25070858001709">
				<ele>179.43</ele>
				<time>2024-05-24T09:30:07</time>
			</trkpt>
			<trkpt lat="48.87415059842169" lon="3.2509124279022217">
				<ele>180.01</ele>
				<time>2024-05-24T09:30:10</time>
			</trkpt>
			<trkpt lat="48.87415051460266" lon="3.2509124279022217">
				<ele>180.49</ele>
				<time>2024-05-24T09:30:10</time>
			</trkpt>
			<trkpt lat="48.87394666671753" lon="3.251352310180664">
				<ele>180.96</ele>
				<time>2024-05-24T09:30:15</time>
			</trkpt>
			<trkpt lat="48.873839378356934" lon="3.251523971557617">
				<ele>181.42</ele>
				<time>2024-05-24T09:30:17</time>
			</trkpt>
			<trkpt lat="48.87369990348816" lon="3.251899480819702">
				<ele>181.74</ele>
				<time>2024-05-24T09:30:21</time>
			</trkpt>
			<trkpt lat="48.87367844581604" lon="3.252049684524536">
				<ele>181.96</ele>
				<time>2024-05-24T09:30:23</time>
			</trkpt>
			<trkpt lat="48.8736891746521" lon="3.2521891593933105">
				<ele>182.2</ele>
				<time>2024-05-24T09:30:24</time>
			</trkpt>
			<trkpt lat="48.873807191848755" lon="3.252596855163574">
				<ele>182.45</ele>
				<time>2024-05-24T09:30:28</time>
			</trkpt>
			<trkpt lat="48.87400031089783" lon="3.2531332969665527">
				<ele>182.83</ele>
				<time>2024-05-24T09:30:34</time>
			</trkpt>
			<trkpt lat="48.87435436248779" lon="3.253648281097412">
				<ele>183.18</ele>
				<time>2024-05-24T09:30:41</time>
			</trkpt>
			<trkpt lat="48.8744402769953" lon="3.253852128982544">
				<ele>183.35</ele>
				<time>2024-05-24T09:30:43</time>
			</trkpt>
			<trkpt lat="48.87449383735657" lon="3.254646062850952">
				<ele>183.46</ele>
				<time>2024-05-24T09:30:51</time>
			</trkpt>
			<trkpt lat="48.87448310852051" lon="3.254871368408203">
				<ele>183.57</ele>
				<time>2024-05-24T09:30:53</time>
			</trkpt>
			<trkpt lat="48.87440800666809" lon="3.255225419998169">
				<ele>183.75</ele>
				<time>2024-05-24T09:30:57</time>
			</trkpt>
			<trkpt lat="48.87420415878296" lon="3.255772590637207">
				<ele>183.69</ele>
				<time>2024-05-24T09:31:02</time>
			</trkpt>
			<trkpt lat="48.87415051460266" lon="3.2560300827026367">
				<ele>183.82</ele>
				<time>2024-05-24T09:31:05</time>
			</trkpt>
			<trkpt lat="48.87416132725775" lon="3.2564163208007812">
				<ele>183.92</ele>
				<time>2024-05-24T09:31:09</time>
			</trkpt>
			<trkpt lat="48.87416124343872" lon="3.2568347454071045">
				<ele>184.16</ele>
				<time>2024-05-24T09:31:13</time>
			</trkpt>
			<trkpt lat="48.874129140749574" lon="3.257092237472534">
				<ele>184.48</ele>
				<time>2024-05-24T09:31:15</time>
			</trkpt>
			<trkpt lat="48.87400031089783" lon="3.2573390007019043">
				<ele>184.74</ele>
				<time>2024-05-24T09:31:18</time>
			</trkpt>
			<trkpt lat="48.87371063232422" lon="3.2578325271606445">
				<ele>185.12</ele>
				<time>2024-05-24T09:31:24</time>
			</trkpt>
			<trkpt lat="48.873560428619385" lon="3.2582080364227295">
				<ele>185.68</ele>
				<time>2024-05-24T09:31:28</time>
			</trkpt>
			<trkpt lat="48.87350686825812" lon="3.2584333419799805">
				<ele>186.0</ele>
				<time>2024-05-24T09:31:31</time>
			</trkpt>
			<trkpt lat="48.873270750045776" lon="3.259420394897461">
				<ele>186.0</ele>
				<time>2024-05-24T09:31:41</time>
			</trkpt>
			<trkpt lat="48.873066902160645" lon="3.2598817348480225">
				<ele>185.93</ele>
				<time>2024-05-24T09:31:46</time>
			</trkpt>
			<trkpt lat="48.872562646865845" lon="3.260793685913086">
				<ele>185.72</ele>
				<time>2024-05-24T09:31:57</time>
			</trkpt>
			<trkpt lat="48.87123227119446" lon="3.2631540298461914">
				<ele>185.49</ele>
				<time>2024-05-24T09:32:26</time>
			</trkpt>
			<trkpt lat="48.87094267643988" lon="3.2635295391082764">
				<ele>185.14</ele>
				<time>2024-05-24T09:32:32</time>
			</trkpt>
			<trkpt lat="48.87094259262085" lon="3.2635295391082764">
				<ele>184.94</ele>
				<time>2024-05-24T09:32:32</time>
			</trkpt>
			<trkpt lat="48.870609998703" lon="3.2639694213867188">
				<ele>184.77</ele>
				<time>2024-05-24T09:32:38</time>
			</trkpt>
			<trkpt lat="48.87047060765326" lon="3.2642805576324463">
				<ele>184.51</ele>
				<time>2024-05-24T09:32:41</time>
			</trkpt>
			<trkpt lat="48.87028821744025" lon="3.264709711074829">
				<ele>184.03</ele>
				<time>2024-05-24T09:32:46</time>
			</trkpt>
			<trkpt lat="48.869590843096375" lon="3.266308307647705">
				<ele>183.75</ele>
				<time>2024-05-24T09:33:04</time>
			</trkpt>
			<trkpt lat="48.869569385424256" lon="3.266361951828003">
				<ele>183.56</ele>
				<time>2024-05-24T09:33:05</time>
			</trkpt>
			<trkpt lat="48.86945128440857" lon="3.2665657997131348">
				<ele>183.45</ele>
				<time>2024-05-24T09:33:07</time>
			</trkpt>
			<trkpt lat="48.869279623031616" lon="3.2667481899261475">
				<ele>183.43</ele>
				<time>2024-05-24T09:33:10</time>
			</trkpt>
			<trkpt lat="48.868796825408936" lon="3.2671022415161133">
				<ele>183.58</ele>
				<time>2024-05-24T09:33:18</time>
			</trkpt>
			<trkpt lat="48.86860370635986" lon="3.2673275470733643">
				<ele>183.71</ele>
				<time>2024-05-24T09:33:22</time>
			</trkpt>
			<trkpt lat="48.86744507588446" lon="3.2689905166625977">
				<ele>183.85</ele>
				<time>2024-05-24T09:33:44</time>
			</trkpt>
			<trkpt lat="48.86716604232788" lon="3.2694196701049805">
				<ele>184.2</ele>
				<time>2024-05-24T09:33:50</time>
			</trkpt>
			<trkpt lat="48.86699144728482" lon="3.269812362268567">
				<ele>184.84</ele>
				<time>2024-05-24T09:33:54</time>
			</trkpt>
			<trkpt lat="48.866991279646754" lon="3.2698128651827574">
				<ele>184.85</ele>
				<time>2024-05-24T09:33:55</time>
			</trkpt>
			<trkpt lat="48.86695146560669" lon="3.269902467727661">
				<ele>184.7</ele>
				<time>2024-05-24T09:33:56</time>
			</trkpt>
			<trkpt lat="48.86550307273865" lon="3.273646831512451">
				<ele>184.7</ele>
				<time>2024-05-24T09:34:36</time>
			</trkpt>
			<trkpt lat="48.86522420682013" lon="3.2748055458068848">
				<ele>183.8</ele>
				<time>2024-05-24T09:34:48</time>
			</trkpt>
			<trkpt lat="48.8652241230011" lon="3.2748055458068848">
				<ele>183.29</ele>
				<time>2024-05-24T09:34:48</time>
			</trkpt>
			<trkpt lat="48.86514902114868" lon="3.274998664855957">
				<ele>182.63</ele>
				<time>2024-05-24T09:34:50</time>
			</trkpt>
			<trkpt lat="48.86473059654236" lon="3.2757389545440674">
				<ele>182.05</ele>
				<time>2024-05-24T09:34:59</time>
			</trkpt>
			<trkpt lat="48.864537477493286" lon="3.276028633117676">
				<ele>182.09</ele>
				<time>2024-05-24T09:35:03</time>
			</trkpt>
			<trkpt lat="48.86441946029663" lon="3.2761359214782715">
				<ele>182.69</ele>
				<time>2024-05-24T09:35:05</time>
			</trkpt>
			<trkpt lat="48.864301443099976" lon="3.2761788368225098">
				<ele>183.41</ele>
				<time>2024-05-24T09:35:07</time>
			</trkpt>
			<trkpt lat="48.86386156082153" lon="3.276028633117676">
				<ele>184.57</ele>
				<time>2024-05-24T09:35:13</time>
			</trkpt>
			<trkpt lat="48.86363625526428" lon="3.2760608196258545">
				<ele>185.2</ele>
				<time>2024-05-24T09:35:17</time>
			</trkpt>
			<trkpt lat="48.86317491531372" lon="3.2762646675109863">
				<ele>185.43</ele>
				<time>2024-05-24T09:35:23</time>
			</trkpt>
			<trkpt lat="48.86289596557617" lon="3.2764577865600586">
				<ele>185.71</ele>
				<time>2024-05-24T09:35:28</time>
			</trkpt>
			<trkpt lat="48.861619317904115" lon="3.277745246887207">
				<ele>185.42</ele>
				<time>2024-05-24T09:35:50</time>
			</trkpt>
			<trkpt lat="48.86161923408508" lon="3.277745246887207">
				<ele>185.04</ele>
				<time>2024-05-24T09:35:50</time>
			</trkpt>
			<trkpt lat="48.86071801185608" lon="3.279118537902832">
				<ele>183.86</ele>
				<time>2024-05-24T09:36:08</time>
			</trkpt>
			<trkpt lat="48.85924824513495" lon="3.282015323638916">
				<ele>183.14</ele>
				<time>2024-05-24T09:36:42</time>
			</trkpt>
			<trkpt lat="48.858883464708924" lon="3.2827341556549072">
				<ele>182.27</ele>
				<time>2024-05-24T09:36:51</time>
			</trkpt>
			<trkpt lat="48.85888338088989" lon="3.2827341556549072">
				<ele>180.27</ele>
				<time>2024-05-24T09:36:51</time>
			</trkpt>
			<trkpt lat="48.859838247299194" lon="3.286939859390259">
				<ele>170.46</ele>
				<time>2024-05-24T09:37:33</time>
			</trkpt>
			<trkpt lat="48.85985266417265" lon="3.287004316225648">
				<ele>172.53</ele>
				<time>2024-05-24T09:37:33</time>
			</trkpt>
			<trkpt lat="48.859852999448776" lon="3.2870056573301554">
				<ele>172.58</ele>
				<time>2024-05-24T09:37:33</time>
			</trkpt>
			<trkpt lat="48.859852999448776" lon="3.2870055735111237">
				<ele>171.65</ele>
				<time>2024-05-24T09:37:33</time>
			</trkpt>
			<trkpt lat="48.859838247299194" lon="3.286939859390259">
				<ele>170.46</ele>
				<time>2024-05-24T09:37:34</time>
			</trkpt>
			<trkpt lat="48.860063552856445" lon="3.287004232406616">
				<ele>168.35</ele>
				<time>2024-05-24T09:37:37</time>
			</trkpt>
			<trkpt lat="48.86036396026611" lon="3.286982774734497">
				<ele>166.19</ele>
				<time>2024-05-24T09:37:42</time>
			</trkpt>
			<trkpt lat="48.86291750706732" lon="3.286682367324829">
				<ele>161.7</ele>
				<time>2024-05-24T09:38:18</time>
			</trkpt>
			<trkpt lat="48.86291742324829" lon="3.286682367324829">
				<ele>158.39</ele>
				<time>2024-05-24T09:38:18</time>
			</trkpt>
			<trkpt lat="48.86335730552673" lon="3.2866501808166504">
				<ele>154.31</ele>
				<time>2024-05-24T09:38:25</time>
			</trkpt>
			<trkpt lat="48.86377573013306" lon="3.2866501808166504">
				<ele>150.63</ele>
				<time>2024-05-24T09:38:30</time>
			</trkpt>
			<trkpt lat="48.86396884918213" lon="3.2866930961608887">
				<ele>146.75</ele>
				<time>2024-05-24T09:38:33</time>
			</trkpt>
			<trkpt lat="48.86414051055908" lon="3.286757469177246">
				<ele>142.87</ele>
				<time>2024-05-24T09:38:36</time>
			</trkpt>
			<trkpt lat="48.86696219444275" lon="3.288205862045288">
				<ele>137.02</ele>
				<time>2024-05-24T09:39:18</time>
			</trkpt>
			<trkpt lat="48.86895775794983" lon="3.2892465591430664">
				<ele>132.23</ele>
				<time>2024-05-24T09:39:49</time>
			</trkpt>
			<trkpt lat="48.8691508769989" lon="3.28940749168396">
				<ele>128.28</ele>
				<time>2024-05-24T09:39:52</time>
			</trkpt>
			<trkpt lat="48.86937618255615" lon="3.289750814437866">
				<ele>124.4</ele>
				<time>2024-05-24T09:39:56</time>
			</trkpt>
			<trkpt lat="48.869590759277344" lon="3.2901370525360107">
				<ele>120.86</ele>
				<time>2024-05-24T09:40:01</time>
			</trkpt>
			<trkpt lat="48.869773149490356" lon="3.290330171585083">
				<ele>117.92</ele>
				<time>2024-05-24T09:40:04</time>
			</trkpt>
			<trkpt lat="48.870062828063965" lon="3.2905125617980957">
				<ele>115.26</ele>
				<time>2024-05-24T09:40:09</time>
			</trkpt>
			<trkpt lat="48.87188673019409" lon="3.2911455631256104">
				<ele>110.88</ele>
				<time>2024-05-24T09:40:35</time>
			</trkpt>
			<trkpt lat="48.872777223587036" lon="3.2913923263549805">
				<ele>107.64</ele>
				<time>2024-05-24T09:40:48</time>
			</trkpt>
			<trkpt lat="48.873077630996704" lon="3.29140305519104">
				<ele>105.01</ele>
				<time>2024-05-24T09:40:53</time>
			</trkpt>
			<trkpt lat="48.87390383519232" lon="3.29115629196167">
				<ele>102.23</ele>
				<time>2024-05-24T09:41:05</time>
			</trkpt>
			<trkpt lat="48.874311447143555" lon="3.291027545928955">
				<ele>100.22</ele>
				<time>2024-05-24T09:41:11</time>
			</trkpt>
			<trkpt lat="48.87465476989746" lon="3.2908987998962402">
				<ele>98.57</ele>
				<time>2024-05-24T09:41:16</time>
			</trkpt>
			<trkpt lat="48.87493380345404" lon="3.290727138519287">
				<ele>97.02</ele>
				<time>2024-05-24T09:41:20</time>
			</trkpt>
			<trkpt lat="48.87516975402832" lon="3.2905125617980957">
				<ele>95.8</ele>
				<time>2024-05-24T09:41:24</time>
			</trkpt>
			<trkpt lat="48.875330686569214" lon="3.2902872562408447">
				<ele>94.46</ele>
				<time>2024-05-24T09:41:27</time>
			</trkpt>
			<trkpt lat="48.87547016143799" lon="3.2900404930114746">
				<ele>93.2</ele>
				<time>2024-05-24T09:41:30</time>
			</trkpt>
			<trkpt lat="48.875813484191895" lon="3.2892894744873047">
				<ele>91.99</ele>
				<time>2024-05-24T09:41:39</time>
			</trkpt>
			<trkpt lat="48.87594223022461" lon="3.2891392707824707">
				<ele>90.83</ele>
				<time>2024-05-24T09:41:41</time>
			</trkpt>
			<trkpt lat="48.876060247421265" lon="3.2891178131103516">
				<ele>89.52</ele>
				<time>2024-05-24T09:41:43</time>
			</trkpt>
			<trkpt lat="48.8761568069458" lon="3.2891499996185303">
				<ele>88.23</ele>
				<time>2024-05-24T09:41:44</time>
			</trkpt>
			<trkpt lat="48.87619972229004" lon="3.2891929149627686">
				<ele>87.04</ele>
				<time>2024-05-24T09:41:45</time>
			</trkpt>
			<trkpt lat="48.876274824142456" lon="3.289278745651245">
				<ele>85.76</ele>
				<time>2024-05-24T09:41:46</time>
			</trkpt>
			<trkpt lat="48.87643584050238" lon="3.289632797241211">
				<ele>84.26</ele>
				<time>2024-05-24T09:41:50</time>
			</trkpt>
			<trkpt lat="48.877036571502686" lon="3.2912850379943848">
				<ele>81.87</ele>
				<time>2024-05-24T09:42:08</time>
			</trkpt>
			<trkpt lat="48.87719750404358" lon="3.291724920272827">
				<ele>81.14</ele>
				<time>2024-05-24T09:42:13</time>
			</trkpt>
			<trkpt lat="48.877764120697975" lon="3.293336844071746">
				<ele>80.3</ele>
				<time>2024-05-24T09:42:30</time>
			</trkpt>
			<trkpt lat="48.87776345014572" lon="3.2933349162340164">
				<ele>80.3</ele>
				<time>2024-05-24T09:42:30</time>
			</trkpt>
			<trkpt lat="48.87776345014572" lon="3.293335000053048">
				<ele>78.84</ele>
				<time>2024-05-24T09:42:30</time>
			</trkpt>
			<trkpt lat="48.877819776535034" lon="3.2934951782226562">
				<ele>78.91</ele>
				<time>2024-05-24T09:42:32</time>
			</trkpt>
			<trkpt lat="48.877079486846924" lon="3.2947182655334473">
				<ele>78.85</ele>
				<time>2024-05-24T09:42:47</time>
			</trkpt>
			<trkpt lat="48.876843536272645" lon="3.2951366901397705">
				<ele>79.12</ele>
				<time>2024-05-24T09:42:52</time>
			</trkpt>
			<trkpt lat="48.8766074180603" lon="3.2955121994018555">
				<ele>79.77</ele>
				<time>2024-05-24T09:42:57</time>
			</trkpt>
			<trkpt lat="48.87626417912543" lon="3.2960164546966553">
				<ele>80.52</ele>
				<time>2024-05-24T09:43:04</time>
			</trkpt>
			<trkpt lat="48.8762640953064" lon="3.2960164546966553">
				<ele>81.07</ele>
				<time>2024-05-24T09:43:04</time>
			</trkpt>
			<trkpt lat="48.87617826461792" lon="3.2960593700408936">
				<ele>81.6</ele>
				<time>2024-05-24T09:43:05</time>
			</trkpt>
			<trkpt lat="48.87613543309271" lon="3.2960593700408936">
				<ele>82.09</ele>
				<time>2024-05-24T09:43:06</time>
			</trkpt>
			<trkpt lat="48.87548097409308" lon="3.2960593700408936">
				<ele>82.52</ele>
				<time>2024-05-24T09:43:15</time>
			</trkpt>
			<trkpt lat="48.87513756752014" lon="3.29614520072937">
				<ele>83.21</ele>
				<time>2024-05-24T09:43:20</time>
			</trkpt>
			<trkpt lat="48.87494444847107" lon="3.2963597774505615">
				<ele>83.84</ele>
				<time>2024-05-24T09:43:24</time>
			</trkpt>
			<trkpt lat="48.87513756752014" lon="3.2968640327453613">
				<ele>84.95</ele>
				<time>2024-05-24T09:43:29</time>
			</trkpt>
			<trkpt lat="48.87515902519226" lon="3.2970142364501953">
				<ele>86.02</ele>
				<time>2024-05-24T09:43:31</time>
			</trkpt>
			<trkpt lat="48.87513756752014" lon="3.297175168991089">
				<ele>87.21</ele>
				<time>2024-05-24T09:43:32</time>
			</trkpt>
			<trkpt lat="48.87512683868408" lon="3.297497034072876">
				<ele>88.71</ele>
				<time>2024-05-24T09:43:35</time>
			</trkpt>
			<trkpt lat="48.874751329422" lon="3.2978618144989014">
				<ele>90.4</ele>
				<time>2024-05-24T09:43:42</time>
			</trkpt>
			<trkpt lat="48.87472987174988" lon="3.297915458679199">
				<ele>92.0</ele>
				<time>2024-05-24T09:43:42</time>
			</trkpt>
			<trkpt lat="48.8746976852417" lon="3.2980120182037354">
				<ele>93.74</ele>
				<time>2024-05-24T09:43:43</time>
			</trkpt>
			<trkpt lat="48.87474068440497" lon="3.2983767986297607">
				<ele>95.7</ele>
				<time>2024-05-24T09:43:47</time>
			</trkpt>
			<trkpt lat="48.87476205825806" lon="3.299374580383301">
				<ele>98.5</ele>
				<time>2024-05-24T09:43:56</time>
			</trkpt>
			<trkpt lat="48.87484788894653" lon="3.299846649169922">
				<ele>100.7</ele>
				<time>2024-05-24T09:44:01</time>
			</trkpt>
			<trkpt lat="48.87488007545471" lon="3.3001041412353516">
				<ele>102.74</ele>
				<time>2024-05-24T09:44:03</time>
			</trkpt>
			<trkpt lat="48.87488007545471" lon="3.3003509044647217">
				<ele>104.76</ele>
				<time>2024-05-24T09:44:06</time>
			</trkpt>
			<trkpt lat="48.874837160110474" lon="3.3006083965301514">
				<ele>106.83</ele>
				<time>2024-05-24T09:44:08</time>
			</trkpt>
			<trkpt lat="48.87474060058594" lon="3.300747871398926">
				<ele>108.91</ele>
				<time>2024-05-24T09:44:10</time>
			</trkpt>
			<trkpt lat="48.874300718307495" lon="3.3009839057922363">
				<ele>111.13</ele>
				<time>2024-05-24T09:44:17</time>
			</trkpt>
			<trkpt lat="48.8741934299469" lon="3.30114483833313">
				<ele>113.42</ele>
				<time>2024-05-24T09:44:19</time>
			</trkpt>
			<trkpt lat="48.87412905693054" lon="3.3013486862182617">
				<ele>115.88</ele>
				<time>2024-05-24T09:44:21</time>
			</trkpt>
			<trkpt lat="48.874086141586304" lon="3.3017027378082275">
				<ele>118.61</ele>
				<time>2024-05-24T09:44:24</time>
			</trkpt>
			<trkpt lat="48.87412905693054" lon="3.302110433578491">
				<ele>121.57</ele>
				<time>2024-05-24T09:44:28</time>
			</trkpt>
			<trkpt lat="48.874129140749574" lon="3.302110433578491">
				<ele>124.35</ele>
				<time>2024-05-24T09:44:28</time>
			</trkpt>
			<trkpt lat="48.87421488761902" lon="3.3024215698242188">
				<ele>127.53</ele>
				<time>2024-05-24T09:44:31</time>
			</trkpt>
			<trkpt lat="48.87470841407776" lon="3.3037734031677246">
				<ele>131.2</ele>
				<time>2024-05-24T09:44:46</time>
			</trkpt>
			<trkpt lat="48.87497663497925" lon="3.304159641265869">
				<ele>134.86</ele>
				<time>2024-05-24T09:44:51</time>
			</trkpt>
			<trkpt lat="48.87519121170044" lon="3.3043313026428223">
				<ele>138.45</ele>
				<time>2024-05-24T09:44:55</time>
			</trkpt>
			<trkpt lat="48.87548089027405" lon="3.304417133331299">
				<ele>141.95</ele>
				<time>2024-05-24T09:44:59</time>
			</trkpt>
			<trkpt lat="48.87662887573242" lon="3.304685354232788">
				<ele>145.9</ele>
				<time>2024-05-24T09:45:16</time>
			</trkpt>
			<trkpt lat="48.87764811515808" lon="3.304985761642456">
				<ele>149.64</ele>
				<time>2024-05-24T09:45:30</time>
			</trkpt>
			<trkpt lat="48.87787342071533" lon="3.30513596534729">
				<ele>153.33</ele>
				<time>2024-05-24T09:45:34</time>
			</trkpt>
			<trkpt lat="48.87790560722351" lon="3.305157423019409">
				<ele>156.7</ele>
				<time>2024-05-24T09:45:34</time>
			</trkpt>
			<trkpt lat="48.87816309928894" lon="3.3054685592651367">
				<ele>160.15</ele>
				<time>2024-05-24T09:45:39</time>
			</trkpt>
			<trkpt lat="48.87843132019043" lon="3.305940628051758">
				<ele>163.62</ele>
				<time>2024-05-24T09:45:45</time>
			</trkpt>
			<trkpt lat="48.87947201728821" lon="3.3075714111328125">
				<ele>167.63</ele>
				<time>2024-05-24T09:46:06</time>
			</trkpt>
			<trkpt lat="48.88016939163208" lon="3.308687210083008">
				<ele>170.94</ele>
				<time>2024-05-24T09:46:21</time>
			</trkpt>
			<trkpt lat="48.88016947545111" lon="3.308687210083008">
				<ele>173.36</ele>
				<time>2024-05-24T09:46:21</time>
			</trkpt>
			<trkpt lat="48.88034105300903" lon="3.30888032913208">
				<ele>175.57</ele>
				<time>2024-05-24T09:46:24</time>
			</trkpt>
			<trkpt lat="48.88070583343506" lon="3.3092236518859863">
				<ele>177.46</ele>
				<time>2024-05-24T09:46:30</time>
			</trkpt>
			<trkpt lat="48.88089895248413" lon="3.309481143951416">
				<ele>179.13</ele>
				<time>2024-05-24T09:46:34</time>
			</trkpt>
			<trkpt lat="48.88102778233588" lon="3.3097708225250244">
				<ele>180.62</ele>
				<time>2024-05-24T09:46:37</time>
			</trkpt>
			<trkpt lat="48.88121008872986" lon="3.310285806655884">
				<ele>181.86</ele>
				<time>2024-05-24T09:46:42</time>
			</trkpt>
			<trkpt lat="48.88133883476257" lon="3.310757875442505">
				<ele>182.87</ele>
				<time>2024-05-24T09:46:47</time>
			</trkpt>
			<trkpt lat="48.88136029243469" lon="3.3109724521636963">
				<ele>183.67</ele>
				<time>2024-05-24T09:46:49</time>
			</trkpt>
			<trkpt lat="48.88133883476257" lon="3.3112406730651855">
				<ele>184.24</ele>
				<time>2024-05-24T09:46:52</time>
			</trkpt>
			<trkpt lat="48.88122081756592" lon="3.3120453357696533">
				<ele>184.7</ele>
				<time>2024-05-24T09:47:00</time>
			</trkpt>
			<trkpt lat="48.88122090138495" lon="3.3120453357696533">
				<ele>185.05</ele>
				<time>2024-05-24T09:47:00</time>
			</trkpt>
			<trkpt lat="48.88118871487677" lon="3.3121955394744873">
				<ele>185.32</ele>
				<time>2024-05-24T09:47:01</time>
			</trkpt>
			<trkpt lat="48.88110280036926" lon="3.312581777572632">
				<ele>185.53</ele>
				<time>2024-05-24T09:47:05</time>
			</trkpt>
			<trkpt lat="48.881081342697144" lon="3.3130109310150146">
				<ele>185.77</ele>
				<time>2024-05-24T09:47:09</time>
			</trkpt>
			<trkpt lat="48.88112425804138" lon="3.313354253768921">
				<ele>185.72</ele>
				<time>2024-05-24T09:47:12</time>
			</trkpt>
			<trkpt lat="48.88122081756592" lon="3.313676118850708">
				<ele>185.54</ele>
				<time>2024-05-24T09:47:16</time>
			</trkpt>
			<trkpt lat="48.88167142868042" lon="3.314824104309082">
				<ele>185.15</ele>
				<time>2024-05-24T09:47:28</time>
			</trkpt>
			<trkpt lat="48.881821632385254" lon="3.3153390884399414">
				<ele>184.98</ele>
				<time>2024-05-24T09:47:33</time>
			</trkpt>
			<trkpt lat="48.882293701171875" lon="3.3173882961273193">
				<ele>184.86</ele>
				<time>2024-05-24T09:47:54</time>
			</trkpt>
			<trkpt lat="48.882561922073364" lon="3.318396806716919">
				<ele>184.63</ele>
				<time>2024-05-24T09:48:04</time>
			</trkpt>
			<trkpt lat="48.88284087181091" lon="3.319319486618042">
				<ele>184.3</ele>
				<time>2024-05-24T09:48:14</time>
			</trkpt>
			<trkpt lat="48.883076906204224" lon="3.319973945617676">
				<ele>183.93</ele>
				<time>2024-05-24T09:48:21</time>
			</trkpt>
			<trkpt lat="48.88333439826965" lon="3.320596218109131">
				<ele>183.37</ele>
				<time>2024-05-24T09:48:28</time>
			</trkpt>
			<trkpt lat="48.88346314430237" lon="3.320842981338501">
				<ele>182.98</ele>
				<time>2024-05-24T09:48:30</time>
			</trkpt>
			<trkpt lat="48.88494372367859" lon="3.3234071731567383">
				<ele>182.54</ele>
				<time>2024-05-24T09:49:03</time>
			</trkpt>
			<trkpt lat="48.88534069061279" lon="3.323986530303955">
				<ele>182.0</ele>
				<time>2024-05-24T09:49:10</time>
			</trkpt>
			<trkpt lat="48.8860809803009" lon="3.3248554822057486">
				<ele>180.36</ele>
				<time>2024-05-24T09:49:24</time>
			</trkpt>
			<trkpt lat="48.886081064119935" lon="3.3248555660247803">
				<ele>180.36</ele>
				<time>2024-05-24T09:49:24</time>
			</trkpt>
			<trkpt lat="48.8860809803009" lon="3.3248555660247803">
				<ele>180.23</ele>
				<time>2024-05-24T09:49:24</time>
			</trkpt>
			<trkpt lat="48.886081064119935" lon="3.3248555660247803">
				<ele>180.36</ele>
				<time>2024-05-24T09:49:24</time>
			</trkpt>
			<trkpt lat="48.88635993003845" lon="3.325188159942627">
				<ele>180.31</ele>
				<time>2024-05-24T09:49:29</time>
			</trkpt>
			<trkpt lat="48.88666033744812" lon="3.32560658454895">
				<ele>180.7</ele>
				<time>2024-05-24T09:49:35</time>
			</trkpt>
			<trkpt lat="48.88674625195563" lon="3.3257782459259033">
				<ele>181.04</ele>
				<time>2024-05-24T09:49:37</time>
			</trkpt>
			<trkpt lat="48.88713240623474" lon="3.326582908630371">
				<ele>181.26</ele>
				<time>2024-05-24T09:49:46</time>
			</trkpt>
			<trkpt lat="48.88723969459534" lon="3.3269476890563965">
				<ele>181.26</ele>
				<time>2024-05-24T09:49:50</time>
			</trkpt>
			<trkpt lat="48.8872504234314" lon="3.327183723449707">
				<ele>181.38</ele>
				<time>2024-05-24T09:49:52</time>
			</trkpt>
			<trkpt lat="48.88721823692322" lon="3.327430486679077">
				<ele>181.49</ele>
				<time>2024-05-24T09:49:54</time>
			</trkpt>
			<trkpt lat="48.88715386390686" lon="3.327687978744507">
				<ele>181.65</ele>
				<time>2024-05-24T09:49:57</time>
			</trkpt>
			<trkpt lat="48.88715386390686" lon="3.327934741973877">
				<ele>181.61</ele>
				<time>2024-05-24T09:49:59</time>
			</trkpt>
			<trkpt lat="48.8871967792511" lon="3.3281493186950684">
				<ele>181.5</ele>
				<time>2024-05-24T09:50:01</time>
			</trkpt>
			<trkpt lat="48.8875937461853" lon="3.3280205726623535">
				<ele>181.1</ele>
				<time>2024-05-24T09:50:07</time>
			</trkpt>
			<trkpt lat="48.88796925544739" lon="3.327956199645996">
				<ele>180.85</ele>
				<time>2024-05-24T09:50:13</time>
			</trkpt>
			<trkpt lat="48.88824820518494" lon="3.327934741973877">
				<ele>180.36</ele>
				<time>2024-05-24T09:50:17</time>
			</trkpt>
			<trkpt lat="48.88835549354553" lon="3.327988386154175">
				<ele>179.9</ele>
				<time>2024-05-24T09:50:18</time>
			</trkpt>
			<trkpt lat="48.888559341430664" lon="3.328181505203247">
				<ele>179.38</ele>
				<time>2024-05-24T09:50:22</time>
			</trkpt>
			<trkpt lat="48.88872035779059" lon="3.328385353088379">
				<ele>178.88</ele>
				<time>2024-05-24T09:50:25</time>
			</trkpt>
			<trkpt lat="48.888795375823975" lon="3.3284497261047363">
				<ele>178.42</ele>
				<time>2024-05-24T09:50:26</time>
			</trkpt>
			<trkpt lat="48.88890266418457" lon="3.3284497261047363">
				<ele>177.99</ele>
				<time>2024-05-24T09:50:27</time>
			</trkpt>
			<trkpt lat="48.889310359954834" lon="3.3281707763671875">
				<ele>177.53</ele>
				<time>2024-05-24T09:50:34</time>
			</trkpt>
			<trkpt lat="48.889535665512085" lon="3.3282887935638428">
				<ele>177.37</ele>
				<time>2024-05-24T09:50:37</time>
			</trkpt>
			<trkpt lat="48.889760971069336" lon="3.3285248279571533">
				<ele>177.49</ele>
				<time>2024-05-24T09:50:41</time>
			</trkpt>
			<trkpt lat="48.88990044593811" lon="3.3286213874816895">
				<ele>177.56</ele>
				<time>2024-05-24T09:50:43</time>
			</trkpt>
			<trkpt lat="48.890050649642944" lon="3.328578472137451">
				<ele>177.62</ele>
				<time>2024-05-24T09:50:46</time>
			</trkpt>
			<trkpt lat="48.89076956547797" lon="3.3281707763671875">
				<ele>177.71</ele>
				<time>2024-05-24T09:50:57</time>
			</trkpt>
			<trkpt lat="48.89085531234741" lon="3.328213691711426">
				<ele>177.93</ele>
				<time>2024-05-24T09:50:58</time>
			</trkpt>
			<trkpt lat="48.89093041419983" lon="3.3282995223999023">
				<ele>178.2</ele>
				<time>2024-05-24T09:50:59</time>
			</trkpt>
			<trkpt lat="48.89118799008429" lon="3.3289432525634766">
				<ele>178.56</ele>
				<time>2024-05-24T09:51:06</time>
			</trkpt>
			<trkpt lat="48.891295194625854" lon="3.3291900157928467">
				<ele>178.78</ele>
				<time>2024-05-24T09:51:09</time>
			</trkpt>
			<trkpt lat="48.892271518707275" lon="3.331679105758667">
				<ele>179.0</ele>
				<time>2024-05-24T09:51:36</time>
			</trkpt>
			<trkpt lat="48.892496824264526" lon="3.3320116996765137">
				<ele>179.02</ele>
				<time>2024-05-24T09:51:41</time>
			</trkpt>
			<trkpt lat="48.89273285865784" lon="3.332183361053467">
				<ele>178.93</ele>
				<time>2024-05-24T09:51:44</time>
			</trkpt>
			<trkpt lat="48.89309763908386" lon="3.3322906494140625">
				<ele>178.82</ele>
				<time>2024-05-24T09:51:50</time>
			</trkpt>
			<trkpt lat="48.89462113380432" lon="3.3326125144958496">
				<ele>178.22</ele>
				<time>2024-05-24T09:52:12</time>
			</trkpt>
			<trkpt lat="48.89561891555786" lon="3.3332455158233643">
				<ele>177.94</ele>
				<time>2024-05-24T09:52:27</time>
			</trkpt>
			<trkpt lat="48.89566191472113" lon="3.333481550216675">
				<ele>177.8</ele>
				<time>2024-05-24T09:52:30</time>
			</trkpt>
			<trkpt lat="48.8956618309021" lon="3.333481550216675">
				<ele>177.68</ele>
				<time>2024-05-24T09:52:30</time>
			</trkpt>
			<trkpt lat="48.895141230896115" lon="3.334758533164859">
				<ele>176.82</ele>
				<time>2024-05-24T09:52:44</time>
			</trkpt>
			<trkpt lat="48.895141733810306" lon="3.334757359698415">
				<ele>176.82</ele>
				<time>2024-05-24T09:52:44</time>
			</trkpt>
			<trkpt lat="48.89509320259094" lon="3.334876298904419">
				<ele>176.93</ele>
				<time>2024-05-24T09:52:45</time>
			</trkpt>
			<trkpt lat="48.89486789703369" lon="3.335498571395874">
				<ele>177.52</ele>
				<time>2024-05-24T09:52:52</time>
			</trkpt>
			<trkpt lat="48.894792795181274" lon="3.335648775100708">
				<ele>177.89</ele>
				<time>2024-05-24T09:52:53</time>
			</trkpt>
			<trkpt lat="48.8945996761322" lon="3.3358633518218994">
				<ele>178.22</ele>
				<time>2024-05-24T09:52:57</time>
			</trkpt>
			<trkpt lat="48.89437437057495" lon="3.3360564708709717">
				<ele>178.48</ele>
				<time>2024-05-24T09:53:01</time>
			</trkpt>
			<trkpt lat="48.894202709198" lon="3.3363890647888184">
				<ele>178.93</ele>
				<time>2024-05-24T09:53:05</time>
			</trkpt>
			<trkpt lat="48.8940954208374" lon="3.336668014526367">
				<ele>179.31</ele>
				<time>2024-05-24T09:53:08</time>
			</trkpt>
			<trkpt lat="48.89391303062439" lon="3.3372366428375244">
				<ele>179.77</ele>
				<time>2024-05-24T09:53:14</time>
			</trkpt>
			<trkpt lat="48.89370918273926" lon="3.3375906944274902">
				<ele>180.1</ele>
				<time>2024-05-24T09:53:18</time>
			</trkpt>
			<trkpt lat="48.89345169067383" lon="3.3379340171813965">
				<ele>180.42</ele>
				<time>2024-05-24T09:53:23</time>
			</trkpt>
			<trkpt lat="48.89315128326416" lon="3.3382880687713623">
				<ele>180.84</ele>
				<time>2024-05-24T09:53:28</time>
			</trkpt>
			<trkpt lat="48.89260411262512" lon="3.339146375656128">
				<ele>181.43</ele>
				<time>2024-05-24T09:53:40</time>
			</trkpt>
			<trkpt lat="48.892292976379395" lon="3.3395111560821533">
				<ele>182.04</ele>
				<time>2024-05-24T09:53:45</time>
			</trkpt>
			<trkpt lat="48.89215350151062" lon="3.3397793769836426">
				<ele>182.61</ele>
				<time>2024-05-24T09:53:48</time>
			</trkpt>
			<trkpt lat="48.892014026641846" lon="3.3400583267211914">
				<ele>183.28</ele>
				<time>2024-05-24T09:53:52</time>
			</trkpt>
			<trkpt lat="48.89170289039612" lon="3.340487480163574">
				<ele>183.89</ele>
				<time>2024-05-24T09:53:58</time>
			</trkpt>
			<trkpt lat="48.89074810780585" lon="3.3416569232940674">
				<ele>184.96</ele>
				<time>2024-05-24T09:54:15</time>
			</trkpt>
			<trkpt lat="48.890597904101014" lon="3.34183931350708">
				<ele>185.9</ele>
				<time>2024-05-24T09:54:18</time>
			</trkpt>
			<trkpt lat="48.88916015625" lon="3.3435022830963135">
				<ele>186.96</ele>
				<time>2024-05-24T09:54:44</time>
			</trkpt>
			<trkpt lat="48.88887047767639" lon="3.3438563346862793">
				<ele>188.02</ele>
				<time>2024-05-24T09:54:49</time>
			</trkpt>
			<trkpt lat="48.888570070266724" lon="3.344317674636841">
				<ele>189.15</ele>
				<time>2024-05-24T09:54:55</time>
			</trkpt>
			<trkpt lat="48.888301849365234" lon="3.344757556915283">
				<ele>190.36</ele>
				<time>2024-05-24T09:55:01</time>
			</trkpt>
			<trkpt lat="48.88790488243103" lon="3.3454978466033936">
				<ele>191.62</ele>
				<time>2024-05-24T09:55:10</time>
			</trkpt>
			<trkpt lat="48.887314796447754" lon="3.346281051635742">
				<ele>192.45</ele>
				<time>2024-05-24T09:55:21</time>
			</trkpt>
			<trkpt lat="48.88711094856262" lon="3.3466029167175293">
				<ele>192.95</ele>
				<time>2024-05-24T09:55:25</time>
			</trkpt>
			<trkpt lat="48.88692855834961" lon="3.346935510635376">
				<ele>193.36</ele>
				<time>2024-05-24T09:55:29</time>
			</trkpt>
			<trkpt lat="48.88647794723511" lon="3.3478689193725586">
				<ele>193.44</ele>
				<time>2024-05-24T09:55:40</time>
			</trkpt>
			<trkpt lat="48.88623118400574" lon="3.348512649536133">
				<ele>193.46</ele>
				<time>2024-05-24T09:55:47</time>
			</trkpt>
			<trkpt lat="48.885759115219116" lon="3.349853754043579">
				<ele>193.39</ele>
				<time>2024-05-24T09:56:01</time>
			</trkpt>
			<trkpt lat="48.88566255569458" lon="3.3501970767974854">
				<ele>193.21</ele>
				<time>2024-05-24T09:56:05</time>
			</trkpt>
			<trkpt lat="48.88561964035034" lon="3.3504223823547363">
				<ele>193.01</ele>
				<time>2024-05-24T09:56:07</time>
			</trkpt>
			<trkpt lat="48.885523080825806" lon="3.351151943206787">
				<ele>192.85</ele>
				<time>2024-05-24T09:56:14</time>
			</trkpt>
			<trkpt lat="48.88542652130127" lon="3.3515703678131104">
				<ele>192.67</ele>
				<time>2024-05-24T09:56:18</time>
			</trkpt>
			<trkpt lat="48.88524413108826" lon="3.351956605911255">
				<ele>192.48</ele>
				<time>2024-05-24T09:56:23</time>
			</trkpt>
			<trkpt lat="48.88464340008795" lon="3.353029489517212">
				<ele>192.1</ele>
				<time>2024-05-24T09:56:36</time>
			</trkpt>
			<trkpt lat="48.88464331626892" lon="3.353029489517212">
				<ele>191.78</ele>
				<time>2024-05-24T09:56:36</time>
			</trkpt>
			<trkpt lat="48.88439655303955" lon="3.353501558303833">
				<ele>191.33</ele>
				<time>2024-05-24T09:56:42</time>
			</trkpt>
			<trkpt lat="48.88375282287598" lon="3.355346918106079">
				<ele>190.7</ele>
				<time>2024-05-24T09:57:01</time>
			</trkpt>
			<trkpt lat="48.88395667076111" lon="3.3555078506469727">
				<ele>190.41</ele>
				<time>2024-05-24T09:57:05</time>
			</trkpt>
			<trkpt lat="48.88409614562988" lon="3.355647325515747">
				<ele>190.21</ele>
				<time>2024-05-24T09:57:07</time>
			</trkpt>
			<trkpt lat="48.88419270515442" lon="3.3557546138763428">
				<ele>190.06</ele>
				<time>2024-05-24T09:57:09</time>
			</trkpt>
			<trkpt lat="48.88421416282654" lon="3.355851173400879">
				<ele>189.98</ele>
				<time>2024-05-24T09:57:10</time>
			</trkpt>
			<trkpt lat="48.8841712474823" lon="3.356119394302368">
				<ele>189.98</ele>
				<time>2024-05-24T09:57:12</time>
			</trkpt>
			<trkpt lat="48.88408541679382" lon="3.3564090728759766">
				<ele>189.97</ele>
				<time>2024-05-24T09:57:15</time>
			</trkpt>
			<trkpt lat="48.884074687957764" lon="3.3565807342529297">
				<ele>189.99</ele>
				<time>2024-05-24T09:57:17</time>
			</trkpt>
			<trkpt lat="48.884074687957764" lon="3.356773853302002">
				<ele>190.06</ele>
				<time>2024-05-24T09:57:19</time>
			</trkpt>
			<trkpt lat="48.884117687121034" lon="3.3570313453674316">
				<ele>190.19</ele>
				<time>2024-05-24T09:57:21</time>
			</trkpt>
			<trkpt lat="48.88426789082587" lon="3.3573853969573975">
				<ele>190.37</ele>
				<time>2024-05-24T09:57:25</time>
			</trkpt>
			<trkpt lat="48.88462194241583" lon="3.3580613136291504">
				<ele>190.6</ele>
				<time>2024-05-24T09:57:33</time>
			</trkpt>
			<trkpt lat="48.8847291469574" lon="3.358222246170044">
				<ele>190.85</ele>
				<time>2024-05-24T09:57:35</time>
			</trkpt>
			<trkpt lat="48.88483643531799" lon="3.358340263366699">
				<ele>191.08</ele>
				<time>2024-05-24T09:57:37</time>
			</trkpt>
			<trkpt lat="48.88497591018677" lon="3.3584046363830566">
				<ele>191.26</ele>
				<time>2024-05-24T09:57:39</time>
			</trkpt>
			<trkpt lat="48.88509392738342" lon="3.358447551727295">
				<ele>191.39</ele>
				<time>2024-05-24T09:57:41</time>
			</trkpt>
			<trkpt lat="48.8855767250061" lon="3.3584797382354736">
				<ele>191.51</ele>
				<time>2024-05-24T09:57:48</time>
			</trkpt>
			<trkpt lat="48.88571619987488" lon="3.3585119247436523">
				<ele>191.52</ele>
				<time>2024-05-24T09:57:50</time>
			</trkpt>
			<trkpt lat="48.88588786125183" lon="3.358619213104248">
				<ele>191.42</ele>
				<time>2024-05-24T09:57:53</time>
			</trkpt>
			<trkpt lat="48.8861882686615" lon="3.3589303493499756">
				<ele>191.24</ele>
				<time>2024-05-24T09:57:58</time>
			</trkpt>
			<trkpt lat="48.886778354644775" lon="3.3597350120544434">
				<ele>190.9</ele>
				<time>2024-05-24T09:58:09</time>
			</trkpt>
			<trkpt lat="48.88695001602173" lon="3.3599281311035156">
				<ele>190.35</ele>
				<time>2024-05-24T09:58:12</time>
			</trkpt>
			<trkpt lat="48.887347066774964" lon="3.360271453857422">
				<ele>189.59</ele>
				<time>2024-05-24T09:58:19</time>
			</trkpt>
			<trkpt lat="48.88734698295593" lon="3.360271453857422">
				<ele>188.63</ele>
				<time>2024-05-24T09:58:19</time>
			</trkpt>
			<trkpt lat="48.88594158925116" lon="3.3611297607421875">
				<ele>187.03</ele>
				<time>2024-05-24T09:58:40</time>
			</trkpt>
			<trkpt lat="48.884310722351074" lon="3.3621275424957275">
				<ele>185.21</ele>
				<time>2024-05-24T09:59:06</time>
			</trkpt>
			<trkpt lat="48.883559703826904" lon="3.362610340118408">
				<ele>183.69</ele>
				<time>2024-05-24T09:59:17</time>
			</trkpt>
			<trkpt lat="48.88349533081055" lon="3.362663984298706">
				<ele>182.2</ele>
				<time>2024-05-24T09:59:18</time>
			</trkpt>
			<trkpt lat="48.88340950012207" lon="3.3627820014953613">
				<ele>180.61</ele>
				<time>2024-05-24T09:59:20</time>
			</trkpt>
			<trkpt lat="48.88333439826965" lon="3.3629965782165527">
				<ele>178.94</ele>
				<time>2024-05-24T09:59:22</time>
			</trkpt>
			<trkpt lat="48.883076906204224" lon="3.3640265464782715">
				<ele>177.04</ele>
				<time>2024-05-24T09:59:33</time>
			</trkpt>
			<trkpt lat="48.883023262023926" lon="3.3641767501831055">
				<ele>175.34</ele>
				<time>2024-05-24T09:59:34</time>
			</trkpt>
			<trkpt lat="48.88295888900757" lon="3.364284038543701">
				<ele>173.61</ele>
				<time>2024-05-24T09:59:36</time>
			</trkpt>
			<trkpt lat="48.88287305831909" lon="3.3643698692321777">
				<ele>171.82</ele>
				<time>2024-05-24T09:59:37</time>
			</trkpt>
			<trkpt lat="48.88269075192511" lon="3.3644235134124756">
				<ele>170.0</ele>
				<time>2024-05-24T09:59:40</time>
			</trkpt>
			<trkpt lat="48.882508277893066" lon="3.36431622505188">
				<ele>168.18</ele>
				<time>2024-05-24T09:59:43</time>
			</trkpt>
			<trkpt lat="48.88239026069641" lon="3.364187479019165">
				<ele>166.37</ele>
				<time>2024-05-24T09:59:45</time>
			</trkpt>
			<trkpt lat="48.88222932815552" lon="3.3639299869537354">
				<ele>164.47</ele>
				<time>2024-05-24T09:59:48</time>
			</trkpt>
			<trkpt lat="48.88198256492615" lon="3.3634042739868164">
				<ele>162.48</ele>
				<time>2024-05-24T09:59:54</time>
			</trkpt>
			<trkpt lat="48.881617868319154" lon="3.363093137741089">
				<ele>160.13</ele>
				<time>2024-05-24T10:00:00</time>
			</trkpt>
			<trkpt lat="48.881285190582275" lon="3.362588882446289">
				<ele>157.99</ele>
				<time>2024-05-24T10:00:07</time>
			</trkpt>
			<trkpt lat="48.881016969680786" lon="3.3622241020202637">
				<ele>155.86</ele>
				<time>2024-05-24T10:00:12</time>
			</trkpt>
			<trkpt lat="48.88067364692688" lon="3.3618271350860596">
				<ele>153.34</ele>
				<time>2024-05-24T10:00:18</time>
			</trkpt>
			<trkpt lat="48.88048052787781" lon="3.361644744873047">
				<ele>150.88</ele>
				<time>2024-05-24T10:00:21</time>
			</trkpt>
			<trkpt lat="48.880319595336914" lon="3.361515998840332">
				<ele>148.45</ele>
				<time>2024-05-24T10:00:24</time>
			</trkpt>
			<trkpt lat="48.87967586517334" lon="3.3611297607421875">
				<ele>145.73</ele>
				<time>2024-05-24T10:00:34</time>
			</trkpt>
			<trkpt lat="48.87919306755066" lon="3.3607327938079834">
				<ele>143.46</ele>
				<time>2024-05-24T10:00:42</time>
			</trkpt>
			<trkpt lat="48.8786244392395" lon="3.360464572906494">
				<ele>140.69</ele>
				<time>2024-05-24T10:00:50</time>
			</trkpt>
			<trkpt lat="48.87834548950195" lon="3.3603250980377197">
				<ele>137.86</ele>
				<time>2024-05-24T10:00:54</time>
			</trkpt>
			<trkpt lat="48.87762665748596" lon="3.359917402267456">
				<ele>134.87</ele>
				<time>2024-05-24T10:01:05</time>
			</trkpt>
			<trkpt lat="48.87725114822388" lon="3.3596384525299072">
				<ele>132.51</ele>
				<time>2024-05-24T10:01:11</time>
			</trkpt>
			<trkpt lat="48.87699365615845" lon="3.3594560623168945">
				<ele>130.11</ele>
				<time>2024-05-24T10:01:15</time>
			</trkpt>
			<trkpt lat="48.87684345245361" lon="3.359391689300537">
				<ele>127.62</ele>
				<time>2024-05-24T10:01:18</time>
			</trkpt>
			<trkpt lat="48.87668251991272" lon="3.3593809604644775">
				<ele>125.04</ele>
				<time>2024-05-24T10:01:20</time>
			</trkpt>
			<trkpt lat="48.876521587371826" lon="3.3594346046447754">
				<ele>122.39</ele>
				<time>2024-05-24T10:01:22</time>
			</trkpt>
			<trkpt lat="48.87641429901123" lon="3.3594882488250732">
				<ele>119.75</ele>
				<time>2024-05-24T10:01:24</time>
			</trkpt>
			<trkpt lat="48.876307010650635" lon="3.35957407951355">
				<ele>117.07</ele>
				<time>2024-05-24T10:01:26</time>
			</trkpt>
			<trkpt lat="48.8757061958313" lon="3.3603787422180176">
				<ele>113.77</ele>
				<time>2024-05-24T10:01:37</time>
			</trkpt>
			<trkpt lat="48.87560963630676" lon="3.3605289459228516">
				<ele>111.68</ele>
				<time>2024-05-24T10:01:39</time>
			</trkpt>
			<trkpt lat="48.8755560759455" lon="3.360722064971924">
				<ele>109.78</ele>
				<time>2024-05-24T10:01:41</time>
			</trkpt>
			<trkpt lat="48.875566720962524" lon="3.36106538772583">
				<ele>108.0</ele>
				<time>2024-05-24T10:01:44</time>
			</trkpt>
			<trkpt lat="48.87563109397888" lon="3.3613014221191406">
				<ele>106.49</ele>
				<time>2024-05-24T10:01:47</time>
			</trkpt>
			<trkpt lat="48.87569546699524" lon="3.361462354660034">
				<ele>105.03</ele>
				<time>2024-05-24T10:01:48</time>
			</trkpt>
			<trkpt lat="48.876038789749146" lon="3.3620309829711914">
				<ele>103.61</ele>
				<time>2024-05-24T10:01:56</time>
			</trkpt>
			<trkpt lat="48.87640357017517" lon="3.362470865249634">
				<ele>102.3</ele>
				<time>2024-05-24T10:02:02</time>
			</trkpt>
			<trkpt lat="48.87659668922424" lon="3.3627712726593018">
				<ele>101.22</ele>
				<time>2024-05-24T10:02:06</time>
			</trkpt>
			<trkpt lat="48.87663960456848" lon="3.362910747528076">
				<ele>100.3</ele>
				<time>2024-05-24T10:02:08</time>
			</trkpt>
			<trkpt lat="48.87667179107666" lon="3.3630502223968506">
				<ele>99.47</ele>
				<time>2024-05-24T10:02:09</time>
			</trkpt>
			<trkpt lat="48.87667179107666" lon="3.3632218837738037">
				<ele>98.75</ele>
				<time>2024-05-24T10:02:11</time>
			</trkpt>
			<trkpt lat="48.87662887573242" lon="3.3635330200195312">
				<ele>98.22</ele>
				<time>2024-05-24T10:02:14</time>
			</trkpt>
			<trkpt lat="48.876575231552124" lon="3.3636724948883057">
				<ele>97.93</ele>
				<time>2024-05-24T10:02:15</time>
			</trkpt>
			<trkpt lat="48.87650012969971" lon="3.363790512084961">
				<ele>97.73</ele>
				<time>2024-05-24T10:02:17</time>
			</trkpt>
			<trkpt lat="48.87643584050238" lon="3.363865613937378">
				<ele>97.61</ele>
				<time>2024-05-24T10:02:18</time>
			</trkpt>
			<trkpt lat="48.87643575668335" lon="3.363865613937378">
				<ele>97.53</ele>
				<time>2024-05-24T10:02:18</time>
			</trkpt>
			<trkpt lat="48.876307010650635" lon="3.3640050888061523">
				<ele>97.49</ele>
				<time>2024-05-24T10:02:20</time>
			</trkpt>
			<trkpt lat="48.87612462043762" lon="3.364133834838867">
				<ele>97.32</ele>
				<time>2024-05-24T10:02:23</time>
			</trkpt>
			<trkpt lat="48.87594860047102" lon="3.3642315678298473">
				<ele>97.25</ele>
				<time>2024-05-24T10:02:26</time>
			</trkpt>
			<trkpt lat="48.87594751082361" lon="3.364232238382101">
				<ele>97.25</ele>
				<time>2024-05-24T10:02:26</time>
			</trkpt>
			<trkpt lat="48.87573838233948" lon="3.3643484115600586">
				<ele>96.7</ele>
				<time>2024-05-24T10:02:29</time>
			</trkpt>
			<trkpt lat="48.8752019405365" lon="3.36480975151062">
				<ele>96.7</ele>
				<time>2024-05-24T10:02:38</time>
			</trkpt>
			<trkpt lat="48.87498736381531" lon="3.365110158920288">
				<ele>96.51</ele>
				<time>2024-05-24T10:02:42</time>
			</trkpt>
			<trkpt lat="48.874837160110474" lon="3.365410566329956">
				<ele>96.17</ele>
				<time>2024-05-24T10:02:45</time>
			</trkpt>
			<trkpt lat="48.87476205825806" lon="3.365485668182373">
				<ele>95.91</ele>
				<time>2024-05-24T10:02:47</time>
			</trkpt>
			<trkpt lat="48.87469776906073" lon="3.3654534816741943">
				<ele>95.74</ele>
				<time>2024-05-24T10:02:48</time>
			</trkpt>
			<trkpt lat="48.87380727566779" lon="3.3649277687072754">
				<ele>95.51</ele>
				<time>2024-05-24T10:03:01</time>
			</trkpt>
			<trkpt lat="48.87362480163574" lon="3.36480975151062">
				<ele>95.47</ele>
				<time>2024-05-24T10:03:04</time>
			</trkpt>
			<trkpt lat="48.87324937619269" lon="3.364691734313965">
				<ele>95.79</ele>
				<time>2024-05-24T10:03:10</time>
			</trkpt>
			<trkpt lat="48.873088443651795" lon="3.364691734313965">
				<ele>96.26</ele>
				<time>2024-05-24T10:03:12</time>
			</trkpt>
			<trkpt lat="48.87292742729187" lon="3.364659547805786">
				<ele>96.83</ele>
				<time>2024-05-24T10:03:14</time>
			</trkpt>
			<trkpt lat="48.872798681259155" lon="3.364659547805786">
				<ele>97.55</ele>
				<time>2024-05-24T10:03:16</time>
			</trkpt>
			<trkpt lat="48.872541189193726" lon="3.364766836166382">
				<ele>98.64</ele>
				<time>2024-05-24T10:03:20</time>
			</trkpt>
			<trkpt lat="48.87249827384949" lon="3.3647453784942627">
				<ele>99.65</ele>
				<time>2024-05-24T10:03:21</time>
			</trkpt>
			<trkpt lat="48.87241244316101" lon="3.3646702766418457">
				<ele>100.79</ele>
				<time>2024-05-24T10:03:22</time>
			</trkpt>
			<trkpt lat="48.872101390734315" lon="3.364133834838867">
				<ele>102.1</ele>
				<time>2024-05-24T10:03:29</time>
			</trkpt>
			<trkpt lat="48.87210130691528" lon="3.364133834838867">
				<ele>103.35</ele>
				<time>2024-05-24T10:03:29</time>
			</trkpt>
			<trkpt lat="48.87201547622681" lon="3.3640050888061523">
				<ele>104.74</ele>
				<time>2024-05-24T10:03:30</time>
			</trkpt>
			<trkpt lat="48.87163996696472" lon="3.3633720874786377">
				<ele>106.39</ele>
				<time>2024-05-24T10:03:38</time>
			</trkpt>
			<trkpt lat="48.87144684791565" lon="3.3631467819213867">
				<ele>108.15</ele>
				<time>2024-05-24T10:03:42</time>
			</trkpt>
			<trkpt lat="48.87112498283386" lon="3.3628571033477783">
				<ele>110.03</ele>
				<time>2024-05-24T10:03:47</time>
			</trkpt>
			<trkpt lat="48.870610082522035" lon="3.362492322921753">
				<ele>112.27</ele>
				<time>2024-05-24T10:03:55</time>
			</trkpt>
			<trkpt lat="48.870384776964784" lon="3.362363576889038">
				<ele>114.53</ele>
				<time>2024-05-24T10:03:59</time>
			</trkpt>
			<trkpt lat="48.869279623031616" lon="3.3623850345611572">
				<ele>117.31</ele>
				<time>2024-05-24T10:04:15</time>
			</trkpt>
			<trkpt lat="48.86866807937622" lon="3.362267017364502">
				<ele>120.29</ele>
				<time>2024-05-24T10:04:23</time>
			</trkpt>
			<trkpt lat="48.86790633201599" lon="3.3619773387908936">
				<ele>122.95</ele>
				<time>2024-05-24T10:04:35</time>
			</trkpt>
			<trkpt lat="48.86736989021301" lon="3.3616769313812256">
				<ele>125.9</ele>
				<time>2024-05-24T10:04:43</time>
			</trkpt>
			<trkpt lat="48.867069482803345" lon="3.3613765239715576">
				<ele>128.6</ele>
				<time>2024-05-24T10:04:48</time>
			</trkpt>
			<trkpt lat="48.866844177246094" lon="3.3613550662994385">
				<ele>131.34</ele>
				<time>2024-05-24T10:04:51</time>
			</trkpt>
			<trkpt lat="48.86667251586914" lon="3.36156964302063">
				<ele>134.27</ele>
				<time>2024-05-24T10:04:54</time>
			</trkpt>
			<trkpt lat="48.86691927909851" lon="3.3638978004455566">
				<ele>138.22</ele>
				<time>2024-05-24T10:05:17</time>
			</trkpt>
			<trkpt lat="48.86695154942572" lon="3.3641445636749268">
				<ele>141.02</ele>
				<time>2024-05-24T10:05:19</time>
			</trkpt>
			<trkpt lat="48.86695146560669" lon="3.3641445636749268">
				<ele>143.69</ele>
				<time>2024-05-24T10:05:19</time>
			</trkpt>
			<trkpt lat="48.867048025131226" lon="3.3650994300842285">
				<ele>146.42</ele>
				<time>2024-05-24T10:05:28</time>
			</trkpt>
			<trkpt lat="48.86747717857361" lon="3.3678030967712402">
				<ele>149.78</ele>
				<time>2024-05-24T10:05:54</time>
			</trkpt>
			<trkpt lat="48.86749863624573" lon="3.3681249618530273">
				<ele>152.08</ele>
				<time>2024-05-24T10:05:57</time>
			</trkpt>
			<trkpt lat="48.86747717857361" lon="3.3684468269348145">
				<ele>154.37</ele>
				<time>2024-05-24T10:06:00</time>
			</trkpt>
			<trkpt lat="48.86743426322937" lon="3.368736505508423">
				<ele>156.4</ele>
				<time>2024-05-24T10:06:03</time>
			</trkpt>
			<trkpt lat="48.86738061904907" lon="3.3689725399017334">
				<ele>158.38</ele>
				<time>2024-05-24T10:06:05</time>
			</trkpt>
			<trkpt lat="48.86730560101569" lon="3.3691763877868652">
				<ele>160.2</ele>
				<time>2024-05-24T10:06:08</time>
			</trkpt>
			<trkpt lat="48.86685490608215" lon="3.370453119277954">
				<ele>162.31</ele>
				<time>2024-05-24T10:06:21</time>
			</trkpt>
			<trkpt lat="48.86671543121338" lon="3.370678424835205">
				<ele>163.68</ele>
				<time>2024-05-24T10:06:24</time>
			</trkpt>
			<trkpt lat="48.866575956344604" lon="3.3707964420318604">
				<ele>165.08</ele>
				<time>2024-05-24T10:06:26</time>
			</trkpt>
			<trkpt lat="48.86646866798401" lon="3.3708608150482178">
				<ele>166.33</ele>
				<time>2024-05-24T10:06:28</time>
			</trkpt>
			<trkpt lat="48.8664258364588" lon="3.3708608150482178">
				<ele>167.43</ele>
				<time>2024-05-24T10:06:29</time>
			</trkpt>
			<trkpt lat="48.86642575263977" lon="3.3708608150482178">
				<ele>168.43</ele>
				<time>2024-05-24T10:06:29</time>
			</trkpt>
			<trkpt lat="48.86635065078735" lon="3.370850086212158">
				<ele>169.49</ele>
				<time>2024-05-24T10:06:30</time>
			</trkpt>
			<trkpt lat="48.86620044708252" lon="3.3707964420318604">
				<ele>170.59</ele>
				<time>2024-05-24T10:06:32</time>
			</trkpt>
			<trkpt lat="48.86591076850891" lon="3.3704209327697754">
				<ele>171.68</ele>
				<time>2024-05-24T10:06:37</time>
			</trkpt>
			<trkpt lat="48.86576056480408" lon="3.370109796524048">
				<ele>172.6</ele>
				<time>2024-05-24T10:06:41</time>
			</trkpt>
			<trkpt lat="48.865545988082886" lon="3.369734287261963">
				<ele>173.31</ele>
				<time>2024-05-24T10:06:46</time>
			</trkpt>
			<trkpt lat="48.86532076634467" lon="3.3694982528686523">
				<ele>174.06</ele>
				<time>2024-05-24T10:06:50</time>
			</trkpt>
			<trkpt lat="48.8651704788208" lon="3.3693480491638184">
				<ele>174.86</ele>
				<time>2024-05-24T10:06:52</time>
			</trkpt>
			<trkpt lat="48.86502027511597" lon="3.3692514896392822">
				<ele>175.83</ele>
				<time>2024-05-24T10:06:55</time>
			</trkpt>
			<trkpt lat="48.86465549468994" lon="3.368929624557495">
				<ele>176.95</ele>
				<time>2024-05-24T10:07:01</time>
			</trkpt>
			<trkpt lat="48.86411905288696" lon="3.3684146404266357">
				<ele>177.61</ele>
				<time>2024-05-24T10:07:10</time>
			</trkpt>
			<trkpt lat="48.86396926827729" lon="3.368236357346177">
				<ele>179.72</ele>
				<time>2024-05-24T10:07:12</time>
			</trkpt>
			<trkpt lat="48.86396834626794" lon="3.368235267698765">
				<ele>179.74</ele>
				<time>2024-05-24T10:07:12</time>
			</trkpt>
			<trkpt lat="48.86366844177246" lon="3.3678781986236572">
				<ele>181.28</ele>
				<time>2024-05-24T10:07:18</time>
			</trkpt>
			<trkpt lat="48.86338949203491" lon="3.367588520050049">
				<ele>182.85</ele>
				<time>2024-05-24T10:07:23</time>
			</trkpt>
			<trkpt lat="48.8631534576416" lon="3.367534875869751">
				<ele>184.23</ele>
				<time>2024-05-24T10:07:26</time>
			</trkpt>
			<trkpt lat="48.86291742324829" lon="3.3676207065582275">
				<ele>185.5</ele>
				<time>2024-05-24T10:07:30</time>
			</trkpt>
			<trkpt lat="48.862327337265015" lon="3.3645522594451904">
				<ele>186.33</ele>
				<time>2024-05-24T10:08:00</time>
			</trkpt>
			<trkpt lat="48.8621985912323" lon="3.36405873298645">
				<ele>187.33</ele>
				<time>2024-05-24T10:08:05</time>
			</trkpt>
			<trkpt lat="48.86188745498657" lon="3.363136053085327">
				<ele>188.23</ele>
				<time>2024-05-24T10:08:14</time>
			</trkpt>
			<trkpt lat="48.8616943359375" lon="3.3626961708068848">
				<ele>189.13</ele>
				<time>2024-05-24T10:08:19</time>
			</trkpt>
			<trkpt lat="48.86162996292114" lon="3.3625781536102295">
				<ele>189.97</ele>
				<time>2024-05-24T10:08:21</time>
			</trkpt>
			<trkpt lat="48.861318826675415" lon="3.3620524406433105">
				<ele>190.92</ele>
				<time>2024-05-24T10:08:27</time>
			</trkpt>
			<trkpt lat="48.86092185974121" lon="3.361462354660034">
				<ele>192.19</ele>
				<time>2024-05-24T10:08:35</time>
			</trkpt>
			<trkpt lat="48.86069655418396" lon="3.3612585067749023">
				<ele>193.73</ele>
				<time>2024-05-24T10:08:39</time>
			</trkpt>
			<trkpt lat="48.86037468910217" lon="3.36106538772583">
				<ele>195.25</ele>
				<time>2024-05-24T10:08:44</time>
			</trkpt>
			<trkpt lat="48.860063552856445" lon="3.3610332012176514">
				<ele>196.64</ele>
				<time>2024-05-24T10:08:48</time>
			</trkpt>
			<trkpt lat="48.857842683792114" lon="3.3614516258239746">
				<ele>198.88</ele>
				<time>2024-05-24T10:09:20</time>
			</trkpt>
			<trkpt lat="48.857585191726685" lon="3.361462354660034">
				<ele>200.2</ele>
				<time>2024-05-24T10:09:24</time>
			</trkpt>
			<trkpt lat="48.857295513153076" lon="3.361419439315796">
				<ele>201.17</ele>
				<time>2024-05-24T10:09:28</time>
			</trkpt>
			<trkpt lat="48.85686635971069" lon="3.361215591430664">
				<ele>201.77</ele>
				<time>2024-05-24T10:09:35</time>
			</trkpt>
			<trkpt lat="48.85714530944824" lon="3.3590269088745117">
				<ele>202.51</ele>
				<time>2024-05-24T10:09:56</time>
			</trkpt>
			<trkpt lat="48.85722041130066" lon="3.3587801456451416">
				<ele>203.08</ele>
				<time>2024-05-24T10:09:58</time>
			</trkpt>
			<trkpt lat="48.857349157333374" lon="3.3584368228912354">
				<ele>203.52</ele>
				<time>2024-05-24T10:10:02</time>
			</trkpt>
			<trkpt lat="48.85752081871033" lon="3.3580613136291504">
				<ele>203.61</ele>
				<time>2024-05-24T10:10:06</time>
			</trkpt>
			<trkpt lat="48.858110988512635" lon="3.3570313453674316">
				<ele>203.23</ele>
				<time>2024-05-24T10:10:19</time>
			</trkpt>
			<trkpt lat="48.85837912559509" lon="3.3565914630889893">
				<ele>202.8</ele>
				<time>2024-05-24T10:10:25</time>
			</trkpt>
			<trkpt lat="48.85843276977539" lon="3.3564627170562744">
				<ele>202.08</ele>
				<time>2024-05-24T10:10:26</time>
			</trkpt>
			<trkpt lat="48.85849714279175" lon="3.3561837673187256">
				<ele>201.08</ele>
				<time>2024-05-24T10:10:29</time>
			</trkpt>
			<trkpt lat="48.85848641395569" lon="3.356001377105713">
				<ele>199.88</ele>
				<time>2024-05-24T10:10:31</time>
			</trkpt>
			<trkpt lat="48.85830410756171" lon="3.35382342338562">
				<ele>197.77</ele>
				<time>2024-05-24T10:10:51</time>
			</trkpt>
			<trkpt lat="48.85828264988959" lon="3.3536410331726074">
				<ele>195.74</ele>
				<time>2024-05-24T10:10:53</time>
			</trkpt>
			<trkpt lat="48.85825037956238" lon="3.353426456451416">
				<ele>192.86</ele>
				<time>2024-05-24T10:10:55</time>
			</trkpt>
			<trkpt lat="48.85729601606727" lon="3.350572669878602">
				<ele>180.89</ele>
				<time>2024-05-24T10:11:25</time>
			</trkpt>
			<trkpt lat="48.857297440990806" lon="3.3505769446492195">
				<ele>180.89</ele>
				<time>2024-05-24T10:11:25</time>
			</trkpt>
			<trkpt lat="48.85714530944824" lon="3.3501219749450684">
				<ele>180.1</ele>
				<time>2024-05-24T10:11:30</time>
			</trkpt>
			<trkpt lat="48.85713458061218" lon="3.350003957748413">
				<ele>179.47</ele>
				<time>2024-05-24T10:11:31</time>
			</trkpt>
			<trkpt lat="48.85714530944824" lon="3.349885940551758">
				<ele>178.85</ele>
				<time>2024-05-24T10:11:32</time>
			</trkpt>
			<trkpt lat="48.85718822479248" lon="3.349778652191162">
				<ele>178.19</ele>
				<time>2024-05-24T10:11:34</time>
			</trkpt>
			<trkpt lat="48.85725259780884" lon="3.3496713638305664">
				<ele>177.5</ele>
				<time>2024-05-24T10:11:35</time>
			</trkpt>
			<trkpt lat="48.85737061500549" lon="3.349628448486328">
				<ele>176.62</ele>
				<time>2024-05-24T10:11:37</time>
			</trkpt>
			<trkpt lat="48.85748871602118" lon="3.3496499061584473">
				<ele>175.63</ele>
				<time>2024-05-24T10:11:38</time>
			</trkpt>
			<trkpt lat="48.8582718372345" lon="3.350551128387451">
				<ele>174.5</ele>
				<time>2024-05-24T10:11:52</time>
			</trkpt>
			<trkpt lat="48.85870099067688" lon="3.350926637649536">
				<ele>173.61</ele>
				<time>2024-05-24T10:11:59</time>
			</trkpt>
			<trkpt lat="48.85886192321777" lon="3.3509695529937744">
				<ele>172.3</ele>
				<time>2024-05-24T10:12:02</time>
			</trkpt>
			<trkpt lat="48.85891556739807" lon="3.3509159088134766">
				<ele>170.76</ele>
				<time>2024-05-24T10:12:03</time>
			</trkpt>
			<trkpt lat="48.85897994041443" lon="3.3507657051086426">
				<ele>168.84</ele>
				<time>2024-05-24T10:12:04</time>
			</trkpt>
			<trkpt lat="48.85900139808655" lon="3.350626230239868">
				<ele>166.64</ele>
				<time>2024-05-24T10:12:06</time>
			</trkpt>
			<trkpt lat="48.85897994041443" lon="3.3503901958465576">
				<ele>164.08</ele>
				<time>2024-05-24T10:12:08</time>
			</trkpt>
			<trkpt lat="48.85886192321777" lon="3.350175619125366">
				<ele>161.58</ele>
				<time>2024-05-24T10:12:11</time>
			</trkpt>
			<trkpt lat="48.858593702316284" lon="3.349778652191162">
				<ele>158.92</ele>
				<time>2024-05-24T10:12:16</time>
			</trkpt>
			<trkpt lat="48.85836839675903" lon="3.3493924140930176">
				<ele>156.23</ele>
				<time>2024-05-24T10:12:21</time>
			</trkpt>
			<trkpt lat="48.857874954119325" lon="3.3481907844543457">
				<ele>152.98</ele>
				<time>2024-05-24T10:12:34</time>
			</trkpt>
			<trkpt lat="48.85774612426758" lon="3.347729444503784">
				<ele>150.16</ele>
				<time>2024-05-24T10:12:39</time>
			</trkpt>
			<trkpt lat="48.85772466659546" lon="3.3476436138153076">
				<ele>147.18</ele>
				<time>2024-05-24T10:12:40</time>
			</trkpt>
			<trkpt lat="48.85668405331671" lon="3.343985080718994">
				<ele>143.15</ele>
				<time>2024-05-24T10:13:17</time>
			</trkpt>
			<trkpt lat="48.856587409973145" lon="3.34283709526062">
				<ele>139.53</ele>
				<time>2024-05-24T10:13:28</time>
			</trkpt>
			<trkpt lat="48.85661959648132" lon="3.34259033203125">
				<ele>136.28</ele>
				<time>2024-05-24T10:13:31</time>
			</trkpt>
			<trkpt lat="48.85669469833374" lon="3.3424830436706543">
				<ele>132.95</ele>
				<time>2024-05-24T10:13:32</time>
			</trkpt>
			<trkpt lat="48.856823444366455" lon="3.3423972129821777">
				<ele>129.62</ele>
				<time>2024-05-24T10:13:34</time>
			</trkpt>
			<trkpt lat="48.85689854621887" lon="3.3423757553100586">
				<ele>126.75</ele>
				<time>2024-05-24T10:13:35</time>
			</trkpt>
			<trkpt lat="48.85698437690735" lon="3.342440128326416">
				<ele>124.04</ele>
				<time>2024-05-24T10:13:36</time>
			</trkpt>
			<trkpt lat="48.85703802108765" lon="3.3426225185394287">
				<ele>121.67</ele>
				<time>2024-05-24T10:13:38</time>
			</trkpt>
			<trkpt lat="48.857080936431885" lon="3.3429551124572754">
				<ele>119.62</ele>
				<time>2024-05-24T10:13:42</time>
			</trkpt>
			<trkpt lat="48.85724186897278" lon="3.343234062194824">
				<ele>117.35</ele>
				<time>2024-05-24T10:13:45</time>
			</trkpt>
			<trkpt lat="48.857359886169434" lon="3.343416452407837">
				<ele>115.08</ele>
				<time>2024-05-24T10:13:47</time>
			</trkpt>
			<trkpt lat="48.85753154754639" lon="3.3434808254241943">
				<ele>112.7</ele>
				<time>2024-05-24T10:13:50</time>
			</trkpt>
			<trkpt lat="48.85769248008728" lon="3.3434808254241943">
				<ele>110.4</ele>
				<time>2024-05-24T10:13:52</time>
			</trkpt>
			<trkpt lat="48.85786414146423" lon="3.343416452407837">
				<ele>108.11</ele>
				<time>2024-05-24T10:13:55</time>
			</trkpt>
			<trkpt lat="48.858786821365356" lon="3.342815637588501">
				<ele>105.47</ele>
				<time>2024-05-24T10:14:09</time>
			</trkpt>
			<trkpt lat="48.85896921157837" lon="3.342815637588501">
				<ele>103.49</ele>
				<time>2024-05-24T10:14:12</time>
			</trkpt>
			<trkpt lat="48.85915160179138" lon="3.342890739440918">
				<ele>101.4</ele>
				<time>2024-05-24T10:14:14</time>
			</trkpt>
			<trkpt lat="48.8597846031189" lon="3.3441460132598877">
				<ele>99.2</ele>
				<time>2024-05-24T10:14:29</time>
			</trkpt>
			<trkpt lat="48.86003136634827" lon="3.3445215225219727">
				<ele>97.02</ele>
				<time>2024-05-24T10:14:34</time>
			</trkpt>
			<trkpt lat="48.86050343513489" lon="3.343813419342041">
				<ele>94.1</ele>
				<time>2024-05-24T10:14:44</time>
			</trkpt>
			<trkpt lat="48.860889757052064" lon="3.343116044998169">
				<ele>92.2</ele>
				<time>2024-05-24T10:14:52</time>
			</trkpt>
			<trkpt lat="48.86088967323303" lon="3.343116044998169">
				<ele>91.1</ele>
				<time>2024-05-24T10:14:52</time>
			</trkpt>
			<trkpt lat="48.86091113090515" lon="3.3429229259490967">
				<ele>90.18</ele>
				<time>2024-05-24T10:14:54</time>
			</trkpt>
			<trkpt lat="48.86075623333454" lon="3.343010600656271">
				<ele>91.88</ele>
				<time>2024-05-24T10:14:57</time>
			</trkpt>
			<trkpt lat="48.860754892230034" lon="3.343011438846588">
				<ele>91.9</ele>
				<time>2024-05-24T10:14:57</time>
			</trkpt>
			<trkpt lat="48.860589265823364" lon="3.3431053161621094">
				<ele>93.05</ele>
				<time>2024-05-24T10:14:59</time>
			</trkpt>
			<trkpt lat="48.86040687561035" lon="3.3431482315063477">
				<ele>94.33</ele>
				<time>2024-05-24T10:15:02</time>
			</trkpt>
			<trkpt lat="48.8601279258728" lon="3.343116044998169">
				<ele>95.68</ele>
				<time>2024-05-24T10:15:06</time>
			</trkpt>
			<trkpt lat="48.85985970497131" lon="3.342944383621216">
				<ele>96.95</ele>
				<time>2024-05-24T10:15:10</time>
			</trkpt>
			<trkpt lat="48.85963439941406" lon="3.3426547050476074">
				<ele>97.75</ele>
				<time>2024-05-24T10:15:14</time>
			</trkpt>
			<trkpt lat="48.85947346687317" lon="3.3422470092773438">
				<ele>98.11</ele>
				<time>2024-05-24T10:15:19</time>
			</trkpt>
			<trkpt lat="48.85939836502075" lon="3.3418822288513184">
				<ele>98.06</ele>
				<time>2024-05-24T10:15:22</time>
			</trkpt>
			<trkpt lat="48.85936617851257" lon="3.3406484127044678">
				<ele>97.53</ele>
				<time>2024-05-24T10:15:34</time>
			</trkpt>
			<trkpt lat="48.859366262331605" lon="3.3406484127044678">
				<ele>97.19</ele>
				<time>2024-05-24T10:15:34</time>
			</trkpt>
			<trkpt lat="48.859291076660156" lon="3.3381056785583496">
				<ele>96.43</ele>
				<time>2024-05-24T10:15:58</time>
			</trkpt>
			<trkpt lat="48.85918378829956" lon="3.334329128265381">
				<ele>96.72</ele>
				<time>2024-05-24T10:16:33</time>
			</trkpt>
			<trkpt lat="48.85918387211859" lon="3.334329128265381">
				<ele>96.52</ele>
				<time>2024-05-24T10:16:33</time>
			</trkpt>
			<trkpt lat="48.859127294272184" lon="3.3323680981993675">
				<ele>95.99</ele>
				<time>2024-05-24T10:16:52</time>
			</trkpt>
			<trkpt lat="48.85912746191025" lon="3.332371199503541">
				<ele>95.99</ele>
				<time>2024-05-24T10:16:52</time>
			</trkpt>
			<trkpt lat="48.859055042266846" lon="3.32985520362854">
				<ele>96.37</ele>
				<time>2024-05-24T10:17:15</time>
			</trkpt>
			<trkpt lat="48.85901212692261" lon="3.3289968967437744">
				<ele>96.71</ele>
				<time>2024-05-24T10:17:24</time>
			</trkpt>
			<trkpt lat="48.85893702507019" lon="3.328331708908081">
				<ele>96.05</ele>
				<time>2024-05-24T10:17:30</time>
			</trkpt>
			<trkpt lat="48.858786821365356" lon="3.3274519443511963">
				<ele>94.91</ele>
				<time>2024-05-24T10:17:38</time>
			</trkpt>
			<trkpt lat="48.85787487030029" lon="3.3225274085998535">
				<ele>93.0</ele>
				<time>2024-05-24T10:18:27</time>
			</trkpt>
			<trkpt lat="48.85778912343085" lon="3.3220553398132324">
				<ele>91.82</ele>
				<time>2024-05-24T10:18:31</time>
			</trkpt>
			<trkpt lat="48.857595920562744" lon="3.321014642715454">
				<ele>90.82</ele>
				<time>2024-05-24T10:18:41</time>
			</trkpt>
			<trkpt lat="48.85742425918579" lon="3.3201241493225098">
				<ele>89.37</ele>
				<time>2024-05-24T10:18:50</time>
			</trkpt>
			<trkpt lat="48.85741361416876" lon="3.320070505142212">
				<ele>88.6</ele>
				<time>2024-05-24T10:18:51</time>
			</trkpt>
			<trkpt lat="48.85713458061218" lon="3.3185791969299316">
				<ele>88.22</ele>
				<time>2024-05-24T10:19:05</time>
			</trkpt>
			<trkpt lat="48.857048749923706" lon="3.3183860778808594">
				<ele>88.26</ele>
				<time>2024-05-24T10:19:07</time>
			</trkpt>
			<trkpt lat="48.85699518956244" lon="3.3182358741760254">
				<ele>88.6</ele>
				<time>2024-05-24T10:19:09</time>
			</trkpt>
			<trkpt lat="48.856844985857606" lon="3.317795991897583">
				<ele>89.36</ele>
				<time>2024-05-24T10:19:14</time>
			</trkpt>
			<trkpt lat="48.85678061284125" lon="3.3174526691436768">
				<ele>90.23</ele>
				<time>2024-05-24T10:19:17</time>
			</trkpt>
			<trkpt lat="48.8567590713501" lon="3.3167874813079834">
				<ele>91.36</ele>
				<time>2024-05-24T10:19:23</time>
			</trkpt>
			<trkpt lat="48.85648012161255" lon="3.316723108291626">
				<ele>92.86</ele>
				<time>2024-05-24T10:19:27</time>
			</trkpt>
			<trkpt lat="48.856050968170166" lon="3.3167123794555664">
				<ele>94.69</ele>
				<time>2024-05-24T10:19:33</time>
			</trkpt>
			<trkpt lat="48.85568618774414" lon="3.3166587352752686">
				<ele>96.73</ele>
				<time>2024-05-24T10:19:39</time>
			</trkpt>
			<trkpt lat="48.85562181472778" lon="3.3166372776031494">
				<ele>98.68</ele>
				<time>2024-05-24T10:19:40</time>
			</trkpt>
			<trkpt lat="48.855342864990234" lon="3.3164119720458984">
				<ele>101.01</ele>
				<time>2024-05-24T10:19:44</time>
			</trkpt>
			<trkpt lat="48.85525703430176" lon="3.3163905143737793">
				<ele>103.25</ele>
				<time>2024-05-24T10:19:45</time>
			</trkpt>
			<trkpt lat="48.85472059249878" lon="3.316422700881958">
				<ele>105.98</ele>
				<time>2024-05-24T10:19:53</time>
			</trkpt>
			<trkpt lat="48.85451674461365" lon="3.3163905143737793">
				<ele>108.57</ele>
				<time>2024-05-24T10:19:56</time>
			</trkpt>
			<trkpt lat="48.85440945625305" lon="3.316347599029541">
				<ele>111.19</ele>
				<time>2024-05-24T10:19:58</time>
			</trkpt>
			<trkpt lat="48.85429152287543" lon="3.3162832260131836">
				<ele>113.95</ele>
				<time>2024-05-24T10:19:59</time>
			</trkpt>
			<trkpt lat="48.85389447212219" lon="3.3160579204559326">
				<ele>117.18</ele>
				<time>2024-05-24T10:20:05</time>
			</trkpt>
			<trkpt lat="48.853797912597656" lon="3.316047191619873">
				<ele>120.02</ele>
				<time>2024-05-24T10:20:07</time>
			</trkpt>
			<trkpt lat="48.853561878204346" lon="3.3161115646362305">
				<ele>123.33</ele>
				<time>2024-05-24T10:20:10</time>
			</trkpt>
			<trkpt lat="48.85345458984375" lon="3.3160793781280518">
				<ele>126.21</ele>
				<time>2024-05-24T10:20:12</time>
			</trkpt>
			<trkpt lat="48.853336572647095" lon="3.315993547439575">
				<ele>128.85</ele>
				<time>2024-05-24T10:20:14</time>
			</trkpt>
			<trkpt lat="48.85325074195862" lon="3.31587553024292">
				<ele>131.21</ele>
				<time>2024-05-24T10:20:15</time>
			</trkpt>
			<trkpt lat="48.8531756401062" lon="3.3157145977020264">
				<ele>133.35</ele>
				<time>2024-05-24T10:20:17</time>
			</trkpt>
			<trkpt lat="48.85300406254828" lon="3.3152318000793457">
				<ele>135.32</ele>
				<time>2024-05-24T10:20:22</time>
			</trkpt>
			<trkpt lat="48.85287523269653" lon="3.314995765686035">
				<ele>137.2</ele>
				<time>2024-05-24T10:20:25</time>
			</trkpt>
			<trkpt lat="48.85276794433594" lon="3.3148670196533203">
				<ele>139.06</ele>
				<time>2024-05-24T10:20:27</time>
			</trkpt>
			<trkpt lat="48.85264992713928" lon="3.3147597312927246">
				<ele>140.85</ele>
				<time>2024-05-24T10:20:29</time>
			</trkpt>
			<trkpt lat="48.85253190994263" lon="3.314673900604248">
				<ele>142.46</ele>
				<time>2024-05-24T10:20:31</time>
			</trkpt>
			<trkpt lat="48.85218858718872" lon="3.314502239227295">
				<ele>144.09</ele>
				<time>2024-05-24T10:20:36</time>
			</trkpt>
			<trkpt lat="48.85212421417236" lon="3.314448595046997">
				<ele>145.0</ele>
				<time>2024-05-24T10:20:37</time>
			</trkpt>
			<trkpt lat="48.85211859829724" lon="3.3144416380673647">
				<ele>145.8</ele>
				<time>2024-05-24T10:20:37</time>
			</trkpt>
			<trkpt lat="48.852117424830794" lon="3.3144402131438255">
				<ele>145.98</ele>
				<time>2024-05-24T10:20:37</time>
			</trkpt>
			<trkpt lat="48.85144829750061" lon="3.3136117458343506">
				<ele>149.26</ele>
				<time>2024-05-24T10:20:50</time>
			</trkpt>
			<trkpt lat="48.85120153427124" lon="3.313354253768921">
				<ele>152.18</ele>
				<time>2024-05-24T10:20:54</time>
			</trkpt>
			<trkpt lat="48.850611448287964" lon="3.3127641677856445">
				<ele>155.35</ele>
				<time>2024-05-24T10:21:04</time>
			</trkpt>
			<trkpt lat="48.85040760040283" lon="3.3126461505889893">
				<ele>158.66</ele>
				<time>2024-05-24T10:21:07</time>
			</trkpt>
			<trkpt lat="48.850064277648926" lon="3.3126461505889893">
				<ele>162.22</ele>
				<time>2024-05-24T10:21:12</time>
			</trkpt>
			<trkpt lat="48.849860429763794" lon="3.31262469291687">
				<ele>165.86</ele>
				<time>2024-05-24T10:21:15</time>
			</trkpt>
			<trkpt lat="48.84827264584601" lon="3.3120346069335938">
				<ele>171.2</ele>
				<time>2024-05-24T10:21:38</time>
			</trkpt>
			<trkpt lat="48.84766101837158" lon="3.3118093013763428">
				<ele>175.03</ele>
				<time>2024-05-24T10:21:47</time>
			</trkpt>
			<trkpt lat="48.84698510169983" lon="3.311358690261841">
				<ele>178.07</ele>
				<time>2024-05-24T10:21:58</time>
			</trkpt>
			<trkpt lat="48.84669542312622" lon="3.3111655712127686">
				<ele>180.13</ele>
				<time>2024-05-24T10:22:02</time>
			</trkpt>
			<trkpt lat="48.846073150634766" lon="3.31087589263916">
				<ele>181.31</ele>
				<time>2024-05-24T10:22:12</time>
			</trkpt>
			<trkpt lat="48.845590353012085" lon="3.3106184005737305">
				<ele>182.04</ele>
				<time>2024-05-24T10:22:19</time>
			</trkpt>
			<trkpt lat="48.84554743766785" lon="3.310478925704956">
				<ele>182.38</ele>
				<time>2024-05-24T10:22:21</time>
			</trkpt>
			<trkpt lat="48.8454616907984" lon="3.3103394508361816">
				<ele>182.46</ele>
				<time>2024-05-24T10:22:22</time>
			</trkpt>
			<trkpt lat="48.84521492756903" lon="3.3099746704101562">
				<ele>182.19</ele>
				<time>2024-05-24T10:22:27</time>
			</trkpt>
			<trkpt lat="48.84503253735602" lon="3.3097171783447266">
				<ele>181.66</ele>
				<time>2024-05-24T10:22:31</time>
			</trkpt>
			<trkpt lat="48.84503245353699" lon="3.3097171783447266">
				<ele>181.05</ele>
				<time>2024-05-24T10:22:31</time>
			</trkpt>
			<trkpt lat="48.844828605651855" lon="3.3094704151153564">
				<ele>180.34</ele>
				<time>2024-05-24T10:22:35</time>
			</trkpt>
			<trkpt lat="48.844571113586426" lon="3.3092129230499268">
				<ele>179.46</ele>
				<time>2024-05-24T10:22:39</time>
			</trkpt>
			<trkpt lat="48.844335079193115" lon="3.309084177017212">
				<ele>178.5</ele>
				<time>2024-05-24T10:22:43</time>
			</trkpt>
			<trkpt lat="48.84399175643921" lon="3.309009075164795">
				<ele>177.6</ele>
				<time>2024-05-24T10:22:48</time>
			</trkpt>
			<trkpt lat="48.84363770484924" lon="3.308976888656616">
				<ele>176.67</ele>
				<time>2024-05-24T10:22:53</time>
			</trkpt>
			<trkpt lat="48.84315490722656" lon="3.309051990509033">
				<ele>175.65</ele>
				<time>2024-05-24T10:23:00</time>
			</trkpt>
			<trkpt lat="48.84214639663696" lon="3.3092451095581055">
				<ele>174.99</ele>
				<time>2024-05-24T10:23:14</time>
			</trkpt>
			<trkpt lat="48.841878175735474" lon="3.309255838394165">
				<ele>174.27</ele>
				<time>2024-05-24T10:23:18</time>
			</trkpt>
			<trkpt lat="48.84140610694885" lon="3.3091378211975098">
				<ele>173.64</ele>
				<time>2024-05-24T10:23:25</time>
			</trkpt>
			<trkpt lat="48.84077310562134" lon="3.308912515640259">
				<ele>173.88</ele>
				<time>2024-05-24T10:23:34</time>
			</trkpt>
			<trkpt lat="48.84004354476929" lon="3.3088266849517822">
				<ele>174.56</ele>
				<time>2024-05-24T10:23:44</time>
			</trkpt>
			<trkpt lat="48.83798360824585" lon="3.3084940910339355">
				<ele>175.74</ele>
				<time>2024-05-24T10:24:14</time>
			</trkpt>
			<trkpt lat="48.836116790771484" lon="3.308161497116089">
				<ele>177.31</ele>
				<time>2024-05-24T10:24:41</time>
			</trkpt>
			<trkpt lat="48.83544087409973" lon="3.3081400394439697">
				<ele>177.28</ele>
				<time>2024-05-24T10:24:51</time>
			</trkpt>
			<trkpt lat="48.834925973787904" lon="3.3081936836242676">
				<ele>176.96</ele>
				<time>2024-05-24T10:24:58</time>
			</trkpt>
			<trkpt lat="48.8346791267395" lon="3.3063912391662598">
				<ele>175.57</ele>
				<time>2024-05-24T10:25:15</time>
			</trkpt>
			<trkpt lat="48.834625566378236" lon="3.304867744445801">
				<ele>174.56</ele>
				<time>2024-05-24T10:25:30</time>
			</trkpt>
			<trkpt lat="48.8345599360764" lon="3.302965806797147">
				<ele>173.7</ele>
				<time>2024-05-24T10:25:48</time>
			</trkpt>
			<trkpt lat="48.834560103714466" lon="3.3029685728251934">
				<ele>173.7</ele>
				<time>2024-05-24T10:25:48</time>
			</trkpt>
			<trkpt lat="48.834560103714466" lon="3.3029684890061617">
				<ele>171.96</ele>
				<time>2024-05-24T10:25:48</time>
			</trkpt>
			<trkpt lat="48.83441090583801" lon="3.2986342906951904">
				<ele>166.45</ele>
				<time>2024-05-24T10:26:29</time>
			</trkpt>
			<trkpt lat="48.834099769592285" lon="3.288785219192505">
				<ele>169.16</ele>
				<time>2024-05-24T10:28:01</time>
			</trkpt>
			<trkpt lat="48.83396029472351" lon="3.2843220233917236">
				<ele>167.22</ele>
				<time>2024-05-24T10:28:43</time>
			</trkpt>
			<trkpt lat="48.83404612541199" lon="3.2805025577545166">
				<ele>172.2</ele>
				<time>2024-05-24T10:29:19</time>
			</trkpt>
			<trkpt lat="48.8342821598053" lon="3.2785391807556152">
				<ele>172.91</ele>
				<time>2024-05-24T10:29:38</time>
			</trkpt>
			<trkpt lat="48.83501172065735" lon="3.2731854915618896">
				<ele>165.59</ele>
				<time>2024-05-24T10:30:30</time>
			</trkpt>
			<trkpt lat="48.8351833820343" lon="3.2721340656280518">
				<ele>165.67</ele>
				<time>2024-05-24T10:30:40</time>
			</trkpt>
			<trkpt lat="48.8352906703949" lon="3.2717692852020264">
				<ele>166.82</ele>
				<time>2024-05-24T10:30:43</time>
			</trkpt>
			<trkpt lat="48.83541941642761" lon="3.27142596244812">
				<ele>167.65</ele>
				<time>2024-05-24T10:30:47</time>
			</trkpt>
			<trkpt lat="48.83646011352539" lon="3.2692694664001465">
				<ele>165.39</ele>
				<time>2024-05-24T10:31:12</time>
			</trkpt>
			<trkpt lat="48.836631774902344" lon="3.268861770629883">
				<ele>167.53</ele>
				<time>2024-05-24T10:31:17</time>
			</trkpt>
			<trkpt lat="48.836749792099" lon="3.268507719039917">
				<ele>169.1</ele>
				<time>2024-05-24T10:31:21</time>
			</trkpt>
			<trkpt lat="48.8368034362793" lon="3.2681751251220703">
				<ele>170.0</ele>
				<time>2024-05-24T10:31:24</time>
			</trkpt>
			<trkpt lat="48.836835622787476" lon="3.2678639888763428">
				<ele>169.54</ele>
				<time>2024-05-24T10:31:27</time>
			</trkpt>
			<trkpt lat="48.83696436882019" lon="3.2641947269439697">
				<ele>168.33</ele>
				<time>2024-05-24T10:32:01</time>
			</trkpt>
			<trkpt lat="48.83696445263922" lon="3.2641947269439697">
				<ele>168.33</ele>
				<time>2024-05-24T10:32:01</time>
			</trkpt>
			<trkpt lat="48.837136030197144" lon="3.259720802307129">
				<ele>159.0</ele>
				<time>2024-05-24T10:32:44</time>
			</trkpt>
			<trkpt lat="48.83717894554138" lon="3.259173631668091">
				<ele>159.73</ele>
				<time>2024-05-24T10:32:49</time>
			</trkpt>
			<trkpt lat="48.83724331855774" lon="3.2588088512420654">
				<ele>159.95</ele>
				<time>2024-05-24T10:32:52</time>
			</trkpt>
			<trkpt lat="48.837382793426514" lon="3.2583367824554443">
				<ele>159.25</ele>
				<time>2024-05-24T10:32:57</time>
			</trkpt>
			<trkpt lat="48.83834847249091" lon="3.2556331157684326">
				<ele>159.9</ele>
				<time>2024-05-24T10:33:26</time>
			</trkpt>
			<trkpt lat="48.83868098258972" lon="3.254774808883667">
				<ele>162.43</ele>
				<time>2024-05-24T10:33:36</time>
			</trkpt>
			<trkpt lat="48.83897074498236" lon="3.254249095916748">
				<ele>160.04</ele>
				<time>2024-05-24T10:33:42</time>
			</trkpt>
			<trkpt lat="48.83963584899902" lon="3.2530581951141357">
				<ele>159.0</ele>
				<time>2024-05-24T10:33:57</time>
			</trkpt>
			<trkpt lat="48.83976459503174" lon="3.2527363300323486">
				<ele>158.81</ele>
				<time>2024-05-24T10:34:00</time>
			</trkpt>
			<trkpt lat="48.841148698702455" lon="3.2492709159851074">
				<ele>153.79</ele>
				<time>2024-05-24T10:34:38</time>
			</trkpt>
			<trkpt lat="48.8416314125061" lon="3.2479727268218994">
				<ele>152.95</ele>
				<time>2024-05-24T10:34:52</time>
			</trkpt>
			<trkpt lat="48.84180307388306" lon="3.247436285018921">
				<ele>151.87</ele>
				<time>2024-05-24T10:34:58</time>
			</trkpt>
			<trkpt lat="48.84194254875183" lon="3.2468676567077637">
				<ele>153.0</ele>
				<time>2024-05-24T10:35:04</time>
			</trkpt>
			<trkpt lat="48.84228587150574" lon="3.245086669921875">
				<ele>154.77</ele>
				<time>2024-05-24T10:35:21</time>
			</trkpt>
			<trkpt lat="48.842403972521424" lon="3.2447218894958496">
				<ele>155.25</ele>
				<time>2024-05-24T10:35:25</time>
			</trkpt>
			<trkpt lat="48.842564821243286" lon="3.2444214820861816">
				<ele>155.0</ele>
				<time>2024-05-24T10:35:29</time>
			</trkpt>
			<trkpt lat="48.84277948178351" lon="3.244067430496216">
				<ele>155.76</ele>
				<time>2024-05-24T10:35:33</time>
			</trkpt>
			<trkpt lat="48.84295105934143" lon="3.243788480758667">
				<ele>156.21</ele>
				<time>2024-05-24T10:35:37</time>
			</trkpt>
			<trkpt lat="48.84298332966864" lon="3.2437026500701904">
				<ele>156.82</ele>
				<time>2024-05-24T10:35:38</time>
			</trkpt>
			<trkpt lat="48.84309061802924" lon="3.243434429168701">
				<ele>157.59</ele>
				<time>2024-05-24T10:35:41</time>
			</trkpt>
			<trkpt lat="48.843111991882324" lon="3.243016004562378">
				<ele>158.13</ele>
				<time>2024-05-24T10:35:45</time>
			</trkpt>
			<trkpt lat="48.843122720718384" lon="3.2422971725463867">
				<ele>154.52</ele>
				<time>2024-05-24T10:35:51</time>
			</trkpt>
			<trkpt lat="48.84317636489868" lon="3.2418465614318848">
				<ele>153.09</ele>
				<time>2024-05-24T10:35:56</time>
			</trkpt>
			<trkpt lat="48.843326568603516" lon="3.2412993907928467">
				<ele>152.5</ele>
				<time>2024-05-24T10:36:01</time>
			</trkpt>
			<trkpt lat="48.84344458580017" lon="3.2409560680389404">
				<ele>151.75</ele>
				<time>2024-05-24T10:36:05</time>
			</trkpt>
			<trkpt lat="48.84365916252136" lon="3.240516185760498">
				<ele>151.82</ele>
				<time>2024-05-24T10:36:10</time>
			</trkpt>
			<trkpt lat="48.844500705599785" lon="3.2390299905091524">
				<ele>149.25</ele>
				<time>2024-05-24T10:36:28</time>
			</trkpt>
			<trkpt lat="48.84450053796172" lon="3.239030409604311">
				<ele>149.25</ele>
				<time>2024-05-24T10:36:28</time>
			</trkpt>
			<trkpt lat="48.84466767311096" lon="3.2387351989746094">
				<ele>149.03</ele>
				<time>2024-05-24T10:36:32</time>
			</trkpt>
			<trkpt lat="48.844828605651855" lon="3.238198757171631">
				<ele>148.89</ele>
				<time>2024-05-24T10:36:38</time>
			</trkpt>
			<trkpt lat="48.845075368881226" lon="3.2371044158935547">
				<ele>147.99</ele>
				<time>2024-05-24T10:36:49</time>
			</trkpt>
			<trkpt lat="48.845096910372376" lon="3.2367825508117676">
				<ele>147.46</ele>
				<time>2024-05-24T10:36:52</time>
			</trkpt>
			<trkpt lat="48.84512901306152" lon="3.2364821434020996">
				<ele>146.91</ele>
				<time>2024-05-24T10:36:54</time>
			</trkpt>
			<trkpt lat="48.8451611995697" lon="3.235419988632202">
				<ele>146.33</ele>
				<time>2024-05-24T10:37:04</time>
			</trkpt>
			<trkpt lat="48.845161283388734" lon="3.2349371910095215">
				<ele>145.94</ele>
				<time>2024-05-24T10:37:09</time>
			</trkpt>
			<trkpt lat="48.84442090988159" lon="3.23472261428833">
				<ele>145.71</ele>
				<time>2024-05-24T10:37:20</time>
			</trkpt>
			<trkpt lat="48.844378078356385" lon="3.2347333431243896">
				<ele>145.67</ele>
				<time>2024-05-24T10:37:20</time>
			</trkpt>
			<trkpt lat="48.84406694211066" lon="3.234797716140747">
				<ele>145.82</ele>
				<time>2024-05-24T10:37:25</time>
			</trkpt>
			<trkpt lat="48.843884551897645" lon="3.2348620891571045">
				<ele>146.14</ele>
				<time>2024-05-24T10:37:28</time>
			</trkpt>
			<trkpt lat="48.843830823898315" lon="3.234872817993164">
				<ele>146.38</ele>
				<time>2024-05-24T10:37:28</time>
			</trkpt>
			<trkpt lat="48.84374499320984" lon="3.234626054763794">
				<ele>146.61</ele>
				<time>2024-05-24T10:37:31</time>
			</trkpt>
			<trkpt lat="48.84371289052069" lon="3.2344436645507812">
				<ele>146.62</ele>
				<time>2024-05-24T10:37:33</time>
			</trkpt>
			<trkpt lat="48.84373426437378" lon="3.234175443649292">
				<ele>146.59</ele>
				<time>2024-05-24T10:37:35</time>
			</trkpt>
			<trkpt lat="48.843852281570435" lon="3.2331669330596924">
				<ele>146.31</ele>
				<time>2024-05-24T10:37:45</time>
			</trkpt>
			<trkpt lat="48.843863010406494" lon="3.2325124740600586">
				<ele>145.8</ele>
				<time>2024-05-24T10:37:51</time>
			</trkpt>
			<trkpt lat="48.843863094225526" lon="3.2325124740600586">
				<ele>145.34</ele>
				<time>2024-05-24T10:37:51</time>
			</trkpt>
			<trkpt lat="48.84388446807861" lon="3.2315146923065186">
				<ele>144.66</ele>
				<time>2024-05-24T10:38:01</time>
			</trkpt>
			<trkpt lat="48.84391665458679" lon="3.2313430309295654">
				<ele>144.0</ele>
				<time>2024-05-24T10:38:02</time>
			</trkpt>
			<trkpt lat="48.84395956993103" lon="3.231203556060791">
				<ele>143.22</ele>
				<time>2024-05-24T10:38:04</time>
			</trkpt>
			<trkpt lat="48.84403467178345" lon="3.231074810028076">
				<ele>142.33</ele>
				<time>2024-05-24T10:38:05</time>
			</trkpt>
			<trkpt lat="48.84479641914368" lon="3.230077028274536">
				<ele>141.1</ele>
				<time>2024-05-24T10:38:20</time>
			</trkpt>
			<trkpt lat="48.844817876815796" lon="3.2300233840942383">
				<ele>140.34</ele>
				<time>2024-05-24T10:38:20</time>
			</trkpt>
			<trkpt lat="48.844388807192445" lon="3.2298195362091064">
				<ele>139.56</ele>
				<time>2024-05-24T10:38:27</time>
			</trkpt>
			<trkpt lat="48.84395965375006" lon="3.2296156883239746">
				<ele>138.93</ele>
				<time>2024-05-24T10:38:33</time>
			</trkpt>
			<trkpt lat="48.84395956993103" lon="3.2296156883239746">
				<ele>138.28</ele>
				<time>2024-05-24T10:38:33</time>
			</trkpt>
			<trkpt lat="48.843348026275635" lon="3.229326009750366">
				<ele>137.67</ele>
				<time>2024-05-24T10:38:42</time>
			</trkpt>
			<trkpt lat="48.84327292442322" lon="3.2291972637176514">
				<ele>136.88</ele>
				<time>2024-05-24T10:38:44</time>
			</trkpt>
			<trkpt lat="48.84317644871771" lon="3.2290899753570557">
				<ele>136.08</ele>
				<time>2024-05-24T10:38:46</time>
			</trkpt>
			<trkpt lat="48.843069076538086" lon="3.22898268699646">
				<ele>135.3</ele>
				<time>2024-05-24T10:38:47</time>
			</trkpt>
			<trkpt lat="48.84279012680054" lon="3.2286179065704346">
				<ele>134.38</ele>
				<time>2024-05-24T10:38:53</time>
			</trkpt>
			<trkpt lat="48.84245753288269" lon="3.228135108947754">
				<ele>133.53</ele>
				<time>2024-05-24T10:38:59</time>
			</trkpt>
			<trkpt lat="48.84208210743964" lon="3.22748064994812">
				<ele>132.9</ele>
				<time>2024-05-24T10:39:07</time>
			</trkpt>
			<trkpt lat="48.84202846325934" lon="3.2273948192596436">
				<ele>132.56</ele>
				<time>2024-05-24T10:39:09</time>
			</trkpt>
			<trkpt lat="48.84183534421027" lon="3.22698712348938">
				<ele>132.32</ele>
				<time>2024-05-24T10:39:13</time>
			</trkpt>
			<trkpt lat="48.84119153022766" lon="3.2255923748016357">
				<ele>132.13</ele>
				<time>2024-05-24T10:39:29</time>
			</trkpt>
			<trkpt lat="48.841170156374574" lon="3.2256245613098145">
				<ele>131.94</ele>
				<time>2024-05-24T10:39:30</time>
			</trkpt>
			<trkpt lat="48.84117007255554" lon="3.2256245613098145">
				<ele>131.69</ele>
				<time>2024-05-24T10:39:30</time>
			</trkpt>
			<trkpt lat="48.84104719385505" lon="3.225349299609661">
				<ele>131.69</ele>
				<time>2024-05-24T10:39:33</time>
			</trkpt>
			<trkpt lat="48.84104652330279" lon="3.2253477908670902">
				<ele>131.69</ele>
				<time>2024-05-24T10:39:33</time>
			</trkpt>
			<trkpt lat="48.84090185165405" lon="3.2250237464904785">
				<ele>131.16</ele>
				<time>2024-05-24T10:39:37</time>
			</trkpt>
			<trkpt lat="48.840826749801636" lon="3.224959373474121">
				<ele>131.04</ele>
				<time>2024-05-24T10:39:38</time>
			</trkpt>
			<trkpt lat="48.84074091911316" lon="3.2247984409332275">
				<ele>130.99</ele>
				<time>2024-05-24T10:39:40</time>
			</trkpt>
			<trkpt lat="48.84040832519531" lon="3.2239294052124023">
				<ele>130.81</ele>
				<time>2024-05-24T10:39:49</time>
			</trkpt>
			<trkpt lat="48.840086460113525" lon="3.2228565216064453">
				<ele>130.95</ele>
				<time>2024-05-24T10:40:00</time>
			</trkpt>
			<trkpt lat="48.83993625640869" lon="3.222470283508301">
				<ele>131.08</ele>
				<time>2024-05-24T10:40:04</time>
			</trkpt>
			<trkpt lat="48.84003289975226" lon="3.222362995147705">
				<ele>130.83</ele>
				<time>2024-05-24T10:40:06</time>
			</trkpt>
			<trkpt lat="48.839882612228394" lon="3.2218587398529053">
				<ele>130.75</ele>
				<time>2024-05-24T10:40:11</time>
			</trkpt>
			<trkpt lat="48.839603746309876" lon="3.220968246459961">
				<ele>130.17</ele>
				<time>2024-05-24T10:40:21</time>
			</trkpt>
			<trkpt lat="48.83671760559082" lon="3.211548328399658">
				<ele>130.37</ele>
				<time>2024-05-24T10:41:58</time>
			</trkpt>
			<trkpt lat="48.83652448654175" lon="3.2111191749572754">
				<ele>129.98</ele>
				<time>2024-05-24T10:42:03</time>
			</trkpt>
			<trkpt lat="48.83630990982056" lon="3.210700750350952">
				<ele>129.5</ele>
				<time>2024-05-24T10:42:08</time>
			</trkpt>
			<trkpt lat="48.83592367172241" lon="3.21025013923645">
				<ele>128.91</ele>
				<time>2024-05-24T10:42:15</time>
			</trkpt>
			<trkpt lat="48.836084604263306" lon="3.209906816482544">
				<ele>127.62</ele>
				<time>2024-05-24T10:42:19</time>
			</trkpt>
			<trkpt lat="48.836395824328065" lon="3.2096171379089355">
				<ele>125.94</ele>
				<time>2024-05-24T10:42:25</time>
			</trkpt>
			<trkpt lat="48.837071657180786" lon="3.209059238433838">
				<ele>123.6</ele>
				<time>2024-05-24T10:42:35</time>
			</trkpt>
			<trkpt lat="48.837618827819824" lon="3.208737373352051">
				<ele>122.29</ele>
				<time>2024-05-24T10:42:44</time>
			</trkpt>
			<trkpt lat="48.8377583026886" lon="3.208608627319336">
				<ele>121.45</ele>
				<time>2024-05-24T10:42:46</time>
			</trkpt>
			<trkpt lat="48.837876319885254" lon="3.2084476947784424">
				<ele>121.18</ele>
				<time>2024-05-24T10:42:48</time>
			</trkpt>
			<trkpt lat="48.83794069290161" lon="3.208179473876953">
				<ele>121.42</ele>
				<time>2024-05-24T10:42:51</time>
			</trkpt>
			<trkpt lat="48.83823037147522" lon="3.206205368041992">
				<ele>122.48</ele>
				<time>2024-05-24T10:43:10</time>
			</trkpt>
			<trkpt lat="48.838906371966004" lon="3.20151686668396">
				<ele>126.43</ele>
				<time>2024-05-24T10:43:55</time>
			</trkpt>
			<trkpt lat="48.83890628814697" lon="3.20151686668396">
				<ele>128.07</ele>
				<time>2024-05-24T10:43:55</time>
			</trkpt>
			<trkpt lat="48.838841915130615" lon="3.201237916946411">
				<ele>129.73</ele>
				<time>2024-05-24T10:43:58</time>
			</trkpt>
			<trkpt lat="48.838627338409424" lon="3.2007014751434326">
				<ele>131.38</ele>
				<time>2024-05-24T10:44:04</time>
			</trkpt>
			<trkpt lat="48.83854150772095" lon="3.2003796100616455">
				<ele>133.11</ele>
				<time>2024-05-24T10:44:07</time>
			</trkpt>
			<trkpt lat="48.83853086270392" lon="3.2002830505371094">
				<ele>134.54</ele>
				<time>2024-05-24T10:44:08</time>
			</trkpt>
			<trkpt lat="48.83853077888489" lon="3.2002830505371094">
				<ele>135.74</ele>
				<time>2024-05-24T10:44:08</time>
			</trkpt>
			<trkpt lat="48.83825182914734" lon="3.1998324394226074">
				<ele>136.89</ele>
				<time>2024-05-24T10:44:14</time>
			</trkpt>
			<trkpt lat="48.838112354278564" lon="3.1995105743408203">
				<ele>137.69</ele>
				<time>2024-05-24T10:44:18</time>
			</trkpt>
			<trkpt lat="48.83798360824585" lon="3.198823928833008">
				<ele>137.91</ele>
				<time>2024-05-24T10:44:24</time>
			</trkpt>
			<trkpt lat="48.83792996406555" lon="3.1982874870300293">
				<ele>137.6</ele>
				<time>2024-05-24T10:44:30</time>
			</trkpt>
			<trkpt lat="48.837575912475586" lon="3.1973111629486084">
				<ele>137.08</ele>
				<time>2024-05-24T10:44:40</time>
			</trkpt>
			<trkpt lat="48.837339878082275" lon="3.197021484375">
				<ele>136.31</ele>
				<time>2024-05-24T10:44:44</time>
			</trkpt>
			<trkpt lat="48.83706092834473" lon="3.196742534637451">
				<ele>135.43</ele>
				<time>2024-05-24T10:44:49</time>
			</trkpt>
			<trkpt lat="48.83694291114807" lon="3.196495771408081">
				<ele>135.0</ele>
				<time>2024-05-24T10:44:52</time>
			</trkpt>
			<trkpt lat="48.836846351623535" lon="3.196077346801758">
				<ele>134.9</ele>
				<time>2024-05-24T10:44:56</time>
			</trkpt>
			<trkpt lat="48.836824893951416" lon="3.1957662105560303">
				<ele>134.72</ele>
				<time>2024-05-24T10:44:59</time>
			</trkpt>
			<trkpt lat="48.83693218231201" lon="3.1948864459991455">
				<ele>134.77</ele>
				<time>2024-05-24T10:45:08</time>
			</trkpt>
			<trkpt lat="48.83701801300049" lon="3.1943929195404053">
				<ele>134.51</ele>
				<time>2024-05-24T10:45:12</time>
			</trkpt>
			<trkpt lat="48.837097473442554" lon="3.194165099412203">
				<ele>134.43</ele>
				<time>2024-05-24T10:45:15</time>
			</trkpt>
			<trkpt lat="48.83709822781384" lon="3.1941630877554417">
				<ele>134.43</ele>
				<time>2024-05-24T10:45:15</time>
			</trkpt>
			<trkpt lat="48.83717894554138" lon="3.1939315795898438">
				<ele>134.94</ele>
				<time>2024-05-24T10:45:17</time>
			</trkpt>
			<trkpt lat="48.83751153945923" lon="3.1930625438690186">
				<ele>136.58</ele>
				<time>2024-05-24T10:45:27</time>
			</trkpt>
			<trkpt lat="48.83772611618042" lon="3.1925904750823975">
				<ele>138.01</ele>
				<time>2024-05-24T10:45:32</time>
			</trkpt>
			<trkpt lat="48.837876319885254" lon="3.1923329830169678">
				<ele>139.4</ele>
				<time>2024-05-24T10:45:35</time>
			</trkpt>
			<trkpt lat="48.83798369206488" lon="3.1922149658203125">
				<ele>140.55</ele>
				<time>2024-05-24T10:45:37</time>
			</trkpt>
			<trkpt lat="48.8386595249176" lon="3.191603422164917">
				<ele>142.02</ele>
				<time>2024-05-24T10:45:48</time>
			</trkpt>
			<trkpt lat="48.838659608736634" lon="3.191603422164917">
				<ele>143.13</ele>
				<time>2024-05-24T10:45:48</time>
			</trkpt>
			<trkpt lat="48.83870252408087" lon="3.1915712356567383">
				<ele>144.18</ele>
				<time>2024-05-24T10:45:49</time>
			</trkpt>
			<trkpt lat="48.83891701698303" lon="3.191399574279785">
				<ele>145.4</ele>
				<time>2024-05-24T10:45:53</time>
			</trkpt>
			<trkpt lat="48.839346170425415" lon="3.1911957263946533">
				<ele>146.43</ele>
				<time>2024-05-24T10:45:59</time>
			</trkpt>
			<trkpt lat="48.83959301747382" lon="3.1909704208374023">
				<ele>147.65</ele>
				<time>2024-05-24T10:46:03</time>
			</trkpt>
			<trkpt lat="48.84079456329346" lon="3.1899619102478027">
				<ele>149.55</ele>
				<time>2024-05-24T10:46:23</time>
			</trkpt>
			<trkpt lat="48.84123452939093" lon="3.189575672149658">
				<ele>150.99</ele>
				<time>2024-05-24T10:46:30</time>
			</trkpt>
			<trkpt lat="48.84196400642395" lon="3.189082145690918">
				<ele>152.51</ele>
				<time>2024-05-24T10:46:41</time>
			</trkpt>
			<trkpt lat="48.84196409024298" lon="3.189082145690918">
				<ele>153.71</ele>
				<time>2024-05-24T10:46:41</time>
			</trkpt>
			<trkpt lat="48.84338021278381" lon="3.188105821609497">
				<ele>155.15</ele>
				<time>2024-05-24T10:47:04</time>
			</trkpt>
			<trkpt lat="48.84400248527527" lon="3.1875693798065186">
				<ele>156.08</ele>
				<time>2024-05-24T10:47:14</time>
			</trkpt>
			<trkpt lat="48.84439945220947" lon="3.1871724128723145">
				<ele>157.06</ele>
				<time>2024-05-24T10:47:21</time>
			</trkpt>
			<trkpt lat="48.844817876815796" lon="3.186829090118408">
				<ele>157.87</ele>
				<time>2024-05-24T10:47:28</time>
			</trkpt>
			<trkpt lat="48.84623416699469" lon="3.1856703758239746">
				<ele>158.76</ele>
				<time>2024-05-24T10:47:51</time>
			</trkpt>
			<trkpt lat="48.84697437286377" lon="3.184983730316162">
				<ele>159.56</ele>
				<time>2024-05-24T10:48:03</time>
			</trkpt>
			<trkpt lat="48.84754308499396" lon="3.1843507289886475">
				<ele>160.01</ele>
				<time>2024-05-24T10:48:13</time>
			</trkpt>
			<trkpt lat="48.84793996810913" lon="3.1839752197265625">
				<ele>160.53</ele>
				<time>2024-05-24T10:48:20</time>
			</trkpt>
			<trkpt lat="48.84846568107605" lon="3.183610439300537">
				<ele>160.61</ele>
				<time>2024-05-24T10:48:28</time>
			</trkpt>
			<trkpt lat="48.84872317314148" lon="3.183385133743286">
				<ele>160.64</ele>
				<time>2024-05-24T10:48:32</time>
			</trkpt>
			<trkpt lat="48.84891637600958" lon="3.1831705570220947">
				<ele>160.68</ele>
				<time>2024-05-24T10:48:36</time>
			</trkpt>
			<trkpt lat="48.84902358055115" lon="3.1830525398254395">
				<ele>160.67</ele>
				<time>2024-05-24T10:48:38</time>
			</trkpt>
			<trkpt lat="48.84925961494446" lon="3.182666301727295">
				<ele>160.6</ele>
				<time>2024-05-24T10:48:42</time>
			</trkpt>
			<trkpt lat="48.84946346282959" lon="3.1822049617767334">
				<ele>160.54</ele>
				<time>2024-05-24T10:48:48</time>
			</trkpt>
			<trkpt lat="48.849560022354126" lon="3.181743621826172">
				<ele>160.55</ele>
				<time>2024-05-24T10:48:52</time>
			</trkpt>
			<trkpt lat="48.849603021517396" lon="3.1814217567443848">
				<ele>160.3</ele>
				<time>2024-05-24T10:48:55</time>
			</trkpt>
			<trkpt lat="48.8496994972229" lon="3.1807243824005127">
				<ele>159.83</ele>
				<time>2024-05-24T10:49:02</time>
			</trkpt>
			<trkpt lat="48.849828243255615" lon="3.180413246154785">
				<ele>159.66</ele>
				<time>2024-05-24T10:49:06</time>
			</trkpt>
			<trkpt lat="48.84998917579651" lon="3.180220127105713">
				<ele>159.48</ele>
				<time>2024-05-24T10:49:08</time>
			</trkpt>
			<trkpt lat="48.85064363479614" lon="3.1795549392700195">
				<ele>158.94</ele>
				<time>2024-05-24T10:49:20</time>
			</trkpt>
			<trkpt lat="48.85093339718878" lon="3.17929744720459">
				<ele>158.59</ele>
				<time>2024-05-24T10:49:24</time>
			</trkpt>
			<trkpt lat="48.8512122631073" lon="3.1790614128112793">
				<ele>158.12</ele>
				<time>2024-05-24T10:49:29</time>
			</trkpt>
			<trkpt lat="48.85137319564819" lon="3.178889751434326">
				<ele>157.66</ele>
				<time>2024-05-24T10:49:32</time>
			</trkpt>
			<trkpt lat="48.851373279467225" lon="3.178889751434326">
				<ele>157.27</ele>
				<time>2024-05-24T10:49:32</time>
			</trkpt>
			<trkpt lat="48.85152339935303" lon="3.1784605979919434">
				<ele>156.85</ele>
				<time>2024-05-24T10:49:36</time>
			</trkpt>
			<trkpt lat="48.85163068771362" lon="3.177891969680786">
				<ele>156.48</ele>
				<time>2024-05-24T10:49:42</time>
			</trkpt>
			<trkpt lat="48.85174870491028" lon="3.1775593757629395">
				<ele>156.02</ele>
				<time>2024-05-24T10:49:46</time>
			</trkpt>
			<trkpt lat="48.85174870491028" lon="3.177248239517212">
				<ele>155.57</ele>
				<time>2024-05-24T10:49:48</time>
			</trkpt>
			<trkpt lat="48.851802349090576" lon="3.177140951156616">
				<ele>155.0</ele>
				<time>2024-05-24T10:49:50</time>
			</trkpt>
			<trkpt lat="48.85278940200806" lon="3.176175355911255">
				<ele>154.06</ele>
				<time>2024-05-24T10:50:07</time>
			</trkpt>
			<trkpt lat="48.853057622909546" lon="3.175896406173706">
				<ele>153.33</ele>
				<time>2024-05-24T10:50:11</time>
			</trkpt>
			<trkpt lat="48.85320782661438" lon="3.1756389141082764">
				<ele>152.62</ele>
				<time>2024-05-24T10:50:14</time>
			</trkpt>
			<trkpt lat="48.853315114974976" lon="3.175370693206787">
				<ele>151.95</ele>
				<time>2024-05-24T10:50:17</time>
			</trkpt>
			<trkpt lat="48.8534224871546" lon="3.1748878955841064">
				<ele>151.26</ele>
				<time>2024-05-24T10:50:22</time>
			</trkpt>
			<trkpt lat="48.853819370269775" lon="3.1731927394866943">
				<ele>150.33</ele>
				<time>2024-05-24T10:50:39</time>
			</trkpt>
			<trkpt lat="48.85394811630249" lon="3.172774314880371">
				<ele>149.61</ele>
				<time>2024-05-24T10:50:43</time>
			</trkpt>
			<trkpt lat="48.85404475964606" lon="3.1725382804870605">
				<ele>148.93</ele>
				<time>2024-05-24T10:50:46</time>
			</trkpt>
			<trkpt lat="48.854076862335205" lon="3.172473907470703">
				<ele>148.29</ele>
				<time>2024-05-24T10:50:47</time>
			</trkpt>
			<trkpt lat="48.85421633720398" lon="3.1722915172576904">
				<ele>147.75</ele>
				<time>2024-05-24T10:50:49</time>
			</trkpt>
			<trkpt lat="48.85491371154785" lon="3.171604871749878">
				<ele>146.99</ele>
				<time>2024-05-24T10:51:01</time>
			</trkpt>
			<trkpt lat="48.856201171875" lon="3.170253038406372">
				<ele>146.09</ele>
				<time>2024-05-24T10:51:24</time>
			</trkpt>
			<trkpt lat="48.85650157928467" lon="3.170006275177002">
				<ele>145.57</ele>
				<time>2024-05-24T10:51:29</time>
			</trkpt>
			<trkpt lat="48.85746717453003" lon="3.1695449352264404">
				<ele>145.24</ele>
				<time>2024-05-24T10:51:43</time>
			</trkpt>
			<trkpt lat="48.857617462053895" lon="3.1694483757019043">
				<ele>144.82</ele>
				<time>2024-05-24T10:51:45</time>
			</trkpt>
			<trkpt lat="48.85768175125122" lon="3.169330358505249">
				<ele>144.57</ele>
				<time>2024-05-24T10:51:47</time>
			</trkpt>
			<trkpt lat="48.85788559913635" lon="3.168826103210449">
				<ele>144.35</ele>
				<time>2024-05-24T10:51:52</time>
			</trkpt>
			<trkpt lat="48.858067989349365" lon="3.1684935092926025">
				<ele>144.35</ele>
				<time>2024-05-24T10:51:56</time>
			</trkpt>
			<trkpt lat="48.858561515808105" lon="3.1679248809814453">
				<ele>144.32</ele>
				<time>2024-05-24T10:52:05</time>
			</trkpt>
			<trkpt lat="48.8582718372345" lon="3.167334794998169">
				<ele>144.49</ele>
				<time>2024-05-24T10:52:12</time>
			</trkpt>
			<trkpt lat="48.85788559913635" lon="3.1669914722442627">
				<ele>144.77</ele>
				<time>2024-05-24T10:52:19</time>
			</trkpt>
			<trkpt lat="48.857327699661255" lon="3.1658756732940674">
				<ele>145.06</ele>
				<time>2024-05-24T10:52:32</time>
			</trkpt>
			<trkpt lat="48.85728478431702" lon="3.165607452392578">
				<ele>145.39</ele>
				<time>2024-05-24T10:52:34</time>
			</trkpt>
			<trkpt lat="48.85737061500549" lon="3.164459466934204">
				<ele>145.67</ele>
				<time>2024-05-24T10:52:45</time>
			</trkpt>
			<trkpt lat="48.857295513153076" lon="3.163590431213379">
				<ele>145.56</ele>
				<time>2024-05-24T10:52:54</time>
			</trkpt>
			<trkpt lat="48.85728478431702" lon="3.1634509563446045">
				<ele>145.53</ele>
				<time>2024-05-24T10:52:55</time>
			</trkpt>
			<trkpt lat="48.85743498802185" lon="3.1628823280334473">
				<ele>145.31</ele>
				<time>2024-05-24T10:53:01</time>
			</trkpt>
			<trkpt lat="48.85743507184088" lon="3.16281795501709">
				<ele>145.01</ele>
				<time>2024-05-24T10:53:01</time>
			</trkpt>
			<trkpt lat="48.85747790336609" lon="3.162109851837158">
				<ele>144.47</ele>
				<time>2024-05-24T10:53:08</time>
			</trkpt>
			<trkpt lat="48.857553005218506" lon="3.161541223526001">
				<ele>143.74</ele>
				<time>2024-05-24T10:53:13</time>
			</trkpt>
			<trkpt lat="48.85768175125122" lon="3.1611335277557373">
				<ele>142.89</ele>
				<time>2024-05-24T10:53:18</time>
			</trkpt>
			<trkpt lat="48.85840058326721" lon="3.159964084625244">
				<ele>141.8</ele>
				<time>2024-05-24T10:53:33</time>
			</trkpt>
			<trkpt lat="48.85873317718506" lon="3.159470558166504">
				<ele>140.95</ele>
				<time>2024-05-24T10:53:39</time>
			</trkpt>
			<trkpt lat="48.859108686447144" lon="3.1584298610687256">
				<ele>140.34</ele>
				<time>2024-05-24T10:53:50</time>
			</trkpt>
			<trkpt lat="48.85916233062744" lon="3.1576037406921387">
				<ele>139.9</ele>
				<time>2024-05-24T10:53:58</time>
			</trkpt>
			<trkpt lat="48.85915160179138" lon="3.1570565700531006">
				<ele>139.33</ele>
				<time>2024-05-24T10:54:03</time>
			</trkpt>
			<trkpt lat="48.85960606858134" lon="3.1557280384004116">
				<ele>137.71</ele>
				<time>2024-05-24T10:54:18</time>
			</trkpt>
			<trkpt lat="48.85960598476231" lon="3.1557283736765385">
				<ele>137.71</ele>
				<time>2024-05-24T10:54:18</time>
			</trkpt>
			<trkpt lat="48.85970950126648" lon="3.155425786972046">
				<ele>137.6</ele>
				<time>2024-05-24T10:54:21</time>
			</trkpt>
			<trkpt lat="48.860118286684155" lon="3.1543489638715982">
				<ele>137.95</ele>
				<time>2024-05-24T10:54:32</time>
			</trkpt>
			<trkpt lat="48.86011845432222" lon="3.1543486285954714">
				<ele>137.96</ele>
				<time>2024-05-24T10:54:32</time>
			</trkpt>
			<trkpt lat="48.86014938354492" lon="3.1542670726776123">
				<ele>137.73</ele>
				<time>2024-05-24T10:54:33</time>
			</trkpt>
			<trkpt lat="48.86040687561035" lon="3.153730630874634">
				<ele>137.0</ele>
				<time>2024-05-24T10:54:40</time>
			</trkpt>
			<trkpt lat="48.86065363883972" lon="3.153151273727417">
				<ele>136.84</ele>
				<time>2024-05-24T10:54:46</time>
			</trkpt>
			<trkpt lat="48.86070728302002" lon="3.153054714202881">
				<ele>136.52</ele>
				<time>2024-05-24T10:54:47</time>
			</trkpt>
			<trkpt lat="48.860803842544556" lon="3.1529152393341064">
				<ele>136.08</ele>
				<time>2024-05-24T10:54:49</time>
			</trkpt>
			<trkpt lat="48.86003136634827" lon="3.1513381004333496">
				<ele>135.08</ele>
				<time>2024-05-24T10:55:08</time>
			</trkpt>
			<trkpt lat="48.85990262031555" lon="3.151230812072754">
				<ele>134.31</ele>
				<time>2024-05-24T10:55:10</time>
			</trkpt>
			<trkpt lat="48.85890483856201" lon="3.15083384513855">
				<ele>133.35</ele>
				<time>2024-05-24T10:55:24</time>
			</trkpt>
			<trkpt lat="48.85864734649658" lon="3.150705099105835">
				<ele>132.45</ele>
				<time>2024-05-24T10:55:28</time>
			</trkpt>
			<trkpt lat="48.8582718372345" lon="3.150308132171631">
				<ele>131.92</ele>
				<time>2024-05-24T10:55:35</time>
			</trkpt>
			<trkpt lat="48.85815382003784" lon="3.1501901149749756">
				<ele>131.82</ele>
				<time>2024-05-24T10:55:37</time>
			</trkpt>
			<trkpt lat="48.85790705680847" lon="3.15008282661438">
				<ele>132.3</ele>
				<time>2024-05-24T10:55:41</time>
			</trkpt>
			<trkpt lat="48.85657902806997" lon="3.1497195549309254">
				<ele>131.93</ele>
				<time>2024-05-24T10:56:00</time>
			</trkpt>
			<trkpt lat="48.85657701641321" lon="3.149719052016735">
				<ele>131.93</ele>
				<time>2024-05-24T10:56:00</time>
			</trkpt>
			<trkpt lat="48.85539650917053" lon="3.1493961811065674">
				<ele>130.37</ele>
				<time>2024-05-24T10:56:17</time>
			</trkpt>
			<trkpt lat="48.855096101760864" lon="3.1492245197296143">
				<ele>129.4</ele>
				<time>2024-05-24T10:56:22</time>
			</trkpt>
			<trkpt lat="48.85475277900696" lon="3.148881196975708">
				<ele>128.08</ele>
				<time>2024-05-24T10:56:28</time>
			</trkpt>
			<trkpt lat="48.853797912597656" lon="3.147711753845215">
				<ele>127.23</ele>
				<time>2024-05-24T10:56:45</time>
			</trkpt>
			<trkpt lat="48.85221004486084" lon="3.145662546157837">
				<ele>127.08</ele>
				<time>2024-05-24T10:57:15</time>
			</trkpt>
			<trkpt lat="48.852092027664185" lon="3.145608901977539">
				<ele>126.81</ele>
				<time>2024-05-24T10:57:17</time>
			</trkpt>
			<trkpt lat="48.851802349090576" lon="3.145512342453003">
				<ele>126.42</ele>
				<time>2024-05-24T10:57:21</time>
			</trkpt>
			<trkpt lat="48.85128736495972" lon="3.1452548503875732">
				<ele>125.99</ele>
				<time>2024-05-24T10:57:29</time>
			</trkpt>
			<trkpt lat="48.85091185569763" lon="3.1449759006500244">
				<ele>125.53</ele>
				<time>2024-05-24T10:57:35</time>
			</trkpt>
			<trkpt lat="48.85069727897644" lon="3.144707679748535">
				<ele>125.22</ele>
				<time>2024-05-24T10:57:39</time>
			</trkpt>
			<trkpt lat="48.85052561759949" lon="3.144310712814331">
				<ele>125.08</ele>
				<time>2024-05-24T10:57:43</time>
			</trkpt>
			<trkpt lat="48.8504505995661" lon="3.1442034244537354">
				<ele>125.07</ele>
				<time>2024-05-24T10:57:44</time>
			</trkpt>
			<trkpt lat="48.850343227386475" lon="3.144042491912842">
				<ele>125.18</ele>
				<time>2024-05-24T10:57:47</time>
			</trkpt>
			<trkpt lat="48.850343227386475" lon="3.1436240673065186">
				<ele>125.62</ele>
				<time>2024-05-24T10:57:51</time>
			</trkpt>
			<trkpt lat="48.85052570141852" lon="3.1419289112091064">
				<ele>125.72</ele>
				<time>2024-05-24T10:58:07</time>
			</trkpt>
			<trkpt lat="48.85057934559882" lon="3.14133882522583">
				<ele>126.12</ele>
				<time>2024-05-24T10:58:12</time>
			</trkpt>
			<trkpt lat="48.85071873664856" lon="3.140512704849243">
				<ele>126.75</ele>
				<time>2024-05-24T10:58:20</time>
			</trkpt>
			<trkpt lat="48.85093331336975" lon="3.1399333477020264">
				<ele>127.46</ele>
				<time>2024-05-24T10:58:27</time>
			</trkpt>
			<trkpt lat="48.85093331336975" lon="3.1398046016693115">
				<ele>128.03</ele>
				<time>2024-05-24T10:58:28</time>
			</trkpt>
			<trkpt lat="48.8507080078125" lon="3.138216733932495">
				<ele>128.61</ele>
				<time>2024-05-24T10:58:43</time>
			</trkpt>
			<trkpt lat="48.850568532943726" lon="3.138023614883423">
				<ele>129.2</ele>
				<time>2024-05-24T10:58:46</time>
			</trkpt>
			<trkpt lat="48.85052561759949" lon="3.1379592418670654">
				<ele>129.77</ele>
				<time>2024-05-24T10:58:47</time>
			</trkpt>
			<trkpt lat="48.85039687156677" lon="3.1376802921295166">
				<ele>130.27</ele>
				<time>2024-05-24T10:58:50</time>
			</trkpt>
			<trkpt lat="48.85037541389465" lon="3.137540817260742">
				<ele>130.92</ele>
				<time>2024-05-24T10:58:51</time>
			</trkpt>
			<trkpt lat="48.850364685058594" lon="3.137326240539551">
				<ele>131.61</ele>
				<time>2024-05-24T10:58:53</time>
			</trkpt>
			<trkpt lat="48.85041832923889" lon="3.136650323867798">
				<ele>132.34</ele>
				<time>2024-05-24T10:59:00</time>
			</trkpt>
			<trkpt lat="48.85040760040283" lon="3.1364786624908447">
				<ele>132.87</ele>
				<time>2024-05-24T10:59:01</time>
			</trkpt>
			<trkpt lat="48.850375497713685" lon="3.136371374130249">
				<ele>133.37</ele>
				<time>2024-05-24T10:59:02</time>
			</trkpt>
			<trkpt lat="48.850311040878296" lon="3.136274814605713">
				<ele>133.82</ele>
				<time>2024-05-24T10:59:04</time>
			</trkpt>
			<trkpt lat="48.84997844696045" lon="3.136017322540283">
				<ele>134.27</ele>
				<time>2024-05-24T10:59:09</time>
			</trkpt>
			<trkpt lat="48.84942054748535" lon="3.1352126598358154">
				<ele>134.89</ele>
				<time>2024-05-24T10:59:20</time>
			</trkpt>
			<trkpt lat="48.84927034378052" lon="3.135073184967041">
				<ele>135.25</ele>
				<time>2024-05-24T10:59:23</time>
			</trkpt>
			<trkpt lat="48.849066495895386" lon="3.134922981262207">
				<ele>135.57</ele>
				<time>2024-05-24T10:59:26</time>
			</trkpt>
			<trkpt lat="48.84906657971442" lon="3.134922981262207">
				<ele>135.78</ele>
				<time>2024-05-24T10:59:26</time>
			</trkpt>
			<trkpt lat="48.84837985038757" lon="3.1346547603607178">
				<ele>136.03</ele>
				<time>2024-05-24T10:59:36</time>
			</trkpt>
			<trkpt lat="48.84803652763367" lon="3.134472370147705">
				<ele>136.0</ele>
				<time>2024-05-24T10:59:41</time>
			</trkpt>
			<trkpt lat="48.847607458010316" lon="3.1340861320495605">
				<ele>135.99</ele>
				<time>2024-05-24T10:59:48</time>
			</trkpt>
			<trkpt lat="48.8472855091095" lon="3.133646249771118">
				<ele>136.01</ele>
				<time>2024-05-24T10:59:54</time>
			</trkpt>
			<trkpt lat="48.847103118896484" lon="3.1333351135253906">
				<ele>136.23</ele>
				<time>2024-05-24T10:59:58</time>
			</trkpt>
			<trkpt lat="48.846867084503174" lon="3.1328094005584717">
				<ele>136.57</ele>
				<time>2024-05-24T11:00:04</time>
			</trkpt>
			<trkpt lat="48.846588134765625" lon="3.1320369243621826">
				<ele>136.73</ele>
				<time>2024-05-24T11:00:13</time>
			</trkpt>
			<trkpt lat="48.84613752365112" lon="3.1309103965759277">
				<ele>137.14</ele>
				<time>2024-05-24T11:00:25</time>
			</trkpt>
			<trkpt lat="48.845847928896546" lon="3.1303203105926514">
				<ele>137.62</ele>
				<time>2024-05-24T11:00:32</time>
			</trkpt>
			<trkpt lat="48.84575136937201" lon="3.1301379203796387">
				<ele>138.06</ele>
				<time>2024-05-24T11:00:34</time>
			</trkpt>
			<trkpt lat="48.845601081848145" lon="3.1298482418060303">
				<ele>138.48</ele>
				<time>2024-05-24T11:00:38</time>
			</trkpt>
			<trkpt lat="48.84548306465149" lon="3.1295907497406006">
				<ele>138.91</ele>
				<time>2024-05-24T11:00:41</time>
			</trkpt>
			<trkpt lat="48.8447642326355" lon="3.127713203430176">
				<ele>139.43</ele>
				<time>2024-05-24T11:01:01</time>
			</trkpt>
			<trkpt lat="48.8447105884552" lon="3.127434253692627">
				<ele>139.85</ele>
				<time>2024-05-24T11:01:04</time>
			</trkpt>
			<trkpt lat="48.84468913078308" lon="3.1271231174468994">
				<ele>140.25</ele>
				<time>2024-05-24T11:01:07</time>
			</trkpt>
			<trkpt lat="48.84473204612732" lon="3.1268012523651123">
				<ele>140.7</ele>
				<time>2024-05-24T11:01:10</time>
			</trkpt>
			<trkpt lat="48.844839334487915" lon="3.1264472007751465">
				<ele>141.08</ele>
				<time>2024-05-24T11:01:13</time>
			</trkpt>
			<trkpt lat="48.84530075825751" lon="3.1255245208740234">
				<ele>141.22</ele>
				<time>2024-05-24T11:01:24</time>
			</trkpt>
			<trkpt lat="48.845343589782715" lon="3.1254279613494873">
				<ele>141.36</ele>
				<time>2024-05-24T11:01:25</time>
			</trkpt>
			<trkpt lat="48.84539723396301" lon="3.125030994415283">
				<ele>141.54</ele>
				<time>2024-05-24T11:01:29</time>
			</trkpt>
			<trkpt lat="48.84542942047119" lon="3.1245481967926025">
				<ele>141.52</ele>
				<time>2024-05-24T11:01:34</time>
			</trkpt>
			<trkpt lat="48.84547241963446" lon="3.124333620071411">
				<ele>141.34</ele>
				<time>2024-05-24T11:01:36</time>
			</trkpt>
			<trkpt lat="48.84542942047119" lon="3.1241297721862793">
				<ele>141.05</ele>
				<time>2024-05-24T11:01:38</time>
			</trkpt>
			<trkpt lat="48.844581842422485" lon="3.1216835975646973">
				<ele>140.16</ele>
				<time>2024-05-24T11:02:04</time>
			</trkpt>
			<trkpt lat="48.84458192624152" lon="3.1216835975646973">
				<ele>139.59</ele>
				<time>2024-05-24T11:02:04</time>
			</trkpt>
			<trkpt lat="48.84450674057007" lon="3.1214475631713867">
				<ele>138.88</ele>
				<time>2024-05-24T11:02:06</time>
			</trkpt>
			<trkpt lat="48.84443163871765" lon="3.1211793422698975">
				<ele>138.1</ele>
				<time>2024-05-24T11:02:09</time>
			</trkpt>
			<trkpt lat="48.84445309638977" lon="3.120964765548706">
				<ele>137.3</ele>
				<time>2024-05-24T11:02:11</time>
			</trkpt>
			<trkpt lat="48.844871520996094" lon="3.12036395072937">
				<ele>136.44</ele>
				<time>2024-05-24T11:02:19</time>
			</trkpt>
			<trkpt lat="48.84501099586487" lon="3.1201171875">
				<ele>135.48</ele>
				<time>2024-05-24T11:02:22</time>
			</trkpt>
			<trkpt lat="48.845096826553345" lon="3.1195807456970215">
				<ele>134.47</ele>
				<time>2024-05-24T11:02:28</time>
			</trkpt>
			<trkpt lat="48.845107555389404" lon="3.119215965270996">
				<ele>133.49</ele>
				<time>2024-05-24T11:02:31</time>
			</trkpt>
			<trkpt lat="48.844807147979736" lon="3.1179392337799072">
				<ele>132.54</ele>
				<time>2024-05-24T11:02:44</time>
			</trkpt>
			<trkpt lat="48.84474277496338" lon="3.1175529956817627">
				<ele>131.62</ele>
				<time>2024-05-24T11:02:48</time>
			</trkpt>
			<trkpt lat="48.844614028930664" lon="3.1165337562561035">
				<ele>130.72</ele>
				<time>2024-05-24T11:02:57</time>
			</trkpt>
			<trkpt lat="48.84449609555304" lon="3.1154394149780273">
				<ele>130.05</ele>
				<time>2024-05-24T11:03:08</time>
			</trkpt>
			<trkpt lat="48.84449609555304" lon="3.115353584289551">
				<ele>129.66</ele>
				<time>2024-05-24T11:03:09</time>
			</trkpt>
			<trkpt lat="48.84447455406189" lon="3.1144416332244873">
				<ele>129.24</ele>
				<time>2024-05-24T11:03:17</time>
			</trkpt>
			<trkpt lat="48.844614028930664" lon="3.1136906147003174">
				<ele>129.37</ele>
				<time>2024-05-24T11:03:25</time>
			</trkpt>
			<trkpt lat="48.84500026702881" lon="3.111330270767212">
				<ele>129.89</ele>
				<time>2024-05-24T11:03:47</time>
			</trkpt>
			<trkpt lat="48.845086097717285" lon="3.110901117324829">
				<ele>130.36</ele>
				<time>2024-05-24T11:03:52</time>
			</trkpt>
			<trkpt lat="48.84524703025818" lon="3.1105685234069824">
				<ele>130.84</ele>
				<time>2024-05-24T11:03:56</time>
			</trkpt>
			<trkpt lat="48.84552597999573" lon="3.110182285308838">
				<ele>131.48</ele>
				<time>2024-05-24T11:04:01</time>
			</trkpt>
			<trkpt lat="48.84565472602844" lon="3.1098926067352295">
				<ele>132.27</ele>
				<time>2024-05-24T11:04:04</time>
			</trkpt>
			<trkpt lat="48.84569764137268" lon="3.109581470489502">
				<ele>133.11</ele>
				<time>2024-05-24T11:04:07</time>
			</trkpt>
			<trkpt lat="48.84565472602844" lon="3.108551502227783">
				<ele>133.8</ele>
				<time>2024-05-24T11:04:17</time>
			</trkpt>
			<trkpt lat="48.845654809847474" lon="3.108551502227783">
				<ele>134.53</ele>
				<time>2024-05-24T11:04:17</time>
			</trkpt>
			<trkpt lat="48.845611810684204" lon="3.1078755855560303">
				<ele>135.26</ele>
				<time>2024-05-24T11:04:23</time>
			</trkpt>
			<trkpt lat="48.84552597999573" lon="3.107478618621826">
				<ele>136.07</ele>
				<time>2024-05-24T11:04:27</time>
			</trkpt>
			<trkpt lat="48.84520419873297" lon="3.106985092163086">
				<ele>136.74</ele>
				<time>2024-05-24T11:04:34</time>
			</trkpt>
			<trkpt lat="48.845086097717285" lon="3.106813430786133">
				<ele>137.33</ele>
				<time>2024-05-24T11:04:36</time>
			</trkpt>
			<trkpt lat="48.84495735168457" lon="3.106437921524048">
				<ele>137.84</ele>
				<time>2024-05-24T11:04:40</time>
			</trkpt>
			<trkpt lat="48.84478569030762" lon="3.104356527328491">
				<ele>138.47</ele>
				<time>2024-05-24T11:05:00</time>
			</trkpt>
			<trkpt lat="48.84478569030762" lon="3.103111982345581">
				<ele>139.04</ele>
				<time>2024-05-24T11:05:12</time>
			</trkpt>
			<trkpt lat="48.8447105884552" lon="3.1028008460998535">
				<ele>139.3</ele>
				<time>2024-05-24T11:05:15</time>
			</trkpt>
			<trkpt lat="48.844056129455566" lon="3.1019532680511475">
				<ele>139.13</ele>
				<time>2024-05-24T11:05:27</time>
			</trkpt>
			<trkpt lat="48.84355187416077" lon="3.0987131595611572">
				<ele>139.42</ele>
				<time>2024-05-24T11:05:58</time>
			</trkpt>
			<trkpt lat="48.84329438209534" lon="3.0972325801849365">
				<ele>139.3</ele>
				<time>2024-05-24T11:06:13</time>
			</trkpt>
			<trkpt lat="48.843154991045594" lon="3.0960094928741455">
				<ele>139.27</ele>
				<time>2024-05-24T11:06:24</time>
			</trkpt>
			<trkpt lat="48.84315490722656" lon="3.095719814300537">
				<ele>138.82</ele>
				<time>2024-05-24T11:06:27</time>
			</trkpt>
			<trkpt lat="48.843165719881654" lon="3.09564471244812">
				<ele>138.15</ele>
				<time>2024-05-24T11:06:28</time>
			</trkpt>
			<trkpt lat="48.8431978225708" lon="3.0955052375793457">
				<ele>137.28</ele>
				<time>2024-05-24T11:06:29</time>
			</trkpt>
			<trkpt lat="48.84330519475043" lon="3.095097541809082">
				<ele>136.28</ele>
				<time>2024-05-24T11:06:33</time>
			</trkpt>
			<trkpt lat="48.8437020778656" lon="3.0937564373016357">
				<ele>135.06</ele>
				<time>2024-05-24T11:06:47</time>
			</trkpt>
			<trkpt lat="48.84329446591437" lon="3.0921363830566406">
				<ele>133.58</ele>
				<time>2024-05-24T11:07:03</time>
			</trkpt>
			<trkpt lat="48.842908227816224" lon="3.090623617172241">
				<ele>131.67</ele>
				<time>2024-05-24T11:07:19</time>
			</trkpt>
			<trkpt lat="48.842897498980165" lon="3.090602159500122">
				<ele>130.39</ele>
				<time>2024-05-24T11:07:19</time>
			</trkpt>
			<trkpt lat="48.84300478734076" lon="3.0900871753692627">
				<ele>129.02</ele>
				<time>2024-05-24T11:07:24</time>
			</trkpt>
			<trkpt lat="48.84309061802924" lon="3.0896365642547607">
				<ele>127.71</ele>
				<time>2024-05-24T11:07:29</time>
			</trkpt>
			<trkpt lat="48.84315490722656" lon="3.0893468856811523">
				<ele>126.57</ele>
				<time>2024-05-24T11:07:31</time>
			</trkpt>
			<trkpt lat="48.84324073791504" lon="3.0890250205993652">
				<ele>125.78</ele>
				<time>2024-05-24T11:07:35</time>
			</trkpt>
			<trkpt lat="48.84351968765259" lon="3.088284730911255">
				<ele>125.62</ele>
				<time>2024-05-24T11:07:43</time>
			</trkpt>
			<trkpt lat="48.84402402676642" lon="3.0868470668792725">
				<ele>124.96</ele>
				<time>2024-05-24T11:07:58</time>
			</trkpt>
			<trkpt lat="48.84402394294739" lon="3.0868470668792725">
				<ele>124.68</ele>
				<time>2024-05-24T11:07:58</time>
			</trkpt>
			<trkpt lat="48.84417414665222" lon="3.08640718460083">
				<ele>124.4</ele>
				<time>2024-05-24T11:08:03</time>
			</trkpt>
			<trkpt lat="48.84458192624152" lon="3.0855703353881836">
				<ele>124.65</ele>
				<time>2024-05-24T11:08:12</time>
			</trkpt>
			<trkpt lat="48.84504318237305" lon="3.084433078765869">
				<ele>125.06</ele>
				<time>2024-05-24T11:08:25</time>
			</trkpt>
			<trkpt lat="48.845161283388734" lon="3.083982467651367">
				<ele>125.22</ele>
				<time>2024-05-24T11:08:30</time>
			</trkpt>
			<trkpt lat="48.84521492756903" lon="3.083735704421997">
				<ele>125.46</ele>
				<time>2024-05-24T11:08:32</time>
			</trkpt>
			<trkpt lat="48.845804929733276" lon="3.0800771713256836">
				<ele>125.55</ele>
				<time>2024-05-24T11:09:07</time>
			</trkpt>
			<trkpt lat="48.846116065979004" lon="3.0799591541290283">
				<ele>125.94</ele>
				<time>2024-05-24T11:09:12</time>
			</trkpt>
			<trkpt lat="48.84651303291321" lon="3.0797553062438965">
				<ele>126.47</ele>
				<time>2024-05-24T11:09:18</time>
			</trkpt>
			<trkpt lat="48.84692072868347" lon="3.079369068145752">
				<ele>127.24</ele>
				<time>2024-05-24T11:09:25</time>
			</trkpt>
			<trkpt lat="48.8471782207489" lon="3.079218864440918">
				<ele>128.05</ele>
				<time>2024-05-24T11:09:29</time>
			</trkpt>
			<trkpt lat="48.84740352630615" lon="3.0791544914245605">
				<ele>128.85</ele>
				<time>2024-05-24T11:09:32</time>
			</trkpt>
			<trkpt lat="48.847800493240356" lon="3.07916522026062">
				<ele>129.92</ele>
				<time>2024-05-24T11:09:38</time>
			</trkpt>
			<trkpt lat="48.84796150960028" lon="3.0790793895721436">
				<ele>130.67</ele>
				<time>2024-05-24T11:09:40</time>
			</trkpt>
			<trkpt lat="48.848122358322144" lon="3.07891845703125">
				<ele>131.26</ele>
				<time>2024-05-24T11:09:43</time>
			</trkpt>
			<trkpt lat="48.849849700927734" lon="3.076643943786621">
				<ele>131.89</ele>
				<time>2024-05-24T11:10:16</time>
			</trkpt>
			<trkpt lat="48.850053548812866" lon="3.0765902996063232">
				<ele>132.59</ele>
				<time>2024-05-24T11:10:19</time>
			</trkpt>
			<trkpt lat="48.850332498550415" lon="3.076096773147583">
				<ele>133.07</ele>
				<time>2024-05-24T11:10:25</time>
			</trkpt>
			<trkpt lat="48.85089039802551" lon="3.0753350257873535">
				<ele>133.45</ele>
				<time>2024-05-24T11:10:36</time>
			</trkpt>
			<trkpt lat="48.85095477104187" lon="3.0751097202301025">
				<ele>133.8</ele>
				<time>2024-05-24T11:10:38</time>
			</trkpt>
			<trkpt lat="48.85098704136908" lon="3.0748093128204346">
				<ele>134.23</ele>
				<time>2024-05-24T11:10:41</time>
			</trkpt>
			<trkpt lat="48.85098695755005" lon="3.07442307472229">
				<ele>134.76</ele>
				<time>2024-05-24T11:10:44</time>
			</trkpt>
			<trkpt lat="48.85087966918945" lon="3.07367205619812">
				<ele>135.43</ele>
				<time>2024-05-24T11:10:52</time>
			</trkpt>
			<trkpt lat="48.850847482681274" lon="3.073199987411499">
				<ele>135.84</ele>
				<time>2024-05-24T11:10:56</time>
			</trkpt>
			<trkpt lat="48.85091185569763" lon="3.07242751121521">
				<ele>136.51</ele>
				<time>2024-05-24T11:11:03</time>
			</trkpt>
			<trkpt lat="48.85095477104187" lon="3.072223663330078">
				<ele>136.97</ele>
				<time>2024-05-24T11:11:05</time>
			</trkpt>
			<trkpt lat="48.85099768638611" lon="3.0718696117401123">
				<ele>137.43</ele>
				<time>2024-05-24T11:11:09</time>
			</trkpt>
			<trkpt lat="48.85096549987793" lon="3.0709683895111084">
				<ele>137.94</ele>
				<time>2024-05-24T11:11:17</time>
			</trkpt>
			<trkpt lat="48.850815296173096" lon="3.0693161487579346">
				<ele>138.67</ele>
				<time>2024-05-24T11:11:33</time>
			</trkpt>
			<trkpt lat="48.850568532943726" lon="3.068157434463501">
				<ele>139.24</ele>
				<time>2024-05-24T11:11:44</time>
			</trkpt>
			<trkpt lat="48.85052561759949" lon="3.0676424503326416">
				<ele>139.76</ele>
				<time>2024-05-24T11:11:49</time>
			</trkpt>
			<trkpt lat="48.85052561759949" lon="3.0669772624969482">
				<ele>140.21</ele>
				<time>2024-05-24T11:11:56</time>
			</trkpt>
			<trkpt lat="48.85071873664856" lon="3.0655503273010254">
				<ele>141.01</ele>
				<time>2024-05-24T11:12:09</time>
			</trkpt>
			<trkpt lat="48.85074019432068" lon="3.0648529529571533">
				<ele>141.14</ele>
				<time>2024-05-24T11:12:16</time>
			</trkpt>
			<trkpt lat="48.85074019432068" lon="3.063211441040039">
				<ele>141.77</ele>
				<time>2024-05-24T11:12:31</time>
			</trkpt>
			<trkpt lat="48.85071873664856" lon="3.0628573894500732">
				<ele>142.29</ele>
				<time>2024-05-24T11:12:35</time>
			</trkpt>
			<trkpt lat="48.85067582130432" lon="3.062514066696167">
				<ele>142.95</ele>
				<time>2024-05-24T11:12:38</time>
			</trkpt>
			<trkpt lat="48.850589990615845" lon="3.062567710876465">
				<ele>142.63</ele>
				<time>2024-05-24T11:12:39</time>
			</trkpt>
			<trkpt lat="48.84996386244893" lon="3.062809109687805">
				<ele>141.15</ele>
				<time>2024-05-24T11:12:48</time>
			</trkpt>
			<trkpt lat="48.84996185079217" lon="3.0628099478781223">
				<ele>141.15</ele>
				<time>2024-05-24T11:12:48</time>
			</trkpt>
			<trkpt lat="48.850589990615845" lon="3.062567710876465">
				<ele>142.63</ele>
				<time>2024-05-24T11:12:58</time>
			</trkpt>
			<trkpt lat="48.85067582130432" lon="3.062514066696167">
				<ele>142.95</ele>
				<time>2024-05-24T11:12:59</time>
			</trkpt>
			<trkpt lat="48.85043978691101" lon="3.061290979385376">
				<ele>142.96</ele>
				<time>2024-05-24T11:13:11</time>
			</trkpt>
			<trkpt lat="48.850353956222534" lon="3.0607974529266357">
				<ele>143.02</ele>
				<time>2024-05-24T11:13:16</time>
			</trkpt>
			<trkpt lat="48.850332498550415" lon="3.060411214828491">
				<ele>142.64</ele>
				<time>2024-05-24T11:13:19</time>
			</trkpt>
			<trkpt lat="48.850386226549745" lon="3.059896230697632">
				<ele>142.06</ele>
				<time>2024-05-24T11:13:24</time>
			</trkpt>
			<trkpt lat="48.85046124458313" lon="3.0596494674682617">
				<ele>141.44</ele>
				<time>2024-05-24T11:13:27</time>
			</trkpt>
			<trkpt lat="48.851115703582764" lon="3.0579543113708496">
				<ele>141.26</ele>
				<time>2024-05-24T11:13:45</time>
			</trkpt>
			<trkpt lat="48.85150194168091" lon="3.055518865585327">
				<ele>140.72</ele>
				<time>2024-05-24T11:14:09</time>
			</trkpt>
			<trkpt lat="48.85169506072998" lon="3.054574728012085">
				<ele>140.9</ele>
				<time>2024-05-24T11:14:18</time>
			</trkpt>
			<trkpt lat="48.851802349090576" lon="3.0541563034057617">
				<ele>141.27</ele>
				<time>2024-05-24T11:14:23</time>
			</trkpt>
			<trkpt lat="48.85241389274597" lon="3.052321672439575">
				<ele>141.27</ele>
				<time>2024-05-24T11:14:42</time>
			</trkpt>
			<trkpt lat="48.85274648666382" lon="3.0510878562927246">
				<ele>141.91</ele>
				<time>2024-05-24T11:14:54</time>
			</trkpt>
			<trkpt lat="48.85293960571289" lon="3.0497896671295166">
				<ele>142.48</ele>
				<time>2024-05-24T11:15:07</time>
			</trkpt>
			<trkpt lat="48.85300397872925" lon="3.0492210388183594">
				<ele>143.06</ele>
				<time>2024-05-24T11:15:12</time>
			</trkpt>
			<trkpt lat="48.85303616523743" lon="3.047482967376709">
				<ele>144.42</ele>
				<time>2024-05-24T11:15:29</time>
			</trkpt>
			<trkpt lat="48.85303616523743" lon="3.044832944869995">
				<ele>145.22</ele>
				<time>2024-05-24T11:15:54</time>
			</trkpt>
			<trkpt lat="48.853089809417725" lon="3.044264316558838">
				<ele>146.15</ele>
				<time>2024-05-24T11:15:59</time>
			</trkpt>
			<trkpt lat="48.853358030319214" lon="3.0432558059692383">
				<ele>146.64</ele>
				<time>2024-05-24T11:16:09</time>
			</trkpt>
			<trkpt lat="48.853583335876465" lon="3.042633533477783">
				<ele>147.6</ele>
				<time>2024-05-24T11:16:16</time>
			</trkpt>
			<trkpt lat="48.853862369433045" lon="3.0421507358551025">
				<ele>147.36</ele>
				<time>2024-05-24T11:16:22</time>
			</trkpt>
			<trkpt lat="48.85291814804077" lon="3.0417966842651367">
				<ele>146.71</ele>
				<time>2024-05-24T11:16:36</time>
			</trkpt>
			<trkpt lat="48.85240316390991" lon="3.0413782596588135">
				<ele>145.98</ele>
				<time>2024-05-24T11:16:44</time>
			</trkpt>
			<trkpt lat="48.84963512420654" lon="3.038041591644287">
				<ele>143.83</ele>
				<time>2024-05-24T11:17:35</time>
			</trkpt>
			<trkpt lat="48.84598740376532" lon="3.033803701400757">
				<ele>139.74</ele>
				<time>2024-05-24T11:18:40</time>
			</trkpt>
			<trkpt lat="48.84348750114441" lon="3.0309391021728516">
				<ele>134.25</ele>
				<time>2024-05-24T11:19:25</time>
			</trkpt>
			<trkpt lat="48.8425970915705" lon="3.029651641845703">
				<ele>131.4</ele>
				<time>2024-05-24T11:19:43</time>
			</trkpt>
			<trkpt lat="48.841813802719116" lon="3.028535842895508">
				<ele>133.07</ele>
				<time>2024-05-24T11:19:58</time>
			</trkpt>
			<trkpt lat="48.84167432785034" lon="3.028428554534912">
				<ele>133.72</ele>
				<time>2024-05-24T11:20:00</time>
			</trkpt>
			<trkpt lat="48.841845989227295" lon="3.0276453495025635">
				<ele>133.76</ele>
				<time>2024-05-24T11:20:08</time>
			</trkpt>
			<trkpt lat="48.841845989227295" lon="3.0272912979125977">
				<ele>133.98</ele>
				<time>2024-05-24T11:20:11</time>
			</trkpt>
			<trkpt lat="48.841813802719116" lon="3.0271410942077637">
				<ele>134.12</ele>
				<time>2024-05-24T11:20:13</time>
			</trkpt>
			<trkpt lat="48.84171724319458" lon="3.0269157886505127">
				<ele>134.27</ele>
				<time>2024-05-24T11:20:15</time>
			</trkpt>
			<trkpt lat="48.84149193763733" lon="3.0265402793884277">
				<ele>134.54</ele>
				<time>2024-05-24T11:20:20</time>
			</trkpt>
			<trkpt lat="48.84147047996521" lon="3.026411533355713">
				<ele>134.35</ele>
				<time>2024-05-24T11:20:21</time>
			</trkpt>
			<trkpt lat="48.84148120880127" lon="3.0263471603393555">
				<ele>134.17</ele>
				<time>2024-05-24T11:20:22</time>
			</trkpt>
			<trkpt lat="48.84151347912848" lon="3.0262398719787598">
				<ele>134.12</ele>
				<time>2024-05-24T11:20:23</time>
			</trkpt>
			<trkpt lat="48.84167432785034" lon="3.025907278060913">
				<ele>134.3</ele>
				<time>2024-05-24T11:20:27</time>
			</trkpt>
			<trkpt lat="48.84277948178351" lon="3.023890256881714">
				<ele>136.86</ele>
				<time>2024-05-24T11:20:52</time>
			</trkpt>
			<trkpt lat="48.842833042144775" lon="3.023707866668701">
				<ele>137.93</ele>
				<time>2024-05-24T11:20:54</time>
			</trkpt>
			<trkpt lat="48.842875957489014" lon="3.0234932899475098">
				<ele>138.85</ele>
				<time>2024-05-24T11:20:56</time>
			</trkpt>
			<trkpt lat="48.84302616119385" lon="3.022516965866089">
				<ele>140.33</ele>
				<time>2024-05-24T11:21:05</time>
			</trkpt>
			<trkpt lat="48.84341239929199" lon="3.020446300506592">
				<ele>140.69</ele>
				<time>2024-05-24T11:21:25</time>
			</trkpt>
			<trkpt lat="48.84347677230835" lon="3.019866943359375">
				<ele>139.08</ele>
				<time>2024-05-24T11:21:31</time>
			</trkpt>
			<trkpt lat="48.84351968765259" lon="3.0193090438842773">
				<ele>137.52</ele>
				<time>2024-05-24T11:21:36</time>
			</trkpt>
			<trkpt lat="48.84354114532471" lon="3.019169569015503">
				<ele>136.7</ele>
				<time>2024-05-24T11:21:38</time>
			</trkpt>
			<trkpt lat="48.84358414448798" lon="3.019073009490967">
				<ele>136.0</ele>
				<time>2024-05-24T11:21:39</time>
			</trkpt>
			<trkpt lat="48.84363770484924" lon="3.0190086364746094">
				<ele>135.54</ele>
				<time>2024-05-24T11:21:40</time>
			</trkpt>
			<trkpt lat="48.84371280670166" lon="3.018965721130371">
				<ele>135.4</ele>
				<time>2024-05-24T11:21:41</time>
			</trkpt>
			<trkpt lat="48.84406694211066" lon="3.0189335346221924">
				<ele>135.65</ele>
				<time>2024-05-24T11:21:46</time>
			</trkpt>
			<trkpt lat="48.84427078999579" lon="3.0189120769500732">
				<ele>135.82</ele>
				<time>2024-05-24T11:21:49</time>
			</trkpt>
			<trkpt lat="48.845869302749634" lon="3.018869161605835">
				<ele>136.45</ele>
				<time>2024-05-24T11:22:12</time>
			</trkpt>
			<trkpt lat="48.84618043899536" lon="3.0188262462615967">
				<ele>136.41</ele>
				<time>2024-05-24T11:22:16</time>
			</trkpt>
			<trkpt lat="48.846824169158936" lon="3.018815517425537">
				<ele>135.68</ele>
				<time>2024-05-24T11:22:25</time>
			</trkpt>
			<trkpt lat="48.84697437286377" lon="3.0187833309173584">
				<ele>135.02</ele>
				<time>2024-05-24T11:22:28</time>
			</trkpt>
			<trkpt lat="48.847607374191284" lon="3.0187833309173584">
				<ele>134.97</ele>
				<time>2024-05-24T11:22:37</time>
			</trkpt>
			<trkpt lat="48.84791851043701" lon="3.01874041557312">
				<ele>134.89</ele>
				<time>2024-05-24T11:22:41</time>
			</trkpt>
			<trkpt lat="48.84842276573181" lon="3.01874041557312">
				<ele>134.89</ele>
				<time>2024-05-24T11:22:48</time>
			</trkpt>
			<trkpt lat="48.84872317314148" lon="3.018697500228882">
				<ele>134.95</ele>
				<time>2024-05-24T11:22:53</time>
			</trkpt>
			<trkpt lat="48.84925961494446" lon="3.018697500228882">
				<ele>135.11</ele>
				<time>2024-05-24T11:23:00</time>
			</trkpt>
			<trkpt lat="48.84950637817383" lon="3.0186545848846436">
				<ele>135.41</ele>
				<time>2024-05-24T11:23:04</time>
			</trkpt>
			<trkpt lat="48.85016083717346" lon="3.0186545848846436">
				<ele>136.43</ele>
				<time>2024-05-24T11:23:13</time>
			</trkpt>
			<trkpt lat="48.85041832923889" lon="3.0186116695404053">
				<ele>136.77</ele>
				<time>2024-05-24T11:23:17</time>
			</trkpt>
			<trkpt lat="48.850632989779115" lon="3.0186116695404053">
				<ele>136.96</ele>
				<time>2024-05-24T11:23:20</time>
			</trkpt>
			<trkpt lat="48.85063290596008" lon="3.0186116695404053">
				<ele>137.56</ele>
				<time>2024-05-24T11:23:20</time>
			</trkpt>
			<trkpt lat="48.85082610882819" lon="3.018590211868286">
				<ele>138.79</ele>
				<time>2024-05-24T11:23:23</time>
			</trkpt>
			<trkpt lat="48.854570388793945" lon="3.0184292793273926">
				<ele>142.47</ele>
				<time>2024-05-24T11:24:16</time>
			</trkpt>
			<trkpt lat="48.8547420501709" lon="3.018343448638916">
				<ele>144.66</ele>
				<time>2024-05-24T11:24:19</time>
			</trkpt>
			<trkpt lat="48.85487079620361" lon="3.0182254314422607">
				<ele>146.41</ele>
				<time>2024-05-24T11:24:21</time>
			</trkpt>
			<trkpt lat="48.85496743954718" lon="3.0180859565734863">
				<ele>147.51</ele>
				<time>2024-05-24T11:24:23</time>
			</trkpt>
			<trkpt lat="48.855096101760864" lon="3.0179035663604736">
				<ele>148.29</ele>
				<time>2024-05-24T11:24:25</time>
			</trkpt>
			<trkpt lat="48.85716685093939" lon="3.014223575592041">
				<ele>148.84</ele>
				<time>2024-05-24T11:25:11</time>
			</trkpt>
			<trkpt lat="48.85994561947882" lon="3.0093741416931152">
				<ele>148.82</ele>
				<time>2024-05-24T11:26:11</time>
			</trkpt>
			<trkpt lat="48.86044987477362" lon="3.0084943771362305">
				<ele>147.44</ele>
				<time>2024-05-24T11:26:22</time>
			</trkpt>
			<trkpt lat="48.86417278088629" lon="3.0020570755004883">
				<ele>148.14</ele>
				<time>2024-05-24T11:27:43</time>
			</trkpt>
			<trkpt lat="48.86417269706726" lon="3.0020570755004883">
				<ele>148.08</ele>
				<time>2024-05-24T11:27:43</time>
			</trkpt>
			<trkpt lat="48.86480578221381" lon="3.0008983612060547">
				<ele>147.6</ele>
				<time>2024-05-24T11:27:57</time>
			</trkpt>
			<trkpt lat="48.864848697558045" lon="3.0008339881896973">
				<ele>147.8</ele>
				<time>2024-05-24T11:27:58</time>
			</trkpt>
			<trkpt lat="48.864848613739014" lon="3.0008339881896973">
				<ele>148.15</ele>
				<time>2024-05-24T11:27:58</time>
			</trkpt>
			<trkpt lat="48.868324756622314" lon="2.994847297668457">
				<ele>149.3</ele>
				<time>2024-05-24T11:29:13</time>
			</trkpt>
			<trkpt lat="48.86813163757324" lon="2.9947614669799805">
				<ele>149.62</ele>
				<time>2024-05-24T11:29:16</time>
			</trkpt>
			<trkpt lat="48.8676917552948" lon="2.994675636291504">
				<ele>149.57</ele>
				<time>2024-05-24T11:29:22</time>
			</trkpt>
			<trkpt lat="48.86745572090149" lon="2.994568347930908">
				<ele>149.72</ele>
				<time>2024-05-24T11:29:26</time>
			</trkpt>
			<trkpt lat="48.86711239814758" lon="2.9942679405212402">
				<ele>149.94</ele>
				<time>2024-05-24T11:29:32</time>
			</trkpt>
			<trkpt lat="48.86690855026245" lon="2.99402117729187">
				<ele>150.0</ele>
				<time>2024-05-24T11:29:35</time>
			</trkpt>
			<trkpt lat="48.86647939682007" lon="2.9934418201446533">
				<ele>150.02</ele>
				<time>2024-05-24T11:29:43</time>
			</trkpt>
			<trkpt lat="48.86622190475464" lon="2.9931628704071045">
				<ele>150.0</ele>
				<time>2024-05-24T11:29:48</time>
			</trkpt>
			<trkpt lat="48.866071701049805" lon="2.9930341243743896">
				<ele>149.79</ele>
				<time>2024-05-24T11:29:50</time>
			</trkpt>
			<trkpt lat="48.866071701049805" lon="2.9929697513580322">
				<ele>149.68</ele>
				<time>2024-05-24T11:29:51</time>
			</trkpt>
			<trkpt lat="48.86606105603278" lon="2.9929161071777344">
				<ele>149.42</ele>
				<time>2024-05-24T11:29:52</time>
			</trkpt>
			<trkpt lat="48.86601805686951" lon="2.9928410053253174">
				<ele>148.76</ele>
				<time>2024-05-24T11:29:53</time>
			</trkpt>
			<trkpt lat="48.86593222618103" lon="2.992755174636841">
				<ele>147.61</ele>
				<time>2024-05-24T11:29:54</time>
			</trkpt>
			<trkpt lat="48.865084731951356" lon="2.9920148849487305">
				<ele>145.43</ele>
				<time>2024-05-24T11:30:08</time>
			</trkpt>
			<trkpt lat="48.86424779891968" lon="2.9912960529327393">
				<ele>143.03</ele>
				<time>2024-05-24T11:30:22</time>
			</trkpt>
			<trkpt lat="48.864140594378114" lon="2.9911351203918457">
				<ele>141.78</ele>
				<time>2024-05-24T11:30:24</time>
			</trkpt>
			<trkpt lat="48.863078439608216" lon="2.991253137588501">
				<ele>141.3</ele>
				<time>2024-05-24T11:30:39</time>
			</trkpt>
			<trkpt lat="48.8627028465271" lon="2.9912853240966797">
				<ele>141.1</ele>
				<time>2024-05-24T11:30:44</time>
			</trkpt>
			<trkpt lat="48.86261701583862" lon="2.9908347129821777">
				<ele>140.23</ele>
				<time>2024-05-24T11:30:49</time>
			</trkpt>
			<trkpt lat="48.86243462562561" lon="2.9905128479003906">
				<ele>138.97</ele>
				<time>2024-05-24T11:30:53</time>
			</trkpt>
			<trkpt lat="48.86240243911743" lon="2.9896867275238037">
				<ele>137.91</ele>
				<time>2024-05-24T11:31:01</time>
			</trkpt>
			<trkpt lat="48.86241325177252" lon="2.9895150661468506">
				<ele>138.03</ele>
				<time>2024-05-24T11:31:02</time>
			</trkpt>
			<trkpt lat="48.86242398060858" lon="2.9893970489501953">
				<ele>138.91</ele>
				<time>2024-05-24T11:31:03</time>
			</trkpt>
			<trkpt lat="48.86252045631409" lon="2.988184690475464">
				<ele>141.1</ele>
				<time>2024-05-24T11:31:15</time>
			</trkpt>
			<trkpt lat="48.86249899864197" lon="2.9873263835906982">
				<ele>143.09</ele>
				<time>2024-05-24T11:31:23</time>
			</trkpt>
			<trkpt lat="48.862499082461" lon="2.9873263835906982">
				<ele>143.84</ele>
				<time>2024-05-24T11:31:23</time>
			</trkpt>
			<trkpt lat="48.86248835362494" lon="2.9864895343780518">
				<ele>144.16</ele>
				<time>2024-05-24T11:31:31</time>
			</trkpt>
			<trkpt lat="48.86248826980591" lon="2.9854273796081543">
				<ele>143.6</ele>
				<time>2024-05-24T11:31:41</time>
			</trkpt>
			<trkpt lat="48.86253126896918" lon="2.9842793941497803">
				<ele>142.34</ele>
				<time>2024-05-24T11:31:52</time>
			</trkpt>
			<trkpt lat="48.862552642822266" lon="2.9840219020843506">
				<ele>141.54</ele>
				<time>2024-05-24T11:31:54</time>
			</trkpt>
			<trkpt lat="48.862617099657655" lon="2.983582019805908">
				<ele>141.56</ele>
				<time>2024-05-24T11:31:58</time>
			</trkpt>
			<trkpt lat="48.862627828493714" lon="2.9835498332977295">
				<ele>141.83</ele>
				<time>2024-05-24T11:31:59</time>
			</trkpt>
			<trkpt lat="48.862799406051636" lon="2.982316017150879">
				<ele>142.56</ele>
				<time>2024-05-24T11:32:11</time>
			</trkpt>
			<trkpt lat="48.86325001716614" lon="2.980191707611084">
				<ele>144.33</ele>
				<time>2024-05-24T11:32:32</time>
			</trkpt>
			<trkpt lat="48.863346576690674" lon="2.979590892791748">
				<ele>145.53</ele>
				<time>2024-05-24T11:32:37</time>
			</trkpt>
			<trkpt lat="48.86362552642822" lon="2.975921630859375">
				<ele>147.4</ele>
				<time>2024-05-24T11:33:12</time>
			</trkpt>
			<trkpt lat="48.86405635625124" lon="2.970706494525075">
				<ele>150.08</ele>
				<time>2024-05-24T11:34:02</time>
			</trkpt>
			<trkpt lat="48.86405543424189" lon="2.970717726275325">
				<ele>150.09</ele>
				<time>2024-05-24T11:34:02</time>
			</trkpt>
			<trkpt lat="48.86405543424189" lon="2.970717642456293">
				<ele>151.12</ele>
				<time>2024-05-24T11:34:02</time>
			</trkpt>
			<trkpt lat="48.86414051055908" lon="2.9696881771087646">
				<ele>151.0</ele>
				<time>2024-05-24T11:34:11</time>
			</trkpt>
			<trkpt lat="48.864140594378114" lon="2.9696881771087646">
				<ele>151.0</ele>
				<time>2024-05-24T11:34:11</time>
			</trkpt>
			<trkpt lat="48.86419415473938" lon="2.9694736003875732">
				<ele>150.73</ele>
				<time>2024-05-24T11:34:14</time>
			</trkpt>
			<trkpt lat="48.86505254544318" lon="2.967735528945923">
				<ele>150.0</ele>
				<time>2024-05-24T11:34:34</time>
			</trkpt>
			<trkpt lat="48.865835666656494" lon="2.9661691188812256">
				<ele>149.64</ele>
				<time>2024-05-24T11:34:52</time>
			</trkpt>
			<trkpt lat="48.86701583862305" lon="2.9636693000793457">
				<ele>146.74</ele>
				<time>2024-05-24T11:35:21</time>
			</trkpt>
			<trkpt lat="48.86822828091681" lon="2.960193157196045">
				<ele>148.25</ele>
				<time>2024-05-24T11:35:58</time>
			</trkpt>
			<trkpt lat="48.86614680290222" lon="2.955118417739868">
				<ele>150.0</ele>
				<time>2024-05-24T11:36:55</time>
			</trkpt>
			<trkpt lat="48.86601814068854" lon="2.954721450805664">
				<ele>150.0</ele>
				<time>2024-05-24T11:36:59</time>
			</trkpt>
			<trkpt lat="48.86600732803345" lon="2.954678535461426">
				<ele>150.0</ele>
				<time>2024-05-24T11:36:59</time>
			</trkpt>
			<trkpt lat="48.865824937820435" lon="2.9536914825439453">
				<ele>150.0</ele>
				<time>2024-05-24T11:37:09</time>
			</trkpt>
			<trkpt lat="48.86547088623047" lon="2.951202392578125">
				<ele>141.09</ele>
				<time>2024-05-24T11:37:33</time>
			</trkpt>
			<trkpt lat="48.86541724205017" lon="2.9503870010375977">
				<ele>136.0</ele>
				<time>2024-05-24T11:37:41</time>
			</trkpt>
			<trkpt lat="48.86538505554199" lon="2.949206829071045">
				<ele>135.93</ele>
				<time>2024-05-24T11:37:52</time>
			</trkpt>
			<trkpt lat="48.865374410524964" lon="2.9490458965301514">
				<ele>136.05</ele>
				<time>2024-05-24T11:37:53</time>
			</trkpt>
			<trkpt lat="48.86531003750861" lon="2.9484879970550537">
				<ele>134.21</ele>
				<time>2024-05-24T11:37:59</time>
			</trkpt>
			<trkpt lat="48.86463403701782" lon="2.9440999031066895">
				<ele>108.31</ele>
				<time>2024-05-24T11:38:41</time>
			</trkpt>
			<trkpt lat="48.864634120836854" lon="2.9440999031066895">
				<ele>108.31</ele>
				<time>2024-05-24T11:38:41</time>
			</trkpt>
			<trkpt lat="48.864601934328675" lon="2.9438316822052">
				<ele>106.49</ele>
				<time>2024-05-24T11:38:43</time>
			</trkpt>
			<trkpt lat="48.86446237564087" lon="2.9428446292877197">
				<ele>104.29</ele>
				<time>2024-05-24T11:38:53</time>
			</trkpt>
			<trkpt lat="48.86420496739447" lon="2.9416000843048096">
				<ele>102.77</ele>
				<time>2024-05-24T11:39:05</time>
			</trkpt>
			<trkpt lat="48.8641619682312" lon="2.9414284229278564">
				<ele>102.02</ele>
				<time>2024-05-24T11:39:07</time>
			</trkpt>
			<trkpt lat="48.86364698410034" lon="2.939615249633789">
				<ele>98.17</ele>
				<time>2024-05-24T11:39:26</time>
			</trkpt>
			<trkpt lat="48.862831592559814" lon="2.937115430831909">
				<ele>98.66</ele>
				<time>2024-05-24T11:39:52</time>
			</trkpt>
			<trkpt lat="48.8622522354126" lon="2.935420274734497">
				<ele>93.0</ele>
				<time>2024-05-24T11:40:10</time>
			</trkpt>
			<trkpt lat="48.8616943359375" lon="2.9336178302764893">
				<ele>94.0</ele>
				<time>2024-05-24T11:40:28</time>
			</trkpt>
			<trkpt lat="48.86130893602967" lon="2.931369636207819">
				<ele>88.79</ele>
				<time>2024-05-24T11:40:50</time>
			</trkpt>
			<trkpt lat="48.86130943894386" lon="2.9313724860548973">
				<ele>88.79</ele>
				<time>2024-05-24T11:40:50</time>
			</trkpt>
			<trkpt lat="48.861243724823" lon="2.9309892654418945">
				<ele>87.62</ele>
				<time>2024-05-24T11:40:54</time>
			</trkpt>
			<trkpt lat="48.86090040206909" lon="2.928307056427002">
				<ele>86.22</ele>
				<time>2024-05-24T11:41:20</time>
			</trkpt>
			<trkpt lat="48.86090048588812" lon="2.928307056427002">
				<ele>85.0</ele>
				<time>2024-05-24T11:41:20</time>
			</trkpt>
			<trkpt lat="48.86081465519965" lon="2.9275882244110107">
				<ele>83.37</ele>
				<time>2024-05-24T11:41:27</time>
			</trkpt>
			<trkpt lat="48.860793113708496" lon="2.9260432720184326">
				<ele>81.38</ele>
				<time>2024-05-24T11:41:41</time>
			</trkpt>
			<trkpt lat="48.86073955334723" lon="2.9256677627563477">
				<ele>79.66</ele>
				<time>2024-05-24T11:41:45</time>
			</trkpt>
			<trkpt lat="48.86071801185608" lon="2.925539016723633">
				<ele>78.05</ele>
				<time>2024-05-24T11:41:46</time>
			</trkpt>
			<trkpt lat="48.860578536987305" lon="2.9250240325927734">
				<ele>76.49</ele>
				<time>2024-05-24T11:41:51</time>
			</trkpt>
			<trkpt lat="48.86040687561035" lon="2.924659252166748">
				<ele>74.75</ele>
				<time>2024-05-24T11:41:56</time>
			</trkpt>
			<trkpt lat="48.860106552019715" lon="2.924240827560425">
				<ele>72.65</ele>
				<time>2024-05-24T11:42:01</time>
			</trkpt>
			<trkpt lat="48.85951646603644" lon="2.9234683513641357">
				<ele>70.63</ele>
				<time>2024-05-24T11:42:12</time>
			</trkpt>
			<trkpt lat="48.85946273803711" lon="2.9234039783477783">
				<ele>68.74</ele>
				<time>2024-05-24T11:42:13</time>
			</trkpt>
			<trkpt lat="48.859108686447144" lon="2.922492027282715">
				<ele>66.31</ele>
				<time>2024-05-24T11:42:23</time>
			</trkpt>
			<trkpt lat="48.85895848274231" lon="2.921783924102783">
				<ele>63.99</ele>
				<time>2024-05-24T11:42:30</time>
			</trkpt>
			<trkpt lat="48.85894783772528" lon="2.9201853275299072">
				<ele>61.46</ele>
				<time>2024-05-24T11:42:45</time>
			</trkpt>
			<trkpt lat="48.85894775390625" lon="2.919820547103882">
				<ele>59.78</ele>
				<time>2024-05-24T11:42:49</time>
			</trkpt>
			<trkpt lat="48.859097957611084" lon="2.9183077812194824">
				<ele>58.48</ele>
				<time>2024-05-24T11:43:03</time>
			</trkpt>
			<trkpt lat="48.859087228775024" lon="2.918168306350708">
				<ele>57.38</ele>
				<time>2024-05-24T11:43:05</time>
			</trkpt>
			<trkpt lat="48.85906585492194" lon="2.918071746826172">
				<ele>56.48</ele>
				<time>2024-05-24T11:43:06</time>
			</trkpt>
			<trkpt lat="48.859376991167665" lon="2.9162049293518066">
				<ele>56.01</ele>
				<time>2024-05-24T11:43:24</time>
			</trkpt>
			<trkpt lat="48.85937690734863" lon="2.9162049293518066">
				<ele>55.48</ele>
				<time>2024-05-24T11:43:24</time>
			</trkpt>
			<trkpt lat="48.85943055152893" lon="2.9156899452209473">
				<ele>54.99</ele>
				<time>2024-05-24T11:43:29</time>
			</trkpt>
			<trkpt lat="48.85943055152893" lon="2.9156041145324707">
				<ele>54.58</ele>
				<time>2024-05-24T11:43:29</time>
			</trkpt>
			<trkpt lat="48.85946273803711" lon="2.9151535034179688">
				<ele>54.07</ele>
				<time>2024-05-24T11:43:34</time>
			</trkpt>
			<trkpt lat="48.85944128036499" lon="2.915024757385254">
				<ele>53.66</ele>
				<time>2024-05-24T11:43:35</time>
			</trkpt>
			<trkpt lat="48.85925897397101" lon="2.9148316383361816">
				<ele>53.15</ele>
				<time>2024-05-24T11:43:38</time>
			</trkpt>
			<trkpt lat="48.85920532979071" lon="2.914777994155884">
				<ele>52.84</ele>
				<time>2024-05-24T11:43:39</time>
			</trkpt>
			<trkpt lat="48.8586688041687" lon="2.914177179336548">
				<ele>52.41</ele>
				<time>2024-05-24T11:43:49</time>
			</trkpt>
			<trkpt lat="48.85866888798773" lon="2.914177179336548">
				<ele>52.23</ele>
				<time>2024-05-24T11:43:49</time>
			</trkpt>
			<trkpt lat="48.85854014195502" lon="2.9140377044677734">
				<ele>52.06</ele>
				<time>2024-05-24T11:43:51</time>
			</trkpt>
			<trkpt lat="48.858304023742676" lon="2.913823127746582">
				<ele>52.03</ele>
				<time>2024-05-24T11:43:55</time>
			</trkpt>
			<trkpt lat="48.8581645488739" lon="2.9137051105499268">
				<ele>52.06</ele>
				<time>2024-05-24T11:43:57</time>
			</trkpt>
			<trkpt lat="48.85803580284119" lon="2.913544178009033">
				<ele>52.0</ele>
				<time>2024-05-24T11:43:59</time>
			</trkpt>
			<trkpt lat="48.85802507400513" lon="2.913447618484497">
				<ele>51.94</ele>
				<time>2024-05-24T11:44:00</time>
			</trkpt>
			<trkpt lat="48.85792859829962" lon="2.911022901535034">
				<ele>51.78</ele>
				<time>2024-05-24T11:44:23</time>
			</trkpt>
			<trkpt lat="48.857842683792114" lon="2.909359931945801">
				<ele>51.82</ele>
				<time>2024-05-24T11:44:39</time>
			</trkpt>
			<trkpt lat="48.85778912343085" lon="2.9088234901428223">
				<ele>51.65</ele>
				<time>2024-05-24T11:44:44</time>
			</trkpt>
			<trkpt lat="48.857789039611816" lon="2.9088234901428223">
				<ele>51.6</ele>
				<time>2024-05-24T11:44:44</time>
			</trkpt>
			<trkpt lat="48.85775693692267" lon="2.908608913421631">
				<ele>51.52</ele>
				<time>2024-05-24T11:44:46</time>
			</trkpt>
			<trkpt lat="48.85771402157843" lon="2.9082870483398438">
				<ele>51.45</ele>
				<time>2024-05-24T11:44:49</time>
			</trkpt>
			<trkpt lat="48.8577139377594" lon="2.90812611579895">
				<ele>51.49</ele>
				<time>2024-05-24T11:44:51</time>
			</trkpt>
			<trkpt lat="48.85803588666022" lon="2.9074931144714355">
				<ele>51.55</ele>
				<time>2024-05-24T11:44:58</time>
			</trkpt>
			<trkpt lat="48.8581109046936" lon="2.9073429107666016">
				<ele>51.62</ele>
				<time>2024-05-24T11:45:00</time>
			</trkpt>
			<trkpt lat="48.85815390385687" lon="2.9073214530944824">
				<ele>51.58</ele>
				<time>2024-05-24T11:45:01</time>
			</trkpt>
			<trkpt lat="48.85815382003784" lon="2.9073214530944824">
				<ele>51.51</ele>
				<time>2024-05-24T11:45:01</time>
			</trkpt>
			<trkpt lat="48.85823965072632" lon="2.907235622406006">
				<ele>51.35</ele>
				<time>2024-05-24T11:45:02</time>
			</trkpt>
			<trkpt lat="48.85828256607056" lon="2.907257080078125">
				<ele>51.28</ele>
				<time>2024-05-24T11:45:03</time>
			</trkpt>
			<trkpt lat="48.858312824741006" lon="2.9072368796914816">
				<ele>51.2</ele>
				<time>2024-05-24T11:45:03</time>
			</trkpt>
		</trkseg>
	</trk>
</gpx>
