<?xml version="1.0" encoding="UTF-8"?>
<gpx creator="Garmin Connect" version="1.1" xsi:schemaLocation="http://www.topografix.com/GPX/1/1 http://www.topografix.com/GPX/11.xsd" xmlns:ns3="http://www.garmin.com/xmlschemas/TrackPointExtension/v1" xmlns="http://www.topografix.com/GPX/1/1" xmlns:xsi="http://www.w3.org/2001/XMLSchema-instance" xmlns:ns2="http://www.garmin.com/xmlschemas/GpxExtensions/v3">
	<metadata>
		<name>103-G3-74 km-D 615 m-Les News</name>
		<link href="connect.garmin.com">
			<text>Garmin Connect</text>
		</link>
		<time>2017-02-26T08:00:00</time>
	</metadata>
	<trk>
		<name>103-G3-74 km-D 615 m-Les News</name>
		<desc>undefined</desc>
		<trkseg>
			<trkpt lat="48.858249792829156" lon="2.9071099776774645">
				<ele>51.0</ele>
				<time>2017-02-26T08:00:00</time>
			</trkpt>
			<trkpt lat="48.85823990218341" lon="2.907229922711849">
				<ele>51.0</ele>
				<time>2017-02-26T08:00:01</time>
			</trkpt>
			<trkpt lat="48.858179887756705" lon="2.907249955460429">
				<ele>51.0</ele>
				<time>2017-02-26T08:00:02</time>
			</trkpt>
			<trkpt lat="48.8581299316138" lon="2.9072999116033316">
				<ele>51.0</ele>
				<time>2017-02-26T08:00:03</time>
			</trkpt>
			<trkpt lat="48.85779985226691" lon="2.907889997586608">
				<ele>51.0</ele>
				<time>2017-02-26T08:00:12</time>
			</trkpt>
			<trkpt lat="48.8576898816973" lon="2.9081598948687315">
				<ele>51.0</ele>
				<time>2017-02-26T08:00:16</time>
			</trkpt>
			<trkpt lat="48.857529954984784" lon="2.9084699414670467">
				<ele>51.0</ele>
				<time>2017-02-26T08:00:21</time>
			</trkpt>
			<trkpt lat="48.856669971719384" lon="2.9099899996072054">
				<ele>50.0</ele>
				<time>2017-02-26T08:00:43</time>
			</trkpt>
			<trkpt lat="48.85648992843926" lon="2.9103899002075195">
				<ele>50.0</ele>
				<time>2017-02-26T08:00:49</time>
			</trkpt>
			<trkpt lat="48.85628993622959" lon="2.91098996065557">
				<ele>52.0</ele>
				<time>2017-02-26T08:00:57</time>
			</trkpt>
			<trkpt lat="48.856199998408556" lon="2.9109199717640877">
				<ele>52.0</ele>
				<time>2017-02-26T08:00:58</time>
			</trkpt>
			<trkpt lat="48.8557399995625" lon="2.910359976813197">
				<ele>52.0</ele>
				<time>2017-02-26T08:01:09</time>
			</trkpt>
			<trkpt lat="48.855679985135794" lon="2.910239864140749">
				<ele>52.0</ele>
				<time>2017-02-26T08:01:10</time>
			</trkpt>
			<trkpt lat="48.855599854141474" lon="2.9099599085748196">
				<ele>51.0</ele>
				<time>2017-02-26T08:01:14</time>
			</trkpt>
			<trkpt lat="48.85555995628238" lon="2.909889919683337">
				<ele>51.0</ele>
				<time>2017-02-26T08:01:15</time>
			</trkpt>
			<trkpt lat="48.85549994185567" lon="2.909829905256629">
				<ele>51.0</ele>
				<time>2017-02-26T08:01:16</time>
			</trkpt>
			<trkpt lat="48.855379996821284" lon="2.909809872508049">
				<ele>51.0</ele>
				<time>2017-02-26T08:01:18</time>
			</trkpt>
			<trkpt lat="48.85500993579626" lon="2.9098798613995314">
				<ele>52.0</ele>
				<time>2017-02-26T08:01:25</time>
			</trkpt>
			<trkpt lat="48.854849841445684" lon="2.909849938005209">
				<ele>52.0</ele>
				<time>2017-02-26T08:01:28</time>
			</trkpt>
			<trkpt lat="48.854739870876074" lon="2.9098998941481113">
				<ele>53.0</ele>
				<time>2017-02-26T08:01:30</time>
			</trkpt>
			<trkpt lat="48.85470994748175" lon="2.909929985180497">
				<ele>54.0</ele>
				<time>2017-02-26T08:01:30</time>
			</trkpt>
			<trkpt lat="48.854549853131175" lon="2.910249838605523">
				<ele>54.0</ele>
				<time>2017-02-26T08:01:35</time>
			</trkpt>
			<trkpt lat="48.854439966380596" lon="2.9110499750822783">
				<ele>54.0</ele>
				<time>2017-02-26T08:01:44</time>
			</trkpt>
			<trkpt lat="48.854329995810986" lon="2.911559846252203">
				<ele>57.0</ele>
				<time>2017-02-26T08:01:50</time>
			</trkpt>
			<trkpt lat="48.854329995810986" lon="2.9116999078541994">
				<ele>57.0</ele>
				<time>2017-02-26T08:01:52</time>
			</trkpt>
			<trkpt lat="48.85440987534821" lon="2.9121899977326393">
				<ele>56.0</ele>
				<time>2017-02-26T08:01:58</time>
			</trkpt>
			<trkpt lat="48.85517992079258" lon="2.9159499518573284">
				<ele>51.0</ele>
				<time>2017-02-26T08:02:43</time>
			</trkpt>
			<trkpt lat="48.85521990247071" lon="2.9163698852062225">
				<ele>51.0</ele>
				<time>2017-02-26T08:02:48</time>
			</trkpt>
			<trkpt lat="48.855159888044" lon="2.9211998730897903">
				<ele>51.0</ele>
				<time>2017-02-26T08:03:43</time>
			</trkpt>
			<trkpt lat="48.85513993911445" lon="2.9215599596500397">
				<ele>52.0</ele>
				<time>2017-02-26T08:03:47</time>
			</trkpt>
			<trkpt lat="48.85506995022297" lon="2.9221799690276384">
				<ele>53.0</ele>
				<time>2017-02-26T08:03:54</time>
			</trkpt>
			<trkpt lat="48.85502988472581" lon="2.9223899357020855">
				<ele>53.0</ele>
				<time>2017-02-26T08:03:57</time>
			</trkpt>
			<trkpt lat="48.854629984125495" lon="2.923419987782836">
				<ele>53.0</ele>
				<time>2017-02-26T08:04:11</time>
			</trkpt>
			<trkpt lat="48.8545398786664" lon="2.9235499911010265">
				<ele>53.0</ele>
				<time>2017-02-26T08:04:13</time>
			</trkpt>
			<trkpt lat="48.854419849812984" lon="2.9236298706382513">
				<ele>54.0</ele>
				<time>2017-02-26T08:04:15</time>
			</trkpt>
			<trkpt lat="48.85397988371551" lon="2.9236999433487654">
				<ele>59.0</ele>
				<time>2017-02-26T08:04:23</time>
			</trkpt>
			<trkpt lat="48.85382993146777" lon="2.9236999433487654">
				<ele>58.0</ele>
				<time>2017-02-26T08:04:25</time>
			</trkpt>
			<trkpt lat="48.85370998643339" lon="2.923639928922057">
				<ele>58.0</ele>
				<time>2017-02-26T08:04:28</time>
			</trkpt>
			<trkpt lat="48.85347998701036" lon="2.9234899766743183">
				<ele>58.0</ele>
				<time>2017-02-26T08:04:32</time>
			</trkpt>
			<trkpt lat="48.85091990232468" lon="2.9217699263244867">
				<ele>70.0</ele>
				<time>2017-02-26T08:05:21</time>
			</trkpt>
			<trkpt lat="48.849349888041615" lon="2.92065991088748">
				<ele>72.0</ele>
				<time>2017-02-26T08:05:51</time>
			</trkpt>
			<trkpt lat="48.84890983812511" lon="2.9202399775385857">
				<ele>71.0</ele>
				<time>2017-02-26T08:06:00</time>
			</trkpt>
			<trkpt lat="48.84843986481428" lon="2.9197299387305975">
				<ele>69.0</ele>
				<time>2017-02-26T08:06:10</time>
			</trkpt>
			<trkpt lat="48.84802998974919" lon="2.919429950416088">
				<ele>67.0</ele>
				<time>2017-02-26T08:06:18</time>
			</trkpt>
			<trkpt lat="48.8479398842901" lon="2.9193199798464775">
				<ele>67.0</ele>
				<time>2017-02-26T08:06:20</time>
			</trkpt>
			<trkpt lat="48.847839972004294" lon="2.9191499948501587">
				<ele>66.0</ele>
				<time>2017-02-26T08:06:22</time>
			</trkpt>
			<trkpt lat="48.84757988154888" lon="2.91850995272398">
				<ele>66.0</ele>
				<time>2017-02-26T08:06:31</time>
			</trkpt>
			<trkpt lat="48.84724988602102" lon="2.9176598601043224">
				<ele>62.0</ele>
				<time>2017-02-26T08:06:42</time>
			</trkpt>
			<trkpt lat="48.84718987159431" lon="2.9174598678946495">
				<ele>61.0</ele>
				<time>2017-02-26T08:06:45</time>
			</trkpt>
			<trkpt lat="48.84706984274089" lon="2.9167998768389225">
				<ele>60.0</ele>
				<time>2017-02-26T08:06:53</time>
			</trkpt>
			<trkpt lat="48.84692994877696" lon="2.9157699923962355">
				<ele>59.0</ele>
				<time>2017-02-26T08:07:05</time>
			</trkpt>
			<trkpt lat="48.84668997488916" lon="2.914299890398979">
				<ele>59.0</ele>
				<time>2017-02-26T08:07:22</time>
			</trkpt>
			<trkpt lat="48.8464598916471" lon="2.91313991881907">
				<ele>59.0</ele>
				<time>2017-02-26T08:07:36</time>
			</trkpt>
			<trkpt lat="48.84631999768317" lon="2.9126399382948875">
				<ele>60.0</ele>
				<time>2017-02-26T08:07:42</time>
			</trkpt>
			<trkpt lat="48.84623995050788" lon="2.9124199971556664">
				<ele>60.0</ele>
				<time>2017-02-26T08:07:45</time>
			</trkpt>
			<trkpt lat="48.846039874479175" lon="2.911979863420129">
				<ele>59.0</ele>
				<time>2017-02-26T08:07:51</time>
			</trkpt>
			<trkpt lat="48.845609882846475" lon="2.911179978400469">
				<ele>56.0</ele>
				<time>2017-02-26T08:08:03</time>
			</trkpt>
			<trkpt lat="48.84467991068959" lon="2.909579873085022">
				<ele>53.0</ele>
				<time>2017-02-26T08:08:27</time>
			</trkpt>
			<trkpt lat="48.84428998455405" lon="2.9090198781341314">
				<ele>51.0</ele>
				<time>2017-02-26T08:08:37</time>
			</trkpt>
			<trkpt lat="48.8438799418509" lon="2.908519897609949">
				<ele>52.0</ele>
				<time>2017-02-26T08:08:46</time>
			</trkpt>
			<trkpt lat="48.84327996522188" lon="2.9077299032360315">
				<ele>56.0</ele>
				<time>2017-02-26T08:09:00</time>
			</trkpt>
			<trkpt lat="48.842899929732084" lon="2.9072598461061716">
				<ele>57.0</ele>
				<time>2017-02-26T08:09:08</time>
			</trkpt>
			<trkpt lat="48.842559875920415" lon="2.9069699998945">
				<ele>55.0</ele>
				<time>2017-02-26T08:09:15</time>
			</trkpt>
			<trkpt lat="48.84228997863829" lon="2.906789956614375">
				<ele>54.0</ele>
				<time>2017-02-26T08:09:20</time>
			</trkpt>
			<trkpt lat="48.842149917036295" lon="2.9067099932581186">
				<ele>55.0</ele>
				<time>2017-02-26T08:09:23</time>
			</trkpt>
			<trkpt lat="48.84178991429508" lon="2.906559957191348">
				<ele>56.0</ele>
				<time>2017-02-26T08:09:29</time>
			</trkpt>
			<trkpt lat="48.841069992631674" lon="2.906379997730255">
				<ele>53.0</ele>
				<time>2017-02-26T08:09:42</time>
			</trkpt>
			<trkpt lat="48.84077989496291" lon="2.9063298739492893">
				<ele>53.0</ele>
				<time>2017-02-26T08:09:47</time>
			</trkpt>
			<trkpt lat="48.840449983254075" lon="2.9062399361282587">
				<ele>53.0</ele>
				<time>2017-02-26T08:09:53</time>
			</trkpt>
			<trkpt lat="48.83931993506849" lon="2.9059799294918776">
				<ele>53.0</ele>
				<time>2017-02-26T08:10:13</time>
			</trkpt>
			<trkpt lat="48.83907996118069" lon="2.905909940600395">
				<ele>54.0</ele>
				<time>2017-02-26T08:10:17</time>
			</trkpt>
			<trkpt lat="48.83640990592539" lon="2.905319854617119">
				<ele>53.0</ele>
				<time>2017-02-26T08:11:04</time>
			</trkpt>
			<trkpt lat="48.83601997978985" lon="2.9052198585122824">
				<ele>53.0</ele>
				<time>2017-02-26T08:11:11</time>
			</trkpt>
			<trkpt lat="48.83581998758018" lon="2.90512983687222">
				<ele>53.0</ele>
				<time>2017-02-26T08:11:15</time>
			</trkpt>
			<trkpt lat="48.833619905635715" lon="2.90387992747128">
				<ele>53.0</ele>
				<time>2017-02-26T08:11:55</time>
			</trkpt>
			<trkpt lat="48.83130993694067" lon="2.9023598693311214">
				<ele>57.0</ele>
				<time>2017-02-26T08:12:39</time>
			</trkpt>
			<trkpt lat="48.83093995973468" lon="2.9021398443728685">
				<ele>57.0</ele>
				<time>2017-02-26T08:12:46</time>
			</trkpt>
			<trkpt lat="48.83057995699346" lon="2.901899954304099">
				<ele>55.0</ele>
				<time>2017-02-26T08:12:53</time>
			</trkpt>
			<trkpt lat="48.8303498737514" lon="2.9017298854887486">
				<ele>54.0</ele>
				<time>2017-02-26T08:12:57</time>
			</trkpt>
			<trkpt lat="48.8302999176085" lon="2.9015699587762356">
				<ele>56.0</ele>
				<time>2017-02-26T08:12:59</time>
			</trkpt>
			<trkpt lat="48.83016991429031" lon="2.9012798611074686">
				<ele>59.0</ele>
				<time>2017-02-26T08:13:03</time>
			</trkpt>
			<trkpt lat="48.83004988543689" lon="2.900919858366251">
				<ele>61.0</ele>
				<time>2017-02-26T08:13:08</time>
			</trkpt>
			<trkpt lat="48.829539846628904" lon="2.8981498908251524">
				<ele>83.0</ele>
				<time>2017-02-26T08:13:41</time>
			</trkpt>
			<trkpt lat="48.829489890486" lon="2.89805986918509">
				<ele>84.0</ele>
				<time>2017-02-26T08:13:42</time>
			</trkpt>
			<trkpt lat="48.829409843310714" lon="2.8979899641126394">
				<ele>84.0</ele>
				<time>2017-02-26T08:13:44</time>
			</trkpt>
			<trkpt lat="48.829259891062975" lon="2.8979599568992853">
				<ele>84.0</ele>
				<time>2017-02-26T08:13:47</time>
			</trkpt>
			<trkpt lat="48.82909996435046" lon="2.8979498986154795">
				<ele>86.0</ele>
				<time>2017-02-26T08:13:49</time>
			</trkpt>
			<trkpt lat="48.828979851678014" lon="2.897849902510643">
				<ele>89.0</ele>
				<time>2017-02-26T08:13:52</time>
			</trkpt>
			<trkpt lat="48.82890994660556" lon="2.8976998664438725">
				<ele>89.0</ele>
				<time>2017-02-26T08:13:54</time>
			</trkpt>
			<trkpt lat="48.82888991385698" lon="2.8976199869066477">
				<ele>89.0</ele>
				<time>2017-02-26T08:13:55</time>
			</trkpt>
			<trkpt lat="48.82887985557318" lon="2.89721991866827">
				<ele>91.0</ele>
				<time>2017-02-26T08:13:59</time>
			</trkpt>
			<trkpt lat="48.828919837251306" lon="2.8966599237173796">
				<ele>92.0</ele>
				<time>2017-02-26T08:14:06</time>
			</trkpt>
			<trkpt lat="48.8289599865675" lon="2.895159898325801">
				<ele>98.0</ele>
				<time>2017-02-26T08:14:23</time>
			</trkpt>
			<trkpt lat="48.8288698811084" lon="2.894549947232008">
				<ele>99.0</ele>
				<time>2017-02-26T08:14:30</time>
			</trkpt>
			<trkpt lat="48.82879997603595" lon="2.8941898606717587">
				<ele>100.0</ele>
				<time>2017-02-26T08:14:35</time>
			</trkpt>
			<trkpt lat="48.82704991847277" lon="2.888599969446659">
				<ele>115.0</ele>
				<time>2017-02-26T08:15:46</time>
			</trkpt>
			<trkpt lat="48.82636997848749" lon="2.8866098541766405">
				<ele>119.0</ele>
				<time>2017-02-26T08:16:11</time>
			</trkpt>
			<trkpt lat="48.825579984113574" lon="2.884939843788743">
				<ele>129.0</ele>
				<time>2017-02-26T08:16:35</time>
			</trkpt>
			<trkpt lat="48.825069945305586" lon="2.88389990106225">
				<ele>129.0</ele>
				<time>2017-02-26T08:16:50</time>
			</trkpt>
			<trkpt lat="48.82488998584449" lon="2.883559847250581">
				<ele>129.0</ele>
				<time>2017-02-26T08:16:55</time>
			</trkpt>
			<trkpt lat="48.82471983321011" lon="2.883309982717037">
				<ele>130.0</ele>
				<time>2017-02-26T08:16:59</time>
			</trkpt>
			<trkpt lat="48.82427995093167" lon="2.882769852876663">
				<ele>131.0</ele>
				<time>2017-02-26T08:17:09</time>
			</trkpt>
			<trkpt lat="48.82395992986858" lon="2.8824099339544773">
				<ele>130.0</ele>
				<time>2017-02-26T08:17:16</time>
			</trkpt>
			<trkpt lat="48.82368986494839" lon="2.8820298984646797">
				<ele>131.0</ele>
				<time>2017-02-26T08:17:22</time>
			</trkpt>
			<trkpt lat="48.82370989769697" lon="2.8818099573254585">
				<ele>131.0</ele>
				<time>2017-02-26T08:17:24</time>
			</trkpt>
			<trkpt lat="48.82368986494839" lon="2.881309976801276">
				<ele>134.0</ele>
				<time>2017-02-26T08:17:30</time>
			</trkpt>
			<trkpt lat="48.82360998541117" lon="2.8809299413114786">
				<ele>135.0</ele>
				<time>2017-02-26T08:17:35</time>
			</trkpt>
			<trkpt lat="48.82322994992137" lon="2.879759995266795">
				<ele>135.0</ele>
				<time>2017-02-26T08:17:50</time>
			</trkpt>
			<trkpt lat="48.82258990779519" lon="2.8779298905283213">
				<ele>137.0</ele>
				<time>2017-02-26T08:18:13</time>
			</trkpt>
			<trkpt lat="48.822579849511385" lon="2.8775699716061354">
				<ele>136.0</ele>
				<time>2017-02-26T08:18:18</time>
			</trkpt>
			<trkpt lat="48.822599966079" lon="2.877419851720333">
				<ele>136.0</ele>
				<time>2017-02-26T08:18:19</time>
			</trkpt>
			<trkpt lat="48.82265989668667" lon="2.8772799577564">
				<ele>136.0</ele>
				<time>2017-02-26T08:18:21</time>
			</trkpt>
			<trkpt lat="48.82267992943525" lon="2.877099998295307">
				<ele>137.0</ele>
				<time>2017-02-26T08:18:23</time>
			</trkpt>
			<trkpt lat="48.82265989668667" lon="2.8770298417657614">
				<ele>137.0</ele>
				<time>2017-02-26T08:18:24</time>
			</trkpt>
			<trkpt lat="48.82260994054377" lon="2.8769499622285366">
				<ele>137.0</ele>
				<time>2017-02-26T08:18:26</time>
			</trkpt>
			<trkpt lat="48.822599966079" lon="2.876799926161766">
				<ele>137.0</ele>
				<time>2017-02-26T08:18:27</time>
			</trkpt>
			<trkpt lat="48.82252989336848" lon="2.8764999378472567">
				<ele>138.0</ele>
				<time>2017-02-26T08:18:31</time>
			</trkpt>
			<trkpt lat="48.82241992279887" lon="2.8762199822813272">
				<ele>139.0</ele>
				<time>2017-02-26T08:18:35</time>
			</trkpt>
			<trkpt lat="48.822339875623584" lon="2.8760699462145567">
				<ele>140.0</ele>
				<time>2017-02-26T08:18:37</time>
			</trkpt>
			<trkpt lat="48.82223996333778" lon="2.8759298846125603">
				<ele>140.0</ele>
				<time>2017-02-26T08:18:39</time>
			</trkpt>
			<trkpt lat="48.821929916739464" lon="2.8756199218332767">
				<ele>138.0</ele>
				<time>2017-02-26T08:18:46</time>
			</trkpt>
			<trkpt lat="48.821829836815596" lon="2.8754798602312803">
				<ele>138.0</ele>
				<time>2017-02-26T08:18:48</time>
			</trkpt>
			<trkpt lat="48.82170989178121" lon="2.8752698935568333">
				<ele>138.0</ele>
				<time>2017-02-26T08:18:51</time>
			</trkpt>
			<trkpt lat="48.82095996290445" lon="2.873019939288497">
				<ele>137.0</ele>
				<time>2017-02-26T08:19:20</time>
			</trkpt>
			<trkpt lat="48.81903983652592" lon="2.8675399348139763">
				<ele>137.0</ele>
				<time>2017-02-26T08:20:31</time>
			</trkpt>
			<trkpt lat="48.81865996867418" lon="2.8664098866283894">
				<ele>136.0</ele>
				<time>2017-02-26T08:20:46</time>
			</trkpt>
			<trkpt lat="48.818559888750315" lon="2.86606983281672">
				<ele>136.0</ele>
				<time>2017-02-26T08:20:50</time>
			</trkpt>
			<trkpt lat="48.818429969251156" lon="2.8653699439018965">
				<ele>137.0</ele>
				<time>2017-02-26T08:20:58</time>
			</trkpt>
			<trkpt lat="48.81807985715568" lon="2.8631999529898167">
				<ele>137.0</ele>
				<time>2017-02-26T08:21:24</time>
			</trkpt>
			<trkpt lat="48.81712993606925" lon="2.856879997998476">
				<ele>134.0</ele>
				<time>2017-02-26T08:22:38</time>
			</trkpt>
			<trkpt lat="48.81603986956179" lon="2.850279835984111">
				<ele>133.0</ele>
				<time>2017-02-26T08:23:56</time>
			</trkpt>
			<trkpt lat="48.815679866820574" lon="2.847939860075712">
				<ele>131.0</ele>
				<time>2017-02-26T08:24:24</time>
			</trkpt>
			<trkpt lat="48.81560987792909" lon="2.8473998978734016">
				<ele>130.0</ele>
				<time>2017-02-26T08:24:30</time>
			</trkpt>
			<trkpt lat="48.815269991755486" lon="2.8437698632478714">
				<ele>134.0</ele>
				<time>2017-02-26T08:25:12</time>
			</trkpt>
			<trkpt lat="48.8152399007231" lon="2.8424998372793198">
				<ele>127.0</ele>
				<time>2017-02-26T08:25:27</time>
			</trkpt>
			<trkpt lat="48.815269991755486" lon="2.8422898706048727">
				<ele>126.0</ele>
				<time>2017-02-26T08:25:29</time>
			</trkpt>
			<trkpt lat="48.81534987129271" lon="2.8421998489648104">
				<ele>126.0</ele>
				<time>2017-02-26T08:25:31</time>
			</trkpt>
			<trkpt lat="48.815399995073676" lon="2.842019973322749">
				<ele>125.0</ele>
				<time>2017-02-26T08:25:33</time>
			</trkpt>
			<trkpt lat="48.815399995073676" lon="2.8418799117207527">
				<ele>124.0</ele>
				<time>2017-02-26T08:25:35</time>
			</trkpt>
			<trkpt lat="48.81536990404129" lon="2.8416999522596598">
				<ele>124.0</ele>
				<time>2017-02-26T08:25:37</time>
			</trkpt>
			<trkpt lat="48.815249875187874" lon="2.841549916192889">
				<ele>124.0</ele>
				<time>2017-02-26T08:25:40</time>
			</trkpt>
			<trkpt lat="48.8151899445802" lon="2.841519992798567">
				<ele>124.0</ele>
				<time>2017-02-26T08:25:41</time>
			</trkpt>
			<trkpt lat="48.815139988437295" lon="2.8413998801261187">
				<ele>124.0</ele>
				<time>2017-02-26T08:25:42</time>
			</trkpt>
			<trkpt lat="48.81507997401059" lon="2.8411999717354774">
				<ele>125.0</ele>
				<time>2017-02-26T08:25:45</time>
			</trkpt>
			<trkpt lat="48.81500990130007" lon="2.840639976784587">
				<ele>126.0</ele>
				<time>2017-02-26T08:25:51</time>
			</trkpt>
			<trkpt lat="48.81497997790575" lon="2.840549871325493">
				<ele>126.0</ele>
				<time>2017-02-26T08:25:53</time>
			</trkpt>
			<trkpt lat="48.81463992409408" lon="2.8367699682712555">
				<ele>124.0</ele>
				<time>2017-02-26T08:26:36</time>
			</trkpt>
			<trkpt lat="48.81433993577957" lon="2.8337798919528723">
				<ele>126.0</ele>
				<time>2017-02-26T08:27:11</time>
			</trkpt>
			<trkpt lat="48.814309844747186" lon="2.8329699486494064">
				<ele>125.0</ele>
				<time>2017-02-26T08:27:20</time>
			</trkpt>
			<trkpt lat="48.8141399435699" lon="2.83063986338675">
				<ele>126.0</ele>
				<time>2017-02-26T08:27:47</time>
			</trkpt>
			<trkpt lat="48.81412988528609" lon="2.830169890075922">
				<ele>126.0</ele>
				<time>2017-02-26T08:27:52</time>
			</trkpt>
			<trkpt lat="48.814089987426996" lon="2.829719865694642">
				<ele>126.0</ele>
				<time>2017-02-26T08:27:58</time>
			</trkpt>
			<trkpt lat="48.81447999738157" lon="2.8298599272966385">
				<ele>125.0</ele>
				<time>2017-02-26T08:28:05</time>
			</trkpt>
			<trkpt lat="48.814839916303754" lon="2.828689981251955">
				<ele>126.0</ele>
				<time>2017-02-26T08:28:19</time>
			</trkpt>
			<trkpt lat="48.81493991240859" lon="2.828439949080348">
				<ele>126.0</ele>
				<time>2017-02-26T08:28:23</time>
			</trkpt>
			<trkpt lat="48.81508994847536" lon="2.828259989619255">
				<ele>126.0</ele>
				<time>2017-02-26T08:28:26</time>
			</trkpt>
			<trkpt lat="48.81543989293277" lon="2.8280599135905504">
				<ele>126.0</ele>
				<time>2017-02-26T08:28:33</time>
			</trkpt>
			<trkpt lat="48.8156299944967" lon="2.8279199358075857">
				<ele>128.0</ele>
				<time>2017-02-26T08:28:36</time>
			</trkpt>
			<trkpt lat="48.81573988124728" lon="2.8277598414570093">
				<ele>128.0</ele>
				<time>2017-02-26T08:28:39</time>
			</trkpt>
			<trkpt lat="48.815919840708375" lon="2.8268299531191587">
				<ele>127.0</ele>
				<time>2017-02-26T08:28:50</time>
			</trkpt>
			<trkpt lat="48.816239945590496" lon="2.8254398982971907">
				<ele>127.0</ele>
				<time>2017-02-26T08:29:07</time>
			</trkpt>
			<trkpt lat="48.81721987389028" lon="2.82085994258523">
				<ele>125.0</ele>
				<time>2017-02-26T08:30:02</time>
			</trkpt>
			<trkpt lat="48.81727988831699" lon="2.820679983124137">
				<ele>125.0</ele>
				<time>2017-02-26T08:30:04</time>
			</trkpt>
			<trkpt lat="48.817439982667565" lon="2.820289973169565">
				<ele>125.0</ele>
				<time>2017-02-26T08:30:10</time>
			</trkpt>
			<trkpt lat="48.8175399787724" lon="2.8200999554246664">
				<ele>125.0</ele>
				<time>2017-02-26T08:30:12</time>
			</trkpt>
			<trkpt lat="48.8180098682642" lon="2.8194099571555853">
				<ele>124.0</ele>
				<time>2017-02-26T08:30:24</time>
			</trkpt>
			<trkpt lat="48.81806988269091" lon="2.8193598333746195">
				<ele>124.0</ele>
				<time>2017-02-26T08:30:25</time>
			</trkpt>
			<trkpt lat="48.81847992539406" lon="2.818869911134243">
				<ele>123.0</ele>
				<time>2017-02-26T08:30:34</time>
			</trkpt>
			<trkpt lat="48.818559888750315" lon="2.818799838423729">
				<ele>123.0</ele>
				<time>2017-02-26T08:30:36</time>
			</trkpt>
			<trkpt lat="48.81869986653328" lon="2.818849878385663">
				<ele>124.0</ele>
				<time>2017-02-26T08:30:38</time>
			</trkpt>
			<trkpt lat="48.818799862638116" lon="2.8188099805265665">
				<ele>124.0</ele>
				<time>2017-02-26T08:30:40</time>
			</trkpt>
			<trkpt lat="48.81888988427818" lon="2.81870998442173">
				<ele>124.0</ele>
				<time>2017-02-26T08:30:42</time>
			</trkpt>
			<trkpt lat="48.81895995698869" lon="2.818569839000702">
				<ele>124.0</ele>
				<time>2017-02-26T08:30:44</time>
			</trkpt>
			<trkpt lat="48.818969931453466" lon="2.8183298651129007">
				<ele>124.0</ele>
				<time>2017-02-26T08:30:47</time>
			</trkpt>
			<trkpt lat="48.818919975310564" lon="2.818179912865162">
				<ele>124.0</ele>
				<time>2017-02-26T08:30:49</time>
			</trkpt>
			<trkpt lat="48.818839928135276" lon="2.8180698584765196">
				<ele>124.0</ele>
				<time>2017-02-26T08:30:51</time>
			</trkpt>
			<trkpt lat="48.81875988095999" lon="2.817989895120263">
				<ele>124.0</ele>
				<time>2017-02-26T08:30:52</time>
			</trkpt>
			<trkpt lat="48.818729957565665" lon="2.817979920655489">
				<ele>124.0</ele>
				<time>2017-02-26T08:30:53</time>
			</trkpt>
			<trkpt lat="48.818619986996055" lon="2.817999953404069">
				<ele>124.0</ele>
				<time>2017-02-26T08:30:55</time>
			</trkpt>
			<trkpt lat="48.818429969251156" lon="2.8176799323409796">
				<ele>124.0</ele>
				<time>2017-02-26T08:31:00</time>
			</trkpt>
			<trkpt lat="48.818279933184385" lon="2.817289922386408">
				<ele>124.0</ele>
				<time>2017-02-26T08:31:05</time>
			</trkpt>
			<trkpt lat="48.818039959296584" lon="2.8164099901914597">
				<ele>125.0</ele>
				<time>2017-02-26T08:31:16</time>
			</trkpt>
			<trkpt lat="48.81794985383749" lon="2.8156999591737986">
				<ele>125.0</ele>
				<time>2017-02-26T08:31:24</time>
			</trkpt>
			<trkpt lat="48.8177799526602" lon="2.8139198943972588">
				<ele>124.0</ele>
				<time>2017-02-26T08:31:45</time>
			</trkpt>
			<trkpt lat="48.81767995655537" lon="2.8132398705929518">
				<ele>123.0</ele>
				<time>2017-02-26T08:31:53</time>
			</trkpt>
			<trkpt lat="48.817269913852215" lon="2.81114992685616">
				<ele>120.0</ele>
				<time>2017-02-26T08:32:18</time>
			</trkpt>
			<trkpt lat="48.816559966653585" lon="2.8077998477965593">
				<ele>121.0</ele>
				<time>2017-02-26T08:32:58</time>
			</trkpt>
			<trkpt lat="48.81645988672972" lon="2.8071398567408323">
				<ele>121.0</ele>
				<time>2017-02-26T08:33:06</time>
			</trkpt>
			<trkpt lat="48.816239945590496" lon="2.805079836398363">
				<ele>123.0</ele>
				<time>2017-02-26T08:33:30</time>
			</trkpt>
			<trkpt lat="48.81601983681321" lon="2.8036699164658785">
				<ele>122.0</ele>
				<time>2017-02-26T08:33:46</time>
			</trkpt>
			<trkpt lat="48.81598991341889" lon="2.803389960899949">
				<ele>122.0</ele>
				<time>2017-02-26T08:33:49</time>
			</trkpt>
			<trkpt lat="48.81596988067031" lon="2.802959969267249">
				<ele>123.0</ele>
				<time>2017-02-26T08:33:54</time>
			</trkpt>
			<trkpt lat="48.81595999002457" lon="2.8023398760706186">
				<ele>123.0</ele>
				<time>2017-02-26T08:34:02</time>
			</trkpt>
			<trkpt lat="48.81597985513508" lon="2.800689898431301">
				<ele>122.0</ele>
				<time>2017-02-26T08:34:20</time>
			</trkpt>
			<trkpt lat="48.81601983681321" lon="2.7994499634951353">
				<ele>122.0</ele>
				<time>2017-02-26T08:34:35</time>
			</trkpt>
			<trkpt lat="48.81603986956179" lon="2.7992199640721083">
				<ele>122.0</ele>
				<time>2017-02-26T08:34:37</time>
			</trkpt>
			<trkpt lat="48.816129975020885" lon="2.798609845340252">
				<ele>123.0</ele>
				<time>2017-02-26T08:34:44</time>
			</trkpt>
			<trkpt lat="48.81632996723056" lon="2.7974498737603426">
				<ele>121.0</ele>
				<time>2017-02-26T08:34:58</time>
			</trkpt>
			<trkpt lat="48.8164799194783" lon="2.796459887176752">
				<ele>121.0</ele>
				<time>2017-02-26T08:35:10</time>
			</trkpt>
			<trkpt lat="48.81651998497546" lon="2.796299960464239">
				<ele>121.0</ele>
				<time>2017-02-26T08:35:12</time>
			</trkpt>
			<trkpt lat="48.81650992669165" lon="2.7958798594772816">
				<ele>121.0</ele>
				<time>2017-02-26T08:35:17</time>
			</trkpt>
			<trkpt lat="48.81638998165727" lon="2.7952699083834887">
				<ele>121.0</ele>
				<time>2017-02-26T08:35:24</time>
			</trkpt>
			<trkpt lat="48.81634991616011" lon="2.795159937813878">
				<ele>121.0</ele>
				<time>2017-02-26T08:35:25</time>
			</trkpt>
			<trkpt lat="48.81630993448198" lon="2.79509992338717">
				<ele>121.0</ele>
				<time>2017-02-26T08:35:26</time>
			</trkpt>
			<trkpt lat="48.81620985455811" lon="2.7947699278593063">
				<ele>122.0</ele>
				<time>2017-02-26T08:35:31</time>
			</trkpt>
			<trkpt lat="48.81600994616747" lon="2.7940899040549994">
				<ele>122.0</ele>
				<time>2017-02-26T08:35:39</time>
			</trkpt>
			<trkpt lat="48.8158599101007" lon="2.793509876355529">
				<ele>121.0</ele>
				<time>2017-02-26T08:35:46</time>
			</trkpt>
			<trkpt lat="48.815569980069995" lon="2.7925498969852924">
				<ele>122.0</ele>
				<time>2017-02-26T08:35:58</time>
			</trkpt>
			<trkpt lat="48.81533998064697" lon="2.791989902034402">
				<ele>121.0</ele>
				<time>2017-02-26T08:36:06</time>
			</trkpt>
			<trkpt lat="48.81501995958388" lon="2.7913299947977066">
				<ele>120.0</ele>
				<time>2017-02-26T08:36:15</time>
			</trkpt>
			<trkpt lat="48.81498986855149" lon="2.79118993319571">
				<ele>120.0</ele>
				<time>2017-02-26T08:36:17</time>
			</trkpt>
			<trkpt lat="48.814929854124784" lon="2.791089853271842">
				<ele>120.0</ele>
				<time>2017-02-26T08:36:19</time>
			</trkpt>
			<trkpt lat="48.81484997458756" lon="2.7909798827022314">
				<ele>120.0</ele>
				<time>2017-02-26T08:36:20</time>
			</trkpt>
			<trkpt lat="48.8144298736006" lon="2.7905298583209515">
				<ele>118.0</ele>
				<time>2017-02-26T08:36:29</time>
			</trkpt>
			<trkpt lat="48.81435996852815" lon="2.7905298583209515">
				<ele>118.0</ele>
				<time>2017-02-26T08:36:31</time>
			</trkpt>
			<trkpt lat="48.81384992972016" lon="2.790399855002761">
				<ele>118.0</ele>
				<time>2017-02-26T08:36:40</time>
			</trkpt>
			<trkpt lat="48.81349998526275" lon="2.790419887751341">
				<ele>119.0</ele>
				<time>2017-02-26T08:36:46</time>
			</trkpt>
			<trkpt lat="48.81276983767748" lon="2.7905298583209515">
				<ele>120.0</ele>
				<time>2017-02-26T08:36:58</time>
			</trkpt>
			<trkpt lat="48.812469933182" lon="2.790509909391403">
				<ele>119.0</ele>
				<time>2017-02-26T08:37:04</time>
			</trkpt>
			<trkpt lat="48.8120798394084" lon="2.790399855002761">
				<ele>118.0</ele>
				<time>2017-02-26T08:37:11</time>
			</trkpt>
			<trkpt lat="48.81188998930156" lon="2.790299942716956">
				<ele>118.0</ele>
				<time>2017-02-26T08:37:14</time>
			</trkpt>
			<trkpt lat="48.81167993880808" lon="2.7901398483663797">
				<ele>118.0</ele>
				<time>2017-02-26T08:37:18</time>
			</trkpt>
			<trkpt lat="48.81152990274131" lon="2.7899999544024467">
				<ele>118.0</ele>
				<time>2017-02-26T08:37:21</time>
			</trkpt>
			<trkpt lat="48.811469888314605" lon="2.7898798417299986">
				<ele>118.0</ele>
				<time>2017-02-26T08:37:23</time>
			</trkpt>
			<trkpt lat="48.81112991832197" lon="2.7894798573106527">
				<ele>120.0</ele>
				<time>2017-02-26T08:37:30</time>
			</trkpt>
			<trkpt lat="48.810989940539" lon="2.7892398834228516">
				<ele>120.0</ele>
				<time>2017-02-26T08:37:34</time>
			</trkpt>
			<trkpt lat="48.81089983507991" lon="2.7890398912131786">
				<ele>121.0</ele>
				<time>2017-02-26T08:37:37</time>
			</trkpt>
			<trkpt lat="48.8107898645103" lon="2.788759935647249">
				<ele>119.0</ele>
				<time>2017-02-26T08:37:41</time>
			</trkpt>
			<trkpt lat="48.81061987951398" lon="2.7880998607724905">
				<ele>120.0</ele>
				<time>2017-02-26T08:37:49</time>
			</trkpt>
			<trkpt lat="48.8105599489063" lon="2.787659978494048">
				<ele>120.0</ele>
				<time>2017-02-26T08:37:54</time>
			</trkpt>
			<trkpt lat="48.8105599489063" lon="2.7875299751758575">
				<ele>120.0</ele>
				<time>2017-02-26T08:37:55</time>
			</trkpt>
			<trkpt lat="48.81020992062986" lon="2.7876498363912106">
				<ele>119.0</ele>
				<time>2017-02-26T08:38:02</time>
			</trkpt>
			<trkpt lat="48.81010984070599" lon="2.7877199929207563">
				<ele>119.0</ele>
				<time>2017-02-26T08:38:04</time>
			</trkpt>
			<trkpt lat="48.807649835944176" lon="2.7884299401193857">
				<ele>122.0</ele>
				<time>2017-02-26T08:38:47</time>
			</trkpt>
			<trkpt lat="48.8073998875916" lon="2.7884698379784822">
				<ele>122.0</ele>
				<time>2017-02-26T08:38:51</time>
			</trkpt>
			<trkpt lat="48.8072098698467" lon="2.78847998008132">
				<ele>121.0</ele>
				<time>2017-02-26T08:38:55</time>
			</trkpt>
			<trkpt lat="48.80626983940601" lon="2.788399849087">
				<ele>121.0</ele>
				<time>2017-02-26T08:39:11</time>
			</trkpt>
			<trkpt lat="48.80575996823609" lon="2.788299936801195">
				<ele>121.0</ele>
				<time>2017-02-26T08:39:20</time>
			</trkpt>
			<trkpt lat="48.80535989999771" lon="2.7881598751991987">
				<ele>119.0</ele>
				<time>2017-02-26T08:39:27</time>
			</trkpt>
			<trkpt lat="48.80483997054398" lon="2.7879399340599775">
				<ele>118.0</ele>
				<time>2017-02-26T08:39:37</time>
			</trkpt>
			<trkpt lat="48.804699908941984" lon="2.787829963490367">
				<ele>118.0</ele>
				<time>2017-02-26T08:39:39</time>
			</trkpt>
			<trkpt lat="48.80445993505418" lon="2.78755989857018">
				<ele>118.0</ele>
				<time>2017-02-26T08:39:45</time>
			</trkpt>
			<trkpt lat="48.803409934043884" lon="2.786499923095107">
				<ele>123.0</ele>
				<time>2017-02-26T08:40:07</time>
			</trkpt>
			<trkpt lat="48.802999975159764" lon="2.786019891500473">
				<ele>124.0</ele>
				<time>2017-02-26T08:40:16</time>
			</trkpt>
			<trkpt lat="48.80258984863758" lon="2.78542997315526">
				<ele>124.0</ele>
				<time>2017-02-26T08:40:25</time>
			</trkpt>
			<trkpt lat="48.802419947460294" lon="2.785149933770299">
				<ele>124.0</ele>
				<time>2017-02-26T08:40:30</time>
			</trkpt>
			<trkpt lat="48.80191988311708" lon="2.7841599471867085">
				<ele>126.0</ele>
				<time>2017-02-26T08:40:44</time>
			</trkpt>
			<trkpt lat="48.801129972562194" lon="2.7826599217951298">
				<ele>124.0</ele>
				<time>2017-02-26T08:41:06</time>
			</trkpt>
			<trkpt lat="48.80042991600931" lon="2.7814798336476088">
				<ele>122.0</ele>
				<time>2017-02-26T08:41:24</time>
			</trkpt>
			<trkpt lat="48.80000989884138" lon="2.780669890344143">
				<ele>122.0</ele>
				<time>2017-02-26T08:41:36</time>
			</trkpt>
			<trkpt lat="48.79892997443676" lon="2.778739957138896">
				<ele>122.0</ele>
				<time>2017-02-26T08:42:05</time>
			</trkpt>
			<trkpt lat="48.79849998280406" lon="2.7778298500925303">
				<ele>122.0</ele>
				<time>2017-02-26T08:42:18</time>
			</trkpt>
			<trkpt lat="48.797929929569364" lon="2.7767798490822315">
				<ele>121.0</ele>
				<time>2017-02-26T08:42:34</time>
			</trkpt>
			<trkpt lat="48.79746984690428" lon="2.7760099712759256">
				<ele>117.0</ele>
				<time>2017-02-26T08:42:45</time>
			</trkpt>
			<trkpt lat="48.79714999347925" lon="2.7755399979650974">
				<ele>116.0</ele>
				<time>2017-02-26T08:42:53</time>
			</trkpt>
			<trkpt lat="48.79641984589398" lon="2.774249939247966">
				<ele>117.0</ele>
				<time>2017-02-26T08:43:13</time>
			</trkpt>
			<trkpt lat="48.794919988140464" lon="2.771399924531579">
				<ele>117.0</ele>
				<time>2017-02-26T08:43:55</time>
			</trkpt>
			<trkpt lat="48.793309992179275" lon="2.7684099320322275">
				<ele>118.0</ele>
				<time>2017-02-26T08:44:39</time>
			</trkpt>
			<trkpt lat="48.79196989350021" lon="2.768959868699312">
				<ele>123.0</ele>
				<time>2017-02-26T08:45:03</time>
			</trkpt>
			<trkpt lat="48.791679879650474" lon="2.7690399158746004">
				<ele>122.0</ele>
				<time>2017-02-26T08:45:08</time>
			</trkpt>
			<trkpt lat="48.79132993519306" lon="2.7691099047660828">
				<ele>120.0</ele>
				<time>2017-02-26T08:45:14</time>
			</trkpt>
			<trkpt lat="48.79082995466888" lon="2.7691399957984686">
				<ele>121.0</ele>
				<time>2017-02-26T08:45:23</time>
			</trkpt>
			<trkpt lat="48.79029988311231" lon="2.7691199630498886">
				<ele>121.0</ele>
				<time>2017-02-26T08:45:32</time>
			</trkpt>
			<trkpt lat="48.7891399115324" lon="2.7689998503774405">
				<ele>120.0</ele>
				<time>2017-02-26T08:45:52</time>
			</trkpt>
			<trkpt lat="48.788929944857955" lon="2.7689998503774405">
				<ele>118.0</ele>
				<time>2017-02-26T08:45:56</time>
			</trkpt>
			<trkpt lat="48.7887099198997" lon="2.7690299414098263">
				<ele>116.0</ele>
				<time>2017-02-26T08:46:00</time>
			</trkpt>
			<trkpt lat="48.788479920476675" lon="2.7691199630498886">
				<ele>115.0</ele>
				<time>2017-02-26T08:46:04</time>
			</trkpt>
			<trkpt lat="48.788249837234616" lon="2.769249966368079">
				<ele>115.0</ele>
				<time>2017-02-26T08:46:08</time>
			</trkpt>
			<trkpt lat="48.78812997601926" lon="2.7693499624729156">
				<ele>116.0</ele>
				<time>2017-02-26T08:46:11</time>
			</trkpt>
			<trkpt lat="48.787899892777205" lon="2.769629918038845">
				<ele>119.0</ele>
				<time>2017-02-26T08:46:16</time>
			</trkpt>
			<trkpt lat="48.787579871714115" lon="2.7701198402792215">
				<ele>121.0</ele>
				<time>2017-02-26T08:46:24</time>
			</trkpt>
			<trkpt lat="48.78749999217689" lon="2.7702199202030897">
				<ele>120.0</ele>
				<time>2017-02-26T08:46:26</time>
			</trkpt>
			<trkpt lat="48.787409886717796" lon="2.770289909094572">
				<ele>120.0</ele>
				<time>2017-02-26T08:46:27</time>
			</trkpt>
			<trkpt lat="48.78638997673988" lon="2.7706399373710155">
				<ele>117.0</ele>
				<time>2017-02-26T08:46:46</time>
			</trkpt>
			<trkpt lat="48.78581992350519" lon="2.7708098385483027">
				<ele>117.0</ele>
				<time>2017-02-26T08:46:56</time>
			</trkpt>
			<trkpt lat="48.78543988801539" lon="2.770969932898879">
				<ele>119.0</ele>
				<time>2017-02-26T08:47:03</time>
			</trkpt>
			<trkpt lat="48.78524987027049" lon="2.7710799034684896">
				<ele>120.0</ele>
				<time>2017-02-26T08:47:06</time>
			</trkpt>
			<trkpt lat="48.785019954666495" lon="2.77124997228384">
				<ele>121.0</ele>
				<time>2017-02-26T08:47:10</time>
			</trkpt>
			<trkpt lat="48.7848399952054" lon="2.7714999206364155">
				<ele>121.0</ele>
				<time>2017-02-26T08:47:15</time>
			</trkpt>
			<trkpt lat="48.78395989537239" lon="2.773209912702441">
				<ele>119.0</ele>
				<time>2017-02-26T08:47:40</time>
			</trkpt>
			<trkpt lat="48.78375990316272" lon="2.7734999265521765">
				<ele>118.0</ele>
				<time>2017-02-26T08:47:44</time>
			</trkpt>
			<trkpt lat="48.78367993980646" lon="2.773589948192239">
				<ele>118.0</ele>
				<time>2017-02-26T08:47:46</time>
			</trkpt>
			<trkpt lat="48.781049866229296" lon="2.775619877502322">
				<ele>117.0</ele>
				<time>2017-02-26T08:48:38</time>
			</trkpt>
			<trkpt lat="48.778789937496185" lon="2.7772698551416397">
				<ele>116.0</ele>
				<time>2017-02-26T08:49:21</time>
			</trkpt>
			<trkpt lat="48.77839984372258" lon="2.777569843456149">
				<ele>116.0</ele>
				<time>2017-02-26T08:49:29</time>
			</trkpt>
			<trkpt lat="48.77823991701007" lon="2.7776998467743397">
				<ele>117.0</ele>
				<time>2017-02-26T08:49:32</time>
			</trkpt>
			<trkpt lat="48.77810991369188" lon="2.777839992195368">
				<ele>117.0</ele>
				<time>2017-02-26T08:49:35</time>
			</trkpt>
			<trkpt lat="48.77777983434498" lon="2.778239892795682">
				<ele>115.0</ele>
				<time>2017-02-26T08:49:42</time>
			</trkpt>
			<trkpt lat="48.77766986377537" lon="2.778329998254776">
				<ele>114.0</ele>
				<time>2017-02-26T08:49:44</time>
			</trkpt>
			<trkpt lat="48.77739988267422" lon="2.778459833934903">
				<ele>112.0</ele>
				<time>2017-02-26T08:49:49</time>
			</trkpt>
			<trkpt lat="48.7769899237901" lon="2.7785398811101913">
				<ele>111.0</ele>
				<time>2017-02-26T08:49:56</time>
			</trkpt>
			<trkpt lat="48.77670996822417" lon="2.778549939393997">
				<ele>110.0</ele>
				<time>2017-02-26T08:50:01</time>
			</trkpt>
			<trkpt lat="48.77570992335677" lon="2.778489924967289">
				<ele>109.0</ele>
				<time>2017-02-26T08:50:19</time>
			</trkpt>
			<trkpt lat="48.77548998221755" lon="2.778459833934903">
				<ele>109.0</ele>
				<time>2017-02-26T08:50:23</time>
			</trkpt>
			<trkpt lat="48.7752699572593" lon="2.7783999871462584">
				<ele>110.0</ele>
				<time>2017-02-26T08:50:26</time>
			</trkpt>
			<trkpt lat="48.7751798518002" lon="2.7783599216490984">
				<ele>110.0</ele>
				<time>2017-02-26T08:50:28</time>
			</trkpt>
			<trkpt lat="48.7748899217695" lon="2.7781498711556196">
				<ele>110.0</ele>
				<time>2017-02-26T08:50:34</time>
			</trkpt>
			<trkpt lat="48.773099882528186" lon="2.776359999552369">
				<ele>110.0</ele>
				<time>2017-02-26T08:51:11</time>
			</trkpt>
			<trkpt lat="48.772299913689494" lon="2.7754698414355516">
				<ele>111.0</ele>
				<time>2017-02-26T08:51:28</time>
			</trkpt>
			<trkpt lat="48.77205993980169" lon="2.775219976902008">
				<ele>111.0</ele>
				<time>2017-02-26T08:51:33</time>
			</trkpt>
			<trkpt lat="48.771999925374985" lon="2.7751898858696222">
				<ele>111.0</ele>
				<time>2017-02-26T08:51:34</time>
			</trkpt>
			<trkpt lat="48.77185986377299" lon="2.77517999522388">
				<ele>110.0</ele>
				<time>2017-02-26T08:51:37</time>
			</trkpt>
			<trkpt lat="48.77177998423576" lon="2.775199944153428">
				<ele>110.0</ele>
				<time>2017-02-26T08:51:38</time>
			</trkpt>
			<trkpt lat="48.770539965480566" lon="2.7757399063557386">
				<ele>109.0</ele>
				<time>2017-02-26T08:52:01</time>
			</trkpt>
			<trkpt lat="48.7701999116689" lon="2.775839986279607">
				<ele>109.0</ele>
				<time>2017-02-26T08:52:07</time>
			</trkpt>
			<trkpt lat="48.769979970529675" lon="2.775879967957735">
				<ele>110.0</ele>
				<time>2017-02-26T08:52:11</time>
			</trkpt>
			<trkpt lat="48.769679982215166" lon="2.775889942422509">
				<ele>110.0</ele>
				<time>2017-02-26T08:52:16</time>
			</trkpt>
			<trkpt lat="48.76936993561685" lon="2.775859935209155">
				<ele>109.0</ele>
				<time>2017-02-26T08:52:21</time>
			</trkpt>
			<trkpt lat="48.7687698751688" lon="2.7757399063557386">
				<ele>108.0</ele>
				<time>2017-02-26T08:52:32</time>
			</trkpt>
			<trkpt lat="48.76882988959551" lon="2.7762299962341785">
				<ele>107.0</ele>
				<time>2017-02-26T08:52:37</time>
			</trkpt>
			<trkpt lat="48.76901990734041" lon="2.7784299105405807">
				<ele>101.0</ele>
				<time>2017-02-26T08:53:03</time>
			</trkpt>
			<trkpt lat="48.76906986348331" lon="2.7794899698346853">
				<ele>107.0</ele>
				<time>2017-02-26T08:53:15</time>
			</trkpt>
			<trkpt lat="48.76906986348331" lon="2.7800099831074476">
				<ele>109.0</ele>
				<time>2017-02-26T08:53:21</time>
			</trkpt>
			<trkpt lat="48.76896986737847" lon="2.780459923669696">
				<ele>110.0</ele>
				<time>2017-02-26T08:53:26</time>
			</trkpt>
			<trkpt lat="48.768859980627894" lon="2.780689839273691">
				<ele>111.0</ele>
				<time>2017-02-26T08:53:30</time>
			</trkpt>
			<trkpt lat="48.768799966201186" lon="2.780759995803237">
				<ele>111.0</ele>
				<time>2017-02-26T08:53:31</time>
			</trkpt>
			<trkpt lat="48.7687199190259" lon="2.7808099519461393">
				<ele>110.0</ele>
				<time>2017-02-26T08:53:33</time>
			</trkpt>
			<trkpt lat="48.76854993402958" lon="2.7808398753404617">
				<ele>110.0</ele>
				<time>2017-02-26T08:53:36</time>
			</trkpt>
			<trkpt lat="48.76844985410571" lon="2.7808398753404617">
				<ele>109.0</ele>
				<time>2017-02-26T08:53:37</time>
			</trkpt>
			<trkpt lat="48.76832999289036" lon="2.7808899991214275">
				<ele>109.0</ele>
				<time>2017-02-26T08:53:39</time>
			</trkpt>
			<trkpt lat="48.76824994571507" lon="2.7809498459100723">
				<ele>110.0</ele>
				<time>2017-02-26T08:53:41</time>
			</trkpt>
			<trkpt lat="48.7681498657912" lon="2.7810899075120687">
				<ele>110.0</ele>
				<time>2017-02-26T08:53:43</time>
			</trkpt>
			<trkpt lat="48.7680999096483" lon="2.7811998780816793">
				<ele>110.0</ele>
				<time>2017-02-26T08:53:45</time>
			</trkpt>
			<trkpt lat="48.7680499535054" lon="2.7814199030399323">
				<ele>111.0</ele>
				<time>2017-02-26T08:53:48</time>
			</trkpt>
			<trkpt lat="48.76801986247301" lon="2.78181997127831">
				<ele>110.0</ele>
				<time>2017-02-26T08:53:52</time>
			</trkpt>
			<trkpt lat="48.768029836937785" lon="2.782049970701337">
				<ele>109.0</ele>
				<time>2017-02-26T08:53:55</time>
			</trkpt>
			<trkpt lat="48.76805992797017" lon="2.7821999229490757">
				<ele>109.0</ele>
				<time>2017-02-26T08:53:57</time>
			</trkpt>
			<trkpt lat="48.76813997514546" lon="2.782429838553071">
				<ele>108.0</ele>
				<time>2017-02-26T08:54:00</time>
			</trkpt>
			<trkpt lat="48.76918997615576" lon="2.7846499532461166">
				<ele>110.0</ele>
				<time>2017-02-26T08:54:31</time>
			</trkpt>
			<trkpt lat="48.76926985569298" lon="2.7848699782043695">
				<ele>110.0</ele>
				<time>2017-02-26T08:54:34</time>
			</trkpt>
			<trkpt lat="48.76932987011969" lon="2.785209948197007">
				<ele>110.0</ele>
				<time>2017-02-26T08:54:38</time>
			</trkpt>
			<trkpt lat="48.7698198761791" lon="2.789869951084256">
				<ele>115.0</ele>
				<time>2017-02-26T08:55:32</time>
			</trkpt>
			<trkpt lat="48.76998986117542" lon="2.791629983112216">
				<ele>114.0</ele>
				<time>2017-02-26T08:55:52</time>
			</trkpt>
			<trkpt lat="48.77138997428119" lon="2.8048299718648195">
				<ele>119.0</ele>
				<time>2017-02-26T08:58:26</time>
			</trkpt>
			<trkpt lat="48.77159985713661" lon="2.8069999627768993">
				<ele>118.0</ele>
				<time>2017-02-26T08:58:51</time>
			</trkpt>
			<trkpt lat="48.77195994369686" lon="2.8102498780936003">
				<ele>120.0</ele>
				<time>2017-02-26T08:59:29</time>
			</trkpt>
			<trkpt lat="48.772169910371304" lon="2.8123299311846495">
				<ele>120.0</ele>
				<time>2017-02-26T08:59:53</time>
			</trkpt>
			<trkpt lat="48.772169910371304" lon="2.8125399816781282">
				<ele>120.0</ele>
				<time>2017-02-26T08:59:55</time>
			</trkpt>
			<trkpt lat="48.7721598520875" lon="2.8125799633562565">
				<ele>120.0</ele>
				<time>2017-02-26T08:59:56</time>
			</trkpt>
			<trkpt lat="48.77074984833598" lon="2.8140498977154493">
				<ele>123.0</ele>
				<time>2017-02-26T09:00:26</time>
			</trkpt>
			<trkpt lat="48.76865990459919" lon="2.816279986873269">
				<ele>124.0</ele>
				<time>2017-02-26T09:01:10</time>
			</trkpt>
			<trkpt lat="48.766739862039685" lon="2.818399854004383">
				<ele>125.0</ele>
				<time>2017-02-26T09:01:51</time>
			</trkpt>
			<trkpt lat="48.76601994037628" lon="2.8192098811268806">
				<ele>127.0</ele>
				<time>2017-02-26T09:02:07</time>
			</trkpt>
			<trkpt lat="48.7640399672091" lon="2.8214999847114086">
				<ele>121.0</ele>
				<time>2017-02-26T09:02:50</time>
			</trkpt>
			<trkpt lat="48.7627999484539" lon="2.8228499740362167">
				<ele>118.0</ele>
				<time>2017-02-26T09:03:17</time>
			</trkpt>
			<trkpt lat="48.76257992349565" lon="2.823129929602146">
				<ele>116.0</ele>
				<time>2017-02-26T09:03:22</time>
			</trkpt>
			<trkpt lat="48.765299851074815" lon="2.8280699718743563">
				<ele>120.0</ele>
				<time>2017-02-26T09:04:36</time>
			</trkpt>
			<trkpt lat="48.76156990416348" lon="2.831789944320917">
				<ele>120.0</ele>
				<time>2017-02-26T09:05:53</time>
			</trkpt>
			<trkpt lat="48.76128994859755" lon="2.8320499509572983">
				<ele>121.0</ele>
				<time>2017-02-26T09:05:59</time>
			</trkpt>
			<trkpt lat="48.76097998581827" lon="2.8322599176317453">
				<ele>123.0</ele>
				<time>2017-02-26T09:06:05</time>
			</trkpt>
			<trkpt lat="48.760699862614274" lon="2.832409953698516">
				<ele>123.0</ele>
				<time>2017-02-26T09:06:10</time>
			</trkpt>
			<trkpt lat="48.760419990867376" lon="2.8325298987329006">
				<ele>122.0</ele>
				<time>2017-02-26T09:06:15</time>
			</trkpt>
			<trkpt lat="48.759989999234676" lon="2.832639869302511">
				<ele>122.0</ele>
				<time>2017-02-26T09:06:23</time>
			</trkpt>
			<trkpt lat="48.75970987603068" lon="2.8327899053692818">
				<ele>120.0</ele>
				<time>2017-02-26T09:06:28</time>
			</trkpt>
			<trkpt lat="48.75943997874856" lon="2.833019904792309">
				<ele>118.0</ele>
				<time>2017-02-26T09:06:33</time>
			</trkpt>
			<trkpt lat="48.75907989218831" lon="2.833479903638363">
				<ele>119.0</ele>
				<time>2017-02-26T09:06:42</time>
			</trkpt>
			<trkpt lat="48.75874998047948" lon="2.8338198736310005">
				<ele>120.0</ele>
				<time>2017-02-26T09:06:49</time>
			</trkpt>
			<trkpt lat="48.75836994498968" lon="2.8340999130159616">
				<ele>119.0</ele>
				<time>2017-02-26T09:06:56</time>
			</trkpt>
			<trkpt lat="48.75806995667517" lon="2.834219941869378">
				<ele>118.0</ele>
				<time>2017-02-26T09:07:01</time>
			</trkpt>
			<trkpt lat="48.75737995840609" lon="2.8343098796904087">
				<ele>118.0</ele>
				<time>2017-02-26T09:07:13</time>
			</trkpt>
			<trkpt lat="48.756849970668554" lon="2.834449941292405">
				<ele>117.0</ele>
				<time>2017-02-26T09:07:23</time>
			</trkpt>
			<trkpt lat="48.75651997514069" lon="2.83456988632679">
				<ele>116.0</ele>
				<time>2017-02-26T09:07:29</time>
			</trkpt>
			<trkpt lat="48.755889907479286" lon="2.8348698746412992">
				<ele>116.0</ele>
				<time>2017-02-26T09:07:40</time>
			</trkpt>
			<trkpt lat="48.75546997413039" lon="2.8351998701691628">
				<ele>117.0</ele>
				<time>2017-02-26T09:07:48</time>
			</trkpt>
			<trkpt lat="48.75529998913407" lon="2.835299866273999">
				<ele>117.0</ele>
				<time>2017-02-26T09:07:51</time>
			</trkpt>
			<trkpt lat="48.755199909210205" lon="2.835339931771159">
				<ele>117.0</ele>
				<time>2017-02-26T09:07:53</time>
			</trkpt>
			<trkpt lat="48.75498994253576" lon="2.835379997268319">
				<ele>117.0</ele>
				<time>2017-02-26T09:07:57</time>
			</trkpt>
			<trkpt lat="48.754789950326085" lon="2.8353898879140615">
				<ele>117.0</ele>
				<time>2017-02-26T09:08:00</time>
			</trkpt>
			<trkpt lat="48.754119984805584" lon="2.835299866273999">
				<ele>116.0</ele>
				<time>2017-02-26T09:08:12</time>
			</trkpt>
			<trkpt lat="48.753929967060685" lon="2.835289975628257">
				<ele>115.0</ele>
				<time>2017-02-26T09:08:15</time>
			</trkpt>
			<trkpt lat="48.75377984717488" lon="2.8355598729103804">
				<ele>113.0</ele>
				<time>2017-02-26T09:08:20</time>
			</trkpt>
			<trkpt lat="48.75366987660527" lon="2.8358399122953415">
				<ele>112.0</ele>
				<time>2017-02-26T09:08:23</time>
			</trkpt>
			<trkpt lat="48.75344993546605" lon="2.8366899210959673">
				<ele>114.0</ele>
				<time>2017-02-26T09:08:34</time>
			</trkpt>
			<trkpt lat="48.75338983722031" lon="2.836859989911318">
				<ele>114.0</ele>
				<time>2017-02-26T09:08:36</time>
			</trkpt>
			<trkpt lat="48.75318992882967" lon="2.837289981544018">
				<ele>115.0</ele>
				<time>2017-02-26T09:08:42</time>
			</trkpt>
			<trkpt lat="48.7530398927629" lon="2.837549988180399">
				<ele>116.0</ele>
				<time>2017-02-26T09:08:46</time>
			</trkpt>
			<trkpt lat="48.75292992219329" lon="2.8376599587500095">
				<ele>116.0</ele>
				<time>2017-02-26T09:08:48</time>
			</trkpt>
			<trkpt lat="48.751979833468795" lon="2.8382898587733507">
				<ele>116.0</ele>
				<time>2017-02-26T09:09:06</time>
			</trkpt>
			<trkpt lat="48.75162988901138" lon="2.838469985872507">
				<ele>115.0</ele>
				<time>2017-02-26T09:09:13</time>
			</trkpt>
			<trkpt lat="48.751439871266484" lon="2.838549865409732">
				<ele>114.0</ele>
				<time>2017-02-26T09:09:16</time>
			</trkpt>
			<trkpt lat="48.74535997398198" lon="2.8406298346817493">
				<ele>115.0</ele>
				<time>2017-02-26T09:11:05</time>
			</trkpt>
			<trkpt lat="48.745019836351275" lon="2.840679958462715">
				<ele>115.0</ele>
				<time>2017-02-26T09:11:11</time>
			</trkpt>
			<trkpt lat="48.74480995349586" lon="2.8406699001789093">
				<ele>116.0</ele>
				<time>2017-02-26T09:11:14</time>
			</trkpt>
			<trkpt lat="48.7432399392128" lon="2.8403098974376917">
				<ele>115.0</ele>
				<time>2017-02-26T09:11:42</time>
			</trkpt>
			<trkpt lat="48.7423299998045" lon="2.8401299379765987">
				<ele>114.0</ele>
				<time>2017-02-26T09:11:58</time>
			</trkpt>
			<trkpt lat="48.7421399820596" lon="2.840119879692793">
				<ele>113.0</ele>
				<time>2017-02-26T09:12:01</time>
			</trkpt>
			<trkpt lat="48.74201995320618" lon="2.840179894119501">
				<ele>113.0</ele>
				<time>2017-02-26T09:12:03</time>
			</trkpt>
			<trkpt lat="48.7413299549371" lon="2.8408299945294857">
				<ele>113.0</ele>
				<time>2017-02-26T09:12:17</time>
			</trkpt>
			<trkpt lat="48.741259882226586" lon="2.8407899290323257">
				<ele>113.0</ele>
				<time>2017-02-26T09:12:19</time>
			</trkpt>
			<trkpt lat="48.74119986779988" lon="2.840679958462715">
				<ele>113.0</ele>
				<time>2017-02-26T09:12:20</time>
			</trkpt>
			<trkpt lat="48.74098998494446" lon="2.840019967406988">
				<ele>113.0</ele>
				<time>2017-02-26T09:12:29</time>
			</trkpt>
			<trkpt lat="48.740799967199564" lon="2.8396499902009964">
				<ele>112.0</ele>
				<time>2017-02-26T09:12:34</time>
			</trkpt>
			<trkpt lat="48.7407099455595" lon="2.839509928599">
				<ele>112.0</ele>
				<time>2017-02-26T09:12:36</time>
			</trkpt>
			<trkpt lat="48.740269895642996" lon="2.8389899991452694">
				<ele>112.0</ele>
				<time>2017-02-26T09:12:46</time>
			</trkpt>
			<trkpt lat="48.74001986347139" lon="2.83860987983644">
				<ele>113.0</ele>
				<time>2017-02-26T09:12:52</time>
			</trkpt>
			<trkpt lat="48.739919951185584" lon="2.838529832661152">
				<ele>113.0</ele>
				<time>2017-02-26T09:12:54</time>
			</trkpt>
			<trkpt lat="48.739859936758876" lon="2.8385199420154095">
				<ele>113.0</ele>
				<time>2017-02-26T09:12:55</time>
			</trkpt>
			<trkpt lat="48.73975985683501" lon="2.838549865409732">
				<ele>112.0</ele>
				<time>2017-02-26T09:12:57</time>
			</trkpt>
			<trkpt lat="48.73915988020599" lon="2.83905990421772">
				<ele>111.0</ele>
				<time>2017-02-26T09:13:09</time>
			</trkpt>
			<trkpt lat="48.73786990530789" lon="2.83995995298028">
				<ele>112.0</ele>
				<time>2017-02-26T09:13:34</time>
			</trkpt>
			<trkpt lat="48.73771995306015" lon="2.840119879692793">
				<ele>112.0</ele>
				<time>2017-02-26T09:13:37</time>
			</trkpt>
			<trkpt lat="48.73741988092661" lon="2.8405099734663963">
				<ele>113.0</ele>
				<time>2017-02-26T09:13:44</time>
			</trkpt>
			<trkpt lat="48.7370699364692" lon="2.8408698923885822">
				<ele>112.0</ele>
				<time>2017-02-26T09:13:51</time>
			</trkpt>
			<trkpt lat="48.73665997758508" lon="2.8412599861621857">
				<ele>111.0</ele>
				<time>2017-02-26T09:14:00</time>
			</trkpt>
			<trkpt lat="48.7364499270916" lon="2.841549916192889">
				<ele>110.0</ele>
				<time>2017-02-26T09:14:05</time>
			</trkpt>
			<trkpt lat="48.736289916560054" lon="2.8418899700045586">
				<ele>109.0</ele>
				<time>2017-02-26T09:14:09</time>
			</trkpt>
			<trkpt lat="48.73610995709896" lon="2.842399924993515">
				<ele>109.0</ele>
				<time>2017-02-26T09:14:16</time>
			</trkpt>
			<trkpt lat="48.73589990660548" lon="2.8430798649787903">
				<ele>111.0</ele>
				<time>2017-02-26T09:14:25</time>
			</trkpt>
			<trkpt lat="48.73574987053871" lon="2.8436299692839384">
				<ele>111.0</ele>
				<time>2017-02-26T09:14:32</time>
			</trkpt>
			<trkpt lat="48.73569991439581" lon="2.843749914318323">
				<ele>111.0</ele>
				<time>2017-02-26T09:14:33</time>
			</trkpt>
			<trkpt lat="48.73559991829097" lon="2.843899866566062">
				<ele>111.0</ele>
				<time>2017-02-26T09:14:36</time>
			</trkpt>
			<trkpt lat="48.735519871115685" lon="2.843969939276576">
				<ele>111.0</ele>
				<time>2017-02-26T09:14:37</time>
			</trkpt>
			<trkpt lat="48.73529992997646" lon="2.8440599609166384">
				<ele>111.0</ele>
				<time>2017-02-26T09:14:41</time>
			</trkpt>
			<trkpt lat="48.73511997051537" lon="2.844159873202443">
				<ele>111.0</ele>
				<time>2017-02-26T09:14:44</time>
			</trkpt>
			<trkpt lat="48.73275996185839" lon="2.84612987190485">
				<ele>108.0</ele>
				<time>2017-02-26T09:15:31</time>
			</trkpt>
			<trkpt lat="48.732679914683104" lon="2.846179995685816">
				<ele>108.0</ele>
				<time>2017-02-26T09:15:33</time>
			</trkpt>
			<trkpt lat="48.73244991526008" lon="2.8462899662554264">
				<ele>108.0</ele>
				<time>2017-02-26T09:15:37</time>
			</trkpt>
			<trkpt lat="48.73221999965608" lon="2.8463599551469088">
				<ele>108.0</ele>
				<time>2017-02-26T09:15:41</time>
			</trkpt>
			<trkpt lat="48.731969967484474" lon="2.846479984000325">
				<ele>109.0</ele>
				<time>2017-02-26T09:15:46</time>
			</trkpt>
			<trkpt lat="48.73053993098438" lon="2.8474499378353357">
				<ele>108.0</ele>
				<time>2017-02-26T09:16:13</time>
			</trkpt>
			<trkpt lat="48.73042996041477" lon="2.8475098684430122">
				<ele>108.0</ele>
				<time>2017-02-26T09:16:15</time>
			</trkpt>
			<trkpt lat="48.730279924348" lon="2.8475698828697205">
				<ele>109.0</ele>
				<time>2017-02-26T09:16:18</time>
			</trkpt>
			<trkpt lat="48.73009988106787" lon="2.8475899156183004">
				<ele>109.0</ele>
				<time>2017-02-26T09:16:21</time>
			</trkpt>
			<trkpt lat="48.72956997714937" lon="2.847559992223978">
				<ele>109.0</ele>
				<time>2017-02-26T09:16:30</time>
			</trkpt>
			<trkpt lat="48.72945983894169" lon="2.8475698828697205">
				<ele>109.0</ele>
				<time>2017-02-26T09:16:32</time>
			</trkpt>
			<trkpt lat="48.72940988279879" lon="2.8476098645478487">
				<ele>109.0</ele>
				<time>2017-02-26T09:16:33</time>
			</trkpt>
			<trkpt lat="48.72935992665589" lon="2.847729977220297">
				<ele>109.0</ele>
				<time>2017-02-26T09:16:35</time>
			</trkpt>
			<trkpt lat="48.72940988279879" lon="2.8483299538493156">
				<ele>108.0</ele>
				<time>2017-02-26T09:16:42</time>
			</trkpt>
			<trkpt lat="48.72944994829595" lon="2.850559875369072">
				<ele>109.0</ele>
				<time>2017-02-26T09:17:07</time>
			</trkpt>
			<trkpt lat="48.729499988257885" lon="2.85192989744246">
				<ele>108.0</ele>
				<time>2017-02-26T09:17:23</time>
			</trkpt>
			<trkpt lat="48.72956997714937" lon="2.852909993380308">
				<ele>109.0</ele>
				<time>2017-02-26T09:17:34</time>
			</trkpt>
			<trkpt lat="48.72972990386188" lon="2.854579836130142">
				<ele>111.0</ele>
				<time>2017-02-26T09:17:54</time>
			</trkpt>
			<trkpt lat="48.729739962145686" lon="2.854879992082715">
				<ele>111.0</ele>
				<time>2017-02-26T09:17:57</time>
			</trkpt>
			<trkpt lat="48.729719845578074" lon="2.8551699221134186">
				<ele>111.0</ele>
				<time>2017-02-26T09:18:00</time>
			</trkpt>
			<trkpt lat="48.72966988943517" lon="2.8554699942469597">
				<ele>110.0</ele>
				<time>2017-02-26T09:18:04</time>
			</trkpt>
			<trkpt lat="48.72959990054369" lon="2.8556999936699867">
				<ele>110.0</ele>
				<time>2017-02-26T09:18:07</time>
			</trkpt>
			<trkpt lat="48.7294698972255" lon="2.8559698909521103">
				<ele>109.0</ele>
				<time>2017-02-26T09:18:11</time>
			</trkpt>
			<trkpt lat="48.728859862312675" lon="2.8568298742175102">
				<ele>109.0</ele>
				<time>2017-02-26T09:18:25</time>
			</trkpt>
			<trkpt lat="48.72871988452971" lon="2.857099939137697">
				<ele>111.0</ele>
				<time>2017-02-26T09:18:29</time>
			</trkpt>
			<trkpt lat="48.72864997945726" lon="2.857289956882596">
				<ele>112.0</ele>
				<time>2017-02-26T09:18:32</time>
			</trkpt>
			<trkpt lat="48.72859985567629" lon="2.857479890808463">
				<ele>112.0</ele>
				<time>2017-02-26T09:18:34</time>
			</trkpt>
			<trkpt lat="48.72837991453707" lon="2.858829880133271">
				<ele>113.0</ele>
				<time>2017-02-26T09:18:50</time>
			</trkpt>
			<trkpt lat="48.72830992564559" lon="2.8594199661165476">
				<ele>115.0</ele>
				<time>2017-02-26T09:18:57</time>
			</trkpt>
			<trkpt lat="48.72832995839417" lon="2.859889939427376">
				<ele>116.0</ele>
				<time>2017-02-26T09:19:02</time>
			</trkpt>
			<trkpt lat="48.72854989953339" lon="2.8609899803996086">
				<ele>116.0</ele>
				<time>2017-02-26T09:19:15</time>
			</trkpt>
			<trkpt lat="48.72861988842487" lon="2.8615598659962416">
				<ele>112.0</ele>
				<time>2017-02-26T09:19:22</time>
			</trkpt>
			<trkpt lat="48.72868996113539" lon="2.8632199857383966">
				<ele>110.0</ele>
				<time>2017-02-26T09:19:41</time>
			</trkpt>
			<trkpt lat="48.728749975562096" lon="2.8639399074018">
				<ele>111.0</ele>
				<time>2017-02-26T09:19:50</time>
			</trkpt>
			<trkpt lat="48.72882993891835" lon="2.8655699361115694">
				<ele>108.0</ele>
				<time>2017-02-26T09:20:08</time>
			</trkpt>
			<trkpt lat="48.728799931705" lon="2.866289857774973">
				<ele>109.0</ele>
				<time>2017-02-26T09:20:17</time>
			</trkpt>
			<trkpt lat="48.72875995002687" lon="2.86657995544374">
				<ele>110.0</ele>
				<time>2017-02-26T09:20:20</time>
			</trkpt>
			<trkpt lat="48.7285599578172" lon="2.8671398665755987">
				<ele>110.0</ele>
				<time>2017-02-26T09:20:27</time>
			</trkpt>
			<trkpt lat="48.72839994728565" lon="2.867519985884428">
				<ele>110.0</ele>
				<time>2017-02-26T09:20:32</time>
			</trkpt>
			<trkpt lat="48.728319983929396" lon="2.8679099958389997">
				<ele>110.0</ele>
				<time>2017-02-26T09:20:37</time>
			</trkpt>
			<trkpt lat="48.72825996950269" lon="2.869319999590516">
				<ele>111.0</ele>
				<time>2017-02-26T09:20:53</time>
			</trkpt>
			<trkpt lat="48.72828989289701" lon="2.87237998098135">
				<ele>112.0</ele>
				<time>2017-02-26T09:21:29</time>
			</trkpt>
			<trkpt lat="48.72826994396746" lon="2.8731299936771393">
				<ele>112.0</ele>
				<time>2017-02-26T09:21:37</time>
			</trkpt>
			<trkpt lat="48.7282298784703" lon="2.873719912022352">
				<ele>113.0</ele>
				<time>2017-02-26T09:21:44</time>
			</trkpt>
			<trkpt lat="48.72824991121888" lon="2.875279951840639">
				<ele>113.0</ele>
				<time>2017-02-26T09:22:02</time>
			</trkpt>
			<trkpt lat="48.72832995839417" lon="2.8757798485457897">
				<ele>113.0</ele>
				<time>2017-02-26T09:22:08</time>
			</trkpt>
			<trkpt lat="48.7284698523581" lon="2.87639994174242">
				<ele>112.0</ele>
				<time>2017-02-26T09:22:15</time>
			</trkpt>
			<trkpt lat="48.72848988510668" lon="2.876539835706353">
				<ele>112.0</ele>
				<time>2017-02-26T09:22:17</time>
			</trkpt>
			<trkpt lat="48.72849994339049" lon="2.8769499622285366">
				<ele>112.0</ele>
				<time>2017-02-26T09:22:22</time>
			</trkpt>
			<trkpt lat="48.72814999893308" lon="2.8786899615079165">
				<ele>112.0</ele>
				<time>2017-02-26T09:22:43</time>
			</trkpt>
			<trkpt lat="48.72815997339785" lon="2.878769841045141">
				<ele>112.0</ele>
				<time>2017-02-26T09:22:43</time>
			</trkpt>
			<trkpt lat="48.72820992954075" lon="2.8788498882204294">
				<ele>112.0</ele>
				<time>2017-02-26T09:22:45</time>
			</trkpt>
			<trkpt lat="48.72843992896378" lon="2.879079971462488">
				<ele>111.0</ele>
				<time>2017-02-26T09:22:50</time>
			</trkpt>
			<trkpt lat="48.72850991785526" lon="2.879179883748293">
				<ele>111.0</ele>
				<time>2017-02-26T09:22:51</time>
			</trkpt>
			<trkpt lat="48.7285599578172" lon="2.8792999126017094">
				<ele>111.0</ele>
				<time>2017-02-26T09:22:53</time>
			</trkpt>
			<trkpt lat="48.72862994670868" lon="2.8798499330878258">
				<ele>110.0</ele>
				<time>2017-02-26T09:22:59</time>
			</trkpt>
			<trkpt lat="48.72867990285158" lon="2.880539931356907">
				<ele>111.0</ele>
				<time>2017-02-26T09:23:07</time>
			</trkpt>
			<trkpt lat="48.7286099139601" lon="2.882109945639968">
				<ele>113.0</ele>
				<time>2017-02-26T09:23:25</time>
			</trkpt>
			<trkpt lat="48.72856993228197" lon="2.88264999166131">
				<ele>113.0</ele>
				<time>2017-02-26T09:23:32</time>
			</trkpt>
			<trkpt lat="48.72832995839417" lon="2.8838699776679277">
				<ele>111.0</ele>
				<time>2017-02-26T09:23:46</time>
			</trkpt>
			<trkpt lat="48.72832995839417" lon="2.8842599876224995">
				<ele>111.0</ele>
				<time>2017-02-26T09:23:51</time>
			</trkpt>
			<trkpt lat="48.72888995334506" lon="2.887029955163598">
				<ele>111.0</ele>
				<time>2017-02-26T09:24:24</time>
			</trkpt>
			<trkpt lat="48.72892993502319" lon="2.8873899579048157">
				<ele>112.0</ele>
				<time>2017-02-26T09:24:28</time>
			</trkpt>
			<trkpt lat="48.729179967194796" lon="2.8885698784142733">
				<ele>113.0</ele>
				<time>2017-02-26T09:24:42</time>
			</trkpt>
			<trkpt lat="48.72929991222918" lon="2.889259960502386">
				<ele>110.0</ele>
				<time>2017-02-26T09:24:50</time>
			</trkpt>
			<trkpt lat="48.7309099920094" lon="2.8975599724799395">
				<ele>108.0</ele>
				<time>2017-02-26T09:26:30</time>
			</trkpt>
			<trkpt lat="48.7309998460114" lon="2.8981698397547007">
				<ele>109.0</ele>
				<time>2017-02-26T09:26:37</time>
			</trkpt>
			<trkpt lat="48.73155984096229" lon="2.9044299479573965">
				<ele>112.0</ele>
				<time>2017-02-26T09:27:50</time>
			</trkpt>
			<trkpt lat="48.73168984428048" lon="2.9060798417776823">
				<ele>117.0</ele>
				<time>2017-02-26T09:28:09</time>
			</trkpt>
			<trkpt lat="48.73269994743168" lon="2.916929880157113">
				<ele>119.0</ele>
				<time>2017-02-26T09:30:14</time>
			</trkpt>
			<trkpt lat="48.73279985971749" lon="2.918239887803793">
				<ele>118.0</ele>
				<time>2017-02-26T09:30:30</time>
			</trkpt>
			<trkpt lat="48.73313999734819" lon="2.921599941328168">
				<ele>115.0</ele>
				<time>2017-02-26T09:31:09</time>
			</trkpt>
			<trkpt lat="48.734039878472686" lon="2.9312899243086576">
				<ele>113.0</ele>
				<time>2017-02-26T09:33:01</time>
			</trkpt>
			<trkpt lat="48.734099892899394" lon="2.93174983933568">
				<ele>113.0</ele>
				<time>2017-02-26T09:33:06</time>
			</trkpt>
			<trkpt lat="48.734319834038615" lon="2.93266992084682">
				<ele>113.0</ele>
				<time>2017-02-26T09:33:17</time>
			</trkpt>
			<trkpt lat="48.7349699344486" lon="2.935139900073409">
				<ele>114.0</ele>
				<time>2017-02-26T09:33:48</time>
			</trkpt>
			<trkpt lat="48.73613988049328" lon="2.93971985578537">
				<ele>117.0</ele>
				<time>2017-02-26T09:34:44</time>
			</trkpt>
			<trkpt lat="48.736269883811474" lon="2.9403198324143887">
				<ele>117.0</ele>
				<time>2017-02-26T09:34:52</time>
			</trkpt>
			<trkpt lat="48.73652997426689" lon="2.9418498650193214">
				<ele>117.0</ele>
				<time>2017-02-26T09:35:10</time>
			</trkpt>
			<trkpt lat="48.73385991901159" lon="2.9436298459768295">
				<ele>115.0</ele>
				<time>2017-02-26T09:36:01</time>
			</trkpt>
			<trkpt lat="48.733479883521795" lon="2.943929834291339">
				<ele>116.0</ele>
				<time>2017-02-26T09:36:08</time>
			</trkpt>
			<trkpt lat="48.73257991857827" lon="2.944739945232868">
				<ele>116.0</ele>
				<time>2017-02-26T09:36:26</time>
			</trkpt>
			<trkpt lat="48.73232997022569" lon="2.944929962977767">
				<ele>116.0</ele>
				<time>2017-02-26T09:36:31</time>
			</trkpt>
			<trkpt lat="48.7320099491626" lon="2.94510992243886">
				<ele>116.0</ele>
				<time>2017-02-26T09:36:37</time>
			</trkpt>
			<trkpt lat="48.73041998594999" lon="2.9457998368889093">
				<ele>114.0</ele>
				<time>2017-02-26T09:37:06</time>
			</trkpt>
			<trkpt lat="48.72961993329227" lon="2.946169897913933">
				<ele>112.0</ele>
				<time>2017-02-26T09:37:20</time>
			</trkpt>
			<trkpt lat="48.72935992665589" lon="2.9462698940187693">
				<ele>112.0</ele>
				<time>2017-02-26T09:37:25</time>
			</trkpt>
			<trkpt lat="48.72913998551667" lon="2.946299985051155">
				<ele>112.0</ele>
				<time>2017-02-26T09:37:29</time>
			</trkpt>
			<trkpt lat="48.72835988178849" lon="2.946129832416773">
				<ele>112.0</ele>
				<time>2017-02-26T09:37:43</time>
			</trkpt>
			<trkpt lat="48.72818989679217" lon="2.9461198579519987">
				<ele>111.0</ele>
				<time>2017-02-26T09:37:46</time>
			</trkpt>
			<trkpt lat="48.72805989347398" lon="2.9461398907005787">
				<ele>111.0</ele>
				<time>2017-02-26T09:37:48</time>
			</trkpt>
			<trkpt lat="48.727999879047275" lon="2.9461599234491587">
				<ele>111.0</ele>
				<time>2017-02-26T09:37:49</time>
			</trkpt>
			<trkpt lat="48.727679857984185" lon="2.9463398829102516">
				<ele>111.0</ele>
				<time>2017-02-26T09:37:55</time>
			</trkpt>
			<trkpt lat="48.72739998623729" lon="2.9465299006551504">
				<ele>112.0</ele>
				<time>2017-02-26T09:38:00</time>
			</trkpt>
			<trkpt lat="48.727319939062" lon="2.946619838476181">
				<ele>113.0</ele>
				<time>2017-02-26T09:38:02</time>
			</trkpt>
			<trkpt lat="48.72729999013245" lon="2.946669962257147">
				<ele>113.0</ele>
				<time>2017-02-26T09:38:03</time>
			</trkpt>
			<trkpt lat="48.72727995738387" lon="2.946759983897209">
				<ele>112.0</ele>
				<time>2017-02-26T09:38:04</time>
			</trkpt>
			<trkpt lat="48.72728984802961" lon="2.9469598922878504">
				<ele>113.0</ele>
				<time>2017-02-26T09:38:06</time>
			</trkpt>
			<trkpt lat="48.72757994569838" lon="2.9482698999345303">
				<ele>113.0</ele>
				<time>2017-02-26T09:38:22</time>
			</trkpt>
			<trkpt lat="48.727849842980504" lon="2.949829939752817">
				<ele>114.0</ele>
				<time>2017-02-26T09:38:40</time>
			</trkpt>
			<trkpt lat="48.727979846298695" lon="2.9511698707938194">
				<ele>114.0</ele>
				<time>2017-02-26T09:38:56</time>
			</trkpt>
			<trkpt lat="48.7279899045825" lon="2.951479833573103">
				<ele>114.0</ele>
				<time>2017-02-26T09:38:59</time>
			</trkpt>
			<trkpt lat="48.727979846298695" lon="2.95174989849329">
				<ele>113.0</ele>
				<time>2017-02-26T09:39:03</time>
			</trkpt>
			<trkpt lat="48.72806995175779" lon="2.952829906716943">
				<ele>114.0</ele>
				<time>2017-02-26T09:39:15</time>
			</trkpt>
			<trkpt lat="48.72856993228197" lon="2.9582598712295294">
				<ele>117.0</ele>
				<time>2017-02-26T09:40:18</time>
			</trkpt>
			<trkpt lat="48.72868996113539" lon="2.9598098527640104">
				<ele>114.0</ele>
				<time>2017-02-26T09:40:36</time>
			</trkpt>
			<trkpt lat="48.72877989895642" lon="2.961269896477461">
				<ele>115.0</ele>
				<time>2017-02-26T09:40:53</time>
			</trkpt>
			<trkpt lat="48.72878987342119" lon="2.961529903113842">
				<ele>114.0</ele>
				<time>2017-02-26T09:40:56</time>
			</trkpt>
			<trkpt lat="48.72869993560016" lon="2.9645499866455793">
				<ele>113.0</ele>
				<time>2017-02-26T09:41:30</time>
			</trkpt>
			<trkpt lat="48.72858996503055" lon="2.9671399109065533">
				<ele>112.0</ele>
				<time>2017-02-26T09:42:00</time>
			</trkpt>
			<trkpt lat="48.72859985567629" lon="2.9680998902767897">
				<ele>112.0</ele>
				<time>2017-02-26T09:42:11</time>
			</trkpt>
			<trkpt lat="48.72856993228197" lon="2.968439944088459">
				<ele>111.0</ele>
				<time>2017-02-26T09:42:15</time>
			</trkpt>
			<trkpt lat="48.72835988178849" lon="2.9693698324263096">
				<ele>107.0</ele>
				<time>2017-02-26T09:42:26</time>
			</trkpt>
			<trkpt lat="48.72832995839417" lon="2.969719860702753">
				<ele>107.0</ele>
				<time>2017-02-26T09:42:31</time>
			</trkpt>
			<trkpt lat="48.728319983929396" lon="2.970119845122099">
				<ele>109.0</ele>
				<time>2017-02-26T09:42:35</time>
			</trkpt>
			<trkpt lat="48.72833984903991" lon="2.970609935000539">
				<ele>110.0</ele>
				<time>2017-02-26T09:42:41</time>
			</trkpt>
			<trkpt lat="48.7283699400723" lon="2.97086994163692">
				<ele>109.0</ele>
				<time>2017-02-26T09:42:44</time>
			</trkpt>
			<trkpt lat="48.72867990285158" lon="2.9724599048495293">
				<ele>111.0</ele>
				<time>2017-02-26T09:43:03</time>
			</trkpt>
			<trkpt lat="48.72873991727829" lon="2.973039932549">
				<ele>112.0</ele>
				<time>2017-02-26T09:43:10</time>
			</trkpt>
			<trkpt lat="48.72873991727829" lon="2.973319888114929">
				<ele>113.0</ele>
				<time>2017-02-26T09:43:13</time>
			</trkpt>
			<trkpt lat="48.72871988452971" lon="2.9733999352902174">
				<ele>113.0</ele>
				<time>2017-02-26T09:43:14</time>
			</trkpt>
			<trkpt lat="48.72867990285158" lon="2.9734599497169256">
				<ele>113.0</ele>
				<time>2017-02-26T09:43:15</time>
			</trkpt>
			<trkpt lat="48.72826994396746" lon="2.9737199563533068">
				<ele>113.0</ele>
				<time>2017-02-26T09:43:22</time>
			</trkpt>
			<trkpt lat="48.7277998868376" lon="2.973959930241108">
				<ele>112.0</ele>
				<time>2017-02-26T09:43:31</time>
			</trkpt>
			<trkpt lat="48.72761984355748" lon="2.974159838631749">
				<ele>112.0</ele>
				<time>2017-02-26T09:43:35</time>
			</trkpt>
			<trkpt lat="48.7275099568069" lon="2.974379863590002">
				<ele>113.0</ele>
				<time>2017-02-26T09:43:38</time>
			</trkpt>
			<trkpt lat="48.72751993127167" lon="2.9745999723672867">
				<ele>113.0</ele>
				<time>2017-02-26T09:43:41</time>
			</trkpt>
			<trkpt lat="48.72749989852309" lon="2.9749499168246984">
				<ele>112.0</ele>
				<time>2017-02-26T09:43:45</time>
			</trkpt>
			<trkpt lat="48.727419851347804" lon="2.9756599478423595">
				<ele>111.0</ele>
				<time>2017-02-26T09:43:53</time>
			</trkpt>
			<trkpt lat="48.72714995406568" lon="2.97711999155581">
				<ele>111.0</ele>
				<time>2017-02-26T09:44:10</time>
			</trkpt>
			<trkpt lat="48.726949878036976" lon="2.978089861571789">
				<ele>111.0</ele>
				<time>2017-02-26T09:44:22</time>
			</trkpt>
			<trkpt lat="48.72678995132446" lon="2.979069957509637">
				<ele>108.0</ele>
				<time>2017-02-26T09:44:34</time>
			</trkpt>
			<trkpt lat="48.726689871400595" lon="2.9805499501526356">
				<ele>109.0</ele>
				<time>2017-02-26T09:44:51</time>
			</trkpt>
			<trkpt lat="48.72663991525769" lon="2.9809199273586273">
				<ele>109.0</ele>
				<time>2017-02-26T09:44:55</time>
			</trkpt>
			<trkpt lat="48.72660999186337" lon="2.981069963425398">
				<ele>109.0</ele>
				<time>2017-02-26T09:44:57</time>
			</trkpt>
			<trkpt lat="48.72646993026137" lon="2.981489896774292">
				<ele>109.0</ele>
				<time>2017-02-26T09:45:02</time>
			</trkpt>
			<trkpt lat="48.72622995637357" lon="2.9820799827575684">
				<ele>109.0</ele>
				<time>2017-02-26T09:45:10</time>
			</trkpt>
			<trkpt lat="48.72605997137725" lon="2.98242992721498">
				<ele>109.0</ele>
				<time>2017-02-26T09:45:15</time>
			</trkpt>
			<trkpt lat="48.725719917565584" lon="2.983029903843999">
				<ele>109.0</ele>
				<time>2017-02-26T09:45:24</time>
			</trkpt>
			<trkpt lat="48.725509867072105" lon="2.98330994322896">
				<ele>109.0</ele>
				<time>2017-02-26T09:45:29</time>
			</trkpt>
			<trkpt lat="48.725249944254756" lon="2.9835999570786953">
				<ele>109.0</ele>
				<time>2017-02-26T09:45:35</time>
			</trkpt>
			<trkpt lat="48.724579978734255" lon="2.9842198826372623">
				<ele>109.0</ele>
				<time>2017-02-26T09:45:48</time>
			</trkpt>
			<trkpt lat="48.72428988106549" lon="2.9845099803060293">
				<ele>110.0</ele>
				<time>2017-02-26T09:45:55</time>
			</trkpt>
			<trkpt lat="48.72400992549956" lon="2.984849950298667">
				<ele>109.0</ele>
				<time>2017-02-26T09:46:01</time>
			</trkpt>
			<trkpt lat="48.72269991785288" lon="2.9867899417877197">
				<ele>108.0</ele>
				<time>2017-02-26T09:46:33</time>
			</trkpt>
			<trkpt lat="48.722279984503984" lon="2.987459907308221">
				<ele>109.0</ele>
				<time>2017-02-26T09:46:43</time>
			</trkpt>
			<trkpt lat="48.72183993458748" lon="2.98820992000401">
				<ele>108.0</ele>
				<time>2017-02-26T09:46:55</time>
			</trkpt>
			<trkpt lat="48.721229983493686" lon="2.9891699831932783">
				<ele>108.0</ele>
				<time>2017-02-26T09:47:10</time>
			</trkpt>
			<trkpt lat="48.72072991915047" lon="2.989889904856682">
				<ele>108.0</ele>
				<time>2017-02-26T09:47:22</time>
			</trkpt>
			<trkpt lat="48.720479970797896" lon="2.9902098421007395">
				<ele>108.0</ele>
				<time>2017-02-26T09:47:28</time>
			</trkpt>
			<trkpt lat="48.720139833167195" lon="2.990579903125763">
				<ele>108.0</ele>
				<time>2017-02-26T09:47:35</time>
			</trkpt>
			<trkpt lat="48.72000999748707" lon="2.9907399974763393">
				<ele>108.0</ele>
				<time>2017-02-26T09:47:38</time>
			</trkpt>
			<trkpt lat="48.71994998306036" lon="2.990839993581176">
				<ele>108.0</ele>
				<time>2017-02-26T09:47:40</time>
			</trkpt>
			<trkpt lat="48.72060997411609" lon="2.991569973528385">
				<ele>111.0</ele>
				<time>2017-02-26T09:47:54</time>
			</trkpt>
			<trkpt lat="48.72127993963659" lon="2.9922499135136604">
				<ele>109.0</ele>
				<time>2017-02-26T09:48:08</time>
			</trkpt>
			<trkpt lat="48.72290996834636" lon="2.993959989398718">
				<ele>110.0</ele>
				<time>2017-02-26T09:48:42</time>
			</trkpt>
			<trkpt lat="48.724019983783364" lon="2.9950898699462414">
				<ele>111.0</ele>
				<time>2017-02-26T09:49:06</time>
			</trkpt>
			<trkpt lat="48.72662985697389" lon="2.9978198558092117">
				<ele>110.0</ele>
				<time>2017-02-26T09:50:01</time>
			</trkpt>
			<trkpt lat="48.72878987342119" lon="3.0000399705022573">
				<ele>111.0</ele>
				<time>2017-02-26T09:50:46</time>
			</trkpt>
			<trkpt lat="48.730019833892584" lon="3.0013299454003572">
				<ele>113.0</ele>
				<time>2017-02-26T09:51:12</time>
			</trkpt>
			<trkpt lat="48.73021990992129" lon="3.00154997035861">
				<ele>113.0</ele>
				<time>2017-02-26T09:51:16</time>
			</trkpt>
			<trkpt lat="48.730489974841475" lon="3.001889940351248">
				<ele>114.0</ele>
				<time>2017-02-26T09:51:23</time>
			</trkpt>
			<trkpt lat="48.7307099159807" lon="3.002209961414337">
				<ele>114.0</ele>
				<time>2017-02-26T09:51:28</time>
			</trkpt>
			<trkpt lat="48.730879900977015" lon="3.0024899169802666">
				<ele>114.0</ele>
				<time>2017-02-26T09:51:32</time>
			</trkpt>
			<trkpt lat="48.731009904295206" lon="3.002739865332842">
				<ele>114.0</ele>
				<time>2017-02-26T09:51:36</time>
			</trkpt>
			<trkpt lat="48.7313399836421" lon="3.003459954634309">
				<ele>114.0</ele>
				<time>2017-02-26T09:51:46</time>
			</trkpt>
			<trkpt lat="48.73214992694557" lon="3.0053899716585875">
				<ele>110.0</ele>
				<time>2017-02-26T09:52:12</time>
			</trkpt>
			<trkpt lat="48.732269955798984" lon="3.0058899521827698">
				<ele>111.0</ele>
				<time>2017-02-26T09:52:18</time>
			</trkpt>
			<trkpt lat="48.7322398647666" lon="3.0060699116438627">
				<ele>112.0</ele>
				<time>2017-02-26T09:52:21</time>
			</trkpt>
			<trkpt lat="48.73244991526008" lon="3.0062699876725674">
				<ele>112.0</ele>
				<time>2017-02-26T09:52:25</time>
			</trkpt>
			<trkpt lat="48.732679914683104" lon="3.006579866632819">
				<ele>112.0</ele>
				<time>2017-02-26T09:52:30</time>
			</trkpt>
			<trkpt lat="48.73466994613409" lon="3.0112399533391">
				<ele>112.0</ele>
				<time>2017-02-26T09:53:34</time>
			</trkpt>
			<trkpt lat="48.73529992997646" lon="3.011299967765808">
				<ele>115.0</ele>
				<time>2017-02-26T09:53:45</time>
			</trkpt>
			<trkpt lat="48.7353999260813" lon="3.0121099948883057">
				<ele>117.0</ele>
				<time>2017-02-26T09:53:54</time>
			</trkpt>
			<trkpt lat="48.7353999260813" lon="3.012259863317013">
				<ele>117.0</ele>
				<time>2017-02-26T09:53:56</time>
			</trkpt>
			<trkpt lat="48.73537997715175" lon="3.012389950454235">
				<ele>116.0</ele>
				<time>2017-02-26T09:53:58</time>
			</trkpt>
			<trkpt lat="48.735329853370786" lon="3.012579884380102">
				<ele>116.0</ele>
				<time>2017-02-26T09:54:00</time>
			</trkpt>
			<trkpt lat="48.73524997383356" lon="3.012749869376421">
				<ele>115.0</ele>
				<time>2017-02-26T09:54:02</time>
			</trkpt>
			<trkpt lat="48.73516992665827" lon="3.012839974835515">
				<ele>115.0</ele>
				<time>2017-02-26T09:54:04</time>
			</trkpt>
			<trkpt lat="48.735069846734405" lon="3.01291985437274">
				<ele>115.0</ele>
				<time>2017-02-26T09:54:06</time>
			</trkpt>
			<trkpt lat="48.73487999662757" lon="3.013029908761382">
				<ele>114.0</ele>
				<time>2017-02-26T09:54:10</time>
			</trkpt>
			<trkpt lat="48.73488988727331" lon="3.0131699703633785">
				<ele>114.0</ele>
				<time>2017-02-26T09:54:11</time>
			</trkpt>
			<trkpt lat="48.73486993834376" lon="3.013279940932989">
				<ele>114.0</ele>
				<time>2017-02-26T09:54:13</time>
			</trkpt>
			<trkpt lat="48.73464991338551" lon="3.0136998742818832">
				<ele>112.0</ele>
				<time>2017-02-26T09:54:19</time>
			</trkpt>
			<trkpt lat="48.734509851783514" lon="3.014059877023101">
				<ele>110.0</ele>
				<time>2017-02-26T09:54:23</time>
			</trkpt>
			<trkpt lat="48.73432997614145" lon="3.0146198719739914">
				<ele>109.0</ele>
				<time>2017-02-26T09:54:31</time>
			</trkpt>
			<trkpt lat="48.734209863469005" lon="3.0151098780333996">
				<ele>108.0</ele>
				<time>2017-02-26T09:54:37</time>
			</trkpt>
			<trkpt lat="48.73406996950507" lon="3.0159499123692513">
				<ele>106.0</ele>
				<time>2017-02-26T09:54:47</time>
			</trkpt>
			<trkpt lat="48.733929907903075" lon="3.0165199656039476">
				<ele>105.0</ele>
				<time>2017-02-26T09:54:54</time>
			</trkpt>
			<trkpt lat="48.73350997455418" lon="3.01873991265893">
				<ele>102.0</ele>
				<time>2017-02-26T09:55:20</time>
			</trkpt>
			<trkpt lat="48.73335985466838" lon="3.0196898337453604">
				<ele>102.0</ele>
				<time>2017-02-26T09:55:31</time>
			</trkpt>
			<trkpt lat="48.73307998292148" lon="3.0207099951803684">
				<ele>103.0</ele>
				<time>2017-02-26T09:55:44</time>
			</trkpt>
			<trkpt lat="48.73298987746239" lon="3.021239899098873">
				<ele>101.0</ele>
				<time>2017-02-26T09:55:50</time>
			</trkpt>
			<trkpt lat="48.73296984471381" lon="3.021619850769639">
				<ele>100.0</ele>
				<time>2017-02-26T09:55:55</time>
			</trkpt>
			<trkpt lat="48.73296984471381" lon="3.0220399517565966">
				<ele>99.0</ele>
				<time>2017-02-26T09:55:59</time>
			</trkpt>
			<trkpt lat="48.733089957386255" lon="3.024309854954481">
				<ele>98.0</ele>
				<time>2017-02-26T09:56:26</time>
			</trkpt>
			<trkpt lat="48.733159862458706" lon="3.024759879335761">
				<ele>98.0</ele>
				<time>2017-02-26T09:56:31</time>
			</trkpt>
			<trkpt lat="48.733239909633994" lon="3.0250099953264">
				<ele>99.0</ele>
				<time>2017-02-26T09:56:34</time>
			</trkpt>
			<trkpt lat="48.73331995680928" lon="3.0251599475741386">
				<ele>100.0</ele>
				<time>2017-02-26T09:56:36</time>
			</trkpt>
			<trkpt lat="48.733459850773215" lon="3.0252998415380716">
				<ele>101.0</ele>
				<time>2017-02-26T09:56:39</time>
			</trkpt>
			<trkpt lat="48.733589854091406" lon="3.02539992146194">
				<ele>103.0</ele>
				<time>2017-02-26T09:56:42</time>
			</trkpt>
			<trkpt lat="48.733669901266694" lon="3.0254898592829704">
				<ele>104.0</ele>
				<time>2017-02-26T09:56:43</time>
			</trkpt>
			<trkpt lat="48.733779871836305" lon="3.025629920884967">
				<ele>104.0</ele>
				<time>2017-02-26T09:56:46</time>
			</trkpt>
			<trkpt lat="48.7338699772954" lon="3.02580988034606">
				<ele>105.0</ele>
				<time>2017-02-26T09:56:49</time>
			</trkpt>
			<trkpt lat="48.73419997282326" lon="3.0266599729657173">
				<ele>106.0</ele>
				<time>2017-02-26T09:57:00</time>
			</trkpt>
			<trkpt lat="48.73440985567868" lon="3.027429850772023">
				<ele>108.0</ele>
				<time>2017-02-26T09:57:09</time>
			</trkpt>
			<trkpt lat="48.734449837356806" lon="3.0276598501950502">
				<ele>108.0</ele>
				<time>2017-02-26T09:57:12</time>
			</trkpt>
			<trkpt lat="48.734469870105386" lon="3.028139965608716">
				<ele>109.0</ele>
				<time>2017-02-26T09:57:18</time>
			</trkpt>
			<trkpt lat="48.734489986673" lon="3.029879964888096">
				<ele>109.0</ele>
				<time>2017-02-26T09:57:38</time>
			</trkpt>
			<trkpt lat="48.73449996113777" lon="3.0334998574107885">
				<ele>108.0</ele>
				<time>2017-02-26T09:58:19</time>
			</trkpt>
			<trkpt lat="48.734469870105386" lon="3.034039903432131">
				<ele>109.0</ele>
				<time>2017-02-26T09:58:25</time>
			</trkpt>
			<trkpt lat="48.73438999056816" lon="3.034469895064831">
				<ele>110.0</ele>
				<time>2017-02-26T09:58:31</time>
			</trkpt>
			<trkpt lat="48.73355993069708" lon="3.0377799086272717">
				<ele>111.0</ele>
				<time>2017-02-26T09:59:11</time>
			</trkpt>
			<trkpt lat="48.733279975131154" lon="3.0393599811941385">
				<ele>110.0</ele>
				<time>2017-02-26T09:59:30</time>
			</trkpt>
			<trkpt lat="48.73314997181296" lon="3.040269836783409">
				<ele>109.0</ele>
				<time>2017-02-26T09:59:41</time>
			</trkpt>
			<trkpt lat="48.73313999734819" lon="3.0406398978084326">
				<ele>109.0</ele>
				<time>2017-02-26T09:59:45</time>
			</trkpt>
			<trkpt lat="48.733159862458706" lon="3.04103996604681">
				<ele>110.0</ele>
				<time>2017-02-26T09:59:50</time>
			</trkpt>
			<trkpt lat="48.733259942382574" lon="3.0420199781656265">
				<ele>108.0</ele>
				<time>2017-02-26T10:00:01</time>
			</trkpt>
			<trkpt lat="48.73339983634651" lon="3.043859889730811">
				<ele>108.0</ele>
				<time>2017-02-26T10:00:22</time>
			</trkpt>
			<trkpt lat="48.73342992737889" lon="3.04443983361125">
				<ele>109.0</ele>
				<time>2017-02-26T10:00:29</time>
			</trkpt>
			<trkpt lat="48.73339983634651" lon="3.0457098595798016">
				<ele>112.0</ele>
				<time>2017-02-26T10:00:43</time>
			</trkpt>
			<trkpt lat="48.73322985135019" lon="3.04726998321712">
				<ele>113.0</ele>
				<time>2017-02-26T10:01:02</time>
			</trkpt>
			<trkpt lat="48.733219876885414" lon="3.0474898405373096">
				<ele>113.0</ele>
				<time>2017-02-26T10:01:04</time>
			</trkpt>
			<trkpt lat="48.73299993574619" lon="3.0492999963462353">
				<ele>112.0</ele>
				<time>2017-02-26T10:01:25</time>
			</trkpt>
			<trkpt lat="48.732849983498454" lon="3.04988999851048">
				<ele>112.0</ele>
				<time>2017-02-26T10:01:33</time>
			</trkpt>
			<trkpt lat="48.73193987645209" lon="3.053099848330021">
				<ele>112.0</ele>
				<time>2017-02-26T10:02:13</time>
			</trkpt>
			<trkpt lat="48.73178984038532" lon="3.053789846599102">
				<ele>113.0</ele>
				<time>2017-02-26T10:02:21</time>
			</trkpt>
			<trkpt lat="48.73174985870719" lon="3.0541799403727055">
				<ele>114.0</ele>
				<time>2017-02-26T10:02:26</time>
			</trkpt>
			<trkpt lat="48.73158993199468" lon="3.0572799872606993">
				<ele>116.0</ele>
				<time>2017-02-26T10:03:01</time>
			</trkpt>
			<trkpt lat="48.73155984096229" lon="3.057619957253337">
				<ele>117.0</ele>
				<time>2017-02-26T10:03:05</time>
			</trkpt>
			<trkpt lat="48.73131986707449" lon="3.0591998621821404">
				<ele>116.0</ele>
				<time>2017-02-26T10:03:24</time>
			</trkpt>
			<trkpt lat="48.73124987818301" lon="3.060469888150692">
				<ele>118.0</ele>
				<time>2017-02-26T10:03:38</time>
			</trkpt>
			<trkpt lat="48.73122992925346" lon="3.0612999480217695">
				<ele>118.0</ele>
				<time>2017-02-26T10:03:48</time>
			</trkpt>
			<trkpt lat="48.73171993531287" lon="3.061229959130287">
				<ele>118.0</ele>
				<time>2017-02-26T10:03:57</time>
			</trkpt>
			<trkpt lat="48.73255988582969" lon="3.061169944703579">
				<ele>117.0</ele>
				<time>2017-02-26T10:04:11</time>
			</trkpt>
			<trkpt lat="48.73270992189646" lon="3.061149911954999">
				<ele>117.0</ele>
				<time>2017-02-26T10:04:14</time>
			</trkpt>
			<trkpt lat="48.73279985971749" lon="3.0611199885606766">
				<ele>117.0</ele>
				<time>2017-02-26T10:04:15</time>
			</trkpt>
			<trkpt lat="48.732939921319485" lon="3.0610499158501625">
				<ele>117.0</ele>
				<time>2017-02-26T10:04:18</time>
			</trkpt>
			<trkpt lat="48.733159862458706" lon="3.060899879783392">
				<ele>117.0</ele>
				<time>2017-02-26T10:04:22</time>
			</trkpt>
			<trkpt lat="48.733929907903075" lon="3.0603198520839214">
				<ele>116.0</ele>
				<time>2017-02-26T10:04:37</time>
			</trkpt>
			<trkpt lat="48.73417994007468" lon="3.060269895941019">
				<ele>116.0</ele>
				<time>2017-02-26T10:04:41</time>
			</trkpt>
			<trkpt lat="48.73428991064429" lon="3.060269895941019">
				<ele>116.0</ele>
				<time>2017-02-26T10:04:43</time>
			</trkpt>
			<trkpt lat="48.7345898989588" lon="3.0603598337620497">
				<ele>116.0</ele>
				<time>2017-02-26T10:04:49</time>
			</trkpt>
			<trkpt lat="48.735199850052595" lon="3.060639873147011">
				<ele>116.0</ele>
				<time>2017-02-26T10:05:00</time>
			</trkpt>
			<trkpt lat="48.735389867797494" lon="3.060699887573719">
				<ele>116.0</ele>
				<time>2017-02-26T10:05:03</time>
			</trkpt>
			<trkpt lat="48.73572992160916" lon="3.060759985819459">
				<ele>115.0</ele>
				<time>2017-02-26T10:05:09</time>
			</trkpt>
			<trkpt lat="48.73591993935406" lon="3.060759985819459">
				<ele>115.0</ele>
				<time>2017-02-26T10:05:12</time>
			</trkpt>
			<trkpt lat="48.73641983605921" lon="3.060719920322299">
				<ele>116.0</ele>
				<time>2017-02-26T10:05:21</time>
			</trkpt>
			<trkpt lat="48.73662988655269" lon="3.060729894787073">
				<ele>116.0</ele>
				<time>2017-02-26T10:05:25</time>
			</trkpt>
			<trkpt lat="48.73781994916499" lon="3.060919912531972">
				<ele>116.0</ele>
				<time>2017-02-26T10:05:46</time>
			</trkpt>
			<trkpt lat="48.7383699696511" lon="3.061109846457839">
				<ele>118.0</ele>
				<time>2017-02-26T10:05:55</time>
			</trkpt>
			<trkpt lat="48.73847985640168" lon="3.061169944703579">
				<ele>118.0</ele>
				<time>2017-02-26T10:05:57</time>
			</trkpt>
			<trkpt lat="48.738929964601994" lon="3.061349904164672">
				<ele>118.0</ele>
				<time>2017-02-26T10:06:06</time>
			</trkpt>
			<trkpt lat="48.73976991511881" lon="3.0614998564124107">
				<ele>116.0</ele>
				<time>2017-02-26T10:06:20</time>
			</trkpt>
			<trkpt lat="48.740699887275696" lon="3.061599936336279">
				<ele>114.0</ele>
				<time>2017-02-26T10:06:37</time>
			</trkpt>
			<trkpt lat="48.74138988554478" lon="3.061589878052473">
				<ele>113.0</ele>
				<time>2017-02-26T10:06:49</time>
			</trkpt>
			<trkpt lat="48.74207996763289" lon="3.0615299474447966">
				<ele>116.0</ele>
				<time>2017-02-26T10:07:01</time>
			</trkpt>
			<trkpt lat="48.74225992709398" lon="3.0615299474447966">
				<ele>116.0</ele>
				<time>2017-02-26T10:07:04</time>
			</trkpt>
			<trkpt lat="48.742439886555076" lon="3.061589878052473">
				<ele>114.0</ele>
				<time>2017-02-26T10:07:07</time>
			</trkpt>
			<trkpt lat="48.7426199298352" lon="3.0616898741573095">
				<ele>114.0</ele>
				<time>2017-02-26T10:07:10</time>
			</trkpt>
			<trkpt lat="48.74296987429261" lon="3.0619199573993683">
				<ele>114.0</ele>
				<time>2017-02-26T10:07:17</time>
			</trkpt>
			<trkpt lat="48.743379916995764" lon="3.0621499568223953">
				<ele>115.0</ele>
				<time>2017-02-26T10:07:25</time>
			</trkpt>
			<trkpt lat="48.743769843131304" lon="3.06230996735394">
				<ele>115.0</ele>
				<time>2017-02-26T10:07:32</time>
			</trkpt>
			<trkpt lat="48.7442899402231" lon="3.062439886853099">
				<ele>115.0</ele>
				<time>2017-02-26T10:07:41</time>
			</trkpt>
			<trkpt lat="48.74453988857567" lon="3.062459919601679">
				<ele>116.0</ele>
				<time>2017-02-26T10:07:45</time>
			</trkpt>
			<trkpt lat="48.74523994512856" lon="3.062459919601679">
				<ele>123.0</ele>
				<time>2017-02-26T10:07:57</time>
			</trkpt>
			<trkpt lat="48.74583992175758" lon="3.0624898429960012">
				<ele>129.0</ele>
				<time>2017-02-26T10:08:08</time>
			</trkpt>
			<trkpt lat="48.746069837361574" lon="3.062479952350259">
				<ele>130.0</ele>
				<time>2017-02-26T10:08:12</time>
			</trkpt>
			<trkpt lat="48.746729996055365" lon="3.0623798724263906">
				<ele>128.0</ele>
				<time>2017-02-26T10:08:23</time>
			</trkpt>
			<trkpt lat="48.74697986058891" lon="3.0623699817806482">
				<ele>127.0</ele>
				<time>2017-02-26T10:08:28</time>
			</trkpt>
			<trkpt lat="48.747549913823605" lon="3.062439886853099">
				<ele>127.0</ele>
				<time>2017-02-26T10:08:38</time>
			</trkpt>
			<trkpt lat="48.74828986823559" lon="3.062459919601679">
				<ele>127.0</ele>
				<time>2017-02-26T10:08:50</time>
			</trkpt>
			<trkpt lat="48.74849991872907" lon="3.062449861317873">
				<ele>127.0</ele>
				<time>2017-02-26T10:08:54</time>
			</trkpt>
			<trkpt lat="48.74899998307228" lon="3.062479952350259">
				<ele>126.0</ele>
				<time>2017-02-26T10:09:03</time>
			</trkpt>
			<trkpt lat="48.74923995696008" lon="3.0625098757445812">
				<ele>124.0</ele>
				<time>2017-02-26T10:09:07</time>
			</trkpt>
			<trkpt lat="48.74949996359646" lon="3.0625799484550953">
				<ele>122.0</ele>
				<time>2017-02-26T10:09:12</time>
			</trkpt>
			<trkpt lat="48.75011997297406" lon="3.062709951773286">
				<ele>118.0</ele>
				<time>2017-02-26T10:09:22</time>
			</trkpt>
			<trkpt lat="48.75024997629225" lon="3.060289928689599">
				<ele>116.0</ele>
				<time>2017-02-26T10:09:50</time>
			</trkpt>
			<trkpt lat="48.75066999346018" lon="3.0602199397981167">
				<ele>113.0</ele>
				<time>2017-02-26T10:09:58</time>
			</trkpt>
			<trkpt lat="48.751029996201396" lon="3.06013997644186">
				<ele>113.0</ele>
				<time>2017-02-26T10:10:04</time>
			</trkpt>
			<trkpt lat="48.7512699700892" lon="3.060109969228506">
				<ele>112.0</ele>
				<time>2017-02-26T10:10:08</time>
			</trkpt>
			<trkpt lat="48.75172996893525" lon="3.0601298343390226">
				<ele>109.0</ele>
				<time>2017-02-26T10:10:16</time>
			</trkpt>
			<trkpt lat="48.75248987227678" lon="3.060209881514311">
				<ele>106.0</ele>
				<time>2017-02-26T10:10:29</time>
			</trkpt>
			<trkpt lat="48.75262993387878" lon="3.0601698998361826">
				<ele>105.0</ele>
				<time>2017-02-26T10:10:32</time>
			</trkpt>
			<trkpt lat="48.75266991555691" lon="3.0601298343390226">
				<ele>105.0</ele>
				<time>2017-02-26T10:10:33</time>
			</trkpt>
			<trkpt lat="48.75300996936858" lon="3.059409912675619">
				<ele>104.0</ele>
				<time>2017-02-26T10:10:43</time>
			</trkpt>
			<trkpt lat="48.753369972109795" lon="3.0587498378008604">
				<ele>102.0</ele>
				<time>2017-02-26T10:10:53</time>
			</trkpt>
			<trkpt lat="48.75361992046237" lon="3.0583798605948687">
				<ele>100.0</ele>
				<time>2017-02-26T10:10:59</time>
			</trkpt>
			<trkpt lat="48.75436993315816" lon="3.0573599506169558">
				<ele>95.0</ele>
				<time>2017-02-26T10:11:16</time>
			</trkpt>
			<trkpt lat="48.754489962011576" lon="3.057169932872057">
				<ele>94.0</ele>
				<time>2017-02-26T10:11:19</time>
			</trkpt>
			<trkpt lat="48.75455995090306" lon="3.056999947875738">
				<ele>93.0</ele>
				<time>2017-02-26T10:11:22</time>
			</trkpt>
			<trkpt lat="48.754639914259315" lon="3.0566799268126488">
				<ele>93.0</ele>
				<time>2017-02-26T10:11:26</time>
			</trkpt>
			<trkpt lat="48.7547199614346" lon="3.055379893630743">
				<ele>93.0</ele>
				<time>2017-02-26T10:11:41</time>
			</trkpt>
			<trkpt lat="48.75473999418318" lon="3.0546599719673395">
				<ele>92.0</ele>
				<time>2017-02-26T10:11:49</time>
			</trkpt>
			<trkpt lat="48.75477989204228" lon="3.0544298887252808">
				<ele>93.0</ele>
				<time>2017-02-26T10:11:52</time>
			</trkpt>
			<trkpt lat="48.75481987372041" lon="3.0543498415499926">
				<ele>93.0</ele>
				<time>2017-02-26T10:11:53</time>
			</trkpt>
			<trkpt lat="48.75488986261189" lon="3.054269962012768">
				<ele>93.0</ele>
				<time>2017-02-26T10:11:54</time>
			</trkpt>
			<trkpt lat="48.75496990978718" lon="3.0542099475860596">
				<ele>92.0</ele>
				<time>2017-02-26T10:11:56</time>
			</trkpt>
			<trkpt lat="48.755109971389174" lon="3.054139958694577">
				<ele>91.0</ele>
				<time>2017-02-26T10:11:58</time>
			</trkpt>
			<trkpt lat="48.7559998780489" lon="3.053979864344001">
				<ele>90.0</ele>
				<time>2017-02-26T10:12:14</time>
			</trkpt>
			<trkpt lat="48.75627991743386" lon="3.0539499409496784">
				<ele>92.0</ele>
				<time>2017-02-26T10:12:19</time>
			</trkpt>
			<trkpt lat="48.75660999678075" lon="3.053809879347682">
				<ele>94.0</ele>
				<time>2017-02-26T10:12:25</time>
			</trkpt>
			<trkpt lat="48.756719967350364" lon="3.0537198577076197">
				<ele>94.0</ele>
				<time>2017-02-26T10:12:27</time>
			</trkpt>
			<trkpt lat="48.756939908489585" lon="3.053449960425496">
				<ele>97.0</ele>
				<time>2017-02-26T10:12:32</time>
			</trkpt>
			<trkpt lat="48.757499903440475" lon="3.052339944988489">
				<ele>103.0</ele>
				<time>2017-02-26T10:12:48</time>
			</trkpt>
			<trkpt lat="48.757709953933954" lon="3.05199989117682">
				<ele>104.0</ele>
				<time>2017-02-26T10:12:53</time>
			</trkpt>
			<trkpt lat="48.75788999721408" lon="3.0517999827861786">
				<ele>106.0</ele>
				<time>2017-02-26T10:12:57</time>
			</trkpt>
			<trkpt lat="48.758209850639105" lon="3.0515199434012175">
				<ele>110.0</ele>
				<time>2017-02-26T10:13:04</time>
			</trkpt>
			<trkpt lat="48.75830993056297" lon="3.051379881799221">
				<ele>111.0</ele>
				<time>2017-02-26T10:13:06</time>
			</trkpt>
			<trkpt lat="48.758399868384004" lon="3.051219955086708">
				<ele>111.0</ele>
				<time>2017-02-26T10:13:08</time>
			</trkpt>
			<trkpt lat="48.7583499122411" lon="3.0509898718446493">
				<ele>111.0</ele>
				<time>2017-02-26T10:13:11</time>
			</trkpt>
			<trkpt lat="48.75831998884678" lon="3.05066985078156">
				<ele>112.0</ele>
				<time>2017-02-26T10:13:15</time>
			</trkpt>
			<trkpt lat="48.75830993056297" lon="3.04988999851048">
				<ele>112.0</ele>
				<time>2017-02-26T10:13:24</time>
			</trkpt>
			<trkpt lat="48.75831998884678" lon="3.049669973552227">
				<ele>112.0</ele>
				<time>2017-02-26T10:13:26</time>
			</trkpt>
			<trkpt lat="48.758549904450774" lon="3.0479598976671696">
				<ele>114.0</ele>
				<time>2017-02-26T10:13:46</time>
			</trkpt>
			<trkpt lat="48.7585898861289" lon="3.0477999709546566">
				<ele>114.0</ele>
				<time>2017-02-26T10:13:48</time>
			</trkpt>
			<trkpt lat="48.75880999490619" lon="3.0475299060344696">
				<ele>115.0</ele>
				<time>2017-02-26T10:13:53</time>
			</trkpt>
			<trkpt lat="48.7589199654758" lon="3.047339888289571">
				<ele>116.0</ele>
				<time>2017-02-26T10:13:56</time>
			</trkpt>
			<trkpt lat="48.75911995768547" lon="3.0468599405139685">
				<ele>118.0</ele>
				<time>2017-02-26T10:14:03</time>
			</trkpt>
			<trkpt lat="48.75923998653889" lon="3.0466799810528755">
				<ele>120.0</ele>
				<time>2017-02-26T10:14:06</time>
			</trkpt>
			<trkpt lat="48.75937996432185" lon="3.0465498939156532">
				<ele>120.0</ele>
				<time>2017-02-26T10:14:09</time>
			</trkpt>
			<trkpt lat="48.75949999317527" lon="3.0464899633079767">
				<ele>121.0</ele>
				<time>2017-02-26T10:14:11</time>
			</trkpt>
			<trkpt lat="48.75988983549178" lon="3.0463998578488827">
				<ele>121.0</ele>
				<time>2017-02-26T10:14:18</time>
			</trkpt>
			<trkpt lat="48.76045988872647" lon="3.0461998656392097">
				<ele>121.0</ele>
				<time>2017-02-26T10:14:28</time>
			</trkpt>
			<trkpt lat="48.76104989089072" lon="3.0458998773247004">
				<ele>121.0</ele>
				<time>2017-02-26T10:14:39</time>
			</trkpt>
			<trkpt lat="48.76191984862089" lon="3.045269977301359">
				<ele>123.0</ele>
				<time>2017-02-26T10:14:55</time>
			</trkpt>
			<trkpt lat="48.76368993893266" lon="3.043949995189905">
				<ele>123.0</ele>
				<time>2017-02-26T10:15:30</time>
			</trkpt>
			<trkpt lat="48.765319883823395" lon="3.042769990861416">
				<ele>122.0</ele>
				<time>2017-02-26T10:16:01</time>
			</trkpt>
			<trkpt lat="48.7658999953419" lon="3.04232994094491">
				<ele>121.0</ele>
				<time>2017-02-26T10:16:12</time>
			</trkpt>
			<trkpt lat="48.76620995812118" lon="3.042149981483817">
				<ele>121.0</ele>
				<time>2017-02-26T10:16:18</time>
			</trkpt>
			<trkpt lat="48.76689995639026" lon="3.041579844430089">
				<ele>122.0</ele>
				<time>2017-02-26T10:16:32</time>
			</trkpt>
			<trkpt lat="48.767049908638" lon="3.041369877755642">
				<ele>121.0</ele>
				<time>2017-02-26T10:16:35</time>
			</trkpt>
			<trkpt lat="48.76722986809909" lon="3.0409598350524902">
				<ele>119.0</ele>
				<time>2017-02-26T10:16:41</time>
			</trkpt>
			<trkpt lat="48.7676199618727" lon="3.039639936760068">
				<ele>118.0</ele>
				<time>2017-02-26T10:16:58</time>
			</trkpt>
			<trkpt lat="48.767809979617596" lon="3.03908983245492">
				<ele>118.0</ele>
				<time>2017-02-26T10:17:05</time>
			</trkpt>
			<trkpt lat="48.768029836937785" lon="3.0386499501764774">
				<ele>117.0</ele>
				<time>2017-02-26T10:17:11</time>
			</trkpt>
			<trkpt lat="48.768159840255976" lon="3.0384799651801586">
				<ele>117.0</ele>
				<time>2017-02-26T10:17:14</time>
			</trkpt>
			<trkpt lat="48.76874992623925" lon="3.0375398509204388">
				<ele>115.0</ele>
				<time>2017-02-26T10:17:29</time>
			</trkpt>
			<trkpt lat="48.76912987791002" lon="3.036969965323806">
				<ele>116.0</ele>
				<time>2017-02-26T10:17:38</time>
			</trkpt>
			<trkpt lat="48.77004995942116" lon="3.03562986664474">
				<ele>117.0</ele>
				<time>2017-02-26T10:18:01</time>
			</trkpt>
			<trkpt lat="48.77018985338509" lon="3.035469939932227">
				<ele>117.0</ele>
				<time>2017-02-26T10:18:04</time>
			</trkpt>
			<trkpt lat="48.770369896665215" lon="3.0353298783302307">
				<ele>117.0</ele>
				<time>2017-02-26T10:18:07</time>
			</trkpt>
			<trkpt lat="48.770429994910955" lon="3.0352999549359083">
				<ele>117.0</ele>
				<time>2017-02-26T10:18:08</time>
			</trkpt>
			<trkpt lat="48.77077993936837" lon="3.0352698639035225">
				<ele>116.0</ele>
				<time>2017-02-26T10:18:14</time>
			</trkpt>
			<trkpt lat="48.77097984775901" lon="3.0353499110788107">
				<ele>116.0</ele>
				<time>2017-02-26T10:18:18</time>
			</trkpt>
			<trkpt lat="48.771889954805374" lon="3.0358698405325413">
				<ele>118.0</ele>
				<time>2017-02-26T10:18:35</time>
			</trkpt>
			<trkpt lat="48.77275999635458" lon="3.0364099703729153">
				<ele>122.0</ele>
				<time>2017-02-26T10:18:51</time>
			</trkpt>
			<trkpt lat="48.773569855839014" lon="3.0368798598647118">
				<ele>123.0</ele>
				<time>2017-02-26T10:19:06</time>
			</trkpt>
			<trkpt lat="48.773849895223975" lon="3.0370298959314823">
				<ele>125.0</ele>
				<time>2017-02-26T10:19:11</time>
			</trkpt>
			<trkpt lat="48.77417997457087" lon="3.0371499247848988">
				<ele>125.0</ele>
				<time>2017-02-26T10:19:17</time>
			</trkpt>
			<trkpt lat="48.77460996620357" lon="3.037219913676381">
				<ele>124.0</ele>
				<time>2017-02-26T10:19:25</time>
			</trkpt>
			<trkpt lat="48.77692990936339" lon="3.0371499247848988">
				<ele>119.0</ele>
				<time>2017-02-26T10:20:05</time>
			</trkpt>
			<trkpt lat="48.777369959279895" lon="3.037119833752513">
				<ele>120.0</ele>
				<time>2017-02-26T10:20:13</time>
			</trkpt>
			<trkpt lat="48.7774698715657" lon="3.0370899103581905">
				<ele>120.0</ele>
				<time>2017-02-26T10:20:15</time>
			</trkpt>
			<trkpt lat="48.777689980342984" lon="3.0368098709732294">
				<ele>120.0</ele>
				<time>2017-02-26T10:20:20</time>
			</trkpt>
			<trkpt lat="48.77783984877169" lon="3.036539973691106">
				<ele>120.0</ele>
				<time>2017-02-26T10:20:24</time>
			</trkpt>
			<trkpt lat="48.77872992306948" lon="3.0345998983830214">
				<ele>118.0</ele>
				<time>2017-02-26T10:20:51</time>
			</trkpt>
			<trkpt lat="48.77958990633488" lon="3.0326498486101627">
				<ele>122.0</ele>
				<time>2017-02-26T10:21:18</time>
			</trkpt>
			<trkpt lat="48.77972996793687" lon="3.032379951328039">
				<ele>123.0</ele>
				<time>2017-02-26T10:21:22</time>
			</trkpt>
			<trkpt lat="48.779889894649386" lon="3.032119944691658">
				<ele>124.0</ele>
				<time>2017-02-26T10:21:26</time>
			</trkpt>
			<trkpt lat="48.78034997731447" lon="3.0315799824893475">
				<ele>125.0</ele>
				<time>2017-02-26T10:21:36</time>
			</trkpt>
			<trkpt lat="48.780619874596596" lon="3.0312898848205805">
				<ele>126.0</ele>
				<time>2017-02-26T10:21:42</time>
			</trkpt>
			<trkpt lat="48.781519923359156" lon="3.030399978160858">
				<ele>126.0</ele>
				<time>2017-02-26T10:22:00</time>
			</trkpt>
			<trkpt lat="48.781989896669984" lon="3.029899997636676">
				<ele>125.0</ele>
				<time>2017-02-26T10:22:10</time>
			</trkpt>
			<trkpt lat="48.7825399171561" lon="3.0297699943184853">
				<ele>124.0</ele>
				<time>2017-02-26T10:22:20</time>
			</trkpt>
			<trkpt lat="48.78322991542518" lon="3.029789859429002">
				<ele>124.0</ele>
				<time>2017-02-26T10:22:32</time>
			</trkpt>
			<trkpt lat="48.78618990071118" lon="3.029809892177582">
				<ele>125.0</ele>
				<time>2017-02-26T10:23:24</time>
			</trkpt>
			<trkpt lat="48.78650992177427" lon="3.02982984110713">
				<ele>123.0</ele>
				<time>2017-02-26T10:23:29</time>
			</trkpt>
			<trkpt lat="48.786739921197295" lon="3.0298199504613876">
				<ele>123.0</ele>
				<time>2017-02-26T10:23:33</time>
			</trkpt>
			<trkpt lat="48.7876599188894" lon="3.02984987385571">
				<ele>125.0</ele>
				<time>2017-02-26T10:23:49</time>
			</trkpt>
			<trkpt lat="48.788719894364476" lon="3.029859932139516">
				<ele>125.0</ele>
				<time>2017-02-26T10:24:08</time>
			</trkpt>
			<trkpt lat="48.7891399115324" lon="3.0298199504613876">
				<ele>125.0</ele>
				<time>2017-02-26T10:24:15</time>
			</trkpt>
			<trkpt lat="48.78925985656679" lon="3.0297699943184853">
				<ele>126.0</ele>
				<time>2017-02-26T10:24:17</time>
			</trkpt>
			<trkpt lat="48.78941995091736" lon="3.029639907181263">
				<ele>126.0</ele>
				<time>2017-02-26T10:24:20</time>
			</trkpt>
			<trkpt lat="48.78959999419749" lon="3.0292498972266912">
				<ele>127.0</ele>
				<time>2017-02-26T10:24:26</time>
			</trkpt>
			<trkpt lat="48.7899499386549" lon="3.027949947863817">
				<ele>125.0</ele>
				<time>2017-02-26T10:24:42</time>
			</trkpt>
			<trkpt lat="48.79009997472167" lon="3.0274698324501514">
				<ele>124.0</ele>
				<time>2017-02-26T10:24:48</time>
			</trkpt>
			<trkpt lat="48.7907599657774" lon="3.0257698986679316">
				<ele>123.0</ele>
				<time>2017-02-26T10:25:11</time>
			</trkpt>
			<trkpt lat="48.79091989248991" lon="3.025559848174453">
				<ele>123.0</ele>
				<time>2017-02-26T10:25:14</time>
			</trkpt>
			<trkpt lat="48.791229855269194" lon="3.0252298526465893">
				<ele>123.0</ele>
				<time>2017-02-26T10:25:21</time>
			</trkpt>
			<trkpt lat="48.79134988412261" lon="3.025029944255948">
				<ele>122.0</ele>
				<time>2017-02-26T10:25:24</time>
			</trkpt>
			<trkpt lat="48.79151995293796" lon="3.0246898904442787">
				<ele>122.0</ele>
				<time>2017-02-26T10:25:29</time>
			</trkpt>
			<trkpt lat="48.79162992350757" lon="3.024419993162155">
				<ele>121.0</ele>
				<time>2017-02-26T10:25:32</time>
			</trkpt>
			<trkpt lat="48.79174995236099" lon="3.0243498366326094">
				<ele>121.0</ele>
				<time>2017-02-26T10:25:35</time>
			</trkpt>
			<trkpt lat="48.79201984964311" lon="3.024329887703061">
				<ele>121.0</ele>
				<time>2017-02-26T10:25:39</time>
			</trkpt>
			<trkpt lat="48.79241991788149" lon="3.024339945986867">
				<ele>120.0</ele>
				<time>2017-02-26T10:25:46</time>
			</trkpt>
			<trkpt lat="48.792799953371286" lon="3.024379927664995">
				<ele>119.0</ele>
				<time>2017-02-26T10:25:53</time>
			</trkpt>
			<trkpt lat="48.79292995668948" lon="3.0242799315601587">
				<ele>119.0</ele>
				<time>2017-02-26T10:25:56</time>
			</trkpt>
			<trkpt lat="48.79301989451051" lon="3.0241798516362906">
				<ele>119.0</ele>
				<time>2017-02-26T10:25:57</time>
			</trkpt>
			<trkpt lat="48.79316993057728" lon="3.02406988106668">
				<ele>119.0</ele>
				<time>2017-02-26T10:26:00</time>
			</trkpt>
			<trkpt lat="48.79369983449578" lon="3.023789841681719">
				<ele>121.0</ele>
				<time>2017-02-26T10:26:10</time>
			</trkpt>
			<trkpt lat="48.79383989609778" lon="3.023789841681719">
				<ele>121.0</ele>
				<time>2017-02-26T10:26:13</time>
			</trkpt>
			<trkpt lat="48.79507991485298" lon="3.0239599104970694">
				<ele>115.0</ele>
				<time>2017-02-26T10:26:34</time>
			</trkpt>
			<trkpt lat="48.79604986868799" lon="3.02406988106668">
				<ele>116.0</ele>
				<time>2017-02-26T10:26:51</time>
			</trkpt>
			<trkpt lat="48.79648991860449" lon="3.0240199249237776">
				<ele>113.0</ele>
				<time>2017-02-26T10:26:59</time>
			</trkpt>
			<trkpt lat="48.797719879075885" lon="3.0239198449999094">
				<ele>107.0</ele>
				<time>2017-02-26T10:27:20</time>
			</trkpt>
			<trkpt lat="48.798129837960005" lon="3.0238699726760387">
				<ele>106.0</ele>
				<time>2017-02-26T10:27:27</time>
			</trkpt>
			<trkpt lat="48.79828993231058" lon="3.023819848895073">
				<ele>105.0</ele>
				<time>2017-02-26T10:27:30</time>
			</trkpt>
			<trkpt lat="48.798449859023094" lon="3.0237599182873964">
				<ele>104.0</ele>
				<time>2017-02-26T10:27:33</time>
			</trkpt>
			<trkpt lat="48.79876988008618" lon="3.0235699843615294">
				<ele>102.0</ele>
				<time>2017-02-26T10:27:39</time>
			</trkpt>
			<trkpt lat="48.80210990086198" lon="3.020819965749979">
				<ele>86.0</ele>
				<time>2017-02-26T10:28:45</time>
			</trkpt>
			<trkpt lat="48.802249962463975" lon="3.020739834755659">
				<ele>85.0</ele>
				<time>2017-02-26T10:28:48</time>
			</trkpt>
			<trkpt lat="48.802399914711714" lon="3.020699853077531">
				<ele>85.0</ele>
				<time>2017-02-26T10:28:51</time>
			</trkpt>
			<trkpt lat="48.802509969100356" lon="3.020699853077531">
				<ele>85.0</ele>
				<time>2017-02-26T10:28:52</time>
			</trkpt>
			<trkpt lat="48.80268984474242" lon="3.0207299441099167">
				<ele>85.0</ele>
				<time>2017-02-26T10:28:56</time>
			</trkpt>
			<trkpt lat="48.80318999290466" lon="3.0209399946033955">
				<ele>86.0</ele>
				<time>2017-02-26T10:29:05</time>
			</trkpt>
			<trkpt lat="48.80335997790098" lon="3.020979892462492">
				<ele>86.0</ele>
				<time>2017-02-26T10:29:08</time>
			</trkpt>
			<trkpt lat="48.803729955106974" lon="3.020959859713912">
				<ele>85.0</ele>
				<time>2017-02-26T10:29:14</time>
			</trkpt>
			<trkpt lat="48.804289950057864" lon="3.0208999291062355">
				<ele>87.0</ele>
				<time>2017-02-26T10:29:24</time>
			</trkpt>
			<trkpt lat="48.804509891197085" lon="3.0209099035710096">
				<ele>90.0</ele>
				<time>2017-02-26T10:29:28</time>
			</trkpt>
			<trkpt lat="48.8049599993974" lon="3.021009983494878">
				<ele>94.0</ele>
				<time>2017-02-26T10:29:36</time>
			</trkpt>
			<trkpt lat="48.80518991500139" lon="3.0209998413920403">
				<ele>93.0</ele>
				<time>2017-02-26T10:29:40</time>
			</trkpt>
			<trkpt lat="48.805539859458804" lon="3.0209499690681696">
				<ele>91.0</ele>
				<time>2017-02-26T10:29:46</time>
			</trkpt>
			<trkpt lat="48.80575996823609" lon="3.0209399946033955">
				<ele>91.0</ele>
				<time>2017-02-26T10:29:50</time>
			</trkpt>
			<trkpt lat="48.80700996145606" lon="3.020979892462492">
				<ele>92.0</ele>
				<time>2017-02-26T10:30:11</time>
			</trkpt>
			<trkpt lat="48.8076398614794" lon="3.0209299363195896">
				<ele>95.0</ele>
				<time>2017-02-26T10:30:22</time>
			</trkpt>
			<trkpt lat="48.80811997689307" lon="3.020819965749979">
				<ele>94.0</ele>
				<time>2017-02-26T10:30:31</time>
			</trkpt>
			<trkpt lat="48.80879983305931" lon="3.020599940791726">
				<ele>96.0</ele>
				<time>2017-02-26T10:30:43</time>
			</trkpt>
			<trkpt lat="48.8090698979795" lon="3.0204899702221155">
				<ele>95.0</ele>
				<time>2017-02-26T10:30:48</time>
			</trkpt>
			<trkpt lat="48.80977992899716" lon="3.0201398581266403">
				<ele>95.0</ele>
				<time>2017-02-26T10:31:01</time>
			</trkpt>
			<trkpt lat="48.8099298812449" lon="3.020079843699932">
				<ele>95.0</ele>
				<time>2017-02-26T10:31:03</time>
			</trkpt>
			<trkpt lat="48.811579858884215" lon="3.0200298875570297">
				<ele>89.0</ele>
				<time>2017-02-26T10:31:32</time>
			</trkpt>
			<trkpt lat="48.81169997155666" lon="3.0199899058789015">
				<ele>88.0</ele>
				<time>2017-02-26T10:31:34</time>
			</trkpt>
			<trkpt lat="48.81210993044078" lon="3.0197298992425203">
				<ele>83.0</ele>
				<time>2017-02-26T10:31:42</time>
			</trkpt>
			<trkpt lat="48.81375337019563" lon="3.0184959154576063">
				<ele>74.0</ele>
				<time>2017-02-26T10:32:14</time>
			</trkpt>
			<trkpt lat="48.813753286376595" lon="3.018495747819543">
				<ele>73.99</ele>
				<time>2017-02-26T10:32:14</time>
			</trkpt>
			<trkpt lat="48.813753202557564" lon="3.0184954963624477">
				<ele>73.98</ele>
				<time>2017-02-26T10:32:14</time>
			</trkpt>
			<trkpt lat="48.8137392885983" lon="3.018455095589161">
				<ele>73.24</ele>
				<time>2017-02-26T10:32:14</time>
			</trkpt>
			<trkpt lat="48.8143265247345" lon="3.01798939704895">
				<ele>71.85</ele>
				<time>2017-02-26T10:32:26</time>
			</trkpt>
			<trkpt lat="48.81409049034119" lon="3.0177319049835205">
				<ele>70.91</ele>
				<time>2017-02-26T10:32:31</time>
			</trkpt>
			<trkpt lat="48.81404757499695" lon="3.017667531967163">
				<ele>69.99</ele>
				<time>2017-02-26T10:32:32</time>
			</trkpt>
			<trkpt lat="48.81380081176758" lon="3.0167341232299805">
				<ele>68.84</ele>
				<time>2017-02-26T10:32:44</time>
			</trkpt>
			<trkpt lat="48.81353259086609" lon="3.015875816345215">
				<ele>67.31</ele>
				<time>2017-02-26T10:32:54</time>
			</trkpt>
			<trkpt lat="48.813371658325195" lon="3.01550030708313">
				<ele>66.01</ele>
				<time>2017-02-26T10:33:00</time>
			</trkpt>
			<trkpt lat="48.81299614906311" lon="3.0147600173950195">
				<ele>64.62</ele>
				<time>2017-02-26T10:33:10</time>
			</trkpt>
			<trkpt lat="48.81298550404608" lon="3.014620542526245">
				<ele>63.81</ele>
				<time>2017-02-26T10:33:12</time>
			</trkpt>
			<trkpt lat="48.81250262260437" lon="3.014352321624756">
				<ele>63.55</ele>
				<time>2017-02-26T10:33:21</time>
			</trkpt>
			<trkpt lat="48.812384605407715" lon="3.0142664909362793">
				<ele>63.4</ele>
				<time>2017-02-26T10:33:23</time>
			</trkpt>
			<trkpt lat="48.81223440170288" lon="3.014094829559326">
				<ele>63.49</ele>
				<time>2017-02-26T10:33:26</time>
			</trkpt>
			<trkpt lat="48.812127113342285" lon="3.013923168182373">
				<ele>63.79</ele>
				<time>2017-02-26T10:33:29</time>
			</trkpt>
			<trkpt lat="48.81204128265381" lon="3.0137407779693604">
				<ele>64.26</ele>
				<time>2017-02-26T10:33:32</time>
			</trkpt>
			<trkpt lat="48.811665773391724" lon="3.012850284576416">
				<ele>64.22</ele>
				<time>2017-02-26T10:33:44</time>
			</trkpt>
			<trkpt lat="48.811665857210755" lon="3.012850284576416">
				<ele>65.01</ele>
				<time>2017-02-26T10:33:44</time>
			</trkpt>
			<trkpt lat="48.8115478400141" lon="3.012571334838867">
				<ele>66.11</ele>
				<time>2017-02-26T10:33:48</time>
			</trkpt>
			<trkpt lat="48.81133326329291" lon="3.012056350708008">
				<ele>68.07</ele>
				<time>2017-02-26T10:33:55</time>
			</trkpt>
			<trkpt lat="48.81112941540778" lon="3.011573553085327">
				<ele>70.36</ele>
				<time>2017-02-26T10:34:01</time>
			</trkpt>
			<trkpt lat="48.81105422973633" lon="3.011401891708374">
				<ele>72.61</ele>
				<time>2017-02-26T10:34:04</time>
			</trkpt>
			<trkpt lat="48.81105431355536" lon="3.011401891708374">
				<ele>75.1</ele>
				<time>2017-02-26T10:34:04</time>
			</trkpt>
			<trkpt lat="48.81004571914673" lon="3.0090630054473877">
				<ele>78.7</ele>
				<time>2017-02-26T10:34:36</time>
			</trkpt>
			<trkpt lat="48.809616565704346" lon="3.0080223083496094">
				<ele>81.99</ele>
				<time>2017-02-26T10:34:50</time>
			</trkpt>
			<trkpt lat="48.80930542945862" lon="3.0071210861206055">
				<ele>84.73</ele>
				<time>2017-02-26T10:35:01</time>
			</trkpt>
			<trkpt lat="48.808887004852295" lon="3.00575852394104">
				<ele>87.59</ele>
				<time>2017-02-26T10:35:19</time>
			</trkpt>
			<trkpt lat="48.80882263183594" lon="3.005629777908325">
				<ele>89.37</ele>
				<time>2017-02-26T10:35:20</time>
			</trkpt>
			<trkpt lat="48.80870461463928" lon="3.005490303039551">
				<ele>90.81</ele>
				<time>2017-02-26T10:35:23</time>
			</trkpt>
			<trkpt lat="48.8087260723114" lon="3.005307912826538">
				<ele>91.88</ele>
				<time>2017-02-26T10:35:25</time>
			</trkpt>
			<trkpt lat="48.80871534347534" lon="3.0051791667938232">
				<ele>92.63</ele>
				<time>2017-02-26T10:35:27</time>
			</trkpt>
			<trkpt lat="48.80871542729437" lon="3.0051791667938232">
				<ele>93.0</ele>
				<time>2017-02-26T10:35:27</time>
			</trkpt>
			<trkpt lat="48.80806096829474" lon="3.0020570755004883">
				<ele>92.79</ele>
				<time>2017-02-26T10:36:04</time>
			</trkpt>
			<trkpt lat="48.8077712059021" lon="3.0007481575012207">
				<ele>92.53</ele>
				<time>2017-02-26T10:36:20</time>
			</trkpt>
			<trkpt lat="48.80776047706604" lon="3.0004262924194336">
				<ele>91.63</ele>
				<time>2017-02-26T10:36:24</time>
			</trkpt>
			<trkpt lat="48.80772300995886" lon="2.9986454732716084">
				<ele>89.98</ele>
				<time>2017-02-26T10:36:44</time>
			</trkpt>
			<trkpt lat="48.80772292613983" lon="2.998645221814513">
				<ele>89.97</ele>
				<time>2017-02-26T10:36:44</time>
			</trkpt>
			<trkpt lat="48.8077175617218" lon="2.9983878135681152">
				<ele>89.88</ele>
				<time>2017-02-26T10:36:47</time>
			</trkpt>
			<trkpt lat="48.80773901939392" lon="2.9976582527160645">
				<ele>91.0</ele>
				<time>2017-02-26T10:36:55</time>
			</trkpt>
			<trkpt lat="48.80779266357422" lon="2.997121810913086">
				<ele>91.96</ele>
				<time>2017-02-26T10:37:02</time>
			</trkpt>
			<trkpt lat="48.807921409606934" lon="2.9963278770446777">
				<ele>92.49</ele>
				<time>2017-02-26T10:37:11</time>
			</trkpt>
			<trkpt lat="48.807921493425965" lon="2.9963278770446777">
				<ele>92.76</ele>
				<time>2017-02-26T10:37:11</time>
			</trkpt>
			<trkpt lat="48.807964408770204" lon="2.9960381984710693">
				<ele>92.63</ele>
				<time>2017-02-26T10:37:14</time>
			</trkpt>
			<trkpt lat="48.808168172836304" lon="2.9950618743896484">
				<ele>92.8</ele>
				<time>2017-02-26T10:37:26</time>
			</trkpt>
			<trkpt lat="48.80826473236084" lon="2.9947614669799805">
				<ele>92.31</ele>
				<time>2017-02-26T10:37:30</time>
			</trkpt>
			<trkpt lat="48.80842566490173" lon="2.9943323135375977">
				<ele>91.42</ele>
				<time>2017-02-26T10:37:36</time>
			</trkpt>
			<trkpt lat="48.80855441093445" lon="2.994353771209717">
				<ele>90.33</ele>
				<time>2017-02-26T10:37:38</time>
			</trkpt>
			<trkpt lat="48.808704698458314" lon="2.9942893981933594">
				<ele>89.03</ele>
				<time>2017-02-26T10:37:41</time>
			</trkpt>
			<trkpt lat="48.80874761380255" lon="2.994246482849121">
				<ele>87.6</ele>
				<time>2017-02-26T10:37:42</time>
			</trkpt>
			<trkpt lat="48.808833360672" lon="2.994149923324585">
				<ele>85.95</ele>
				<time>2017-02-26T10:37:43</time>
			</trkpt>
			<trkpt lat="48.80906939506531" lon="2.9937851428985596">
				<ele>84.14</ele>
				<time>2017-02-26T10:37:49</time>
			</trkpt>
			<trkpt lat="48.80924105644226" lon="2.993549108505249">
				<ele>82.1</ele>
				<time>2017-02-26T10:37:53</time>
			</trkpt>
			<trkpt lat="48.8092839717865" lon="2.9935061931610107">
				<ele>79.93</ele>
				<time>2017-02-26T10:37:54</time>
			</trkpt>
			<trkpt lat="48.80928405560553" lon="2.9935061931610107">
				<ele>77.69</ele>
				<time>2017-02-26T10:37:54</time>
			</trkpt>
			<trkpt lat="48.81155848503113" lon="2.9916393756866455">
				<ele>73.51</ele>
				<time>2017-02-26T10:38:39</time>
			</trkpt>
			<trkpt lat="48.81159067153931" lon="2.991628646850586">
				<ele>71.11</ele>
				<time>2017-02-26T10:38:40</time>
			</trkpt>
			<trkpt lat="48.81159075535834" lon="2.991628646850586">
				<ele>68.92</ele>
				<time>2017-02-26T10:38:40</time>
			</trkpt>
			<trkpt lat="48.811665773391724" lon="2.991607189178467">
				<ele>66.83</ele>
				<time>2017-02-26T10:38:41</time>
			</trkpt>
			<trkpt lat="48.81200917996466" lon="2.991650104522705">
				<ele>64.77</ele>
				<time>2017-02-26T10:38:47</time>
			</trkpt>
			<trkpt lat="48.8125027064234" lon="2.991746664047241">
				<ele>63.26</ele>
				<time>2017-02-26T10:38:56</time>
			</trkpt>
			<trkpt lat="48.81263145245612" lon="2.9917681217193604">
				<ele>62.02</ele>
				<time>2017-02-26T10:38:58</time>
			</trkpt>
			<trkpt lat="48.812674367800355" lon="2.99177885055542">
				<ele>61.06</ele>
				<time>2017-02-26T10:38:59</time>
			</trkpt>
			<trkpt lat="48.81309270858765" lon="2.991853952407837">
				<ele>60.29</ele>
				<time>2017-02-26T10:39:06</time>
			</trkpt>
			<trkpt lat="48.813393199816346" lon="2.9918646812438965">
				<ele>59.99</ele>
				<time>2017-02-26T10:39:11</time>
			</trkpt>
			<trkpt lat="48.81343603134155" lon="2.991853952407837">
				<ele>59.86</ele>
				<time>2017-02-26T10:39:12</time>
			</trkpt>
			<trkpt lat="48.81348967552185" lon="2.9918324947357178">
				<ele>59.97</ele>
				<time>2017-02-26T10:39:13</time>
			</trkpt>
			<trkpt lat="48.813865184783936" lon="2.9915964603424072">
				<ele>60.39</ele>
				<time>2017-02-26T10:39:20</time>
			</trkpt>
			<trkpt lat="48.814176404848695" lon="2.991349697113037">
				<ele>60.92</ele>
				<time>2017-02-26T10:39:26</time>
			</trkpt>
			<trkpt lat="48.81475576199591" lon="2.990877628326416">
				<ele>61.77</ele>
				<time>2017-02-26T10:39:38</time>
			</trkpt>
			<trkpt lat="48.81486305035651" lon="2.9907917976379395">
				<ele>62.62</ele>
				<time>2017-02-26T10:39:40</time>
			</trkpt>
			<trkpt lat="48.81521701812744" lon="2.9905128479003906">
				<ele>63.66</ele>
				<time>2017-02-26T10:39:47</time>
			</trkpt>
			<trkpt lat="48.81521710194647" lon="2.9905128479003906">
				<ele>65.0</ele>
				<time>2017-02-26T10:39:47</time>
			</trkpt>
			<trkpt lat="48.81575354374945" lon="2.9900729656219482">
				<ele>66.81</ele>
				<time>2017-02-26T10:39:57</time>
			</trkpt>
			<trkpt lat="48.81683707237244" lon="2.989203929901123">
				<ele>69.24</ele>
				<time>2017-02-26T10:40:19</time>
			</trkpt>
			<trkpt lat="48.81703019142151" lon="2.9891180992126465">
				<ele>71.41</ele>
				<time>2017-02-26T10:40:22</time>
			</trkpt>
			<trkpt lat="48.817631006240845" lon="2.9890859127044678">
				<ele>74.22</ele>
				<time>2017-02-26T10:40:33</time>
			</trkpt>
			<trkpt lat="48.818569611757994" lon="2.9890268202871084">
				<ele>77.34</ele>
				<time>2017-02-26T10:40:49</time>
			</trkpt>
			<trkpt lat="48.818569611757994" lon="2.9890267364680767">
				<ele>78.14</ele>
				<time>2017-02-26T10:40:49</time>
			</trkpt>
			<trkpt lat="48.818569611757994" lon="2.989026652649045">
				<ele>78.14</ele>
				<time>2017-02-26T10:40:49</time>
			</trkpt>
			<trkpt lat="48.81899356842041" lon="2.989000082015991">
				<ele>83.77</ele>
				<time>2017-02-26T10:40:56</time>
			</trkpt>
			<trkpt lat="48.81918668746948" lon="2.9889464378356934">
				<ele>85.19</ele>
				<time>2017-02-26T10:41:00</time>
			</trkpt>
			<trkpt lat="48.81932616233826" lon="2.988828420639038">
				<ele>86.59</ele>
				<time>2017-02-26T10:41:03</time>
			</trkpt>
			<trkpt lat="48.81957292556763" lon="2.988431453704834">
				<ele>88.04</ele>
				<time>2017-02-26T10:41:09</time>
			</trkpt>
			<trkpt lat="48.81957300938666" lon="2.988431453704834">
				<ele>89.7</ele>
				<time>2017-02-26T10:41:09</time>
			</trkpt>
			<trkpt lat="48.82025965489447" lon="2.986156940460205">
				<ele>92.57</ele>
				<time>2017-02-26T10:41:37</time>
			</trkpt>
			<trkpt lat="48.82048487663269" lon="2.9853522777557373">
				<ele>95.23</ele>
				<time>2017-02-26T10:41:48</time>
			</trkpt>
			<trkpt lat="48.82054924964905" lon="2.9851913452148438">
				<ele>98.0</ele>
				<time>2017-02-26T10:41:50</time>
			</trkpt>
			<trkpt lat="48.82069945335388" lon="2.9849982261657715">
				<ele>101.06</ele>
				<time>2017-02-26T10:41:53</time>
			</trkpt>
			<trkpt lat="48.82076382637024" lon="2.9849445819854736">
				<ele>104.07</ele>
				<time>2017-02-26T10:41:54</time>
			</trkpt>
			<trkpt lat="48.82096767425537" lon="2.9848694801330566">
				<ele>107.41</ele>
				<time>2017-02-26T10:41:58</time>
			</trkpt>
			<trkpt lat="48.82226586341858" lon="2.984912395477295">
				<ele>112.24</ele>
				<time>2017-02-26T10:42:21</time>
			</trkpt>
			<trkpt lat="48.822405422106385" lon="2.984880208969116">
				<ele>115.59</ele>
				<time>2017-02-26T10:42:23</time>
			</trkpt>
			<trkpt lat="48.82257699966431" lon="2.984762191772461">
				<ele>118.71</ele>
				<time>2017-02-26T10:42:26</time>
			</trkpt>
			<trkpt lat="48.82272720336914" lon="2.9845690727233887">
				<ele>121.45</ele>
				<time>2017-02-26T10:42:30</time>
			</trkpt>
			<trkpt lat="48.822898864746094" lon="2.9842793941497803">
				<ele>123.91</ele>
				<time>2017-02-26T10:42:34</time>
			</trkpt>
			<trkpt lat="48.823091983795166" lon="2.984011173248291">
				<ele>126.14</ele>
				<time>2017-02-26T10:42:39</time>
			</trkpt>
			<trkpt lat="48.823338747024536" lon="2.9837000370025635">
				<ele>128.48</ele>
				<time>2017-02-26T10:42:44</time>
			</trkpt>
			<trkpt lat="48.823628425598145" lon="2.9834747314453125">
				<ele>130.35</ele>
				<time>2017-02-26T10:42:50</time>
			</trkpt>
			<trkpt lat="48.82395029067993" lon="2.9833459854125977">
				<ele>131.54</ele>
				<time>2017-02-26T10:42:56</time>
			</trkpt>
			<trkpt lat="48.824121952056885" lon="2.983335256576538">
				<ele>132.59</ele>
				<time>2017-02-26T10:42:59</time>
			</trkpt>
			<trkpt lat="48.82426142692566" lon="2.9833781719207764">
				<ele>133.47</ele>
				<time>2017-02-26T10:43:01</time>
			</trkpt>
			<trkpt lat="48.824873054400086" lon="2.9836034774780273">
				<ele>134.48</ele>
				<time>2017-02-26T10:43:12</time>
			</trkpt>
			<trkpt lat="48.826096057891846" lon="2.9841184616088867">
				<ele>135.03</ele>
				<time>2017-02-26T10:43:34</time>
			</trkpt>
			<trkpt lat="48.82622480392456" lon="2.9841935634613037">
				<ele>135.33</ele>
				<time>2017-02-26T10:43:37</time>
			</trkpt>
			<trkpt lat="48.826578855514526" lon="2.9843759536743164">
				<ele>135.65</ele>
				<time>2017-02-26T10:43:43</time>
			</trkpt>
			<trkpt lat="48.82705092430115" lon="2.984740734100342">
				<ele>135.73</ele>
				<time>2017-02-26T10:43:52</time>
			</trkpt>
			<trkpt lat="48.82755517959595" lon="2.9851913452148438">
				<ele>135.6</ele>
				<time>2017-02-26T10:44:03</time>
			</trkpt>
			<trkpt lat="48.82827401161194" lon="2.9858779907226562">
				<ele>135.2</ele>
				<time>2017-02-26T10:44:17</time>
			</trkpt>
			<trkpt lat="48.828617334365845" lon="2.986178398132324">
				<ele>134.88</ele>
				<time>2017-02-26T10:44:24</time>
			</trkpt>
			<trkpt lat="48.82904648780823" lon="2.986478805541992">
				<ele>134.46</ele>
				<time>2017-02-26T10:44:33</time>
			</trkpt>
			<trkpt lat="48.82978677749634" lon="2.9869508743286133">
				<ele>134.03</ele>
				<time>2017-02-26T10:44:47</time>
			</trkpt>
			<trkpt lat="48.830623626708984" lon="2.9875731468200684">
				<ele>133.57</ele>
				<time>2017-02-26T10:45:03</time>
			</trkpt>
			<trkpt lat="48.831835985183716" lon="2.9886460304260254">
				<ele>133.57</ele>
				<time>2017-02-26T10:45:27</time>
			</trkpt>
			<trkpt lat="48.83199691772461" lon="2.9887640476226807">
				<ele>133.61</ele>
				<time>2017-02-26T10:45:30</time>
			</trkpt>
			<trkpt lat="48.83217930793762" lon="2.9889464378356934">
				<ele>133.98</ele>
				<time>2017-02-26T10:45:34</time>
			</trkpt>
			<trkpt lat="48.83320927619934" lon="2.9897940158843994">
				<ele>135.2</ele>
				<time>2017-02-26T10:45:54</time>
			</trkpt>
			<trkpt lat="48.833498787134886" lon="2.98956829123199">
				<ele>135.6</ele>
				<time>2017-02-26T10:46:00</time>
			</trkpt>
			<trkpt lat="48.833496272563934" lon="2.9895609989762306">
				<ele>136.98</ele>
				<time>2017-02-26T10:46:00</time>
			</trkpt>
			<trkpt lat="48.83442984893918" lon="2.988839903846383">
				<ele>138.0</ele>
				<time>2017-02-26T10:46:18</time>
			</trkpt>
			<trkpt lat="48.83482991717756" lon="2.988559864461422">
				<ele>137.0</ele>
				<time>2017-02-26T10:46:26</time>
			</trkpt>
			<trkpt lat="48.835379937663674" lon="2.98820992000401">
				<ele>137.0</ele>
				<time>2017-02-26T10:46:36</time>
			</trkpt>
			<trkpt lat="48.83562996983528" lon="2.9880699422210455">
				<ele>137.0</ele>
				<time>2017-02-26T10:46:41</time>
			</trkpt>
			<trkpt lat="48.835709849372506" lon="2.988109840080142">
				<ele>137.0</ele>
				<time>2017-02-26T10:46:43</time>
			</trkpt>
			<trkpt lat="48.83577983826399" lon="2.988109840080142">
				<ele>137.0</ele>
				<time>2017-02-26T10:46:44</time>
			</trkpt>
			<trkpt lat="48.835939932614565" lon="2.9880699422210455">
				<ele>137.0</ele>
				<time>2017-02-26T10:46:47</time>
			</trkpt>
			<trkpt lat="48.836069935932755" lon="2.9880099277943373">
				<ele>137.0</ele>
				<time>2017-02-26T10:46:49</time>
			</trkpt>
			<trkpt lat="48.8361799903214" lon="2.987889898940921">
				<ele>136.0</ele>
				<time>2017-02-26T10:46:51</time>
			</trkpt>
			<trkpt lat="48.836349891498685" lon="2.9878098517656326">
				<ele>137.0</ele>
				<time>2017-02-26T10:46:54</time>
			</trkpt>
			<trkpt lat="48.83643999695778" lon="2.987769953906536">
				<ele>137.0</ele>
				<time>2017-02-26T10:46:56</time>
			</trkpt>
			<trkpt lat="48.83673998527229" lon="2.987709939479828">
				<ele>137.0</ele>
				<time>2017-02-26T10:47:01</time>
			</trkpt>
			<trkpt lat="48.8371398858726" lon="2.987729972228408">
				<ele>138.0</ele>
				<time>2017-02-26T10:47:08</time>
			</trkpt>
			<trkpt lat="48.839759984984994" lon="2.9877598956227303">
				<ele>141.0</ele>
				<time>2017-02-26T10:47:54</time>
			</trkpt>
			<trkpt lat="48.840239932760596" lon="2.987789986655116">
				<ele>142.0</ele>
				<time>2017-02-26T10:48:02</time>
			</trkpt>
			<trkpt lat="48.84051997214556" lon="2.9878399427980185">
				<ele>142.0</ele>
				<time>2017-02-26T10:48:07</time>
			</trkpt>
			<trkpt lat="48.84080998599529" lon="2.987949913367629">
				<ele>141.0</ele>
				<time>2017-02-26T10:48:12</time>
			</trkpt>
			<trkpt lat="48.84103990159929" lon="2.9880699422210455">
				<ele>141.0</ele>
				<time>2017-02-26T10:48:17</time>
			</trkpt>
			<trkpt lat="48.841479951515794" lon="2.988399937748909">
				<ele>141.0</ele>
				<time>2017-02-26T10:48:25</time>
			</trkpt>
			<trkpt lat="48.84161992929876" lon="2.9885499738156796">
				<ele>141.0</ele>
				<time>2017-02-26T10:48:28</time>
			</trkpt>
			<trkpt lat="48.84185998700559" lon="2.9888598527759314">
				<ele>142.0</ele>
				<time>2017-02-26T10:48:34</time>
			</trkpt>
			<trkpt lat="48.8423999492079" lon="2.9896399565041065">
				<ele>141.0</ele>
				<time>2017-02-26T10:48:47</time>
			</trkpt>
			<trkpt lat="48.842789959162474" lon="2.990149911493063">
				<ele>141.0</ele>
				<time>2017-02-26T10:48:56</time>
			</trkpt>
			<trkpt lat="48.84297997690737" lon="2.990319896489382">
				<ele>140.0</ele>
				<time>2017-02-26T10:48:59</time>
			</trkpt>
			<trkpt lat="48.843309888616204" lon="2.990579903125763">
				<ele>140.0</ele>
				<time>2017-02-26T10:49:06</time>
			</trkpt>
			<trkpt lat="48.8434999063611" lon="2.9906798992305994">
				<ele>139.0</ele>
				<time>2017-02-26T10:49:09</time>
			</trkpt>
			<trkpt lat="48.84381992742419" lon="2.990819960832596">
				<ele>139.0</ele>
				<time>2017-02-26T10:49:15</time>
			</trkpt>
			<trkpt lat="48.8440699595958" lon="2.9908798914402723">
				<ele>140.0</ele>
				<time>2017-02-26T10:49:20</time>
			</trkpt>
			<trkpt lat="48.84428998455405" lon="2.990889949724078">
				<ele>141.0</ele>
				<time>2017-02-26T10:49:23</time>
			</trkpt>
			<trkpt lat="48.84450992569327" lon="2.99084996804595">
				<ele>141.0</ele>
				<time>2017-02-26T10:49:27</time>
			</trkpt>
			<trkpt lat="48.844749899581075" lon="2.99082993529737">
				<ele>141.0</ele>
				<time>2017-02-26T10:49:31</time>
			</trkpt>
			<trkpt lat="48.851109920069575" lon="2.989259921014309">
				<ele>144.0</ele>
				<time>2017-02-26T10:51:24</time>
			</trkpt>
			<trkpt lat="48.851749962195754" lon="2.9891198594123125">
				<ele>142.0</ele>
				<time>2017-02-26T10:51:35</time>
			</trkpt>
			<trkpt lat="48.851989936083555" lon="2.98910996876657">
				<ele>144.0</ele>
				<time>2017-02-26T10:51:39</time>
			</trkpt>
			<trkpt lat="48.852199902758" lon="2.9891398921608925">
				<ele>145.0</ele>
				<time>2017-02-26T10:51:43</time>
			</trkpt>
			<trkpt lat="48.85235999710858" lon="2.9891899321228266">
				<ele>146.0</ele>
				<time>2017-02-26T10:51:46</time>
			</trkpt>
			<trkpt lat="48.85622992180288" lon="2.9915599152445793">
				<ele>144.0</ele>
				<time>2017-02-26T10:52:58</time>
			</trkpt>
			<trkpt lat="48.856589924544096" lon="2.9916999768465757">
				<ele>144.0</ele>
				<time>2017-02-26T10:53:05</time>
			</trkpt>
			<trkpt lat="48.85717984288931" lon="2.9918198380619287">
				<ele>145.0</ele>
				<time>2017-02-26T10:53:15</time>
			</trkpt>
			<trkpt lat="48.858409970998764" lon="2.9919899068772793">
				<ele>145.0</ele>
				<time>2017-02-26T10:53:36</time>
			</trkpt>
			<trkpt lat="48.858759915456176" lon="2.992019997909665">
				<ele>147.0</ele>
				<time>2017-02-26T10:53:43</time>
			</trkpt>
			<trkpt lat="48.85900994762778" lon="2.9919899068772793">
				<ele>148.0</ele>
				<time>2017-02-26T10:53:47</time>
			</trkpt>
			<trkpt lat="48.860759837552905" lon="2.991459835320711">
				<ele>140.0</ele>
				<time>2017-02-26T10:54:18</time>
			</trkpt>
			<trkpt lat="48.86105999350548" lon="2.9914098791778088">
				<ele>138.0</ele>
				<time>2017-02-26T10:54:23</time>
			</trkpt>
			<trkpt lat="48.86271994560957" lon="2.991249952465296">
				<ele>142.0</ele>
				<time>2017-02-26T10:54:52</time>
			</trkpt>
			<trkpt lat="48.8625699095428" lon="2.9907199647277594">
				<ele>140.0</ele>
				<time>2017-02-26T10:54:59</time>
			</trkpt>
			<trkpt lat="48.86243990622461" lon="2.9904498998075724">
				<ele>138.0</ele>
				<time>2017-02-26T10:55:03</time>
			</trkpt>
			<trkpt lat="48.862409982830286" lon="2.990159969776869">
				<ele>137.0</ele>
				<time>2017-02-26T10:55:06</time>
			</trkpt>
			<trkpt lat="48.86239992454648" lon="2.9895799420773983">
				<ele>137.0</ele>
				<time>2017-02-26T10:55:13</time>
			</trkpt>
			<trkpt lat="48.86250989511609" lon="2.988399937748909">
				<ele>141.0</ele>
				<time>2017-02-26T10:55:26</time>
			</trkpt>
			<trkpt lat="48.862469997256994" lon="2.9864898696541786">
				<ele>144.0</ele>
				<time>2017-02-26T10:55:48</time>
			</trkpt>
			<trkpt lat="48.8625199533999" lon="2.984329853206873">
				<ele>142.0</ele>
				<time>2017-02-26T10:56:13</time>
			</trkpt>
			<trkpt lat="48.86278993450105" lon="2.9822699166834354">
				<ele>142.0</ele>
				<time>2017-02-26T10:56:37</time>
			</trkpt>
			<trkpt lat="48.86307994835079" lon="2.981019839644432">
				<ele>144.0</ele>
				<time>2017-02-26T10:56:52</time>
			</trkpt>
			<trkpt lat="48.863269966095686" lon="2.9800498858094215">
				<ele>145.0</ele>
				<time>2017-02-26T10:57:04</time>
			</trkpt>
			<trkpt lat="48.86333995498717" lon="2.979589970782399">
				<ele>145.0</ele>
				<time>2017-02-26T10:57:09</time>
			</trkpt>
			<trkpt lat="48.864129949361086" lon="2.9696298390626907">
				<ele>151.0</ele>
				<time>2017-02-26T10:59:04</time>
			</trkpt>
			<trkpt lat="48.86505992151797" lon="2.967739887535572">
				<ele>150.0</ele>
				<time>2017-02-26T10:59:31</time>
			</trkpt>
			<trkpt lat="48.86684996075928" lon="2.964029973372817">
				<ele>146.0</ele>
				<time>2017-02-26T11:00:24</time>
			</trkpt>
			<trkpt lat="48.86703997850418" lon="2.963559916242957">
				<ele>146.0</ele>
				<time>2017-02-26T11:00:30</time>
			</trkpt>
			<trkpt lat="48.86822987347841" lon="2.9601699393242598">
				<ele>148.0</ele>
				<time>2017-02-26T11:01:14</time>
			</trkpt>
			<trkpt lat="48.86608988977969" lon="2.955039879307151">
				<ele>150.0</ele>
				<time>2017-02-26T11:02:24</time>
			</trkpt>
			<trkpt lat="48.865999951958656" lon="2.954689934849739">
				<ele>150.0</ele>
				<time>2017-02-26T11:02:28</time>
			</trkpt>
			<trkpt lat="48.86585997417569" lon="2.9539198894053698">
				<ele>150.0</ele>
				<time>2017-02-26T11:02:37</time>
			</trkpt>
			<trkpt lat="48.865499971434474" lon="2.95135997235775">
				<ele>142.0</ele>
				<time>2017-02-26T11:03:07</time>
			</trkpt>
			<trkpt lat="48.86544984765351" lon="2.95090994797647">
				<ele>139.0</ele>
				<time>2017-02-26T11:03:12</time>
			</trkpt>
			<trkpt lat="48.865399891510606" lon="2.9499599430710077">
				<ele>135.0</ele>
				<time>2017-02-26T11:03:23</time>
			</trkpt>
			<trkpt lat="48.8653898332268" lon="2.949089901521802">
				<ele>135.0</ele>
				<time>2017-02-26T11:03:33</time>
			</trkpt>
			<trkpt lat="48.86535990983248" lon="2.948809862136841">
				<ele>135.0</ele>
				<time>2017-02-26T11:03:36</time>
			</trkpt>
			<trkpt lat="48.8644899521023" lon="2.9429898876696825">
				<ele>104.0</ele>
				<time>2017-02-26T11:04:45</time>
			</trkpt>
			<trkpt lat="48.864279985427856" lon="2.9419098794460297">
				<ele>103.0</ele>
				<time>2017-02-26T11:04:58</time>
			</trkpt>
			<trkpt lat="48.863979913294315" lon="2.940719984471798">
				<ele>98.0</ele>
				<time>2017-02-26T11:05:12</time>
			</trkpt>
			<trkpt lat="48.86360985226929" lon="2.9394798818975687">
				<ele>98.0</ele>
				<time>2017-02-26T11:05:28</time>
			</trkpt>
			<trkpt lat="48.8624298479408" lon="2.9359299782663584">
				<ele>94.0</ele>
				<time>2017-02-26T11:06:13</time>
			</trkpt>
			<trkpt lat="48.86178997345269" lon="2.9339499212801456">
				<ele>94.0</ele>
				<time>2017-02-26T11:06:39</time>
			</trkpt>
			<trkpt lat="48.86168997734785" lon="2.933579860255122">
				<ele>94.0</ele>
				<time>2017-02-26T11:06:43</time>
			</trkpt>
			<trkpt lat="48.86162987910211" lon="2.933279871940613">
				<ele>94.0</ele>
				<time>2017-02-26T11:06:47</time>
			</trkpt>
			<trkpt lat="48.861119924113154" lon="2.9296498373150826">
				<ele>83.0</ele>
				<time>2017-02-26T11:07:29</time>
			</trkpt>
			<trkpt lat="48.861019844189286" lon="2.9290799517184496">
				<ele>84.0</ele>
				<time>2017-02-26T11:07:36</time>
			</trkpt>
			<trkpt lat="48.86082999408245" lon="2.927659973502159">
				<ele>83.0</ele>
				<time>2017-02-26T11:07:53</time>
			</trkpt>
			<trkpt lat="48.86076989583671" lon="2.9261399153620005">
				<ele>80.0</ele>
				<time>2017-02-26T11:08:10</time>
			</trkpt>
			<trkpt lat="48.86073997244239" lon="2.925779912620783">
				<ele>79.0</ele>
				<time>2017-02-26T11:08:14</time>
			</trkpt>
			<trkpt lat="48.86063997633755" lon="2.925229975953698">
				<ele>79.0</ele>
				<time>2017-02-26T11:08:21</time>
			</trkpt>
			<trkpt lat="48.86054995469749" lon="2.924919845536351">
				<ele>79.0</ele>
				<time>2017-02-26T11:08:25</time>
			</trkpt>
			<trkpt lat="48.86044995859265" lon="2.92469990439713">
				<ele>78.0</ele>
				<time>2017-02-26T11:08:28</time>
			</trkpt>
			<trkpt lat="48.86029992252588" lon="2.924479963257909">
				<ele>77.0</ele>
				<time>2017-02-26T11:08:31</time>
			</trkpt>
			<trkpt lat="48.85973992757499" lon="2.9237699322402477">
				<ele>73.0</ele>
				<time>2017-02-26T11:08:44</time>
			</trkpt>
			<trkpt lat="48.8595599681139" lon="2.9234998673200607">
				<ele>73.0</ele>
				<time>2017-02-26T11:08:48</time>
			</trkpt>
			<trkpt lat="48.859399957582355" lon="2.9231998790055513">
				<ele>73.0</ele>
				<time>2017-02-26T11:08:53</time>
			</trkpt>
			<trkpt lat="48.859149841591716" lon="2.922539971768856">
				<ele>68.0</ele>
				<time>2017-02-26T11:09:01</time>
			</trkpt>
			<trkpt lat="48.859059903770685" lon="2.9222199507057667">
				<ele>65.0</ele>
				<time>2017-02-26T11:09:05</time>
			</trkpt>
			<trkpt lat="48.8589798565954" lon="2.921679988503456">
				<ele>63.0</ele>
				<time>2017-02-26T11:09:12</time>
			</trkpt>
			<trkpt lat="48.85895999148488" lon="2.9212598875164986">
				<ele>63.0</ele>
				<time>2017-02-26T11:09:17</time>
			</trkpt>
			<trkpt lat="48.8589399587363" lon="2.9204299114644527">
				<ele>57.0</ele>
				<time>2017-02-26T11:09:26</time>
			</trkpt>
			<trkpt lat="48.858949933201075" lon="2.919619968160987">
				<ele>56.0</ele>
				<time>2017-02-26T11:09:35</time>
			</trkpt>
			<trkpt lat="48.8589798565954" lon="2.9192698560655117">
				<ele>56.0</ele>
				<time>2017-02-26T11:09:39</time>
			</trkpt>
			<trkpt lat="48.859079936519265" lon="2.918549934402108">
				<ele>57.0</ele>
				<time>2017-02-26T11:09:48</time>
			</trkpt>
			<trkpt lat="48.85908999480307" lon="2.918189847841859">
				<ele>56.0</ele>
				<time>2017-02-26T11:09:52</time>
			</trkpt>
			<trkpt lat="48.85906996205449" lon="2.918049953877926">
				<ele>56.0</ele>
				<time>2017-02-26T11:09:54</time>
			</trkpt>
			<trkpt lat="48.85904984548688" lon="2.91801986284554">
				<ele>56.0</ele>
				<time>2017-02-26T11:09:54</time>
			</trkpt>
			<trkpt lat="48.8591799326241" lon="2.9172499012202024">
				<ele>57.0</ele>
				<time>2017-02-26T11:10:03</time>
			</trkpt>
			<trkpt lat="48.85921999812126" lon="2.9171499889343977">
				<ele>57.0</ele>
				<time>2017-02-26T11:10:05</time>
			</trkpt>
			<trkpt lat="48.8594098482281" lon="2.9159699846059084">
				<ele>58.0</ele>
				<time>2017-02-26T11:10:18</time>
			</trkpt>
			<trkpt lat="48.85944999754429" lon="2.9156598541885614">
				<ele>58.0</ele>
				<time>2017-02-26T11:10:22</time>
			</trkpt>
			<trkpt lat="48.85952987708151" lon="2.9146199114620686">
				<ele>56.0</ele>
				<time>2017-02-26T11:10:34</time>
			</trkpt>
			<trkpt lat="48.85956994257867" lon="2.913219965994358">
				<ele>55.0</ele>
				<time>2017-02-26T11:10:50</time>
			</trkpt>
			<trkpt lat="48.85954990983009" lon="2.9130699299275875">
				<ele>55.0</ele>
				<time>2017-02-26T11:10:52</time>
			</trkpt>
			<trkpt lat="48.859579833224416" lon="2.9123498406261206">
				<ele>56.0</ele>
				<time>2017-02-26T11:11:00</time>
			</trkpt>
			<trkpt lat="48.859619898721576" lon="2.9102099407464266">
				<ele>53.0</ele>
				<time>2017-02-26T11:11:25</time>
			</trkpt>
			<trkpt lat="48.85964998975396" lon="2.9097599163651466">
				<ele>53.0</ele>
				<time>2017-02-26T11:11:30</time>
			</trkpt>
			<trkpt lat="48.85966985486448" lon="2.9086298681795597">
				<ele>52.0</ele>
				<time>2017-02-26T11:11:43</time>
			</trkpt>
			<trkpt lat="48.85973992757499" lon="2.906979890540242">
				<ele>53.0</ele>
				<time>2017-02-26T11:12:02</time>
			</trkpt>
			<trkpt lat="48.859291998669505" lon="2.9070825688540936">
				<ele>52.0</ele>
				<time>2017-02-26T11:12:10</time>
			</trkpt>
		</trkseg>
	</trk>
</gpx>
