<?xml version="1.0" encoding="UTF-8"?>
<gpx creator="Garmin Connect" version="1.1" xsi:schemaLocation="http://www.topografix.com/GPX/1/1 http://www.topografix.com/GPX/11.xsd" xmlns:ns3="http://www.garmin.com/xmlschemas/TrackPointExtension/v1" xmlns="http://www.topografix.com/GPX/1/1" xmlns:xsi="http://www.w3.org/2001/XMLSchema-instance" xmlns:ns2="http://www.garmin.com/xmlschemas/GpxExtensions/v3">
	<metadata>
		<name>103-G1-108 km-D 1191 m-Les News</name>
		<link href="connect.garmin.com">
			<text>Garmin Connect</text>
		</link>
		<time>2021-02-24T08:00:00</time>
	</metadata>
	<trk>
		<name>103-G1-108 km-D 1191 m-Les News</name>
		<trkseg>
			<trkpt lat="48.85824996046722" lon="2.9071099776774645">
				<ele>51.0</ele>
				<time>2021-02-24T08:00:00</time>
			</trkpt>
			<trkpt lat="48.858239986002445" lon="2.9071299266070127">
				<ele>51.0</ele>
				<time>2021-02-24T08:00:00</time>
			</trkpt>
			<trkpt lat="48.858239986002445" lon="2.907229922711849">
				<ele>51.0</ele>
				<time>2021-02-24T08:00:01</time>
			</trkpt>
			<trkpt lat="48.85820997878909" lon="2.907239980995655">
				<ele>51.0</ele>
				<time>2021-02-24T08:00:02</time>
			</trkpt>
			<trkpt lat="48.85817997157574" lon="2.907249955460429">
				<ele>51.0</ele>
				<time>2021-02-24T08:00:02</time>
			</trkpt>
			<trkpt lat="48.85815993882716" lon="2.907269988209009">
				<ele>51.0</ele>
				<time>2021-02-24T08:00:02</time>
			</trkpt>
			<trkpt lat="48.8581299316138" lon="2.9072999954223633">
				<ele>51.0</ele>
				<time>2021-02-24T08:00:03</time>
			</trkpt>
			<trkpt lat="48.857899932190776" lon="2.9077199287712574">
				<ele>51.0</ele>
				<time>2021-02-24T08:00:08</time>
			</trkpt>
			<trkpt lat="48.85784997604787" lon="2.9078099504113197">
				<ele>51.0</ele>
				<time>2021-02-24T08:00:09</time>
			</trkpt>
			<trkpt lat="48.85779993608594" lon="2.907889997586608">
				<ele>51.0</ele>
				<time>2021-02-24T08:00:10</time>
			</trkpt>
			<trkpt lat="48.85775995440781" lon="2.9079999681562185">
				<ele>51.0</ele>
				<time>2021-02-24T08:00:11</time>
			</trkpt>
			<trkpt lat="48.85768996551633" lon="2.908159978687763">
				<ele>51.0</ele>
				<time>2021-02-24T08:00:13</time>
			</trkpt>
			<trkpt lat="48.857639925554395" lon="2.9082599747925997">
				<ele>51.0</ele>
				<time>2021-02-24T08:00:14</time>
			</trkpt>
			<trkpt lat="48.857529954984784" lon="2.9084699414670467">
				<ele>51.0</ele>
				<time>2021-02-24T08:00:17</time>
			</trkpt>
			<trkpt lat="48.857249999418855" lon="2.908979980275035">
				<ele>51.0</ele>
				<time>2021-02-24T08:00:23</time>
			</trkpt>
			<trkpt lat="48.85718998499215" lon="2.9090899508446455">
				<ele>51.0</ele>
				<time>2021-02-24T08:00:24</time>
			</trkpt>
			<trkpt lat="48.857119996100664" lon="2.909199921414256">
				<ele>52.0</ele>
				<time>2021-02-24T08:00:26</time>
			</trkpt>
			<trkpt lat="48.85700994171202" lon="2.9093999974429607">
				<ele>51.0</ele>
				<time>2021-02-24T08:00:28</time>
			</trkpt>
			<trkpt lat="48.85691992007196" lon="2.9095499496906996">
				<ele>51.0</ele>
				<time>2021-02-24T08:00:30</time>
			</trkpt>
			<trkpt lat="48.8568399567157" lon="2.90969998575747">
				<ele>51.0</ele>
				<time>2021-02-24T08:00:32</time>
			</trkpt>
			<trkpt lat="48.85676996782422" lon="2.9097999818623066">
				<ele>51.0</ele>
				<time>2021-02-24T08:00:33</time>
			</trkpt>
			<trkpt lat="48.856669971719384" lon="2.9099899996072054">
				<ele>50.0</ele>
				<time>2021-02-24T08:00:36</time>
			</trkpt>
			<trkpt lat="48.85656997561455" lon="2.9102199990302324">
				<ele>50.0</ele>
				<time>2021-02-24T08:00:38</time>
			</trkpt>
			<trkpt lat="48.85648992843926" lon="2.9103899840265512">
				<ele>50.0</ele>
				<time>2021-02-24T08:00:40</time>
			</trkpt>
			<trkpt lat="48.85639999061823" lon="2.9106699395924807">
				<ele>52.0</ele>
				<time>2021-02-24T08:00:43</time>
			</trkpt>
			<trkpt lat="48.85628993622959" lon="2.91098996065557">
				<ele>52.0</ele>
				<time>2021-02-24T08:00:47</time>
			</trkpt>
			<trkpt lat="48.85626998730004" lon="2.910979986190796">
				<ele>52.0</ele>
				<time>2021-02-24T08:00:47</time>
			</trkpt>
			<trkpt lat="48.85624995455146" lon="2.91096992790699">
				<ele>52.0</ele>
				<time>2021-02-24T08:00:47</time>
			</trkpt>
			<trkpt lat="48.85622992180288" lon="2.910949978977442">
				<ele>52.0</ele>
				<time>2021-02-24T08:00:48</time>
			</trkpt>
			<trkpt lat="48.856219947338104" lon="2.910939920693636">
				<ele>52.0</ele>
				<time>2021-02-24T08:00:48</time>
			</trkpt>
			<trkpt lat="48.856199998408556" lon="2.9109199717640877">
				<ele>52.0</ele>
				<time>2021-02-24T08:00:48</time>
			</trkpt>
			<trkpt lat="48.85618994012475" lon="2.9108999390155077">
				<ele>52.0</ele>
				<time>2021-02-24T08:00:48</time>
			</trkpt>
			<trkpt lat="48.856089944019914" lon="2.910779993981123">
				<ele>52.0</ele>
				<time>2021-02-24T08:00:50</time>
			</trkpt>
			<trkpt lat="48.85600998066366" lon="2.9106899723410606">
				<ele>52.0</ele>
				<time>2021-02-24T08:00:52</time>
			</trkpt>
			<trkpt lat="48.85588995181024" lon="2.91053993627429">
				<ele>52.0</ele>
				<time>2021-02-24T08:00:54</time>
			</trkpt>
			<trkpt lat="48.85577998124063" lon="2.9104099329560995">
				<ele>52.0</ele>
				<time>2021-02-24T08:00:56</time>
			</trkpt>
			<trkpt lat="48.8557399995625" lon="2.910359976813197">
				<ele>52.0</ele>
				<time>2021-02-24T08:00:57</time>
			</trkpt>
			<trkpt lat="48.85571996681392" lon="2.910319995135069">
				<ele>52.0</ele>
				<time>2021-02-24T08:00:57</time>
			</trkpt>
			<trkpt lat="48.85569993406534" lon="2.910279929637909">
				<ele>52.0</ele>
				<time>2021-02-24T08:00:57</time>
			</trkpt>
			<trkpt lat="48.855679985135794" lon="2.9102399479597807">
				<ele>52.0</ele>
				<time>2021-02-24T08:00:58</time>
			</trkpt>
			<trkpt lat="48.85566992685199" lon="2.9101799335330725">
				<ele>52.0</ele>
				<time>2021-02-24T08:00:59</time>
			</trkpt>
			<trkpt lat="48.85564997792244" lon="2.91010994464159">
				<ele>51.0</ele>
				<time>2021-02-24T08:00:59</time>
			</trkpt>
			<trkpt lat="48.855619970709085" lon="2.9100099485367537">
				<ele>51.0</ele>
				<time>2021-02-24T08:01:00</time>
			</trkpt>
			<trkpt lat="48.85560999624431" lon="2.9099899996072054">
				<ele>51.0</ele>
				<time>2021-02-24T08:01:01</time>
			</trkpt>
			<trkpt lat="48.855599937960505" lon="2.9099599923938513">
				<ele>51.0</ele>
				<time>2021-02-24T08:01:01</time>
			</trkpt>
			<trkpt lat="48.85557998903096" lon="2.9099199268966913">
				<ele>51.0</ele>
				<time>2021-02-24T08:01:01</time>
			</trkpt>
			<trkpt lat="48.85555995628238" lon="2.909889919683337">
				<ele>51.0</ele>
				<time>2021-02-24T08:01:02</time>
			</trkpt>
			<trkpt lat="48.85552994906902" lon="2.909859996289015">
				<ele>51.0</ele>
				<time>2021-02-24T08:01:02</time>
			</trkpt>
			<trkpt lat="48.85549994185567" lon="2.9098299890756607">
				<ele>51.0</ele>
				<time>2021-02-24T08:01:03</time>
			</trkpt>
			<trkpt lat="48.855469934642315" lon="2.909819930791855">
				<ele>51.0</ele>
				<time>2021-02-24T08:01:03</time>
			</trkpt>
			<trkpt lat="48.85543992742896" lon="2.9098099563270807">
				<ele>51.0</ele>
				<time>2021-02-24T08:01:04</time>
			</trkpt>
			<trkpt lat="48.85541997849941" lon="2.9098099563270807">
				<ele>51.0</ele>
				<time>2021-02-24T08:01:04</time>
			</trkpt>
			<trkpt lat="48.855379996821284" lon="2.9098099563270807">
				<ele>51.0</ele>
				<time>2021-02-24T08:01:04</time>
			</trkpt>
			<trkpt lat="48.855299949645996" lon="2.909819930791855">
				<ele>51.0</ele>
				<time>2021-02-24T08:01:06</time>
			</trkpt>
			<trkpt lat="48.85521998628974" lon="2.909849938005209">
				<ele>51.0</ele>
				<time>2021-02-24T08:01:07</time>
			</trkpt>
			<trkpt lat="48.85512996464968" lon="2.909859996289015">
				<ele>51.0</ele>
				<time>2021-02-24T08:01:08</time>
			</trkpt>
			<trkpt lat="48.85500993579626" lon="2.909879945218563">
				<ele>52.0</ele>
				<time>2021-02-24T08:01:10</time>
			</trkpt>
			<trkpt lat="48.85493994690478" lon="2.909869970753789">
				<ele>52.0</ele>
				<time>2021-02-24T08:01:11</time>
			</trkpt>
			<trkpt lat="48.85487993247807" lon="2.909859996289015">
				<ele>52.0</ele>
				<time>2021-02-24T08:01:12</time>
			</trkpt>
			<trkpt lat="48.854849925264716" lon="2.909849938005209">
				<ele>52.0</ele>
				<time>2021-02-24T08:01:12</time>
			</trkpt>
			<trkpt lat="48.854739954695106" lon="2.909899977967143">
				<ele>53.0</ele>
				<time>2021-02-24T08:01:14</time>
			</trkpt>
			<trkpt lat="48.85470994748175" lon="2.909929985180497">
				<ele>54.0</ele>
				<time>2021-02-24T08:01:14</time>
			</trkpt>
			<trkpt lat="48.85466996580362" lon="2.910019923001528">
				<ele>54.0</ele>
				<time>2021-02-24T08:01:15</time>
			</trkpt>
			<trkpt lat="48.85463995859027" lon="2.910079937428236">
				<ele>54.0</ele>
				<time>2021-02-24T08:01:16</time>
			</trkpt>
			<trkpt lat="48.854589918628335" lon="2.910159984603524">
				<ele>54.0</ele>
				<time>2021-02-24T08:01:17</time>
			</trkpt>
			<trkpt lat="48.85454993695021" lon="2.910249922424555">
				<ele>54.0</ele>
				<time>2021-02-24T08:01:18</time>
			</trkpt>
			<trkpt lat="48.85452998802066" lon="2.910359976813197">
				<ele>55.0</ele>
				<time>2021-02-24T08:01:19</time>
			</trkpt>
			<trkpt lat="48.854499980807304" lon="2.9106099251657724">
				<ele>54.0</ele>
				<time>2021-02-24T08:01:22</time>
			</trkpt>
			<trkpt lat="48.854459999129176" lon="2.9109099972993135">
				<ele>54.0</ele>
				<time>2021-02-24T08:01:24</time>
			</trkpt>
			<trkpt lat="48.854439966380596" lon="2.9110499750822783">
				<ele>54.0</ele>
				<time>2021-02-24T08:01:26</time>
			</trkpt>
			<trkpt lat="48.85437995195389" lon="2.9112999234348536">
				<ele>55.0</ele>
				<time>2021-02-24T08:01:28</time>
			</trkpt>
			<trkpt lat="48.85435991920531" lon="2.91141995228827">
				<ele>56.0</ele>
				<time>2021-02-24T08:01:29</time>
			</trkpt>
			<trkpt lat="48.854329995810986" lon="2.9115599300712347">
				<ele>57.0</ele>
				<time>2021-02-24T08:01:31</time>
			</trkpt>
			<trkpt lat="48.854329995810986" lon="2.911629918962717">
				<ele>57.0</ele>
				<time>2021-02-24T08:01:31</time>
			</trkpt>
			<trkpt lat="48.854329995810986" lon="2.911699991673231">
				<ele>57.0</ele>
				<time>2021-02-24T08:01:32</time>
			</trkpt>
			<trkpt lat="48.85433997027576" lon="2.9117799550294876">
				<ele>57.0</ele>
				<time>2021-02-24T08:01:33</time>
			</trkpt>
			<trkpt lat="48.854349944740534" lon="2.911859918385744">
				<ele>57.0</ele>
				<time>2021-02-24T08:01:34</time>
			</trkpt>
			<trkpt lat="48.85437995195389" lon="2.9120299872010946">
				<ele>56.0</ele>
				<time>2021-02-24T08:01:35</time>
			</trkpt>
			<trkpt lat="48.85440995916724" lon="2.9121899977326393">
				<ele>56.0</ele>
				<time>2021-02-24T08:01:37</time>
			</trkpt>
			<trkpt lat="48.854459999129176" lon="2.9124199971556664">
				<ele>55.0</ele>
				<time>2021-02-24T08:01:39</time>
			</trkpt>
			<trkpt lat="48.85499996133149" lon="2.9150899685919285">
				<ele>50.0</ele>
				<time>2021-02-24T08:02:05</time>
			</trkpt>
			<trkpt lat="48.85502996854484" lon="2.915219971910119">
				<ele>50.0</ele>
				<time>2021-02-24T08:02:07</time>
			</trkpt>
			<trkpt lat="48.85507992468774" lon="2.9154599457979202">
				<ele>51.0</ele>
				<time>2021-02-24T08:02:09</time>
			</trkpt>
			<trkpt lat="48.85517992079258" lon="2.9159499518573284">
				<ele>51.0</ele>
				<time>2021-02-24T08:02:14</time>
			</trkpt>
			<trkpt lat="48.855189979076385" lon="2.916069980710745">
				<ele>51.0</ele>
				<time>2021-02-24T08:02:15</time>
			</trkpt>
			<trkpt lat="48.855209928005934" lon="2.9161899257451296">
				<ele>51.0</ele>
				<time>2021-02-24T08:02:16</time>
			</trkpt>
			<trkpt lat="48.85521998628974" lon="2.9163699690252542">
				<ele>51.0</ele>
				<time>2021-02-24T08:02:18</time>
			</trkpt>
			<trkpt lat="48.85521998628974" lon="2.916509946808219">
				<ele>51.0</ele>
				<time>2021-02-24T08:02:19</time>
			</trkpt>
			<trkpt lat="48.85521998628974" lon="2.9167199973016977">
				<ele>51.0</ele>
				<time>2021-02-24T08:02:21</time>
			</trkpt>
			<trkpt lat="48.855209928005934" lon="2.9172399267554283">
				<ele>51.0</ele>
				<time>2021-02-24T08:02:26</time>
			</trkpt>
			<trkpt lat="48.855189979076385" lon="2.918539959937334">
				<ele>49.0</ele>
				<time>2021-02-24T08:02:38</time>
			</trkpt>
			<trkpt lat="48.85517992079258" lon="2.9191299621015787">
				<ele>51.0</ele>
				<time>2021-02-24T08:02:44</time>
			</trkpt>
			<trkpt lat="48.85515997186303" lon="2.9206499364227057">
				<ele>51.0</ele>
				<time>2021-02-24T08:02:58</time>
			</trkpt>
			<trkpt lat="48.85515997186303" lon="2.921199956908822">
				<ele>51.0</ele>
				<time>2021-02-24T08:03:03</time>
			</trkpt>
			<trkpt lat="48.85513993911445" lon="2.9215599596500397">
				<ele>52.0</ele>
				<time>2021-02-24T08:03:07</time>
			</trkpt>
			<trkpt lat="48.85509995743632" lon="2.9219199623912573">
				<ele>52.0</ele>
				<time>2021-02-24T08:03:10</time>
			</trkpt>
			<trkpt lat="48.85506995022297" lon="2.9221799690276384">
				<ele>53.0</ele>
				<time>2021-02-24T08:03:13</time>
			</trkpt>
			<trkpt lat="48.85502996854484" lon="2.9223899357020855">
				<ele>53.0</ele>
				<time>2021-02-24T08:03:15</time>
			</trkpt>
			<trkpt lat="48.85494992136955" lon="2.9226099606603384">
				<ele>53.0</ele>
				<time>2021-02-24T08:03:17</time>
			</trkpt>
			<trkpt lat="48.85466996580362" lon="2.9233399406075478">
				<ele>52.0</ele>
				<time>2021-02-24T08:03:25</time>
			</trkpt>
			<trkpt lat="48.854629984125495" lon="2.923419987782836">
				<ele>53.0</ele>
				<time>2021-02-24T08:03:26</time>
			</trkpt>
			<trkpt lat="48.854589918628335" lon="2.9234899766743183">
				<ele>53.0</ele>
				<time>2021-02-24T08:03:27</time>
			</trkpt>
			<trkpt lat="48.85453996248543" lon="2.9235499911010265">
				<ele>53.0</ele>
				<time>2021-02-24T08:03:28</time>
			</trkpt>
			<trkpt lat="48.854459999129176" lon="2.923599947243929">
				<ele>54.0</ele>
				<time>2021-02-24T08:03:29</time>
			</trkpt>
			<trkpt lat="48.854419933632016" lon="2.923629954457283">
				<ele>54.0</ele>
				<time>2021-02-24T08:03:30</time>
			</trkpt>
			<trkpt lat="48.85426998138428" lon="2.923649987205863">
				<ele>56.0</ele>
				<time>2021-02-24T08:03:32</time>
			</trkpt>
			<trkpt lat="48.85397996753454" lon="2.9236999433487654">
				<ele>59.0</ele>
				<time>2021-02-24T08:03:36</time>
			</trkpt>
			<trkpt lat="48.85382993146777" lon="2.9236999433487654">
				<ele>58.0</ele>
				<time>2021-02-24T08:03:38</time>
			</trkpt>
			<trkpt lat="48.853749968111515" lon="2.923659961670637">
				<ele>58.0</ele>
				<time>2021-02-24T08:03:39</time>
			</trkpt>
			<trkpt lat="48.85370998643339" lon="2.923639928922057">
				<ele>58.0</ele>
				<time>2021-02-24T08:03:40</time>
			</trkpt>
			<trkpt lat="48.85347998701036" lon="2.9234899766743183">
				<ele>58.0</ele>
				<time>2021-02-24T08:03:44</time>
			</trkpt>
			<trkpt lat="48.853299943730235" lon="2.923369947820902">
				<ele>59.0</ele>
				<time>2021-02-24T08:03:46</time>
			</trkpt>
			<trkpt lat="48.85294999927282" lon="2.9231299739331007">
				<ele>60.0</ele>
				<time>2021-02-24T08:03:52</time>
			</trkpt>
			<trkpt lat="48.85223996825516" lon="2.9226599168032408">
				<ele>63.0</ele>
				<time>2021-02-24T08:04:03</time>
			</trkpt>
			<trkpt lat="48.85153999552131" lon="2.9221899434924126">
				<ele>66.0</ele>
				<time>2021-02-24T08:04:14</time>
			</trkpt>
			<trkpt lat="48.85091998614371" lon="2.9217699263244867">
				<ele>70.0</ele>
				<time>2021-02-24T08:04:24</time>
			</trkpt>
			<trkpt lat="48.85021992959082" lon="2.9212799202650785">
				<ele>71.0</ele>
				<time>2021-02-24T08:04:35</time>
			</trkpt>
			<trkpt lat="48.84971994906664" lon="2.920929975807667">
				<ele>72.0</ele>
				<time>2021-02-24T08:04:42</time>
			</trkpt>
			<trkpt lat="48.84934997186065" lon="2.9206599947065115">
				<ele>72.0</ele>
				<time>2021-02-24T08:04:48</time>
			</trkpt>
			<trkpt lat="48.84926992468536" lon="2.9205899219959974">
				<ele>72.0</ele>
				<time>2021-02-24T08:04:50</time>
			</trkpt>
			<trkpt lat="48.84890992194414" lon="2.9202399775385857">
				<ele>71.0</ele>
				<time>2021-02-24T08:04:56</time>
			</trkpt>
			<trkpt lat="48.84877991862595" lon="2.920089941471815">
				<ele>70.0</ele>
				<time>2021-02-24T08:04:58</time>
			</trkpt>
			<trkpt lat="48.848589984700084" lon="2.919889949262142">
				<ele>69.0</ele>
				<time>2021-02-24T08:05:01</time>
			</trkpt>
			<trkpt lat="48.84853994473815" lon="2.91983999311924">
				<ele>69.0</ele>
				<time>2021-02-24T08:05:02</time>
			</trkpt>
			<trkpt lat="48.848509937524796" lon="2.91979992762208">
				<ele>69.0</ele>
				<time>2021-02-24T08:05:03</time>
			</trkpt>
			<trkpt lat="48.84843994863331" lon="2.9197299387305975">
				<ele>69.0</ele>
				<time>2021-02-24T08:05:04</time>
			</trkpt>
			<trkpt lat="48.8483199197799" lon="2.919649975374341">
				<ele>69.0</ele>
				<time>2021-02-24T08:05:06</time>
			</trkpt>
			<trkpt lat="48.848139960318804" lon="2.9195099975913763">
				<ele>68.0</ele>
				<time>2021-02-24T08:05:09</time>
			</trkpt>
			<trkpt lat="48.84806997142732" lon="2.919459957629442">
				<ele>67.0</ele>
				<time>2021-02-24T08:05:10</time>
			</trkpt>
			<trkpt lat="48.84802998974919" lon="2.919429950416088">
				<ele>67.0</ele>
				<time>2021-02-24T08:05:10</time>
			</trkpt>
			<trkpt lat="48.84798992425203" lon="2.9193799942731857">
				<ele>67.0</ele>
				<time>2021-02-24T08:05:11</time>
			</trkpt>
			<trkpt lat="48.84793996810913" lon="2.9193199798464775">
				<ele>67.0</ele>
				<time>2021-02-24T08:05:12</time>
			</trkpt>
			<trkpt lat="48.847899986431" lon="2.919249990954995">
				<ele>67.0</ele>
				<time>2021-02-24T08:05:13</time>
			</trkpt>
			<trkpt lat="48.847839972004294" lon="2.9191499948501587">
				<ele>66.0</ele>
				<time>2021-02-24T08:05:14</time>
			</trkpt>
			<trkpt lat="48.84771994315088" lon="2.9188399482518435">
				<ele>66.0</ele>
				<time>2021-02-24T08:05:18</time>
			</trkpt>
			<trkpt lat="48.84757996536791" lon="2.91850995272398">
				<ele>66.0</ele>
				<time>2021-02-24T08:05:21</time>
			</trkpt>
			<trkpt lat="48.847349965944886" lon="2.917909976094961">
				<ele>64.0</ele>
				<time>2021-02-24T08:05:28</time>
			</trkpt>
			<trkpt lat="48.84724996984005" lon="2.917659943923354">
				<ele>62.0</ele>
				<time>2021-02-24T08:05:31</time>
			</trkpt>
			<trkpt lat="48.847219962626696" lon="2.917569922283292">
				<ele>62.0</ele>
				<time>2021-02-24T08:05:32</time>
			</trkpt>
			<trkpt lat="48.84718995541334" lon="2.917459951713681">
				<ele>61.0</ele>
				<time>2021-02-24T08:05:33</time>
			</trkpt>
			<trkpt lat="48.84713999927044" lon="2.9172399267554283">
				<ele>61.0</ele>
				<time>2021-02-24T08:05:35</time>
			</trkpt>
			<trkpt lat="48.847109992057085" lon="2.9170099273324013">
				<ele>61.0</ele>
				<time>2021-02-24T08:05:37</time>
			</trkpt>
			<trkpt lat="48.847069926559925" lon="2.916799960657954">
				<ele>60.0</ele>
				<time>2021-02-24T08:05:39</time>
			</trkpt>
			<trkpt lat="48.8470299448818" lon="2.916499972343445">
				<ele>59.0</ele>
				<time>2021-02-24T08:05:42</time>
			</trkpt>
			<trkpt lat="48.84696993045509" lon="2.916099987924099">
				<ele>59.0</ele>
				<time>2021-02-24T08:05:46</time>
			</trkpt>
			<trkpt lat="48.84692994877696" lon="2.9157699923962355">
				<ele>59.0</ele>
				<time>2021-02-24T08:05:49</time>
			</trkpt>
			<trkpt lat="48.84688996709883" lon="2.9155299346894026">
				<ele>59.0</ele>
				<time>2021-02-24T08:05:51</time>
			</trkpt>
			<trkpt lat="48.84681997820735" lon="2.9150499869138002">
				<ele>59.0</ele>
				<time>2021-02-24T08:05:56</time>
			</trkpt>
			<trkpt lat="48.84668997488916" lon="2.914299974218011">
				<ele>59.0</ele>
				<time>2021-02-24T08:06:03</time>
			</trkpt>
			<trkpt lat="48.84645997546613" lon="2.91313991881907">
				<ele>59.0</ele>
				<time>2021-02-24T08:06:15</time>
			</trkpt>
			<trkpt lat="48.8464099355042" lon="2.912939926609397">
				<ele>60.0</ele>
				<time>2021-02-24T08:06:17</time>
			</trkpt>
			<trkpt lat="48.84631999768317" lon="2.9126399382948875">
				<ele>60.0</ele>
				<time>2021-02-24T08:06:20</time>
			</trkpt>
			<trkpt lat="48.84623995050788" lon="2.9124199971556664">
				<ele>60.0</ele>
				<time>2021-02-24T08:06:22</time>
			</trkpt>
			<trkpt lat="48.84613995440304" lon="2.9121899977326393">
				<ele>59.0</ele>
				<time>2021-02-24T08:06:25</time>
			</trkpt>
			<trkpt lat="48.846039958298206" lon="2.9119799472391605">
				<ele>59.0</ele>
				<time>2021-02-24T08:06:27</time>
			</trkpt>
			<trkpt lat="48.84589998051524" lon="2.9117199406027794">
				<ele>57.0</ele>
				<time>2021-02-24T08:06:30</time>
			</trkpt>
			<trkpt lat="48.84582999162376" lon="2.9115999955683947">
				<ele>57.0</ele>
				<time>2021-02-24T08:06:32</time>
			</trkpt>
			<trkpt lat="48.84567995555699" lon="2.9113299306482077">
				<ele>56.0</ele>
				<time>2021-02-24T08:06:35</time>
			</trkpt>
			<trkpt lat="48.845609966665506" lon="2.911179978400469">
				<ele>56.0</ele>
				<time>2021-02-24T08:06:37</time>
			</trkpt>
			<trkpt lat="48.84503999724984" lon="2.9101799335330725">
				<ele>54.0</ele>
				<time>2021-02-24T08:06:49</time>
			</trkpt>
			<trkpt lat="48.844679994508624" lon="2.9095799569040537">
				<ele>53.0</ele>
				<time>2021-02-24T08:06:57</time>
			</trkpt>
			<trkpt lat="48.8444999512285" lon="2.9093099758028984">
				<ele>52.0</ele>
				<time>2021-02-24T08:07:01</time>
			</trkpt>
			<trkpt lat="48.84428998455405" lon="2.909019961953163">
				<ele>51.0</ele>
				<time>2021-02-24T08:07:05</time>
			</trkpt>
			<trkpt lat="48.8438799418509" lon="2.908519981428981">
				<ele>52.0</ele>
				<time>2021-02-24T08:07:12</time>
			</trkpt>
			<trkpt lat="48.84372998960316" lon="2.908329963684082">
				<ele>53.0</ele>
				<time>2021-02-24T08:07:15</time>
			</trkpt>
			<trkpt lat="48.84327996522188" lon="2.9077299870550632">
				<ele>56.0</ele>
				<time>2021-02-24T08:07:24</time>
			</trkpt>
			<trkpt lat="48.843049965798855" lon="2.907439973205328">
				<ele>57.0</ele>
				<time>2021-02-24T08:07:28</time>
			</trkpt>
			<trkpt lat="48.842899929732084" lon="2.9072599299252033">
				<ele>57.0</ele>
				<time>2021-02-24T08:07:31</time>
			</trkpt>
			<trkpt lat="48.84273991920054" lon="2.9071299266070127">
				<ele>55.0</ele>
				<time>2021-02-24T08:07:33</time>
			</trkpt>
			<trkpt lat="48.84255995973945" lon="2.9069699998945">
				<ele>55.0</ele>
				<time>2021-02-24T08:07:36</time>
			</trkpt>
			<trkpt lat="48.842359967529774" lon="2.906839996576309">
				<ele>54.0</ele>
				<time>2021-02-24T08:07:39</time>
			</trkpt>
			<trkpt lat="48.84228997863829" lon="2.906789956614375">
				<ele>54.0</ele>
				<time>2021-02-24T08:07:40</time>
			</trkpt>
			<trkpt lat="48.842149917036295" lon="2.9067099932581186">
				<ele>55.0</ele>
				<time>2021-02-24T08:07:43</time>
			</trkpt>
			<trkpt lat="48.84194992482662" lon="2.9066199716180563">
				<ele>55.0</ele>
				<time>2021-02-24T08:07:45</time>
			</trkpt>
			<trkpt lat="48.84178999811411" lon="2.906559957191348">
				<ele>56.0</ele>
				<time>2021-02-24T08:07:48</time>
			</trkpt>
			<trkpt lat="48.84163996204734" lon="2.90651997551322">
				<ele>56.0</ele>
				<time>2021-02-24T08:07:50</time>
			</trkpt>
			<trkpt lat="48.841069992631674" lon="2.906379997730255">
				<ele>53.0</ele>
				<time>2021-02-24T08:07:58</time>
			</trkpt>
			<trkpt lat="48.84077997878194" lon="2.906329957768321">
				<ele>53.0</ele>
				<time>2021-02-24T08:08:02</time>
			</trkpt>
			<trkpt lat="48.840449983254075" lon="2.9062399361282587">
				<ele>53.0</ele>
				<time>2021-02-24T08:08:07</time>
			</trkpt>
			<trkpt lat="48.83931993506849" lon="2.9059799294918776">
				<ele>53.0</ele>
				<time>2021-02-24T08:08:24</time>
			</trkpt>
			<trkpt lat="48.83907996118069" lon="2.905909940600395">
				<ele>54.0</ele>
				<time>2021-02-24T08:08:27</time>
			</trkpt>
			<trkpt lat="48.83861996233463" lon="2.9058099444955587">
				<ele>54.0</ele>
				<time>2021-02-24T08:08:34</time>
			</trkpt>
			<trkpt lat="48.837829967960715" lon="2.905629985034466">
				<ele>52.0</ele>
				<time>2021-02-24T08:08:45</time>
			</trkpt>
			<trkpt lat="48.83701994083822" lon="2.9054599162191153">
				<ele>53.0</ele>
				<time>2021-02-24T08:08:57</time>
			</trkpt>
			<trkpt lat="48.836409989744425" lon="2.9053199384361506">
				<ele>53.0</ele>
				<time>2021-02-24T08:09:06</time>
			</trkpt>
			<trkpt lat="48.836149983108044" lon="2.905249949544668">
				<ele>53.0</ele>
				<time>2021-02-24T08:09:09</time>
			</trkpt>
			<trkpt lat="48.83601997978985" lon="2.905219942331314">
				<ele>53.0</ele>
				<time>2021-02-24T08:09:11</time>
			</trkpt>
			<trkpt lat="48.83581998758018" lon="2.9051299206912518">
				<ele>53.0</ele>
				<time>2021-02-24T08:09:14</time>
			</trkpt>
			<trkpt lat="48.83553994819522" lon="2.904979968443513">
				<ele>53.0</ele>
				<time>2021-02-24T08:09:19</time>
			</trkpt>
			<trkpt lat="48.83471994660795" lon="2.9045099951326847">
				<ele>52.0</ele>
				<time>2021-02-24T08:09:31</time>
			</trkpt>
			<trkpt lat="48.833619989454746" lon="2.90387992747128">
				<ele>53.0</ele>
				<time>2021-02-24T08:09:48</time>
			</trkpt>
			<trkpt lat="48.83324992842972" lon="2.903639953583479">
				<ele>53.0</ele>
				<time>2021-02-24T08:09:54</time>
			</trkpt>
			<trkpt lat="48.83276998065412" lon="2.9033199325203896">
				<ele>54.0</ele>
				<time>2021-02-24T08:10:01</time>
			</trkpt>
			<trkpt lat="48.83214997127652" lon="2.9029199481010437">
				<ele>56.0</ele>
				<time>2021-02-24T08:10:11</time>
			</trkpt>
			<trkpt lat="48.83184998296201" lon="2.9027199558913708">
				<ele>57.0</ele>
				<time>2021-02-24T08:10:15</time>
			</trkpt>
			<trkpt lat="48.83155996911228" lon="2.902529938146472">
				<ele>58.0</ele>
				<time>2021-02-24T08:10:20</time>
			</trkpt>
			<trkpt lat="48.83130993694067" lon="2.902359953150153">
				<ele>57.0</ele>
				<time>2021-02-24T08:10:24</time>
			</trkpt>
			<trkpt lat="48.83093995973468" lon="2.9021399281919003">
				<ele>57.0</ele>
				<time>2021-02-24T08:10:30</time>
			</trkpt>
			<trkpt lat="48.83057995699346" lon="2.901899954304099">
				<ele>55.0</ele>
				<time>2021-02-24T08:10:35</time>
			</trkpt>
			<trkpt lat="48.830349957570434" lon="2.9017299693077803">
				<ele>54.0</ele>
				<time>2021-02-24T08:10:39</time>
			</trkpt>
			<trkpt lat="48.83031995035708" lon="2.901639947667718">
				<ele>55.0</ele>
				<time>2021-02-24T08:10:40</time>
			</trkpt>
			<trkpt lat="48.8302999176085" lon="2.9015699587762356">
				<ele>56.0</ele>
				<time>2021-02-24T08:10:40</time>
			</trkpt>
			<trkpt lat="48.8302499614656" lon="2.901459988206625">
				<ele>57.0</ele>
				<time>2021-02-24T08:10:42</time>
			</trkpt>
			<trkpt lat="48.83016999810934" lon="2.9012799449265003">
				<ele>59.0</ele>
				<time>2021-02-24T08:10:44</time>
			</trkpt>
			<trkpt lat="48.83009992539883" lon="2.9010899271816015">
				<ele>60.0</ele>
				<time>2021-02-24T08:10:46</time>
			</trkpt>
			<trkpt lat="48.830049969255924" lon="2.9009199421852827">
				<ele>61.0</ele>
				<time>2021-02-24T08:10:48</time>
			</trkpt>
			<trkpt lat="48.830009987577796" lon="2.9006699938327074">
				<ele>63.0</ele>
				<time>2021-02-24T08:10:50</time>
			</trkpt>
			<trkpt lat="48.829989954829216" lon="2.900569997727871">
				<ele>63.0</ele>
				<time>2021-02-24T08:10:51</time>
			</trkpt>
			<trkpt lat="48.82990999147296" lon="2.900149980559945">
				<ele>65.0</ele>
				<time>2021-02-24T08:10:55</time>
			</trkpt>
			<trkpt lat="48.829839918762445" lon="2.8997599706053734">
				<ele>67.0</ele>
				<time>2021-02-24T08:10:59</time>
			</trkpt>
			<trkpt lat="48.82967999204993" lon="2.8989199362695217">
				<ele>76.0</ele>
				<time>2021-02-24T08:11:07</time>
			</trkpt>
			<trkpt lat="48.82964998483658" lon="2.8987099695950747">
				<ele>77.0</ele>
				<time>2021-02-24T08:11:09</time>
			</trkpt>
			<trkpt lat="48.82963992655277" lon="2.8986699879169464">
				<ele>78.0</ele>
				<time>2021-02-24T08:11:10</time>
			</trkpt>
			<trkpt lat="48.82956993766129" lon="2.8982599452137947">
				<ele>82.0</ele>
				<time>2021-02-24T08:11:14</time>
			</trkpt>
			<trkpt lat="48.829539930447936" lon="2.898149974644184">
				<ele>83.0</ele>
				<time>2021-02-24T08:11:15</time>
			</trkpt>
			<trkpt lat="48.82951998151839" lon="2.898109992966056">
				<ele>83.0</ele>
				<time>2021-02-24T08:11:15</time>
			</trkpt>
			<trkpt lat="48.829489974305034" lon="2.898059953004122">
				<ele>84.0</ele>
				<time>2021-02-24T08:11:16</time>
			</trkpt>
			<trkpt lat="48.82945996709168" lon="2.8980299457907677">
				<ele>84.0</ele>
				<time>2021-02-24T08:11:16</time>
			</trkpt>
			<trkpt lat="48.829429959878325" lon="2.8980099968612194">
				<ele>84.0</ele>
				<time>2021-02-24T08:11:17</time>
			</trkpt>
			<trkpt lat="48.829409927129745" lon="2.8979899641126394">
				<ele>84.0</ele>
				<time>2021-02-24T08:11:17</time>
			</trkpt>
			<trkpt lat="48.82936994545162" lon="2.8979799896478653">
				<ele>85.0</ele>
				<time>2021-02-24T08:11:18</time>
			</trkpt>
			<trkpt lat="48.82925997488201" lon="2.8979599568992853">
				<ele>84.0</ele>
				<time>2021-02-24T08:11:19</time>
			</trkpt>
			<trkpt lat="48.829189985990524" lon="2.8979599568992853">
				<ele>85.0</ele>
				<time>2021-02-24T08:11:20</time>
			</trkpt>
			<trkpt lat="48.82909996435046" lon="2.897949982434511">
				<ele>86.0</ele>
				<time>2021-02-24T08:11:22</time>
			</trkpt>
			<trkpt lat="48.829039949923754" lon="2.897899942472577">
				<ele>88.0</ele>
				<time>2021-02-24T08:11:23</time>
			</trkpt>
			<trkpt lat="48.828979935497046" lon="2.8978499863296747">
				<ele>89.0</ele>
				<time>2021-02-24T08:11:24</time>
			</trkpt>
			<trkpt lat="48.82894992828369" lon="2.8977799974381924">
				<ele>89.0</ele>
				<time>2021-02-24T08:11:24</time>
			</trkpt>
			<trkpt lat="48.82890994660556" lon="2.897699950262904">
				<ele>89.0</ele>
				<time>2021-02-24T08:11:25</time>
			</trkpt>
			<trkpt lat="48.828889997676015" lon="2.8976199869066477">
				<ele>89.0</ele>
				<time>2021-02-24T08:11:26</time>
			</trkpt>
			<trkpt lat="48.82887993939221" lon="2.897519990801811">
				<ele>90.0</ele>
				<time>2021-02-24T08:11:27</time>
			</trkpt>
			<trkpt lat="48.82887993939221" lon="2.8973999619483948">
				<ele>90.0</ele>
				<time>2021-02-24T08:11:28</time>
			</trkpt>
			<trkpt lat="48.82887993939221" lon="2.8972999658435583">
				<ele>91.0</ele>
				<time>2021-02-24T08:11:29</time>
			</trkpt>
			<trkpt lat="48.82887993939221" lon="2.89721991866827">
				<ele>91.0</ele>
				<time>2021-02-24T08:11:30</time>
			</trkpt>
			<trkpt lat="48.828889997676015" lon="2.8970699664205313">
				<ele>91.0</ele>
				<time>2021-02-24T08:11:31</time>
			</trkpt>
			<trkpt lat="48.82891992107034" lon="2.8966599237173796">
				<ele>92.0</ele>
				<time>2021-02-24T08:11:35</time>
			</trkpt>
			<trkpt lat="48.82891992107034" lon="2.8964399825781584">
				<ele>93.0</ele>
				<time>2021-02-24T08:11:37</time>
			</trkpt>
			<trkpt lat="48.82892997935414" lon="2.896369993686676">
				<ele>93.0</ele>
				<time>2021-02-24T08:11:38</time>
			</trkpt>
			<trkpt lat="48.8289599865675" lon="2.895459970459342">
				<ele>97.0</ele>
				<time>2021-02-24T08:11:46</time>
			</trkpt>
			<trkpt lat="48.8289599865675" lon="2.895239945501089">
				<ele>98.0</ele>
				<time>2021-02-24T08:11:49</time>
			</trkpt>
			<trkpt lat="48.8289599865675" lon="2.8951599821448326">
				<ele>98.0</ele>
				<time>2021-02-24T08:11:49</time>
			</trkpt>
			<trkpt lat="48.82893995381892" lon="2.895039953291416">
				<ele>99.0</ele>
				<time>2021-02-24T08:11:50</time>
			</trkpt>
			<trkpt lat="48.828869964927435" lon="2.894549947232008">
				<ele>99.0</ele>
				<time>2021-02-24T08:11:55</time>
			</trkpt>
			<trkpt lat="48.8288199249655" lon="2.8942999988794327">
				<ele>100.0</ele>
				<time>2021-02-24T08:11:58</time>
			</trkpt>
			<trkpt lat="48.82879997603595" lon="2.8941899444907904">
				<ele>100.0</ele>
				<time>2021-02-24T08:11:59</time>
			</trkpt>
			<trkpt lat="48.82851993665099" lon="2.8932999540120363">
				<ele>102.0</ele>
				<time>2021-02-24T08:12:08</time>
			</trkpt>
			<trkpt lat="48.82842999882996" lon="2.893029972910881">
				<ele>102.0</ele>
				<time>2021-02-24T08:12:11</time>
			</trkpt>
			<trkpt lat="48.82840996608138" lon="2.8929599840193987">
				<ele>103.0</ele>
				<time>2021-02-24T08:12:12</time>
			</trkpt>
			<trkpt lat="48.8283899333328" lon="2.8928899951279163">
				<ele>103.0</ele>
				<time>2021-02-24T08:12:12</time>
			</trkpt>
			<trkpt lat="48.82831994444132" lon="2.8926499374210835">
				<ele>104.0</ele>
				<time>2021-02-24T08:12:15</time>
			</trkpt>
			<trkpt lat="48.82792993448675" lon="2.891429951414466">
				<ele>110.0</ele>
				<time>2021-02-24T08:12:28</time>
			</trkpt>
			<trkpt lat="48.82756993174553" lon="2.890289928764105">
				<ele>114.0</ele>
				<time>2021-02-24T08:12:39</time>
			</trkpt>
			<trkpt lat="48.82704991847277" lon="2.888599969446659">
				<ele>115.0</ele>
				<time>2021-02-24T08:12:57</time>
			</trkpt>
			<trkpt lat="48.82645991630852" lon="2.8868599701672792">
				<ele>118.0</ele>
				<time>2021-02-24T08:13:15</time>
			</trkpt>
			<trkpt lat="48.82636997848749" lon="2.8866099379956722">
				<ele>119.0</ele>
				<time>2021-02-24T08:13:18</time>
			</trkpt>
			<trkpt lat="48.82590997964144" lon="2.88565993309021">
				<ele>126.0</ele>
				<time>2021-02-24T08:13:29</time>
			</trkpt>
			<trkpt lat="48.825579984113574" lon="2.8849399276077747">
				<ele>129.0</ele>
				<time>2021-02-24T08:13:37</time>
			</trkpt>
			<trkpt lat="48.825219981372356" lon="2.8842099476605654">
				<ele>130.0</ele>
				<time>2021-02-24T08:13:46</time>
			</trkpt>
			<trkpt lat="48.825069945305586" lon="2.883899984881282">
				<ele>129.0</ele>
				<time>2021-02-24T08:13:50</time>
			</trkpt>
			<trkpt lat="48.82488998584449" lon="2.8835599310696125">
				<ele>129.0</ele>
				<time>2021-02-24T08:13:54</time>
			</trkpt>
			<trkpt lat="48.82481999695301" lon="2.883449960500002">
				<ele>129.0</ele>
				<time>2021-02-24T08:13:55</time>
			</trkpt>
			<trkpt lat="48.82471991702914" lon="2.883309982717037">
				<ele>130.0</ele>
				<time>2021-02-24T08:13:57</time>
			</trkpt>
			<trkpt lat="48.82434993982315" lon="2.8828599583357573">
				<ele>131.0</ele>
				<time>2021-02-24T08:14:04</time>
			</trkpt>
			<trkpt lat="48.82427995093167" lon="2.882769936695695">
				<ele>131.0</ele>
				<time>2021-02-24T08:14:05</time>
			</trkpt>
			<trkpt lat="48.82395992986858" lon="2.8824099339544773">
				<ele>130.0</ele>
				<time>2021-02-24T08:14:11</time>
			</trkpt>
			<trkpt lat="48.823819952085614" lon="2.8822199162095785">
				<ele>130.0</ele>
				<time>2021-02-24T08:14:14</time>
			</trkpt>
			<trkpt lat="48.823689948767424" lon="2.8820299822837114">
				<ele>131.0</ele>
				<time>2021-02-24T08:14:16</time>
			</trkpt>
			<trkpt lat="48.8236999232322" lon="2.881909953430295">
				<ele>131.0</ele>
				<time>2021-02-24T08:14:17</time>
			</trkpt>
			<trkpt lat="48.823709981516004" lon="2.8818099573254585">
				<ele>131.0</ele>
				<time>2021-02-24T08:14:18</time>
			</trkpt>
			<trkpt lat="48.8236999232322" lon="2.8815499506890774">
				<ele>133.0</ele>
				<time>2021-02-24T08:14:21</time>
			</trkpt>
			<trkpt lat="48.823689948767424" lon="2.881309976801276">
				<ele>134.0</ele>
				<time>2021-02-24T08:14:23</time>
			</trkpt>
			<trkpt lat="48.82365994155407" lon="2.8811199590563774">
				<ele>135.0</ele>
				<time>2021-02-24T08:14:25</time>
			</trkpt>
			<trkpt lat="48.82360998541117" lon="2.8809299413114786">
				<ele>135.0</ele>
				<time>2021-02-24T08:14:27</time>
			</trkpt>
			<trkpt lat="48.82322994992137" lon="2.879759995266795">
				<ele>135.0</ele>
				<time>2021-02-24T08:14:39</time>
			</trkpt>
			<trkpt lat="48.82315996102989" lon="2.8795699775218964">
				<ele>135.0</ele>
				<time>2021-02-24T08:14:41</time>
			</trkpt>
			<trkpt lat="48.82270993664861" lon="2.8782699443399906">
				<ele>137.0</ele>
				<time>2021-02-24T08:14:55</time>
			</trkpt>
			<trkpt lat="48.822659980505705" lon="2.878129966557026">
				<ele>137.0</ele>
				<time>2021-02-24T08:14:56</time>
			</trkpt>
			<trkpt lat="48.82261999882758" lon="2.8780199959874153">
				<ele>137.0</ele>
				<time>2021-02-24T08:14:58</time>
			</trkpt>
			<trkpt lat="48.82258999161422" lon="2.877929974347353">
				<ele>137.0</ele>
				<time>2021-02-24T08:14:59</time>
			</trkpt>
			<trkpt lat="48.82257993333042" lon="2.8778199199587107">
				<ele>137.0</ele>
				<time>2021-02-24T08:15:00</time>
			</trkpt>
			<trkpt lat="48.82257993333042" lon="2.877739956602454">
				<ele>137.0</ele>
				<time>2021-02-24T08:15:00</time>
			</trkpt>
			<trkpt lat="48.82257993333042" lon="2.877649934962392">
				<ele>137.0</ele>
				<time>2021-02-24T08:15:01</time>
			</trkpt>
			<trkpt lat="48.82257993333042" lon="2.8775699716061354">
				<ele>136.0</ele>
				<time>2021-02-24T08:15:02</time>
			</trkpt>
			<trkpt lat="48.82258999161422" lon="2.877489924430847">
				<ele>136.0</ele>
				<time>2021-02-24T08:15:03</time>
			</trkpt>
			<trkpt lat="48.822599966079" lon="2.877419935539365">
				<ele>136.0</ele>
				<time>2021-02-24T08:15:03</time>
			</trkpt>
			<trkpt lat="48.82261999882758" lon="2.8773499466478825">
				<ele>136.0</ele>
				<time>2021-02-24T08:15:04</time>
			</trkpt>
			<trkpt lat="48.822639947757125" lon="2.877329997718334">
				<ele>136.0</ele>
				<time>2021-02-24T08:15:04</time>
			</trkpt>
			<trkpt lat="48.8226499222219" lon="2.8773199394345284">
				<ele>136.0</ele>
				<time>2021-02-24T08:15:05</time>
			</trkpt>
			<trkpt lat="48.822659980505705" lon="2.8772799577564">
				<ele>136.0</ele>
				<time>2021-02-24T08:15:05</time>
			</trkpt>
			<trkpt lat="48.82266995497048" lon="2.8772099688649178">
				<ele>136.0</ele>
				<time>2021-02-24T08:15:06</time>
			</trkpt>
			<trkpt lat="48.82267992943525" lon="2.8771599289029837">
				<ele>136.0</ele>
				<time>2021-02-24T08:15:06</time>
			</trkpt>
			<trkpt lat="48.82267992943525" lon="2.877099998295307">
				<ele>137.0</ele>
				<time>2021-02-24T08:15:07</time>
			</trkpt>
			<trkpt lat="48.822659980505705" lon="2.877029925584793">
				<ele>137.0</ele>
				<time>2021-02-24T08:15:07</time>
			</trkpt>
			<trkpt lat="48.822639947757125" lon="2.876989943906665">
				<ele>137.0</ele>
				<time>2021-02-24T08:15:08</time>
			</trkpt>
			<trkpt lat="48.82260994054377" lon="2.8769499622285366">
				<ele>137.0</ele>
				<time>2021-02-24T08:15:08</time>
			</trkpt>
			<trkpt lat="48.822599966079" lon="2.876799926161766">
				<ele>137.0</ele>
				<time>2021-02-24T08:15:10</time>
			</trkpt>
			<trkpt lat="48.82257993333042" lon="2.8767099883407354">
				<ele>137.0</ele>
				<time>2021-02-24T08:15:11</time>
			</trkpt>
			<trkpt lat="48.82255998440087" lon="2.876599933952093">
				<ele>138.0</ele>
				<time>2021-02-24T08:15:12</time>
			</trkpt>
			<trkpt lat="48.822529977187514" lon="2.8764999378472567">
				<ele>138.0</ele>
				<time>2021-02-24T08:15:13</time>
			</trkpt>
			<trkpt lat="48.82243995554745" lon="2.8762899711728096">
				<ele>139.0</ele>
				<time>2021-02-24T08:15:15</time>
			</trkpt>
			<trkpt lat="48.82241992279887" lon="2.8762199822813272">
				<ele>139.0</ele>
				<time>2021-02-24T08:15:16</time>
			</trkpt>
			<trkpt lat="48.82236996665597" lon="2.876119986176491">
				<ele>140.0</ele>
				<time>2021-02-24T08:15:17</time>
			</trkpt>
			<trkpt lat="48.822339959442616" lon="2.8760699462145567">
				<ele>140.0</ele>
				<time>2021-02-24T08:15:18</time>
			</trkpt>
			<trkpt lat="48.82223996333778" lon="2.875929968431592">
				<ele>140.0</ele>
				<time>2021-02-24T08:15:20</time>
			</trkpt>
			<trkpt lat="48.82210996001959" lon="2.8757999651134014">
				<ele>139.0</ele>
				<time>2021-02-24T08:15:22</time>
			</trkpt>
			<trkpt lat="48.82199998944998" lon="2.875689994543791">
				<ele>138.0</ele>
				<time>2021-02-24T08:15:24</time>
			</trkpt>
			<trkpt lat="48.821929916739464" lon="2.8756199218332767">
				<ele>138.0</ele>
				<time>2021-02-24T08:15:25</time>
			</trkpt>
			<trkpt lat="48.821889935061336" lon="2.8755499329417944">
				<ele>138.0</ele>
				<time>2021-02-24T08:15:26</time>
			</trkpt>
			<trkpt lat="48.82182992063463" lon="2.875479944050312">
				<ele>138.0</ele>
				<time>2021-02-24T08:15:27</time>
			</trkpt>
			<trkpt lat="48.82176999002695" lon="2.8753699734807014">
				<ele>138.0</ele>
				<time>2021-02-24T08:15:28</time>
			</trkpt>
			<trkpt lat="48.8217399828136" lon="2.875329991802573">
				<ele>138.0</ele>
				<time>2021-02-24T08:15:29</time>
			</trkpt>
			<trkpt lat="48.82170997560024" lon="2.875269977375865">
				<ele>138.0</ele>
				<time>2021-02-24T08:15:30</time>
			</trkpt>
			<trkpt lat="48.821669993922114" lon="2.8751499485224485">
				<ele>138.0</ele>
				<time>2021-02-24T08:15:31</time>
			</trkpt>
			<trkpt lat="48.82157997228205" lon="2.8749099746346474">
				<ele>138.0</ele>
				<time>2021-02-24T08:15:33</time>
			</trkpt>
			<trkpt lat="48.82114998064935" lon="2.8735899925231934">
				<ele>136.0</ele>
				<time>2021-02-24T08:15:47</time>
			</trkpt>
			<trkpt lat="48.82095996290445" lon="2.873019939288497">
				<ele>137.0</ele>
				<time>2021-02-24T08:15:53</time>
			</trkpt>
			<trkpt lat="48.81972991861403" lon="2.869479926303029">
				<ele>137.0</ele>
				<time>2021-02-24T08:16:31</time>
			</trkpt>
			<trkpt lat="48.81903992034495" lon="2.8675399348139763">
				<ele>137.0</ele>
				<time>2021-02-24T08:16:52</time>
			</trkpt>
			<trkpt lat="48.81869995035231" lon="2.8665099665522575">
				<ele>137.0</ele>
				<time>2021-02-24T08:17:03</time>
			</trkpt>
			<trkpt lat="48.81865996867418" lon="2.866409970447421">
				<ele>136.0</ele>
				<time>2021-02-24T08:17:04</time>
			</trkpt>
			<trkpt lat="48.8186399359256" lon="2.8663399815559387">
				<ele>136.0</ele>
				<time>2021-02-24T08:17:04</time>
			</trkpt>
			<trkpt lat="48.818599954247475" lon="2.8661999199539423">
				<ele>136.0</ele>
				<time>2021-02-24T08:17:06</time>
			</trkpt>
			<trkpt lat="48.818559972569346" lon="2.8660699166357517">
				<ele>136.0</ele>
				<time>2021-02-24T08:17:07</time>
			</trkpt>
			<trkpt lat="48.81851999089122" lon="2.8658899571746588">
				<ele>136.0</ele>
				<time>2021-02-24T08:17:09</time>
			</trkpt>
			<trkpt lat="48.818429969251156" lon="2.8653699439018965">
				<ele>137.0</ele>
				<time>2021-02-24T08:17:14</time>
			</trkpt>
			<trkpt lat="48.81807994097471" lon="2.8631999529898167">
				<ele>137.0</ele>
				<time>2021-02-24T08:17:35</time>
			</trkpt>
			<trkpt lat="48.81761994212866" lon="2.860159920528531">
				<ele>136.0</ele>
				<time>2021-02-24T08:18:05</time>
			</trkpt>
			<trkpt lat="48.81744995713234" lon="2.8589899744838476">
				<ele>135.0</ele>
				<time>2021-02-24T08:18:16</time>
			</trkpt>
			<trkpt lat="48.81712993606925" lon="2.856879997998476">
				<ele>134.0</ele>
				<time>2021-02-24T08:18:36</time>
			</trkpt>
			<trkpt lat="48.816579999402165" lon="2.853499995544553">
				<ele>136.0</ele>
				<time>2021-02-24T08:19:09</time>
			</trkpt>
			<trkpt lat="48.816539933905005" lon="2.85325993783772">
				<ele>136.0</ele>
				<time>2021-02-24T08:19:11</time>
			</trkpt>
			<trkpt lat="48.816129975020885" lon="2.850829940289259">
				<ele>133.0</ele>
				<time>2021-02-24T08:19:35</time>
			</trkpt>
			<trkpt lat="48.81603995338082" lon="2.8502799198031425">
				<ele>133.0</ele>
				<time>2021-02-24T08:19:40</time>
			</trkpt>
			<trkpt lat="48.81594993174076" lon="2.849719924852252">
				<ele>133.0</ele>
				<time>2021-02-24T08:19:46</time>
			</trkpt>
			<trkpt lat="48.81579997949302" lon="2.8486999310553074">
				<ele>133.0</ele>
				<time>2021-02-24T08:19:55</time>
			</trkpt>
			<trkpt lat="48.81574993953109" lon="2.848389968276024">
				<ele>132.0</ele>
				<time>2021-02-24T08:19:58</time>
			</trkpt>
			<trkpt lat="48.81572999060154" lon="2.8482699394226074">
				<ele>132.0</ele>
				<time>2021-02-24T08:20:00</time>
			</trkpt>
			<trkpt lat="48.815679950639606" lon="2.847939943894744">
				<ele>131.0</ele>
				<time>2021-02-24T08:20:03</time>
			</trkpt>
			<trkpt lat="48.81560996174812" lon="2.8473999816924334">
				<ele>130.0</ele>
				<time>2021-02-24T08:20:08</time>
			</trkpt>
			<trkpt lat="48.815569980069995" lon="2.8469499573111534">
				<ele>130.0</ele>
				<time>2021-02-24T08:20:12</time>
			</trkpt>
			<trkpt lat="48.815379962325096" lon="2.84487996250391">
				<ele>135.0</ele>
				<time>2021-02-24T08:20:32</time>
			</trkpt>
			<trkpt lat="48.815309973433614" lon="2.844159957021475">
				<ele>135.0</ele>
				<time>2021-02-24T08:20:39</time>
			</trkpt>
			<trkpt lat="48.815269991755486" lon="2.843769947066903">
				<ele>134.0</ele>
				<time>2021-02-24T08:20:43</time>
			</trkpt>
			<trkpt lat="48.815269991755486" lon="2.843539947643876">
				<ele>134.0</ele>
				<time>2021-02-24T08:20:45</time>
			</trkpt>
			<trkpt lat="48.815269991755486" lon="2.8433899953961372">
				<ele>133.0</ele>
				<time>2021-02-24T08:20:46</time>
			</trkpt>
			<trkpt lat="48.81525993347168" lon="2.8431699704378843">
				<ele>131.0</ele>
				<time>2021-02-24T08:20:48</time>
			</trkpt>
			<trkpt lat="48.815249959006906" lon="2.8429699782282114">
				<ele>129.0</ele>
				<time>2021-02-24T08:20:50</time>
			</trkpt>
			<trkpt lat="48.815249959006906" lon="2.842859923839569">
				<ele>128.0</ele>
				<time>2021-02-24T08:20:51</time>
			</trkpt>
			<trkpt lat="48.815249959006906" lon="2.842679964378476">
				<ele>127.0</ele>
				<time>2021-02-24T08:20:53</time>
			</trkpt>
			<trkpt lat="48.81523998454213" lon="2.8425499610602856">
				<ele>127.0</ele>
				<time>2021-02-24T08:20:54</time>
			</trkpt>
			<trkpt lat="48.81523998454213" lon="2.8424999210983515">
				<ele>127.0</ele>
				<time>2021-02-24T08:20:55</time>
			</trkpt>
			<trkpt lat="48.815249959006906" lon="2.842439990490675">
				<ele>127.0</ele>
				<time>2021-02-24T08:20:55</time>
			</trkpt>
			<trkpt lat="48.815249959006906" lon="2.842409983277321">
				<ele>126.0</ele>
				<time>2021-02-24T08:20:55</time>
			</trkpt>
			<trkpt lat="48.81525993347168" lon="2.842369917780161">
				<ele>126.0</ele>
				<time>2021-02-24T08:20:56</time>
			</trkpt>
			<trkpt lat="48.815269991755486" lon="2.8422899544239044">
				<ele>126.0</ele>
				<time>2021-02-24T08:20:57</time>
			</trkpt>
			<trkpt lat="48.815309973433614" lon="2.842249972745776">
				<ele>126.0</ele>
				<time>2021-02-24T08:20:57</time>
			</trkpt>
			<trkpt lat="48.81534995511174" lon="2.842199932783842">
				<ele>126.0</ele>
				<time>2021-02-24T08:20:58</time>
			</trkpt>
			<trkpt lat="48.815379962325096" lon="2.8420899622142315">
				<ele>126.0</ele>
				<time>2021-02-24T08:20:59</time>
			</trkpt>
			<trkpt lat="48.815399995073676" lon="2.842019973322749">
				<ele>125.0</ele>
				<time>2021-02-24T08:21:00</time>
			</trkpt>
			<trkpt lat="48.815399995073676" lon="2.841949984431267">
				<ele>125.0</ele>
				<time>2021-02-24T08:21:00</time>
			</trkpt>
			<trkpt lat="48.815399995073676" lon="2.8418799955397844">
				<ele>124.0</ele>
				<time>2021-02-24T08:21:01</time>
			</trkpt>
			<trkpt lat="48.81538993678987" lon="2.841779999434948">
				<ele>124.0</ele>
				<time>2021-02-24T08:21:02</time>
			</trkpt>
			<trkpt lat="48.81536998786032" lon="2.8416999522596598">
				<ele>124.0</ele>
				<time>2021-02-24T08:21:03</time>
			</trkpt>
			<trkpt lat="48.81532992236316" lon="2.8416399378329515">
				<ele>124.0</ele>
				<time>2021-02-24T08:21:04</time>
			</trkpt>
			<trkpt lat="48.81529999896884" lon="2.8415999561548233">
				<ele>124.0</ele>
				<time>2021-02-24T08:21:04</time>
			</trkpt>
			<trkpt lat="48.815249959006906" lon="2.841549916192889">
				<ele>124.0</ele>
				<time>2021-02-24T08:21:05</time>
			</trkpt>
			<trkpt lat="48.8151899445802" lon="2.841519992798567">
				<ele>124.0</ele>
				<time>2021-02-24T08:21:06</time>
			</trkpt>
			<trkpt lat="48.815139988437295" lon="2.8413999639451504">
				<ele>124.0</ele>
				<time>2021-02-24T08:21:07</time>
			</trkpt>
			<trkpt lat="48.81510998122394" lon="2.84128999337554">
				<ele>124.0</ele>
				<time>2021-02-24T08:21:08</time>
			</trkpt>
			<trkpt lat="48.81507997401059" lon="2.8411999717354774">
				<ele>125.0</ele>
				<time>2021-02-24T08:21:09</time>
			</trkpt>
			<trkpt lat="48.81505994126201" lon="2.8410599939525127">
				<ele>125.0</ele>
				<time>2021-02-24T08:21:11</time>
			</trkpt>
			<trkpt lat="48.81503999233246" lon="2.8409499395638704">
				<ele>125.0</ele>
				<time>2021-02-24T08:21:12</time>
			</trkpt>
			<trkpt lat="48.815009985119104" lon="2.840659925714135">
				<ele>125.0</ele>
				<time>2021-02-24T08:21:15</time>
			</trkpt>
			<trkpt lat="48.815009985119104" lon="2.840639976784587">
				<ele>126.0</ele>
				<time>2021-02-24T08:21:15</time>
			</trkpt>
			<trkpt lat="48.81497997790575" lon="2.8405499551445246">
				<ele>126.0</ele>
				<time>2021-02-24T08:21:16</time>
			</trkpt>
			<trkpt lat="48.814949970692396" lon="2.840199926868081">
				<ele>126.0</ele>
				<time>2021-02-24T08:21:19</time>
			</trkpt>
			<trkpt lat="48.81493999622762" lon="2.8401399962604046">
				<ele>126.0</ele>
				<time>2021-02-24T08:21:20</time>
			</trkpt>
			<trkpt lat="48.814929937943816" lon="2.8400699235498905">
				<ele>125.0</ele>
				<time>2021-02-24T08:21:20</time>
			</trkpt>
			<trkpt lat="48.814929937943816" lon="2.839989960193634">
				<ele>125.0</ele>
				<time>2021-02-24T08:21:21</time>
			</trkpt>
			<trkpt lat="48.81491996347904" lon="2.8399099968373775">
				<ele>125.0</ele>
				<time>2021-02-24T08:21:22</time>
			</trkpt>
			<trkpt lat="48.81482994183898" lon="2.838899977505207">
				<ele>122.0</ele>
				<time>2021-02-24T08:21:31</time>
			</trkpt>
			<trkpt lat="48.81476992741227" lon="2.8383099753409624">
				<ele>122.0</ele>
				<time>2021-02-24T08:21:37</time>
			</trkpt>
			<trkpt lat="48.814709996804595" lon="2.837539929896593">
				<ele>124.0</ele>
				<time>2021-02-24T08:21:44</time>
			</trkpt>
			<trkpt lat="48.81469993852079" lon="2.8374499920755625">
				<ele>124.0</ele>
				<time>2021-02-24T08:21:45</time>
			</trkpt>
			<trkpt lat="48.81463992409408" lon="2.8367699682712555">
				<ele>124.0</ele>
				<time>2021-02-24T08:21:52</time>
			</trkpt>
			<trkpt lat="48.814449990168214" lon="2.8348099440336227">
				<ele>123.0</ele>
				<time>2021-02-24T08:22:10</time>
			</trkpt>
			<trkpt lat="48.814369942992926" lon="2.834009975194931">
				<ele>125.0</ele>
				<time>2021-02-24T08:22:18</time>
			</trkpt>
			<trkpt lat="48.81433993577957" lon="2.833779975771904">
				<ele>126.0</ele>
				<time>2021-02-24T08:22:20</time>
			</trkpt>
			<trkpt lat="48.8143299613148" lon="2.833569925278425">
				<ele>126.0</ele>
				<time>2021-02-24T08:22:22</time>
			</trkpt>
			<trkpt lat="48.81431998685002" lon="2.8333899658173323">
				<ele>125.0</ele>
				<time>2021-02-24T08:22:24</time>
			</trkpt>
			<trkpt lat="48.81431998685002" lon="2.8331899736076593">
				<ele>125.0</ele>
				<time>2021-02-24T08:22:26</time>
			</trkpt>
			<trkpt lat="48.81430992856622" lon="2.8329699486494064">
				<ele>125.0</ele>
				<time>2021-02-24T08:22:28</time>
			</trkpt>
			<trkpt lat="48.814239939674735" lon="2.831959929317236">
				<ele>127.0</ele>
				<time>2021-02-24T08:22:37</time>
			</trkpt>
			<trkpt lat="48.8141399435699" lon="2.830639947205782">
				<ele>126.0</ele>
				<time>2021-02-24T08:22:50</time>
			</trkpt>
			<trkpt lat="48.814129969105124" lon="2.8301699738949537">
				<ele>126.0</ele>
				<time>2021-02-24T08:22:54</time>
			</trkpt>
			<trkpt lat="48.814109936356544" lon="2.829949948936701">
				<ele>126.0</ele>
				<time>2021-02-24T08:22:56</time>
			</trkpt>
			<trkpt lat="48.814109936356544" lon="2.8298999927937984">
				<ele>126.0</ele>
				<time>2021-02-24T08:22:57</time>
			</trkpt>
			<trkpt lat="48.81409996189177" lon="2.8298499528318644">
				<ele>126.0</ele>
				<time>2021-02-24T08:22:57</time>
			</trkpt>
			<trkpt lat="48.814089987426996" lon="2.829719949513674">
				<ele>126.0</ele>
				<time>2021-02-24T08:22:59</time>
			</trkpt>
			<trkpt lat="48.81447999738157" lon="2.8298599272966385">
				<ele>125.0</ele>
				<time>2021-02-24T08:23:04</time>
			</trkpt>
			<trkpt lat="48.81471997126937" lon="2.829109998419881">
				<ele>126.0</ele>
				<time>2021-02-24T08:23:12</time>
			</trkpt>
			<trkpt lat="48.814799934625626" lon="2.8288199845701456">
				<ele>126.0</ele>
				<time>2021-02-24T08:23:15</time>
			</trkpt>
			<trkpt lat="48.814839916303754" lon="2.828689981251955">
				<ele>126.0</ele>
				<time>2021-02-24T08:23:16</time>
			</trkpt>
			<trkpt lat="48.81486992351711" lon="2.8285999596118927">
				<ele>126.0</ele>
				<time>2021-02-24T08:23:17</time>
			</trkpt>
			<trkpt lat="48.81490998901427" lon="2.8285099379718304">
				<ele>126.0</ele>
				<time>2021-02-24T08:23:18</time>
			</trkpt>
			<trkpt lat="48.81493999622762" lon="2.828439949080348">
				<ele>126.0</ele>
				<time>2021-02-24T08:23:19</time>
			</trkpt>
			<trkpt lat="48.814989952370524" lon="2.8283699601888657">
				<ele>126.0</ele>
				<time>2021-02-24T08:23:20</time>
			</trkpt>
			<trkpt lat="48.81502993404865" lon="2.8283199202269316">
				<ele>126.0</ele>
				<time>2021-02-24T08:23:21</time>
			</trkpt>
			<trkpt lat="48.81508994847536" lon="2.828259989619255">
				<ele>126.0</ele>
				<time>2021-02-24T08:23:22</time>
			</trkpt>
			<trkpt lat="48.81515993736684" lon="2.828219924122095">
				<ele>126.0</ele>
				<time>2021-02-24T08:23:23</time>
			</trkpt>
			<trkpt lat="48.81520997732878" lon="2.828179942443967">
				<ele>126.0</ele>
				<time>2021-02-24T08:23:24</time>
			</trkpt>
			<trkpt lat="48.81533998064697" lon="2.8281199280172586">
				<ele>126.0</ele>
				<time>2021-02-24T08:23:26</time>
			</trkpt>
			<trkpt lat="48.815439976751804" lon="2.828059997409582">
				<ele>126.0</ele>
				<time>2021-02-24T08:23:27</time>
			</trkpt>
			<trkpt lat="48.81550996564329" lon="2.828009957447648">
				<ele>127.0</ele>
				<time>2021-02-24T08:23:28</time>
			</trkpt>
			<trkpt lat="48.815569980069995" lon="2.827959917485714">
				<ele>127.0</ele>
				<time>2021-02-24T08:23:29</time>
			</trkpt>
			<trkpt lat="48.8156299944967" lon="2.8279199358075857">
				<ele>128.0</ele>
				<time>2021-02-24T08:23:30</time>
			</trkpt>
			<trkpt lat="48.81566997617483" lon="2.8278699796646833">
				<ele>128.0</ele>
				<time>2021-02-24T08:23:31</time>
			</trkpt>
			<trkpt lat="48.81570995785296" lon="2.8278199397027493">
				<ele>128.0</ele>
				<time>2021-02-24T08:23:32</time>
			</trkpt>
			<trkpt lat="48.815739965066314" lon="2.827759925276041">
				<ele>128.0</ele>
				<time>2021-02-24T08:23:33</time>
			</trkpt>
			<trkpt lat="48.81574993953109" lon="2.827729918062687">
				<ele>128.0</ele>
				<time>2021-02-24T08:23:33</time>
			</trkpt>
			<trkpt lat="48.815759997814894" lon="2.8276799619197845">
				<ele>128.0</ele>
				<time>2021-02-24T08:23:33</time>
			</trkpt>
			<trkpt lat="48.81576997227967" lon="2.8276199474930763">
				<ele>128.0</ele>
				<time>2021-02-24T08:23:34</time>
			</trkpt>
			<trkpt lat="48.815789921209216" lon="2.827529925853014">
				<ele>128.0</ele>
				<time>2021-02-24T08:23:35</time>
			</trkpt>
			<trkpt lat="48.815849935635924" lon="2.8272399958223104">
				<ele>127.0</ele>
				<time>2021-02-24T08:23:38</time>
			</trkpt>
			<trkpt lat="48.81591992452741" lon="2.8268299531191587">
				<ele>127.0</ele>
				<time>2021-02-24T08:23:42</time>
			</trkpt>
			<trkpt lat="48.81603995338082" lon="2.8262799326330423">
				<ele>127.0</ele>
				<time>2021-02-24T08:23:47</time>
			</trkpt>
			<trkpt lat="48.816239945590496" lon="2.8254399821162224">
				<ele>127.0</ele>
				<time>2021-02-24T08:23:56</time>
			</trkpt>
			<trkpt lat="48.816319992765784" lon="2.825059946626425">
				<ele>127.0</ele>
				<time>2021-02-24T08:23:59</time>
			</trkpt>
			<trkpt lat="48.816539933905005" lon="2.8240199200809">
				<ele>123.0</ele>
				<time>2021-02-24T08:24:10</time>
			</trkpt>
			<trkpt lat="48.81664998829365" lon="2.8235099650919437">
				<ele>122.0</ele>
				<time>2021-02-24T08:24:15</time>
			</trkpt>
			<trkpt lat="48.816879987716675" lon="2.822429956868291">
				<ele>125.0</ele>
				<time>2021-02-24T08:24:25</time>
			</trkpt>
			<trkpt lat="48.81697998382151" lon="2.821969958022237">
				<ele>125.0</ele>
				<time>2021-02-24T08:24:30</time>
			</trkpt>
			<trkpt lat="48.817139994353056" lon="2.8212399780750275">
				<ele>125.0</ele>
				<time>2021-02-24T08:24:37</time>
			</trkpt>
			<trkpt lat="48.81721995770931" lon="2.82085994258523">
				<ele>125.0</ele>
				<time>2021-02-24T08:24:41</time>
			</trkpt>
			<trkpt lat="48.81727997213602" lon="2.820679983124137">
				<ele>125.0</ele>
				<time>2021-02-24T08:24:43</time>
			</trkpt>
			<trkpt lat="48.81732992827892" lon="2.8205399215221405">
				<ele>125.0</ele>
				<time>2021-02-24T08:24:44</time>
			</trkpt>
			<trkpt lat="48.817439982667565" lon="2.820289973169565">
				<ele>125.0</ele>
				<time>2021-02-24T08:24:47</time>
			</trkpt>
			<trkpt lat="48.8175399787724" lon="2.8200999554246664">
				<ele>125.0</ele>
				<time>2021-02-24T08:24:49</time>
			</trkpt>
			<trkpt lat="48.81762991659343" lon="2.8199599776417017">
				<ele>125.0</ele>
				<time>2021-02-24T08:24:51</time>
			</trkpt>
			<trkpt lat="48.81782999262214" lon="2.8196599893271923">
				<ele>125.0</ele>
				<time>2021-02-24T08:24:55</time>
			</trkpt>
			<trkpt lat="48.81800995208323" lon="2.8194099571555853">
				<ele>124.0</ele>
				<time>2021-02-24T08:24:59</time>
			</trkpt>
			<trkpt lat="48.81806996650994" lon="2.819359917193651">
				<ele>124.0</ele>
				<time>2021-02-24T08:25:00</time>
			</trkpt>
			<trkpt lat="48.818279933184385" lon="2.8190999943763018">
				<ele>123.0</ele>
				<time>2021-02-24T08:25:04</time>
			</trkpt>
			<trkpt lat="48.818409936502576" lon="2.818949958309531">
				<ele>123.0</ele>
				<time>2021-02-24T08:25:06</time>
			</trkpt>
			<trkpt lat="48.81847992539406" lon="2.8188699949532747">
				<ele>123.0</ele>
				<time>2021-02-24T08:25:07</time>
			</trkpt>
			<trkpt lat="48.818559972569346" lon="2.8187999222427607">
				<ele>123.0</ele>
				<time>2021-02-24T08:25:09</time>
			</trkpt>
			<trkpt lat="48.81862996146083" lon="2.8188299294561148">
				<ele>123.0</ele>
				<time>2021-02-24T08:25:10</time>
			</trkpt>
			<trkpt lat="48.81869995035231" lon="2.8188499622046947">
				<ele>124.0</ele>
				<time>2021-02-24T08:25:11</time>
			</trkpt>
			<trkpt lat="48.81879994645715" lon="2.8188099805265665">
				<ele>124.0</ele>
				<time>2021-02-24T08:25:12</time>
			</trkpt>
			<trkpt lat="48.81888996809721" lon="2.81870998442173">
				<ele>124.0</ele>
				<time>2021-02-24T08:25:14</time>
			</trkpt>
			<trkpt lat="48.81895995698869" lon="2.8185699228197336">
				<ele>124.0</ele>
				<time>2021-02-24T08:25:15</time>
			</trkpt>
			<trkpt lat="48.818969931453466" lon="2.818489959463477">
				<ele>124.0</ele>
				<time>2021-02-24T08:25:16</time>
			</trkpt>
			<trkpt lat="48.818969931453466" lon="2.818419970571995">
				<ele>124.0</ele>
				<time>2021-02-24T08:25:17</time>
			</trkpt>
			<trkpt lat="48.818969931453466" lon="2.8183299489319324">
				<ele>124.0</ele>
				<time>2021-02-24T08:25:18</time>
			</trkpt>
			<trkpt lat="48.818919975310564" lon="2.8181799966841936">
				<ele>124.0</ele>
				<time>2021-02-24T08:25:19</time>
			</trkpt>
			<trkpt lat="48.818839928135276" lon="2.8180699422955513">
				<ele>124.0</ele>
				<time>2021-02-24T08:25:21</time>
			</trkpt>
			<trkpt lat="48.81875996477902" lon="2.817989978939295">
				<ele>124.0</ele>
				<time>2021-02-24T08:25:22</time>
			</trkpt>
			<trkpt lat="48.818729957565665" lon="2.817979920655489">
				<ele>124.0</ele>
				<time>2021-02-24T08:25:22</time>
			</trkpt>
			<trkpt lat="48.81864999420941" lon="2.817989978939295">
				<ele>124.0</ele>
				<time>2021-02-24T08:25:24</time>
			</trkpt>
			<trkpt lat="48.818619986996055" lon="2.817999953404069">
				<ele>124.0</ele>
				<time>2021-02-24T08:25:24</time>
			</trkpt>
			<trkpt lat="48.818559972569346" lon="2.8179099317640066">
				<ele>124.0</ele>
				<time>2021-02-24T08:25:25</time>
			</trkpt>
			<trkpt lat="48.81849995814264" lon="2.81780993565917">
				<ele>124.0</ele>
				<time>2021-02-24T08:25:27</time>
			</trkpt>
			<trkpt lat="48.818429969251156" lon="2.8176799323409796">
				<ele>124.0</ele>
				<time>2021-02-24T08:25:28</time>
			</trkpt>
			<trkpt lat="48.81838998757303" lon="2.817579936236143">
				<ele>124.0</ele>
				<time>2021-02-24T08:25:29</time>
			</trkpt>
			<trkpt lat="48.81832997314632" lon="2.8174199257045984">
				<ele>124.0</ele>
				<time>2021-02-24T08:25:31</time>
			</trkpt>
			<trkpt lat="48.818279933184385" lon="2.817289922386408">
				<ele>124.0</ele>
				<time>2021-02-24T08:25:32</time>
			</trkpt>
			<trkpt lat="48.81823995150626" lon="2.817149944603443">
				<ele>124.0</ele>
				<time>2021-02-24T08:25:34</time>
			</trkpt>
			<trkpt lat="48.818169962614775" lon="2.816889937967062">
				<ele>125.0</ele>
				<time>2021-02-24T08:25:36</time>
			</trkpt>
			<trkpt lat="48.81811992265284" lon="2.816699920222163">
				<ele>125.0</ele>
				<time>2021-02-24T08:25:38</time>
			</trkpt>
			<trkpt lat="48.818039959296584" lon="2.8164099901914597">
				<ele>125.0</ele>
				<time>2021-02-24T08:25:41</time>
			</trkpt>
			<trkpt lat="48.817999977618456" lon="2.8161299508064985">
				<ele>125.0</ele>
				<time>2021-02-24T08:25:44</time>
			</trkpt>
			<trkpt lat="48.817979944869876" lon="2.8159599658101797">
				<ele>125.0</ele>
				<time>2021-02-24T08:25:46</time>
			</trkpt>
			<trkpt lat="48.81794993765652" lon="2.8156999591737986">
				<ele>125.0</ele>
				<time>2021-02-24T08:25:48</time>
			</trkpt>
			<trkpt lat="48.817889923229814" lon="2.8150699753314257">
				<ele>124.0</ele>
				<time>2021-02-24T08:25:54</time>
			</trkpt>
			<trkpt lat="48.81782999262214" lon="2.814419958740473">
				<ele>124.0</ele>
				<time>2021-02-24T08:26:00</time>
			</trkpt>
			<trkpt lat="48.8177799526602" lon="2.8139199782162905">
				<ele>124.0</ele>
				<time>2021-02-24T08:26:05</time>
			</trkpt>
			<trkpt lat="48.81767995655537" lon="2.8132399544119835">
				<ele>123.0</ele>
				<time>2021-02-24T08:26:12</time>
			</trkpt>
			<trkpt lat="48.81748993881047" lon="2.8122899495065212">
				<ele>124.0</ele>
				<time>2021-02-24T08:26:21</time>
			</trkpt>
			<trkpt lat="48.81726999767125" lon="2.81114992685616">
				<ele>120.0</ele>
				<time>2021-02-24T08:26:32</time>
			</trkpt>
			<trkpt lat="48.81723999045789" lon="2.8110199235379696">
				<ele>120.0</ele>
				<time>2021-02-24T08:26:33</time>
			</trkpt>
			<trkpt lat="48.816989958286285" lon="2.809789963066578">
				<ele>122.0</ele>
				<time>2021-02-24T08:26:46</time>
			</trkpt>
			<trkpt lat="48.81677999161184" lon="2.808879939839244">
				<ele>123.0</ele>
				<time>2021-02-24T08:26:55</time>
			</trkpt>
			<trkpt lat="48.81673992611468" lon="2.8086599987000227">
				<ele>123.0</ele>
				<time>2021-02-24T08:26:57</time>
			</trkpt>
			<trkpt lat="48.81658997386694" lon="2.8079299349337816">
				<ele>122.0</ele>
				<time>2021-02-24T08:27:04</time>
			</trkpt>
			<trkpt lat="48.816559966653585" lon="2.807799931615591">
				<ele>121.0</ele>
				<time>2021-02-24T08:27:05</time>
			</trkpt>
			<trkpt lat="48.81649995222688" lon="2.807399947196245">
				<ele>121.0</ele>
				<time>2021-02-24T08:27:09</time>
			</trkpt>
			<trkpt lat="48.81645997054875" lon="2.807139940559864">
				<ele>121.0</ele>
				<time>2021-02-24T08:27:12</time>
			</trkpt>
			<trkpt lat="48.816449996083975" lon="2.8070099372416735">
				<ele>122.0</ele>
				<time>2021-02-24T08:27:13</time>
			</trkpt>
			<trkpt lat="48.81637992337346" lon="2.8063499461859465">
				<ele>123.0</ele>
				<time>2021-02-24T08:27:19</time>
			</trkpt>
			<trkpt lat="48.81630993448198" lon="2.8056999295949936">
				<ele>122.0</ele>
				<time>2021-02-24T08:27:25</time>
			</trkpt>
			<trkpt lat="48.816279927268624" lon="2.805419974029064">
				<ele>122.0</ele>
				<time>2021-02-24T08:27:28</time>
			</trkpt>
			<trkpt lat="48.816239945590496" lon="2.805079920217395">
				<ele>123.0</ele>
				<time>2021-02-24T08:27:31</time>
			</trkpt>
			<trkpt lat="48.816109942272305" lon="2.8043099585920572">
				<ele>122.0</ele>
				<time>2021-02-24T08:27:39</time>
			</trkpt>
			<trkpt lat="48.81608999334276" lon="2.8041299991309643">
				<ele>122.0</ele>
				<time>2021-02-24T08:27:41</time>
			</trkpt>
			<trkpt lat="48.81606996059418" lon="2.804039977490902">
				<ele>122.0</ele>
				<time>2021-02-24T08:27:41</time>
			</trkpt>
			<trkpt lat="48.8160499278456" lon="2.8039099741727114">
				<ele>121.0</ele>
				<time>2021-02-24T08:27:43</time>
			</trkpt>
			<trkpt lat="48.81601992063224" lon="2.8036699164658785">
				<ele>122.0</ele>
				<time>2021-02-24T08:27:45</time>
			</trkpt>
			<trkpt lat="48.81598999723792" lon="2.803389960899949">
				<ele>122.0</ele>
				<time>2021-02-24T08:27:48</time>
			</trkpt>
			<trkpt lat="48.815979938954115" lon="2.803169935941696">
				<ele>123.0</ele>
				<time>2021-02-24T08:27:50</time>
			</trkpt>
			<trkpt lat="48.81596996448934" lon="2.802959969267249">
				<ele>123.0</ele>
				<time>2021-02-24T08:27:52</time>
			</trkpt>
			<trkpt lat="48.81595999002457" lon="2.8023399598896503">
				<ele>123.0</ele>
				<time>2021-02-24T08:27:58</time>
			</trkpt>
			<trkpt lat="48.81595999002457" lon="2.8018799610435963">
				<ele>122.0</ele>
				<time>2021-02-24T08:28:02</time>
			</trkpt>
			<trkpt lat="48.81596996448934" lon="2.8015399910509586">
				<ele>121.0</ele>
				<time>2021-02-24T08:28:05</time>
			</trkpt>
			<trkpt lat="48.815979938954115" lon="2.800689982250333">
				<ele>122.0</ele>
				<time>2021-02-24T08:28:13</time>
			</trkpt>
			<trkpt lat="48.815999971702695" lon="2.800289997830987">
				<ele>123.0</ele>
				<time>2021-02-24T08:28:17</time>
			</trkpt>
			<trkpt lat="48.815999971702695" lon="2.800189917907119">
				<ele>123.0</ele>
				<time>2021-02-24T08:28:18</time>
			</trkpt>
			<trkpt lat="48.815999971702695" lon="2.7999199368059635">
				<ele>123.0</ele>
				<time>2021-02-24T08:28:20</time>
			</trkpt>
			<trkpt lat="48.81601992063224" lon="2.7994499634951353">
				<ele>122.0</ele>
				<time>2021-02-24T08:28:25</time>
			</trkpt>
			<trkpt lat="48.81603995338082" lon="2.7992199640721083">
				<ele>122.0</ele>
				<time>2021-02-24T08:28:27</time>
			</trkpt>
			<trkpt lat="48.816129975020885" lon="2.7986199874430895">
				<ele>123.0</ele>
				<time>2021-02-24T08:28:33</time>
			</trkpt>
			<trkpt lat="48.816129975020885" lon="2.7986099291592836">
				<ele>123.0</ele>
				<time>2021-02-24T08:28:33</time>
			</trkpt>
			<trkpt lat="48.81619996391237" lon="2.798219919204712">
				<ele>122.0</ele>
				<time>2021-02-24T08:28:37</time>
			</trkpt>
			<trkpt lat="48.81620993837714" lon="2.7981299813836813">
				<ele>122.0</ele>
				<time>2021-02-24T08:28:38</time>
			</trkpt>
			<trkpt lat="48.81624992005527" lon="2.7978999819606543">
				<ele>122.0</ele>
				<time>2021-02-24T08:28:40</time>
			</trkpt>
			<trkpt lat="48.81632996723056" lon="2.7974499575793743">
				<ele>121.0</ele>
				<time>2021-02-24T08:28:44</time>
			</trkpt>
			<trkpt lat="48.81634999997914" lon="2.7972599398344755">
				<ele>121.0</ele>
				<time>2021-02-24T08:28:46</time>
			</trkpt>
			<trkpt lat="48.816409930586815" lon="2.796939918771386">
				<ele>121.0</ele>
				<time>2021-02-24T08:28:49</time>
			</trkpt>
			<trkpt lat="48.816429963335395" lon="2.7968299482017756">
				<ele>121.0</ele>
				<time>2021-02-24T08:28:50</time>
			</trkpt>
			<trkpt lat="48.8164799194783" lon="2.796459970995784">
				<ele>121.0</ele>
				<time>2021-02-24T08:28:54</time>
			</trkpt>
			<trkpt lat="48.8164899777621" lon="2.7964199893176556">
				<ele>121.0</ele>
				<time>2021-02-24T08:28:54</time>
			</trkpt>
			<trkpt lat="48.81649995222688" lon="2.7963899821043015">
				<ele>121.0</ele>
				<time>2021-02-24T08:28:54</time>
			</trkpt>
			<trkpt lat="48.81650992669165" lon="2.7963499166071415">
				<ele>121.0</ele>
				<time>2021-02-24T08:28:55</time>
			</trkpt>
			<trkpt lat="48.81651998497546" lon="2.796299960464239">
				<ele>121.0</ele>
				<time>2021-02-24T08:28:55</time>
			</trkpt>
			<trkpt lat="48.81651998497546" lon="2.796209938824177">
				<ele>121.0</ele>
				<time>2021-02-24T08:28:56</time>
			</trkpt>
			<trkpt lat="48.81651998497546" lon="2.796039953827858">
				<ele>121.0</ele>
				<time>2021-02-24T08:28:58</time>
			</trkpt>
			<trkpt lat="48.81650992669165" lon="2.7959699649363756">
				<ele>121.0</ele>
				<time>2021-02-24T08:28:58</time>
			</trkpt>
			<trkpt lat="48.81650992669165" lon="2.7958799432963133">
				<ele>121.0</ele>
				<time>2021-02-24T08:28:59</time>
			</trkpt>
			<trkpt lat="48.8164799194783" lon="2.7957399655133486">
				<ele>121.0</ele>
				<time>2021-02-24T08:29:01</time>
			</trkpt>
			<trkpt lat="48.816429963335395" lon="2.7955199405550957">
				<ele>121.0</ele>
				<time>2021-02-24T08:29:03</time>
			</trkpt>
			<trkpt lat="48.81638998165727" lon="2.7952699922025204">
				<ele>121.0</ele>
				<time>2021-02-24T08:29:05</time>
			</trkpt>
			<trkpt lat="48.81634999997914" lon="2.795159937813878">
				<ele>121.0</ele>
				<time>2021-02-24T08:29:07</time>
			</trkpt>
			<trkpt lat="48.81630993448198" lon="2.79509992338717">
				<ele>121.0</ele>
				<time>2021-02-24T08:29:07</time>
			</trkpt>
			<trkpt lat="48.81628998555243" lon="2.7950299344956875">
				<ele>122.0</ele>
				<time>2021-02-24T08:29:08</time>
			</trkpt>
			<trkpt lat="48.81620993837714" lon="2.7947699278593063">
				<ele>122.0</ele>
				<time>2021-02-24T08:29:11</time>
			</trkpt>
			<trkpt lat="48.8160499278456" lon="2.794209932908416">
				<ele>122.0</ele>
				<time>2021-02-24T08:29:16</time>
			</trkpt>
			<trkpt lat="48.81600994616747" lon="2.794089987874031">
				<ele>122.0</ele>
				<time>2021-02-24T08:29:18</time>
			</trkpt>
			<trkpt lat="48.81585999391973" lon="2.7935099601745605">
				<ele>121.0</ele>
				<time>2021-02-24T08:29:24</time>
			</trkpt>
			<trkpt lat="48.815719932317734" lon="2.7930499613285065">
				<ele>121.0</ele>
				<time>2021-02-24T08:29:28</time>
			</trkpt>
			<trkpt lat="48.81564994342625" lon="2.7928099874407053">
				<ele>121.0</ele>
				<time>2021-02-24T08:29:31</time>
			</trkpt>
			<trkpt lat="48.815569980069995" lon="2.792549980804324">
				<ele>122.0</ele>
				<time>2021-02-24T08:29:34</time>
			</trkpt>
			<trkpt lat="48.81553997285664" lon="2.792479991912842">
				<ele>122.0</ele>
				<time>2021-02-24T08:29:34</time>
			</trkpt>
			<trkpt lat="48.81551994010806" lon="2.7924199774861336">
				<ele>122.0</ele>
				<time>2021-02-24T08:29:35</time>
			</trkpt>
			<trkpt lat="48.815419944003224" lon="2.7921799197793007">
				<ele>122.0</ele>
				<time>2021-02-24T08:29:38</time>
			</trkpt>
			<trkpt lat="48.81533998064697" lon="2.7919899858534336">
				<ele>121.0</ele>
				<time>2021-02-24T08:29:40</time>
			</trkpt>
			<trkpt lat="48.815289940685034" lon="2.7918799314647913">
				<ele>121.0</ele>
				<time>2021-02-24T08:29:41</time>
			</trkpt>
			<trkpt lat="48.815099922940135" lon="2.7914899215102196">
				<ele>120.0</ele>
				<time>2021-02-24T08:29:46</time>
			</trkpt>
			<trkpt lat="48.81501995958388" lon="2.7913299947977066">
				<ele>120.0</ele>
				<time>2021-02-24T08:29:47</time>
			</trkpt>
			<trkpt lat="48.814989952370524" lon="2.79118993319571">
				<ele>120.0</ele>
				<time>2021-02-24T08:29:49</time>
			</trkpt>
			<trkpt lat="48.814929937943816" lon="2.7910899370908737">
				<ele>120.0</ele>
				<time>2021-02-24T08:29:50</time>
			</trkpt>
			<trkpt lat="48.81484997458756" lon="2.790979966521263">
				<ele>120.0</ele>
				<time>2021-02-24T08:29:52</time>
			</trkpt>
			<trkpt lat="48.81461997516453" lon="2.790739992633462">
				<ele>119.0</ele>
				<time>2021-02-24T08:29:56</time>
			</trkpt>
			<trkpt lat="48.814429957419634" lon="2.790529942139983">
				<ele>118.0</ele>
				<time>2021-02-24T08:29:59</time>
			</trkpt>
			<trkpt lat="48.81435996852815" lon="2.790529942139983">
				<ele>118.0</ele>
				<time>2021-02-24T08:30:00</time>
			</trkpt>
			<trkpt lat="48.81396995857358" lon="2.7904299460351467">
				<ele>118.0</ele>
				<time>2021-02-24T08:30:06</time>
			</trkpt>
			<trkpt lat="48.81384992972016" lon="2.7903999388217926">
				<ele>118.0</ele>
				<time>2021-02-24T08:30:07</time>
			</trkpt>
			<trkpt lat="48.81376996636391" lon="2.7903999388217926">
				<ele>118.0</ele>
				<time>2021-02-24T08:30:09</time>
			</trkpt>
			<trkpt lat="48.81368991918862" lon="2.7903999388217926">
				<ele>119.0</ele>
				<time>2021-02-24T08:30:10</time>
			</trkpt>
			<trkpt lat="48.81358992308378" lon="2.7904099971055984">
				<ele>119.0</ele>
				<time>2021-02-24T08:30:11</time>
			</trkpt>
			<trkpt lat="48.81349998526275" lon="2.7904199715703726">
				<ele>119.0</ele>
				<time>2021-02-24T08:30:12</time>
			</trkpt>
			<trkpt lat="48.81297997198999" lon="2.790499934926629">
				<ele>119.0</ele>
				<time>2021-02-24T08:30:20</time>
			</trkpt>
			<trkpt lat="48.8128499686718" lon="2.790519967675209">
				<ele>120.0</ele>
				<time>2021-02-24T08:30:22</time>
			</trkpt>
			<trkpt lat="48.81276992149651" lon="2.790529942139983">
				<ele>120.0</ele>
				<time>2021-02-24T08:30:23</time>
			</trkpt>
			<trkpt lat="48.81267998367548" lon="2.790529942139983">
				<ele>120.0</ele>
				<time>2021-02-24T08:30:24</time>
			</trkpt>
			<trkpt lat="48.812629943713546" lon="2.790529942139983">
				<ele>120.0</ele>
				<time>2021-02-24T08:30:25</time>
			</trkpt>
			<trkpt lat="48.81258996203542" lon="2.790519967675209">
				<ele>120.0</ele>
				<time>2021-02-24T08:30:26</time>
			</trkpt>
			<trkpt lat="48.812469933182" lon="2.790509993210435">
				<ele>119.0</ele>
				<time>2021-02-24T08:30:27</time>
			</trkpt>
			<trkpt lat="48.812349988147616" lon="2.790479985997081">
				<ele>118.0</ele>
				<time>2021-02-24T08:30:29</time>
			</trkpt>
			<trkpt lat="48.812259966507554" lon="2.7904499787837267">
				<ele>118.0</ele>
				<time>2021-02-24T08:30:30</time>
			</trkpt>
			<trkpt lat="48.81215997040272" lon="2.7904299460351467">
				<ele>118.0</ele>
				<time>2021-02-24T08:30:32</time>
			</trkpt>
			<trkpt lat="48.81207992322743" lon="2.7903999388217926">
				<ele>118.0</ele>
				<time>2021-02-24T08:30:33</time>
			</trkpt>
			<trkpt lat="48.8119899854064" lon="2.7903499826788902">
				<ele>118.0</ele>
				<time>2021-02-24T08:30:34</time>
			</trkpt>
			<trkpt lat="48.81188998930156" lon="2.790299942716956">
				<ele>118.0</ele>
				<time>2021-02-24T08:30:36</time>
			</trkpt>
			<trkpt lat="48.8117999676615" lon="2.790229953825474">
				<ele>118.0</ele>
				<time>2021-02-24T08:30:37</time>
			</trkpt>
			<trkpt lat="48.81167993880808" lon="2.7901399321854115">
				<ele>118.0</ele>
				<time>2021-02-24T08:30:39</time>
			</trkpt>
			<trkpt lat="48.81156996823847" lon="2.790039936080575">
				<ele>118.0</ele>
				<time>2021-02-24T08:30:41</time>
			</trkpt>
			<trkpt lat="48.811529986560345" lon="2.7899999544024467">
				<ele>118.0</ele>
				<time>2021-02-24T08:30:42</time>
			</trkpt>
			<trkpt lat="48.81146997213364" lon="2.7898799255490303">
				<ele>118.0</ele>
				<time>2021-02-24T08:30:43</time>
			</trkpt>
			<trkpt lat="48.81126997992396" lon="2.789659984409809">
				<ele>119.0</ele>
				<time>2021-02-24T08:30:47</time>
			</trkpt>
			<trkpt lat="48.81112991832197" lon="2.7894799411296844">
				<ele>120.0</ele>
				<time>2021-02-24T08:30:49</time>
			</trkpt>
			<trkpt lat="48.81106998771429" lon="2.789369970560074">
				<ele>120.0</ele>
				<time>2021-02-24T08:30:51</time>
			</trkpt>
			<trkpt lat="48.81100997328758" lon="2.7892699744552374">
				<ele>120.0</ele>
				<time>2021-02-24T08:30:52</time>
			</trkpt>
			<trkpt lat="48.810989940539" lon="2.7892399672418833">
				<ele>120.0</ele>
				<time>2021-02-24T08:30:52</time>
			</trkpt>
			<trkpt lat="48.81089991889894" lon="2.7890399750322104">
				<ele>121.0</ele>
				<time>2021-02-24T08:30:55</time>
			</trkpt>
			<trkpt lat="48.81078994832933" lon="2.788759935647249">
				<ele>119.0</ele>
				<time>2021-02-24T08:30:58</time>
			</trkpt>
			<trkpt lat="48.81069992668927" lon="2.7884499728679657">
				<ele>119.0</ele>
				<time>2021-02-24T08:31:01</time>
			</trkpt>
			<trkpt lat="48.81061996333301" lon="2.788099944591522">
				<ele>120.0</ele>
				<time>2021-02-24T08:31:04</time>
			</trkpt>
			<trkpt lat="48.81056992337108" lon="2.7877499163150787">
				<ele>120.0</ele>
				<time>2021-02-24T08:31:08</time>
			</trkpt>
			<trkpt lat="48.8105599489063" lon="2.787659978494048">
				<ele>120.0</ele>
				<time>2021-02-24T08:31:09</time>
			</trkpt>
			<trkpt lat="48.8105599489063" lon="2.787609938532114">
				<ele>120.0</ele>
				<time>2021-02-24T08:31:09</time>
			</trkpt>
			<trkpt lat="48.8105599489063" lon="2.7875299751758575">
				<ele>120.0</ele>
				<time>2021-02-24T08:31:10</time>
			</trkpt>
			<trkpt lat="48.81046992726624" lon="2.7875599823892117">
				<ele>119.0</ele>
				<time>2021-02-24T08:31:11</time>
			</trkpt>
			<trkpt lat="48.81020992062986" lon="2.7876499202102423">
				<ele>119.0</ele>
				<time>2021-02-24T08:31:15</time>
			</trkpt>
			<trkpt lat="48.81016993895173" lon="2.7876699529588223">
				<ele>119.0</ele>
				<time>2021-02-24T08:31:15</time>
			</trkpt>
			<trkpt lat="48.81010992452502" lon="2.7877199929207563">
				<ele>119.0</ele>
				<time>2021-02-24T08:31:16</time>
			</trkpt>
			<trkpt lat="48.810029961168766" lon="2.7877399418503046">
				<ele>119.0</ele>
				<time>2021-02-24T08:31:18</time>
			</trkpt>
			<trkpt lat="48.80874996073544" lon="2.788119977340102">
				<ele>123.0</ele>
				<time>2021-02-24T08:31:36</time>
			</trkpt>
			<trkpt lat="48.80764991976321" lon="2.7884299401193857">
				<ele>122.0</ele>
				<time>2021-02-24T08:31:52</time>
			</trkpt>
			<trkpt lat="48.80739997141063" lon="2.788469921797514">
				<ele>122.0</ele>
				<time>2021-02-24T08:31:56</time>
			</trkpt>
			<trkpt lat="48.80720995366573" lon="2.78847998008132">
				<ele>121.0</ele>
				<time>2021-02-24T08:31:59</time>
			</trkpt>
			<trkpt lat="48.806999986991286" lon="2.788469921797514">
				<ele>121.0</ele>
				<time>2021-02-24T08:32:02</time>
			</trkpt>
			<trkpt lat="48.806269923225045" lon="2.7883999329060316">
				<ele>121.0</ele>
				<time>2021-02-24T08:32:12</time>
			</trkpt>
			<trkpt lat="48.80589994601905" lon="2.7883299440145493">
				<ele>122.0</ele>
				<time>2021-02-24T08:32:17</time>
			</trkpt>
			<trkpt lat="48.80575996823609" lon="2.788299936801195">
				<ele>121.0</ele>
				<time>2021-02-24T08:32:19</time>
			</trkpt>
			<trkpt lat="48.80535998381674" lon="2.7881599590182304">
				<ele>119.0</ele>
				<time>2021-02-24T08:32:25</time>
			</trkpt>
			<trkpt lat="48.8052499294281" lon="2.7881099190562963">
				<ele>119.0</ele>
				<time>2021-02-24T08:32:27</time>
			</trkpt>
			<trkpt lat="48.80505999550223" lon="2.788039930164814">
				<ele>118.0</ele>
				<time>2021-02-24T08:32:30</time>
			</trkpt>
			<trkpt lat="48.80498992279172" lon="2.78800992295146">
				<ele>118.0</ele>
				<time>2021-02-24T08:32:31</time>
			</trkpt>
			<trkpt lat="48.80489998497069" lon="2.7879699412733316">
				<ele>118.0</ele>
				<time>2021-02-24T08:32:32</time>
			</trkpt>
			<trkpt lat="48.80483997054398" lon="2.7879399340599775">
				<ele>118.0</ele>
				<time>2021-02-24T08:32:33</time>
			</trkpt>
			<trkpt lat="48.80474994890392" lon="2.7878799196332693">
				<ele>118.0</ele>
				<time>2021-02-24T08:32:34</time>
			</trkpt>
			<trkpt lat="48.804699992761016" lon="2.787829963490367">
				<ele>118.0</ele>
				<time>2021-02-24T08:32:35</time>
			</trkpt>
			<trkpt lat="48.804529923945665" lon="2.7876499202102423">
				<ele>118.0</ele>
				<time>2021-02-24T08:32:38</time>
			</trkpt>
			<trkpt lat="48.80445993505418" lon="2.7875599823892117">
				<ele>118.0</ele>
				<time>2021-02-24T08:32:39</time>
			</trkpt>
			<trkpt lat="48.80434996448457" lon="2.7874499280005693">
				<ele>119.0</ele>
				<time>2021-02-24T08:32:41</time>
			</trkpt>
			<trkpt lat="48.80421996116638" lon="2.7873199246823788">
				<ele>120.0</ele>
				<time>2021-02-24T08:32:44</time>
			</trkpt>
			<trkpt lat="48.804099932312965" lon="2.787209954112768">
				<ele>120.0</ele>
				<time>2021-02-24T08:32:46</time>
			</trkpt>
			<trkpt lat="48.80349995568395" lon="2.7865899447351694">
				<ele>122.0</ele>
				<time>2021-02-24T08:32:56</time>
			</trkpt>
			<trkpt lat="48.803409934043884" lon="2.786499923095107">
				<ele>123.0</ele>
				<time>2021-02-24T08:32:58</time>
			</trkpt>
			<trkpt lat="48.802999975159764" lon="2.7860199753195047">
				<ele>124.0</ele>
				<time>2021-02-24T08:33:05</time>
			</trkpt>
			<trkpt lat="48.8026699796319" lon="2.7855399437248707">
				<ele>124.0</ele>
				<time>2021-02-24T08:33:11</time>
			</trkpt>
			<trkpt lat="48.80258993245661" lon="2.78542997315526">
				<ele>124.0</ele>
				<time>2021-02-24T08:33:13</time>
			</trkpt>
			<trkpt lat="48.802419947460294" lon="2.785149933770299">
				<ele>124.0</ele>
				<time>2021-02-24T08:33:17</time>
			</trkpt>
			<trkpt lat="48.80227996967733" lon="2.7848599199205637">
				<ele>125.0</ele>
				<time>2021-02-24T08:33:20</time>
			</trkpt>
			<trkpt lat="48.80191996693611" lon="2.7841599471867085">
				<ele>126.0</ele>
				<time>2021-02-24T08:33:28</time>
			</trkpt>
			<trkpt lat="48.80173992365599" lon="2.783829951658845">
				<ele>125.0</ele>
				<time>2021-02-24T08:33:32</time>
			</trkpt>
			<trkpt lat="48.801629953086376" lon="2.783609926700592">
				<ele>125.0</ele>
				<time>2021-02-24T08:33:35</time>
			</trkpt>
			<trkpt lat="48.80154998973012" lon="2.783449999988079">
				<ele>125.0</ele>
				<time>2021-02-24T08:33:37</time>
			</trkpt>
			<trkpt lat="48.80134999752045" lon="2.7830799389630556">
				<ele>124.0</ele>
				<time>2021-02-24T08:33:41</time>
			</trkpt>
			<trkpt lat="48.80127992480993" lon="2.782939961180091">
				<ele>124.0</ele>
				<time>2021-02-24T08:33:43</time>
			</trkpt>
			<trkpt lat="48.801129972562194" lon="2.7826599217951298">
				<ele>124.0</ele>
				<time>2021-02-24T08:33:46</time>
			</trkpt>
			<trkpt lat="48.80042999982834" lon="2.7814799174666405">
				<ele>122.0</ele>
				<time>2021-02-24T08:34:01</time>
			</trkpt>
			<trkpt lat="48.800319945439696" lon="2.7812799252569675">
				<ele>123.0</ele>
				<time>2021-02-24T08:34:04</time>
			</trkpt>
			<trkpt lat="48.80016999319196" lon="2.780999969691038">
				<ele>123.0</ele>
				<time>2021-02-24T08:34:07</time>
			</trkpt>
			<trkpt lat="48.800079971551895" lon="2.780799977481365">
				<ele>123.0</ele>
				<time>2021-02-24T08:34:10</time>
			</trkpt>
			<trkpt lat="48.80003998987377" lon="2.780729988589883">
				<ele>123.0</ele>
				<time>2021-02-24T08:34:10</time>
			</trkpt>
			<trkpt lat="48.80000998266041" lon="2.7806699741631746">
				<ele>122.0</ele>
				<time>2021-02-24T08:34:11</time>
			</trkpt>
			<trkpt lat="48.799869921058416" lon="2.7804199419915676">
				<ele>122.0</ele>
				<time>2021-02-24T08:34:14</time>
			</trkpt>
			<trkpt lat="48.799759950488806" lon="2.780229924246669">
				<ele>121.0</ele>
				<time>2021-02-24T08:34:17</time>
			</trkpt>
			<trkpt lat="48.79948996938765" lon="2.7797499764710665">
				<ele>121.0</ele>
				<time>2021-02-24T08:34:23</time>
			</trkpt>
			<trkpt lat="48.79929995164275" lon="2.779409922659397">
				<ele>121.0</ele>
				<time>2021-02-24T08:34:27</time>
			</trkpt>
			<trkpt lat="48.79911999218166" lon="2.7790699526667595">
				<ele>122.0</ele>
				<time>2021-02-24T08:34:31</time>
			</trkpt>
			<trkpt lat="48.79892997443676" lon="2.778739957138896">
				<ele>122.0</ele>
				<time>2021-02-24T08:34:35</time>
			</trkpt>
			<trkpt lat="48.79849998280406" lon="2.777829933911562">
				<ele>122.0</ele>
				<time>2021-02-24T08:34:45</time>
			</trkpt>
			<trkpt lat="48.79826998338103" lon="2.777419975027442">
				<ele>122.0</ele>
				<time>2021-02-24T08:34:51</time>
			</trkpt>
			<trkpt lat="48.798039983958006" lon="2.776989983394742">
				<ele>121.0</ele>
				<time>2021-02-24T08:34:56</time>
			</trkpt>
			<trkpt lat="48.797929929569364" lon="2.7767799329012632">
				<ele>121.0</ele>
				<time>2021-02-24T08:34:58</time>
			</trkpt>
			<trkpt lat="48.79787997342646" lon="2.7766899950802326">
				<ele>121.0</ele>
				<time>2021-02-24T08:34:59</time>
			</trkpt>
			<trkpt lat="48.797759944573045" lon="2.776479944586754">
				<ele>120.0</ele>
				<time>2021-02-24T08:35:02</time>
			</trkpt>
			<trkpt lat="48.797649974003434" lon="2.776299985125661">
				<ele>118.0</ele>
				<time>2021-02-24T08:35:04</time>
			</trkpt>
			<trkpt lat="48.79746993072331" lon="2.7760099712759256">
				<ele>117.0</ele>
				<time>2021-02-24T08:35:08</time>
			</trkpt>
			<trkpt lat="48.79731997847557" lon="2.775799920782447">
				<ele>116.0</ele>
				<time>2021-02-24T08:35:11</time>
			</trkpt>
			<trkpt lat="48.79714999347925" lon="2.7755399979650974">
				<ele>116.0</ele>
				<time>2021-02-24T08:35:14</time>
			</trkpt>
			<trkpt lat="48.79696995019913" lon="2.775219976902008">
				<ele>117.0</ele>
				<time>2021-02-24T08:35:18</time>
			</trkpt>
			<trkpt lat="48.79671991802752" lon="2.774789985269308">
				<ele>117.0</ele>
				<time>2021-02-24T08:35:24</time>
			</trkpt>
			<trkpt lat="48.79641992971301" lon="2.774249939247966">
				<ele>117.0</ele>
				<time>2021-02-24T08:35:30</time>
			</trkpt>
			<trkpt lat="48.796189930289984" lon="2.773819947615266">
				<ele>118.0</ele>
				<time>2021-02-24T08:35:36</time>
			</trkpt>
			<trkpt lat="48.7959299236536" lon="2.7733399998396635">
				<ele>115.0</ele>
				<time>2021-02-24T08:35:42</time>
			</trkpt>
			<trkpt lat="48.795419968664646" lon="2.772359987720847">
				<ele>116.0</ele>
				<time>2021-02-24T08:35:53</time>
			</trkpt>
			<trkpt lat="48.795309998095036" lon="2.7721499372273684">
				<ele>117.0</ele>
				<time>2021-02-24T08:35:56</time>
			</trkpt>
			<trkpt lat="48.794919988140464" lon="2.771399924531579">
				<ele>117.0</ele>
				<time>2021-02-24T08:36:05</time>
			</trkpt>
			<trkpt lat="48.79471999593079" lon="2.7710399217903614">
				<ele>117.0</ele>
				<time>2021-02-24T08:36:09</time>
			</trkpt>
			<trkpt lat="48.793739983811975" lon="2.769219959154725">
				<ele>116.0</ele>
				<time>2021-02-24T08:36:31</time>
			</trkpt>
			<trkpt lat="48.7935399916023" lon="2.7688399236649275">
				<ele>117.0</ele>
				<time>2021-02-24T08:36:36</time>
			</trkpt>
			<trkpt lat="48.793309992179275" lon="2.7684099320322275">
				<ele>118.0</ele>
				<time>2021-02-24T08:36:41</time>
			</trkpt>
			<trkpt lat="48.79312994889915" lon="2.76847992092371">
				<ele>120.0</ele>
				<time>2021-02-24T08:36:44</time>
			</trkpt>
			<trkpt lat="48.792429976165295" lon="2.768769934773445">
				<ele>121.0</ele>
				<time>2021-02-24T08:36:54</time>
			</trkpt>
			<trkpt lat="48.79196997731924" lon="2.768959952518344">
				<ele>123.0</ele>
				<time>2021-02-24T08:37:01</time>
			</trkpt>
			<trkpt lat="48.79190996289253" lon="2.768969926983118">
				<ele>123.0</ele>
				<time>2021-02-24T08:37:02</time>
			</trkpt>
			<trkpt lat="48.791789934039116" lon="2.769009992480278">
				<ele>123.0</ele>
				<time>2021-02-24T08:37:04</time>
			</trkpt>
			<trkpt lat="48.791679963469505" lon="2.769039999693632">
				<ele>122.0</ele>
				<time>2021-02-24T08:37:05</time>
			</trkpt>
			<trkpt lat="48.791529927402735" lon="2.7690699230879545">
				<ele>121.0</ele>
				<time>2021-02-24T08:37:07</time>
			</trkpt>
			<trkpt lat="48.79132993519306" lon="2.7691099885851145">
				<ele>120.0</ele>
				<time>2021-02-24T08:37:10</time>
			</trkpt>
			<trkpt lat="48.791099935770035" lon="2.7691199630498886">
				<ele>120.0</ele>
				<time>2021-02-24T08:37:14</time>
			</trkpt>
			<trkpt lat="48.79082995466888" lon="2.7691399957984686">
				<ele>121.0</ele>
				<time>2021-02-24T08:37:17</time>
			</trkpt>
			<trkpt lat="48.790519991889596" lon="2.7691199630498886">
				<ele>121.0</ele>
				<time>2021-02-24T08:37:22</time>
			</trkpt>
			<trkpt lat="48.79029996693134" lon="2.7691199630498886">
				<ele>121.0</ele>
				<time>2021-02-24T08:37:25</time>
			</trkpt>
			<trkpt lat="48.79000995308161" lon="2.7690799813717604">
				<ele>121.0</ele>
				<time>2021-02-24T08:37:29</time>
			</trkpt>
			<trkpt lat="48.789139995351434" lon="2.768999934196472">
				<ele>120.0</ele>
				<time>2021-02-24T08:37:42</time>
			</trkpt>
			<trkpt lat="48.78899993374944" lon="2.768999934196472">
				<ele>119.0</ele>
				<time>2021-02-24T08:37:44</time>
			</trkpt>
			<trkpt lat="48.788929944857955" lon="2.768999934196472">
				<ele>118.0</ele>
				<time>2021-02-24T08:37:45</time>
			</trkpt>
			<trkpt lat="48.788799941539764" lon="2.769009992480278">
				<ele>117.0</ele>
				<time>2021-02-24T08:37:47</time>
			</trkpt>
			<trkpt lat="48.7887099198997" lon="2.7690299414098263">
				<ele>116.0</ele>
				<time>2021-02-24T08:37:48</time>
			</trkpt>
			<trkpt lat="48.788479920476675" lon="2.7691199630498886">
				<ele>115.0</ele>
				<time>2021-02-24T08:37:51</time>
			</trkpt>
			<trkpt lat="48.78824992105365" lon="2.769249966368079">
				<ele>115.0</ele>
				<time>2021-02-24T08:37:55</time>
			</trkpt>
			<trkpt lat="48.78820993937552" lon="2.7692899480462074">
				<ele>115.0</ele>
				<time>2021-02-24T08:37:55</time>
			</trkpt>
			<trkpt lat="48.78812997601926" lon="2.7693499624729156">
				<ele>116.0</ele>
				<time>2021-02-24T08:37:57</time>
			</trkpt>
			<trkpt lat="48.78805998712778" lon="2.769419951364398">
				<ele>116.0</ele>
				<time>2021-02-24T08:37:58</time>
			</trkpt>
			<trkpt lat="48.78801992163062" lon="2.769469991326332">
				<ele>117.0</ele>
				<time>2021-02-24T08:37:59</time>
			</trkpt>
			<trkpt lat="48.787899976596236" lon="2.769629918038845">
				<ele>119.0</ele>
				<time>2021-02-24T08:38:01</time>
			</trkpt>
			<trkpt lat="48.78773996606469" lon="2.769879950210452">
				<ele>120.0</ele>
				<time>2021-02-24T08:38:04</time>
			</trkpt>
			<trkpt lat="48.78757995553315" lon="2.7701199240982533">
				<ele>121.0</ele>
				<time>2021-02-24T08:38:07</time>
			</trkpt>
			<trkpt lat="48.78749999217689" lon="2.7702199202030897">
				<ele>120.0</ele>
				<time>2021-02-24T08:38:09</time>
			</trkpt>
			<trkpt lat="48.78740997053683" lon="2.770289992913604">
				<ele>120.0</ele>
				<time>2021-02-24T08:38:10</time>
			</trkpt>
			<trkpt lat="48.78727996721864" lon="2.770339949056506">
				<ele>119.0</ele>
				<time>2021-02-24T08:38:12</time>
			</trkpt>
			<trkpt lat="48.78638997673988" lon="2.7706399373710155">
				<ele>117.0</ele>
				<time>2021-02-24T08:38:25</time>
			</trkpt>
			<trkpt lat="48.78601999953389" lon="2.770759966224432">
				<ele>116.0</ele>
				<time>2021-02-24T08:38:31</time>
			</trkpt>
			<trkpt lat="48.78581992350519" lon="2.7708099223673344">
				<ele>117.0</ele>
				<time>2021-02-24T08:38:34</time>
			</trkpt>
			<trkpt lat="48.785550110042095" lon="2.7709198091179132">
				<ele>117.99</ele>
				<time>2021-02-24T08:38:38</time>
			</trkpt>
			<trkpt lat="48.78554994240403" lon="2.7709199767559767">
				<ele>118.0</ele>
				<time>2021-02-24T08:38:38</time>
			</trkpt>
			<trkpt lat="48.78543997183442" lon="2.770969932898879">
				<ele>119.0</ele>
				<time>2021-02-24T08:38:39</time>
			</trkpt>
			<trkpt lat="48.78524995408952" lon="2.7710799872875214">
				<ele>120.0</ele>
				<time>2021-02-24T08:38:42</time>
			</trkpt>
			<trkpt lat="48.78508994355798" lon="2.771189957857132">
				<ele>120.0</ele>
				<time>2021-02-24T08:38:45</time>
			</trkpt>
			<trkpt lat="48.785019954666495" lon="2.77124997228384">
				<ele>121.0</ele>
				<time>2021-02-24T08:38:46</time>
			</trkpt>
			<trkpt lat="48.78494996577501" lon="2.7713399939239025">
				<ele>121.0</ele>
				<time>2021-02-24T08:38:47</time>
			</trkpt>
			<trkpt lat="48.784909984096885" lon="2.771399924531579">
				<ele>121.0</ele>
				<time>2021-02-24T08:38:48</time>
			</trkpt>
			<trkpt lat="48.7848399952054" lon="2.7714999206364155">
				<ele>121.0</ele>
				<time>2021-02-24T08:38:49</time>
			</trkpt>
			<trkpt lat="48.78479992970824" lon="2.7715799678117037">
				<ele>121.0</ele>
				<time>2021-02-24T08:38:50</time>
			</trkpt>
			<trkpt lat="48.78466992639005" lon="2.7718299999833107">
				<ele>119.0</ele>
				<time>2021-02-24T08:38:53</time>
			</trkpt>
			<trkpt lat="48.78436993807554" lon="2.7724099438637495">
				<ele>118.0</ele>
				<time>2021-02-24T08:39:00</time>
			</trkpt>
			<trkpt lat="48.784219985827804" lon="2.772709932178259">
				<ele>118.0</ele>
				<time>2021-02-24T08:39:04</time>
			</trkpt>
			<trkpt lat="48.78407992422581" lon="2.77298997156322">
				<ele>119.0</ele>
				<time>2021-02-24T08:39:07</time>
			</trkpt>
			<trkpt lat="48.78395997919142" lon="2.773209996521473">
				<ele>119.0</ele>
				<time>2021-02-24T08:39:10</time>
			</trkpt>
			<trkpt lat="48.78394992090762" lon="2.773219970986247">
				<ele>119.0</ele>
				<time>2021-02-24T08:39:10</time>
			</trkpt>
			<trkpt lat="48.78386995755136" lon="2.7733499743044376">
				<ele>118.0</ele>
				<time>2021-02-24T08:39:12</time>
			</trkpt>
			<trkpt lat="48.78375998698175" lon="2.7734999265521765">
				<ele>118.0</ele>
				<time>2021-02-24T08:39:14</time>
			</trkpt>
			<trkpt lat="48.78367993980646" lon="2.773589948192239">
				<ele>118.0</ele>
				<time>2021-02-24T08:39:15</time>
			</trkpt>
			<trkpt lat="48.783579943701625" lon="2.773669995367527">
				<ele>117.0</ele>
				<time>2021-02-24T08:39:17</time>
			</trkpt>
			<trkpt lat="48.783429991453886" lon="2.7737899404019117">
				<ele>117.0</ele>
				<time>2021-02-24T08:39:19</time>
			</trkpt>
			<trkpt lat="48.783149952068925" lon="2.7739999908953905">
				<ele>117.0</ele>
				<time>2021-02-24T08:39:24</time>
			</trkpt>
			<trkpt lat="48.78262993879616" lon="2.7743899170309305">
				<ele>116.0</ele>
				<time>2021-02-24T08:39:32</time>
			</trkpt>
			<trkpt lat="48.78227999433875" lon="2.7746699564158916">
				<ele>115.0</ele>
				<time>2021-02-24T08:39:38</time>
			</trkpt>
			<trkpt lat="48.78189995884895" lon="2.774969944730401">
				<ele>116.0</ele>
				<time>2021-02-24T08:39:44</time>
			</trkpt>
			<trkpt lat="48.78188998438418" lon="2.774979919195175">
				<ele>116.0</ele>
				<time>2021-02-24T08:39:44</time>
			</trkpt>
			<trkpt lat="48.78149997442961" lon="2.7752699330449104">
				<ele>115.0</ele>
				<time>2021-02-24T08:39:50</time>
			</trkpt>
			<trkpt lat="48.78148999996483" lon="2.7752699330449104">
				<ele>115.0</ele>
				<time>2021-02-24T08:39:50</time>
			</trkpt>
			<trkpt lat="48.78104995004833" lon="2.775619961321354">
				<ele>117.0</ele>
				<time>2021-02-24T08:39:57</time>
			</trkpt>
			<trkpt lat="48.780869990587234" lon="2.7757499646395445">
				<ele>116.0</ele>
				<time>2021-02-24T08:40:00</time>
			</trkpt>
			<trkpt lat="48.780549969524145" lon="2.7759899385273457">
				<ele>114.0</ele>
				<time>2021-02-24T08:40:05</time>
			</trkpt>
			<trkpt lat="48.78047998063266" lon="2.7760399784892797">
				<ele>114.0</ele>
				<time>2021-02-24T08:40:06</time>
			</trkpt>
			<trkpt lat="48.780399933457375" lon="2.776099992915988">
				<ele>114.0</ele>
				<time>2021-02-24T08:40:08</time>
			</trkpt>
			<trkpt lat="48.779949992895126" lon="2.7764299884438515">
				<ele>114.0</ele>
				<time>2021-02-24T08:40:15</time>
			</trkpt>
			<trkpt lat="48.77989995293319" lon="2.7764699701219797">
				<ele>113.0</ele>
				<time>2021-02-24T08:40:16</time>
			</trkpt>
			<trkpt lat="48.77986994571984" lon="2.776489919051528">
				<ele>113.0</ele>
				<time>2021-02-24T08:40:16</time>
			</trkpt>
			<trkpt lat="48.77959996461868" lon="2.7766899950802326">
				<ele>113.0</ele>
				<time>2021-02-24T08:40:20</time>
			</trkpt>
			<trkpt lat="48.77931992523372" lon="2.7768899872899055">
				<ele>115.0</ele>
				<time>2021-02-24T08:40:25</time>
			</trkpt>
			<trkpt lat="48.7790999840945" lon="2.7770499978214502">
				<ele>115.0</ele>
				<time>2021-02-24T08:40:28</time>
			</trkpt>
			<trkpt lat="48.778789937496185" lon="2.7772699389606714">
				<ele>116.0</ele>
				<time>2021-02-24T08:40:33</time>
			</trkpt>
			<trkpt lat="48.778399927541614" lon="2.777569927275181">
				<ele>116.0</ele>
				<time>2021-02-24T08:40:39</time>
			</trkpt>
			<trkpt lat="48.77823991701007" lon="2.7776999305933714">
				<ele>117.0</ele>
				<time>2021-02-24T08:40:42</time>
			</trkpt>
			<trkpt lat="48.77810999751091" lon="2.777839992195368">
				<ele>117.0</ele>
				<time>2021-02-24T08:40:44</time>
			</trkpt>
			<trkpt lat="48.77797999419272" lon="2.777999918907881">
				<ele>116.0</ele>
				<time>2021-02-24T08:40:47</time>
			</trkpt>
			<trkpt lat="48.7778599653393" lon="2.7781499549746513">
				<ele>115.0</ele>
				<time>2021-02-24T08:40:49</time>
			</trkpt>
			<trkpt lat="48.777779918164015" lon="2.7782399766147137">
				<ele>115.0</ele>
				<time>2021-02-24T08:40:50</time>
			</trkpt>
			<trkpt lat="48.777669947594404" lon="2.778329998254776">
				<ele>114.0</ele>
				<time>2021-02-24T08:40:52</time>
			</trkpt>
			<trkpt lat="48.77754991874099" lon="2.7783899288624525">
				<ele>113.0</ele>
				<time>2021-02-24T08:40:54</time>
			</trkpt>
			<trkpt lat="48.77739996649325" lon="2.778459917753935">
				<ele>112.0</ele>
				<time>2021-02-24T08:40:56</time>
			</trkpt>
			<trkpt lat="48.777259988710284" lon="2.778479950502515">
				<ele>112.0</ele>
				<time>2021-02-24T08:40:58</time>
			</trkpt>
			<trkpt lat="48.77720994874835" lon="2.778499983251095">
				<ele>112.0</ele>
				<time>2021-02-24T08:40:59</time>
			</trkpt>
			<trkpt lat="48.77716996707022" lon="2.778509957715869">
				<ele>112.0</ele>
				<time>2021-02-24T08:41:00</time>
			</trkpt>
			<trkpt lat="48.7769899237901" lon="2.778539964929223">
				<ele>111.0</ele>
				<time>2021-02-24T08:41:02</time>
			</trkpt>
			<trkpt lat="48.77670996822417" lon="2.778549939393997">
				<ele>110.0</ele>
				<time>2021-02-24T08:41:06</time>
			</trkpt>
			<trkpt lat="48.77570992335677" lon="2.778489924967289">
				<ele>109.0</ele>
				<time>2021-02-24T08:41:20</time>
			</trkpt>
			<trkpt lat="48.77548998221755" lon="2.778459917753935">
				<ele>109.0</ele>
				<time>2021-02-24T08:41:24</time>
			</trkpt>
			<trkpt lat="48.77541999332607" lon="2.7784399688243866">
				<ele>109.0</ele>
				<time>2021-02-24T08:41:25</time>
			</trkpt>
			<trkpt lat="48.7752699572593" lon="2.7783999871462584">
				<ele>110.0</ele>
				<time>2021-02-24T08:41:27</time>
			</trkpt>
			<trkpt lat="48.775179935619235" lon="2.7783599216490984">
				<ele>110.0</ele>
				<time>2021-02-24T08:41:28</time>
			</trkpt>
			<trkpt lat="48.77509997226298" lon="2.778299991041422">
				<ele>110.0</ele>
				<time>2021-02-24T08:41:29</time>
			</trkpt>
			<trkpt lat="48.7748899217695" lon="2.7781499549746513">
				<ele>110.0</ele>
				<time>2021-02-24T08:41:33</time>
			</trkpt>
			<trkpt lat="48.77409992739558" lon="2.7773599606007338">
				<ele>115.0</ele>
				<time>2021-02-24T08:41:46</time>
			</trkpt>
			<trkpt lat="48.77353993244469" lon="2.776789991185069">
				<ele>110.0</ele>
				<time>2021-02-24T08:41:56</time>
			</trkpt>
			<trkpt lat="48.77309996634722" lon="2.776359999552369">
				<ele>110.0</ele>
				<time>2021-02-24T08:42:03</time>
			</trkpt>
			<trkpt lat="48.77291992306709" lon="2.7761599235236645">
				<ele>110.0</ele>
				<time>2021-02-24T08:42:07</time>
			</trkpt>
			<trkpt lat="48.77275999635458" lon="2.7759899385273457">
				<ele>110.0</ele>
				<time>2021-02-24T08:42:09</time>
			</trkpt>
			<trkpt lat="48.7725499458611" lon="2.7757599391043186">
				<ele>110.0</ele>
				<time>2021-02-24T08:42:13</time>
			</trkpt>
			<trkpt lat="48.772299997508526" lon="2.7754699252545834">
				<ele>111.0</ele>
				<time>2021-02-24T08:42:18</time>
			</trkpt>
			<trkpt lat="48.77210997976363" lon="2.7752699330449104">
				<ele>111.0</ele>
				<time>2021-02-24T08:42:21</time>
			</trkpt>
			<trkpt lat="48.77205993980169" lon="2.775219976902008">
				<ele>111.0</ele>
				<time>2021-02-24T08:42:22</time>
			</trkpt>
			<trkpt lat="48.771999925374985" lon="2.775189969688654">
				<ele>111.0</ele>
				<time>2021-02-24T08:42:23</time>
			</trkpt>
			<trkpt lat="48.77191996201873" lon="2.77517999522388">
				<ele>111.0</ele>
				<time>2021-02-24T08:42:24</time>
			</trkpt>
			<trkpt lat="48.77185994759202" lon="2.77517999522388">
				<ele>110.0</ele>
				<time>2021-02-24T08:42:25</time>
			</trkpt>
			<trkpt lat="48.77177998423576" lon="2.775199944153428">
				<ele>110.0</ele>
				<time>2021-02-24T08:42:26</time>
			</trkpt>
			<trkpt lat="48.77166992984712" lon="2.7752399258315563">
				<ele>110.0</ele>
				<time>2021-02-24T08:42:27</time>
			</trkpt>
			<trkpt lat="48.77129995264113" lon="2.775399936363101">
				<ele>109.0</ele>
				<time>2021-02-24T08:42:33</time>
			</trkpt>
			<trkpt lat="48.77097993157804" lon="2.7755499724298716">
				<ele>109.0</ele>
				<time>2021-02-24T08:42:38</time>
			</trkpt>
			<trkpt lat="48.770729983225465" lon="2.775659942999482">
				<ele>109.0</ele>
				<time>2021-02-24T08:42:41</time>
			</trkpt>
			<trkpt lat="48.770539965480566" lon="2.7757399901747704">
				<ele>109.0</ele>
				<time>2021-02-24T08:42:44</time>
			</trkpt>
			<trkpt lat="48.770409962162375" lon="2.7757799718528986">
				<ele>109.0</ele>
				<time>2021-02-24T08:42:46</time>
			</trkpt>
			<trkpt lat="48.77028993330896" lon="2.7758099790662527">
				<ele>109.0</ele>
				<time>2021-02-24T08:42:48</time>
			</trkpt>
			<trkpt lat="48.77019999548793" lon="2.775839986279607">
				<ele>109.0</ele>
				<time>2021-02-24T08:42:49</time>
			</trkpt>
			<trkpt lat="48.770089941099286" lon="2.775859935209155">
				<ele>110.0</ele>
				<time>2021-02-24T08:42:51</time>
			</trkpt>
			<trkpt lat="48.769979970529675" lon="2.775879967957735">
				<ele>110.0</ele>
				<time>2021-02-24T08:42:52</time>
			</trkpt>
			<trkpt lat="48.769829934462905" lon="2.775889942422509">
				<ele>110.0</ele>
				<time>2021-02-24T08:42:54</time>
			</trkpt>
			<trkpt lat="48.769679982215166" lon="2.775889942422509">
				<ele>110.0</ele>
				<time>2021-02-24T08:42:57</time>
			</trkpt>
			<trkpt lat="48.76953992061317" lon="2.775869993492961">
				<ele>109.0</ele>
				<time>2021-02-24T08:42:59</time>
			</trkpt>
			<trkpt lat="48.76936993561685" lon="2.775859935209155">
				<ele>109.0</ele>
				<time>2021-02-24T08:43:01</time>
			</trkpt>
			<trkpt lat="48.76919995062053" lon="2.775819953531027">
				<ele>108.0</ele>
				<time>2021-02-24T08:43:04</time>
			</trkpt>
			<trkpt lat="48.76876995898783" lon="2.7757399901747704">
				<ele>108.0</ele>
				<time>2021-02-24T08:43:10</time>
			</trkpt>
			<trkpt lat="48.76882997341454" lon="2.7762299962341785">
				<ele>107.0</ele>
				<time>2021-02-24T08:43:14</time>
			</trkpt>
			<trkpt lat="48.768839947879314" lon="2.7763899229466915">
				<ele>107.0</ele>
				<time>2021-02-24T08:43:16</time>
			</trkpt>
			<trkpt lat="48.768859980627894" lon="2.7766399551182985">
				<ele>107.0</ele>
				<time>2021-02-24T08:43:18</time>
			</trkpt>
			<trkpt lat="48.7689199950546" lon="2.7772599644958973">
				<ele>106.0</ele>
				<time>2021-02-24T08:43:24</time>
			</trkpt>
			<trkpt lat="48.76897992566228" lon="2.7778999228030443">
				<ele>103.0</ele>
				<time>2021-02-24T08:43:30</time>
			</trkpt>
			<trkpt lat="48.76901999115944" lon="2.7784299943596125">
				<ele>101.0</ele>
				<time>2021-02-24T08:43:35</time>
			</trkpt>
			<trkpt lat="48.76903994008899" lon="2.778989989310503">
				<ele>104.0</ele>
				<time>2021-02-24T08:43:41</time>
			</trkpt>
			<trkpt lat="48.76906994730234" lon="2.7794899698346853">
				<ele>107.0</ele>
				<time>2021-02-24T08:43:45</time>
			</trkpt>
			<trkpt lat="48.76906994730234" lon="2.7795599587261677">
				<ele>107.0</ele>
				<time>2021-02-24T08:43:46</time>
			</trkpt>
			<trkpt lat="48.76906994730234" lon="2.77964998036623">
				<ele>108.0</ele>
				<time>2021-02-24T08:43:47</time>
			</trkpt>
			<trkpt lat="48.76906994730234" lon="2.7798999287188053">
				<ele>108.0</ele>
				<time>2021-02-24T08:43:49</time>
			</trkpt>
			<trkpt lat="48.76906994730234" lon="2.7800099831074476">
				<ele>109.0</ele>
				<time>2021-02-24T08:43:50</time>
			</trkpt>
			<trkpt lat="48.76903994008899" lon="2.7801899425685406">
				<ele>109.0</ele>
				<time>2021-02-24T08:43:52</time>
			</trkpt>
			<trkpt lat="48.76900993287563" lon="2.780309971421957">
				<ele>110.0</ele>
				<time>2021-02-24T08:43:53</time>
			</trkpt>
			<trkpt lat="48.768969951197505" lon="2.780459923669696">
				<ele>110.0</ele>
				<time>2021-02-24T08:43:55</time>
			</trkpt>
			<trkpt lat="48.7689099367708" lon="2.7805999852716923">
				<ele>111.0</ele>
				<time>2021-02-24T08:43:56</time>
			</trkpt>
			<trkpt lat="48.768859980627894" lon="2.780689923092723">
				<ele>111.0</ele>
				<time>2021-02-24T08:43:57</time>
			</trkpt>
			<trkpt lat="48.76882997341454" lon="2.780719930306077">
				<ele>111.0</ele>
				<time>2021-02-24T08:43:58</time>
			</trkpt>
			<trkpt lat="48.768799966201186" lon="2.780759995803237">
				<ele>111.0</ele>
				<time>2021-02-24T08:43:58</time>
			</trkpt>
			<trkpt lat="48.76875998452306" lon="2.7807899191975594">
				<ele>111.0</ele>
				<time>2021-02-24T08:43:59</time>
			</trkpt>
			<trkpt lat="48.7687199190259" lon="2.7808099519461393">
				<ele>110.0</ele>
				<time>2021-02-24T08:44:00</time>
			</trkpt>
			<trkpt lat="48.76867993734777" lon="2.7808199264109135">
				<ele>110.0</ele>
				<time>2021-02-24T08:44:00</time>
			</trkpt>
			<trkpt lat="48.76862998120487" lon="2.7808299846947193">
				<ele>110.0</ele>
				<time>2021-02-24T08:44:01</time>
			</trkpt>
			<trkpt lat="48.76854993402958" lon="2.7808399591594934">
				<ele>110.0</ele>
				<time>2021-02-24T08:44:02</time>
			</trkpt>
			<trkpt lat="48.76844993792474" lon="2.7808399591594934">
				<ele>109.0</ele>
				<time>2021-02-24T08:44:04</time>
			</trkpt>
			<trkpt lat="48.768409956246614" lon="2.7808599919080734">
				<ele>109.0</ele>
				<time>2021-02-24T08:44:04</time>
			</trkpt>
			<trkpt lat="48.768369974568486" lon="2.7808699663728476">
				<ele>109.0</ele>
				<time>2021-02-24T08:44:05</time>
			</trkpt>
			<trkpt lat="48.76832999289036" lon="2.7808899991214275">
				<ele>109.0</ele>
				<time>2021-02-24T08:44:05</time>
			</trkpt>
			<trkpt lat="48.7682899273932" lon="2.78091992251575">
				<ele>110.0</ele>
				<time>2021-02-24T08:44:06</time>
			</trkpt>
			<trkpt lat="48.76824994571507" lon="2.780949929729104">
				<ele>110.0</ele>
				<time>2021-02-24T08:44:07</time>
			</trkpt>
			<trkpt lat="48.76820996403694" lon="2.780999969691038">
				<ele>110.0</ele>
				<time>2021-02-24T08:44:07</time>
			</trkpt>
			<trkpt lat="48.76817995682359" lon="2.7810399513691664">
				<ele>110.0</ele>
				<time>2021-02-24T08:44:08</time>
			</trkpt>
			<trkpt lat="48.76814994961023" lon="2.7810899913311005">
				<ele>110.0</ele>
				<time>2021-02-24T08:44:09</time>
			</trkpt>
			<trkpt lat="48.76809999346733" lon="2.781199961900711">
				<ele>110.0</ele>
				<time>2021-02-24T08:44:10</time>
			</trkpt>
			<trkpt lat="48.76806998625398" lon="2.7812999580055475">
				<ele>110.0</ele>
				<time>2021-02-24T08:44:11</time>
			</trkpt>
			<trkpt lat="48.7680499535054" lon="2.781419986858964">
				<ele>111.0</ele>
				<time>2021-02-24T08:44:12</time>
			</trkpt>
			<trkpt lat="48.76803997904062" lon="2.7815399318933487">
				<ele>111.0</ele>
				<time>2021-02-24T08:44:13</time>
			</trkpt>
			<trkpt lat="48.76801994629204" lon="2.78181997127831">
				<ele>110.0</ele>
				<time>2021-02-24T08:44:16</time>
			</trkpt>
			<trkpt lat="48.76801994629204" lon="2.7819399163126945">
				<ele>110.0</ele>
				<time>2021-02-24T08:44:17</time>
			</trkpt>
			<trkpt lat="48.76802992075682" lon="2.782049970701337">
				<ele>109.0</ele>
				<time>2021-02-24T08:44:18</time>
			</trkpt>
			<trkpt lat="48.76805992797017" lon="2.7821999229490757">
				<ele>109.0</ele>
				<time>2021-02-24T08:44:20</time>
			</trkpt>
			<trkpt lat="48.76813997514546" lon="2.7824299223721027">
				<ele>108.0</ele>
				<time>2021-02-24T08:44:22</time>
			</trkpt>
			<trkpt lat="48.768989983946085" lon="2.7842399943619967">
				<ele>112.0</ele>
				<time>2021-02-24T08:44:43</time>
			</trkpt>
			<trkpt lat="48.76914999447763" lon="2.7845599316060543">
				<ele>110.0</ele>
				<time>2021-02-24T08:44:47</time>
			</trkpt>
			<trkpt lat="48.76918997615576" lon="2.7846499532461166">
				<ele>110.0</ele>
				<time>2021-02-24T08:44:48</time>
			</trkpt>
			<trkpt lat="48.76921998336911" lon="2.784729916602373">
				<ele>110.0</ele>
				<time>2021-02-24T08:44:49</time>
			</trkpt>
			<trkpt lat="48.76923993229866" lon="2.784779956564307">
				<ele>110.0</ele>
				<time>2021-02-24T08:44:49</time>
			</trkpt>
			<trkpt lat="48.769269939512014" lon="2.7848699782043695">
				<ele>110.0</ele>
				<time>2021-02-24T08:44:50</time>
			</trkpt>
			<trkpt lat="48.76929994672537" lon="2.7850199304521084">
				<ele>110.0</ele>
				<time>2021-02-24T08:44:52</time>
			</trkpt>
			<trkpt lat="48.76932995393872" lon="2.785209948197007">
				<ele>110.0</ele>
				<time>2021-02-24T08:44:53</time>
			</trkpt>
			<trkpt lat="48.769609993323684" lon="2.787829963490367">
				<ele>111.0</ele>
				<time>2021-02-24T08:45:18</time>
			</trkpt>
			<trkpt lat="48.769659949466586" lon="2.7883599512279034">
				<ele>113.0</ele>
				<time>2021-02-24T08:45:23</time>
			</trkpt>
			<trkpt lat="48.76975994557142" lon="2.7893599960952997">
				<ele>114.0</ele>
				<time>2021-02-24T08:45:33</time>
			</trkpt>
			<trkpt lat="48.76981995999813" lon="2.789869951084256">
				<ele>115.0</ele>
				<time>2021-02-24T08:45:38</time>
			</trkpt>
			<trkpt lat="48.76998994499445" lon="2.791629983112216">
				<ele>114.0</ele>
				<time>2021-02-24T08:45:55</time>
			</trkpt>
			<trkpt lat="48.77013998106122" lon="2.792959939688444">
				<ele>116.0</ele>
				<time>2021-02-24T08:46:07</time>
			</trkpt>
			<trkpt lat="48.77022991888225" lon="2.793839955702424">
				<ele>116.0</ele>
				<time>2021-02-24T08:46:16</time>
			</trkpt>
			<trkpt lat="48.770469976589084" lon="2.7961199171841145">
				<ele>118.0</ele>
				<time>2021-02-24T08:46:38</time>
			</trkpt>
			<trkpt lat="48.770579947158694" lon="2.797119962051511">
				<ele>117.0</ele>
				<time>2021-02-24T08:46:47</time>
			</trkpt>
			<trkpt lat="48.770689917728305" lon="2.798219919204712">
				<ele>117.0</ele>
				<time>2021-02-24T08:46:58</time>
			</trkpt>
			<trkpt lat="48.77079997211695" lon="2.7992599457502365">
				<ele>120.0</ele>
				<time>2021-02-24T08:47:07</time>
			</trkpt>
			<trkpt lat="48.77090994268656" lon="2.8003399539738894">
				<ele>120.0</ele>
				<time>2021-02-24T08:47:18</time>
			</trkpt>
			<trkpt lat="48.770969957113266" lon="2.8008299600332975">
				<ele>119.0</ele>
				<time>2021-02-24T08:47:22</time>
			</trkpt>
			<trkpt lat="48.771159974858165" lon="2.802689988166094">
				<ele>120.0</ele>
				<time>2021-02-24T08:47:40</time>
			</trkpt>
			<trkpt lat="48.771309927105904" lon="2.8041199408471584">
				<ele>119.0</ele>
				<time>2021-02-24T08:47:54</time>
			</trkpt>
			<trkpt lat="48.77138997428119" lon="2.8048299718648195">
				<ele>119.0</ele>
				<time>2021-02-24T08:48:01</time>
			</trkpt>
			<trkpt lat="48.77154998481274" lon="2.8063999861478806">
				<ele>118.0</ele>
				<time>2021-02-24T08:48:16</time>
			</trkpt>
			<trkpt lat="48.771569933742285" lon="2.80669997446239">
				<ele>118.0</ele>
				<time>2021-02-24T08:48:18</time>
			</trkpt>
			<trkpt lat="48.771589966490865" lon="2.806849926710129">
				<ele>118.0</ele>
				<time>2021-02-24T08:48:20</time>
			</trkpt>
			<trkpt lat="48.77159994095564" lon="2.8069999627768993">
				<ele>118.0</ele>
				<time>2021-02-24T08:48:21</time>
			</trkpt>
			<trkpt lat="48.771849973127246" lon="2.8092699497938156">
				<ele>118.0</ele>
				<time>2021-02-24T08:48:43</time>
			</trkpt>
			<trkpt lat="48.77189992927015" lon="2.8096999414265156">
				<ele>119.0</ele>
				<time>2021-02-24T08:48:47</time>
			</trkpt>
			<trkpt lat="48.77195994369686" lon="2.810249961912632">
				<ele>120.0</ele>
				<time>2021-02-24T08:48:52</time>
			</trkpt>
			<trkpt lat="48.77197997644544" lon="2.810469986870885">
				<ele>120.0</ele>
				<time>2021-02-24T08:48:54</time>
			</trkpt>
			<trkpt lat="48.77202993258834" lon="2.8109499346464872">
				<ele>120.0</ele>
				<time>2021-02-24T08:48:59</time>
			</trkpt>
			<trkpt lat="48.77215993590653" lon="2.812229935079813">
				<ele>120.0</ele>
				<time>2021-02-24T08:49:11</time>
			</trkpt>
			<trkpt lat="48.772169994190335" lon="2.8123299311846495">
				<ele>120.0</ele>
				<time>2021-02-24T08:49:12</time>
			</trkpt>
			<trkpt lat="48.772169994190335" lon="2.812419952824712">
				<ele>120.0</ele>
				<time>2021-02-24T08:49:13</time>
			</trkpt>
			<trkpt lat="48.772169994190335" lon="2.812489941716194">
				<ele>120.0</ele>
				<time>2021-02-24T08:49:14</time>
			</trkpt>
			<trkpt lat="48.772169994190335" lon="2.8125399816781282">
				<ele>120.0</ele>
				<time>2021-02-24T08:49:14</time>
			</trkpt>
			<trkpt lat="48.77215993590653" lon="2.8125799633562565">
				<ele>120.0</ele>
				<time>2021-02-24T08:49:15</time>
			</trkpt>
			<trkpt lat="48.771869922056794" lon="2.812879951670766">
				<ele>121.0</ele>
				<time>2021-02-24T08:49:20</time>
			</trkpt>
			<trkpt lat="48.77074993215501" lon="2.814049981534481">
				<ele>123.0</ele>
				<time>2021-02-24T08:49:39</time>
			</trkpt>
			<trkpt lat="48.76975994557142" lon="2.815109957009554">
				<ele>124.0</ele>
				<time>2021-02-24T08:49:56</time>
			</trkpt>
			<trkpt lat="48.76865998841822" lon="2.816279986873269">
				<ele>124.0</ele>
				<time>2021-02-24T08:50:16</time>
			</trkpt>
			<trkpt lat="48.76673994585872" lon="2.818399937823415">
				<ele>125.0</ele>
				<time>2021-02-24T08:50:49</time>
			</trkpt>
			<trkpt lat="48.76601994037628" lon="2.8192099649459124">
				<ele>127.0</ele>
				<time>2021-02-24T08:51:02</time>
			</trkpt>
			<trkpt lat="48.765099942684174" lon="2.820279998704791">
				<ele>124.0</ele>
				<time>2021-02-24T08:51:19</time>
			</trkpt>
			<trkpt lat="48.76488997600973" lon="2.8205199725925922">
				<ele>125.0</ele>
				<time>2021-02-24T08:51:23</time>
			</trkpt>
			<trkpt lat="48.76437993720174" lon="2.821109974756837">
				<ele>123.0</ele>
				<time>2021-02-24T08:51:32</time>
			</trkpt>
			<trkpt lat="48.76429997384548" lon="2.8211899381130934">
				<ele>123.0</ele>
				<time>2021-02-24T08:51:33</time>
			</trkpt>
			<trkpt lat="48.764069974422455" lon="2.8214599192142487">
				<ele>122.0</ele>
				<time>2021-02-24T08:51:37</time>
			</trkpt>
			<trkpt lat="48.7640399672091" lon="2.8214999847114086">
				<ele>121.0</ele>
				<time>2021-02-24T08:51:38</time>
			</trkpt>
			<trkpt lat="48.76358994282782" lon="2.821979932487011">
				<ele>120.0</ele>
				<time>2021-02-24T08:51:46</time>
			</trkpt>
			<trkpt lat="48.763339994475245" lon="2.822249997407198">
				<ele>118.0</ele>
				<time>2021-02-24T08:51:50</time>
			</trkpt>
			<trkpt lat="48.76325994729996" lon="2.8223499935120344">
				<ele>119.0</ele>
				<time>2021-02-24T08:51:52</time>
			</trkpt>
			<trkpt lat="48.76302994787693" lon="2.8225999418646097">
				<ele>119.0</ele>
				<time>2021-02-24T08:51:56</time>
			</trkpt>
			<trkpt lat="48.76296993345022" lon="2.822669930756092">
				<ele>119.0</ele>
				<time>2021-02-24T08:51:57</time>
			</trkpt>
			<trkpt lat="48.7627999484539" lon="2.8228499740362167">
				<ele>118.0</ele>
				<time>2021-02-24T08:52:00</time>
			</trkpt>
			<trkpt lat="48.76267991960049" lon="2.8229999262839556">
				<ele>117.0</ele>
				<time>2021-02-24T08:52:02</time>
			</trkpt>
			<trkpt lat="48.762629963457584" lon="2.823059940710664">
				<ele>116.0</ele>
				<time>2021-02-24T08:52:03</time>
			</trkpt>
			<trkpt lat="48.76257992349565" lon="2.823129929602146">
				<ele>116.0</ele>
				<time>2021-02-24T08:52:04</time>
			</trkpt>
			<trkpt lat="48.76308996230364" lon="2.82405998557806">
				<ele>118.0</ele>
				<time>2021-02-24T08:52:15</time>
			</trkpt>
			<trkpt lat="48.76529993489385" lon="2.8280699718743563">
				<ele>120.0</ele>
				<time>2021-02-24T08:53:04</time>
			</trkpt>
			<trkpt lat="48.76238998956978" lon="2.8309599682688713">
				<ele>117.0</ele>
				<time>2021-02-24T08:53:54</time>
			</trkpt>
			<trkpt lat="48.762029986828566" lon="2.831319971010089">
				<ele>118.0</ele>
				<time>2021-02-24T08:54:00</time>
			</trkpt>
			<trkpt lat="48.7619399651885" lon="2.8314099926501513">
				<ele>118.0</ele>
				<time>2021-02-24T08:54:02</time>
			</trkpt>
			<trkpt lat="48.76181993633509" lon="2.831529937684536">
				<ele>119.0</ele>
				<time>2021-02-24T08:54:04</time>
			</trkpt>
			<trkpt lat="48.761689933016896" lon="2.8316599410027266">
				<ele>119.0</ele>
				<time>2021-02-24T08:54:06</time>
			</trkpt>
			<trkpt lat="48.76156998798251" lon="2.831789944320917">
				<ele>120.0</ele>
				<time>2021-02-24T08:54:08</time>
			</trkpt>
			<trkpt lat="48.76149999909103" lon="2.8318499587476254">
				<ele>120.0</ele>
				<time>2021-02-24T08:54:09</time>
			</trkpt>
			<trkpt lat="48.76143998466432" lon="2.8318999987095594">
				<ele>120.0</ele>
				<time>2021-02-24T08:54:10</time>
			</trkpt>
			<trkpt lat="48.76135993748903" lon="2.831979962065816">
				<ele>120.0</ele>
				<time>2021-02-24T08:54:12</time>
			</trkpt>
			<trkpt lat="48.76128994859755" lon="2.8320499509572983">
				<ele>121.0</ele>
				<time>2021-02-24T08:54:13</time>
			</trkpt>
			<trkpt lat="48.761189952492714" lon="2.8321199398487806">
				<ele>122.0</ele>
				<time>2021-02-24T08:54:15</time>
			</trkpt>
			<trkpt lat="48.7610699236393" lon="2.832199987024069">
				<ele>122.0</ele>
				<time>2021-02-24T08:54:16</time>
			</trkpt>
			<trkpt lat="48.76097998581827" lon="2.8322599176317453">
				<ele>123.0</ele>
				<time>2021-02-24T08:54:18</time>
			</trkpt>
			<trkpt lat="48.76081997528672" lon="2.8323499392718077">
				<ele>123.0</ele>
				<time>2021-02-24T08:54:20</time>
			</trkpt>
			<trkpt lat="48.760699946433306" lon="2.832409953698516">
				<ele>123.0</ele>
				<time>2021-02-24T08:54:22</time>
			</trkpt>
			<trkpt lat="48.76054999418557" lon="2.8324799425899982">
				<ele>122.0</ele>
				<time>2021-02-24T08:54:24</time>
			</trkpt>
			<trkpt lat="48.76047992147505" lon="2.8325099498033524">
				<ele>122.0</ele>
				<time>2021-02-24T08:54:25</time>
			</trkpt>
			<trkpt lat="48.760419990867376" lon="2.8325299825519323">
				<ele>122.0</ele>
				<time>2021-02-24T08:54:26</time>
			</trkpt>
			<trkpt lat="48.760309936478734" lon="2.8325599897652864">
				<ele>122.0</ele>
				<time>2021-02-24T08:54:28</time>
			</trkpt>
			<trkpt lat="48.7602099403739" lon="2.8325899969786406">
				<ele>122.0</ele>
				<time>2021-02-24T08:54:29</time>
			</trkpt>
			<trkpt lat="48.76005998812616" lon="2.832619920372963">
				<ele>122.0</ele>
				<time>2021-02-24T08:54:31</time>
			</trkpt>
			<trkpt lat="48.759989999234676" lon="2.832639953121543">
				<ele>122.0</ele>
				<time>2021-02-24T08:54:33</time>
			</trkpt>
			<trkpt lat="48.75991992652416" lon="2.832669960334897">
				<ele>122.0</ele>
				<time>2021-02-24T08:54:34</time>
			</trkpt>
			<trkpt lat="48.759859995916486" lon="2.832699967548251">
				<ele>121.0</ele>
				<time>2021-02-24T08:54:34</time>
			</trkpt>
			<trkpt lat="48.759709959849715" lon="2.8327899891883135">
				<ele>120.0</ele>
				<time>2021-02-24T08:54:37</time>
			</trkpt>
			<trkpt lat="48.75962999649346" lon="2.83284991979599">
				<ele>119.0</ele>
				<time>2021-02-24T08:54:38</time>
			</trkpt>
			<trkpt lat="48.75956998206675" lon="2.832899959757924">
				<ele>119.0</ele>
				<time>2021-02-24T08:54:39</time>
			</trkpt>
			<trkpt lat="48.75949999317527" lon="2.8329599741846323">
				<ele>118.0</ele>
				<time>2021-02-24T08:54:40</time>
			</trkpt>
			<trkpt lat="48.75943997874856" lon="2.8330199886113405">
				<ele>118.0</ele>
				<time>2021-02-24T08:54:41</time>
			</trkpt>
			<trkpt lat="48.75936998985708" lon="2.833109926432371">
				<ele>118.0</ele>
				<time>2021-02-24T08:54:43</time>
			</trkpt>
			<trkpt lat="48.75928994268179" lon="2.8331999480724335">
				<ele>118.0</ele>
				<time>2021-02-24T08:54:44</time>
			</trkpt>
			<trkpt lat="48.759149964898825" lon="2.833379991352558">
				<ele>118.0</ele>
				<time>2021-02-24T08:54:47</time>
			</trkpt>
			<trkpt lat="48.75907997600734" lon="2.8334799874573946">
				<ele>119.0</ele>
				<time>2021-02-24T08:54:48</time>
			</trkpt>
			<trkpt lat="48.75902993604541" lon="2.833529943600297">
				<ele>120.0</ele>
				<time>2021-02-24T08:54:49</time>
			</trkpt>
			<trkpt lat="48.758959947153926" lon="2.833609990775585">
				<ele>120.0</ele>
				<time>2021-02-24T08:54:50</time>
			</trkpt>
			<trkpt lat="48.758849976584315" lon="2.8337199613451958">
				<ele>120.0</ele>
				<time>2021-02-24T08:54:52</time>
			</trkpt>
			<trkpt lat="48.75874998047948" lon="2.8338199574500322">
				<ele>120.0</ele>
				<time>2021-02-24T08:54:54</time>
			</trkpt>
			<trkpt lat="48.75868996605277" lon="2.8338699974119663">
				<ele>120.0</ele>
				<time>2021-02-24T08:54:55</time>
			</trkpt>
			<trkpt lat="48.758589969947934" lon="2.833949960768223">
				<ele>120.0</ele>
				<time>2021-02-24T08:54:56</time>
			</trkpt>
			<trkpt lat="48.75842995941639" lon="2.8340599313378334">
				<ele>119.0</ele>
				<time>2021-02-24T08:54:59</time>
			</trkpt>
			<trkpt lat="48.75836994498968" lon="2.8340999968349934">
				<ele>119.0</ele>
				<time>2021-02-24T08:55:00</time>
			</trkpt>
			<trkpt lat="48.75825997442007" lon="2.8341499529778957">
				<ele>118.0</ele>
				<time>2021-02-24T08:55:01</time>
			</trkpt>
			<trkpt lat="48.75818998552859" lon="2.83417996019125">
				<ele>118.0</ele>
				<time>2021-02-24T08:55:02</time>
			</trkpt>
			<trkpt lat="48.758139945566654" lon="2.83419999293983">
				<ele>118.0</ele>
				<time>2021-02-24T08:55:03</time>
			</trkpt>
			<trkpt lat="48.75808998942375" lon="2.834209967404604">
				<ele>118.0</ele>
				<time>2021-02-24T08:55:04</time>
			</trkpt>
			<trkpt lat="48.75806995667517" lon="2.834219941869378">
				<ele>118.0</ele>
				<time>2021-02-24T08:55:04</time>
			</trkpt>
			<trkpt lat="48.757969960570335" lon="2.834239974617958">
				<ele>117.0</ele>
				<time>2021-02-24T08:55:06</time>
			</trkpt>
			<trkpt lat="48.75778991729021" lon="2.834249949082732">
				<ele>117.0</ele>
				<time>2021-02-24T08:55:08</time>
			</trkpt>
			<trkpt lat="48.757559917867184" lon="2.8342799562960863">
				<ele>117.0</ele>
				<time>2021-02-24T08:55:11</time>
			</trkpt>
			<trkpt lat="48.75737995840609" lon="2.8343099635094404">
				<ele>118.0</ele>
				<time>2021-02-24T08:55:14</time>
			</trkpt>
			<trkpt lat="48.75703998841345" lon="2.8343999851495028">
				<ele>117.0</ele>
				<time>2021-02-24T08:55:19</time>
			</trkpt>
			<trkpt lat="48.756849970668554" lon="2.834449941292405">
				<ele>117.0</ele>
				<time>2021-02-24T08:55:22</time>
			</trkpt>
			<trkpt lat="48.756769923493266" lon="2.8344799485057592">
				<ele>117.0</ele>
				<time>2021-02-24T08:55:23</time>
			</trkpt>
			<trkpt lat="48.75651997514069" lon="2.8345699701458216">
				<ele>116.0</ele>
				<time>2021-02-24T08:55:27</time>
			</trkpt>
			<trkpt lat="48.75629995018244" lon="2.834669966250658">
				<ele>117.0</ele>
				<time>2021-02-24T08:55:30</time>
			</trkpt>
			<trkpt lat="48.7561999540776" lon="2.8347199223935604">
				<ele>116.0</ele>
				<time>2021-02-24T08:55:31</time>
			</trkpt>
			<trkpt lat="48.75599996186793" lon="2.8348099440336227">
				<ele>116.0</ele>
				<time>2021-02-24T08:55:34</time>
			</trkpt>
			<trkpt lat="48.75588999129832" lon="2.834869958460331">
				<ele>116.0</ele>
				<time>2021-02-24T08:55:36</time>
			</trkpt>
			<trkpt lat="48.755779936909676" lon="2.8349499218165874">
				<ele>116.0</ele>
				<time>2021-02-24T08:55:38</time>
			</trkpt>
			<trkpt lat="48.755689999088645" lon="2.8350299689918756">
				<ele>116.0</ele>
				<time>2021-02-24T08:55:39</time>
			</trkpt>
			<trkpt lat="48.75560995191336" lon="2.835089983418584">
				<ele>117.0</ele>
				<time>2021-02-24T08:55:41</time>
			</trkpt>
			<trkpt lat="48.755539963021874" lon="2.835149997845292">
				<ele>117.0</ele>
				<time>2021-02-24T08:55:42</time>
			</trkpt>
			<trkpt lat="48.75546997413039" lon="2.8351999539881945">
				<ele>117.0</ele>
				<time>2021-02-24T08:55:43</time>
			</trkpt>
			<trkpt lat="48.75537995249033" lon="2.8352499939501286">
				<ele>118.0</ele>
				<time>2021-02-24T08:55:44</time>
			</trkpt>
			<trkpt lat="48.75529998913407" lon="2.835299950093031">
				<ele>117.0</ele>
				<time>2021-02-24T08:55:45</time>
			</trkpt>
			<trkpt lat="48.75519999302924" lon="2.835339931771159">
				<ele>117.0</ele>
				<time>2021-02-24T08:55:47</time>
			</trkpt>
			<trkpt lat="48.755089938640594" lon="2.835359964519739">
				<ele>118.0</ele>
				<time>2021-02-24T08:55:48</time>
			</trkpt>
			<trkpt lat="48.75498994253576" lon="2.835379997268319">
				<ele>117.0</ele>
				<time>2021-02-24T08:55:50</time>
			</trkpt>
			<trkpt lat="48.75487997196615" lon="2.8353899717330933">
				<ele>117.0</ele>
				<time>2021-02-24T08:55:51</time>
			</trkpt>
			<trkpt lat="48.754789950326085" lon="2.8353899717330933">
				<ele>117.0</ele>
				<time>2021-02-24T08:55:53</time>
			</trkpt>
			<trkpt lat="48.75456992536783" lon="2.835359964519739">
				<ele>118.0</ele>
				<time>2021-02-24T08:55:56</time>
			</trkpt>
			<trkpt lat="48.75441997312009" lon="2.835349990054965">
				<ele>117.0</ele>
				<time>2021-02-24T08:55:58</time>
			</trkpt>
			<trkpt lat="48.75419994816184" lon="2.835309924557805">
				<ele>117.0</ele>
				<time>2021-02-24T08:56:01</time>
			</trkpt>
			<trkpt lat="48.754119984805584" lon="2.835299950093031">
				<ele>116.0</ele>
				<time>2021-02-24T08:56:02</time>
			</trkpt>
			<trkpt lat="48.75406994484365" lon="2.835299950093031">
				<ele>116.0</ele>
				<time>2021-02-24T08:56:03</time>
			</trkpt>
			<trkpt lat="48.753929967060685" lon="2.835289975628257">
				<ele>115.0</ele>
				<time>2021-02-24T08:56:05</time>
			</trkpt>
			<trkpt lat="48.75386995263398" lon="2.8353899717330933">
				<ele>114.0</ele>
				<time>2021-02-24T08:56:06</time>
			</trkpt>
			<trkpt lat="48.75383994542062" lon="2.8354399278759956">
				<ele>113.0</ele>
				<time>2021-02-24T08:56:07</time>
			</trkpt>
			<trkpt lat="48.75380993820727" lon="2.835499942302704">
				<ele>113.0</ele>
				<time>2021-02-24T08:56:08</time>
			</trkpt>
			<trkpt lat="48.753779930993915" lon="2.835559956729412">
				<ele>113.0</ele>
				<time>2021-02-24T08:56:08</time>
			</trkpt>
			<trkpt lat="48.753759982064366" lon="2.835609996691346">
				<ele>113.0</ele>
				<time>2021-02-24T08:56:09</time>
			</trkpt>
			<trkpt lat="48.75372997485101" lon="2.8356699272990227">
				<ele>113.0</ele>
				<time>2021-02-24T08:56:10</time>
			</trkpt>
			<trkpt lat="48.75370994210243" lon="2.835729941725731">
				<ele>113.0</ele>
				<time>2021-02-24T08:56:10</time>
			</trkpt>
			<trkpt lat="48.753669960424304" lon="2.835839996114373">
				<ele>112.0</ele>
				<time>2021-02-24T08:56:11</time>
			</trkpt>
			<trkpt lat="48.753609945997596" lon="2.8360599372535944">
				<ele>113.0</ele>
				<time>2021-02-24T08:56:14</time>
			</trkpt>
			<trkpt lat="48.75353995710611" lon="2.8363099694252014">
				<ele>113.0</ele>
				<time>2021-02-24T08:56:16</time>
			</trkpt>
			<trkpt lat="48.753479942679405" lon="2.8365799505263567">
				<ele>114.0</ele>
				<time>2021-02-24T08:56:19</time>
			</trkpt>
			<trkpt lat="48.75344993546605" lon="2.8366899210959673">
				<ele>114.0</ele>
				<time>2021-02-24T08:56:20</time>
			</trkpt>
			<trkpt lat="48.7534199282527" lon="2.8367799427360296">
				<ele>114.0</ele>
				<time>2021-02-24T08:56:21</time>
			</trkpt>
			<trkpt lat="48.75338992103934" lon="2.836859989911318">
				<ele>114.0</ele>
				<time>2021-02-24T08:56:22</time>
			</trkpt>
			<trkpt lat="48.75335999764502" lon="2.8369299788028">
				<ele>114.0</ele>
				<time>2021-02-24T08:56:23</time>
			</trkpt>
			<trkpt lat="48.75331993214786" lon="2.8370299749076366">
				<ele>114.0</ele>
				<time>2021-02-24T08:56:24</time>
			</trkpt>
			<trkpt lat="48.75325991772115" lon="2.8371499199420214">
				<ele>115.0</ele>
				<time>2021-02-24T08:56:25</time>
			</trkpt>
			<trkpt lat="48.75318992882967" lon="2.837289981544018">
				<ele>115.0</ele>
				<time>2021-02-24T08:56:27</time>
			</trkpt>
			<trkpt lat="48.75314994715154" lon="2.8373599704355">
				<ele>115.0</ele>
				<time>2021-02-24T08:56:28</time>
			</trkpt>
			<trkpt lat="48.75311993993819" lon="2.8374099265784025">
				<ele>116.0</ele>
				<time>2021-02-24T08:56:28</time>
			</trkpt>
			<trkpt lat="48.75309999100864" lon="2.8374499920755625">
				<ele>116.0</ele>
				<time>2021-02-24T08:56:29</time>
			</trkpt>
			<trkpt lat="48.75303997658193" lon="2.837549988180399">
				<ele>116.0</ele>
				<time>2021-02-24T08:56:30</time>
			</trkpt>
			<trkpt lat="48.7529999949038" lon="2.837579995393753">
				<ele>116.0</ele>
				<time>2021-02-24T08:56:31</time>
			</trkpt>
			<trkpt lat="48.75295992940664" lon="2.8376199770718813">
				<ele>116.0</ele>
				<time>2021-02-24T08:56:31</time>
			</trkpt>
			<trkpt lat="48.75292992219329" lon="2.8376599587500095">
				<ele>116.0</ele>
				<time>2021-02-24T08:56:32</time>
			</trkpt>
			<trkpt lat="48.75286999158561" lon="2.837699940428138">
				<ele>117.0</ele>
				<time>2021-02-24T08:56:33</time>
			</trkpt>
			<trkpt lat="48.75242994166911" lon="2.837989954277873">
				<ele>115.0</ele>
				<time>2021-02-24T08:56:40</time>
			</trkpt>
			<trkpt lat="48.75214998610318" lon="2.8381699975579977">
				<ele>116.0</ele>
				<time>2021-02-24T08:56:44</time>
			</trkpt>
			<trkpt lat="48.75197991728783" lon="2.8382899425923824">
				<ele>116.0</ele>
				<time>2021-02-24T08:56:47</time>
			</trkpt>
			<trkpt lat="48.75178998336196" lon="2.838389938697219">
				<ele>116.0</ele>
				<time>2021-02-24T08:56:50</time>
			</trkpt>
			<trkpt lat="48.751629972830415" lon="2.838469985872507">
				<ele>115.0</ele>
				<time>2021-02-24T08:56:52</time>
			</trkpt>
			<trkpt lat="48.751439955085516" lon="2.8385499492287636">
				<ele>114.0</ele>
				<time>2021-02-24T08:56:55</time>
			</trkpt>
			<trkpt lat="48.75103997066617" lon="2.8386899270117283">
				<ele>114.0</ele>
				<time>2021-02-24T08:57:01</time>
			</trkpt>
			<trkpt lat="48.7504099868238" lon="2.838899977505207">
				<ele>114.0</ele>
				<time>2021-02-24T08:57:10</time>
			</trkpt>
			<trkpt lat="48.74990992248058" lon="2.839069962501526">
				<ele>114.0</ele>
				<time>2021-02-24T08:57:17</time>
			</trkpt>
			<trkpt lat="48.748389948159456" lon="2.839589975774288">
				<ele>114.0</ele>
				<time>2021-02-24T08:57:40</time>
			</trkpt>
			<trkpt lat="48.7468799483031" lon="2.8401099890470505">
				<ele>115.0</ele>
				<time>2021-02-24T08:58:02</time>
			</trkpt>
			<trkpt lat="48.74535997398198" lon="2.840629918500781">
				<ele>115.0</ele>
				<time>2021-02-24T08:58:24</time>
			</trkpt>
			<trkpt lat="48.745139949023724" lon="2.840669983997941">
				<ele>115.0</ele>
				<time>2021-02-24T08:58:27</time>
			</trkpt>
			<trkpt lat="48.74501992017031" lon="2.840679958462715">
				<ele>115.0</ele>
				<time>2021-02-24T08:58:29</time>
			</trkpt>
			<trkpt lat="48.74480995349586" lon="2.840669983997941">
				<ele>116.0</ele>
				<time>2021-02-24T08:58:32</time>
			</trkpt>
			<trkpt lat="48.74411995522678" lon="2.8405199479311705">
				<ele>114.0</ele>
				<time>2021-02-24T08:58:42</time>
			</trkpt>
			<trkpt lat="48.74381996691227" lon="2.840449959039688">
				<ele>113.0</ele>
				<time>2021-02-24T08:58:46</time>
			</trkpt>
			<trkpt lat="48.74372994527221" lon="2.840429926291108">
				<ele>113.0</ele>
				<time>2021-02-24T08:58:48</time>
			</trkpt>
			<trkpt lat="48.7432399392128" lon="2.8403099812567234">
				<ele>115.0</ele>
				<time>2021-02-24T08:58:55</time>
			</trkpt>
			<trkpt lat="48.74242999590933" lon="2.8401499707251787">
				<ele>114.0</ele>
				<time>2021-02-24T08:59:06</time>
			</trkpt>
			<trkpt lat="48.7423299998045" lon="2.8401299379765987">
				<ele>114.0</ele>
				<time>2021-02-24T08:59:08</time>
			</trkpt>
			<trkpt lat="48.742219945415854" lon="2.8401199635118246">
				<ele>113.0</ele>
				<time>2021-02-24T08:59:09</time>
			</trkpt>
			<trkpt lat="48.74216998927295" lon="2.8401199635118246">
				<ele>113.0</ele>
				<time>2021-02-24T08:59:10</time>
			</trkpt>
			<trkpt lat="48.7421399820596" lon="2.8401199635118246">
				<ele>113.0</ele>
				<time>2021-02-24T08:59:11</time>
			</trkpt>
			<trkpt lat="48.74209991656244" lon="2.8401299379765987">
				<ele>113.0</ele>
				<time>2021-02-24T08:59:11</time>
			</trkpt>
			<trkpt lat="48.74207996763289" lon="2.8401499707251787">
				<ele>113.0</ele>
				<time>2021-02-24T08:59:11</time>
			</trkpt>
			<trkpt lat="48.742049960419536" lon="2.840159945189953">
				<ele>113.0</ele>
				<time>2021-02-24T08:59:12</time>
			</trkpt>
			<trkpt lat="48.74203998595476" lon="2.840169919654727">
				<ele>113.0</ele>
				<time>2021-02-24T08:59:12</time>
			</trkpt>
			<trkpt lat="48.74201995320618" lon="2.840179977938533">
				<ele>113.0</ele>
				<time>2021-02-24T08:59:12</time>
			</trkpt>
			<trkpt lat="48.74188994988799" lon="2.8403099812567234">
				<ele>114.0</ele>
				<time>2021-02-24T08:59:15</time>
			</trkpt>
			<trkpt lat="48.74145995825529" lon="2.8407199401408434">
				<ele>113.0</ele>
				<time>2021-02-24T08:59:22</time>
			</trkpt>
			<trkpt lat="48.7413299549371" lon="2.8408299945294857">
				<ele>113.0</ele>
				<time>2021-02-24T08:59:24</time>
			</trkpt>
			<trkpt lat="48.7412799987942" lon="2.8407999873161316">
				<ele>113.0</ele>
				<time>2021-02-24T08:59:25</time>
			</trkpt>
			<trkpt lat="48.74125996604562" lon="2.8407899290323257">
				<ele>113.0</ele>
				<time>2021-02-24T08:59:25</time>
			</trkpt>
			<trkpt lat="48.741249991580844" lon="2.8407699801027775">
				<ele>113.0</ele>
				<time>2021-02-24T08:59:25</time>
			</trkpt>
			<trkpt lat="48.74123993329704" lon="2.8407599218189716">
				<ele>113.0</ele>
				<time>2021-02-24T08:59:25</time>
			</trkpt>
			<trkpt lat="48.741229958832264" lon="2.8407399728894234">
				<ele>113.0</ele>
				<time>2021-02-24T08:59:26</time>
			</trkpt>
			<trkpt lat="48.74119995161891" lon="2.840679958462715">
				<ele>113.0</ele>
				<time>2021-02-24T08:59:26</time>
			</trkpt>
			<trkpt lat="48.741189977154136" lon="2.840639976784587">
				<ele>114.0</ele>
				<time>2021-02-24T08:59:27</time>
			</trkpt>
			<trkpt lat="48.741169944405556" lon="2.840589936822653">
				<ele>114.0</ele>
				<time>2021-02-24T08:59:27</time>
			</trkpt>
			<trkpt lat="48.74112996272743" lon="2.840479966253042">
				<ele>114.0</ele>
				<time>2021-02-24T08:59:29</time>
			</trkpt>
			<trkpt lat="48.74110992997885" lon="2.84040997736156">
				<ele>114.0</ele>
				<time>2021-02-24T08:59:29</time>
			</trkpt>
			<trkpt lat="48.74106994830072" lon="2.8402599412947893">
				<ele>113.0</ele>
				<time>2021-02-24T08:59:31</time>
			</trkpt>
			<trkpt lat="48.74101999215782" lon="2.8401099890470505">
				<ele>113.0</ele>
				<time>2021-02-24T08:59:32</time>
			</trkpt>
			<trkpt lat="48.74098998494446" lon="2.840019967406988">
				<ele>113.0</ele>
				<time>2021-02-24T08:59:33</time>
			</trkpt>
			<trkpt lat="48.7409499194473" lon="2.8399399202317">
				<ele>113.0</ele>
				<time>2021-02-24T08:59:34</time>
			</trkpt>
			<trkpt lat="48.74087993055582" lon="2.8397999424487352">
				<ele>112.0</ele>
				<time>2021-02-24T08:59:36</time>
			</trkpt>
			<trkpt lat="48.740799967199564" lon="2.8396499902009964">
				<ele>112.0</ele>
				<time>2021-02-24T08:59:38</time>
			</trkpt>
			<trkpt lat="48.7407099455595" lon="2.839509928599">
				<ele>112.0</ele>
				<time>2021-02-24T08:59:40</time>
			</trkpt>
			<trkpt lat="48.74064993113279" lon="2.8394399397075176">
				<ele>112.0</ele>
				<time>2021-02-24T08:59:41</time>
			</trkpt>
			<trkpt lat="48.74057994224131" lon="2.8393499180674553">
				<ele>112.0</ele>
				<time>2021-02-24T08:59:42</time>
			</trkpt>
			<trkpt lat="48.740419931709766" lon="2.839159984141588">
				<ele>112.0</ele>
				<time>2021-02-24T08:59:45</time>
			</trkpt>
			<trkpt lat="48.74026997946203" lon="2.8389899991452694">
				<ele>112.0</ele>
				<time>2021-02-24T08:59:48</time>
			</trkpt>
			<trkpt lat="48.740159925073385" lon="2.838819930329919">
				<ele>113.0</ele>
				<time>2021-02-24T08:59:50</time>
			</trkpt>
			<trkpt lat="48.740049954503775" lon="2.8386499453336">
				<ele>113.0</ele>
				<time>2021-02-24T08:59:52</time>
			</trkpt>
			<trkpt lat="48.74001994729042" lon="2.838609963655472">
				<ele>113.0</ele>
				<time>2021-02-24T08:59:53</time>
			</trkpt>
			<trkpt lat="48.739989940077066" lon="2.838589930906892">
				<ele>113.0</ele>
				<time>2021-02-24T08:59:53</time>
			</trkpt>
			<trkpt lat="48.73996999114752" lon="2.8385699819773436">
				<ele>113.0</ele>
				<time>2021-02-24T08:59:53</time>
			</trkpt>
			<trkpt lat="48.739939983934164" lon="2.8385499492287636">
				<ele>113.0</ele>
				<time>2021-02-24T08:59:54</time>
			</trkpt>
			<trkpt lat="48.739919951185584" lon="2.8385299164801836">
				<ele>113.0</ele>
				<time>2021-02-24T08:59:54</time>
			</trkpt>
			<trkpt lat="48.73988994397223" lon="2.8385299164801836">
				<ele>113.0</ele>
				<time>2021-02-24T08:59:55</time>
			</trkpt>
			<trkpt lat="48.739859936758876" lon="2.8385199420154095">
				<ele>113.0</ele>
				<time>2021-02-24T08:59:55</time>
			</trkpt>
			<trkpt lat="48.73979992233217" lon="2.8385299164801836">
				<ele>113.0</ele>
				<time>2021-02-24T08:59:56</time>
			</trkpt>
			<trkpt lat="48.73975994065404" lon="2.8385499492287636">
				<ele>112.0</ele>
				<time>2021-02-24T08:59:57</time>
			</trkpt>
			<trkpt lat="48.739729933440685" lon="2.8385699819773436">
				<ele>112.0</ele>
				<time>2021-02-24T08:59:57</time>
			</trkpt>
			<trkpt lat="48.73969992622733" lon="2.838589930906892">
				<ele>112.0</ele>
				<time>2021-02-24T08:59:57</time>
			</trkpt>
			<trkpt lat="48.739299941807985" lon="2.8389399591833353">
				<ele>111.0</ele>
				<time>2021-02-24T09:00:04</time>
			</trkpt>
			<trkpt lat="48.73915996402502" lon="2.8390599880367517">
				<ele>111.0</ele>
				<time>2021-02-24T09:00:06</time>
			</trkpt>
			<trkpt lat="48.739019986242056" lon="2.839159984141588">
				<ele>111.0</ele>
				<time>2021-02-24T09:00:09</time>
			</trkpt>
			<trkpt lat="48.738909931853414" lon="2.8392399474978447">
				<ele>111.0</ele>
				<time>2021-02-24T09:00:10</time>
			</trkpt>
			<trkpt lat="48.73877992853522" lon="2.839329969137907">
				<ele>111.0</ele>
				<time>2021-02-24T09:00:12</time>
			</trkpt>
			<trkpt lat="48.73865998350084" lon="2.8394099324941635">
				<ele>112.0</ele>
				<time>2021-02-24T09:00:14</time>
			</trkpt>
			<trkpt lat="48.738439958542585" lon="2.839559968560934">
				<ele>111.0</ele>
				<time>2021-02-24T09:00:18</time>
			</trkpt>
			<trkpt lat="48.73796998523176" lon="2.8398899640887976">
				<ele>112.0</ele>
				<time>2021-02-24T09:00:25</time>
			</trkpt>
			<trkpt lat="48.73791994526982" lon="2.8399199713021517">
				<ele>112.0</ele>
				<time>2021-02-24T09:00:26</time>
			</trkpt>
			<trkpt lat="48.73786998912692" lon="2.83995995298028">
				<ele>112.0</ele>
				<time>2021-02-24T09:00:27</time>
			</trkpt>
			<trkpt lat="48.73783998191357" lon="2.839999934658408">
				<ele>112.0</ele>
				<time>2021-02-24T09:00:27</time>
			</trkpt>
			<trkpt lat="48.73771995306015" lon="2.8401199635118246">
				<ele>112.0</ele>
				<time>2021-02-24T09:00:29</time>
			</trkpt>
			<trkpt lat="48.73758994974196" lon="2.8402799740433693">
				<ele>113.0</ele>
				<time>2021-02-24T09:00:32</time>
			</trkpt>
			<trkpt lat="48.73752993531525" lon="2.840359937399626">
				<ele>113.0</ele>
				<time>2021-02-24T09:00:33</time>
			</trkpt>
			<trkpt lat="48.73747997917235" lon="2.840429926291108">
				<ele>113.0</ele>
				<time>2021-02-24T09:00:34</time>
			</trkpt>
			<trkpt lat="48.73741996474564" lon="2.8405099734663963">
				<ele>113.0</ele>
				<time>2021-02-24T09:00:35</time>
			</trkpt>
			<trkpt lat="48.73734997585416" lon="2.8405799623578787">
				<ele>113.0</ele>
				<time>2021-02-24T09:00:36</time>
			</trkpt>
			<trkpt lat="48.73728996142745" lon="2.840639976784587">
				<ele>113.0</ele>
				<time>2021-02-24T09:00:37</time>
			</trkpt>
			<trkpt lat="48.737209998071194" lon="2.8407299984246492">
				<ele>112.0</ele>
				<time>2021-02-24T09:00:39</time>
			</trkpt>
			<trkpt lat="48.73713992536068" lon="2.8407999873161316">
				<ele>112.0</ele>
				<time>2021-02-24T09:00:40</time>
			</trkpt>
			<trkpt lat="48.7370699364692" lon="2.840869976207614">
				<ele>112.0</ele>
				<time>2021-02-24T09:00:41</time>
			</trkpt>
			<trkpt lat="48.73692995868623" lon="2.8409999795258045">
				<ele>112.0</ele>
				<time>2021-02-24T09:00:43</time>
			</trkpt>
			<trkpt lat="48.736759973689914" lon="2.841159990057349">
				<ele>112.0</ele>
				<time>2021-02-24T09:00:46</time>
			</trkpt>
			<trkpt lat="48.73665997758508" lon="2.8412599861621857">
				<ele>111.0</ele>
				<time>2021-02-24T09:00:48</time>
			</trkpt>
			<trkpt lat="48.73659996315837" lon="2.841339949518442">
				<ele>111.0</ele>
				<time>2021-02-24T09:00:49</time>
			</trkpt>
			<trkpt lat="48.73653994873166" lon="2.8414199966937304">
				<ele>110.0</ele>
				<time>2021-02-24T09:00:50</time>
			</trkpt>
			<trkpt lat="48.7364499270916" lon="2.841549916192889">
				<ele>110.0</ele>
				<time>2021-02-24T09:00:52</time>
			</trkpt>
			<trkpt lat="48.73638999648392" lon="2.8416699450463057">
				<ele>110.0</ele>
				<time>2021-02-24T09:00:53</time>
			</trkpt>
			<trkpt lat="48.73633995652199" lon="2.841779999434948">
				<ele>109.0</ele>
				<time>2021-02-24T09:00:55</time>
			</trkpt>
			<trkpt lat="48.736289916560054" lon="2.8418899700045586">
				<ele>109.0</ele>
				<time>2021-02-24T09:00:56</time>
			</trkpt>
			<trkpt lat="48.736249934881926" lon="2.842009998857975">
				<ele>109.0</ele>
				<time>2021-02-24T09:00:57</time>
			</trkpt>
			<trkpt lat="48.73610995709896" lon="2.842399924993515">
				<ele>109.0</ele>
				<time>2021-02-24T09:01:01</time>
			</trkpt>
			<trkpt lat="48.735899990424514" lon="2.843079948797822">
				<ele>111.0</ele>
				<time>2021-02-24T09:01:08</time>
			</trkpt>
			<trkpt lat="48.73578993603587" lon="2.8434899915009737">
				<ele>111.0</ele>
				<time>2021-02-24T09:01:13</time>
			</trkpt>
			<trkpt lat="48.73576998710632" lon="2.84356995485723">
				<ele>111.0</ele>
				<time>2021-02-24T09:01:13</time>
			</trkpt>
			<trkpt lat="48.73574995435774" lon="2.8436299692839384">
				<ele>111.0</ele>
				<time>2021-02-24T09:01:14</time>
			</trkpt>
			<trkpt lat="48.73571994714439" lon="2.8436899837106466">
				<ele>111.0</ele>
				<time>2021-02-24T09:01:15</time>
			</trkpt>
			<trkpt lat="48.73569999821484" lon="2.843749998137355">
				<ele>111.0</ele>
				<time>2021-02-24T09:01:15</time>
			</trkpt>
			<trkpt lat="48.73567996546626" lon="2.8437799215316772">
				<ele>111.0</ele>
				<time>2021-02-24T09:01:16</time>
			</trkpt>
			<trkpt lat="48.73565993271768" lon="2.843819987028837">
				<ele>111.0</ele>
				<time>2021-02-24T09:01:16</time>
			</trkpt>
			<trkpt lat="48.73564995825291" lon="2.8438299614936113">
				<ele>111.0</ele>
				<time>2021-02-24T09:01:16</time>
			</trkpt>
			<trkpt lat="48.73563998378813" lon="2.8438499942421913">
				<ele>111.0</ele>
				<time>2021-02-24T09:01:17</time>
			</trkpt>
			<trkpt lat="48.73561995103955" lon="2.8438699431717396">
				<ele>111.0</ele>
				<time>2021-02-24T09:01:17</time>
			</trkpt>
			<trkpt lat="48.73559991829097" lon="2.8438999503850937">
				<ele>111.0</ele>
				<time>2021-02-24T09:01:17</time>
			</trkpt>
			<trkpt lat="48.73556999489665" lon="2.8439199831336737">
				<ele>111.0</ele>
				<time>2021-02-24T09:01:18</time>
			</trkpt>
			<trkpt lat="48.735539987683296" lon="2.843949990347028">
				<ele>111.0</ele>
				<time>2021-02-24T09:01:18</time>
			</trkpt>
			<trkpt lat="48.735519954934716" lon="2.843969939276576">
				<ele>111.0</ele>
				<time>2021-02-24T09:01:19</time>
			</trkpt>
			<trkpt lat="48.735499922186136" lon="2.843979997560382">
				<ele>111.0</ele>
				<time>2021-02-24T09:01:19</time>
			</trkpt>
			<trkpt lat="48.73543999157846" lon="2.84399994648993">
				<ele>110.0</ele>
				<time>2021-02-24T09:01:20</time>
			</trkpt>
			<trkpt lat="48.735389951616526" lon="2.84401997923851">
				<ele>110.0</ele>
				<time>2021-02-24T09:01:21</time>
			</trkpt>
			<trkpt lat="48.73529992997646" lon="2.8440599609166384">
				<ele>111.0</ele>
				<time>2021-02-24T09:01:22</time>
			</trkpt>
			<trkpt lat="48.73511997051537" lon="2.844159957021475">
				<ele>111.0</ele>
				<time>2021-02-24T09:01:25</time>
			</trkpt>
			<trkpt lat="48.73500999994576" lon="2.844249978661537">
				<ele>111.0</ele>
				<time>2021-02-24T09:01:27</time>
			</trkpt>
			<trkpt lat="48.734939927235246" lon="2.8443099930882454">
				<ele>111.0</ele>
				<time>2021-02-24T09:01:28</time>
			</trkpt>
			<trkpt lat="48.73483993113041" lon="2.844389956444502">
				<ele>110.0</ele>
				<time>2021-02-24T09:01:29</time>
			</trkpt>
			<trkpt lat="48.734529968351126" lon="2.844649963080883">
				<ele>111.0</ele>
				<time>2021-02-24T09:01:34</time>
			</trkpt>
			<trkpt lat="48.73421992175281" lon="2.844909969717264">
				<ele>110.0</ele>
				<time>2021-02-24T09:01:39</time>
			</trkpt>
			<trkpt lat="48.73390995897353" lon="2.8451699763536453">
				<ele>109.0</ele>
				<time>2021-02-24T09:01:45</time>
			</trkpt>
			<trkpt lat="48.73374994844198" lon="2.845299979671836">
				<ele>109.0</ele>
				<time>2021-02-24T09:01:47</time>
			</trkpt>
			<trkpt lat="48.733329931274056" lon="2.8456499241292477">
				<ele>108.0</ele>
				<time>2021-02-24T09:01:54</time>
			</trkpt>
			<trkpt lat="48.73296992853284" lon="2.8459499962627888">
				<ele>109.0</ele>
				<time>2021-02-24T09:02:00</time>
			</trkpt>
			<trkpt lat="48.7328199762851" lon="2.8460799995809793">
				<ele>108.0</ele>
				<time>2021-02-24T09:02:02</time>
			</trkpt>
			<trkpt lat="48.73275996185839" lon="2.8461299557238817">
				<ele>108.0</ele>
				<time>2021-02-24T09:02:03</time>
			</trkpt>
			<trkpt lat="48.732679998502135" lon="2.846179995685816">
				<ele>108.0</ele>
				<time>2021-02-24T09:02:05</time>
			</trkpt>
			<trkpt lat="48.7326299585402" lon="2.846199944615364">
				<ele>108.0</ele>
				<time>2021-02-24T09:02:05</time>
			</trkpt>
			<trkpt lat="48.732549995183945" lon="2.8462399262934923">
				<ele>108.0</ele>
				<time>2021-02-24T09:02:06</time>
			</trkpt>
			<trkpt lat="48.73244999907911" lon="2.8462899662554264">
				<ele>108.0</ele>
				<time>2021-02-24T09:02:08</time>
			</trkpt>
			<trkpt lat="48.73236995190382" lon="2.8463099990040064">
				<ele>108.0</ele>
				<time>2021-02-24T09:02:09</time>
			</trkpt>
			<trkpt lat="48.73221999965608" lon="2.8463599551469088">
				<ele>108.0</ele>
				<time>2021-02-24T09:02:11</time>
			</trkpt>
			<trkpt lat="48.73212997801602" lon="2.846399936825037">
				<ele>108.0</ele>
				<time>2021-02-24T09:02:13</time>
			</trkpt>
			<trkpt lat="48.73204993084073" lon="2.8464399185031652">
				<ele>108.0</ele>
				<time>2021-02-24T09:02:14</time>
			</trkpt>
			<trkpt lat="48.731969967484474" lon="2.846479984000325">
				<ele>109.0</ele>
				<time>2021-02-24T09:02:15</time>
			</trkpt>
			<trkpt lat="48.731649946421385" lon="2.8466899506747723">
				<ele>110.0</ele>
				<time>2021-02-24T09:02:20</time>
			</trkpt>
			<trkpt lat="48.73053993098438" lon="2.8474499378353357">
				<ele>108.0</ele>
				<time>2021-02-24T09:02:37</time>
			</trkpt>
			<trkpt lat="48.73042996041477" lon="2.847509952262044">
				<ele>108.0</ele>
				<time>2021-02-24T09:02:39</time>
			</trkpt>
			<trkpt lat="48.73037992045283" lon="2.847529985010624">
				<ele>108.0</ele>
				<time>2021-02-24T09:02:40</time>
			</trkpt>
			<trkpt lat="48.73032996430993" lon="2.847549933940172">
				<ele>109.0</ele>
				<time>2021-02-24T09:02:41</time>
			</trkpt>
			<trkpt lat="48.730279924348" lon="2.847569966688752">
				<ele>109.0</ele>
				<time>2021-02-24T09:02:41</time>
			</trkpt>
			<trkpt lat="48.73021999374032" lon="2.847569966688752">
				<ele>109.0</ele>
				<time>2021-02-24T09:02:42</time>
			</trkpt>
			<trkpt lat="48.730099964886904" lon="2.847589999437332">
				<ele>109.0</ele>
				<time>2021-02-24T09:02:44</time>
			</trkpt>
			<trkpt lat="48.729649940505624" lon="2.847569966688752">
				<ele>109.0</ele>
				<time>2021-02-24T09:02:50</time>
			</trkpt>
			<trkpt lat="48.72956997714937" lon="2.847559992223978">
				<ele>109.0</ele>
				<time>2021-02-24T09:02:52</time>
			</trkpt>
			<trkpt lat="48.72953996993601" lon="2.847559992223978">
				<ele>109.0</ele>
				<time>2021-02-24T09:02:52</time>
			</trkpt>
			<trkpt lat="48.72950996272266" lon="2.847559992223978">
				<ele>109.0</ele>
				<time>2021-02-24T09:02:52</time>
			</trkpt>
			<trkpt lat="48.729479955509305" lon="2.847569966688752">
				<ele>109.0</ele>
				<time>2021-02-24T09:02:53</time>
			</trkpt>
			<trkpt lat="48.729459922760725" lon="2.847569966688752">
				<ele>109.0</ele>
				<time>2021-02-24T09:02:53</time>
			</trkpt>
			<trkpt lat="48.72943997383118" lon="2.847589999437332">
				<ele>109.0</ele>
				<time>2021-02-24T09:02:53</time>
			</trkpt>
			<trkpt lat="48.7294199410826" lon="2.8475999739021063">
				<ele>109.0</ele>
				<time>2021-02-24T09:02:54</time>
			</trkpt>
			<trkpt lat="48.72940996661782" lon="2.8476099483668804">
				<ele>109.0</ele>
				<time>2021-02-24T09:02:54</time>
			</trkpt>
			<trkpt lat="48.72939999215305" lon="2.8476299811154604">
				<ele>109.0</ele>
				<time>2021-02-24T09:02:54</time>
			</trkpt>
			<trkpt lat="48.72937995940447" lon="2.8476699627935886">
				<ele>109.0</ele>
				<time>2021-02-24T09:02:55</time>
			</trkpt>
			<trkpt lat="48.729369984939694" lon="2.847709944471717">
				<ele>109.0</ele>
				<time>2021-02-24T09:02:55</time>
			</trkpt>
			<trkpt lat="48.72935992665589" lon="2.847729977220297">
				<ele>109.0</ele>
				<time>2021-02-24T09:02:55</time>
			</trkpt>
			<trkpt lat="48.72935992665589" lon="2.847759984433651">
				<ele>109.0</ele>
				<time>2021-02-24T09:02:56</time>
			</trkpt>
			<trkpt lat="48.72935992665589" lon="2.8478099405765533">
				<ele>109.0</ele>
				<time>2021-02-24T09:02:56</time>
			</trkpt>
			<trkpt lat="48.72935992665589" lon="2.8478499222546816">
				<ele>109.0</ele>
				<time>2021-02-24T09:02:56</time>
			</trkpt>
			<trkpt lat="48.72937995940447" lon="2.8480399399995804">
				<ele>109.0</ele>
				<time>2021-02-24T09:02:58</time>
			</trkpt>
			<trkpt lat="48.72939999215305" lon="2.8482999466359615">
				<ele>108.0</ele>
				<time>2021-02-24T09:03:01</time>
			</trkpt>
			<trkpt lat="48.72940996661782" lon="2.8483299538493156">
				<ele>108.0</ele>
				<time>2021-02-24T09:03:01</time>
			</trkpt>
			<trkpt lat="48.72940996661782" lon="2.8483799938112497">
				<ele>108.0</ele>
				<time>2021-02-24T09:03:02</time>
			</trkpt>
			<trkpt lat="48.72940996661782" lon="2.8485399205237627">
				<ele>108.0</ele>
				<time>2021-02-24T09:03:03</time>
			</trkpt>
			<trkpt lat="48.7294199410826" lon="2.8490399848669767">
				<ele>108.0</ele>
				<time>2021-02-24T09:03:08</time>
			</trkpt>
			<trkpt lat="48.7294299993664" lon="2.849279958754778">
				<ele>109.0</ele>
				<time>2021-02-24T09:03:10</time>
			</trkpt>
			<trkpt lat="48.7294299993664" lon="2.849549939855933">
				<ele>109.0</ele>
				<time>2021-02-24T09:03:13</time>
			</trkpt>
			<trkpt lat="48.72944994829595" lon="2.8505599591881037">
				<ele>109.0</ele>
				<time>2021-02-24T09:03:22</time>
			</trkpt>
			<trkpt lat="48.729499988257885" lon="2.8519299812614918">
				<ele>108.0</ele>
				<time>2021-02-24T09:03:35</time>
			</trkpt>
			<trkpt lat="48.72956997714937" lon="2.852909993380308">
				<ele>109.0</ele>
				<time>2021-02-24T09:03:44</time>
			</trkpt>
			<trkpt lat="48.72963996604085" lon="2.8536399733275175">
				<ele>110.0</ele>
				<time>2021-02-24T09:03:51</time>
			</trkpt>
			<trkpt lat="48.72965999878943" lon="2.853889921680093">
				<ele>111.0</ele>
				<time>2021-02-24T09:03:54</time>
			</trkpt>
			<trkpt lat="48.729669973254204" lon="2.853939961642027">
				<ele>111.0</ele>
				<time>2021-02-24T09:03:54</time>
			</trkpt>
			<trkpt lat="48.72972998768091" lon="2.854579919949174">
				<ele>111.0</ele>
				<time>2021-02-24T09:04:00</time>
			</trkpt>
			<trkpt lat="48.729739962145686" lon="2.854879992082715">
				<ele>111.0</ele>
				<time>2021-02-24T09:04:03</time>
			</trkpt>
			<trkpt lat="48.729719929397106" lon="2.8551699221134186">
				<ele>111.0</ele>
				<time>2021-02-24T09:04:06</time>
			</trkpt>
			<trkpt lat="48.729669973254204" lon="2.8554699942469597">
				<ele>110.0</ele>
				<time>2021-02-24T09:04:09</time>
			</trkpt>
			<trkpt lat="48.72959998436272" lon="2.8556999936699867">
				<ele>110.0</ele>
				<time>2021-02-24T09:04:11</time>
			</trkpt>
			<trkpt lat="48.72946998104453" lon="2.855969974771142">
				<ele>109.0</ele>
				<time>2021-02-24T09:04:14</time>
			</trkpt>
			<trkpt lat="48.72935992665589" lon="2.856139959767461">
				<ele>109.0</ele>
				<time>2021-02-24T09:04:17</time>
			</trkpt>
			<trkpt lat="48.72909992001951" lon="2.8564999625086784">
				<ele>108.0</ele>
				<time>2021-02-24T09:04:22</time>
			</trkpt>
			<trkpt lat="48.728859946131706" lon="2.856829958036542">
				<ele>109.0</ele>
				<time>2021-02-24T09:04:26</time>
			</trkpt>
			<trkpt lat="48.72871996834874" lon="2.857099939137697">
				<ele>111.0</ele>
				<time>2021-02-24T09:04:29</time>
			</trkpt>
			<trkpt lat="48.72864997945726" lon="2.857289956882596">
				<ele>112.0</ele>
				<time>2021-02-24T09:04:31</time>
			</trkpt>
			<trkpt lat="48.728599939495325" lon="2.857479974627495">
				<ele>112.0</ele>
				<time>2021-02-24T09:04:33</time>
			</trkpt>
			<trkpt lat="48.72856993228197" lon="2.8576699923723936">
				<ele>112.0</ele>
				<time>2021-02-24T09:04:35</time>
			</trkpt>
			<trkpt lat="48.728469936177135" lon="2.8582699690014124">
				<ele>113.0</ele>
				<time>2021-02-24T09:04:41</time>
			</trkpt>
			<trkpt lat="48.728379998356104" lon="2.858829963952303">
				<ele>113.0</ele>
				<time>2021-02-24T09:04:47</time>
			</trkpt>
			<trkpt lat="48.728319983929396" lon="2.859309995546937">
				<ele>114.0</ele>
				<time>2021-02-24T09:04:51</time>
			</trkpt>
			<trkpt lat="48.72830992564559" lon="2.8594199661165476">
				<ele>115.0</ele>
				<time>2021-02-24T09:04:52</time>
			</trkpt>
			<trkpt lat="48.728319983929396" lon="2.859709979966283">
				<ele>116.0</ele>
				<time>2021-02-24T09:04:55</time>
			</trkpt>
			<trkpt lat="48.72832995839417" lon="2.859889939427376">
				<ele>116.0</ele>
				<time>2021-02-24T09:04:57</time>
			</trkpt>
			<trkpt lat="48.728359965607524" lon="2.8600599244236946">
				<ele>117.0</ele>
				<time>2021-02-24T09:04:58</time>
			</trkpt>
			<trkpt lat="48.72854998335242" lon="2.8609899803996086">
				<ele>116.0</ele>
				<time>2021-02-24T09:05:07</time>
			</trkpt>
			<trkpt lat="48.72858996503055" lon="2.861259961500764">
				<ele>114.0</ele>
				<time>2021-02-24T09:05:10</time>
			</trkpt>
			<trkpt lat="48.728619972243905" lon="2.8615599498152733">
				<ele>112.0</ele>
				<time>2021-02-24T09:05:13</time>
			</trkpt>
			<trkpt lat="48.72866992838681" lon="2.8627199213951826">
				<ele>110.0</ele>
				<time>2021-02-24T09:05:24</time>
			</trkpt>
			<trkpt lat="48.72867998667061" lon="2.8629799280315638">
				<ele>110.0</ele>
				<time>2021-02-24T09:05:26</time>
			</trkpt>
			<trkpt lat="48.72868996113539" lon="2.8632199857383966">
				<ele>110.0</ele>
				<time>2021-02-24T09:05:29</time>
			</trkpt>
			<trkpt lat="48.72869993560016" lon="2.863279916346073">
				<ele>110.0</ele>
				<time>2021-02-24T09:05:29</time>
			</trkpt>
			<trkpt lat="48.728729942813516" lon="2.8636799845844507">
				<ele>111.0</ele>
				<time>2021-02-24T09:05:33</time>
			</trkpt>
			<trkpt lat="48.728749975562096" lon="2.863939991220832">
				<ele>111.0</ele>
				<time>2021-02-24T09:05:35</time>
			</trkpt>
			<trkpt lat="48.728769924491644" lon="2.8643399756401777">
				<ele>110.0</ele>
				<time>2021-02-24T09:05:39</time>
			</trkpt>
			<trkpt lat="48.72882993891835" lon="2.8655699361115694">
				<ele>108.0</ele>
				<time>2021-02-24T09:05:51</time>
			</trkpt>
			<trkpt lat="48.72881996445358" lon="2.865979978814721">
				<ele>108.0</ele>
				<time>2021-02-24T09:05:55</time>
			</trkpt>
			<trkpt lat="48.728799931705" lon="2.8662899415940046">
				<ele>109.0</ele>
				<time>2021-02-24T09:05:58</time>
			</trkpt>
			<trkpt lat="48.728789957240224" lon="2.866419944912195">
				<ele>109.0</ele>
				<time>2021-02-24T09:05:59</time>
			</trkpt>
			<trkpt lat="48.72875995002687" lon="2.86657995544374">
				<ele>110.0</ele>
				<time>2021-02-24T09:06:00</time>
			</trkpt>
			<trkpt lat="48.72864997945726" lon="2.8668999765068293">
				<ele>110.0</ele>
				<time>2021-02-24T09:06:04</time>
			</trkpt>
			<trkpt lat="48.7285599578172" lon="2.8671399503946304">
				<ele>110.0</ele>
				<time>2021-02-24T09:06:06</time>
			</trkpt>
			<trkpt lat="48.72847999446094" lon="2.8673099353909492">
				<ele>110.0</ele>
				<time>2021-02-24T09:06:08</time>
			</trkpt>
			<trkpt lat="48.72839994728565" lon="2.867519985884428">
				<ele>110.0</ele>
				<time>2021-02-24T09:06:11</time>
			</trkpt>
			<trkpt lat="48.728319983929396" lon="2.8679099958389997">
				<ele>110.0</ele>
				<time>2021-02-24T09:06:15</time>
			</trkpt>
			<trkpt lat="48.728319983929396" lon="2.8679999336600304">
				<ele>110.0</ele>
				<time>2021-02-24T09:06:15</time>
			</trkpt>
			<trkpt lat="48.728299951180816" lon="2.8682499658316374">
				<ele>111.0</ele>
				<time>2021-02-24T09:06:18</time>
			</trkpt>
			<trkpt lat="48.728299951180816" lon="2.8684899397194386">
				<ele>111.0</ele>
				<time>2021-02-24T09:06:20</time>
			</trkpt>
			<trkpt lat="48.728279918432236" lon="2.869019927456975">
				<ele>111.0</ele>
				<time>2021-02-24T09:06:25</time>
			</trkpt>
			<trkpt lat="48.72825996950269" lon="2.869319999590516">
				<ele>111.0</ele>
				<time>2021-02-24T09:06:28</time>
			</trkpt>
			<trkpt lat="48.72825996950269" lon="2.869519991800189">
				<ele>111.0</ele>
				<time>2021-02-24T09:06:30</time>
			</trkpt>
			<trkpt lat="48.72826994396746" lon="2.8704899456351995">
				<ele>111.0</ele>
				<time>2021-02-24T09:06:39</time>
			</trkpt>
			<trkpt lat="48.72826994396746" lon="2.8709999844431877">
				<ele>111.0</ele>
				<time>2021-02-24T09:06:44</time>
			</trkpt>
			<trkpt lat="48.728279918432236" lon="2.871449925005436">
				<ele>111.0</ele>
				<time>2021-02-24T09:06:48</time>
			</trkpt>
			<trkpt lat="48.72828997671604" lon="2.871679924428463">
				<ele>111.0</ele>
				<time>2021-02-24T09:06:50</time>
			</trkpt>
			<trkpt lat="48.72828997671604" lon="2.87237998098135">
				<ele>112.0</ele>
				<time>2021-02-24T09:06:57</time>
			</trkpt>
			<trkpt lat="48.728279918432236" lon="2.8728799615055323">
				<ele>112.0</ele>
				<time>2021-02-24T09:07:02</time>
			</trkpt>
			<trkpt lat="48.72826994396746" lon="2.8731299936771393">
				<ele>112.0</ele>
				<time>2021-02-24T09:07:04</time>
			</trkpt>
			<trkpt lat="48.72824999503791" lon="2.8733099531382322">
				<ele>112.0</ele>
				<time>2021-02-24T09:07:06</time>
			</trkpt>
			<trkpt lat="48.72822996228933" lon="2.873719995841384">
				<ele>113.0</ele>
				<time>2021-02-24T09:07:09</time>
			</trkpt>
			<trkpt lat="48.72822996228933" lon="2.874189969152212">
				<ele>113.0</ele>
				<time>2021-02-24T09:07:14</time>
			</trkpt>
			<trkpt lat="48.72823993675411" lon="2.874639993533492">
				<ele>113.0</ele>
				<time>2021-02-24T09:07:18</time>
			</trkpt>
			<trkpt lat="48.72824999503791" lon="2.875279951840639">
				<ele>113.0</ele>
				<time>2021-02-24T09:07:24</time>
			</trkpt>
			<trkpt lat="48.728279918432236" lon="2.875499976798892">
				<ele>113.0</ele>
				<time>2021-02-24T09:07:26</time>
			</trkpt>
			<trkpt lat="48.72830992564559" lon="2.875649929046631">
				<ele>113.0</ele>
				<time>2021-02-24T09:07:28</time>
			</trkpt>
			<trkpt lat="48.72832995839417" lon="2.8757799323648214">
				<ele>113.0</ele>
				<time>2021-02-24T09:07:29</time>
			</trkpt>
			<trkpt lat="48.728359965607524" lon="2.875909935683012">
				<ele>113.0</ele>
				<time>2021-02-24T09:07:30</time>
			</trkpt>
			<trkpt lat="48.728409921750426" lon="2.876119986176491">
				<ele>112.0</ele>
				<time>2021-02-24T09:07:32</time>
			</trkpt>
			<trkpt lat="48.728449987247586" lon="2.876309920102358">
				<ele>112.0</ele>
				<time>2021-02-24T09:07:34</time>
			</trkpt>
			<trkpt lat="48.728469936177135" lon="2.87639994174242">
				<ele>112.0</ele>
				<time>2021-02-24T09:07:35</time>
			</trkpt>
			<trkpt lat="48.728489968925714" lon="2.876539919525385">
				<ele>112.0</ele>
				<time>2021-02-24T09:07:37</time>
			</trkpt>
			<trkpt lat="48.72849994339049" lon="2.876779977232218">
				<ele>112.0</ele>
				<time>2021-02-24T09:07:39</time>
			</trkpt>
			<trkpt lat="48.72849994339049" lon="2.8769499622285366">
				<ele>112.0</ele>
				<time>2021-02-24T09:07:40</time>
			</trkpt>
			<trkpt lat="48.72815997339785" lon="2.87860999815166">
				<ele>112.0</ele>
				<time>2021-02-24T09:07:57</time>
			</trkpt>
			<trkpt lat="48.72814999893308" lon="2.8786899615079165">
				<ele>112.0</ele>
				<time>2021-02-24T09:07:58</time>
			</trkpt>
			<trkpt lat="48.72815997339785" lon="2.878769924864173">
				<ele>112.0</ele>
				<time>2021-02-24T09:07:58</time>
			</trkpt>
			<trkpt lat="48.72820992954075" lon="2.878849972039461">
				<ele>112.0</ele>
				<time>2021-02-24T09:07:59</time>
			</trkpt>
			<trkpt lat="48.72824999503791" lon="2.8788999281823635">
				<ele>112.0</ele>
				<time>2021-02-24T09:08:00</time>
			</trkpt>
			<trkpt lat="48.72838997282088" lon="2.879029931500554">
				<ele>112.0</ele>
				<time>2021-02-24T09:08:03</time>
			</trkpt>
			<trkpt lat="48.728409921750426" lon="2.879049964249134">
				<ele>111.0</ele>
				<time>2021-02-24T09:08:03</time>
			</trkpt>
			<trkpt lat="48.72843992896378" lon="2.879079971462488">
				<ele>111.0</ele>
				<time>2021-02-24T09:08:03</time>
			</trkpt>
			<trkpt lat="48.72847999446094" lon="2.8791399858891964">
				<ele>111.0</ele>
				<time>2021-02-24T09:08:04</time>
			</trkpt>
			<trkpt lat="48.72850991785526" lon="2.8791799675673246">
				<ele>111.0</ele>
				<time>2021-02-24T09:08:05</time>
			</trkpt>
			<trkpt lat="48.7285599578172" lon="2.879299996420741">
				<ele>111.0</ele>
				<time>2021-02-24T09:08:06</time>
			</trkpt>
			<trkpt lat="48.72858996503055" lon="2.879459923133254">
				<ele>111.0</ele>
				<time>2021-02-24T09:08:08</time>
			</trkpt>
			<trkpt lat="48.72860999777913" lon="2.879669973626733">
				<ele>110.0</ele>
				<time>2021-02-24T09:08:10</time>
			</trkpt>
			<trkpt lat="48.72862994670868" lon="2.8798499330878258">
				<ele>110.0</ele>
				<time>2021-02-24T09:08:11</time>
			</trkpt>
			<trkpt lat="48.72863992117345" lon="2.8800199180841446">
				<ele>110.0</ele>
				<time>2021-02-24T09:08:13</time>
			</trkpt>
			<trkpt lat="48.72865995392203" lon="2.8802699502557516">
				<ele>110.0</ele>
				<time>2021-02-24T09:08:15</time>
			</trkpt>
			<trkpt lat="48.72865995392203" lon="2.88030993193388">
				<ele>110.0</ele>
				<time>2021-02-24T09:08:16</time>
			</trkpt>
			<trkpt lat="48.72867998667061" lon="2.880539931356907">
				<ele>111.0</ele>
				<time>2021-02-24T09:08:18</time>
			</trkpt>
			<trkpt lat="48.72866992838681" lon="2.8809199668467045">
				<ele>111.0</ele>
				<time>2021-02-24T09:08:22</time>
			</trkpt>
			<trkpt lat="48.72863992117345" lon="2.881459929049015">
				<ele>112.0</ele>
				<time>2021-02-24T09:08:27</time>
			</trkpt>
			<trkpt lat="48.72860999777913" lon="2.8820699639618397">
				<ele>113.0</ele>
				<time>2021-02-24T09:08:32</time>
			</trkpt>
			<trkpt lat="48.72860999777913" lon="2.882109945639968">
				<ele>113.0</ele>
				<time>2021-02-24T09:08:33</time>
			</trkpt>
			<trkpt lat="48.72856993228197" lon="2.88264999166131">
				<ele>113.0</ele>
				<time>2021-02-24T09:08:38</time>
			</trkpt>
			<trkpt lat="48.72853992506862" lon="2.8828399255871773">
				<ele>113.0</ele>
				<time>2021-02-24T09:08:40</time>
			</trkpt>
			<trkpt lat="48.72853992506862" lon="2.882849983870983">
				<ele>113.0</ele>
				<time>2021-02-24T09:08:40</time>
			</trkpt>
			<trkpt lat="48.728489968925714" lon="2.8830999322235584">
				<ele>112.0</ele>
				<time>2021-02-24T09:08:42</time>
			</trkpt>
			<trkpt lat="48.72839994728565" lon="2.8835499566048384">
				<ele>111.0</ele>
				<time>2021-02-24T09:08:47</time>
			</trkpt>
			<trkpt lat="48.728359965607524" lon="2.883729999884963">
				<ele>112.0</ele>
				<time>2021-02-24T09:08:49</time>
			</trkpt>
			<trkpt lat="48.72832995839417" lon="2.8838699776679277">
				<ele>111.0</ele>
				<time>2021-02-24T09:08:50</time>
			</trkpt>
			<trkpt lat="48.72832995839417" lon="2.8841999731957912">
				<ele>111.0</ele>
				<time>2021-02-24T09:08:53</time>
			</trkpt>
			<trkpt lat="48.72832995839417" lon="2.8842599876224995">
				<ele>111.0</ele>
				<time>2021-02-24T09:08:54</time>
			</trkpt>
			<trkpt lat="48.72843992896378" lon="2.884759968146682">
				<ele>110.0</ele>
				<time>2021-02-24T09:08:59</time>
			</trkpt>
			<trkpt lat="48.72867998667061" lon="2.885969979688525">
				<ele>111.0</ele>
				<time>2021-02-24T09:09:10</time>
			</trkpt>
			<trkpt lat="48.72869993560016" lon="2.88608992472291">
				<ele>111.0</ele>
				<time>2021-02-24T09:09:12</time>
			</trkpt>
			<trkpt lat="48.72888995334506" lon="2.887029955163598">
				<ele>111.0</ele>
				<time>2021-02-24T09:09:21</time>
			</trkpt>
			<trkpt lat="48.728899927809834" lon="2.8870999440550804">
				<ele>111.0</ele>
				<time>2021-02-24T09:09:22</time>
			</trkpt>
			<trkpt lat="48.728919960558414" lon="2.887249980121851">
				<ele>111.0</ele>
				<time>2021-02-24T09:09:23</time>
			</trkpt>
			<trkpt lat="48.72892993502319" lon="2.8873899579048157">
				<ele>112.0</ele>
				<time>2021-02-24T09:09:24</time>
			</trkpt>
			<trkpt lat="48.729069996625185" lon="2.888089930638671">
				<ele>114.0</ele>
				<time>2021-02-24T09:09:31</time>
			</trkpt>
			<trkpt lat="48.72907997108996" lon="2.888119937852025">
				<ele>114.0</ele>
				<time>2021-02-24T09:09:32</time>
			</trkpt>
			<trkpt lat="48.72910997830331" lon="2.8882199339568615">
				<ele>114.0</ele>
				<time>2021-02-24T09:09:33</time>
			</trkpt>
			<trkpt lat="48.729159934446216" lon="2.8884699661284685">
				<ele>113.0</ele>
				<time>2021-02-24T09:09:35</time>
			</trkpt>
			<trkpt lat="48.729179967194796" lon="2.888569962233305">
				<ele>113.0</ele>
				<time>2021-02-24T09:09:36</time>
			</trkpt>
			<trkpt lat="48.7292299233377" lon="2.8888599760830402">
				<ele>111.0</ele>
				<time>2021-02-24T09:09:39</time>
			</trkpt>
			<trkpt lat="48.72929999604821" lon="2.889259960502386">
				<ele>110.0</ele>
				<time>2021-02-24T09:09:43</time>
			</trkpt>
			<trkpt lat="48.7294199410826" lon="2.889859937131405">
				<ele>111.0</ele>
				<time>2021-02-24T09:09:49</time>
			</trkpt>
			<trkpt lat="48.729609958827496" lon="2.8908599819988012">
				<ele>110.0</ele>
				<time>2021-02-24T09:09:59</time>
			</trkpt>
			<trkpt lat="48.72970995493233" lon="2.8913399297744036">
				<ele>110.0</ele>
				<time>2021-02-24T09:10:03</time>
			</trkpt>
			<trkpt lat="48.72982998378575" lon="2.891969997435808">
				<ele>112.0</ele>
				<time>2021-02-24T09:10:09</time>
			</trkpt>
			<trkpt lat="48.73004992492497" lon="2.8930899873375893">
				<ele>108.0</ele>
				<time>2021-02-24T09:10:20</time>
			</trkpt>
			<trkpt lat="48.73060991987586" lon="2.8960099909454584">
				<ele>110.0</ele>
				<time>2021-02-24T09:10:49</time>
			</trkpt>
			<trkpt lat="48.730809995904565" lon="2.8970699664205313">
				<ele>109.0</ele>
				<time>2021-02-24T09:11:00</time>
			</trkpt>
			<trkpt lat="48.7309099920094" lon="2.8975599724799395">
				<ele>108.0</ele>
				<time>2021-02-24T09:11:04</time>
			</trkpt>
			<trkpt lat="48.730959948152304" lon="2.897879993543029">
				<ele>109.0</ele>
				<time>2021-02-24T09:11:07</time>
			</trkpt>
			<trkpt lat="48.73099992983043" lon="2.8981699235737324">
				<ele>109.0</ele>
				<time>2021-02-24T09:11:10</time>
			</trkpt>
			<trkpt lat="48.731029937043786" lon="2.8984399884939194">
				<ele>109.0</ele>
				<time>2021-02-24T09:11:13</time>
			</trkpt>
			<trkpt lat="48.73105994425714" lon="2.898789932951331">
				<ele>109.0</ele>
				<time>2021-02-24T09:11:16</time>
			</trkpt>
			<trkpt lat="48.73107997700572" lon="2.89895991794765">
				<ele>109.0</ele>
				<time>2021-02-24T09:11:18</time>
			</trkpt>
			<trkpt lat="48.73109992593527" lon="2.899209950119257">
				<ele>109.0</ele>
				<time>2021-02-24T09:11:20</time>
			</trkpt>
			<trkpt lat="48.73115994036198" lon="2.899919981136918">
				<ele>112.0</ele>
				<time>2021-02-24T09:11:27</time>
			</trkpt>
			<trkpt lat="48.73128994368017" lon="2.901429980993271">
				<ele>112.0</ele>
				<time>2021-02-24T09:11:41</time>
			</trkpt>
			<trkpt lat="48.73137996532023" lon="2.9024299420416355">
				<ele>111.0</ele>
				<time>2021-02-24T09:11:51</time>
			</trkpt>
			<trkpt lat="48.73142992146313" lon="2.9029399808496237">
				<ele>111.0</ele>
				<time>2021-02-24T09:11:56</time>
			</trkpt>
			<trkpt lat="48.731459928676486" lon="2.9033299908041954">
				<ele>112.0</ele>
				<time>2021-02-24T09:11:59</time>
			</trkpt>
			<trkpt lat="48.73148993588984" lon="2.903689993545413">
				<ele>112.0</ele>
				<time>2021-02-24T09:12:03</time>
			</trkpt>
			<trkpt lat="48.73152991756797" lon="2.904109926894307">
				<ele>112.0</ele>
				<time>2021-02-24T09:12:07</time>
			</trkpt>
			<trkpt lat="48.73155992478132" lon="2.9044299479573965">
				<ele>112.0</ele>
				<time>2021-02-24T09:12:10</time>
			</trkpt>
			<trkpt lat="48.7315799575299" lon="2.904769917950034">
				<ele>113.0</ele>
				<time>2021-02-24T09:12:13</time>
			</trkpt>
			<trkpt lat="48.73158993199468" lon="2.9048999212682247">
				<ele>114.0</ele>
				<time>2021-02-24T09:12:14</time>
			</trkpt>
			<trkpt lat="48.73161993920803" lon="2.9051399789750576">
				<ele>115.0</ele>
				<time>2021-02-24T09:12:17</time>
			</trkpt>
			<trkpt lat="48.73161993920803" lon="2.9051699861884117">
				<ele>116.0</ele>
				<time>2021-02-24T09:12:17</time>
			</trkpt>
			<trkpt lat="48.73163997195661" lon="2.905449941754341">
				<ele>117.0</ele>
				<time>2021-02-24T09:12:20</time>
			</trkpt>
			<trkpt lat="48.731669979169965" lon="2.9058099444955587">
				<ele>118.0</ele>
				<time>2021-02-24T09:12:23</time>
			</trkpt>
			<trkpt lat="48.73168992809951" lon="2.906079925596714">
				<ele>117.0</ele>
				<time>2021-02-24T09:12:26</time>
			</trkpt>
			<trkpt lat="48.73171993531287" lon="2.906309925019741">
				<ele>116.0</ele>
				<time>2021-02-24T09:12:28</time>
			</trkpt>
			<trkpt lat="48.73174994252622" lon="2.9066899605095387">
				<ele>115.0</ele>
				<time>2021-02-24T09:12:31</time>
			</trkpt>
			<trkpt lat="48.73178992420435" lon="2.9070899449288845">
				<ele>114.0</ele>
				<time>2021-02-24T09:12:35</time>
			</trkpt>
			<trkpt lat="48.731819931417704" lon="2.9074799548834562">
				<ele>114.0</ele>
				<time>2021-02-24T09:12:39</time>
			</trkpt>
			<trkpt lat="48.731859996914864" lon="2.907869964838028">
				<ele>113.0</ele>
				<time>2021-02-24T09:12:43</time>
			</trkpt>
			<trkpt lat="48.73189997859299" lon="2.908249916508794">
				<ele>113.0</ele>
				<time>2021-02-24T09:12:46</time>
			</trkpt>
			<trkpt lat="48.731949934735894" lon="2.9087999369949102">
				<ele>113.0</ele>
				<time>2021-02-24T09:12:51</time>
			</trkpt>
			<trkpt lat="48.73199997469783" lon="2.9093699902296066">
				<ele>114.0</ele>
				<time>2021-02-24T09:12:57</time>
			</trkpt>
			<trkpt lat="48.73204993084073" lon="2.909899977967143">
				<ele>117.0</ele>
				<time>2021-02-24T09:13:02</time>
			</trkpt>
			<trkpt lat="48.73208999633789" lon="2.9104399401694536">
				<ele>119.0</ele>
				<time>2021-02-24T09:13:07</time>
			</trkpt>
			<trkpt lat="48.73211991973221" lon="2.910729954019189">
				<ele>120.0</ele>
				<time>2021-02-24T09:13:10</time>
			</trkpt>
			<trkpt lat="48.73212997801602" lon="2.9108099173754454">
				<ele>120.0</ele>
				<time>2021-02-24T09:13:11</time>
			</trkpt>
			<trkpt lat="48.73216995969415" lon="2.9112899489700794">
				<ele>119.0</ele>
				<time>2021-02-24T09:13:15</time>
			</trkpt>
			<trkpt lat="48.7321999669075" lon="2.911649951711297">
				<ele>119.0</ele>
				<time>2021-02-24T09:13:19</time>
			</trkpt>
			<trkpt lat="48.732229974120855" lon="2.9119599983096123">
				<ele>119.0</ele>
				<time>2021-02-24T09:13:22</time>
			</trkpt>
			<trkpt lat="48.732269955798984" lon="2.912339949980378">
				<ele>121.0</ele>
				<time>2021-02-24T09:13:25</time>
			</trkpt>
			<trkpt lat="48.73229996301234" lon="2.9126699455082417">
				<ele>120.0</ele>
				<time>2021-02-24T09:13:28</time>
			</trkpt>
			<trkpt lat="48.73232997022569" lon="2.912999941036105">
				<ele>119.0</ele>
				<time>2021-02-24T09:13:31</time>
			</trkpt>
			<trkpt lat="48.732379926368594" lon="2.9134999215602875">
				<ele>119.0</ele>
				<time>2021-02-24T09:13:36</time>
			</trkpt>
			<trkpt lat="48.7323899846524" lon="2.913649957627058">
				<ele>120.0</ele>
				<time>2021-02-24T09:13:38</time>
			</trkpt>
			<trkpt lat="48.732419991865754" lon="2.9139899276196957">
				<ele>120.0</ele>
				<time>2021-02-24T09:13:41</time>
			</trkpt>
			<trkpt lat="48.73245997354388" lon="2.9144499264657497">
				<ele>122.0</ele>
				<time>2021-02-24T09:13:45</time>
			</trkpt>
			<trkpt lat="48.73249995522201" lon="2.914819987490773">
				<ele>122.0</ele>
				<time>2021-02-24T09:13:49</time>
			</trkpt>
			<trkpt lat="48.732529962435365" lon="2.915209997445345">
				<ele>121.0</ele>
				<time>2021-02-24T09:13:52</time>
			</trkpt>
			<trkpt lat="48.73258997686207" lon="2.9157799668610096">
				<ele>120.0</ele>
				<time>2021-02-24T09:13:58</time>
			</trkpt>
			<trkpt lat="48.73259995132685" lon="2.9159399773925543">
				<ele>119.0</ele>
				<time>2021-02-24T09:13:59</time>
			</trkpt>
			<trkpt lat="48.73269994743168" lon="2.916929963976145">
				<ele>119.0</ele>
				<time>2021-02-24T09:14:09</time>
			</trkpt>
			<trkpt lat="48.73273992910981" lon="2.917419970035553">
				<ele>118.0</ele>
				<time>2021-02-24T09:14:14</time>
			</trkpt>
			<trkpt lat="48.732769936323166" lon="2.917819954454899">
				<ele>119.0</ele>
				<time>2021-02-24T09:14:17</time>
			</trkpt>
			<trkpt lat="48.73279994353652" lon="2.9182399716228247">
				<ele>118.0</ele>
				<time>2021-02-24T09:14:21</time>
			</trkpt>
			<trkpt lat="48.73283992521465" lon="2.9186699632555246">
				<ele>116.0</ele>
				<time>2021-02-24T09:14:25</time>
			</trkpt>
			<trkpt lat="48.732919972389936" lon="2.919409917667508">
				<ele>112.0</ele>
				<time>2021-02-24T09:14:32</time>
			</trkpt>
			<trkpt lat="48.73304997570813" lon="2.920729983597994">
				<ele>112.0</ele>
				<time>2021-02-24T09:14:45</time>
			</trkpt>
			<trkpt lat="48.73307998292148" lon="2.920999964699149">
				<ele>113.0</ele>
				<time>2021-02-24T09:14:48</time>
			</trkpt>
			<trkpt lat="48.733109990134835" lon="2.9212899785488844">
				<ele>114.0</ele>
				<time>2021-02-24T09:14:50</time>
			</trkpt>
			<trkpt lat="48.73313999734819" lon="2.921599941328168">
				<ele>115.0</ele>
				<time>2021-02-24T09:14:53</time>
			</trkpt>
			<trkpt lat="48.73315994627774" lon="2.921819966286421">
				<ele>115.0</ele>
				<time>2021-02-24T09:14:55</time>
			</trkpt>
			<trkpt lat="48.73318995349109" lon="2.9221299290657043">
				<ele>114.0</ele>
				<time>2021-02-24T09:14:58</time>
			</trkpt>
			<trkpt lat="48.73322993516922" lon="2.9225799534469843">
				<ele>114.0</ele>
				<time>2021-02-24T09:15:03</time>
			</trkpt>
			<trkpt lat="48.7332999240607" lon="2.9233199916779995">
				<ele>115.0</ele>
				<time>2021-02-24T09:15:10</time>
			</trkpt>
			<trkpt lat="48.73350997455418" lon="2.92557992041111">
				<ele>112.0</ele>
				<time>2021-02-24T09:15:31</time>
			</trkpt>
			<trkpt lat="48.73357996344566" lon="2.926299925893545">
				<ele>113.0</ele>
				<time>2021-02-24T09:15:38</time>
			</trkpt>
			<trkpt lat="48.733669985085726" lon="2.9272599890828133">
				<ele>113.0</ele>
				<time>2021-02-24T09:15:47</time>
			</trkpt>
			<trkpt lat="48.73374994844198" lon="2.9281399212777615">
				<ele>112.0</ele>
				<time>2021-02-24T09:15:56</time>
			</trkpt>
			<trkpt lat="48.73378993012011" lon="2.928569996729493">
				<ele>112.0</ele>
				<time>2021-02-24T09:16:00</time>
			</trkpt>
			<trkpt lat="48.73388992622495" lon="2.9296999610960484">
				<ele>113.0</ele>
				<time>2021-02-24T09:16:10</time>
			</trkpt>
			<trkpt lat="48.73392999172211" lon="2.930119978263974">
				<ele>113.0</ele>
				<time>2021-02-24T09:16:14</time>
			</trkpt>
			<trkpt lat="48.733969973400235" lon="2.930529937148094">
				<ele>113.0</ele>
				<time>2021-02-24T09:16:18</time>
			</trkpt>
			<trkpt lat="48.73399998061359" lon="2.9308299254626036">
				<ele>113.0</ele>
				<time>2021-02-24T09:16:21</time>
			</trkpt>
			<trkpt lat="48.73403996229172" lon="2.9312899243086576">
				<ele>113.0</ele>
				<time>2021-02-24T09:16:26</time>
			</trkpt>
			<trkpt lat="48.734079943969846" lon="2.9315699636936188">
				<ele>113.0</ele>
				<time>2021-02-24T09:16:28</time>
			</trkpt>
			<trkpt lat="48.734099976718426" lon="2.9317299742251635">
				<ele>113.0</ele>
				<time>2021-02-24T09:16:30</time>
			</trkpt>
			<trkpt lat="48.734099976718426" lon="2.9317499231547117">
				<ele>113.0</ele>
				<time>2021-02-24T09:16:30</time>
			</trkpt>
			<trkpt lat="48.73414993286133" lon="2.9319399408996105">
				<ele>113.0</ele>
				<time>2021-02-24T09:16:32</time>
			</trkpt>
			<trkpt lat="48.73417994007468" lon="2.9320799186825752">
				<ele>113.0</ele>
				<time>2021-02-24T09:16:33</time>
			</trkpt>
			<trkpt lat="48.73418999835849" lon="2.932119984179735">
				<ele>113.0</ele>
				<time>2021-02-24T09:16:34</time>
			</trkpt>
			<trkpt lat="48.73423995450139" lon="2.9323399253189564">
				<ele>113.0</ele>
				<time>2021-02-24T09:16:36</time>
			</trkpt>
			<trkpt lat="48.73431991785765" lon="2.93266992084682">
				<ele>113.0</ele>
				<time>2021-02-24T09:16:39</time>
			</trkpt>
			<trkpt lat="48.734399965032935" lon="2.932969992980361">
				<ele>113.0</ele>
				<time>2021-02-24T09:16:42</time>
			</trkpt>
			<trkpt lat="48.734489986673" lon="2.9332999885082245">
				<ele>113.0</ele>
				<time>2021-02-24T09:16:46</time>
			</trkpt>
			<trkpt lat="48.73455997556448" lon="2.933589918538928">
				<ele>114.0</ele>
				<time>2021-02-24T09:16:49</time>
			</trkpt>
			<trkpt lat="48.734589982777834" lon="2.9336699657142162">
				<ele>114.0</ele>
				<time>2021-02-24T09:16:49</time>
			</trkpt>
			<trkpt lat="48.73470992781222" lon="2.9341499973088503">
				<ele>113.0</ele>
				<time>2021-02-24T09:16:54</time>
			</trkpt>
			<trkpt lat="48.734809923917055" lon="2.9345599561929703">
				<ele>114.0</ele>
				<time>2021-02-24T09:16:58</time>
			</trkpt>
			<trkpt lat="48.73488997109234" lon="2.9348499700427055">
				<ele>114.0</ele>
				<time>2021-02-24T09:17:01</time>
			</trkpt>
			<trkpt lat="48.7349699344486" lon="2.935139983892441">
				<ele>114.0</ele>
				<time>2021-02-24T09:17:04</time>
			</trkpt>
			<trkpt lat="48.73503992334008" lon="2.93541993945837">
				<ele>114.0</ele>
				<time>2021-02-24T09:17:07</time>
			</trkpt>
			<trkpt lat="48.73523027636111" lon="2.936171293258667">
				<ele>113.0</ele>
				<time>2021-02-24T09:17:15</time>
			</trkpt>
			<trkpt lat="48.73522994108498" lon="2.9361699521541595">
				<ele>113.0</ele>
				<time>2021-02-24T09:17:15</time>
			</trkpt>
			<trkpt lat="48.73528995551169" lon="2.9364199843257666">
				<ele>113.0</ele>
				<time>2021-02-24T09:17:17</time>
			</trkpt>
			<trkpt lat="48.735389951616526" lon="2.936779987066984">
				<ele>114.0</ele>
				<time>2021-02-24T09:17:21</time>
			</trkpt>
			<trkpt lat="48.73547997325659" lon="2.937119957059622">
				<ele>114.0</ele>
				<time>2021-02-24T09:17:24</time>
			</trkpt>
			<trkpt lat="48.735499922186136" lon="2.937209978699684">
				<ele>114.0</ele>
				<time>2021-02-24T09:17:25</time>
			</trkpt>
			<trkpt lat="48.735519954934716" lon="2.9373099748045206">
				<ele>115.0</ele>
				<time>2021-02-24T09:17:26</time>
			</trkpt>
			<trkpt lat="48.735579969361424" lon="2.9375399742275476">
				<ele>115.0</ele>
				<time>2021-02-24T09:17:29</time>
			</trkpt>
			<trkpt lat="48.73572992160916" lon="2.9381199181079865">
				<ele>115.0</ele>
				<time>2021-02-24T09:17:35</time>
			</trkpt>
			<trkpt lat="48.73591993935406" lon="2.9388799890875816">
				<ele>117.0</ele>
				<time>2021-02-24T09:17:42</time>
			</trkpt>
			<trkpt lat="48.736029993742704" lon="2.9393099807202816">
				<ele>117.0</ele>
				<time>2021-02-24T09:17:47</time>
			</trkpt>
			<trkpt lat="48.736139964312315" lon="2.9397199396044016">
				<ele>117.0</ele>
				<time>2021-02-24T09:17:51</time>
			</trkpt>
			<trkpt lat="48.73618992045522" lon="2.9399599973112345">
				<ele>117.0</ele>
				<time>2021-02-24T09:17:53</time>
			</trkpt>
			<trkpt lat="48.736269967630506" lon="2.9403199162334204">
				<ele>117.0</ele>
				<time>2021-02-24T09:17:57</time>
			</trkpt>
			<trkpt lat="48.73629997484386" lon="2.940499959513545">
				<ele>116.0</ele>
				<time>2021-02-24T09:17:58</time>
			</trkpt>
			<trkpt lat="48.736399970948696" lon="2.9410499799996614">
				<ele>116.0</ele>
				<time>2021-02-24T09:18:04</time>
			</trkpt>
			<trkpt lat="48.736459985375404" lon="2.9414299316704273">
				<ele>116.0</ele>
				<time>2021-02-24T09:18:07</time>
			</trkpt>
			<trkpt lat="48.73652997426689" lon="2.941849948838353">
				<ele>117.0</ele>
				<time>2021-02-24T09:18:12</time>
			</trkpt>
			<trkpt lat="48.73646995984018" lon="2.9418799560517073">
				<ele>117.0</ele>
				<time>2021-02-24T09:18:12</time>
			</trkpt>
			<trkpt lat="48.736309949308634" lon="2.941989926621318">
				<ele>116.0</ele>
				<time>2021-02-24T09:18:15</time>
			</trkpt>
			<trkpt lat="48.73614993877709" lon="2.94209998100996">
				<ele>116.0</ele>
				<time>2021-02-24T09:18:17</time>
			</trkpt>
			<trkpt lat="48.735829917714" lon="2.9423199221491814">
				<ele>116.0</ele>
				<time>2021-02-24T09:18:23</time>
			</trkpt>
			<trkpt lat="48.73517998494208" lon="2.942759972065687">
				<ele>116.0</ele>
				<time>2021-02-24T09:18:33</time>
			</trkpt>
			<trkpt lat="48.734549917280674" lon="2.943159956485033">
				<ele>114.0</ele>
				<time>2021-02-24T09:18:42</time>
			</trkpt>
			<trkpt lat="48.73414993286133" lon="2.9434299375861883">
				<ele>114.0</ele>
				<time>2021-02-24T09:18:49</time>
			</trkpt>
			<trkpt lat="48.73385991901159" lon="2.9436299297958612">
				<ele>115.0</ele>
				<time>2021-02-24T09:18:53</time>
			</trkpt>
			<trkpt lat="48.733649952337146" lon="2.9437999986112118">
				<ele>115.0</ele>
				<time>2021-02-24T09:18:57</time>
			</trkpt>
			<trkpt lat="48.73347996734083" lon="2.9439299181103706">
				<ele>116.0</ele>
				<time>2021-02-24T09:18:59</time>
			</trkpt>
			<trkpt lat="48.73328994959593" lon="2.944099986925721">
				<ele>116.0</ele>
				<time>2021-02-24T09:19:03</time>
			</trkpt>
			<trkpt lat="48.732959954068065" lon="2.9443899169564247">
				<ele>116.0</ele>
				<time>2021-02-24T09:19:08</time>
			</trkpt>
			<trkpt lat="48.73257991857827" lon="2.944739945232868">
				<ele>116.0</ele>
				<time>2021-02-24T09:19:14</time>
			</trkpt>
			<trkpt lat="48.73242996633053" lon="2.9448499996215105">
				<ele>116.0</ele>
				<time>2021-02-24T09:19:17</time>
			</trkpt>
			<trkpt lat="48.73232997022569" lon="2.944929962977767">
				<ele>116.0</ele>
				<time>2021-02-24T09:19:18</time>
			</trkpt>
			<trkpt lat="48.732249923050404" lon="2.9449799191206694">
				<ele>116.0</ele>
				<time>2021-02-24T09:19:20</time>
			</trkpt>
			<trkpt lat="48.7320099491626" lon="2.94510992243886">
				<ele>116.0</ele>
				<time>2021-02-24T09:19:23</time>
			</trkpt>
			<trkpt lat="48.731519943103194" lon="2.945329947397113">
				<ele>116.0</ele>
				<time>2021-02-24T09:19:31</time>
			</trkpt>
			<trkpt lat="48.73103999532759" lon="2.9455299396067858">
				<ele>115.0</ele>
				<time>2021-02-24T09:19:38</time>
			</trkpt>
			<trkpt lat="48.73041998594999" lon="2.945799920707941">
				<ele>114.0</ele>
				<time>2021-02-24T09:19:47</time>
			</trkpt>
			<trkpt lat="48.73008999042213" lon="2.9459499567747116">
				<ele>114.0</ele>
				<time>2021-02-24T09:19:52</time>
			</trkpt>
			<trkpt lat="48.72989997267723" lon="2.946039978414774">
				<ele>113.0</ele>
				<time>2021-02-24T09:19:55</time>
			</trkpt>
			<trkpt lat="48.72961993329227" lon="2.9461699817329645">
				<ele>112.0</ele>
				<time>2021-02-24T09:19:59</time>
			</trkpt>
			<trkpt lat="48.729499988257885" lon="2.946219937875867">
				<ele>112.0</ele>
				<time>2021-02-24T09:20:01</time>
			</trkpt>
			<trkpt lat="48.729479955509305" lon="2.9462299961596727">
				<ele>112.0</ele>
				<time>2021-02-24T09:20:01</time>
			</trkpt>
			<trkpt lat="48.72935992665589" lon="2.946269977837801">
				<ele>112.0</ele>
				<time>2021-02-24T09:20:03</time>
			</trkpt>
			<trkpt lat="48.72927996329963" lon="2.9462899267673492">
				<ele>112.0</ele>
				<time>2021-02-24T09:20:04</time>
			</trkpt>
			<trkpt lat="48.729239981621504" lon="2.9462899267673492">
				<ele>112.0</ele>
				<time>2021-02-24T09:20:04</time>
			</trkpt>
			<trkpt lat="48.72920997440815" lon="2.946299985051155">
				<ele>112.0</ele>
				<time>2021-02-24T09:20:05</time>
			</trkpt>
			<trkpt lat="48.72913998551667" lon="2.946299985051155">
				<ele>112.0</ele>
				<time>2021-02-24T09:20:06</time>
			</trkpt>
			<trkpt lat="48.729069996625185" lon="2.9462899267673492">
				<ele>112.0</ele>
				<time>2021-02-24T09:20:07</time>
			</trkpt>
			<trkpt lat="48.72901995666325" lon="2.946279952302575">
				<ele>112.0</ele>
				<time>2021-02-24T09:20:08</time>
			</trkpt>
			<trkpt lat="48.72894996777177" lon="2.946259919553995">
				<ele>113.0</ele>
				<time>2021-02-24T09:20:09</time>
			</trkpt>
			<trkpt lat="48.728809989988804" lon="2.9462299961596727">
				<ele>113.0</ele>
				<time>2021-02-24T09:20:11</time>
			</trkpt>
			<trkpt lat="48.72852995060384" lon="2.9461699817329645">
				<ele>112.0</ele>
				<time>2021-02-24T09:20:15</time>
			</trkpt>
			<trkpt lat="48.728359965607524" lon="2.9461299162358046">
				<ele>112.0</ele>
				<time>2021-02-24T09:20:17</time>
			</trkpt>
			<trkpt lat="48.72824999503791" lon="2.9461199417710304">
				<ele>111.0</ele>
				<time>2021-02-24T09:20:19</time>
			</trkpt>
			<trkpt lat="48.728189980611205" lon="2.9461199417710304">
				<ele>111.0</ele>
				<time>2021-02-24T09:20:20</time>
			</trkpt>
			<trkpt lat="48.7281299661845" lon="2.9461299162358046">
				<ele>111.0</ele>
				<time>2021-02-24T09:20:20</time>
			</trkpt>
			<trkpt lat="48.728059977293015" lon="2.9461399745196104">
				<ele>111.0</ele>
				<time>2021-02-24T09:20:21</time>
			</trkpt>
			<trkpt lat="48.727999962866306" lon="2.9461599234491587">
				<ele>111.0</ele>
				<time>2021-02-24T09:20:22</time>
			</trkpt>
			<trkpt lat="48.72767994180322" lon="2.9463399667292833">
				<ele>111.0</ele>
				<time>2021-02-24T09:20:27</time>
			</trkpt>
			<trkpt lat="48.72765999287367" lon="2.9463599994778633">
				<ele>111.0</ele>
				<time>2021-02-24T09:20:28</time>
			</trkpt>
			<trkpt lat="48.72748992405832" lon="2.946469970047474">
				<ele>112.0</ele>
				<time>2021-02-24T09:20:30</time>
			</trkpt>
			<trkpt lat="48.72739998623729" lon="2.946529984474182">
				<ele>112.0</ele>
				<time>2021-02-24T09:20:32</time>
			</trkpt>
			<trkpt lat="48.72735992074013" lon="2.9465799406170845">
				<ele>112.0</ele>
				<time>2021-02-24T09:20:32</time>
			</trkpt>
			<trkpt lat="48.727319939062" lon="2.9466199222952127">
				<ele>113.0</ele>
				<time>2021-02-24T09:20:33</time>
			</trkpt>
			<trkpt lat="48.72729999013245" lon="2.946669962257147">
				<ele>113.0</ele>
				<time>2021-02-24T09:20:34</time>
			</trkpt>
			<trkpt lat="48.727289931848645" lon="2.946709943935275">
				<ele>113.0</ele>
				<time>2021-02-24T09:20:34</time>
			</trkpt>
			<trkpt lat="48.72727995738387" lon="2.946759983897209">
				<ele>112.0</ele>
				<time>2021-02-24T09:20:34</time>
			</trkpt>
			<trkpt lat="48.72727995738387" lon="2.9468199983239174">
				<ele>113.0</ele>
				<time>2021-02-24T09:20:35</time>
			</trkpt>
			<trkpt lat="48.727289931848645" lon="2.9468899872153997">
				<ele>113.0</ele>
				<time>2021-02-24T09:20:36</time>
			</trkpt>
			<trkpt lat="48.727289931848645" lon="2.946959976106882">
				<ele>113.0</ele>
				<time>2021-02-24T09:20:36</time>
			</trkpt>
			<trkpt lat="48.727309964597225" lon="2.9470499977469444">
				<ele>113.0</ele>
				<time>2021-02-24T09:20:37</time>
			</trkpt>
			<trkpt lat="48.727459916844964" lon="2.9476999305188656">
				<ele>113.0</ele>
				<time>2021-02-24T09:20:44</time>
			</trkpt>
			<trkpt lat="48.72757994569838" lon="2.948269983753562">
				<ele>113.0</ele>
				<time>2021-02-24T09:20:49</time>
			</trkpt>
			<trkpt lat="48.72761992737651" lon="2.948499983176589">
				<ele>113.0</ele>
				<time>2021-02-24T09:20:52</time>
			</trkpt>
			<trkpt lat="48.7276999745518" lon="2.948929974809289">
				<ele>112.0</ele>
				<time>2021-02-24T09:20:56</time>
			</trkpt>
			<trkpt lat="48.72779997065663" lon="2.949539925903082">
				<ele>113.0</ele>
				<time>2021-02-24T09:21:02</time>
			</trkpt>
			<trkpt lat="48.727849926799536" lon="2.949829939752817">
				<ele>114.0</ele>
				<time>2021-02-24T09:21:05</time>
			</trkpt>
			<trkpt lat="48.727889992296696" lon="2.950279964134097">
				<ele>115.0</ele>
				<time>2021-02-24T09:21:09</time>
			</trkpt>
			<trkpt lat="48.7279399484396" lon="2.9507699701935053">
				<ele>114.0</ele>
				<time>2021-02-24T09:21:14</time>
			</trkpt>
			<trkpt lat="48.727979930117726" lon="2.951169954612851">
				<ele>114.0</ele>
				<time>2021-02-24T09:21:17</time>
			</trkpt>
			<trkpt lat="48.72798998840153" lon="2.9514799173921347">
				<ele>114.0</ele>
				<time>2021-02-24T09:21:20</time>
			</trkpt>
			<trkpt lat="48.72798998840153" lon="2.951619978994131">
				<ele>113.0</ele>
				<time>2021-02-24T09:21:22</time>
			</trkpt>
			<trkpt lat="48.727979930117726" lon="2.9517499823123217">
				<ele>113.0</ele>
				<time>2021-02-24T09:21:23</time>
			</trkpt>
			<trkpt lat="48.728059977293015" lon="2.952699987217784">
				<ele>114.0</ele>
				<time>2021-02-24T09:21:32</time>
			</trkpt>
			<trkpt lat="48.72806995175779" lon="2.9528299905359745">
				<ele>114.0</ele>
				<time>2021-02-24T09:21:33</time>
			</trkpt>
			<trkpt lat="48.72808998450637" lon="2.9529899172484875">
				<ele>115.0</ele>
				<time>2021-02-24T09:21:35</time>
			</trkpt>
			<trkpt lat="48.72811999171972" lon="2.9532999638468027">
				<ele>115.0</ele>
				<time>2021-02-24T09:21:38</time>
			</trkpt>
			<trkpt lat="48.72813994064927" lon="2.9536099266260862">
				<ele>114.0</ele>
				<time>2021-02-24T09:21:41</time>
			</trkpt>
			<trkpt lat="48.728189980611205" lon="2.9540999326854944">
				<ele>114.0</ele>
				<time>2021-02-24T09:21:45</time>
			</trkpt>
			<trkpt lat="48.72819995507598" lon="2.9542099870741367">
				<ele>114.0</ele>
				<time>2021-02-24T09:21:46</time>
			</trkpt>
			<trkpt lat="48.72821998782456" lon="2.9543799720704556">
				<ele>114.0</ele>
				<time>2021-02-24T09:21:48</time>
			</trkpt>
			<trkpt lat="48.72826994396746" lon="2.9549799486994743">
				<ele>114.0</ele>
				<time>2021-02-24T09:21:54</time>
			</trkpt>
			<trkpt lat="48.72828997671604" lon="2.955189999192953">
				<ele>114.0</ele>
				<time>2021-02-24T09:21:56</time>
			</trkpt>
			<trkpt lat="48.728299951180816" lon="2.955319918692112">
				<ele>114.0</ele>
				<time>2021-02-24T09:21:57</time>
			</trkpt>
			<trkpt lat="48.72830992564559" lon="2.9554599802941084">
				<ele>114.0</ele>
				<time>2021-02-24T09:21:58</time>
			</trkpt>
			<trkpt lat="48.728319983929396" lon="2.955539943650365">
				<ele>114.0</ele>
				<time>2021-02-24T09:21:59</time>
			</trkpt>
			<trkpt lat="48.72832995839417" lon="2.955629965290427">
				<ele>114.0</ele>
				<time>2021-02-24T09:22:00</time>
			</trkpt>
			<trkpt lat="48.7283699400723" lon="2.9559799935668707">
				<ele>113.0</ele>
				<time>2021-02-24T09:22:03</time>
			</trkpt>
			<trkpt lat="48.72843992896378" lon="2.9568299185484648">
				<ele>113.0</ele>
				<time>2021-02-24T09:22:11</time>
			</trkpt>
			<trkpt lat="48.72851997613907" lon="2.9577099345624447">
				<ele>116.0</ele>
				<time>2021-02-24T09:22:20</time>
			</trkpt>
			<trkpt lat="48.7285599578172" lon="2.958199940621853">
				<ele>117.0</ele>
				<time>2021-02-24T09:22:24</time>
			</trkpt>
			<trkpt lat="48.72856993228197" lon="2.958259955048561">
				<ele>117.0</ele>
				<time>2021-02-24T09:22:25</time>
			</trkpt>
			<trkpt lat="48.72860999777913" lon="2.95885993167758">
				<ele>115.0</ele>
				<time>2021-02-24T09:22:31</time>
			</trkpt>
			<trkpt lat="48.72863992117345" lon="2.959129996597767">
				<ele>114.0</ele>
				<time>2021-02-24T09:22:33</time>
			</trkpt>
			<trkpt lat="48.72868996113539" lon="2.959809936583042">
				<ele>114.0</ele>
				<time>2021-02-24T09:22:40</time>
			</trkpt>
			<trkpt lat="48.72869993560016" lon="2.959989979863167">
				<ele>114.0</ele>
				<time>2021-02-24T09:22:41</time>
			</trkpt>
			<trkpt lat="48.72871996834874" lon="2.960259960964322">
				<ele>115.0</ele>
				<time>2021-02-24T09:22:44</time>
			</trkpt>
			<trkpt lat="48.728729942813516" lon="2.960429945960641">
				<ele>115.0</ele>
				<time>2021-02-24T09:22:45</time>
			</trkpt>
			<trkpt lat="48.728729942813516" lon="2.960459953173995">
				<ele>115.0</ele>
				<time>2021-02-24T09:22:46</time>
			</trkpt>
			<trkpt lat="48.72873991727829" lon="2.9605799820274115">
				<ele>115.0</ele>
				<time>2021-02-24T09:22:47</time>
			</trkpt>
			<trkpt lat="48.72873991727829" lon="2.9606099892407656">
				<ele>115.0</ele>
				<time>2021-02-24T09:22:47</time>
			</trkpt>
			<trkpt lat="48.72875995002687" lon="2.960909977555275">
				<ele>114.0</ele>
				<time>2021-02-24T09:22:50</time>
			</trkpt>
			<trkpt lat="48.728769924491644" lon="2.9612099658697844">
				<ele>115.0</ele>
				<time>2021-02-24T09:22:53</time>
			</trkpt>
			<trkpt lat="48.72877998277545" lon="2.9612699802964926">
				<ele>115.0</ele>
				<time>2021-02-24T09:22:53</time>
			</trkpt>
			<trkpt lat="48.728789957240224" lon="2.9615299869328737">
				<ele>114.0</ele>
				<time>2021-02-24T09:22:56</time>
			</trkpt>
			<trkpt lat="48.72877998277545" lon="2.961749928072095">
				<ele>114.0</ele>
				<time>2021-02-24T09:22:58</time>
			</trkpt>
			<trkpt lat="48.72875995002687" lon="2.9624999407678843">
				<ele>113.0</ele>
				<time>2021-02-24T09:23:05</time>
			</trkpt>
			<trkpt lat="48.728729942813516" lon="2.9635099601000547">
				<ele>114.0</ele>
				<time>2021-02-24T09:23:15</time>
			</trkpt>
			<trkpt lat="48.72869993560016" lon="2.9645499866455793">
				<ele>113.0</ele>
				<time>2021-02-24T09:23:24</time>
			</trkpt>
			<trkpt lat="48.72866992838681" lon="2.9653899371623993">
				<ele>111.0</ele>
				<time>2021-02-24T09:23:32</time>
			</trkpt>
			<trkpt lat="48.72865995392203" lon="2.9656899254769087">
				<ele>112.0</ele>
				<time>2021-02-24T09:23:35</time>
			</trkpt>
			<trkpt lat="48.72862994670868" lon="2.9663399420678616">
				<ele>114.0</ele>
				<time>2021-02-24T09:23:41</time>
			</trkpt>
			<trkpt lat="48.72860999777913" lon="2.9667999409139156">
				<ele>113.0</ele>
				<time>2021-02-24T09:23:46</time>
			</trkpt>
			<trkpt lat="48.72858996503055" lon="2.967139994725585">
				<ele>112.0</ele>
				<time>2021-02-24T09:23:49</time>
			</trkpt>
			<trkpt lat="48.72858996503055" lon="2.9672299325466156">
				<ele>112.0</ele>
				<time>2021-02-24T09:23:50</time>
			</trkpt>
			<trkpt lat="48.72858996503055" lon="2.9675099719315767">
				<ele>112.0</ele>
				<time>2021-02-24T09:23:52</time>
			</trkpt>
			<trkpt lat="48.72858996503055" lon="2.9677099641412497">
				<ele>112.0</ele>
				<time>2021-02-24T09:23:54</time>
			</trkpt>
			<trkpt lat="48.728599939495325" lon="2.968019926920533">
				<ele>112.0</ele>
				<time>2021-02-24T09:23:57</time>
			</trkpt>
			<trkpt lat="48.728599939495325" lon="2.9680999740958214">
				<ele>112.0</ele>
				<time>2021-02-24T09:23:58</time>
			</trkpt>
			<trkpt lat="48.72858996503055" lon="2.9682799335569143">
				<ele>111.0</ele>
				<time>2021-02-24T09:24:00</time>
			</trkpt>
			<trkpt lat="48.72856993228197" lon="2.968439944088459">
				<ele>111.0</ele>
				<time>2021-02-24T09:24:01</time>
			</trkpt>
			<trkpt lat="48.72852995060384" lon="2.9686199873685837">
				<ele>110.0</ele>
				<time>2021-02-24T09:24:03</time>
			</trkpt>
			<trkpt lat="48.72851997613907" lon="2.968639936298132">
				<ele>110.0</ele>
				<time>2021-02-24T09:24:03</time>
			</trkpt>
			<trkpt lat="48.728449987247586" lon="2.968929950147867">
				<ele>109.0</ele>
				<time>2021-02-24T09:24:06</time>
			</trkpt>
			<trkpt lat="48.72839994728565" lon="2.9691699240356684">
				<ele>108.0</ele>
				<time>2021-02-24T09:24:08</time>
			</trkpt>
			<trkpt lat="48.728359965607524" lon="2.9693699162453413">
				<ele>107.0</ele>
				<time>2021-02-24T09:24:10</time>
			</trkpt>
			<trkpt lat="48.72834999114275" lon="2.9694699961692095">
				<ele>107.0</ele>
				<time>2021-02-24T09:24:11</time>
			</trkpt>
			<trkpt lat="48.728339932858944" lon="2.96955993399024">
				<ele>107.0</ele>
				<time>2021-02-24T09:24:12</time>
			</trkpt>
			<trkpt lat="48.728339932858944" lon="2.969569992274046">
				<ele>107.0</ele>
				<time>2021-02-24T09:24:12</time>
			</trkpt>
			<trkpt lat="48.72832995839417" lon="2.969719944521785">
				<ele>107.0</ele>
				<time>2021-02-24T09:24:14</time>
			</trkpt>
			<trkpt lat="48.72832995839417" lon="2.9699099622666836">
				<ele>108.0</ele>
				<time>2021-02-24T09:24:16</time>
			</trkpt>
			<trkpt lat="48.728319983929396" lon="2.9701199289411306">
				<ele>109.0</ele>
				<time>2021-02-24T09:24:18</time>
			</trkpt>
			<trkpt lat="48.72832995839417" lon="2.9703999683260918">
				<ele>110.0</ele>
				<time>2021-02-24T09:24:20</time>
			</trkpt>
			<trkpt lat="48.728339932858944" lon="2.970609935000539">
				<ele>110.0</ele>
				<time>2021-02-24T09:24:22</time>
			</trkpt>
			<trkpt lat="48.7283699400723" lon="2.97086994163692">
				<ele>109.0</ele>
				<time>2021-02-24T09:24:25</time>
			</trkpt>
			<trkpt lat="48.72841998003423" lon="2.971129948273301">
				<ele>108.0</ele>
				<time>2021-02-24T09:24:27</time>
			</trkpt>
			<trkpt lat="48.72847999446094" lon="2.9714399948716164">
				<ele>108.0</ele>
				<time>2021-02-24T09:24:30</time>
			</trkpt>
			<trkpt lat="48.72851997613907" lon="2.9716599360108376">
				<ele>108.0</ele>
				<time>2021-02-24T09:24:32</time>
			</trkpt>
			<trkpt lat="48.72857999056578" lon="2.971949949860573">
				<ele>109.0</ele>
				<time>2021-02-24T09:24:35</time>
			</trkpt>
			<trkpt lat="48.728599939495325" lon="2.9720499459654093">
				<ele>110.0</ele>
				<time>2021-02-24T09:24:36</time>
			</trkpt>
			<trkpt lat="48.72860999777913" lon="2.9721399676054716">
				<ele>110.0</ele>
				<time>2021-02-24T09:24:37</time>
			</trkpt>
			<trkpt lat="48.72867998667061" lon="2.972459988668561">
				<ele>111.0</ele>
				<time>2021-02-24T09:24:40</time>
			</trkpt>
			<trkpt lat="48.72870999388397" lon="2.972689988091588">
				<ele>111.0</ele>
				<time>2021-02-24T09:24:42</time>
			</trkpt>
			<trkpt lat="48.72871996834874" lon="2.9728199914097786">
				<ele>111.0</ele>
				<time>2021-02-24T09:24:44</time>
			</trkpt>
			<trkpt lat="48.728729942813516" lon="2.972909929230809">
				<ele>112.0</ele>
				<time>2021-02-24T09:24:45</time>
			</trkpt>
			<trkpt lat="48.72873991727829" lon="2.973039932549">
				<ele>112.0</ele>
				<time>2021-02-24T09:24:46</time>
			</trkpt>
			<trkpt lat="48.72873991727829" lon="2.9732799902558327">
				<ele>113.0</ele>
				<time>2021-02-24T09:24:48</time>
			</trkpt>
			<trkpt lat="48.72873991727829" lon="2.973319971933961">
				<ele>113.0</ele>
				<time>2021-02-24T09:24:48</time>
			</trkpt>
			<trkpt lat="48.728729942813516" lon="2.9733699280768633">
				<ele>113.0</ele>
				<time>2021-02-24T09:24:49</time>
			</trkpt>
			<trkpt lat="48.72871996834874" lon="2.9733999352902174">
				<ele>113.0</ele>
				<time>2021-02-24T09:24:49</time>
			</trkpt>
			<trkpt lat="48.72869993560016" lon="2.9734399169683456">
				<ele>113.0</ele>
				<time>2021-02-24T09:24:50</time>
			</trkpt>
			<trkpt lat="48.72867998667061" lon="2.9734599497169256">
				<ele>113.0</ele>
				<time>2021-02-24T09:24:50</time>
			</trkpt>
			<trkpt lat="48.7283699400723" lon="2.9736599419265985">
				<ele>113.0</ele>
				<time>2021-02-24T09:24:55</time>
			</trkpt>
			<trkpt lat="48.72826994396746" lon="2.9737199563533068">
				<ele>113.0</ele>
				<time>2021-02-24T09:24:56</time>
			</trkpt>
			<trkpt lat="48.728019995614886" lon="2.973839985206723">
				<ele>113.0</ele>
				<time>2021-02-24T09:25:00</time>
			</trkpt>
			<trkpt lat="48.727869959548116" lon="2.9739199485629797">
				<ele>113.0</ele>
				<time>2021-02-24T09:25:02</time>
			</trkpt>
			<trkpt lat="48.72779997065663" lon="2.973959930241108">
				<ele>112.0</ele>
				<time>2021-02-24T09:25:04</time>
			</trkpt>
			<trkpt lat="48.7277499306947" lon="2.974009970203042">
				<ele>112.0</ele>
				<time>2021-02-24T09:25:04</time>
			</trkpt>
			<trkpt lat="48.72768991626799" lon="2.9740699846297503">
				<ele>112.0</ele>
				<time>2021-02-24T09:25:05</time>
			</trkpt>
			<trkpt lat="48.72761992737651" lon="2.974159922450781">
				<ele>112.0</ele>
				<time>2021-02-24T09:25:07</time>
			</trkpt>
			<trkpt lat="48.727569971233606" lon="2.974249944090843">
				<ele>112.0</ele>
				<time>2021-02-24T09:25:08</time>
			</trkpt>
			<trkpt lat="48.72753996402025" lon="2.9743199329823256">
				<ele>113.0</ele>
				<time>2021-02-24T09:25:09</time>
			</trkpt>
			<trkpt lat="48.72751993127167" lon="2.9743499401956797">
				<ele>113.0</ele>
				<time>2021-02-24T09:25:09</time>
			</trkpt>
			<trkpt lat="48.7275099568069" lon="2.9743799474090338">
				<ele>113.0</ele>
				<time>2021-02-24T09:25:09</time>
			</trkpt>
			<trkpt lat="48.7275099568069" lon="2.974419929087162">
				<ele>113.0</ele>
				<time>2021-02-24T09:25:10</time>
			</trkpt>
			<trkpt lat="48.7275099568069" lon="2.974469969049096">
				<ele>113.0</ele>
				<time>2021-02-24T09:25:10</time>
			</trkpt>
			<trkpt lat="48.72751993127167" lon="2.9745999723672867">
				<ele>113.0</ele>
				<time>2021-02-24T09:25:11</time>
			</trkpt>
			<trkpt lat="48.7275099568069" lon="2.974689994007349">
				<ele>113.0</ele>
				<time>2021-02-24T09:25:12</time>
			</trkpt>
			<trkpt lat="48.727499982342124" lon="2.9749499168246984">
				<ele>112.0</ele>
				<time>2021-02-24T09:25:15</time>
			</trkpt>
			<trkpt lat="48.727479949593544" lon="2.9751599673181772">
				<ele>112.0</ele>
				<time>2021-02-24T09:25:17</time>
			</trkpt>
			<trkpt lat="48.727479949593544" lon="2.9751899745315313">
				<ele>112.0</ele>
				<time>2021-02-24T09:25:17</time>
			</trkpt>
			<trkpt lat="48.727459916844964" lon="2.97535995952785">
				<ele>111.0</ele>
				<time>2021-02-24T09:25:19</time>
			</trkpt>
			<trkpt lat="48.72742999345064" lon="2.975569926202297">
				<ele>111.0</ele>
				<time>2021-02-24T09:25:21</time>
			</trkpt>
			<trkpt lat="48.727419935166836" lon="2.9756599478423595">
				<ele>111.0</ele>
				<time>2021-02-24T09:25:22</time>
			</trkpt>
			<trkpt lat="48.72738992795348" lon="2.9758299328386784">
				<ele>111.0</ele>
				<time>2021-02-24T09:25:23</time>
			</trkpt>
			<trkpt lat="48.727329997345805" lon="2.9761399794369936">
				<ele>111.0</ele>
				<time>2021-02-24T09:25:26</time>
			</trkpt>
			<trkpt lat="48.72725992463529" lon="2.9765299893915653">
				<ele>111.0</ele>
				<time>2021-02-24T09:25:30</time>
			</trkpt>
			<trkpt lat="48.72721994295716" lon="2.9767299816012383">
				<ele>111.0</ele>
				<time>2021-02-24T09:25:32</time>
			</trkpt>
			<trkpt lat="48.72714995406568" lon="2.97711999155581">
				<ele>111.0</ele>
				<time>2021-02-24T09:25:36</time>
			</trkpt>
			<trkpt lat="48.72703998349607" lon="2.9776399210095406">
				<ele>111.0</ele>
				<time>2021-02-24T09:25:41</time>
			</trkpt>
			<trkpt lat="48.72701995074749" lon="2.977749975398183">
				<ele>111.0</ele>
				<time>2021-02-24T09:25:42</time>
			</trkpt>
			<trkpt lat="48.72694996185601" lon="2.9780899453908205">
				<ele>111.0</ele>
				<time>2021-02-24T09:25:45</time>
			</trkpt>
			<trkpt lat="48.72686999849975" lon="2.9785299953073263">
				<ele>111.0</ele>
				<time>2021-02-24T09:25:50</time>
			</trkpt>
			<trkpt lat="48.726859940215945" lon="2.9785799514502287">
				<ele>111.0</ele>
				<time>2021-02-24T09:25:50</time>
			</trkpt>
			<trkpt lat="48.72682993300259" lon="2.9787999764084816">
				<ele>109.0</ele>
				<time>2021-02-24T09:25:52</time>
			</trkpt>
			<trkpt lat="48.72681995853782" lon="2.978899972513318">
				<ele>109.0</ele>
				<time>2021-02-24T09:25:53</time>
			</trkpt>
			<trkpt lat="48.72678995132446" lon="2.979069957509637">
				<ele>108.0</ele>
				<time>2021-02-24T09:25:55</time>
			</trkpt>
			<trkpt lat="48.72676991857588" lon="2.979359971359372">
				<ele>107.0</ele>
				<time>2021-02-24T09:25:58</time>
			</trkpt>
			<trkpt lat="48.726749969646335" lon="2.9796099197119474">
				<ele>107.0</ele>
				<time>2021-02-24T09:26:00</time>
			</trkpt>
			<trkpt lat="48.726729936897755" lon="2.9798399191349745">
				<ele>107.0</ele>
				<time>2021-02-24T09:26:02</time>
			</trkpt>
			<trkpt lat="48.726709987968206" lon="2.9802599363029003">
				<ele>108.0</ele>
				<time>2021-02-24T09:26:06</time>
			</trkpt>
			<trkpt lat="48.726689955219626" lon="2.9805499501526356">
				<ele>109.0</ele>
				<time>2021-02-24T09:26:09</time>
			</trkpt>
			<trkpt lat="48.72666992247105" lon="2.9807499423623085">
				<ele>109.0</ele>
				<time>2021-02-24T09:26:11</time>
			</trkpt>
			<trkpt lat="48.726639999076724" lon="2.9809199273586273">
				<ele>109.0</ele>
				<time>2021-02-24T09:26:13</time>
			</trkpt>
			<trkpt lat="48.72660999186337" lon="2.981069963425398">
				<ele>109.0</ele>
				<time>2021-02-24T09:26:14</time>
			</trkpt>
			<trkpt lat="48.72654997743666" lon="2.9812599811702967">
				<ele>109.0</ele>
				<time>2021-02-24T09:26:16</time>
			</trkpt>
			<trkpt lat="48.72646993026137" lon="2.9814899805933237">
				<ele>109.0</ele>
				<time>2021-02-24T09:26:18</time>
			</trkpt>
			<trkpt lat="48.72635995969176" lon="2.981769936159253">
				<ele>108.0</ele>
				<time>2021-02-24T09:26:22</time>
			</trkpt>
			<trkpt lat="48.72622995637357" lon="2.9820799827575684">
				<ele>109.0</ele>
				<time>2021-02-24T09:26:25</time>
			</trkpt>
			<trkpt lat="48.72605997137725" lon="2.98242992721498">
				<ele>109.0</ele>
				<time>2021-02-24T09:26:29</time>
			</trkpt>
			<trkpt lat="48.725889986380935" lon="2.9827299993485212">
				<ele>109.0</ele>
				<time>2021-02-24T09:26:33</time>
			</trkpt>
			<trkpt lat="48.72587992809713" lon="2.9827599227428436">
				<ele>109.0</ele>
				<time>2021-02-24T09:26:33</time>
			</trkpt>
			<trkpt lat="48.72574992477894" lon="2.9829699732363224">
				<ele>109.0</ele>
				<time>2021-02-24T09:26:36</time>
			</trkpt>
			<trkpt lat="48.725719917565584" lon="2.9830299876630306">
				<ele>109.0</ele>
				<time>2021-02-24T09:26:37</time>
			</trkpt>
			<trkpt lat="48.72561992146075" lon="2.9831699654459953">
				<ele>109.0</ele>
				<time>2021-02-24T09:26:39</time>
			</trkpt>
			<trkpt lat="48.72550995089114" lon="2.98330994322896">
				<ele>109.0</ele>
				<time>2021-02-24T09:26:41</time>
			</trkpt>
			<trkpt lat="48.72537994757295" lon="2.9834599792957306">
				<ele>109.0</ele>
				<time>2021-02-24T09:26:43</time>
			</trkpt>
			<trkpt lat="48.725249944254756" lon="2.9835999570786953">
				<ele>109.0</ele>
				<time>2021-02-24T09:26:45</time>
			</trkpt>
			<trkpt lat="48.72492992319167" lon="2.9838999453932047">
				<ele>109.0</ele>
				<time>2021-02-24T09:26:51</time>
			</trkpt>
			<trkpt lat="48.724579978734255" lon="2.984219966456294">
				<ele>109.0</ele>
				<time>2021-02-24T09:26:56</time>
			</trkpt>
			<trkpt lat="48.72428996488452" lon="2.9845099803060293">
				<ele>110.0</ele>
				<time>2021-02-24T09:27:01</time>
			</trkpt>
			<trkpt lat="48.72413992881775" lon="2.984679965302348">
				<ele>109.0</ele>
				<time>2021-02-24T09:27:04</time>
			</trkpt>
			<trkpt lat="48.72400992549956" lon="2.984849950298667">
				<ele>109.0</ele>
				<time>2021-02-24T09:27:07</time>
			</trkpt>
			<trkpt lat="48.723869947716594" lon="2.985059916973114">
				<ele>108.0</ele>
				<time>2021-02-24T09:27:09</time>
			</trkpt>
			<trkpt lat="48.72379995882511" lon="2.985159996896982">
				<ele>108.0</ele>
				<time>2021-02-24T09:27:11</time>
			</trkpt>
			<trkpt lat="48.72359996661544" lon="2.9854599852114916">
				<ele>108.0</ele>
				<time>2021-02-24T09:27:15</time>
			</trkpt>
			<trkpt lat="48.7233099527657" lon="2.9858899768441916">
				<ele>107.0</ele>
				<time>2021-02-24T09:27:21</time>
			</trkpt>
			<trkpt lat="48.723009964451194" lon="2.98633991740644">
				<ele>108.0</ele>
				<time>2021-02-24T09:27:27</time>
			</trkpt>
			<trkpt lat="48.72269991785288" lon="2.9867899417877197">
				<ele>108.0</ele>
				<time>2021-02-24T09:27:33</time>
			</trkpt>
			<trkpt lat="48.7224499695003" lon="2.9871799517422915">
				<ele>108.0</ele>
				<time>2021-02-24T09:27:38</time>
			</trkpt>
			<trkpt lat="48.722279984503984" lon="2.9874599911272526">
				<ele>109.0</ele>
				<time>2021-02-24T09:27:41</time>
			</trkpt>
			<trkpt lat="48.722129948437214" lon="2.9877199977636337">
				<ele>109.0</ele>
				<time>2021-02-24T09:27:45</time>
			</trkpt>
			<trkpt lat="48.72207999229431" lon="2.9878099355846643">
				<ele>109.0</ele>
				<time>2021-02-24T09:27:46</time>
			</trkpt>
			<trkpt lat="48.72183993458748" lon="2.98820992000401">
				<ele>108.0</ele>
				<time>2021-02-24T09:27:51</time>
			</trkpt>
			<trkpt lat="48.721529971808195" lon="2.9887099843472242">
				<ele>108.0</ele>
				<time>2021-02-24T09:27:57</time>
			</trkpt>
			<trkpt lat="48.72138999402523" lon="2.9889299254864454">
				<ele>108.0</ele>
				<time>2021-02-24T09:28:00</time>
			</trkpt>
			<trkpt lat="48.721379935741425" lon="2.9889399837702513">
				<ele>108.0</ele>
				<time>2021-02-24T09:28:00</time>
			</trkpt>
			<trkpt lat="48.72134992852807" lon="2.9889899399131536">
				<ele>108.0</ele>
				<time>2021-02-24T09:28:01</time>
			</trkpt>
			<trkpt lat="48.721229983493686" lon="2.9891699831932783">
				<ele>108.0</ele>
				<time>2021-02-24T09:28:03</time>
			</trkpt>
			<trkpt lat="48.720909962430596" lon="2.9896299820393324">
				<ele>108.0</ele>
				<time>2021-02-24T09:28:10</time>
			</trkpt>
			<trkpt lat="48.72087995521724" lon="2.9896699637174606">
				<ele>107.0</ele>
				<time>2021-02-24T09:28:10</time>
			</trkpt>
			<trkpt lat="48.72072991915047" lon="2.9898899886757135">
				<ele>108.0</ele>
				<time>2021-02-24T09:28:13</time>
			</trkpt>
			<trkpt lat="48.720629923045635" lon="2.9900099337100983">
				<ele>108.0</ele>
				<time>2021-02-24T09:28:15</time>
			</trkpt>
			<trkpt lat="48.72056999243796" lon="2.9900899808853865">
				<ele>108.0</ele>
				<time>2021-02-24T09:28:16</time>
			</trkpt>
			<trkpt lat="48.720479970797896" lon="2.990209925919771">
				<ele>108.0</ele>
				<time>2021-02-24T09:28:18</time>
			</trkpt>
			<trkpt lat="48.72039992362261" lon="2.9902999475598335">
				<ele>108.0</ele>
				<time>2021-02-24T09:28:19</time>
			</trkpt>
			<trkpt lat="48.720349967479706" lon="2.9903499875217676">
				<ele>108.0</ele>
				<time>2021-02-24T09:28:20</time>
			</trkpt>
			<trkpt lat="48.72024997137487" lon="2.990459958091378">
				<ele>108.0</ele>
				<time>2021-02-24T09:28:22</time>
			</trkpt>
			<trkpt lat="48.72013991698623" lon="2.9905799869447947">
				<ele>108.0</ele>
				<time>2021-02-24T09:28:24</time>
			</trkpt>
			<trkpt lat="48.72005995362997" lon="2.990679983049631">
				<ele>108.0</ele>
				<time>2021-02-24T09:28:25</time>
			</trkpt>
			<trkpt lat="48.72000999748707" lon="2.9907399974763393">
				<ele>108.0</ele>
				<time>2021-02-24T09:28:26</time>
			</trkpt>
			<trkpt lat="48.71994998306036" lon="2.990839993581176">
				<ele>108.0</ele>
				<time>2021-02-24T09:28:28</time>
			</trkpt>
			<trkpt lat="48.72018995694816" lon="2.991109974682331">
				<ele>108.0</ele>
				<time>2021-02-24T09:28:32</time>
			</trkpt>
			<trkpt lat="48.72042993083596" lon="2.9913699813187122">
				<ele>110.0</ele>
				<time>2021-02-24T09:28:36</time>
			</trkpt>
			<trkpt lat="48.72060997411609" lon="2.991569973528385">
				<ele>111.0</ele>
				<time>2021-02-24T09:28:39</time>
			</trkpt>
			<trkpt lat="48.720819940790534" lon="2.991779940202832">
				<ele>111.0</ele>
				<time>2021-02-24T09:28:43</time>
			</trkpt>
			<trkpt lat="48.72087995521724" lon="2.9918399546295404">
				<ele>111.0</ele>
				<time>2021-02-24T09:28:44</time>
			</trkpt>
			<trkpt lat="48.720909962430596" lon="2.9918699618428946">
				<ele>111.0</ele>
				<time>2021-02-24T09:28:44</time>
			</trkpt>
			<trkpt lat="48.72127993963659" lon="2.992249997332692">
				<ele>109.0</ele>
				<time>2021-02-24T09:28:51</time>
			</trkpt>
			<trkpt lat="48.72196993790567" lon="2.9929799772799015">
				<ele>110.0</ele>
				<time>2021-02-24T09:29:03</time>
			</trkpt>
			<trkpt lat="48.72290996834636" lon="2.993959989398718">
				<ele>110.0</ele>
				<time>2021-02-24T09:29:19</time>
			</trkpt>
			<trkpt lat="48.72378998436034" lon="2.994859954342246">
				<ele>111.0</ele>
				<time>2021-02-24T09:29:34</time>
			</trkpt>
			<trkpt lat="48.724019983783364" lon="2.995089953765273">
				<ele>111.0</ele>
				<time>2021-02-24T09:29:38</time>
			</trkpt>
			<trkpt lat="48.7241199798882" lon="2.9951999243348837">
				<ele>111.0</ele>
				<time>2021-02-24T09:29:40</time>
			</trkpt>
			<trkpt lat="48.72527995146811" lon="2.996419994160533">
				<ele>110.0</ele>
				<time>2021-02-24T09:30:00</time>
			</trkpt>
			<trkpt lat="48.72662994079292" lon="2.9978199396282434">
				<ele>110.0</ele>
				<time>2021-02-24T09:30:24</time>
			</trkpt>
			<trkpt lat="48.72681995853782" lon="2.9980099573731422">
				<ele>110.0</ele>
				<time>2021-02-24T09:30:27</time>
			</trkpt>
			<trkpt lat="48.72794992290437" lon="2.9991699289530516">
				<ele>113.0</ele>
				<time>2021-02-24T09:30:46</time>
			</trkpt>
			<trkpt lat="48.72795998118818" lon="2.9991799872368574">
				<ele>113.0</ele>
				<time>2021-02-24T09:30:47</time>
			</trkpt>
			<trkpt lat="48.72804991900921" lon="2.999269925057888">
				<ele>113.0</ele>
				<time>2021-02-24T09:30:48</time>
			</trkpt>
			<trkpt lat="48.728789957240224" lon="3.0000399705022573">
				<ele>111.0</ele>
				<time>2021-02-24T09:31:01</time>
			</trkpt>
			<trkpt lat="48.72948992997408" lon="3.000779924914241">
				<ele>112.0</ele>
				<time>2021-02-24T09:31:13</time>
			</trkpt>
			<trkpt lat="48.72996996156871" lon="3.001279989257455">
				<ele>113.0</ele>
				<time>2021-02-24T09:31:21</time>
			</trkpt>
			<trkpt lat="48.730019917711616" lon="3.0013299454003572">
				<ele>113.0</ele>
				<time>2021-02-24T09:31:22</time>
			</trkpt>
			<trkpt lat="48.73021999374032" lon="3.00154997035861">
				<ele>113.0</ele>
				<time>2021-02-24T09:31:26</time>
			</trkpt>
			<trkpt lat="48.730359971523285" lon="3.001719955354929">
				<ele>113.0</ele>
				<time>2021-02-24T09:31:28</time>
			</trkpt>
			<trkpt lat="48.730489974841475" lon="3.001889940351248">
				<ele>114.0</ele>
				<time>2021-02-24T09:31:31</time>
			</trkpt>
			<trkpt lat="48.73057999648154" lon="3.0020199436694384">
				<ele>114.0</ele>
				<time>2021-02-24T09:31:33</time>
			</trkpt>
			<trkpt lat="48.73070999979973" lon="3.002209961414337">
				<ele>114.0</ele>
				<time>2021-02-24T09:31:35</time>
			</trkpt>
			<trkpt lat="48.73081997036934" lon="3.002379946410656">
				<ele>114.0</ele>
				<time>2021-02-24T09:31:38</time>
			</trkpt>
			<trkpt lat="48.73087998479605" lon="3.0024899169802666">
				<ele>114.0</ele>
				<time>2021-02-24T09:31:39</time>
			</trkpt>
			<trkpt lat="48.73100998811424" lon="3.0027399491518736">
				<ele>114.0</ele>
				<time>2021-02-24T09:31:42</time>
			</trkpt>
			<trkpt lat="48.73105994425714" lon="3.00285997800529">
				<ele>114.0</ele>
				<time>2021-02-24T09:31:43</time>
			</trkpt>
			<trkpt lat="48.73111995868385" lon="3.0029899813234806">
				<ele>114.0</ele>
				<time>2021-02-24T09:31:45</time>
			</trkpt>
			<trkpt lat="48.7313399836421" lon="3.003459954634309">
				<ele>114.0</ele>
				<time>2021-02-24T09:31:50</time>
			</trkpt>
			<trkpt lat="48.73163997195661" lon="3.004159927368164">
				<ele>114.0</ele>
				<time>2021-02-24T09:31:58</time>
			</trkpt>
			<trkpt lat="48.731779949739575" lon="3.0045099556446075">
				<ele>113.0</ele>
				<time>2021-02-24T09:32:02</time>
			</trkpt>
			<trkpt lat="48.7319599930197" lon="3.0049199983477592">
				<ele>112.0</ele>
				<time>2021-02-24T09:32:06</time>
			</trkpt>
			<trkpt lat="48.73206996358931" lon="3.0051799211651087">
				<ele>111.0</ele>
				<time>2021-02-24T09:32:09</time>
			</trkpt>
			<trkpt lat="48.73214992694557" lon="3.0053899716585875">
				<ele>110.0</ele>
				<time>2021-02-24T09:32:12</time>
			</trkpt>
			<trkpt lat="48.732209941372275" lon="3.0056099966168404">
				<ele>110.0</ele>
				<time>2021-02-24T09:32:14</time>
			</trkpt>
			<trkpt lat="48.732269955798984" lon="3.0058899521827698">
				<ele>111.0</ele>
				<time>2021-02-24T09:32:17</time>
			</trkpt>
			<trkpt lat="48.73223994858563" lon="3.0060699954628944">
				<ele>112.0</ele>
				<time>2021-02-24T09:32:18</time>
			</trkpt>
			<trkpt lat="48.732399959117174" lon="3.0062199477106333">
				<ele>112.0</ele>
				<time>2021-02-24T09:32:21</time>
			</trkpt>
			<trkpt lat="48.73244999907911" lon="3.0062699876725674">
				<ele>112.0</ele>
				<time>2021-02-24T09:32:22</time>
			</trkpt>
			<trkpt lat="48.73249995522201" lon="3.006329918280244">
				<ele>112.0</ele>
				<time>2021-02-24T09:32:23</time>
			</trkpt>
			<trkpt lat="48.73253993690014" lon="3.006379958242178">
				<ele>112.0</ele>
				<time>2021-02-24T09:32:24</time>
			</trkpt>
			<trkpt lat="48.73261998407543" lon="3.0064999870955944">
				<ele>112.0</ele>
				<time>2021-02-24T09:32:25</time>
			</trkpt>
			<trkpt lat="48.732679998502135" lon="3.006579950451851">
				<ele>112.0</ele>
				<time>2021-02-24T09:32:26</time>
			</trkpt>
			<trkpt lat="48.732919972389936" lon="3.0071599781513214">
				<ele>113.0</ele>
				<time>2021-02-24T09:32:33</time>
			</trkpt>
			<trkpt lat="48.7330599501729" lon="3.007489973679185">
				<ele>113.0</ele>
				<time>2021-02-24T09:32:37</time>
			</trkpt>
			<trkpt lat="48.733219960704446" lon="3.0078399181365967">
				<ele>114.0</ele>
				<time>2021-02-24T09:32:41</time>
			</trkpt>
			<trkpt lat="48.73326991684735" lon="3.007959946990013">
				<ele>114.0</ele>
				<time>2021-02-24T09:32:42</time>
			</trkpt>
			<trkpt lat="48.73373997397721" lon="3.009059987962246">
				<ele>112.0</ele>
				<time>2021-02-24T09:32:54</time>
			</trkpt>
			<trkpt lat="48.73397994786501" lon="3.0096299573779106">
				<ele>113.0</ele>
				<time>2021-02-24T09:33:01</time>
			</trkpt>
			<trkpt lat="48.73466994613409" lon="3.0112399533391">
				<ele>112.0</ele>
				<time>2021-02-24T09:33:19</time>
			</trkpt>
			<trkpt lat="48.73478997498751" lon="3.011249927803874">
				<ele>113.0</ele>
				<time>2021-02-24T09:33:20</time>
			</trkpt>
			<trkpt lat="48.73492995277047" lon="3.01125998608768">
				<ele>114.0</ele>
				<time>2021-02-24T09:33:22</time>
			</trkpt>
			<trkpt lat="48.73529992997646" lon="3.011299967765808">
				<ele>115.0</ele>
				<time>2021-02-24T09:33:28</time>
			</trkpt>
			<trkpt lat="48.73533999547362" lon="3.0115899816155434">
				<ele>116.0</ele>
				<time>2021-02-24T09:33:31</time>
			</trkpt>
			<trkpt lat="48.73535994440317" lon="3.0118099227547646">
				<ele>117.0</ele>
				<time>2021-02-24T09:33:33</time>
			</trkpt>
			<trkpt lat="48.73537997715175" lon="3.011909918859601">
				<ele>117.0</ele>
				<time>2021-02-24T09:33:34</time>
			</trkpt>
			<trkpt lat="48.73537997715175" lon="3.011919977143407">
				<ele>117.0</ele>
				<time>2021-02-24T09:33:34</time>
			</trkpt>
			<trkpt lat="48.7353999260813" lon="3.0121099948883057">
				<ele>117.0</ele>
				<time>2021-02-24T09:33:36</time>
			</trkpt>
			<trkpt lat="48.7353999260813" lon="3.012139918282628">
				<ele>117.0</ele>
				<time>2021-02-24T09:33:36</time>
			</trkpt>
			<trkpt lat="48.7353999260813" lon="3.0122599471360445">
				<ele>117.0</ele>
				<time>2021-02-24T09:33:37</time>
			</trkpt>
			<trkpt lat="48.735389951616526" lon="3.0123399943113327">
				<ele>117.0</ele>
				<time>2021-02-24T09:33:38</time>
			</trkpt>
			<trkpt lat="48.73537997715175" lon="3.012389950454235">
				<ele>116.0</ele>
				<time>2021-02-24T09:33:38</time>
			</trkpt>
			<trkpt lat="48.7353499699384" lon="3.0124799720942974">
				<ele>116.0</ele>
				<time>2021-02-24T09:33:39</time>
			</trkpt>
			<trkpt lat="48.73532993718982" lon="3.012579968199134">
				<ele>116.0</ele>
				<time>2021-02-24T09:33:40</time>
			</trkpt>
			<trkpt lat="48.73528995551169" lon="3.012669989839196">
				<ele>115.0</ele>
				<time>2021-02-24T09:33:41</time>
			</trkpt>
			<trkpt lat="48.73524997383356" lon="3.0127499531954527">
				<ele>115.0</ele>
				<time>2021-02-24T09:33:42</time>
			</trkpt>
			<trkpt lat="48.73520999215543" lon="3.012799993157387">
				<ele>115.0</ele>
				<time>2021-02-24T09:33:43</time>
			</trkpt>
			<trkpt lat="48.73516992665827" lon="3.012839974835515">
				<ele>115.0</ele>
				<time>2021-02-24T09:33:44</time>
			</trkpt>
			<trkpt lat="48.735069930553436" lon="3.0129199381917715">
				<ele>115.0</ele>
				<time>2021-02-24T09:33:45</time>
			</trkpt>
			<trkpt lat="48.73490992002189" lon="3.013019934296608">
				<ele>114.0</ele>
				<time>2021-02-24T09:33:48</time>
			</trkpt>
			<trkpt lat="48.73487999662757" lon="3.013029992580414">
				<ele>114.0</ele>
				<time>2021-02-24T09:33:48</time>
			</trkpt>
			<trkpt lat="48.73488997109234" lon="3.0130899231880903">
				<ele>114.0</ele>
				<time>2021-02-24T09:33:49</time>
			</trkpt>
			<trkpt lat="48.73488997109234" lon="3.0131299886852503">
				<ele>114.0</ele>
				<time>2021-02-24T09:33:49</time>
			</trkpt>
			<trkpt lat="48.73488997109234" lon="3.0131699703633785">
				<ele>114.0</ele>
				<time>2021-02-24T09:33:49</time>
			</trkpt>
			<trkpt lat="48.73487999662757" lon="3.0132099520415068">
				<ele>114.0</ele>
				<time>2021-02-24T09:33:50</time>
			</trkpt>
			<trkpt lat="48.73487999662757" lon="3.013249933719635">
				<ele>114.0</ele>
				<time>2021-02-24T09:33:50</time>
			</trkpt>
			<trkpt lat="48.73486993834376" lon="3.013279940932989">
				<ele>114.0</ele>
				<time>2021-02-24T09:33:51</time>
			</trkpt>
			<trkpt lat="48.734849989414215" lon="3.013299973681569">
				<ele>114.0</ele>
				<time>2021-02-24T09:33:51</time>
			</trkpt>
			<trkpt lat="48.734699953347445" lon="3.0136099364608526">
				<ele>112.0</ele>
				<time>2021-02-24T09:33:55</time>
			</trkpt>
			<trkpt lat="48.73464999720454" lon="3.013699958100915">
				<ele>112.0</ele>
				<time>2021-02-24T09:33:56</time>
			</trkpt>
			<trkpt lat="48.73460993170738" lon="3.0137999542057514">
				<ele>111.0</ele>
				<time>2021-02-24T09:33:57</time>
			</trkpt>
			<trkpt lat="48.734549917280674" lon="3.013949990272522">
				<ele>111.0</ele>
				<time>2021-02-24T09:33:58</time>
			</trkpt>
			<trkpt lat="48.734509935602546" lon="3.0140599608421326">
				<ele>110.0</ele>
				<time>2021-02-24T09:34:00</time>
			</trkpt>
			<trkpt lat="48.73444992117584" lon="3.0142599530518055">
				<ele>111.0</ele>
				<time>2021-02-24T09:34:02</time>
			</trkpt>
			<trkpt lat="48.73435998335481" lon="3.0145399924367666">
				<ele>110.0</ele>
				<time>2021-02-24T09:34:05</time>
			</trkpt>
			<trkpt lat="48.734349925071" lon="3.0145699996501207">
				<ele>110.0</ele>
				<time>2021-02-24T09:34:05</time>
			</trkpt>
			<trkpt lat="48.73432997614145" lon="3.014619955793023">
				<ele>109.0</ele>
				<time>2021-02-24T09:34:05</time>
			</trkpt>
			<trkpt lat="48.734289994463325" lon="3.014789940789342">
				<ele>109.0</ele>
				<time>2021-02-24T09:34:07</time>
			</trkpt>
			<trkpt lat="48.73423995450139" lon="3.0149699840694666">
				<ele>108.0</ele>
				<time>2021-02-24T09:34:09</time>
			</trkpt>
			<trkpt lat="48.734209947288036" lon="3.0151099618524313">
				<ele>108.0</ele>
				<time>2021-02-24T09:34:10</time>
			</trkpt>
			<trkpt lat="48.73418999835849" lon="3.0152299907058477">
				<ele>107.0</ele>
				<time>2021-02-24T09:34:12</time>
			</trkpt>
			<trkpt lat="48.734159991145134" lon="3.015439957380295">
				<ele>107.0</ele>
				<time>2021-02-24T09:34:14</time>
			</trkpt>
			<trkpt lat="48.73414993286133" lon="3.015489997342229">
				<ele>107.0</ele>
				<time>2021-02-24T09:34:14</time>
			</trkpt>
			<trkpt lat="48.734119925647974" lon="3.01570993848145">
				<ele>107.0</ele>
				<time>2021-02-24T09:34:16</time>
			</trkpt>
			<trkpt lat="48.73406996950507" lon="3.015949996188283">
				<ele>106.0</ele>
				<time>2021-02-24T09:34:19</time>
			</trkpt>
			<trkpt lat="48.73392999172211" lon="3.0165199656039476">
				<ele>105.0</ele>
				<time>2021-02-24T09:34:24</time>
			</trkpt>
			<trkpt lat="48.73384994454682" lon="3.0169599317014217">
				<ele>104.0</ele>
				<time>2021-02-24T09:34:29</time>
			</trkpt>
			<trkpt lat="48.73382999561727" lon="3.017059927806258">
				<ele>104.0</ele>
				<time>2021-02-24T09:34:30</time>
			</trkpt>
			<trkpt lat="48.733799988403916" lon="3.0172099638730288">
				<ele>104.0</ele>
				<time>2021-02-24T09:34:31</time>
			</trkpt>
			<trkpt lat="48.733779955655336" lon="3.017329992726445">
				<ele>104.0</ele>
				<time>2021-02-24T09:34:32</time>
			</trkpt>
			<trkpt lat="48.73374994844198" lon="3.017509952187538">
				<ele>103.0</ele>
				<time>2021-02-24T09:34:34</time>
			</trkpt>
			<trkpt lat="48.733649952337146" lon="3.0180399399250746">
				<ele>102.0</ele>
				<time>2021-02-24T09:34:39</time>
			</trkpt>
			<trkpt lat="48.733539981767535" lon="3.018589960411191">
				<ele>102.0</ele>
				<time>2021-02-24T09:34:45</time>
			</trkpt>
			<trkpt lat="48.73350997455418" lon="3.0187399964779615">
				<ele>102.0</ele>
				<time>2021-02-24T09:34:46</time>
			</trkpt>
			<trkpt lat="48.7334899418056" lon="3.0188599415123463">
				<ele>102.0</ele>
				<time>2021-02-24T09:34:47</time>
			</trkpt>
			<trkpt lat="48.73345993459225" lon="3.019069992005825">
				<ele>102.0</ele>
				<time>2021-02-24T09:34:49</time>
			</trkpt>
			<trkpt lat="48.73344996012747" lon="3.0191499553620815">
				<ele>102.0</ele>
				<time>2021-02-24T09:34:50</time>
			</trkpt>
			<trkpt lat="48.73339992016554" lon="3.019439969211817">
				<ele>102.0</ele>
				<time>2021-02-24T09:34:53</time>
			</trkpt>
			<trkpt lat="48.733389945700765" lon="3.0195199325680733">
				<ele>103.0</ele>
				<time>2021-02-24T09:34:54</time>
			</trkpt>
			<trkpt lat="48.73335993848741" lon="3.019689917564392">
				<ele>102.0</ele>
				<time>2021-02-24T09:34:55</time>
			</trkpt>
			<trkpt lat="48.733329931274056" lon="3.0197799392044544">
				<ele>102.0</ele>
				<time>2021-02-24T09:34:56</time>
			</trkpt>
			<trkpt lat="48.73328994959593" lon="3.019919916987419">
				<ele>102.0</ele>
				<time>2021-02-24T09:34:58</time>
			</trkpt>
			<trkpt lat="48.73320998623967" lon="3.0201999563723803">
				<ele>103.0</ele>
				<time>2021-02-24T09:35:01</time>
			</trkpt>
			<trkpt lat="48.73318995349109" lon="3.0202899780124426">
				<ele>103.0</ele>
				<time>2021-02-24T09:35:01</time>
			</trkpt>
			<trkpt lat="48.73313999734819" lon="3.0204899702221155">
				<ele>103.0</ele>
				<time>2021-02-24T09:35:03</time>
			</trkpt>
			<trkpt lat="48.73307998292148" lon="3.0207099951803684">
				<ele>103.0</ele>
				<time>2021-02-24T09:35:06</time>
			</trkpt>
			<trkpt lat="48.7330599501729" lon="3.020819965749979">
				<ele>102.0</ele>
				<time>2021-02-24T09:35:07</time>
			</trkpt>
			<trkpt lat="48.73302994295955" lon="3.0209499690681696">
				<ele>102.0</ele>
				<time>2021-02-24T09:35:08</time>
			</trkpt>
			<trkpt lat="48.73300999403" lon="3.021069997921586">
				<ele>102.0</ele>
				<time>2021-02-24T09:35:09</time>
			</trkpt>
			<trkpt lat="48.73298996128142" lon="3.021239982917905">
				<ele>101.0</ele>
				<time>2021-02-24T09:35:11</time>
			</trkpt>
			<trkpt lat="48.732979986816645" lon="3.02148993127048">
				<ele>100.0</ele>
				<time>2021-02-24T09:35:13</time>
			</trkpt>
			<trkpt lat="48.73296992853284" lon="3.0216199345886707">
				<ele>100.0</ele>
				<time>2021-02-24T09:35:14</time>
			</trkpt>
			<trkpt lat="48.73296992853284" lon="3.021759996190667">
				<ele>100.0</ele>
				<time>2021-02-24T09:35:16</time>
			</trkpt>
			<trkpt lat="48.73296992853284" lon="3.0220399517565966">
				<ele>99.0</ele>
				<time>2021-02-24T09:35:18</time>
			</trkpt>
			<trkpt lat="48.73299993574619" lon="3.0225299578160048">
				<ele>97.0</ele>
				<time>2021-02-24T09:35:23</time>
			</trkpt>
			<trkpt lat="48.73301996849477" lon="3.0229499749839306">
				<ele>97.0</ele>
				<time>2021-02-24T09:35:27</time>
			</trkpt>
			<trkpt lat="48.73303991742432" lon="3.023239988833666">
				<ele>97.0</ele>
				<time>2021-02-24T09:35:30</time>
			</trkpt>
			<trkpt lat="48.7330599501729" lon="3.0238099582493305">
				<ele>98.0</ele>
				<time>2021-02-24T09:35:35</time>
			</trkpt>
			<trkpt lat="48.733069924637675" lon="3.023969968780875">
				<ele>98.0</ele>
				<time>2021-02-24T09:35:37</time>
			</trkpt>
			<trkpt lat="48.733089957386255" lon="3.024309938773513">
				<ele>98.0</ele>
				<time>2021-02-24T09:35:40</time>
			</trkpt>
			<trkpt lat="48.73309993185103" lon="3.0244099348783493">
				<ele>98.0</ele>
				<time>2021-02-24T09:35:41</time>
			</trkpt>
			<trkpt lat="48.73311996459961" lon="3.0245199892669916">
				<ele>98.0</ele>
				<time>2021-02-24T09:35:42</time>
			</trkpt>
			<trkpt lat="48.73313999734819" lon="3.0246599670499563">
				<ele>98.0</ele>
				<time>2021-02-24T09:35:43</time>
			</trkpt>
			<trkpt lat="48.73315994627774" lon="3.024759963154793">
				<ele>98.0</ele>
				<time>2021-02-24T09:35:44</time>
			</trkpt>
			<trkpt lat="48.73318995349109" lon="3.0248399265110493">
				<ele>99.0</ele>
				<time>2021-02-24T09:35:45</time>
			</trkpt>
			<trkpt lat="48.73320998623967" lon="3.0249299481511116">
				<ele>99.0</ele>
				<time>2021-02-24T09:35:46</time>
			</trkpt>
			<trkpt lat="48.733239993453026" lon="3.0250099953264">
				<ele>99.0</ele>
				<time>2021-02-24T09:35:47</time>
			</trkpt>
			<trkpt lat="48.73326991684735" lon="3.0250699259340763">
				<ele>100.0</ele>
				<time>2021-02-24T09:35:48</time>
			</trkpt>
			<trkpt lat="48.7332999240607" lon="3.0251299403607845">
				<ele>100.0</ele>
				<time>2021-02-24T09:35:48</time>
			</trkpt>
			<trkpt lat="48.73331995680928" lon="3.0251599475741386">
				<ele>100.0</ele>
				<time>2021-02-24T09:35:49</time>
			</trkpt>
			<trkpt lat="48.733369996771216" lon="3.0252099875360727">
				<ele>101.0</ele>
				<time>2021-02-24T09:35:50</time>
			</trkpt>
			<trkpt lat="48.73345993459225" lon="3.0252999253571033">
				<ele>101.0</ele>
				<time>2021-02-24T09:35:51</time>
			</trkpt>
			<trkpt lat="48.73358993791044" lon="3.02539992146194">
				<ele>103.0</ele>
				<time>2021-02-24T09:35:53</time>
			</trkpt>
			<trkpt lat="48.733669985085726" lon="3.025489943102002">
				<ele>104.0</ele>
				<time>2021-02-24T09:35:55</time>
			</trkpt>
			<trkpt lat="48.73371994122863" lon="3.0255599319934845">
				<ele>104.0</ele>
				<time>2021-02-24T09:35:56</time>
			</trkpt>
			<trkpt lat="48.733779955655336" lon="3.025629920884967">
				<ele>104.0</ele>
				<time>2021-02-24T09:35:57</time>
			</trkpt>
			<trkpt lat="48.73382999561727" lon="3.0257299169898033">
				<ele>105.0</ele>
				<time>2021-02-24T09:35:58</time>
			</trkpt>
			<trkpt lat="48.7338699772954" lon="3.0258099641650915">
				<ele>105.0</ele>
				<time>2021-02-24T09:35:59</time>
			</trkpt>
			<trkpt lat="48.73392999172211" lon="3.0259599164128304">
				<ele>105.0</ele>
				<time>2021-02-24T09:36:00</time>
			</trkpt>
			<trkpt lat="48.73404993675649" lon="3.0262599885463715">
				<ele>106.0</ele>
				<time>2021-02-24T09:36:04</time>
			</trkpt>
			<trkpt lat="48.7341099511832" lon="3.026419999077916">
				<ele>106.0</ele>
				<time>2021-02-24T09:36:06</time>
			</trkpt>
			<trkpt lat="48.73419997282326" lon="3.0266599729657173">
				<ele>106.0</ele>
				<time>2021-02-24T09:36:08</time>
			</trkpt>
			<trkpt lat="48.73425998724997" lon="3.0268699396401644">
				<ele>107.0</ele>
				<time>2021-02-24T09:36:10</time>
			</trkpt>
			<trkpt lat="48.73440993949771" lon="3.027429934591055">
				<ele>108.0</ele>
				<time>2021-02-24T09:36:16</time>
			</trkpt>
			<trkpt lat="48.734419997781515" lon="3.0274999234825373">
				<ele>108.0</ele>
				<time>2021-02-24T09:36:17</time>
			</trkpt>
			<trkpt lat="48.73443994671106" lon="3.0275899451225996">
				<ele>108.0</ele>
				<time>2021-02-24T09:36:18</time>
			</trkpt>
			<trkpt lat="48.73444992117584" lon="3.027659934014082">
				<ele>108.0</ele>
				<time>2021-02-24T09:36:18</time>
			</trkpt>
			<trkpt lat="48.73445997945964" lon="3.0277599301189184">
				<ele>108.0</ele>
				<time>2021-02-24T09:36:19</time>
			</trkpt>
			<trkpt lat="48.73445997945964" lon="3.0279599223285913">
				<ele>109.0</ele>
				<time>2021-02-24T09:36:21</time>
			</trkpt>
			<trkpt lat="48.73446995392442" lon="3.028139965608716">
				<ele>109.0</ele>
				<time>2021-02-24T09:36:23</time>
			</trkpt>
			<trkpt lat="48.73447992838919" lon="3.0292999371886253">
				<ele>110.0</ele>
				<time>2021-02-24T09:36:34</time>
			</trkpt>
			<trkpt lat="48.73447992838919" lon="3.029739987105131">
				<ele>110.0</ele>
				<time>2021-02-24T09:36:38</time>
			</trkpt>
			<trkpt lat="48.734489986673" lon="3.029879964888096">
				<ele>109.0</ele>
				<time>2021-02-24T09:36:39</time>
			</trkpt>
			<trkpt lat="48.734489986673" lon="3.030519923195243">
				<ele>107.0</ele>
				<time>2021-02-24T09:36:45</time>
			</trkpt>
			<trkpt lat="48.734489986673" lon="3.0315899569541216">
				<ele>108.0</ele>
				<time>2021-02-24T09:36:55</time>
			</trkpt>
			<trkpt lat="48.734489986673" lon="3.0320799630135298">
				<ele>107.0</ele>
				<time>2021-02-24T09:37:00</time>
			</trkpt>
			<trkpt lat="48.734489986673" lon="3.032569969072938">
				<ele>108.0</ele>
				<time>2021-02-24T09:37:05</time>
			</trkpt>
			<trkpt lat="48.73449996113777" lon="3.0334999412298203">
				<ele>108.0</ele>
				<time>2021-02-24T09:37:13</time>
			</trkpt>
			<trkpt lat="48.734489986673" lon="3.0335399229079485">
				<ele>108.0</ele>
				<time>2021-02-24T09:37:14</time>
			</trkpt>
			<trkpt lat="48.73447992838919" lon="3.033869918435812">
				<ele>109.0</ele>
				<time>2021-02-24T09:37:17</time>
			</trkpt>
			<trkpt lat="48.73446995392442" lon="3.0340399872511625">
				<ele>109.0</ele>
				<time>2021-02-24T09:37:18</time>
			</trkpt>
			<trkpt lat="48.73445997945964" lon="3.034089943394065">
				<ele>110.0</ele>
				<time>2021-02-24T09:37:19</time>
			</trkpt>
			<trkpt lat="48.73443994671106" lon="3.0341799650341272">
				<ele>110.0</ele>
				<time>2021-02-24T09:37:20</time>
			</trkpt>
			<trkpt lat="48.73438999056816" lon="3.0344699788838625">
				<ele>110.0</ele>
				<time>2021-02-24T09:37:23</time>
			</trkpt>
			<trkpt lat="48.73423995450139" lon="3.0350499227643013">
				<ele>110.0</ele>
				<time>2021-02-24T09:37:29</time>
			</trkpt>
			<trkpt lat="48.73408991843462" lon="3.0356699321419">
				<ele>109.0</ele>
				<time>2021-02-24T09:37:35</time>
			</trkpt>
			<trkpt lat="48.73395999893546" lon="3.036169996485114">
				<ele>110.0</ele>
				<time>2021-02-24T09:37:40</time>
			</trkpt>
			<trkpt lat="48.73384994454682" lon="3.0366199370473623">
				<ele>111.0</ele>
				<time>2021-02-24T09:37:44</time>
			</trkpt>
			<trkpt lat="48.73373997397721" lon="3.0370499286800623">
				<ele>111.0</ele>
				<time>2021-02-24T09:37:49</time>
			</trkpt>
			<trkpt lat="48.733629919588566" lon="3.0374799203127623">
				<ele>110.0</ele>
				<time>2021-02-24T09:37:53</time>
			</trkpt>
			<trkpt lat="48.73356998898089" lon="3.0377499852329493">
				<ele>111.0</ele>
				<time>2021-02-24T09:37:56</time>
			</trkpt>
			<trkpt lat="48.73355993069708" lon="3.0377799924463034">
				<ele>111.0</ele>
				<time>2021-02-24T09:37:56</time>
			</trkpt>
			<trkpt lat="48.733519949018955" lon="3.0380199663341045">
				<ele>111.0</ele>
				<time>2021-02-24T09:37:58</time>
			</trkpt>
			<trkpt lat="48.733409978449345" lon="3.0386599246412516">
				<ele>112.0</ele>
				<time>2021-02-24T09:38:05</time>
			</trkpt>
			<trkpt lat="48.733279975131154" lon="3.0393599811941385">
				<ele>110.0</ele>
				<time>2021-02-24T09:38:11</time>
			</trkpt>
			<trkpt lat="48.73317997902632" lon="3.0400299467146397">
				<ele>108.0</ele>
				<time>2021-02-24T09:38:18</time>
			</trkpt>
			<trkpt lat="48.73314997181296" lon="3.040269920602441">
				<ele>109.0</ele>
				<time>2021-02-24T09:38:20</time>
			</trkpt>
			<trkpt lat="48.73313999734819" lon="3.0404399894177914">
				<ele>109.0</ele>
				<time>2021-02-24T09:38:22</time>
			</trkpt>
			<trkpt lat="48.73313999734819" lon="3.0406399816274643">
				<ele>109.0</ele>
				<time>2021-02-24T09:38:24</time>
			</trkpt>
			<trkpt lat="48.73315994627774" lon="3.040959918871522">
				<ele>110.0</ele>
				<time>2021-02-24T09:38:27</time>
			</trkpt>
			<trkpt lat="48.73315994627774" lon="3.04103996604681">
				<ele>110.0</ele>
				<time>2021-02-24T09:38:28</time>
			</trkpt>
			<trkpt lat="48.73322993516922" lon="3.0417499970644712">
				<ele>109.0</ele>
				<time>2021-02-24T09:38:34</time>
			</trkpt>
			<trkpt lat="48.7332499679178" lon="3.0419599637389183">
				<ele>108.0</ele>
				<time>2021-02-24T09:38:36</time>
			</trkpt>
			<trkpt lat="48.733259942382574" lon="3.0420199781656265">
				<ele>108.0</ele>
				<time>2021-02-24T09:38:37</time>
			</trkpt>
			<trkpt lat="48.7332999240607" lon="3.0426199547946453">
				<ele>108.0</ele>
				<time>2021-02-24T09:38:43</time>
			</trkpt>
			<trkpt lat="48.733389945700765" lon="3.043719995766878">
				<ele>107.0</ele>
				<time>2021-02-24T09:38:53</time>
			</trkpt>
			<trkpt lat="48.73339992016554" lon="3.043859973549843">
				<ele>108.0</ele>
				<time>2021-02-24T09:38:54</time>
			</trkpt>
			<trkpt lat="48.73341995291412" lon="3.0442399252206087">
				<ele>109.0</ele>
				<time>2021-02-24T09:38:58</time>
			</trkpt>
			<trkpt lat="48.73342992737889" lon="3.0444399174302816">
				<ele>109.0</ele>
				<time>2021-02-24T09:39:00</time>
			</trkpt>
			<trkpt lat="48.73342992737889" lon="3.044549971818924">
				<ele>109.0</ele>
				<time>2021-02-24T09:39:01</time>
			</trkpt>
			<trkpt lat="48.73342992737889" lon="3.0447199568152428">
				<ele>110.0</ele>
				<time>2021-02-24T09:39:02</time>
			</trkpt>
			<trkpt lat="48.733409978449345" lon="3.0453699734061956">
				<ele>111.0</ele>
				<time>2021-02-24T09:39:09</time>
			</trkpt>
			<trkpt lat="48.73339992016554" lon="3.0457099433988333">
				<ele>112.0</ele>
				<time>2021-02-24T09:39:12</time>
			</trkpt>
			<trkpt lat="48.733369996771216" lon="3.0459899827837944">
				<ele>111.0</ele>
				<time>2021-02-24T09:39:15</time>
			</trkpt>
			<trkpt lat="48.73333998955786" lon="3.0462799966335297">
				<ele>112.0</ele>
				<time>2021-02-24T09:39:17</time>
			</trkpt>
			<trkpt lat="48.73322993516922" lon="3.04726998321712">
				<ele>113.0</ele>
				<time>2021-02-24T09:39:27</time>
			</trkpt>
			<trkpt lat="48.733219960704446" lon="3.0474899243563414">
				<ele>113.0</ele>
				<time>2021-02-24T09:39:29</time>
			</trkpt>
			<trkpt lat="48.73313999734819" lon="3.04812996648252">
				<ele>113.0</ele>
				<time>2021-02-24T09:39:35</time>
			</trkpt>
			<trkpt lat="48.73307998292148" lon="3.0487099941819906">
				<ele>113.0</ele>
				<time>2021-02-24T09:39:41</time>
			</trkpt>
			<trkpt lat="48.73302994295955" lon="3.0490899458527565">
				<ele>112.0</ele>
				<time>2021-02-24T09:39:44</time>
			</trkpt>
			<trkpt lat="48.73299993574619" lon="3.0492999963462353">
				<ele>112.0</ele>
				<time>2021-02-24T09:39:46</time>
			</trkpt>
			<trkpt lat="48.73292994685471" lon="3.0495699774473906">
				<ele>111.0</ele>
				<time>2021-02-24T09:39:49</time>
			</trkpt>
			<trkpt lat="48.732849983498454" lon="3.04988999851048">
				<ele>112.0</ele>
				<time>2021-02-24T09:39:52</time>
			</trkpt>
			<trkpt lat="48.73270992189646" lon="3.0503899790346622">
				<ele>113.0</ele>
				<time>2021-02-24T09:39:57</time>
			</trkpt>
			<trkpt lat="48.732529962435365" lon="3.050999930128455">
				<ele>111.0</ele>
				<time>2021-02-24T09:40:04</time>
			</trkpt>
			<trkpt lat="48.73236995190382" lon="3.0515699833631516">
				<ele>110.0</ele>
				<time>2021-02-24T09:40:09</time>
			</trkpt>
			<trkpt lat="48.73223994858563" lon="3.0520399566739798">
				<ele>110.0</ele>
				<time>2021-02-24T09:40:14</time>
			</trkpt>
			<trkpt lat="48.732209941372275" lon="3.0521199200302362">
				<ele>110.0</ele>
				<time>2021-02-24T09:40:15</time>
			</trkpt>
			<trkpt lat="48.73211991973221" lon="3.0524599738419056">
				<ele>112.0</ele>
				<time>2021-02-24T09:40:19</time>
			</trkpt>
			<trkpt lat="48.73193996027112" lon="3.0530999321490526">
				<ele>112.0</ele>
				<time>2021-02-24T09:40:25</time>
			</trkpt>
			<trkpt lat="48.73184993863106" lon="3.053469993174076">
				<ele>112.0</ele>
				<time>2021-02-24T09:40:29</time>
			</trkpt>
			<trkpt lat="48.73178992420435" lon="3.0537899304181337">
				<ele>113.0</ele>
				<time>2021-02-24T09:40:32</time>
			</trkpt>
			<trkpt lat="48.73174994252622" lon="3.0541799403727055">
				<ele>114.0</ele>
				<time>2021-02-24T09:40:36</time>
			</trkpt>
			<trkpt lat="48.73171993531287" lon="3.0548099242150784">
				<ele>114.0</ele>
				<time>2021-02-24T09:40:42</time>
			</trkpt>
			<trkpt lat="48.731669979169965" lon="3.0557699874043465">
				<ele>113.0</ele>
				<time>2021-02-24T09:40:51</time>
			</trkpt>
			<trkpt lat="48.73165992088616" lon="3.0557999946177006">
				<ele>113.0</ele>
				<time>2021-02-24T09:40:51</time>
			</trkpt>
			<trkpt lat="48.73161993920803" lon="3.056769948452711">
				<ele>115.0</ele>
				<time>2021-02-24T09:41:00</time>
			</trkpt>
			<trkpt lat="48.73160996474326" lon="3.05697999894619">
				<ele>115.0</ele>
				<time>2021-02-24T09:41:02</time>
			</trkpt>
			<trkpt lat="48.73158993199468" lon="3.0572799872606993">
				<ele>116.0</ele>
				<time>2021-02-24T09:41:05</time>
			</trkpt>
			<trkpt lat="48.73155992478132" lon="3.057619957253337">
				<ele>117.0</ele>
				<time>2021-02-24T09:41:08</time>
			</trkpt>
			<trkpt lat="48.731479961425066" lon="3.058099988847971">
				<ele>116.0</ele>
				<time>2021-02-24T09:41:13</time>
			</trkpt>
			<trkpt lat="48.731389939785004" lon="3.0586799327284098">
				<ele>116.0</ele>
				<time>2021-02-24T09:41:19</time>
			</trkpt>
			<trkpt lat="48.73131995089352" lon="3.059199946001172">
				<ele>116.0</ele>
				<time>2021-02-24T09:41:24</time>
			</trkpt>
			<trkpt lat="48.73128994368017" lon="3.0596899520605803">
				<ele>116.0</ele>
				<time>2021-02-24T09:41:28</time>
			</trkpt>
			<trkpt lat="48.73127996921539" lon="3.0600099731236696">
				<ele>117.0</ele>
				<time>2021-02-24T09:41:31</time>
			</trkpt>
			<trkpt lat="48.73124996200204" lon="3.0604699719697237">
				<ele>118.0</ele>
				<time>2021-02-24T09:41:36</time>
			</trkpt>
			<trkpt lat="48.73122992925346" lon="3.0612999480217695">
				<ele>118.0</ele>
				<time>2021-02-24T09:41:43</time>
			</trkpt>
			<trkpt lat="48.73137996532023" lon="3.0612699408084154">
				<ele>118.0</ele>
				<time>2021-02-24T09:41:46</time>
			</trkpt>
			<trkpt lat="48.73171993531287" lon="3.061229959130287">
				<ele>118.0</ele>
				<time>2021-02-24T09:41:50</time>
			</trkpt>
			<trkpt lat="48.73214992694557" lon="3.061199951916933">
				<ele>117.0</ele>
				<time>2021-02-24T09:41:57</time>
			</trkpt>
			<trkpt lat="48.73255996964872" lon="3.061169944703579">
				<ele>117.0</ele>
				<time>2021-02-24T09:42:02</time>
			</trkpt>
			<trkpt lat="48.73270992189646" lon="3.0611499957740307">
				<ele>117.0</ele>
				<time>2021-02-24T09:42:05</time>
			</trkpt>
			<trkpt lat="48.73279994353652" lon="3.0611199885606766">
				<ele>117.0</ele>
				<time>2021-02-24T09:42:06</time>
			</trkpt>
			<trkpt lat="48.732939921319485" lon="3.061049999669194">
				<ele>117.0</ele>
				<time>2021-02-24T09:42:08</time>
			</trkpt>
			<trkpt lat="48.73315994627774" lon="3.0608999636024237">
				<ele>117.0</ele>
				<time>2021-02-24T09:42:11</time>
			</trkpt>
			<trkpt lat="48.73341995291412" lon="3.0606999713927507">
				<ele>117.0</ele>
				<time>2021-02-24T09:42:16</time>
			</trkpt>
			<trkpt lat="48.73374994844198" lon="3.0604499392211437">
				<ele>116.0</ele>
				<time>2021-02-24T09:42:21</time>
			</trkpt>
			<trkpt lat="48.73392999172211" lon="3.060319935902953">
				<ele>116.0</ele>
				<time>2021-02-24T09:42:24</time>
			</trkpt>
			<trkpt lat="48.73402998782694" lon="3.060299986973405">
				<ele>116.0</ele>
				<time>2021-02-24T09:42:25</time>
			</trkpt>
			<trkpt lat="48.73417994007468" lon="3.0602699797600508">
				<ele>116.0</ele>
				<time>2021-02-24T09:42:27</time>
			</trkpt>
			<trkpt lat="48.734289994463325" lon="3.0602699797600508">
				<ele>116.0</ele>
				<time>2021-02-24T09:42:29</time>
			</trkpt>
			<trkpt lat="48.734419997781515" lon="3.060299986973405">
				<ele>116.0</ele>
				<time>2021-02-24T09:42:31</time>
			</trkpt>
			<trkpt lat="48.734589982777834" lon="3.0603599175810814">
				<ele>116.0</ele>
				<time>2021-02-24T09:42:33</time>
			</trkpt>
			<trkpt lat="48.73485996387899" lon="3.060479946434498">
				<ele>116.0</ele>
				<time>2021-02-24T09:42:37</time>
			</trkpt>
			<trkpt lat="48.73519993387163" lon="3.0606399569660425">
				<ele>116.0</ele>
				<time>2021-02-24T09:42:42</time>
			</trkpt>
			<trkpt lat="48.735389951616526" lon="3.0606999713927507">
				<ele>116.0</ele>
				<time>2021-02-24T09:42:45</time>
			</trkpt>
			<trkpt lat="48.73556999489665" lon="3.060739953070879">
				<ele>116.0</ele>
				<time>2021-02-24T09:42:48</time>
			</trkpt>
			<trkpt lat="48.73572992160916" lon="3.060759985819459">
				<ele>115.0</ele>
				<time>2021-02-24T09:42:50</time>
			</trkpt>
			<trkpt lat="48.73591993935406" lon="3.060759985819459">
				<ele>115.0</ele>
				<time>2021-02-24T09:42:53</time>
			</trkpt>
			<trkpt lat="48.73623996041715" lon="3.060739953070879">
				<ele>116.0</ele>
				<time>2021-02-24T09:42:57</time>
			</trkpt>
			<trkpt lat="48.736419919878244" lon="3.060719920322299">
				<ele>116.0</ele>
				<time>2021-02-24T09:43:00</time>
			</trkpt>
			<trkpt lat="48.73647993430495" lon="3.060729978606105">
				<ele>116.0</ele>
				<time>2021-02-24T09:43:01</time>
			</trkpt>
			<trkpt lat="48.73662997037172" lon="3.060729978606105">
				<ele>116.0</ele>
				<time>2021-02-24T09:43:03</time>
			</trkpt>
			<trkpt lat="48.73696994036436" lon="3.0607799347490072">
				<ele>115.0</ele>
				<time>2021-02-24T09:43:08</time>
			</trkpt>
			<trkpt lat="48.73726992867887" lon="3.0608399491757154">
				<ele>115.0</ele>
				<time>2021-02-24T09:43:12</time>
			</trkpt>
			<trkpt lat="48.73728996142745" lon="3.0608399491757154">
				<ele>115.0</ele>
				<time>2021-02-24T09:43:12</time>
			</trkpt>
			<trkpt lat="48.73781994916499" lon="3.0609199963510036">
				<ele>116.0</ele>
				<time>2021-02-24T09:43:20</time>
			</trkpt>
			<trkpt lat="48.73795992694795" lon="3.060959978029132">
				<ele>117.0</ele>
				<time>2021-02-24T09:43:22</time>
			</trkpt>
			<trkpt lat="48.73797995969653" lon="3.060969952493906">
				<ele>117.0</ele>
				<time>2021-02-24T09:43:22</time>
			</trkpt>
			<trkpt lat="48.7383699696511" lon="3.0611099302768707">
				<ele>118.0</ele>
				<time>2021-02-24T09:43:28</time>
			</trkpt>
			<trkpt lat="48.738479940220714" lon="3.061169944703579">
				<ele>118.0</ele>
				<time>2021-02-24T09:43:30</time>
			</trkpt>
			<trkpt lat="48.73857993632555" lon="3.061199951916933">
				<ele>118.0</ele>
				<time>2021-02-24T09:43:31</time>
			</trkpt>
			<trkpt lat="48.7387999612838" lon="3.0612899735569954">
				<ele>118.0</ele>
				<time>2021-02-24T09:43:35</time>
			</trkpt>
			<trkpt lat="48.738929964601994" lon="3.0613499879837036">
				<ele>118.0</ele>
				<time>2021-02-24T09:43:37</time>
			</trkpt>
			<trkpt lat="48.7394199706614" lon="3.0614399258047342">
				<ele>116.0</ele>
				<time>2021-02-24T09:43:44</time>
			</trkpt>
			<trkpt lat="48.739769998937845" lon="3.0614999402314425">
				<ele>116.0</ele>
				<time>2021-02-24T09:43:49</time>
			</trkpt>
			<trkpt lat="48.74016998335719" lon="3.0615499801933765">
				<ele>116.0</ele>
				<time>2021-02-24T09:43:54</time>
			</trkpt>
			<trkpt lat="48.74033996835351" lon="3.061569929122925">
				<ele>116.0</ele>
				<time>2021-02-24T09:43:57</time>
			</trkpt>
			<trkpt lat="48.740459997206926" lon="3.0615799874067307">
				<ele>115.0</ele>
				<time>2021-02-24T09:43:58</time>
			</trkpt>
			<trkpt lat="48.74052998609841" lon="3.061589961871505">
				<ele>115.0</ele>
				<time>2021-02-24T09:44:00</time>
			</trkpt>
			<trkpt lat="48.74069997109473" lon="3.061599936336279">
				<ele>114.0</ele>
				<time>2021-02-24T09:44:02</time>
			</trkpt>
			<trkpt lat="48.741059973835945" lon="3.061589961871505">
				<ele>113.0</ele>
				<time>2021-02-24T09:44:07</time>
			</trkpt>
			<trkpt lat="48.74138996936381" lon="3.061589961871505">
				<ele>113.0</ele>
				<time>2021-02-24T09:44:12</time>
			</trkpt>
			<trkpt lat="48.74179992824793" lon="3.0615499801933765">
				<ele>115.0</ele>
				<time>2021-02-24T09:44:18</time>
			</trkpt>
			<trkpt lat="48.74207996763289" lon="3.0615299474447966">
				<ele>116.0</ele>
				<time>2021-02-24T09:44:22</time>
			</trkpt>
			<trkpt lat="48.742199996486306" lon="3.0615299474447966">
				<ele>116.0</ele>
				<time>2021-02-24T09:44:23</time>
			</trkpt>
			<trkpt lat="48.74222991988063" lon="3.0615299474447966">
				<ele>116.0</ele>
				<time>2021-02-24T09:44:24</time>
			</trkpt>
			<trkpt lat="48.74225992709398" lon="3.0615299474447966">
				<ele>116.0</ele>
				<time>2021-02-24T09:44:24</time>
			</trkpt>
			<trkpt lat="48.74229999259114" lon="3.0615399219095707">
				<ele>115.0</ele>
				<time>2021-02-24T09:44:25</time>
			</trkpt>
			<trkpt lat="48.742349948734045" lon="3.0615499801933765">
				<ele>115.0</ele>
				<time>2021-02-24T09:44:26</time>
			</trkpt>
			<trkpt lat="48.74243997037411" lon="3.061589961871505">
				<ele>114.0</ele>
				<time>2021-02-24T09:44:27</time>
			</trkpt>
			<trkpt lat="48.7426199298352" lon="3.0616899579763412">
				<ele>114.0</ele>
				<time>2021-02-24T09:44:30</time>
			</trkpt>
			<trkpt lat="48.742969958111644" lon="3.0619199573993683">
				<ele>114.0</ele>
				<time>2021-02-24T09:44:35</time>
			</trkpt>
			<trkpt lat="48.74317992478609" lon="3.0620399862527847">
				<ele>115.0</ele>
				<time>2021-02-24T09:44:38</time>
			</trkpt>
			<trkpt lat="48.743379916995764" lon="3.0621499568223953">
				<ele>115.0</ele>
				<time>2021-02-24T09:44:41</time>
			</trkpt>
			<trkpt lat="48.74358996748924" lon="3.062229920178652">
				<ele>115.0</ele>
				<time>2021-02-24T09:44:44</time>
			</trkpt>
			<trkpt lat="48.743769926950336" lon="3.06230996735394">
				<ele>115.0</ele>
				<time>2021-02-24T09:44:47</time>
			</trkpt>
			<trkpt lat="48.7440499663353" lon="3.0623899307101965">
				<ele>115.0</ele>
				<time>2021-02-24T09:44:51</time>
			</trkpt>
			<trkpt lat="48.7442899402231" lon="3.0624399706721306">
				<ele>115.0</ele>
				<time>2021-02-24T09:44:55</time>
			</trkpt>
			<trkpt lat="48.744539972394705" lon="3.062459919601679">
				<ele>116.0</ele>
				<time>2021-02-24T09:44:58</time>
			</trkpt>
			<trkpt lat="48.744689924642444" lon="3.062459919601679">
				<ele>117.0</ele>
				<time>2021-02-24T09:45:00</time>
			</trkpt>
			<trkpt lat="48.74523994512856" lon="3.062459919601679">
				<ele>123.0</ele>
				<time>2021-02-24T09:45:08</time>
			</trkpt>
			<trkpt lat="48.745419988408685" lon="3.0624699778854847">
				<ele>126.0</ele>
				<time>2021-02-24T09:45:11</time>
			</trkpt>
			<trkpt lat="48.74551998451352" lon="3.062479952350259">
				<ele>127.0</ele>
				<time>2021-02-24T09:45:12</time>
			</trkpt>
			<trkpt lat="48.74555996619165" lon="3.062479952350259">
				<ele>128.0</ele>
				<time>2021-02-24T09:45:13</time>
			</trkpt>
			<trkpt lat="48.745719976723194" lon="3.062479952350259">
				<ele>129.0</ele>
				<time>2021-02-24T09:45:15</time>
			</trkpt>
			<trkpt lat="48.74583992175758" lon="3.062489926815033">
				<ele>129.0</ele>
				<time>2021-02-24T09:45:17</time>
			</trkpt>
			<trkpt lat="48.746069921180606" lon="3.062479952350259">
				<ele>130.0</ele>
				<time>2021-02-24T09:45:20</time>
			</trkpt>
			<trkpt lat="48.746279971674085" lon="3.0624499451369047">
				<ele>129.0</ele>
				<time>2021-02-24T09:45:23</time>
			</trkpt>
			<trkpt lat="48.74650997109711" lon="3.0624099634587765">
				<ele>128.0</ele>
				<time>2021-02-24T09:45:26</time>
			</trkpt>
			<trkpt lat="48.746729996055365" lon="3.0623799562454224">
				<ele>128.0</ele>
				<time>2021-02-24T09:45:30</time>
			</trkpt>
			<trkpt lat="48.74684994108975" lon="3.0623799562454224">
				<ele>127.0</ele>
				<time>2021-02-24T09:45:31</time>
			</trkpt>
			<trkpt lat="48.74697994440794" lon="3.0623699817806482">
				<ele>127.0</ele>
				<time>2021-02-24T09:45:33</time>
			</trkpt>
			<trkpt lat="48.747139954939485" lon="3.0623899307101965">
				<ele>127.0</ele>
				<time>2021-02-24T09:45:35</time>
			</trkpt>
			<trkpt lat="48.747289991006255" lon="3.0624099634587765">
				<ele>127.0</ele>
				<time>2021-02-24T09:45:38</time>
			</trkpt>
			<trkpt lat="48.7473099399358" lon="3.0624099634587765">
				<ele>127.0</ele>
				<time>2021-02-24T09:45:38</time>
			</trkpt>
			<trkpt lat="48.747549997642636" lon="3.0624399706721306">
				<ele>127.0</ele>
				<time>2021-02-24T09:45:41</time>
			</trkpt>
			<trkpt lat="48.74776993878186" lon="3.0624399706721306">
				<ele>128.0</ele>
				<time>2021-02-24T09:45:44</time>
			</trkpt>
			<trkpt lat="48.74800999648869" lon="3.0624499451369047">
				<ele>129.0</ele>
				<time>2021-02-24T09:45:48</time>
			</trkpt>
			<trkpt lat="48.74828995205462" lon="3.062459919601679">
				<ele>127.0</ele>
				<time>2021-02-24T09:45:52</time>
			</trkpt>
			<trkpt lat="48.748449962586164" lon="3.0624499451369047">
				<ele>127.0</ele>
				<time>2021-02-24T09:45:54</time>
			</trkpt>
			<trkpt lat="48.74849991872907" lon="3.0624499451369047">
				<ele>127.0</ele>
				<time>2021-02-24T09:45:55</time>
			</trkpt>
			<trkpt lat="48.748749950900674" lon="3.062459919601679">
				<ele>127.0</ele>
				<time>2021-02-24T09:45:59</time>
			</trkpt>
			<trkpt lat="48.74886997975409" lon="3.0624699778854847">
				<ele>127.0</ele>
				<time>2021-02-24T09:46:00</time>
			</trkpt>
			<trkpt lat="48.74899998307228" lon="3.062479952350259">
				<ele>126.0</ele>
				<time>2021-02-24T09:46:02</time>
			</trkpt>
			<trkpt lat="48.74923995696008" lon="3.062509959563613">
				<ele>124.0</ele>
				<time>2021-02-24T09:46:06</time>
			</trkpt>
			<trkpt lat="48.74949996359646" lon="3.0625799484550953">
				<ele>122.0</ele>
				<time>2021-02-24T09:46:09</time>
			</trkpt>
			<trkpt lat="48.74989994801581" lon="3.0626599956303835">
				<ele>120.0</ele>
				<time>2021-02-24T09:46:15</time>
			</trkpt>
			<trkpt lat="48.75011997297406" lon="3.062709951773286">
				<ele>118.0</ele>
				<time>2021-02-24T09:46:18</time>
			</trkpt>
			<trkpt lat="48.75010999850929" lon="3.0630699545145035">
				<ele>119.0</ele>
				<time>2021-02-24T09:46:22</time>
			</trkpt>
			<trkpt lat="48.75008996576071" lon="3.0632899794727564">
				<ele>118.0</ele>
				<time>2021-02-24T09:46:24</time>
			</trkpt>
			<trkpt lat="48.750039925798774" lon="3.0635899677872658">
				<ele>118.0</ele>
				<time>2021-02-24T09:46:27</time>
			</trkpt>
			<trkpt lat="48.74991998076439" lon="3.0639799777418375">
				<ele>117.0</ele>
				<time>2021-02-24T09:46:31</time>
			</trkpt>
			<trkpt lat="48.74953994527459" lon="3.065159982070327">
				<ele>114.0</ele>
				<time>2021-02-24T09:46:43</time>
			</trkpt>
			<trkpt lat="48.749199975281954" lon="3.0661699175834656">
				<ele>114.0</ele>
				<time>2021-02-24T09:46:54</time>
			</trkpt>
			<trkpt lat="48.74914993532002" lon="3.066339986398816">
				<ele>114.0</ele>
				<time>2021-02-24T09:46:56</time>
			</trkpt>
			<trkpt lat="48.74894994311035" lon="3.0669299885630608">
				<ele>114.0</ele>
				<time>2021-02-24T09:47:02</time>
			</trkpt>
			<trkpt lat="48.74877995811403" lon="3.067429969087243">
				<ele>114.0</ele>
				<time>2021-02-24T09:47:07</time>
			</trkpt>
			<trkpt lat="48.74852992594242" lon="3.0681799817830324">
				<ele>112.0</ele>
				<time>2021-02-24T09:47:15</time>
			</trkpt>
			<trkpt lat="48.74821996316314" lon="3.0691099539399147">
				<ele>111.0</ele>
				<time>2021-02-24T09:47:25</time>
			</trkpt>
			<trkpt lat="48.74807998538017" lon="3.0695399455726147">
				<ele>111.0</ele>
				<time>2021-02-24T09:47:29</time>
			</trkpt>
			<trkpt lat="48.747849985957146" lon="3.07023991830647">
				<ele>110.0</ele>
				<time>2021-02-24T09:47:37</time>
			</trkpt>
			<trkpt lat="48.74761998653412" lon="3.070939974859357">
				<ele>110.0</ele>
				<time>2021-02-24T09:47:44</time>
			</trkpt>
			<trkpt lat="48.74747992493212" lon="3.0713399592787027">
				<ele>110.0</ele>
				<time>2021-02-24T09:47:48</time>
			</trkpt>
			<trkpt lat="48.747249925509095" lon="3.072049990296364">
				<ele>110.0</ele>
				<time>2021-02-24T09:47:56</time>
			</trkpt>
			<trkpt lat="48.74704993329942" lon="3.0726399924606085">
				<ele>111.0</ele>
				<time>2021-02-24T09:48:02</time>
			</trkpt>
			<trkpt lat="48.747029984369874" lon="3.072709981352091">
				<ele>111.0</ele>
				<time>2021-02-24T09:48:03</time>
			</trkpt>
			<trkpt lat="48.74695999547839" lon="3.072929922491312">
				<ele>112.0</ele>
				<time>2021-02-24T09:48:05</time>
			</trkpt>
			<trkpt lat="48.74691992998123" lon="3.0730599258095026">
				<ele>112.0</ele>
				<time>2021-02-24T09:48:06</time>
			</trkpt>
			<trkpt lat="48.7468799483031" lon="3.073159921914339">
				<ele>112.0</ele>
				<time>2021-02-24T09:48:08</time>
			</trkpt>
			<trkpt lat="48.746819933876395" lon="3.0733299907296896">
				<ele>113.0</ele>
				<time>2021-02-24T09:48:09</time>
			</trkpt>
			<trkpt lat="48.74667995609343" lon="3.0737599823623896">
				<ele>114.0</ele>
				<time>2021-02-24T09:48:14</time>
			</trkpt>
			<trkpt lat="48.74662999995053" lon="3.0739699490368366">
				<ele>113.0</ele>
				<time>2021-02-24T09:48:16</time>
			</trkpt>
			<trkpt lat="48.74658993445337" lon="3.074239930137992">
				<ele>113.0</ele>
				<time>2021-02-24T09:48:19</time>
			</trkpt>
			<trkpt lat="48.746559927240014" lon="3.074479987844825">
				<ele>112.0</ele>
				<time>2021-02-24T09:48:21</time>
			</trkpt>
			<trkpt lat="48.74654995277524" lon="3.074699928984046">
				<ele>112.0</ele>
				<time>2021-02-24T09:48:23</time>
			</trkpt>
			<trkpt lat="48.74654995277524" lon="3.0748299323022366">
				<ele>112.0</ele>
				<time>2021-02-24T09:48:24</time>
			</trkpt>
			<trkpt lat="48.74654995277524" lon="3.0751599278301">
				<ele>113.0</ele>
				<time>2021-02-24T09:48:27</time>
			</trkpt>
			<trkpt lat="48.74654995277524" lon="3.075429992750287">
				<ele>115.0</ele>
				<time>2021-02-24T09:48:30</time>
			</trkpt>
			<trkpt lat="48.746559927240014" lon="3.075859984382987">
				<ele>117.0</ele>
				<time>2021-02-24T09:48:34</time>
			</trkpt>
			<trkpt lat="48.746559927240014" lon="3.076959941536188">
				<ele>116.0</ele>
				<time>2021-02-24T09:48:44</time>
			</trkpt>
			<trkpt lat="48.746559927240014" lon="3.078099964186549">
				<ele>112.0</ele>
				<time>2021-02-24T09:48:55</time>
			</trkpt>
			<trkpt lat="48.746559927240014" lon="3.078239941969514">
				<ele>112.0</ele>
				<time>2021-02-24T09:48:56</time>
			</trkpt>
			<trkpt lat="48.746559927240014" lon="3.078459966927767">
				<ele>112.0</ele>
				<time>2021-02-24T09:48:58</time>
			</trkpt>
			<trkpt lat="48.74656998552382" lon="3.079189946874976">
				<ele>113.0</ele>
				<time>2021-02-24T09:49:05</time>
			</trkpt>
			<trkpt lat="48.74656998552382" lon="3.079839963465929">
				<ele>113.0</ele>
				<time>2021-02-24T09:49:11</time>
			</trkpt>
			<trkpt lat="48.74656998552382" lon="3.080259980633855">
				<ele>113.0</ele>
				<time>2021-02-24T09:49:15</time>
			</trkpt>
			<trkpt lat="48.74656998552382" lon="3.08095995336771">
				<ele>115.0</ele>
				<time>2021-02-24T09:49:22</time>
			</trkpt>
			<trkpt lat="48.746579959988594" lon="3.081669984385371">
				<ele>116.0</ele>
				<time>2021-02-24T09:49:29</time>
			</trkpt>
			<trkpt lat="48.746579959988594" lon="3.08228999376297">
				<ele>115.0</ele>
				<time>2021-02-24T09:49:35</time>
			</trkpt>
			<trkpt lat="48.746579959988594" lon="3.0830499809235334">
				<ele>115.0</ele>
				<time>2021-02-24T09:49:42</time>
			</trkpt>
			<trkpt lat="48.74658993445337" lon="3.08402999304235">
				<ele>115.0</ele>
				<time>2021-02-24T09:49:51</time>
			</trkpt>
			<trkpt lat="48.74656998552382" lon="3.084879918023944">
				<ele>117.0</ele>
				<time>2021-02-24T09:49:59</time>
			</trkpt>
			<trkpt lat="48.746559927240014" lon="3.0851999390870333">
				<ele>116.0</ele>
				<time>2021-02-24T09:50:02</time>
			</trkpt>
			<trkpt lat="48.74654995277524" lon="3.085379982367158">
				<ele>116.0</ele>
				<time>2021-02-24T09:50:04</time>
			</trkpt>
			<trkpt lat="48.74652992002666" lon="3.085759934037924">
				<ele>115.0</ele>
				<time>2021-02-24T09:50:07</time>
			</trkpt>
			<trkpt lat="48.74650997109711" lon="3.0859699845314026">
				<ele>116.0</ele>
				<time>2021-02-24T09:50:09</time>
			</trkpt>
			<trkpt lat="48.74646998941898" lon="3.086499972268939">
				<ele>115.0</ele>
				<time>2021-02-24T09:50:14</time>
			</trkpt>
			<trkpt lat="48.74646998941898" lon="3.0865499284118414">
				<ele>115.0</ele>
				<time>2021-02-24T09:50:15</time>
			</trkpt>
			<trkpt lat="48.746409974992275" lon="3.0870899744331837">
				<ele>116.0</ele>
				<time>2021-02-24T09:50:20</time>
			</trkpt>
			<trkpt lat="48.74633998610079" lon="3.0876399949193">
				<ele>116.0</ele>
				<time>2021-02-24T09:50:25</time>
			</trkpt>
			<trkpt lat="48.74622993171215" lon="3.0883899237960577">
				<ele>116.0</ele>
				<time>2021-02-24T09:50:32</time>
			</trkpt>
			<trkpt lat="48.746109986677766" lon="3.089079922065139">
				<ele>114.0</ele>
				<time>2021-02-24T09:50:39</time>
			</trkpt>
			<trkpt lat="48.74599993228912" lon="3.0896699242293835">
				<ele>114.0</ele>
				<time>2021-02-24T09:50:45</time>
			</trkpt>
			<trkpt lat="48.74586992897093" lon="3.090249951928854">
				<ele>116.0</ele>
				<time>2021-02-24T09:50:51</time>
			</trkpt>
			<trkpt lat="48.74578996561468" lon="3.0905599985271692">
				<ele>117.0</ele>
				<time>2021-02-24T09:50:54</time>
			</trkpt>
			<trkpt lat="48.74551998451352" lon="3.0916599556803703">
				<ele>120.0</ele>
				<time>2021-02-24T09:51:05</time>
			</trkpt>
			<trkpt lat="48.74506996013224" lon="3.0932599771767855">
				<ele>122.0</ele>
				<time>2021-02-24T09:51:21</time>
			</trkpt>
			<trkpt lat="48.744989996775985" lon="3.093539932742715">
				<ele>123.0</ele>
				<time>2021-02-24T09:51:24</time>
			</trkpt>
			<trkpt lat="48.74446998350322" lon="3.0954399425536394">
				<ele>126.0</ele>
				<time>2021-02-24T09:51:44</time>
			</trkpt>
			<trkpt lat="48.74424995854497" lon="3.096219962462783">
				<ele>128.0</ele>
				<time>2021-02-24T09:51:52</time>
			</trkpt>
			<trkpt lat="48.74400998465717" lon="3.0970699712634087">
				<ele>129.0</ele>
				<time>2021-02-24T09:52:00</time>
			</trkpt>
			<trkpt lat="48.74344998970628" lon="3.0990999843925238">
				<ele>129.0</ele>
				<time>2021-02-24T09:52:21</time>
			</trkpt>
			<trkpt lat="48.74300993978977" lon="3.100679973140359">
				<ele>131.0</ele>
				<time>2021-02-24T09:52:37</time>
			</trkpt>
			<trkpt lat="48.7427599914372" lon="3.101569963619113">
				<ele>130.0</ele>
				<time>2021-02-24T09:52:46</time>
			</trkpt>
			<trkpt lat="48.74242999590933" lon="3.102719960734248">
				<ele>131.0</ele>
				<time>2021-02-24T09:52:58</time>
			</trkpt>
			<trkpt lat="48.7423299998045" lon="3.10308993794024">
				<ele>131.0</ele>
				<time>2021-02-24T09:53:02</time>
			</trkpt>
			<trkpt lat="48.74222991988063" lon="3.1034499406814575">
				<ele>131.0</ele>
				<time>2021-02-24T09:53:06</time>
			</trkpt>
			<trkpt lat="48.74196999706328" lon="3.104409920051694">
				<ele>131.0</ele>
				<time>2021-02-24T09:53:15</time>
			</trkpt>
			<trkpt lat="48.74153992161155" lon="3.1059199199080467">
				<ele>131.0</ele>
				<time>2021-02-24T09:53:31</time>
			</trkpt>
			<trkpt lat="48.74100993387401" lon="3.1078799441456795">
				<ele>131.0</ele>
				<time>2021-02-24T09:53:51</time>
			</trkpt>
			<trkpt lat="48.74074992723763" lon="3.1087999418377876">
				<ele>131.0</ele>
				<time>2021-02-24T09:54:00</time>
			</trkpt>
			<trkpt lat="48.74068999662995" lon="3.1090299412608147">
				<ele>131.0</ele>
				<time>2021-02-24T09:54:03</time>
			</trkpt>
			<trkpt lat="48.74066996388137" lon="3.109129937365651">
				<ele>132.0</ele>
				<time>2021-02-24T09:54:04</time>
			</trkpt>
			<trkpt lat="48.74066996388137" lon="3.1092099845409393">
				<ele>132.0</ele>
				<time>2021-02-24T09:54:04</time>
			</trkpt>
			<trkpt lat="48.74064993113279" lon="3.1094699911773205">
				<ele>133.0</ele>
				<time>2021-02-24T09:54:07</time>
			</trkpt>
			<trkpt lat="48.74061992391944" lon="3.110669944435358">
				<ele>134.0</ele>
				<time>2021-02-24T09:54:18</time>
			</trkpt>
			<trkpt lat="48.74061992391944" lon="3.110679918900132">
				<ele>134.0</ele>
				<time>2021-02-24T09:54:18</time>
			</trkpt>
			<trkpt lat="48.740609949454665" lon="3.1108299549669027">
				<ele>133.0</ele>
				<time>2021-02-24T09:54:20</time>
			</trkpt>
			<trkpt lat="48.74059997498989" lon="3.111269921064377">
				<ele>132.0</ele>
				<time>2021-02-24T09:54:24</time>
			</trkpt>
			<trkpt lat="48.74057994224131" lon="3.1119099631905556">
				<ele>133.0</ele>
				<time>2021-02-24T09:54:30</time>
			</trkpt>
			<trkpt lat="48.74056996777654" lon="3.1124799326062202">
				<ele>133.0</ele>
				<time>2021-02-24T09:54:35</time>
			</trkpt>
			<trkpt lat="48.74055999331176" lon="3.1128499936312437">
				<ele>133.0</ele>
				<time>2021-02-24T09:54:39</time>
			</trkpt>
			<trkpt lat="48.74053996056318" lon="3.113759933039546">
				<ele>129.0</ele>
				<time>2021-02-24T09:54:47</time>
			</trkpt>
			<trkpt lat="48.74052998609841" lon="3.114009965211153">
				<ele>128.0</ele>
				<time>2021-02-24T09:54:50</time>
			</trkpt>
			<trkpt lat="48.7405199278146" lon="3.1142199318856">
				<ele>128.0</ele>
				<time>2021-02-24T09:54:52</time>
			</trkpt>
			<trkpt lat="48.74050995334983" lon="3.1143299862742424">
				<ele>128.0</ele>
				<time>2021-02-24T09:54:53</time>
			</trkpt>
			<trkpt lat="48.740479946136475" lon="3.1145099457353354">
				<ele>127.0</ele>
				<time>2021-02-24T09:54:55</time>
			</trkpt>
			<trkpt lat="48.74044993892312" lon="3.1147599779069424">
				<ele>127.0</ele>
				<time>2021-02-24T09:54:57</time>
			</trkpt>
			<trkpt lat="48.74038992449641" lon="3.1152299512177706">
				<ele>125.0</ele>
				<time>2021-02-24T09:55:01</time>
			</trkpt>
			<trkpt lat="48.74033996835351" lon="3.1156899500638247">
				<ele>125.0</ele>
				<time>2021-02-24T09:55:06</time>
			</trkpt>
			<trkpt lat="48.740199990570545" lon="3.1167199183255434">
				<ele>121.0</ele>
				<time>2021-02-24T09:55:16</time>
			</trkpt>
			<trkpt lat="48.740179957821965" lon="3.116849921643734">
				<ele>121.0</ele>
				<time>2021-02-24T09:55:17</time>
			</trkpt>
			<trkpt lat="48.74014995060861" lon="3.117099953815341">
				<ele>122.0</ele>
				<time>2021-02-24T09:55:19</time>
			</trkpt>
			<trkpt lat="48.74011994339526" lon="3.1174099165946245">
				<ele>123.0</ele>
				<time>2021-02-24T09:55:22</time>
			</trkpt>
			<trkpt lat="48.74009999446571" lon="3.1176399998366833">
				<ele>122.0</ele>
				<time>2021-02-24T09:55:25</time>
			</trkpt>
			<trkpt lat="48.7400899361819" lon="3.117789952084422">
				<ele>121.0</ele>
				<time>2021-02-24T09:55:26</time>
			</trkpt>
			<trkpt lat="48.74009999446571" lon="3.117999918758869">
				<ele>120.0</ele>
				<time>2021-02-24T09:55:28</time>
			</trkpt>
			<trkpt lat="48.74012991786003" lon="3.1183199398219585">
				<ele>117.0</ele>
				<time>2021-02-24T09:55:31</time>
			</trkpt>
			<trkpt lat="48.74016998335719" lon="3.1185699719935656">
				<ele>116.0</ele>
				<time>2021-02-24T09:55:33</time>
			</trkpt>
			<trkpt lat="48.740199990570545" lon="3.1187999714165926">
				<ele>116.0</ele>
				<time>2021-02-24T09:55:36</time>
			</trkpt>
			<trkpt lat="48.74021993950009" lon="3.1189799308776855">
				<ele>116.0</ele>
				<time>2021-02-24T09:55:37</time>
			</trkpt>
			<trkpt lat="48.74024994671345" lon="3.119349991902709">
				<ele>117.0</ele>
				<time>2021-02-24T09:55:41</time>
			</trkpt>
			<trkpt lat="48.740289928391576" lon="3.119729943573475">
				<ele>119.0</ele>
				<time>2021-02-24T09:55:44</time>
			</trkpt>
			<trkpt lat="48.740329993888736" lon="3.120179967954755">
				<ele>123.0</ele>
				<time>2021-02-24T09:55:49</time>
			</trkpt>
			<trkpt lat="48.74042009934783" lon="3.121001645922661">
				<ele>121.0</ele>
				<time>2021-02-24T09:55:57</time>
			</trkpt>
			<trkpt lat="48.740419931709766" lon="3.1209999695420265">
				<ele>121.0</ele>
				<time>2021-02-24T09:55:57</time>
			</trkpt>
			<trkpt lat="48.74048992060125" lon="3.121579997241497">
				<ele>116.0</ele>
				<time>2021-02-24T09:56:02</time>
			</trkpt>
			<trkpt lat="48.74054993502796" lon="3.1222599372267723">
				<ele>114.0</ele>
				<time>2021-02-24T09:56:09</time>
			</trkpt>
			<trkpt lat="48.74059997498989" lon="3.1227199360728264">
				<ele>113.0</ele>
				<time>2021-02-24T09:56:13</time>
			</trkpt>
			<trkpt lat="48.740629982203245" lon="3.122889921069145">
				<ele>113.0</ele>
				<time>2021-02-24T09:56:15</time>
			</trkpt>
			<trkpt lat="48.74066996388137" lon="3.12306996434927">
				<ele>113.0</ele>
				<time>2021-02-24T09:56:17</time>
			</trkpt>
			<trkpt lat="48.74082997441292" lon="3.1237999442964792">
				<ele>113.0</ele>
				<time>2021-02-24T09:56:24</time>
			</trkpt>
			<trkpt lat="48.74096995219588" lon="3.1243499647825956">
				<ele>112.0</ele>
				<time>2021-02-24T09:56:29</time>
			</trkpt>
			<trkpt lat="48.74098998494446" lon="3.124439986422658">
				<ele>111.0</ele>
				<time>2021-02-24T09:56:30</time>
			</trkpt>
			<trkpt lat="48.74099995940924" lon="3.1245299242436886">
				<ele>111.0</ele>
				<time>2021-02-24T09:56:31</time>
			</trkpt>
			<trkpt lat="48.74101999215782" lon="3.124619945883751">
				<ele>110.0</ele>
				<time>2021-02-24T09:56:32</time>
			</trkpt>
			<trkpt lat="48.74102996662259" lon="3.1247399747371674">
				<ele>110.0</ele>
				<time>2021-02-24T09:56:33</time>
			</trkpt>
			<trkpt lat="48.74104999937117" lon="3.124839970842004">
				<ele>109.0</ele>
				<time>2021-02-24T09:56:34</time>
			</trkpt>
			<trkpt lat="48.74104999937117" lon="3.1249199341982603">
				<ele>109.0</ele>
				<time>2021-02-24T09:56:35</time>
			</trkpt>
			<trkpt lat="48.74104999937117" lon="3.1250199303030968">
				<ele>108.0</ele>
				<time>2021-02-24T09:56:36</time>
			</trkpt>
			<trkpt lat="48.741039941087365" lon="3.1251199264079332">
				<ele>108.0</ele>
				<time>2021-02-24T09:56:37</time>
			</trkpt>
			<trkpt lat="48.74101999215782" lon="3.1253799330443144">
				<ele>108.0</ele>
				<time>2021-02-24T09:56:39</time>
			</trkpt>
			<trkpt lat="48.74098998494446" lon="3.1255999580025673">
				<ele>107.0</ele>
				<time>2021-02-24T09:56:41</time>
			</trkpt>
			<trkpt lat="48.74097992666066" lon="3.1256899796426296">
				<ele>107.0</ele>
				<time>2021-02-24T09:56:42</time>
			</trkpt>
			<trkpt lat="48.74095997773111" lon="3.125789975747466">
				<ele>107.0</ele>
				<time>2021-02-24T09:56:43</time>
			</trkpt>
			<trkpt lat="48.740909937769175" lon="3.126199934631586">
				<ele>107.0</ele>
				<time>2021-02-24T09:56:47</time>
			</trkpt>
			<trkpt lat="48.7408999633044" lon="3.1262699235230684">
				<ele>108.0</ele>
				<time>2021-02-24T09:56:48</time>
			</trkpt>
			<trkpt lat="48.74082997441292" lon="3.1267299223691225">
				<ele>108.0</ele>
				<time>2021-02-24T09:56:52</time>
			</trkpt>
			<trkpt lat="48.74080994166434" lon="3.126869983971119">
				<ele>108.0</ele>
				<time>2021-02-24T09:56:54</time>
			</trkpt>
			<trkpt lat="48.740759985521436" lon="3.12710995785892">
				<ele>108.0</ele>
				<time>2021-02-24T09:56:56</time>
			</trkpt>
			<trkpt lat="48.74068999662995" lon="3.1273899972438812">
				<ele>109.0</ele>
				<time>2021-02-24T09:56:59</time>
			</trkpt>
			<trkpt lat="48.74080994166434" lon="3.1275599822402">
				<ele>109.0</ele>
				<time>2021-02-24T09:57:01</time>
			</trkpt>
			<trkpt lat="48.74101999215782" lon="3.127759974449873">
				<ele>109.0</ele>
				<time>2021-02-24T09:57:05</time>
			</trkpt>
			<trkpt lat="48.741039941087365" lon="3.127789981663227">
				<ele>109.0</ele>
				<time>2021-02-24T09:57:05</time>
			</trkpt>
			<trkpt lat="48.74128997325897" lon="3.1280599627643824">
				<ele>109.0</ele>
				<time>2021-02-24T09:57:09</time>
			</trkpt>
			<trkpt lat="48.741359962150455" lon="3.1281299516558647">
				<ele>109.0</ele>
				<time>2021-02-24T09:57:11</time>
			</trkpt>
			<trkpt lat="48.74138996936381" lon="3.128159958869219">
				<ele>109.0</ele>
				<time>2021-02-24T09:57:11</time>
			</trkpt>
			<trkpt lat="48.741809986531734" lon="3.1285399943590164">
				<ele>110.0</ele>
				<time>2021-02-24T09:57:18</time>
			</trkpt>
			<trkpt lat="48.741919957101345" lon="3.128649964928627">
				<ele>110.0</ele>
				<time>2021-02-24T09:57:20</time>
			</trkpt>
			<trkpt lat="48.74250995926559" lon="3.1292199343442917">
				<ele>109.0</ele>
				<time>2021-02-24T09:57:30</time>
			</trkpt>
			<trkpt lat="48.74274993315339" lon="3.1294399593025446">
				<ele>110.0</ele>
				<time>2021-02-24T09:57:34</time>
			</trkpt>
			<trkpt lat="48.74288999475539" lon="3.129559988155961">
				<ele>109.0</ele>
				<time>2021-02-24T09:57:36</time>
			</trkpt>
			<trkpt lat="48.743099961429834" lon="3.1297199986875057">
				<ele>109.0</ele>
				<time>2021-02-24T09:57:40</time>
			</trkpt>
			<trkpt lat="48.74312996864319" lon="3.12972997315228">
				<ele>109.0</ele>
				<time>2021-02-24T09:57:40</time>
			</trkpt>
			<trkpt lat="48.74315997585654" lon="3.129739947617054">
				<ele>109.0</ele>
				<time>2021-02-24T09:57:41</time>
			</trkpt>
			<trkpt lat="48.7432399392128" lon="3.129769954830408">
				<ele>109.0</ele>
				<time>2021-02-24T09:57:42</time>
			</trkpt>
			<trkpt lat="48.74331998638809" lon="3.129589995369315">
				<ele>108.0</ele>
				<time>2021-02-24T09:57:44</time>
			</trkpt>
			<trkpt lat="48.743489971384406" lon="3.1297099404037">
				<ele>108.0</ele>
				<time>2021-02-24T09:57:47</time>
			</trkpt>
			<trkpt lat="48.74351997859776" lon="3.12972997315228">
				<ele>108.0</ele>
				<time>2021-02-24T09:57:47</time>
			</trkpt>
			<trkpt lat="48.74353992752731" lon="3.129749922081828">
				<ele>108.0</ele>
				<time>2021-02-24T09:57:47</time>
			</trkpt>
			<trkpt lat="48.743549985811114" lon="3.1297799292951822">
				<ele>108.0</ele>
				<time>2021-02-24T09:57:48</time>
			</trkpt>
			<trkpt lat="48.74357999302447" lon="3.1298099365085363">
				<ele>108.0</ele>
				<time>2021-02-24T09:57:48</time>
			</trkpt>
			<trkpt lat="48.7436699308455" lon="3.129969947040081">
				<ele>109.0</ele>
				<time>2021-02-24T09:57:50</time>
			</trkpt>
			<trkpt lat="48.74411995522678" lon="3.1305799819529057">
				<ele>111.0</ele>
				<time>2021-02-24T09:57:59</time>
			</trkpt>
			<trkpt lat="48.744369987398386" lon="3.130909977480769">
				<ele>112.0</ele>
				<time>2021-02-24T09:58:04</time>
			</trkpt>
			<trkpt lat="48.74448993243277" lon="3.131049955263734">
				<ele>112.0</ele>
				<time>2021-02-24T09:58:06</time>
			</trkpt>
			<trkpt lat="48.744859993457794" lon="3.131489921361208">
				<ele>112.0</ele>
				<time>2021-02-24T09:58:12</time>
			</trkpt>
			<trkpt lat="48.74503995291889" lon="3.1316799391061068">
				<ele>111.0</ele>
				<time>2021-02-24T09:58:16</time>
			</trkpt>
			<trkpt lat="48.74517993070185" lon="3.131789993494749">
				<ele>111.0</ele>
				<time>2021-02-24T09:58:18</time>
			</trkpt>
			<trkpt lat="48.7453399412334" lon="3.1318899895995855">
				<ele>112.0</ele>
				<time>2021-02-24T09:58:20</time>
			</trkpt>
			<trkpt lat="48.745509926229715" lon="3.131959978491068">
				<ele>113.0</ele>
				<time>2021-02-24T09:58:23</time>
			</trkpt>
			<trkpt lat="48.745979983359575" lon="3.1321099307388067">
				<ele>116.0</ele>
				<time>2021-02-24T09:58:30</time>
			</trkpt>
			<trkpt lat="48.74628994613886" lon="3.132229959592223">
				<ele>119.0</ele>
				<time>2021-02-24T09:58:34</time>
			</trkpt>
			<trkpt lat="48.74650997109711" lon="3.1323399301618338">
				<ele>121.0</ele>
				<time>2021-02-24T09:58:38</time>
			</trkpt>
			<trkpt lat="48.74654995277524" lon="3.1323599629104137">
				<ele>121.0</ele>
				<time>2021-02-24T09:58:38</time>
			</trkpt>
			<trkpt lat="48.74674994498491" lon="3.1324399262666702">
				<ele>123.0</ele>
				<time>2021-02-24T09:58:41</time>
			</trkpt>
			<trkpt lat="48.74693996272981" lon="3.1324999406933784">
				<ele>126.0</ele>
				<time>2021-02-24T09:58:44</time>
			</trkpt>
			<trkpt lat="48.74718999490142" lon="3.1325499806553125">
				<ele>130.0</ele>
				<time>2021-02-24T09:58:47</time>
			</trkpt>
			<trkpt lat="48.74731999821961" lon="3.1325799878686666">
				<ele>131.0</ele>
				<time>2021-02-24T09:58:49</time>
			</trkpt>
			<trkpt lat="48.747419994324446" lon="3.132599936798215">
				<ele>132.0</ele>
				<time>2021-02-24T09:58:51</time>
			</trkpt>
			<trkpt lat="48.74748998321593" lon="3.132619969546795">
				<ele>132.0</ele>
				<time>2021-02-24T09:58:52</time>
			</trkpt>
			<trkpt lat="48.7477399315685" lon="3.132679983973503">
				<ele>132.0</ele>
				<time>2021-02-24T09:58:55</time>
			</trkpt>
			<trkpt lat="48.74790991656482" lon="3.1327399984002113">
				<ele>132.0</ele>
				<time>2021-02-24T09:58:58</time>
			</trkpt>
			<trkpt lat="48.7479299493134" lon="3.1327399984002113">
				<ele>133.0</ele>
				<time>2021-02-24T09:58:58</time>
			</trkpt>
			<trkpt lat="48.74819993041456" lon="3.132839994505048">
				<ele>135.0</ele>
				<time>2021-02-24T09:59:02</time>
			</trkpt>
			<trkpt lat="48.74836999922991" lon="3.1329299323260784">
				<ele>137.0</ele>
				<time>2021-02-24T09:59:05</time>
			</trkpt>
			<trkpt lat="48.74837997369468" lon="3.1329399906098843">
				<ele>137.0</ele>
				<time>2021-02-24T09:59:05</time>
			</trkpt>
			<trkpt lat="48.748579965904355" lon="3.133089942857623">
				<ele>139.0</ele>
				<time>2021-02-24T09:59:08</time>
			</trkpt>
			<trkpt lat="48.74871994368732" lon="3.1332099717110395">
				<ele>140.0</ele>
				<time>2021-02-24T09:59:10</time>
			</trkpt>
			<trkpt lat="48.748819939792156" lon="3.133299993351102">
				<ele>141.0</ele>
				<time>2021-02-24T09:59:12</time>
			</trkpt>
			<trkpt lat="48.7489299941808" lon="3.1334099639207125">
				<ele>141.0</ele>
				<time>2021-02-24T09:59:14</time>
			</trkpt>
			<trkpt lat="48.749249931424856" lon="3.133709952235222">
				<ele>141.0</ele>
				<time>2021-02-24T09:59:19</time>
			</trkpt>
			<trkpt lat="48.74952997080982" lon="3.133989991620183">
				<ele>140.0</ele>
				<time>2021-02-24T09:59:24</time>
			</trkpt>
			<trkpt lat="48.749649999663234" lon="3.1341099366545677">
				<ele>140.0</ele>
				<time>2021-02-24T09:59:26</time>
			</trkpt>
			<trkpt lat="48.749719988554716" lon="3.134159976616502">
				<ele>140.0</ele>
				<time>2021-02-24T09:59:27</time>
			</trkpt>
			<trkpt lat="48.74980992637575" lon="3.13419995829463">
				<ele>140.0</ele>
				<time>2021-02-24T09:59:29</time>
			</trkpt>
			<trkpt lat="48.749869940802455" lon="3.13421999104321">
				<ele>140.0</ele>
				<time>2021-02-24T09:59:30</time>
			</trkpt>
			<trkpt lat="48.75006993301213" lon="3.1343199871480465">
				<ele>141.0</ele>
				<time>2021-02-24T09:59:33</time>
			</trkpt>
			<trkpt lat="48.750189961865544" lon="3.134399950504303">
				<ele>142.0</ele>
				<time>2021-02-24T09:59:34</time>
			</trkpt>
			<trkpt lat="48.75028995797038" lon="3.1344899721443653">
				<ele>142.0</ele>
				<time>2021-02-24T09:59:36</time>
			</trkpt>
			<trkpt lat="48.75035994686186" lon="3.1345899682492018">
				<ele>143.0</ele>
				<time>2021-02-24T09:59:37</time>
			</trkpt>
			<trkpt lat="48.7504099868238" lon="3.1346899643540382">
				<ele>143.0</ele>
				<time>2021-02-24T09:59:39</time>
			</trkpt>
			<trkpt lat="48.7504599429667" lon="3.134849974885583">
				<ele>143.0</ele>
				<time>2021-02-24T09:59:40</time>
			</trkpt>
			<trkpt lat="48.750509982928634" lon="3.135029934346676">
				<ele>143.0</ele>
				<time>2021-02-24T09:59:42</time>
			</trkpt>
			<trkpt lat="48.75058994628489" lon="3.1353899370878935">
				<ele>144.0</ele>
				<time>2021-02-24T09:59:46</time>
			</trkpt>
			<trkpt lat="48.75065993517637" lon="3.1356099620461464">
				<ele>145.0</ele>
				<time>2021-02-24T09:59:48</time>
			</trkpt>
			<trkpt lat="48.75073998235166" lon="3.135779947042465">
				<ele>145.0</ele>
				<time>2021-02-24T09:59:50</time>
			</trkpt>
			<trkpt lat="48.75084995292127" lon="3.13593995757401">
				<ele>145.0</ele>
				<time>2021-02-24T09:59:52</time>
			</trkpt>
			<trkpt lat="48.75092991627753" lon="3.1360299792140722">
				<ele>146.0</ele>
				<time>2021-02-24T09:59:54</time>
			</trkpt>
			<trkpt lat="48.75094994902611" lon="3.1360699608922005">
				<ele>146.0</ele>
				<time>2021-02-24T09:59:54</time>
			</trkpt>
			<trkpt lat="48.75123996287584" lon="3.136419989168644">
				<ele>147.0</ele>
				<time>2021-02-24T09:59:59</time>
			</trkpt>
			<trkpt lat="48.75167992897332" lon="3.1369399186223745">
				<ele>147.0</ele>
				<time>2021-02-24T10:00:07</time>
			</trkpt>
			<trkpt lat="48.75195996835828" lon="3.137289946898818">
				<ele>146.0</ele>
				<time>2021-02-24T10:00:13</time>
			</trkpt>
			<trkpt lat="48.752229949459434" lon="3.1376699823886156">
				<ele>146.0</ele>
				<time>2021-02-24T10:00:18</time>
			</trkpt>
			<trkpt lat="48.752729929983616" lon="3.138369955122471">
				<ele>147.0</ele>
				<time>2021-02-24T10:00:28</time>
			</trkpt>
			<trkpt lat="48.75325991772115" lon="3.1391299422830343">
				<ele>145.0</ele>
				<time>2021-02-24T10:00:38</time>
			</trkpt>
			<trkpt lat="48.753929967060685" lon="3.1400899216532707">
				<ele>145.0</ele>
				<time>2021-02-24T10:00:51</time>
			</trkpt>
			<trkpt lat="48.754099952057004" lon="3.1403199210762978">
				<ele>145.0</ele>
				<time>2021-02-24T10:00:54</time>
			</trkpt>
			<trkpt lat="48.75419994816184" lon="3.1404199171811342">
				<ele>145.0</ele>
				<time>2021-02-24T10:00:56</time>
			</trkpt>
			<trkpt lat="48.75432995148003" lon="3.1405299715697765">
				<ele>144.0</ele>
				<time>2021-02-24T10:00:58</time>
			</trkpt>
			<trkpt lat="48.75443992204964" lon="3.140609934926033">
				<ele>144.0</ele>
				<time>2021-02-24T10:01:00</time>
			</trkpt>
			<trkpt lat="48.754809983074665" lon="3.14083993434906">
				<ele>145.0</ele>
				<time>2021-02-24T10:01:06</time>
			</trkpt>
			<trkpt lat="48.75512992031872" lon="3.141009919345379">
				<ele>144.0</ele>
				<time>2021-02-24T10:01:11</time>
			</trkpt>
			<trkpt lat="48.75531993806362" lon="3.1411499809473753">
				<ele>144.0</ele>
				<time>2021-02-24T10:01:14</time>
			</trkpt>
			<trkpt lat="48.755519930273294" lon="3.14130999147892">
				<ele>144.0</ele>
				<time>2021-02-24T10:01:17</time>
			</trkpt>
			<trkpt lat="48.75571992248297" lon="3.141509983688593">
				<ele>144.0</ele>
				<time>2021-02-24T10:01:20</time>
			</trkpt>
			<trkpt lat="48.755779936909676" lon="3.141569998115301">
				<ele>144.0</ele>
				<time>2021-02-24T10:01:21</time>
			</trkpt>
			<trkpt lat="48.75584992580116" lon="3.1416599359363317">
				<ele>144.0</ele>
				<time>2021-02-24T10:01:23</time>
			</trkpt>
			<trkpt lat="48.75604991801083" lon="3.1418399792164564">
				<ele>144.0</ele>
				<time>2021-02-24T10:01:26</time>
			</trkpt>
			<trkpt lat="48.7561999540776" lon="3.141959924250841">
				<ele>144.0</ele>
				<time>2021-02-24T10:01:28</time>
			</trkpt>
			<trkpt lat="48.75636993907392" lon="3.1420599203556776">
				<ele>144.0</ele>
				<time>2021-02-24T10:01:31</time>
			</trkpt>
			<trkpt lat="48.75661997124553" lon="3.14216997474432">
				<ele>144.0</ele>
				<time>2021-02-24T10:01:35</time>
			</trkpt>
			<trkpt lat="48.75666992738843" lon="3.142189923673868">
				<ele>144.0</ele>
				<time>2021-02-24T10:01:35</time>
			</trkpt>
			<trkpt lat="48.75735992565751" lon="3.1425299774855375">
				<ele>143.0</ele>
				<time>2021-02-24T10:01:46</time>
			</trkpt>
			<trkpt lat="48.75745992176235" lon="3.1425699591636658">
				<ele>143.0</ele>
				<time>2021-02-24T10:01:47</time>
			</trkpt>
			<trkpt lat="48.75819995999336" lon="3.1429199874401093">
				<ele>145.0</ele>
				<time>2021-02-24T10:01:58</time>
			</trkpt>
			<trkpt lat="48.7582499999553" lon="3.1429399363696575">
				<ele>145.0</ele>
				<time>2021-02-24T10:01:59</time>
			</trkpt>
			<trkpt lat="48.758419984951615" lon="3.14300992526114">
				<ele>145.0</ele>
				<time>2021-02-24T10:02:02</time>
			</trkpt>
			<trkpt lat="48.75894997268915" lon="3.1431999430060387">
				<ele>146.0</ele>
				<time>2021-02-24T10:02:09</time>
			</trkpt>
			<trkpt lat="48.7591599393636" lon="3.143299939110875">
				<ele>147.0</ele>
				<time>2021-02-24T10:02:12</time>
			</trkpt>
			<trkpt lat="48.75926999375224" lon="3.1433599535375834">
				<ele>148.0</ele>
				<time>2021-02-24T10:02:14</time>
			</trkpt>
			<trkpt lat="48.75939999707043" lon="3.143469924107194">
				<ele>148.0</ele>
				<time>2021-02-24T10:02:16</time>
			</trkpt>
			<trkpt lat="48.75962999649346" lon="3.143719956278801">
				<ele>149.0</ele>
				<time>2021-02-24T10:02:20</time>
			</trkpt>
			<trkpt lat="48.75999997369945" lon="3.1442199368029833">
				<ele>149.0</ele>
				<time>2021-02-24T10:02:27</time>
			</trkpt>
			<trkpt lat="48.76033994369209" lon="3.1446499284356833">
				<ele>151.0</ele>
				<time>2021-02-24T10:02:34</time>
			</trkpt>
			<trkpt lat="48.76065996475518" lon="3.145059971138835">
				<ele>155.0</ele>
				<time>2021-02-24T10:02:40</time>
			</trkpt>
			<trkpt lat="48.760889964178205" lon="3.1453599594533443">
				<ele>155.0</ele>
				<time>2021-02-24T10:02:44</time>
			</trkpt>
			<trkpt lat="48.76109993085265" lon="3.1455999333411455">
				<ele>155.0</ele>
				<time>2021-02-24T10:02:48</time>
			</trkpt>
			<trkpt lat="48.76130998134613" lon="3.1458599399775267">
				<ele>155.0</ele>
				<time>2021-02-24T10:02:52</time>
			</trkpt>
			<trkpt lat="48.76147996634245" lon="3.1460599321871996">
				<ele>154.0</ele>
				<time>2021-02-24T10:02:55</time>
			</trkpt>
			<trkpt lat="48.761619944125414" lon="3.1462499499320984">
				<ele>154.0</ele>
				<time>2021-02-24T10:02:57</time>
			</trkpt>
			<trkpt lat="48.76173997297883" lon="3.146439967676997">
				<ele>153.0</ele>
				<time>2021-02-24T10:03:00</time>
			</trkpt>
			<trkpt lat="48.761859918013215" lon="3.14665999263525">
				<ele>153.0</ele>
				<time>2021-02-24T10:03:03</time>
			</trkpt>
			<trkpt lat="48.76201992854476" lon="3.1469799298793077">
				<ele>153.0</ele>
				<time>2021-02-24T10:03:06</time>
			</trkpt>
			<trkpt lat="48.76214993186295" lon="3.1472499947994947">
				<ele>153.0</ele>
				<time>2021-02-24T10:03:10</time>
			</trkpt>
			<trkpt lat="48.76221992075443" lon="3.1473999470472336">
				<ele>153.0</ele>
				<time>2021-02-24T10:03:11</time>
			</trkpt>
			<trkpt lat="48.76225998625159" lon="3.1475599575787783">
				<ele>152.0</ele>
				<time>2021-02-24T10:03:13</time>
			</trkpt>
			<trkpt lat="48.76228999346495" lon="3.147699935361743">
				<ele>151.0</ele>
				<time>2021-02-24T10:03:14</time>
			</trkpt>
			<trkpt lat="48.762309942394495" lon="3.1478799786418676">
				<ele>151.0</ele>
				<time>2021-02-24T10:03:16</time>
			</trkpt>
			<trkpt lat="48.76231991685927" lon="3.148149959743023">
				<ele>150.0</ele>
				<time>2021-02-24T10:03:19</time>
			</trkpt>
			<trkpt lat="48.76231991685927" lon="3.14839999191463">
				<ele>149.0</ele>
				<time>2021-02-24T10:03:21</time>
			</trkpt>
			<trkpt lat="48.76233994960785" lon="3.148619933053851">
				<ele>150.0</ele>
				<time>2021-02-24T10:03:23</time>
			</trkpt>
			<trkpt lat="48.7623699568212" lon="3.148869965225458">
				<ele>150.0</ele>
				<time>2021-02-24T10:03:25</time>
			</trkpt>
			<trkpt lat="48.76241999678314" lon="3.149099964648485">
				<ele>150.0</ele>
				<time>2021-02-24T10:03:28</time>
			</trkpt>
			<trkpt lat="48.76248998567462" lon="3.1493999529629946">
				<ele>149.0</ele>
				<time>2021-02-24T10:03:31</time>
			</trkpt>
			<trkpt lat="48.762589981779456" lon="3.14970999956131">
				<ele>150.0</ele>
				<time>2021-02-24T10:03:34</time>
			</trkpt>
			<trkpt lat="48.76265997067094" lon="3.1498899590224028">
				<ele>150.0</ele>
				<time>2021-02-24T10:03:36</time>
			</trkpt>
			<trkpt lat="48.76270992681384" lon="3.1499999295920134">
				<ele>150.0</ele>
				<time>2021-02-24T10:03:37</time>
			</trkpt>
			<trkpt lat="48.762759966775775" lon="3.1500599440187216">
				<ele>150.0</ele>
				<time>2021-02-24T10:03:38</time>
			</trkpt>
			<trkpt lat="48.76281998120248" lon="3.1501099839806557">
				<ele>150.0</ele>
				<time>2021-02-24T10:03:39</time>
			</trkpt>
			<trkpt lat="48.762889970093966" lon="3.150129932910204">
				<ele>151.0</ele>
				<time>2021-02-24T10:03:40</time>
			</trkpt>
			<trkpt lat="48.76295995898545" lon="3.150129932910204">
				<ele>151.0</ele>
				<time>2021-02-24T10:03:41</time>
			</trkpt>
			<trkpt lat="48.763019973412156" lon="3.1501099839806557">
				<ele>151.0</ele>
				<time>2021-02-24T10:03:42</time>
			</trkpt>
			<trkpt lat="48.763189958408475" lon="3.150009987875819">
				<ele>151.0</ele>
				<time>2021-02-24T10:03:45</time>
			</trkpt>
			<trkpt lat="48.76349992118776" lon="3.1498299445956945">
				<ele>150.0</ele>
				<time>2021-02-24T10:03:49</time>
			</trkpt>
			<trkpt lat="48.76367996446788" lon="3.149739922955632">
				<ele>149.0</ele>
				<time>2021-02-24T10:03:52</time>
			</trkpt>
			<trkpt lat="48.76375992782414" lon="3.149699941277504">
				<ele>148.0</ele>
				<time>2021-02-24T10:03:53</time>
			</trkpt>
			<trkpt lat="48.7638499494642" lon="3.149699941277504">
				<ele>148.0</ele>
				<time>2021-02-24T10:03:55</time>
			</trkpt>
			<trkpt lat="48.76392999663949" lon="3.149699941277504">
				<ele>148.0</ele>
				<time>2021-02-24T10:03:56</time>
			</trkpt>
			<trkpt lat="48.76400995999575" lon="3.149729948490858">
				<ele>148.0</ele>
				<time>2021-02-24T10:03:57</time>
			</trkpt>
			<trkpt lat="48.76412998884916" lon="3.1497999373823404">
				<ele>148.0</ele>
				<time>2021-02-24T10:03:59</time>
			</trkpt>
			<trkpt lat="48.76424993388355" lon="3.149899933487177">
				<ele>148.0</ele>
				<time>2021-02-24T10:04:01</time>
			</trkpt>
			<trkpt lat="48.764329981058836" lon="3.149949973449111">
				<ele>148.0</ele>
				<time>2021-02-24T10:04:02</time>
			</trkpt>
			<trkpt lat="48.76440994441509" lon="3.1499699223786592">
				<ele>148.0</ele>
				<time>2021-02-24T10:04:03</time>
			</trkpt>
			<trkpt lat="48.764519998803735" lon="3.1499699223786592">
				<ele>148.0</ele>
				<time>2021-02-24T10:04:05</time>
			</trkpt>
			<trkpt lat="48.764609936624765" lon="3.149959947913885">
				<ele>148.0</ele>
				<time>2021-02-24T10:04:06</time>
			</trkpt>
			<trkpt lat="48.76471999101341" lon="3.149919966235757">
				<ele>148.0</ele>
				<time>2021-02-24T10:04:08</time>
			</trkpt>
			<trkpt lat="48.7648999504745" lon="3.1498199701309204">
				<ele>148.0</ele>
				<time>2021-02-24T10:04:10</time>
			</trkpt>
			<trkpt lat="48.765079993754625" lon="3.14970999956131">
				<ele>149.0</ele>
				<time>2021-02-24T10:04:13</time>
			</trkpt>
			<trkpt lat="48.765249978750944" lon="3.1495699379593134">
				<ele>149.0</ele>
				<time>2021-02-24T10:04:16</time>
			</trkpt>
			<trkpt lat="48.76549992710352" lon="3.1493299640715122">
				<ele>149.0</ele>
				<time>2021-02-24T10:04:20</time>
			</trkpt>
			<trkpt lat="48.765809973701835" lon="3.149019917473197">
				<ele>149.0</ele>
				<time>2021-02-24T10:04:25</time>
			</trkpt>
			<trkpt lat="48.76596998423338" lon="3.148859990760684">
				<ele>149.0</ele>
				<time>2021-02-24T10:04:28</time>
			</trkpt>
			<trkpt lat="48.76603997312486" lon="3.148779943585396">
				<ele>150.0</ele>
				<time>2021-02-24T10:04:29</time>
			</trkpt>
			<trkpt lat="48.76605992205441" lon="3.1487599946558475">
				<ele>150.0</ele>
				<time>2021-02-24T10:04:30</time>
			</trkpt>
			<trkpt lat="48.766159918159246" lon="3.148669973015785">
				<ele>150.0</ele>
				<time>2021-02-24T10:04:31</time>
			</trkpt>
			<trkpt lat="48.76622999086976" lon="3.148639965802431">
				<ele>151.0</ele>
				<time>2021-02-24T10:04:32</time>
			</trkpt>
			<trkpt lat="48.76628992147744" lon="3.148629991337657">
				<ele>151.0</ele>
				<time>2021-02-24T10:04:33</time>
			</trkpt>
			<trkpt lat="48.766349935904145" lon="3.148639965802431">
				<ele>151.0</ele>
				<time>2021-02-24T10:04:34</time>
			</trkpt>
			<trkpt lat="48.76640995033085" lon="3.148669973015785">
				<ele>151.0</ele>
				<time>2021-02-24T10:04:35</time>
			</trkpt>
			<trkpt lat="48.766499971970916" lon="3.1487599946558475">
				<ele>151.0</ele>
				<time>2021-02-24T10:04:37</time>
			</trkpt>
			<trkpt lat="48.7665699608624" lon="3.148849932476878">
				<ele>151.0</ele>
				<time>2021-02-24T10:04:38</time>
			</trkpt>
			<trkpt lat="48.76671999692917" lon="3.149019917473197">
				<ele>151.0</ele>
				<time>2021-02-24T10:04:41</time>
			</trkpt>
			<trkpt lat="48.76691998913884" lon="3.14925997518003">
				<ele>150.0</ele>
				<time>2021-02-24T10:04:44</time>
			</trkpt>
			<trkpt lat="48.767079999670386" lon="3.149459967389703">
				<ele>151.0</ele>
				<time>2021-02-24T10:04:47</time>
			</trkpt>
			<trkpt lat="48.767119981348515" lon="3.149519981816411">
				<ele>151.0</ele>
				<time>2021-02-24T10:04:48</time>
			</trkpt>
			<trkpt lat="48.76719994470477" lon="3.1496299523860216">
				<ele>151.0</ele>
				<time>2021-02-24T10:04:49</time>
			</trkpt>
			<trkpt lat="48.76725995913148" lon="3.149739922955632">
				<ele>151.0</ele>
				<time>2021-02-24T10:04:51</time>
			</trkpt>
			<trkpt lat="48.76729994080961" lon="3.1498599518090487">
				<ele>151.0</ele>
				<time>2021-02-24T10:04:52</time>
			</trkpt>
			<trkpt lat="48.76732994802296" lon="3.149979980662465">
				<ele>151.0</ele>
				<time>2021-02-24T10:04:53</time>
			</trkpt>
			<trkpt lat="48.76734998077154" lon="3.15011995844543">
				<ele>151.0</ele>
				<time>2021-02-24T10:04:55</time>
			</trkpt>
			<trkpt lat="48.767379987984896" lon="3.150359932333231">
				<ele>151.0</ele>
				<time>2021-02-24T10:04:57</time>
			</trkpt>
			<trkpt lat="48.767399936914444" lon="3.1504999939352274">
				<ele>151.0</ele>
				<time>2021-02-24T10:04:58</time>
			</trkpt>
			<trkpt lat="48.767419969663024" lon="3.150599990040064">
				<ele>150.0</ele>
				<time>2021-02-24T10:04:59</time>
			</trkpt>
			<trkpt lat="48.76743991859257" lon="3.150639971718192">
				<ele>150.0</ele>
				<time>2021-02-24T10:05:00</time>
			</trkpt>
			<trkpt lat="48.76744997687638" lon="3.1506899278610945">
				<ele>150.0</ele>
				<time>2021-02-24T10:05:00</time>
			</trkpt>
			<trkpt lat="48.767489958554506" lon="3.150759916752577">
				<ele>150.0</ele>
				<time>2021-02-24T10:05:01</time>
			</trkpt>
			<trkpt lat="48.76755994744599" lon="3.150849938392639">
				<ele>150.0</ele>
				<time>2021-02-24T10:05:02</time>
			</trkpt>
			<trkpt lat="48.76763999462128" lon="3.1509299855679274">
				<ele>151.0</ele>
				<time>2021-02-24T10:05:04</time>
			</trkpt>
			<trkpt lat="48.76772993244231" lon="3.151009948924184">
				<ele>151.0</ele>
				<time>2021-02-24T10:05:05</time>
			</trkpt>
			<trkpt lat="48.767829928547144" lon="3.151079937815666">
				<ele>151.0</ele>
				<time>2021-02-24T10:05:07</time>
			</trkpt>
			<trkpt lat="48.76798993907869" lon="3.1512099411338568">
				<ele>150.0</ele>
				<time>2021-02-24T10:05:09</time>
			</trkpt>
			<trkpt lat="48.76813997514546" lon="3.151329969987273">
				<ele>149.0</ele>
				<time>2021-02-24T10:05:12</time>
			</trkpt>
			<trkpt lat="48.7682899273932" lon="3.151489980518818">
				<ele>149.0</ele>
				<time>2021-02-24T10:05:15</time>
			</trkpt>
			<trkpt lat="48.76850995235145" lon="3.1517699360847473">
				<ele>148.0</ele>
				<time>2021-02-24T10:05:19</time>
			</trkpt>
			<trkpt lat="48.76858999952674" lon="3.1518799904733896">
				<ele>148.0</ele>
				<time>2021-02-24T10:05:20</time>
			</trkpt>
			<trkpt lat="48.768689995631576" lon="3.1519999355077744">
				<ele>148.0</ele>
				<time>2021-02-24T10:05:22</time>
			</trkpt>
			<trkpt lat="48.76876995898783" lon="3.1521099898964167">
				<ele>148.0</ele>
				<time>2021-02-24T10:05:24</time>
			</trkpt>
			<trkpt lat="48.769139936193824" lon="3.152619944885373">
				<ele>147.0</ele>
				<time>2021-02-24T10:05:31</time>
			</trkpt>
			<trkpt lat="48.76944998279214" lon="3.153029987588525">
				<ele>147.0</ele>
				<time>2021-02-24T10:05:37</time>
			</trkpt>
			<trkpt lat="48.76959993503988" lon="3.153239954262972">
				<ele>147.0</ele>
				<time>2021-02-24T10:05:39</time>
			</trkpt>
			<trkpt lat="48.769699931144714" lon="3.1533999647945166">
				<ele>147.0</ele>
				<time>2021-02-24T10:05:42</time>
			</trkpt>
			<trkpt lat="48.76978995278478" lon="3.1535599753260612">
				<ele>147.0</ele>
				<time>2021-02-24T10:05:44</time>
			</trkpt>
			<trkpt lat="48.769869999960065" lon="3.15372996032238">
				<ele>146.0</ele>
				<time>2021-02-24T10:05:45</time>
			</trkpt>
			<trkpt lat="48.769999919459224" lon="3.1540199741721153">
				<ele>145.0</ele>
				<time>2021-02-24T10:05:49</time>
			</trkpt>
			<trkpt lat="48.77009999938309" lon="3.1542699225246906">
				<ele>145.0</ele>
				<time>2021-02-24T10:05:52</time>
			</trkpt>
			<trkpt lat="48.77018993720412" lon="3.1544999219477177">
				<ele>144.0</ele>
				<time>2021-02-24T10:05:54</time>
			</trkpt>
			<trkpt lat="48.77028993330896" lon="3.1547399796545506">
				<ele>143.0</ele>
				<time>2021-02-24T10:05:57</time>
			</trkpt>
			<trkpt lat="48.77034994773567" lon="3.154849950224161">
				<ele>143.0</ele>
				<time>2021-02-24T10:05:58</time>
			</trkpt>
			<trkpt lat="48.77036998048425" lon="3.1549099646508694">
				<ele>142.0</ele>
				<time>2021-02-24T10:05:59</time>
			</trkpt>
			<trkpt lat="48.77050995826721" lon="3.15501993522048">
				<ele>142.0</ele>
				<time>2021-02-24T10:06:01</time>
			</trkpt>
			<trkpt lat="48.77076996490359" lon="3.1551999785006046">
				<ele>141.0</ele>
				<time>2021-02-24T10:06:05</time>
			</trkpt>
			<trkpt lat="48.77123993821442" lon="3.1555699557065964">
				<ele>141.0</ele>
				<time>2021-02-24T10:06:13</time>
			</trkpt>
			<trkpt lat="48.77172994427383" lon="3.155939932912588">
				<ele>142.0</ele>
				<time>2021-02-24T10:06:20</time>
			</trkpt>
			<trkpt lat="48.77217996865511" lon="3.1562699284404516">
				<ele>140.0</ele>
				<time>2021-02-24T10:06:28</time>
			</trkpt>
			<trkpt lat="48.77277994528413" lon="3.1566899456083775">
				<ele>137.0</ele>
				<time>2021-02-24T10:06:37</time>
			</trkpt>
			<trkpt lat="48.773309933021665" lon="3.157069981098175">
				<ele>138.0</ele>
				<time>2021-02-24T10:06:45</time>
			</trkpt>
			<trkpt lat="48.77367999404669" lon="3.1573199294507504">
				<ele>137.0</ele>
				<time>2021-02-24T10:06:51</time>
			</trkpt>
			<trkpt lat="48.7737899646163" lon="3.1573999766260386">
				<ele>136.0</ele>
				<time>2021-02-24T10:06:53</time>
			</trkpt>
			<trkpt lat="48.7738399207592" lon="3.157479939982295">
				<ele>135.0</ele>
				<time>2021-02-24T10:06:54</time>
			</trkpt>
			<trkpt lat="48.77387998625636" lon="3.1575499288737774">
				<ele>135.0</ele>
				<time>2021-02-24T10:06:55</time>
			</trkpt>
			<trkpt lat="48.77389993518591" lon="3.1576299760490656">
				<ele>135.0</ele>
				<time>2021-02-24T10:06:56</time>
			</trkpt>
			<trkpt lat="48.773909993469715" lon="3.157719997689128">
				<ele>135.0</ele>
				<time>2021-02-24T10:06:57</time>
			</trkpt>
			<trkpt lat="48.77391996793449" lon="3.1578099355101585">
				<ele>134.0</ele>
				<time>2021-02-24T10:06:57</time>
			</trkpt>
			<trkpt lat="48.773909993469715" lon="3.157959971576929">
				<ele>134.0</ele>
				<time>2021-02-24T10:06:59</time>
			</trkpt>
			<trkpt lat="48.77385995350778" lon="3.158399937674403">
				<ele>134.0</ele>
				<time>2021-02-24T10:07:03</time>
			</trkpt>
			<trkpt lat="48.7738399207592" lon="3.15864996984601">
				<ele>134.0</ele>
				<time>2021-02-24T10:07:05</time>
			</trkpt>
			<trkpt lat="48.773779990151525" lon="3.159309960901737">
				<ele>131.0</ele>
				<time>2021-02-24T10:07:12</time>
			</trkpt>
			<trkpt lat="48.773739924654365" lon="3.1598199997097254">
				<ele>130.0</ele>
				<time>2021-02-24T10:07:17</time>
			</trkpt>
			<trkpt lat="48.77374998293817" lon="3.159919995814562">
				<ele>129.0</ele>
				<time>2021-02-24T10:07:17</time>
			</trkpt>
			<trkpt lat="48.77376993186772" lon="3.1600399408489466">
				<ele>129.0</ele>
				<time>2021-02-24T10:07:19</time>
			</trkpt>
			<trkpt lat="48.77379993908107" lon="3.160159969702363">
				<ele>129.0</ele>
				<time>2021-02-24T10:07:20</time>
			</trkpt>
			<trkpt lat="48.7738399207592" lon="3.1602599658071995">
				<ele>129.0</ele>
				<time>2021-02-24T10:07:21</time>
			</trkpt>
			<trkpt lat="48.773869927972555" lon="3.160339929163456">
				<ele>129.0</ele>
				<time>2021-02-24T10:07:22</time>
			</trkpt>
			<trkpt lat="48.77396992407739" lon="3.160589961335063">
				<ele>128.0</ele>
				<time>2021-02-24T10:07:25</time>
			</trkpt>
			<trkpt lat="48.773999931290746" lon="3.160649975761771">
				<ele>128.0</ele>
				<time>2021-02-24T10:07:25</time>
			</trkpt>
			<trkpt lat="48.77409992739558" lon="3.1609199568629265">
				<ele>128.0</ele>
				<time>2021-02-24T10:07:28</time>
			</trkpt>
			<trkpt lat="48.774169916287065" lon="3.161079967394471">
				<ele>127.0</ele>
				<time>2021-02-24T10:07:30</time>
			</trkpt>
			<trkpt lat="48.77423998899758" lon="3.1612099707126617">
				<ele>126.0</ele>
				<time>2021-02-24T10:07:32</time>
			</trkpt>
			<trkpt lat="48.77436999231577" lon="3.161469977349043">
				<ele>124.0</ele>
				<time>2021-02-24T10:07:35</time>
			</trkpt>
			<trkpt lat="48.774469988420606" lon="3.1616399623453617">
				<ele>123.0</ele>
				<time>2021-02-24T10:07:37</time>
			</trkpt>
			<trkpt lat="48.77453997731209" lon="3.1617699656635523">
				<ele>123.0</ele>
				<time>2021-02-24T10:07:38</time>
			</trkpt>
			<trkpt lat="48.77460996620357" lon="3.1618599873036146">
				<ele>123.0</ele>
				<time>2021-02-24T10:07:40</time>
			</trkpt>
			<trkpt lat="48.77466998063028" lon="3.161909943446517">
				<ele>123.0</ele>
				<time>2021-02-24T10:07:41</time>
			</trkpt>
			<trkpt lat="48.77475991845131" lon="3.161969957873225">
				<ele>123.0</ele>
				<time>2021-02-24T10:07:42</time>
			</trkpt>
			<trkpt lat="48.774899980053306" lon="3.1620499212294817">
				<ele>123.0</ele>
				<time>2021-02-24T10:07:44</time>
			</trkpt>
			<trkpt lat="48.77510994672775" lon="3.162169950082898">
				<ele>122.0</ele>
				<time>2021-02-24T10:07:47</time>
			</trkpt>
			<trkpt lat="48.77559995278716" lon="3.1624399311840534">
				<ele>122.0</ele>
				<time>2021-02-24T10:07:55</time>
			</trkpt>
			<trkpt lat="48.77587999217212" lon="3.162609999999404">
				<ele>125.0</ele>
				<time>2021-02-24T10:07:59</time>
			</trkpt>
			<trkpt lat="48.77599993720651" lon="3.1626899633556604">
				<ele>126.0</ele>
				<time>2021-02-24T10:08:01</time>
			</trkpt>
			<trkpt lat="48.776039918884635" lon="3.162739919498563">
				<ele>127.0</ele>
				<time>2021-02-24T10:08:02</time>
			</trkpt>
			<trkpt lat="48.776059951633215" lon="3.162789959460497">
				<ele>126.0</ele>
				<time>2021-02-24T10:08:02</time>
			</trkpt>
			<trkpt lat="48.776059951633215" lon="3.162819966673851">
				<ele>126.0</ele>
				<time>2021-02-24T10:08:03</time>
			</trkpt>
			<trkpt lat="48.77606992609799" lon="3.1628599483519793">
				<ele>126.0</ele>
				<time>2021-02-24T10:08:03</time>
			</trkpt>
			<trkpt lat="48.77608995884657" lon="3.163039991632104">
				<ele>126.0</ele>
				<time>2021-02-24T10:08:05</time>
			</trkpt>
			<trkpt lat="48.77610999159515" lon="3.1632099766284227">
				<ele>125.0</ele>
				<time>2021-02-24T10:08:06</time>
			</trkpt>
			<trkpt lat="48.7761299405247" lon="3.1633399799466133">
				<ele>125.0</ele>
				<time>2021-02-24T10:08:08</time>
			</trkpt>
			<trkpt lat="48.776169922202826" lon="3.1635399721562862">
				<ele>124.0</ele>
				<time>2021-02-24T10:08:10</time>
			</trkpt>
			<trkpt lat="48.77623999491334" lon="3.1638299860060215">
				<ele>124.0</ele>
				<time>2021-02-24T10:08:13</time>
			</trkpt>
			<trkpt lat="48.77627997659147" lon="3.1640099454671144">
				<ele>124.0</ele>
				<time>2021-02-24T10:08:14</time>
			</trkpt>
			<trkpt lat="48.776359939947724" lon="3.164369948208332">
				<ele>125.0</ele>
				<time>2021-02-24T10:08:18</time>
			</trkpt>
			<trkpt lat="48.77645993605256" lon="3.1647799909114838">
				<ele>124.0</ele>
				<time>2021-02-24T10:08:22</time>
			</trkpt>
			<trkpt lat="48.776509976014495" lon="3.1649299431592226">
				<ele>124.0</ele>
				<time>2021-02-24T10:08:24</time>
			</trkpt>
			<trkpt lat="48.77653998322785" lon="3.164989957585931">
				<ele>124.0</ele>
				<time>2021-02-24T10:08:24</time>
			</trkpt>
			<trkpt lat="48.7765599321574" lon="3.165029939264059">
				<ele>124.0</ele>
				<time>2021-02-24T10:08:25</time>
			</trkpt>
			<trkpt lat="48.77658993937075" lon="3.165049972012639">
				<ele>124.0</ele>
				<time>2021-02-24T10:08:25</time>
			</trkpt>
			<trkpt lat="48.77662992104888" lon="3.165049972012639">
				<ele>125.0</ele>
				<time>2021-02-24T10:08:26</time>
			</trkpt>
			<trkpt lat="48.77666998654604" lon="3.165049972012639">
				<ele>125.0</ele>
				<time>2021-02-24T10:08:26</time>
			</trkpt>
			<trkpt lat="48.776699993759394" lon="3.165029939264059">
				<ele>126.0</ele>
				<time>2021-02-24T10:08:27</time>
			</trkpt>
			<trkpt lat="48.77673997543752" lon="3.164999932050705">
				<ele>126.0</ele>
				<time>2021-02-24T10:08:28</time>
			</trkpt>
			<trkpt lat="48.77688992768526" lon="3.164829947054386">
				<ele>128.0</ele>
				<time>2021-02-24T10:08:30</time>
			</trkpt>
			<trkpt lat="48.77715999260545" lon="3.1645199842751026">
				<ele>129.0</ele>
				<time>2021-02-24T10:08:35</time>
			</trkpt>
			<trkpt lat="48.777349926531315" lon="3.1642999593168497">
				<ele>130.0</ele>
				<time>2021-02-24T10:08:38</time>
			</trkpt>
			<trkpt lat="48.7774299737066" lon="3.1641999632120132">
				<ele>130.0</ele>
				<time>2021-02-24T10:08:40</time>
			</trkpt>
			<trkpt lat="48.777519995346665" lon="3.1641199998557568">
				<ele>130.0</ele>
				<time>2021-02-24T10:08:41</time>
			</trkpt>
			<trkpt lat="48.777669947594404" lon="3.164339940994978">
				<ele>130.0</ele>
				<time>2021-02-24T10:08:44</time>
			</trkpt>
			<trkpt lat="48.77773993648589" lon="3.1644299626350403">
				<ele>130.0</ele>
				<time>2021-02-24T10:08:46</time>
			</trkpt>
			<trkpt lat="48.77778997644782" lon="3.1644799187779427">
				<ele>130.0</ele>
				<time>2021-02-24T10:08:47</time>
			</trkpt>
			<trkpt lat="48.77782995812595" lon="3.1644899770617485">
				<ele>130.0</ele>
				<time>2021-02-24T10:08:47</time>
			</trkpt>
			<trkpt lat="48.77786993980408" lon="3.1644799187779427">
				<ele>130.0</ele>
				<time>2021-02-24T10:08:48</time>
			</trkpt>
			<trkpt lat="48.77791997976601" lon="3.1644599698483944">
				<ele>130.0</ele>
				<time>2021-02-24T10:08:48</time>
			</trkpt>
			<trkpt lat="48.777949986979365" lon="3.1644299626350403">
				<ele>130.0</ele>
				<time>2021-02-24T10:08:49</time>
			</trkpt>
			<trkpt lat="48.777969935908914" lon="3.164399955421686">
				<ele>130.0</ele>
				<time>2021-02-24T10:08:49</time>
			</trkpt>
			<trkpt lat="48.77800991758704" lon="3.164329966530204">
				<ele>130.0</ele>
				<time>2021-02-24T10:08:50</time>
			</trkpt>
			<trkpt lat="48.77812994644046" lon="3.1640399526804686">
				<ele>130.0</ele>
				<time>2021-02-24T10:08:53</time>
			</trkpt>
			<trkpt lat="48.77813992090523" lon="3.1640299782156944">
				<ele>130.0</ele>
				<time>2021-02-24T10:08:54</time>
			</trkpt>
			<trkpt lat="48.778249975293875" lon="3.1637699715793133">
				<ele>130.0</ele>
				<time>2021-02-24T10:08:57</time>
			</trkpt>
			<trkpt lat="48.77832993865013" lon="3.1636199355125427">
				<ele>130.0</ele>
				<time>2021-02-24T10:08:58</time>
			</trkpt>
			<trkpt lat="48.778419960290194" lon="3.163479957729578">
				<ele>131.0</ele>
				<time>2021-02-24T10:09:00</time>
			</trkpt>
			<trkpt lat="48.77851995639503" lon="3.1633699871599674">
				<ele>132.0</ele>
				<time>2021-02-24T10:09:02</time>
			</trkpt>
			<trkpt lat="48.77862992696464" lon="3.163279965519905">
				<ele>132.0</ele>
				<time>2021-02-24T10:09:04</time>
			</trkpt>
			<trkpt lat="48.778699999675155" lon="3.163229925557971">
				<ele>133.0</ele>
				<time>2021-02-24T10:09:05</time>
			</trkpt>
			<trkpt lat="48.77888993360102" lon="3.1630899477750063">
				<ele>133.0</ele>
				<time>2021-02-24T10:09:08</time>
			</trkpt>
			<trkpt lat="48.77919998019934" lon="3.1628699228167534">
				<ele>131.0</ele>
				<time>2021-02-24T10:09:13</time>
			</trkpt>
			<trkpt lat="48.77991998568177" lon="3.162349993363023">
				<ele>129.0</ele>
				<time>2021-02-24T10:09:24</time>
			</trkpt>
			<trkpt lat="48.77993993461132" lon="3.162339935079217">
				<ele>129.0</ele>
				<time>2021-02-24T10:09:24</time>
			</trkpt>
			<trkpt lat="48.78010991960764" lon="3.1622199900448322">
				<ele>129.0</ele>
				<time>2021-02-24T10:09:27</time>
			</trkpt>
			<trkpt lat="48.78034997731447" lon="3.1620699539780617">
				<ele>130.0</ele>
				<time>2021-02-24T10:09:31</time>
			</trkpt>
			<trkpt lat="48.78060998395085" lon="3.161989990621805">
				<ele>130.0</ele>
				<time>2021-02-24T10:09:35</time>
			</trkpt>
			<trkpt lat="48.78070998005569" lon="3.161969957873225">
				<ele>129.0</ele>
				<time>2021-02-24T10:09:36</time>
			</trkpt>
			<trkpt lat="48.7810599245131" lon="3.161929976195097">
				<ele>129.0</ele>
				<time>2021-02-24T10:09:41</time>
			</trkpt>
			<trkpt lat="48.78126997500658" lon="3.1618499290198088">
				<ele>129.0</ele>
				<time>2021-02-24T10:09:44</time>
			</trkpt>
			<trkpt lat="48.78137994557619" lon="3.1617799401283264">
				<ele>129.0</ele>
				<time>2021-02-24T10:09:46</time>
			</trkpt>
			<trkpt lat="48.78147994168103" lon="3.16169997677207">
				<ele>129.0</ele>
				<time>2021-02-24T10:09:48</time>
			</trkpt>
			<trkpt lat="48.78182996995747" lon="3.161459919065237">
				<ele>131.0</ele>
				<time>2021-02-24T10:09:53</time>
			</trkpt>
			<trkpt lat="48.7820599693805" lon="3.161329999566078">
				<ele>133.0</ele>
				<time>2021-02-24T10:09:57</time>
			</trkpt>
			<trkpt lat="48.78231997601688" lon="3.161259926855564">
				<ele>135.0</ele>
				<time>2021-02-24T10:10:00</time>
			</trkpt>
			<trkpt lat="48.782529942691326" lon="3.161259926855564">
				<ele>135.0</ele>
				<time>2021-02-24T10:10:03</time>
			</trkpt>
			<trkpt lat="48.782739993184805" lon="3.161309966817498">
				<ele>136.0</ele>
				<time>2021-02-24T10:10:06</time>
			</trkpt>
			<trkpt lat="48.78294995985925" lon="3.161419937387109">
				<ele>136.0</ele>
				<time>2021-02-24T10:10:10</time>
			</trkpt>
			<trkpt lat="48.78309999592602" lon="3.161489926278591">
				<ele>136.0</ele>
				<time>2021-02-24T10:10:12</time>
			</trkpt>
			<trkpt lat="48.78323997370899" lon="3.1615499407052994">
				<ele>137.0</ele>
				<time>2021-02-24T10:10:14</time>
			</trkpt>
			<trkpt lat="48.783449940383434" lon="3.1615899223834276">
				<ele>136.0</ele>
				<time>2021-02-24T10:10:17</time>
			</trkpt>
			<trkpt lat="48.78362998366356" lon="3.1615699734538794">
				<ele>137.0</ele>
				<time>2021-02-24T10:10:19</time>
			</trkpt>
			<trkpt lat="48.783839950338006" lon="3.161479951813817">
				<ele>137.0</ele>
				<time>2021-02-24T10:10:23</time>
			</trkpt>
			<trkpt lat="48.78390993922949" lon="3.161419937387109">
				<ele>137.0</ele>
				<time>2021-02-24T10:10:24</time>
			</trkpt>
			<trkpt lat="48.78411998972297" lon="3.161069992929697">
				<ele>139.0</ele>
				<time>2021-02-24T10:10:28</time>
			</trkpt>
			<trkpt lat="48.78414999693632" lon="3.161009978502989">
				<ele>139.0</ele>
				<time>2021-02-24T10:10:29</time>
			</trkpt>
			<trkpt lat="48.784439926967025" lon="3.160309921950102">
				<ele>143.0</ele>
				<time>2021-02-24T10:10:37</time>
			</trkpt>
			<trkpt lat="48.784589963033795" lon="3.1600699480623007">
				<ele>143.0</ele>
				<time>2021-02-24T10:10:40</time>
			</trkpt>
			<trkpt lat="48.784739999100566" lon="3.159929970279336">
				<ele>143.0</ele>
				<time>2021-02-24T10:10:42</time>
			</trkpt>
			<trkpt lat="48.784869918599725" lon="3.1598599813878536">
				<ele>143.0</ele>
				<time>2021-02-24T10:10:44</time>
			</trkpt>
			<trkpt lat="48.78495994023979" lon="3.1597999669611454">
				<ele>143.0</ele>
				<time>2021-02-24T10:10:46</time>
			</trkpt>
			<trkpt lat="48.78536998294294" lon="3.1596399564296007">
				<ele>143.0</ele>
				<time>2021-02-24T10:10:52</time>
			</trkpt>
			<trkpt lat="48.78556997515261" lon="3.159649930894375">
				<ele>143.0</ele>
				<time>2021-02-24T10:10:55</time>
			</trkpt>
			<trkpt lat="48.785769967362285" lon="3.159679938107729">
				<ele>143.0</ele>
				<time>2021-02-24T10:10:58</time>
			</trkpt>
			<trkpt lat="48.78777994774282" lon="3.16038996912539">
				<ele>150.0</ele>
				<time>2021-02-24T10:11:27</time>
			</trkpt>
			<trkpt lat="48.78794993273914" lon="3.160419976338744">
				<ele>150.0</ele>
				<time>2021-02-24T10:11:29</time>
			</trkpt>
			<trkpt lat="48.787899976596236" lon="3.157989978790283">
				<ele>152.0</ele>
				<time>2021-02-24T10:11:52</time>
			</trkpt>
			<trkpt lat="48.78786996938288" lon="3.156589949503541">
				<ele>151.0</ele>
				<time>2021-02-24T10:12:06</time>
			</trkpt>
			<trkpt lat="48.78858997486532" lon="3.1564299389719963">
				<ele>152.0</ele>
				<time>2021-02-24T10:12:16</time>
			</trkpt>
			<trkpt lat="48.78872995264828" lon="3.156389957293868">
				<ele>153.0</ele>
				<time>2021-02-24T10:12:18</time>
			</trkpt>
			<trkpt lat="48.7897099647671" lon="3.156149983406067">
				<ele>150.0</ele>
				<time>2021-02-24T10:12:32</time>
			</trkpt>
			<trkpt lat="48.78990995697677" lon="3.156109917908907">
				<ele>150.0</ele>
				<time>2021-02-24T10:12:35</time>
			</trkpt>
			<trkpt lat="48.790479926392436" lon="3.1560299545526505">
				<ele>149.0</ele>
				<time>2021-02-24T10:12:43</time>
			</trkpt>
			<trkpt lat="48.79074999131262" lon="3.1560199800878763">
				<ele>148.0</ele>
				<time>2021-02-24T10:12:47</time>
			</trkpt>
			<trkpt lat="48.79166998900473" lon="3.1560699362307787">
				<ele>146.0</ele>
				<time>2021-02-24T10:13:00</time>
			</trkpt>
			<trkpt lat="48.79364996217191" lon="3.1562299467623234">
				<ele>145.0</ele>
				<time>2021-02-24T10:13:29</time>
			</trkpt>
			<trkpt lat="48.79454992711544" lon="3.1562999356538057">
				<ele>147.0</ele>
				<time>2021-02-24T10:13:42</time>
			</trkpt>
			<trkpt lat="48.794709937646985" lon="3.1562899611890316">
				<ele>147.0</ele>
				<time>2021-02-24T10:13:44</time>
			</trkpt>
			<trkpt lat="48.79497991874814" lon="3.1562599539756775">
				<ele>147.0</ele>
				<time>2021-02-24T10:13:48</time>
			</trkpt>
			<trkpt lat="48.79531997255981" lon="3.156149983406067">
				<ele>146.0</ele>
				<time>2021-02-24T10:13:53</time>
			</trkpt>
			<trkpt lat="48.79736993461847" lon="3.1551799457520247">
				<ele>143.0</ele>
				<time>2021-02-24T10:14:23</time>
			</trkpt>
			<trkpt lat="48.798039983958006" lon="3.1548599246889353">
				<ele>145.0</ele>
				<time>2021-02-24T10:14:33</time>
			</trkpt>
			<trkpt lat="48.7981699872762" lon="3.154809968546033">
				<ele>145.0</ele>
				<time>2021-02-24T10:14:35</time>
			</trkpt>
			<trkpt lat="48.79837995395064" lon="3.1547499541193247">
				<ele>145.0</ele>
				<time>2021-02-24T10:14:38</time>
			</trkpt>
			<trkpt lat="48.79869997501373" lon="3.1547399796545506">
				<ele>145.0</ele>
				<time>2021-02-24T10:14:43</time>
			</trkpt>
			<trkpt lat="48.79915997385979" lon="3.154809968546033">
				<ele>144.0</ele>
				<time>2021-02-24T10:14:50</time>
			</trkpt>
			<trkpt lat="48.79953992553055" lon="3.154839975759387">
				<ele>143.0</ele>
				<time>2021-02-24T10:14:55</time>
			</trkpt>
			<trkpt lat="48.799759950488806" lon="3.154829917475581">
				<ele>143.0</ele>
				<time>2021-02-24T10:14:58</time>
			</trkpt>
			<trkpt lat="48.799909986555576" lon="3.154779961332679">
				<ele>142.0</ele>
				<time>2021-02-24T10:15:00</time>
			</trkpt>
			<trkpt lat="48.8001299276948" lon="3.1547199469059706">
				<ele>142.0</ele>
				<time>2021-02-24T10:15:04</time>
			</trkpt>
			<trkpt lat="48.800319945439696" lon="3.154619950801134">
				<ele>143.0</ele>
				<time>2021-02-24T10:15:06</time>
			</trkpt>
			<trkpt lat="48.80156993865967" lon="3.1537799164652824">
				<ele>144.0</ele>
				<time>2021-02-24T10:15:26</time>
			</trkpt>
			<trkpt lat="48.80188995972276" lon="3.1535699497908354">
				<ele>144.0</ele>
				<time>2021-02-24T10:15:31</time>
			</trkpt>
			<trkpt lat="48.80233998410404" lon="3.1533099431544542">
				<ele>144.0</ele>
				<time>2021-02-24T10:15:38</time>
			</trkpt>
			<trkpt lat="48.80289997905493" lon="3.153039962053299">
				<ele>140.0</ele>
				<time>2021-02-24T10:15:46</time>
			</trkpt>
			<trkpt lat="48.8033399451524" lon="3.152839969843626">
				<ele>138.0</ele>
				<time>2021-02-24T10:15:53</time>
			</trkpt>
			<trkpt lat="48.804099932312965" lon="3.1525099743157625">
				<ele>137.0</ele>
				<time>2021-02-24T10:16:04</time>
			</trkpt>
			<trkpt lat="48.804119965061545" lon="3.1524999998509884">
				<ele>137.0</ele>
				<time>2021-02-24T10:16:04</time>
			</trkpt>
			<trkpt lat="48.8041499722749" lon="3.1524899415671825">
				<ele>137.0</ele>
				<time>2021-02-24T10:16:05</time>
			</trkpt>
			<trkpt lat="48.804179979488254" lon="3.1524799671024084">
				<ele>137.0</ele>
				<time>2021-02-24T10:16:05</time>
			</trkpt>
			<trkpt lat="48.804439986124635" lon="3.1524299271404743">
				<ele>135.0</ele>
				<time>2021-02-24T10:16:09</time>
			</trkpt>
			<trkpt lat="48.80488992668688" lon="3.15239991992712">
				<ele>133.0</ele>
				<time>2021-02-24T10:16:15</time>
			</trkpt>
			<trkpt lat="48.805109951645136" lon="3.1524499598890543">
				<ele>133.0</ele>
				<time>2021-02-24T10:16:19</time>
			</trkpt>
			<trkpt lat="48.805559976026416" lon="3.1526299193501472">
				<ele>133.0</ele>
				<time>2021-02-24T10:16:25</time>
			</trkpt>
			<trkpt lat="48.80563993938267" lon="3.1526499520987272">
				<ele>134.0</ele>
				<time>2021-02-24T10:16:26</time>
			</trkpt>
			<trkpt lat="48.80577991716564" lon="3.1526799593120813">
				<ele>134.0</ele>
				<time>2021-02-24T10:16:28</time>
			</trkpt>
			<trkpt lat="48.80588997155428" lon="3.1526799593120813">
				<ele>134.0</ele>
				<time>2021-02-24T10:16:30</time>
			</trkpt>
			<trkpt lat="48.806439992040396" lon="3.152669984847307">
				<ele>133.0</ele>
				<time>2021-02-24T10:16:38</time>
			</trkpt>
			<trkpt lat="48.8067299220711" lon="3.152669984847307">
				<ele>133.0</ele>
				<time>2021-02-24T10:16:42</time>
			</trkpt>
			<trkpt lat="48.80687995813787" lon="3.152669984847307">
				<ele>133.0</ele>
				<time>2021-02-24T10:16:44</time>
			</trkpt>
			<trkpt lat="48.807429978623986" lon="3.1526799593120813">
				<ele>131.0</ele>
				<time>2021-02-24T10:16:52</time>
			</trkpt>
			<trkpt lat="48.8079699408263" lon="3.1526799593120813">
				<ele>127.0</ele>
				<time>2021-02-24T10:17:00</time>
			</trkpt>
			<trkpt lat="48.808029955253005" lon="3.1526799593120813">
				<ele>127.0</ele>
				<time>2021-02-24T10:17:01</time>
			</trkpt>
			<trkpt lat="48.808459946885705" lon="3.1526999920606613">
				<ele>126.0</ele>
				<time>2021-02-24T10:17:07</time>
			</trkpt>
			<trkpt lat="48.809469966217875" lon="3.1527199409902096">
				<ele>116.0</ele>
				<time>2021-02-24T10:17:21</time>
			</trkpt>
			<trkpt lat="48.80949997343123" lon="3.1527099665254354">
				<ele>116.0</ele>
				<time>2021-02-24T10:17:22</time>
			</trkpt>
			<trkpt lat="48.80985997617245" lon="3.1526899337768555">
				<ele>114.0</ele>
				<time>2021-02-24T10:17:27</time>
			</trkpt>
			<trkpt lat="48.810089975595474" lon="3.152639977633953">
				<ele>113.0</ele>
				<time>2021-02-24T10:17:30</time>
			</trkpt>
			<trkpt lat="48.81029994226992" lon="3.1525699887424707">
				<ele>110.0</ele>
				<time>2021-02-24T10:17:33</time>
			</trkpt>
			<trkpt lat="48.81071995943785" lon="3.15243998542428">
				<ele>107.0</ele>
				<time>2021-02-24T10:17:39</time>
			</trkpt>
			<trkpt lat="48.81099999882281" lon="3.152359938248992">
				<ele>106.0</ele>
				<time>2021-02-24T10:17:43</time>
			</trkpt>
			<trkpt lat="48.81140995770693" lon="3.1522599421441555">
				<ele>106.0</ele>
				<time>2021-02-24T10:17:49</time>
			</trkpt>
			<trkpt lat="48.811789993196726" lon="3.152129938825965">
				<ele>103.0</ele>
				<time>2021-02-24T10:17:55</time>
			</trkpt>
			<trkpt lat="48.8122299592942" lon="3.1520199682563543">
				<ele>99.0</ele>
				<time>2021-02-24T10:18:01</time>
			</trkpt>
			<trkpt lat="48.812239933758974" lon="3.1520199682563543">
				<ele>99.0</ele>
				<time>2021-02-24T10:18:01</time>
			</trkpt>
			<trkpt lat="48.81267998367548" lon="3.1518899649381638">
				<ele>94.0</ele>
				<time>2021-02-24T10:18:08</time>
			</trkpt>
			<trkpt lat="48.812839994207025" lon="3.1518599577248096">
				<ele>92.0</ele>
				<time>2021-02-24T10:18:10</time>
			</trkpt>
			<trkpt lat="48.81333997473121" lon="3.151739928871393">
				<ele>89.0</ele>
				<time>2021-02-24T10:18:17</time>
			</trkpt>
			<trkpt lat="48.81345991976559" lon="3.151669939979911">
				<ele>88.0</ele>
				<time>2021-02-24T10:18:19</time>
			</trkpt>
			<trkpt lat="48.8135199341923" lon="3.1516299583017826">
				<ele>87.0</ele>
				<time>2021-02-24T10:18:20</time>
			</trkpt>
			<trkpt lat="48.813549941405654" lon="3.1515999510884285">
				<ele>87.0</ele>
				<time>2021-02-24T10:18:21</time>
			</trkpt>
			<trkpt lat="48.813569974154234" lon="3.1515699438750744">
				<ele>87.0</ele>
				<time>2021-02-24T10:18:21</time>
			</trkpt>
			<trkpt lat="48.813619930297136" lon="3.151499954983592">
				<ele>87.0</ele>
				<time>2021-02-24T10:18:22</time>
			</trkpt>
			<trkpt lat="48.81368991918862" lon="3.151319995522499">
				<ele>85.0</ele>
				<time>2021-02-24T10:18:24</time>
			</trkpt>
			<trkpt lat="48.8137099519372" lon="3.151279930025339">
				<ele>84.0</ele>
				<time>2021-02-24T10:18:24</time>
			</trkpt>
			<trkpt lat="48.81371992640197" lon="3.151269955560565">
				<ele>84.0</ele>
				<time>2021-02-24T10:18:25</time>
			</trkpt>
			<trkpt lat="48.81396995857358" lon="3.1508899200707674">
				<ele>82.0</ele>
				<time>2021-02-24T10:18:30</time>
			</trkpt>
			<trkpt lat="48.81411999464035" lon="3.150809956714511">
				<ele>81.0</ele>
				<time>2021-02-24T10:18:32</time>
			</trkpt>
			<trkpt lat="48.81416995078325" lon="3.150809956714511">
				<ele>80.0</ele>
				<time>2021-02-24T10:18:33</time>
			</trkpt>
			<trkpt lat="48.81417992524803" lon="3.150809956714511">
				<ele>80.0</ele>
				<time>2021-02-24T10:18:33</time>
			</trkpt>
			<trkpt lat="48.81419995799661" lon="3.150809956714511">
				<ele>80.0</ele>
				<time>2021-02-24T10:18:33</time>
			</trkpt>
			<trkpt lat="48.8143299613148" lon="3.150819931179285">
				<ele>79.0</ele>
				<time>2021-02-24T10:18:35</time>
			</trkpt>
			<trkpt lat="48.814429957419634" lon="3.1508899200707674">
				<ele>78.0</ele>
				<time>2021-02-24T10:18:37</time>
			</trkpt>
			<trkpt lat="48.81448997184634" lon="3.1509399600327015">
				<ele>78.0</ele>
				<time>2021-02-24T10:18:38</time>
			</trkpt>
			<trkpt lat="48.814579993486404" lon="3.151029981672764">
				<ele>77.0</ele>
				<time>2021-02-24T10:18:39</time>
			</trkpt>
			<trkpt lat="48.81473992019892" lon="3.1511699594557285">
				<ele>77.0</ele>
				<time>2021-02-24T10:18:42</time>
			</trkpt>
			<trkpt lat="48.8147599529475" lon="3.1511899922043085">
				<ele>77.0</ele>
				<time>2021-02-24T10:18:42</time>
			</trkpt>
			<trkpt lat="48.81486992351711" lon="3.1512299738824368">
				<ele>77.0</ele>
				<time>2021-02-24T10:18:44</time>
			</trkpt>
			<trkpt lat="48.81501995958388" lon="3.151239948347211">
				<ele>78.0</ele>
				<time>2021-02-24T10:18:46</time>
			</trkpt>
			<trkpt lat="48.81504996679723" lon="3.151249922811985">
				<ele>78.0</ele>
				<time>2021-02-24T10:18:46</time>
			</trkpt>
			<trkpt lat="48.81508994847536" lon="3.151239948347211">
				<ele>78.0</ele>
				<time>2021-02-24T10:18:47</time>
			</trkpt>
			<trkpt lat="48.81512993015349" lon="3.151239948347211">
				<ele>78.0</ele>
				<time>2021-02-24T10:18:47</time>
			</trkpt>
			<trkpt lat="48.81521995179355" lon="3.151239948347211">
				<ele>78.0</ele>
				<time>2021-02-24T10:18:49</time>
			</trkpt>
			<trkpt lat="48.81525993347168" lon="3.151239948347211">
				<ele>78.0</ele>
				<time>2021-02-24T10:18:49</time>
			</trkpt>
			<trkpt lat="48.815979938954115" lon="3.1511899922043085">
				<ele>81.0</ele>
				<time>2021-02-24T10:19:00</time>
			</trkpt>
			<trkpt lat="48.81596996448934" lon="3.151099970564246">
				<ele>81.0</ele>
				<time>2021-02-24T10:19:00</time>
			</trkpt>
			<trkpt lat="48.81595999002457" lon="3.1509799417108297">
				<ele>81.0</ele>
				<time>2021-02-24T10:19:02</time>
			</trkpt>
			<trkpt lat="48.81592998281121" lon="3.1505699828267097">
				<ele>80.0</ele>
				<time>2021-02-24T10:19:05</time>
			</trkpt>
			<trkpt lat="48.815869968384504" lon="3.1496399268507957">
				<ele>80.0</ele>
				<time>2021-02-24T10:19:14</time>
			</trkpt>
			<trkpt lat="48.815809953957796" lon="3.149019917473197">
				<ele>80.0</ele>
				<time>2021-02-24T10:19:20</time>
			</trkpt>
			<trkpt lat="48.815789921209216" lon="3.148849932476878">
				<ele>81.0</ele>
				<time>2021-02-24T10:19:22</time>
			</trkpt>
			<trkpt lat="48.81572999060154" lon="3.148349951952696">
				<ele>80.0</ele>
				<time>2021-02-24T10:19:27</time>
			</trkpt>
			<trkpt lat="48.815699983388186" lon="3.1480899453163147">
				<ele>80.0</ele>
				<time>2021-02-24T10:19:29</time>
			</trkpt>
			<trkpt lat="48.81559998728335" lon="3.1473899725824594">
				<ele>79.0</ele>
				<time>2021-02-24T10:19:36</time>
			</trkpt>
			<trkpt lat="48.815569980069995" lon="3.1471599731594324">
				<ele>79.0</ele>
				<time>2021-02-24T10:19:38</time>
			</trkpt>
			<trkpt lat="48.815549947321415" lon="3.1469999626278877">
				<ele>78.0</ele>
				<time>2021-02-24T10:19:40</time>
			</trkpt>
			<trkpt lat="48.81557995453477" lon="3.1469599809497595">
				<ele>79.0</ele>
				<time>2021-02-24T10:19:40</time>
			</trkpt>
			<trkpt lat="48.81559998728335" lon="3.1469399482011795">
				<ele>79.0</ele>
				<time>2021-02-24T10:19:40</time>
			</trkpt>
			<trkpt lat="48.8156199362129" lon="3.1468999665230513">
				<ele>79.0</ele>
				<time>2021-02-24T10:19:41</time>
			</trkpt>
			<trkpt lat="48.81563996896148" lon="3.146829977631569">
				<ele>79.0</ele>
				<time>2021-02-24T10:19:42</time>
			</trkpt>
			<trkpt lat="48.815679950639606" lon="3.1467099487781525">
				<ele>80.0</ele>
				<time>2021-02-24T10:19:43</time>
			</trkpt>
			<trkpt lat="48.81568992510438" lon="3.1465699709951878">
				<ele>80.0</ele>
				<time>2021-02-24T10:19:44</time>
			</trkpt>
			<trkpt lat="48.81574993953109" lon="3.145899921655655">
				<ele>81.0</ele>
				<time>2021-02-24T10:19:51</time>
			</trkpt>
			<trkpt lat="48.81592998281121" lon="3.144459994509816">
				<ele>82.0</ele>
				<time>2021-02-24T10:20:04</time>
			</trkpt>
			<trkpt lat="48.815999971702695" lon="3.1440899334847927">
				<ele>83.0</ele>
				<time>2021-02-24T10:20:08</time>
			</trkpt>
			<trkpt lat="48.81607993505895" lon="3.1438699923455715">
				<ele>85.0</ele>
				<time>2021-02-24T10:20:10</time>
			</trkpt>
			<trkpt lat="48.816189989447594" lon="3.1437899451702833">
				<ele>86.0</ele>
				<time>2021-02-24T10:20:12</time>
			</trkpt>
			<trkpt lat="48.81634999997914" lon="3.1437899451702833">
				<ele>87.0</ele>
				<time>2021-02-24T10:20:14</time>
			</trkpt>
			<trkpt lat="48.81675995886326" lon="3.1438299268484116">
				<ele>90.0</ele>
				<time>2021-02-24T10:20:20</time>
			</trkpt>
			<trkpt lat="48.81736999377608" lon="3.1438799668103456">
				<ele>96.0</ele>
				<time>2021-02-24T10:20:29</time>
			</trkpt>
			<trkpt lat="48.81779998540878" lon="3.143929922953248">
				<ele>102.0</ele>
				<time>2021-02-24T10:20:35</time>
			</trkpt>
			<trkpt lat="48.817909955978394" lon="3.143919948488474">
				<ele>102.0</ele>
				<time>2021-02-24T10:20:37</time>
			</trkpt>
			<trkpt lat="48.81802998483181" lon="3.1438599340617657">
				<ele>102.0</ele>
				<time>2021-02-24T10:20:39</time>
			</trkpt>
			<trkpt lat="48.818059992045164" lon="3.1438499595969915">
				<ele>102.0</ele>
				<time>2021-02-24T10:20:39</time>
			</trkpt>
			<trkpt lat="48.81808999925852" lon="3.1438299268484116">
				<ele>102.0</ele>
				<time>2021-02-24T10:20:39</time>
			</trkpt>
			<trkpt lat="48.818409936502576" lon="3.143719956278801">
				<ele>103.0</ele>
				<time>2021-02-24T10:20:44</time>
			</trkpt>
			<trkpt lat="48.81856994703412" lon="3.143709981814027">
				<ele>104.0</ele>
				<time>2021-02-24T10:20:46</time>
			</trkpt>
			<trkpt lat="48.818859960883856" lon="3.143739989027381">
				<ele>107.0</ele>
				<time>2021-02-24T10:20:51</time>
			</trkpt>
			<trkpt lat="48.819139916449785" lon="3.143739989027381">
				<ele>110.0</ele>
				<time>2021-02-24T10:20:55</time>
			</trkpt>
			<trkpt lat="48.81937997415662" lon="3.143709981814027">
				<ele>112.0</ele>
				<time>2021-02-24T10:20:58</time>
			</trkpt>
			<trkpt lat="48.81980996578932" lon="3.1436299346387386">
				<ele>114.0</ele>
				<time>2021-02-24T10:21:04</time>
			</trkpt>
			<trkpt lat="48.820039965212345" lon="3.1435799784958363">
				<ele>116.0</ele>
				<time>2021-02-24T10:21:08</time>
			</trkpt>
			<trkpt lat="48.82002999074757" lon="3.143519964069128">
				<ele>116.0</ele>
				<time>2021-02-24T10:21:08</time>
			</trkpt>
			<trkpt lat="48.81997995078564" lon="3.1431599613279104">
				<ele>116.0</ele>
				<time>2021-02-24T10:21:12</time>
			</trkpt>
			<trkpt lat="48.81995991803706" lon="3.1427899841219187">
				<ele>117.0</ele>
				<time>2021-02-24T10:21:15</time>
			</trkpt>
			<trkpt lat="48.81994994357228" lon="3.1425299774855375">
				<ele>117.0</ele>
				<time>2021-02-24T10:21:18</time>
			</trkpt>
			<trkpt lat="48.81995991803706" lon="3.142409948632121">
				<ele>117.0</ele>
				<time>2021-02-24T10:21:19</time>
			</trkpt>
			<trkpt lat="48.81998992525041" lon="3.1420799531042576">
				<ele>116.0</ele>
				<time>2021-02-24T10:21:22</time>
			</trkpt>
			<trkpt lat="48.820039965212345" lon="3.141759932041168">
				<ele>114.0</ele>
				<time>2021-02-24T10:21:25</time>
			</trkpt>
			<trkpt lat="48.820189917460084" lon="3.1410199776291847">
				<ele>114.0</ele>
				<time>2021-02-24T10:21:32</time>
			</trkpt>
			<trkpt lat="48.82019997574389" lon="3.1409399304538965">
				<ele>114.0</ele>
				<time>2021-02-24T10:21:33</time>
			</trkpt>
			<trkpt lat="48.82024993188679" lon="3.1406999565660954">
				<ele>114.0</ele>
				<time>2021-02-24T10:21:35</time>
			</trkpt>
			<trkpt lat="48.82026996463537" lon="3.140609934926033">
				<ele>114.0</ele>
				<time>2021-02-24T10:21:36</time>
			</trkpt>
			<trkpt lat="48.82042997516692" lon="3.139919936656952">
				<ele>115.0</ele>
				<time>2021-02-24T10:21:43</time>
			</trkpt>
			<trkpt lat="48.82043994963169" lon="3.139799991622567">
				<ele>115.0</ele>
				<time>2021-02-24T10:21:44</time>
			</trkpt>
			<trkpt lat="48.82053994573653" lon="3.139299927279353">
				<ele>115.0</ele>
				<time>2021-02-24T10:21:49</time>
			</trkpt>
			<trkpt lat="48.82058998569846" lon="3.139079986140132">
				<ele>115.0</ele>
				<time>2021-02-24T10:21:51</time>
			</trkpt>
			<trkpt lat="48.82060993462801" lon="3.1389299500733614">
				<ele>115.0</ele>
				<time>2021-02-24T10:21:53</time>
			</trkpt>
			<trkpt lat="48.82062996737659" lon="3.1387499906122684">
				<ele>115.0</ele>
				<time>2021-02-24T10:21:55</time>
			</trkpt>
			<trkpt lat="48.82062996737659" lon="3.1385299656540155">
				<ele>115.0</ele>
				<time>2021-02-24T10:21:57</time>
			</trkpt>
			<trkpt lat="48.820599960163236" lon="3.137499997392297">
				<ele>116.0</ele>
				<time>2021-02-24T10:22:06</time>
			</trkpt>
			<trkpt lat="48.82058998569846" lon="3.1369899585843086">
				<ele>116.0</ele>
				<time>2021-02-24T10:22:11</time>
			</trkpt>
			<trkpt lat="48.82064991630614" lon="3.1369899585843086">
				<ele>116.0</ele>
				<time>2021-02-24T10:22:12</time>
			</trkpt>
			<trkpt lat="48.82080992683768" lon="3.1369799841195345">
				<ele>117.0</ele>
				<time>2021-02-24T10:22:14</time>
			</trkpt>
			<trkpt lat="48.82101997733116" lon="3.1369499769061804">
				<ele>118.0</ele>
				<time>2021-02-24T10:22:17</time>
			</trkpt>
			<trkpt lat="48.82124997675419" lon="3.1368999369442463">
				<ele>119.0</ele>
				<time>2021-02-24T10:22:21</time>
			</trkpt>
			<trkpt lat="48.8213099911809" lon="3.1370199657976627">
				<ele>120.0</ele>
				<time>2021-02-24T10:22:22</time>
			</trkpt>
			<trkpt lat="48.8213599473238" lon="3.137089954689145">
				<ele>120.0</ele>
				<time>2021-02-24T10:22:23</time>
			</trkpt>
			<trkpt lat="48.82140998728573" lon="3.137139994651079">
				<ele>120.0</ele>
				<time>2021-02-24T10:22:24</time>
			</trkpt>
			<trkpt lat="48.821459943428636" lon="3.1371699180454016">
				<ele>121.0</ele>
				<time>2021-02-24T10:22:25</time>
			</trkpt>
			<trkpt lat="48.82150998339057" lon="3.1371799763292074">
				<ele>121.0</ele>
				<time>2021-02-24T10:22:25</time>
			</trkpt>
			<trkpt lat="48.8215499650687" lon="3.1371899507939816">
				<ele>121.0</ele>
				<time>2021-02-24T10:22:26</time>
			</trkpt>
			<trkpt lat="48.821669993922114" lon="3.1371899507939816">
				<ele>122.0</ele>
				<time>2021-02-24T10:22:28</time>
			</trkpt>
			<trkpt lat="48.82272996939719" lon="3.13722993247211">
				<ele>125.0</ele>
				<time>2021-02-24T10:22:43</time>
			</trkpt>
			<trkpt lat="48.82299995049834" lon="3.13722993247211">
				<ele>127.0</ele>
				<time>2021-02-24T10:22:47</time>
			</trkpt>
			<trkpt lat="48.823329946026206" lon="3.1372199580073357">
				<ele>128.0</ele>
				<time>2021-02-24T10:22:51</time>
			</trkpt>
			<trkpt lat="48.824139973148704" lon="3.1372099835425615">
				<ele>130.0</ele>
				<time>2021-02-24T10:23:03</time>
			</trkpt>
			<trkpt lat="48.82435999810696" lon="3.1371999252587557">
				<ele>131.0</ele>
				<time>2021-02-24T10:23:06</time>
			</trkpt>
			<trkpt lat="48.82453995756805" lon="3.1371899507939816">
				<ele>131.0</ele>
				<time>2021-02-24T10:23:09</time>
			</trkpt>
			<trkpt lat="48.82484992034733" lon="3.1371899507939816">
				<ele>131.0</ele>
				<time>2021-02-24T10:23:13</time>
			</trkpt>
			<trkpt lat="48.825129959732294" lon="3.1372099835425615">
				<ele>132.0</ele>
				<time>2021-02-24T10:23:17</time>
			</trkpt>
			<trkpt lat="48.82522995583713" lon="3.13722993247211">
				<ele>132.0</ele>
				<time>2021-02-24T10:23:19</time>
			</trkpt>
			<trkpt lat="48.82533992640674" lon="3.1372499652206898">
				<ele>132.0</ele>
				<time>2021-02-24T10:23:20</time>
			</trkpt>
			<trkpt lat="48.82539994083345" lon="3.1372699979692698">
				<ele>132.0</ele>
				<time>2021-02-24T10:23:21</time>
			</trkpt>
			<trkpt lat="48.82545995526016" lon="3.137289946898818">
				<ele>132.0</ele>
				<time>2021-02-24T10:23:22</time>
			</trkpt>
			<trkpt lat="48.825519969686866" lon="3.1373299285769463">
				<ele>132.0</ele>
				<time>2021-02-24T10:23:23</time>
			</trkpt>
			<trkpt lat="48.825579984113574" lon="3.1373599357903004">
				<ele>132.0</ele>
				<time>2021-02-24T10:23:24</time>
			</trkpt>
			<trkpt lat="48.82572993636131" lon="3.137459931895137">
				<ele>132.0</ele>
				<time>2021-02-24T10:23:26</time>
			</trkpt>
			<trkpt lat="48.8258599396795" lon="3.137529920786619">
				<ele>132.0</ele>
				<time>2021-02-24T10:23:28</time>
			</trkpt>
			<trkpt lat="48.82633997127414" lon="3.1378799490630627">
				<ele>133.0</ele>
				<time>2021-02-24T10:23:36</time>
			</trkpt>
			<trkpt lat="48.82660995237529" lon="3.1380599923431873">
				<ele>131.0</ele>
				<time>2021-02-24T10:23:40</time>
			</trkpt>
			<trkpt lat="48.826809944584966" lon="3.138199970126152">
				<ele>130.0</ele>
				<time>2021-02-24T10:23:43</time>
			</trkpt>
			<trkpt lat="48.82732995785773" lon="3.1385499984025955">
				<ele>134.0</ele>
				<time>2021-02-24T10:23:51</time>
			</trkpt>
			<trkpt lat="48.827429953962564" lon="3.138619987294078">
				<ele>134.0</ele>
				<time>2021-02-24T10:23:53</time>
			</trkpt>
			<trkpt lat="48.82877994328737" lon="3.13956999219954">
				<ele>134.0</ele>
				<time>2021-02-24T10:24:14</time>
			</trkpt>
			<trkpt lat="48.83119996637106" lon="3.141239918768406">
				<ele>133.0</ele>
				<time>2021-02-24T10:24:52</time>
			</trkpt>
			<trkpt lat="48.83205994963646" lon="3.1418399792164564">
				<ele>133.0</ele>
				<time>2021-02-24T10:25:06</time>
			</trkpt>
			<trkpt lat="48.83299998007715" lon="3.1424899958074093">
				<ele>133.0</ele>
				<time>2021-02-24T10:25:20</time>
			</trkpt>
			<trkpt lat="48.83360993117094" lon="3.1428999546915293">
				<ele>132.0</ele>
				<time>2021-02-24T10:25:30</time>
			</trkpt>
			<trkpt lat="48.83377999998629" lon="3.143039932474494">
				<ele>132.0</ele>
				<time>2021-02-24T10:25:33</time>
			</trkpt>
			<trkpt lat="48.83390991948545" lon="3.1431099213659763">
				<ele>133.0</ele>
				<time>2021-02-24T10:25:35</time>
			</trkpt>
			<trkpt lat="48.83392995223403" lon="3.143119979649782">
				<ele>133.0</ele>
				<time>2021-02-24T10:25:35</time>
			</trkpt>
			<trkpt lat="48.83418995887041" lon="3.143309997394681">
				<ele>134.0</ele>
				<time>2021-02-24T10:25:39</time>
			</trkpt>
			<trkpt lat="48.83429992944002" lon="3.1433999352157116">
				<ele>134.0</ele>
				<time>2021-02-24T10:25:41</time>
			</trkpt>
			<trkpt lat="48.83441995829344" lon="3.143529938533902">
				<ele>135.0</ele>
				<time>2021-02-24T10:25:43</time>
			</trkpt>
			<trkpt lat="48.83461995050311" lon="3.143719956278801">
				<ele>134.0</ele>
				<time>2021-02-24T10:25:46</time>
			</trkpt>
			<trkpt lat="48.834779961034656" lon="3.143929922953248">
				<ele>134.0</ele>
				<time>2021-02-24T10:25:49</time>
			</trkpt>
			<trkpt lat="48.835229985415936" lon="3.1444999761879444">
				<ele>134.0</ele>
				<time>2021-02-24T10:25:58</time>
			</trkpt>
			<trkpt lat="48.835659977048635" lon="3.145009931176901">
				<ele>134.0</ele>
				<time>2021-02-24T10:26:05</time>
			</trkpt>
			<trkpt lat="48.8360399287194" lon="3.145459955558181">
				<ele>134.0</ele>
				<time>2021-02-24T10:26:12</time>
			</trkpt>
			<trkpt lat="48.83611997589469" lon="3.1455599516630173">
				<ele>134.0</ele>
				<time>2021-02-24T10:26:14</time>
			</trkpt>
			<trkpt lat="48.836819948628545" lon="3.146419934928417">
				<ele>132.0</ele>
				<time>2021-02-24T10:26:27</time>
			</trkpt>
			<trkpt lat="48.83695992641151" lon="3.146579945459962">
				<ele>132.0</ele>
				<time>2021-02-24T10:26:29</time>
			</trkpt>
			<trkpt lat="48.837119936943054" lon="3.146779937669635">
				<ele>132.0</ele>
				<time>2021-02-24T10:26:32</time>
			</trkpt>
			<trkpt lat="48.83796994574368" lon="3.147749975323677">
				<ele>132.0</ele>
				<time>2021-02-24T10:26:47</time>
			</trkpt>
			<trkpt lat="48.83830999955535" lon="3.1480399891734123">
				<ele>132.0</ele>
				<time>2021-02-24T10:26:53</time>
			</trkpt>
			<trkpt lat="48.838539998978376" lon="3.148199999704957">
				<ele>132.0</ele>
				<time>2021-02-24T10:26:57</time>
			</trkpt>
			<trkpt lat="48.839699970558286" lon="3.1489899940788746">
				<ele>132.0</ele>
				<time>2021-02-24T10:27:15</time>
			</trkpt>
			<trkpt lat="48.84036993607879" lon="3.149469941854477">
				<ele>132.0</ele>
				<time>2021-02-24T10:27:25</time>
			</trkpt>
			<trkpt lat="48.841029927134514" lon="3.149919966235757">
				<ele>132.0</ele>
				<time>2021-02-24T10:27:36</time>
			</trkpt>
			<trkpt lat="48.84138992987573" lon="3.150189947336912">
				<ele>133.0</ele>
				<time>2021-02-24T10:27:41</time>
			</trkpt>
			<trkpt lat="48.841889994218946" lon="3.1504599284380674">
				<ele>133.0</ele>
				<time>2021-02-24T10:27:49</time>
			</trkpt>
			<trkpt lat="48.84206995368004" lon="3.1505499500781298">
				<ele>133.0</ele>
				<time>2021-02-24T10:27:52</time>
			</trkpt>
			<trkpt lat="48.84266993030906" lon="3.150829989463091">
				<ele>132.0</ele>
				<time>2021-02-24T10:28:01</time>
			</trkpt>
			<trkpt lat="48.84270999580622" lon="3.150849938392639">
				<ele>132.0</ele>
				<time>2021-02-24T10:28:01</time>
			</trkpt>
			<trkpt lat="48.842899929732084" lon="3.1509299855679274">
				<ele>132.0</ele>
				<time>2021-02-24T10:28:04</time>
			</trkpt>
			<trkpt lat="48.8430199585855" lon="3.1509599927812815">
				<ele>132.0</ele>
				<time>2021-02-24T10:28:06</time>
			</trkpt>
			<trkpt lat="48.84308994747698" lon="3.1509699672460556">
				<ele>132.0</ele>
				<time>2021-02-24T10:28:07</time>
			</trkpt>
			<trkpt lat="48.84318994358182" lon="3.1509699672460556">
				<ele>133.0</ele>
				<time>2021-02-24T10:28:08</time>
			</trkpt>
			<trkpt lat="48.84331994690001" lon="3.1509799417108297">
				<ele>134.0</ele>
				<time>2021-02-24T10:28:10</time>
			</trkpt>
			<trkpt lat="48.843459924682975" lon="3.1509799417108297">
				<ele>135.0</ele>
				<time>2021-02-24T10:28:12</time>
			</trkpt>
			<trkpt lat="48.84376997128129" lon="3.1509499344974756">
				<ele>135.0</ele>
				<time>2021-02-24T10:28:17</time>
			</trkpt>
			<trkpt lat="48.843909949064255" lon="3.1509499344974756">
				<ele>134.0</ele>
				<time>2021-02-24T10:28:19</time>
			</trkpt>
			<trkpt lat="48.84452995844185" lon="3.1509099528193474">
				<ele>133.0</ele>
				<time>2021-02-24T10:28:27</time>
			</trkpt>
			<trkpt lat="48.84458997286856" lon="3.1508999783545732">
				<ele>133.0</ele>
				<time>2021-02-24T10:28:28</time>
			</trkpt>
			<trkpt lat="48.84482994675636" lon="3.1508899200707674">
				<ele>133.0</ele>
				<time>2021-02-24T10:28:32</time>
			</trkpt>
			<trkpt lat="48.845159942284226" lon="3.1508999783545732">
				<ele>134.0</ele>
				<time>2021-02-24T10:28:36</time>
			</trkpt>
			<trkpt lat="48.84528994560242" lon="3.1509199272841215">
				<ele>135.0</ele>
				<time>2021-02-24T10:28:38</time>
			</trkpt>
			<trkpt lat="48.846509931609035" lon="3.1513799261301756">
				<ele>134.0</ele>
				<time>2021-02-24T10:28:56</time>
			</trkpt>
			<trkpt lat="48.84658997878432" lon="3.1514099333435297">
				<ele>134.0</ele>
				<time>2021-02-24T10:28:57</time>
			</trkpt>
			<trkpt lat="48.84666994214058" lon="3.1514299660921097">
				<ele>134.0</ele>
				<time>2021-02-24T10:28:59</time>
			</trkpt>
			<trkpt lat="48.846769938245416" lon="3.1514299660921097">
				<ele>134.0</ele>
				<time>2021-02-24T10:29:00</time>
			</trkpt>
			<trkpt lat="48.846849985420704" lon="3.1514299660921097">
				<ele>134.0</ele>
				<time>2021-02-24T10:29:01</time>
			</trkpt>
			<trkpt lat="48.84703991934657" lon="3.1514099333435297">
				<ele>134.0</ele>
				<time>2021-02-24T10:29:04</time>
			</trkpt>
			<trkpt lat="48.84765992872417" lon="3.151329969987273">
				<ele>135.0</ele>
				<time>2021-02-24T10:29:13</time>
			</trkpt>
			<trkpt lat="48.84843994863331" lon="3.1511999666690826">
				<ele>134.0</ele>
				<time>2021-02-24T10:29:24</time>
			</trkpt>
			<trkpt lat="48.848569951951504" lon="3.1511799339205027">
				<ele>134.0</ele>
				<time>2021-02-24T10:29:26</time>
			</trkpt>
			<trkpt lat="48.84945994243026" lon="3.151059988886118">
				<ele>135.0</ele>
				<time>2021-02-24T10:29:39</time>
			</trkpt>
			<trkpt lat="48.849499924108386" lon="3.151059988886118">
				<ele>135.0</ele>
				<time>2021-02-24T10:29:39</time>
			</trkpt>
			<trkpt lat="48.849949948489666" lon="3.1509999744594097">
				<ele>136.0</ele>
				<time>2021-02-24T10:29:46</time>
			</trkpt>
			<trkpt lat="48.85018992237747" lon="3.1509599927812815">
				<ele>136.0</ele>
				<time>2021-02-24T10:29:49</time>
			</trkpt>
			<trkpt lat="48.85048999451101" lon="3.1509199272841215">
				<ele>135.0</ele>
				<time>2021-02-24T10:29:53</time>
			</trkpt>
			<trkpt lat="48.85093993507326" lon="3.150849938392639">
				<ele>135.0</ele>
				<time>2021-02-24T10:30:00</time>
			</trkpt>
			<trkpt lat="48.85120999999344" lon="3.150829989463091">
				<ele>136.0</ele>
				<time>2021-02-24T10:30:04</time>
			</trkpt>
			<trkpt lat="48.85139993391931" lon="3.150819931179285">
				<ele>136.0</ele>
				<time>2021-02-24T10:30:07</time>
			</trkpt>
			<trkpt lat="48.8515299372375" lon="3.150819931179285">
				<ele>137.0</ele>
				<time>2021-02-24T10:30:08</time>
			</trkpt>
			<trkpt lat="48.85163999162614" lon="3.150849938392639">
				<ele>137.0</ele>
				<time>2021-02-24T10:30:10</time>
			</trkpt>
			<trkpt lat="48.851749962195754" lon="3.1508799456059933">
				<ele>137.0</ele>
				<time>2021-02-24T10:30:12</time>
			</trkpt>
			<trkpt lat="48.85196998715401" lon="3.1509799417108297">
				<ele>137.0</ele>
				<time>2021-02-24T10:30:15</time>
			</trkpt>
			<trkpt lat="48.85206998325884" lon="3.151049930602312">
				<ele>136.0</ele>
				<time>2021-02-24T10:30:16</time>
			</trkpt>
			<trkpt lat="48.85229998268187" lon="3.1512199994176626">
				<ele>136.0</ele>
				<time>2021-02-24T10:30:20</time>
			</trkpt>
			<trkpt lat="48.85255998931825" lon="3.1514499988406897">
				<ele>136.0</ele>
				<time>2021-02-24T10:30:24</time>
			</trkpt>
			<trkpt lat="48.852979922667146" lon="3.1517899688333273">
				<ele>137.0</ele>
				<time>2021-02-24T10:30:31</time>
			</trkpt>
			<trkpt lat="48.85365994647145" lon="3.1523399893194437">
				<ele>137.0</ele>
				<time>2021-02-24T10:30:42</time>
			</trkpt>
			<trkpt lat="48.85367997922003" lon="3.152349963784218">
				<ele>137.0</ele>
				<time>2021-02-24T10:30:42</time>
			</trkpt>
			<trkpt lat="48.85376991704106" lon="3.15239991992712">
				<ele>136.0</ele>
				<time>2021-02-24T10:30:44</time>
			</trkpt>
			<trkpt lat="48.85388994589448" lon="3.1524499598890543">
				<ele>136.0</ele>
				<time>2021-02-24T10:30:46</time>
			</trkpt>
			<trkpt lat="48.85397996753454" lon="3.1524899415671825">
				<ele>136.0</ele>
				<time>2021-02-24T10:30:47</time>
			</trkpt>
			<trkpt lat="48.8546899985522" lon="3.1526299193501472">
				<ele>139.0</ele>
				<time>2021-02-24T10:30:57</time>
			</trkpt>
			<trkpt lat="48.854799969121814" lon="3.1526499520987272">
				<ele>139.0</ele>
				<time>2021-02-24T10:30:59</time>
			</trkpt>
			<trkpt lat="48.85491999797523" lon="3.1526799593120813">
				<ele>139.0</ele>
				<time>2021-02-24T10:31:01</time>
			</trkpt>
			<trkpt lat="48.85499996133149" lon="3.1526899337768555">
				<ele>138.0</ele>
				<time>2021-02-24T10:31:02</time>
			</trkpt>
			<trkpt lat="48.855809988453984" lon="3.152839969843626">
				<ele>137.0</ele>
				<time>2021-02-24T10:31:13</time>
			</trkpt>
			<trkpt lat="48.85691992007196" lon="3.153029987588525">
				<ele>137.0</ele>
				<time>2021-02-24T10:31:29</time>
			</trkpt>
			<trkpt lat="48.85729995556176" lon="3.1531199254095554">
				<ele>138.0</ele>
				<time>2021-02-24T10:31:35</time>
			</trkpt>
			<trkpt lat="48.857489973306656" lon="3.1531899981200695">
				<ele>138.0</ele>
				<time>2021-02-24T10:31:38</time>
			</trkpt>
			<trkpt lat="48.85761997662485" lon="3.153239954262972">
				<ele>139.0</ele>
				<time>2021-02-24T10:31:40</time>
			</trkpt>
			<trkpt lat="48.85775995440781" lon="3.1533199176192284">
				<ele>139.0</ele>
				<time>2021-02-24T10:31:42</time>
			</trkpt>
			<trkpt lat="48.85779993608594" lon="3.1533499248325825">
				<ele>139.0</ele>
				<time>2021-02-24T10:31:42</time>
			</trkpt>
			<trkpt lat="48.85805994272232" lon="3.1535699497908354">
				<ele>139.0</ele>
				<time>2021-02-24T10:31:47</time>
			</trkpt>
			<trkpt lat="48.85880995541811" lon="3.154399925842881">
				<ele>140.0</ele>
				<time>2021-02-24T10:32:00</time>
			</trkpt>
			<trkpt lat="48.859359975904226" lon="3.155049942433834">
				<ele>138.0</ele>
				<time>2021-02-24T10:32:10</time>
			</trkpt>
			<trkpt lat="48.85959994979203" lon="3.1553199235349894">
				<ele>137.0</ele>
				<time>2021-02-24T10:32:14</time>
			</trkpt>
			<trkpt lat="48.85970992036164" lon="3.15544992685318">
				<ele>137.0</ele>
				<time>2021-02-24T10:32:16</time>
			</trkpt>
			<trkpt lat="48.86001996695995" lon="3.1557799223810434">
				<ele>137.0</ele>
				<time>2021-02-24T10:32:21</time>
			</trkpt>
			<trkpt lat="48.86015994474292" lon="3.1558899767696857">
				<ele>138.0</ele>
				<time>2021-02-24T10:32:24</time>
			</trkpt>
			<trkpt lat="48.860259940847754" lon="3.155959965661168">
				<ele>138.0</ele>
				<time>2021-02-24T10:32:25</time>
			</trkpt>
			<trkpt lat="48.860389944165945" lon="3.1560399290174246">
				<ele>137.0</ele>
				<time>2021-02-24T10:32:27</time>
			</trkpt>
			<trkpt lat="48.86048994027078" lon="3.1560899689793587">
				<ele>137.0</ele>
				<time>2021-02-24T10:32:29</time>
			</trkpt>
			<trkpt lat="48.860539980232716" lon="3.156109917908907">
				<ele>137.0</ele>
				<time>2021-02-24T10:32:30</time>
			</trkpt>
			<trkpt lat="48.860599994659424" lon="3.156139925122261">
				<ele>137.0</ele>
				<time>2021-02-24T10:32:30</time>
			</trkpt>
			<trkpt lat="48.860649950802326" lon="3.156159957870841">
				<ele>137.0</ele>
				<time>2021-02-24T10:32:31</time>
			</trkpt>
			<trkpt lat="48.86157992295921" lon="3.156619956716895">
				<ele>135.0</ele>
				<time>2021-02-24T10:32:45</time>
			</trkpt>
			<trkpt lat="48.8627599272877" lon="3.1571999844163656">
				<ele>138.0</ele>
				<time>2021-02-24T10:33:03</time>
			</trkpt>
			<trkpt lat="48.86316996999085" lon="3.1573999766260386">
				<ele>138.0</ele>
				<time>2021-02-24T10:33:09</time>
			</trkpt>
			<trkpt lat="48.863309947773814" lon="3.157479939982295">
				<ele>139.0</ele>
				<time>2021-02-24T10:33:11</time>
			</trkpt>
			<trkpt lat="48.86340994387865" lon="3.1575599871575832">
				<ele>139.0</ele>
				<time>2021-02-24T10:33:13</time>
			</trkpt>
			<trkpt lat="48.86351999826729" lon="3.157669957727194">
				<ele>139.0</ele>
				<time>2021-02-24T10:33:15</time>
			</trkpt>
			<trkpt lat="48.86361999437213" lon="3.1577699538320303">
				<ele>139.0</ele>
				<time>2021-02-24T10:33:16</time>
			</trkpt>
			<trkpt lat="48.86370993219316" lon="3.157899957150221">
				<ele>139.0</ele>
				<time>2021-02-24T10:33:18</time>
			</trkpt>
			<trkpt lat="48.86398997157812" lon="3.1583099998533726">
				<ele>139.0</ele>
				<time>2021-02-24T10:33:24</time>
			</trkpt>
			<trkpt lat="48.86400992050767" lon="3.1582699343562126">
				<ele>139.0</ele>
				<time>2021-02-24T10:33:24</time>
			</trkpt>
			<trkpt lat="48.864019978791475" lon="3.1582299526780844">
				<ele>138.0</ele>
				<time>2021-02-24T10:33:25</time>
			</trkpt>
			<trkpt lat="48.86402995325625" lon="3.158169938251376">
				<ele>138.0</ele>
				<time>2021-02-24T10:33:25</time>
			</trkpt>
			<trkpt lat="48.864019978791475" lon="3.158109923824668">
				<ele>138.0</ele>
				<time>2021-02-24T10:33:26</time>
			</trkpt>
			<trkpt lat="48.86400992050767" lon="3.157959971576929">
				<ele>138.0</ele>
				<time>2021-02-24T10:33:27</time>
			</trkpt>
			<trkpt lat="48.86364991776645" lon="3.155709933489561">
				<ele>139.0</ele>
				<time>2021-02-24T10:33:49</time>
			</trkpt>
			<trkpt lat="48.86349996551871" lon="3.1547499541193247">
				<ele>138.0</ele>
				<time>2021-02-24T10:33:58</time>
			</trkpt>
			<trkpt lat="48.86340994387865" lon="3.1542399991303682">
				<ele>138.0</ele>
				<time>2021-02-24T10:34:03</time>
			</trkpt>
			<trkpt lat="48.86340994387865" lon="3.1541999336332083">
				<ele>138.0</ele>
				<time>2021-02-24T10:34:04</time>
			</trkpt>
			<trkpt lat="48.86339996941388" lon="3.154169926419854">
				<ele>138.0</ele>
				<time>2021-02-24T10:34:04</time>
			</trkpt>
			<trkpt lat="48.86335998773575" lon="3.1538699381053448">
				<ele>138.0</ele>
				<time>2021-02-24T10:34:07</time>
			</trkpt>
			<trkpt lat="48.86333995498717" lon="3.153469953685999">
				<ele>138.0</ele>
				<time>2021-02-24T10:34:11</time>
			</trkpt>
			<trkpt lat="48.86333995498717" lon="3.1532799359411">
				<ele>138.0</ele>
				<time>2021-02-24T10:34:12</time>
			</trkpt>
			<trkpt lat="48.86336996220052" lon="3.1526299193501472">
				<ele>137.0</ele>
				<time>2021-02-24T10:34:18</time>
			</trkpt>
			<trkpt lat="48.86347993277013" lon="3.1516799982637167">
				<ele>137.0</ele>
				<time>2021-02-24T10:34:28</time>
			</trkpt>
			<trkpt lat="48.86361018754542" lon="3.150467136874795">
				<ele>138.99</ele>
				<time>2021-02-24T10:34:39</time>
			</trkpt>
			<trkpt lat="48.863609936088324" lon="3.1504699867218733">
				<ele>139.0</ele>
				<time>2021-02-24T10:34:39</time>
			</trkpt>
			<trkpt lat="48.86385996825993" lon="3.1480699963867664">
				<ele>139.0</ele>
				<time>2021-02-24T10:35:02</time>
			</trkpt>
			<trkpt lat="48.86397999711335" lon="3.147039944306016">
				<ele>138.0</ele>
				<time>2021-02-24T10:35:12</time>
			</trkpt>
			<trkpt lat="48.86402995325625" lon="3.146599978208542">
				<ele>139.0</ele>
				<time>2021-02-24T10:35:16</time>
			</trkpt>
			<trkpt lat="48.86409994214773" lon="3.1462399754673243">
				<ele>138.0</ele>
				<time>2021-02-24T10:35:20</time>
			</trkpt>
			<trkpt lat="48.864149982109666" lon="3.145979968830943">
				<ele>138.0</ele>
				<time>2021-02-24T10:35:22</time>
			</trkpt>
			<trkpt lat="48.86437998153269" lon="3.145089978352189">
				<ele>139.0</ele>
				<time>2021-02-24T10:35:31</time>
			</trkpt>
			<trkpt lat="48.86458994820714" lon="3.144179955124855">
				<ele>140.0</ele>
				<time>2021-02-24T10:35:40</time>
			</trkpt>
			<trkpt lat="48.864729925990105" lon="3.1435699202120304">
				<ele>139.0</ele>
				<time>2021-02-24T10:35:46</time>
			</trkpt>
			<trkpt lat="48.86475993320346" lon="3.14343991689384">
				<ele>139.0</ele>
				<time>2021-02-24T10:35:48</time>
			</trkpt>
			<trkpt lat="48.86497995816171" lon="3.1425099447369576">
				<ele>140.0</ele>
				<time>2021-02-24T10:35:57</time>
			</trkpt>
			<trkpt lat="48.86559996753931" lon="3.1399299949407578">
				<ele>140.0</ele>
				<time>2021-02-24T10:36:23</time>
			</trkpt>
			<trkpt lat="48.86608997359872" lon="3.1378599163144827">
				<ele>141.0</ele>
				<time>2021-02-24T10:36:43</time>
			</trkpt>
			<trkpt lat="48.8661599624902" lon="3.137539979070425">
				<ele>141.0</ele>
				<time>2021-02-24T10:36:47</time>
			</trkpt>
			<trkpt lat="48.86628996580839" lon="3.136889962479472">
				<ele>141.0</ele>
				<time>2021-02-24T10:36:53</time>
			</trkpt>
			<trkpt lat="48.866379987448454" lon="3.1365499924868345">
				<ele>140.0</ele>
				<time>2021-02-24T10:36:56</time>
			</trkpt>
			<trkpt lat="48.866489958018064" lon="3.1360999681055546">
				<ele>140.0</ele>
				<time>2021-02-24T10:37:01</time>
			</trkpt>
			<trkpt lat="48.86667997576296" lon="3.1354299187660217">
				<ele>138.0</ele>
				<time>2021-02-24T10:37:08</time>
			</trkpt>
			<trkpt lat="48.86695993132889" lon="3.1344699393957853">
				<ele>138.0</ele>
				<time>2021-02-24T10:37:18</time>
			</trkpt>
			<trkpt lat="48.867029920220375" lon="3.134249998256564">
				<ele>139.0</ele>
				<time>2021-02-24T10:37:20</time>
			</trkpt>
			<trkpt lat="48.8673999812454" lon="3.1330099795013666">
				<ele>144.0</ele>
				<time>2021-02-24T10:37:33</time>
			</trkpt>
			<trkpt lat="48.867719918489456" lon="3.131989985704422">
				<ele>144.0</ele>
				<time>2021-02-24T10:37:43</time>
			</trkpt>
			<trkpt lat="48.86789996176958" lon="3.1313699763268232">
				<ele>145.0</ele>
				<time>2021-02-24T10:37:50</time>
			</trkpt>
			<trkpt lat="48.868099953979254" lon="3.1307399924844503">
				<ele>145.0</ele>
				<time>2021-02-24T10:37:56</time>
			</trkpt>
			<trkpt lat="48.86853992007673" lon="3.1292399670928717">
				<ele>145.0</ele>
				<time>2021-02-24T10:38:12</time>
			</trkpt>
			<trkpt lat="48.86870998889208" lon="3.1287199538201094">
				<ele>145.0</ele>
				<time>2021-02-24T10:38:17</time>
			</trkpt>
			<trkpt lat="48.86877997778356" lon="3.1284999288618565">
				<ele>145.0</ele>
				<time>2021-02-24T10:38:19</time>
			</trkpt>
			<trkpt lat="48.86929999105632" lon="3.1266999989748">
				<ele>142.0</ele>
				<time>2021-02-24T10:38:38</time>
			</trkpt>
			<trkpt lat="48.86932999826968" lon="3.1266099773347378">
				<ele>142.0</ele>
				<time>2021-02-24T10:38:39</time>
			</trkpt>
			<trkpt lat="48.869409961625934" lon="3.1262799818068743">
				<ele>141.0</ele>
				<time>2021-02-24T10:38:42</time>
			</trkpt>
			<trkpt lat="48.86946997605264" lon="3.12581998296082">
				<ele>142.0</ele>
				<time>2021-02-24T10:38:47</time>
			</trkpt>
			<trkpt lat="48.869479950517416" lon="3.1252899952232838">
				<ele>145.0</ele>
				<time>2021-02-24T10:38:52</time>
			</trkpt>
			<trkpt lat="48.86948992498219" lon="3.125129984691739">
				<ele>145.0</ele>
				<time>2021-02-24T10:38:53</time>
			</trkpt>
			<trkpt lat="48.869479950517416" lon="3.1247599236667156">
				<ele>145.0</ele>
				<time>2021-02-24T10:38:57</time>
			</trkpt>
			<trkpt lat="48.869479950517416" lon="3.1242999248206615">
				<ele>147.0</ele>
				<time>2021-02-24T10:39:01</time>
			</trkpt>
			<trkpt lat="48.869479950517416" lon="3.1225099693983793">
				<ele>150.0</ele>
				<time>2021-02-24T10:39:18</time>
			</trkpt>
			<trkpt lat="48.869479950517416" lon="3.1220799777656794">
				<ele>150.0</ele>
				<time>2021-02-24T10:39:22</time>
			</trkpt>
			<trkpt lat="48.869499983265996" lon="3.120419941842556">
				<ele>150.0</ele>
				<time>2021-02-24T10:39:37</time>
			</trkpt>
			<trkpt lat="48.86950995773077" lon="3.12001995742321">
				<ele>151.0</ele>
				<time>2021-02-24T10:39:41</time>
			</trkpt>
			<trkpt lat="48.86950995773077" lon="3.1199099868535995">
				<ele>151.0</ele>
				<time>2021-02-24T10:39:42</time>
			</trkpt>
			<trkpt lat="48.86950995773077" lon="3.119819965213537">
				<ele>152.0</ele>
				<time>2021-02-24T10:39:43</time>
			</trkpt>
			<trkpt lat="48.86950995773077" lon="3.1179199554026127">
				<ele>151.0</ele>
				<time>2021-02-24T10:40:01</time>
			</trkpt>
			<trkpt lat="48.86950995773077" lon="3.1171699427068233">
				<ele>150.0</ele>
				<time>2021-02-24T10:40:08</time>
			</trkpt>
			<trkpt lat="48.869519932195544" lon="3.1160799600183964">
				<ele>148.0</ele>
				<time>2021-02-24T10:40:18</time>
			</trkpt>
			<trkpt lat="48.86952999047935" lon="3.1129699386656284">
				<ele>150.0</ele>
				<time>2021-02-24T10:40:48</time>
			</trkpt>
			<trkpt lat="48.869519932195544" lon="3.112719990313053">
				<ele>151.0</ele>
				<time>2021-02-24T10:40:50</time>
			</trkpt>
			<trkpt lat="48.869519932195544" lon="3.111839974299073">
				<ele>150.0</ele>
				<time>2021-02-24T10:40:58</time>
			</trkpt>
			<trkpt lat="48.869519932195544" lon="3.1114199571311474">
				<ele>148.0</ele>
				<time>2021-02-24T10:41:02</time>
			</trkpt>
			<trkpt lat="48.869519932195544" lon="3.111069928854704">
				<ele>148.0</ele>
				<time>2021-02-24T10:41:05</time>
			</trkpt>
			<trkpt lat="48.869519932195544" lon="3.1105699483305216">
				<ele>147.0</ele>
				<time>2021-02-24T10:41:10</time>
			</trkpt>
			<trkpt lat="48.869519932195544" lon="3.110449919477105">
				<ele>147.0</ele>
				<time>2021-02-24T10:41:11</time>
			</trkpt>
			<trkpt lat="48.869519932195544" lon="3.1103999633342028">
				<ele>147.0</ele>
				<time>2021-02-24T10:41:12</time>
			</trkpt>
			<trkpt lat="48.869519932195544" lon="3.109309980645776">
				<ele>147.0</ele>
				<time>2021-02-24T10:41:22</time>
			</trkpt>
			<trkpt lat="48.86952999047935" lon="3.108879989013076">
				<ele>143.0</ele>
				<time>2021-02-24T10:41:26</time>
			</trkpt>
			<trkpt lat="48.86952999047935" lon="3.1088099163025618">
				<ele>143.0</ele>
				<time>2021-02-24T10:41:27</time>
			</trkpt>
			<trkpt lat="48.869519932195544" lon="3.108489979058504">
				<ele>140.0</ele>
				<time>2021-02-24T10:41:30</time>
			</trkpt>
			<trkpt lat="48.86948992498219" lon="3.108229972422123">
				<ele>140.0</ele>
				<time>2021-02-24T10:41:32</time>
			</trkpt>
			<trkpt lat="48.868959937244654" lon="3.1043299566954374">
				<ele>141.0</ele>
				<time>2021-02-24T10:42:10</time>
			</trkpt>
			<trkpt lat="48.86886999942362" lon="3.1035899184644222">
				<ele>141.0</ele>
				<time>2021-02-24T10:42:17</time>
			</trkpt>
			<trkpt lat="48.86885994113982" lon="3.1034499406814575">
				<ele>141.0</ele>
				<time>2021-02-24T10:42:18</time>
			</trkpt>
			<trkpt lat="48.86881995946169" lon="3.101789988577366">
				<ele>146.0</ele>
				<time>2021-02-24T10:42:34</time>
			</trkpt>
			<trkpt lat="48.86877997778356" lon="3.100449973717332">
				<ele>142.0</ele>
				<time>2021-02-24T10:42:46</time>
			</trkpt>
			<trkpt lat="48.868769919499755" lon="3.1001799926161766">
				<ele>142.0</ele>
				<time>2021-02-24T10:42:49</time>
			</trkpt>
			<trkpt lat="48.86870998889208" lon="3.098399927839637">
				<ele>144.0</ele>
				<time>2021-02-24T10:43:06</time>
			</trkpt>
			<trkpt lat="48.868639916181564" lon="3.0955099314451218">
				<ele>145.0</ele>
				<time>2021-02-24T10:43:33</time>
			</trkpt>
			<trkpt lat="48.86860999278724" lon="3.094449955970049">
				<ele>147.0</ele>
				<time>2021-02-24T10:43:43</time>
			</trkpt>
			<trkpt lat="48.868599934503436" lon="3.0943199526518583">
				<ele>147.0</ele>
				<time>2021-02-24T10:43:44</time>
			</trkpt>
			<trkpt lat="48.86856992729008" lon="3.0930899921804667">
				<ele>148.0</ele>
				<time>2021-02-24T10:43:55</time>
			</trkpt>
			<trkpt lat="48.86856992729008" lon="3.092669975012541">
				<ele>147.0</ele>
				<time>2021-02-24T10:43:59</time>
			</trkpt>
			<trkpt lat="48.86856992729008" lon="3.0925699789077044">
				<ele>147.0</ele>
				<time>2021-02-24T10:44:00</time>
			</trkpt>
			<trkpt lat="48.86870998889208" lon="3.091989951208234">
				<ele>148.0</ele>
				<time>2021-02-24T10:44:06</time>
			</trkpt>
			<trkpt lat="48.868769919499755" lon="3.091799933463335">
				<ele>149.0</ele>
				<time>2021-02-24T10:44:08</time>
			</trkpt>
			<trkpt lat="48.86877997778356" lon="3.0917099956423044">
				<ele>149.0</ele>
				<time>2021-02-24T10:44:09</time>
			</trkpt>
			<trkpt lat="48.86879992671311" lon="3.0914599634706974">
				<ele>150.0</ele>
				<time>2021-02-24T10:44:11</time>
			</trkpt>
			<trkpt lat="48.868809984996915" lon="3.091419981792569">
				<ele>150.0</ele>
				<time>2021-02-24T10:44:12</time>
			</trkpt>
			<trkpt lat="48.86883999221027" lon="3.0913199856877327">
				<ele>150.0</ele>
				<time>2021-02-24T10:44:13</time>
			</trkpt>
			<trkpt lat="48.86890998110175" lon="3.091129967942834">
				<ele>149.0</ele>
				<time>2021-02-24T10:44:15</time>
			</trkpt>
			<trkpt lat="48.86950995773077" lon="3.090249951928854">
				<ele>149.0</ele>
				<time>2021-02-24T10:44:27</time>
			</trkpt>
			<trkpt lat="48.871389934793115" lon="3.087419969961047">
				<ele>147.0</ele>
				<time>2021-02-24T10:45:05</time>
			</trkpt>
			<trkpt lat="48.87320998124778" lon="3.084699958562851">
				<ele>148.0</ele>
				<time>2021-02-24T10:45:41</time>
			</trkpt>
			<trkpt lat="48.87410994619131" lon="3.083369918167591">
				<ele>148.0</ele>
				<time>2021-02-24T10:45:59</time>
			</trkpt>
			<trkpt lat="48.87417993508279" lon="3.0832499731332064">
				<ele>148.0</ele>
				<time>2021-02-24T10:46:01</time>
			</trkpt>
			<trkpt lat="48.875769982114434" lon="3.080899938941002">
				<ele>144.0</ele>
				<time>2021-02-24T10:46:32</time>
			</trkpt>
			<trkpt lat="48.87608991935849" lon="3.0804199911653996">
				<ele>144.0</ele>
				<time>2021-02-24T10:46:39</time>
			</trkpt>
			<trkpt lat="48.87653994373977" lon="3.0797699745744467">
				<ele>146.0</ele>
				<time>2021-02-24T10:46:48</time>
			</trkpt>
			<trkpt lat="48.876869939267635" lon="3.0792899429798126">
				<ele>146.0</ele>
				<time>2021-02-24T10:46:54</time>
			</trkpt>
			<trkpt lat="48.87689994648099" lon="3.0792499613016844">
				<ele>146.0</ele>
				<time>2021-02-24T10:46:55</time>
			</trkpt>
			<trkpt lat="48.87713992036879" lon="3.078959947451949">
				<ele>145.0</ele>
				<time>2021-02-24T10:46:59</time>
			</trkpt>
			<trkpt lat="48.87747997418046" lon="3.0785599630326033">
				<ele>143.0</ele>
				<time>2021-02-24T10:47:05</time>
			</trkpt>
			<trkpt lat="48.87767996639013" lon="3.078289981931448">
				<ele>142.0</ele>
				<time>2021-02-24T10:47:09</time>
			</trkpt>
			<trkpt lat="48.877859925851226" lon="3.078029975295067">
				<ele>141.0</ele>
				<time>2021-02-24T10:47:13</time>
			</trkpt>
			<trkpt lat="48.87792999856174" lon="3.0779399536550045">
				<ele>141.0</ele>
				<time>2021-02-24T10:47:14</time>
			</trkpt>
			<trkpt lat="48.87872996740043" lon="3.076779982075095">
				<ele>142.0</ele>
				<time>2021-02-24T10:47:30</time>
			</trkpt>
			<trkpt lat="48.8793099950999" lon="3.0759399477392435">
				<ele>143.0</ele>
				<time>2021-02-24T10:47:41</time>
			</trkpt>
			<trkpt lat="48.8808399438858" lon="3.073689993470907">
				<ele>146.0</ele>
				<time>2021-02-24T10:48:12</time>
			</trkpt>
			<trkpt lat="48.882819917052984" lon="3.0708099715411663">
				<ele>146.0</ele>
				<time>2021-02-24T10:48:51</time>
			</trkpt>
			<trkpt lat="48.88332995586097" lon="3.070079991593957">
				<ele>147.0</ele>
				<time>2021-02-24T10:49:01</time>
			</trkpt>
			<trkpt lat="48.883549980819225" lon="3.06980992667377">
				<ele>147.0</ele>
				<time>2021-02-24T10:49:05</time>
			</trkpt>
			<trkpt lat="48.88359993696213" lon="3.0697699449956417">
				<ele>147.0</ele>
				<time>2021-02-24T10:49:06</time>
			</trkpt>
			<trkpt lat="48.88376992195845" lon="3.069609934464097">
				<ele>148.0</ele>
				<time>2021-02-24T10:49:08</time>
			</trkpt>
			<trkpt lat="48.88428993523121" lon="3.0692799389362335">
				<ele>146.0</ele>
				<time>2021-02-24T10:49:17</time>
			</trkpt>
			<trkpt lat="48.88491991907358" lon="3.0689299944788218">
				<ele>145.0</ele>
				<time>2021-02-24T10:49:26</time>
			</trkpt>
			<trkpt lat="48.88690995052457" lon="3.067819979041815">
				<ele>149.0</ele>
				<time>2021-02-24T10:49:56</time>
			</trkpt>
			<trkpt lat="48.887739926576614" lon="3.067389987409115">
				<ele>151.0</ele>
				<time>2021-02-24T10:50:09</time>
			</trkpt>
			<trkpt lat="48.88907994143665" lon="3.0668199341744184">
				<ele>152.0</ele>
				<time>2021-02-24T10:50:29</time>
			</trkpt>
			<trkpt lat="48.89064995571971" lon="3.066119961440563">
				<ele>153.0</ele>
				<time>2021-02-24T10:50:52</time>
			</trkpt>
			<trkpt lat="48.8916399423033" lon="3.0656899698078632">
				<ele>155.0</ele>
				<time>2021-02-24T10:51:07</time>
			</trkpt>
			<trkpt lat="48.892039926722646" lon="3.065429963171482">
				<ele>155.0</ele>
				<time>2021-02-24T10:51:13</time>
			</trkpt>
			<trkpt lat="48.8922599516809" lon="3.0652599781751633">
				<ele>156.0</ele>
				<time>2021-02-24T10:51:17</time>
			</trkpt>
			<trkpt lat="48.892599921673536" lon="3.064949931576848">
				<ele>158.0</ele>
				<time>2021-02-24T10:51:22</time>
			</trkpt>
			<trkpt lat="48.89271995052695" lon="3.0648099537938833">
				<ele>160.0</ele>
				<time>2021-02-24T10:51:25</time>
			</trkpt>
			<trkpt lat="48.89272992499173" lon="3.0648099537938833">
				<ele>160.0</ele>
				<time>2021-02-24T10:51:25</time>
			</trkpt>
			<trkpt lat="48.893929962068796" lon="3.0635199788957834">
				<ele>160.0</ele>
				<time>2021-02-24T10:51:46</time>
			</trkpt>
			<trkpt lat="48.89400992542505" lon="3.063409924507141">
				<ele>160.0</ele>
				<time>2021-02-24T10:51:47</time>
			</trkpt>
			<trkpt lat="48.89432994648814" lon="3.0630699545145035">
				<ele>160.0</ele>
				<time>2021-02-24T10:51:53</time>
			</trkpt>
			<trkpt lat="48.894379986450076" lon="3.062999965623021">
				<ele>159.0</ele>
				<time>2021-02-24T10:51:54</time>
			</trkpt>
			<trkpt lat="48.89447998255491" lon="3.0628899950534105">
				<ele>158.0</ele>
				<time>2021-02-24T10:51:56</time>
			</trkpt>
			<trkpt lat="48.89466991648078" lon="3.0626499373465776">
				<ele>156.0</ele>
				<time>2021-02-24T10:51:59</time>
			</trkpt>
			<trkpt lat="48.895219936966896" lon="3.062059935182333">
				<ele>157.0</ele>
				<time>2021-02-24T10:52:09</time>
			</trkpt>
			<trkpt lat="48.89530995860696" lon="3.0619299318641424">
				<ele>157.0</ele>
				<time>2021-02-24T10:52:10</time>
			</trkpt>
			<trkpt lat="48.89556996524334" lon="3.0616699252277613">
				<ele>158.0</ele>
				<time>2021-02-24T10:52:15</time>
			</trkpt>
			<trkpt lat="48.89595997519791" lon="3.061189977452159">
				<ele>159.0</ele>
				<time>2021-02-24T10:52:22</time>
			</trkpt>
			<trkpt lat="48.895969949662685" lon="3.061179919168353">
				<ele>159.0</ele>
				<time>2021-02-24T10:52:22</time>
			</trkpt>
			<trkpt lat="48.896049996837974" lon="3.0610799230635166">
				<ele>159.0</ele>
				<time>2021-02-24T10:52:24</time>
			</trkpt>
			<trkpt lat="48.896139934659004" lon="3.060969952493906">
				<ele>159.0</ele>
				<time>2021-02-24T10:52:25</time>
			</trkpt>
			<trkpt lat="48.89677997678518" lon="3.0601699836552143">
				<ele>160.0</ele>
				<time>2021-02-24T10:52:37</time>
			</trkpt>
			<trkpt lat="48.8969499617815" lon="3.059889944270253">
				<ele>161.0</ele>
				<time>2021-02-24T10:52:41</time>
			</trkpt>
			<trkpt lat="48.89711994677782" lon="3.0595599487423897">
				<ele>161.0</ele>
				<time>2021-02-24T10:52:45</time>
			</trkpt>
			<trkpt lat="48.89736997894943" lon="3.0591199826449156">
				<ele>161.0</ele>
				<time>2021-02-24T10:52:50</time>
			</trkpt>
			<trkpt lat="48.897579945623875" lon="3.058769954368472">
				<ele>161.0</ele>
				<time>2021-02-24T10:52:55</time>
			</trkpt>
			<trkpt lat="48.89816994778812" lon="3.058099988847971">
				<ele>162.0</ele>
				<time>2021-02-24T10:53:05</time>
			</trkpt>
			<trkpt lat="48.89819995500147" lon="3.058059923350811">
				<ele>162.0</ele>
				<time>2021-02-24T10:53:06</time>
			</trkpt>
			<trkpt lat="48.898459961637855" lon="3.0577099788933992">
				<ele>163.0</ele>
				<time>2021-02-24T10:53:11</time>
			</trkpt>
			<trkpt lat="48.89865995384753" lon="3.057459946721792">
				<ele>164.0</ele>
				<time>2021-02-24T10:53:14</time>
			</trkpt>
			<trkpt lat="48.898779982700944" lon="3.0572999361902475">
				<ele>164.0</ele>
				<time>2021-02-24T10:53:17</time>
			</trkpt>
			<trkpt lat="48.89939999207854" lon="3.0564099457114935">
				<ele>164.0</ele>
				<time>2021-02-24T10:53:29</time>
			</trkpt>
			<trkpt lat="48.89958992600441" lon="3.0561199318617582">
				<ele>165.0</ele>
				<time>2021-02-24T10:53:33</time>
			</trkpt>
			<trkpt lat="48.899749936535954" lon="3.055889932438731">
				<ele>165.0</ele>
				<time>2021-02-24T10:53:36</time>
			</trkpt>
			<trkpt lat="48.899879939854145" lon="3.055659933015704">
				<ele>165.0</ele>
				<time>2021-02-24T10:53:39</time>
			</trkpt>
			<trkpt lat="48.900009943172336" lon="3.0553199630230665">
				<ele>164.0</ele>
				<time>2021-02-24T10:53:42</time>
			</trkpt>
			<trkpt lat="48.900179928168654" lon="3.0548899713903666">
				<ele>163.0</ele>
				<time>2021-02-24T10:53:47</time>
			</trkpt>
			<trkpt lat="48.90018998645246" lon="3.0548499897122383">
				<ele>163.0</ele>
				<time>2021-02-24T10:53:48</time>
			</trkpt>
			<trkpt lat="48.90044999308884" lon="3.0540399625897408">
				<ele>161.0</ele>
				<time>2021-02-24T10:53:56</time>
			</trkpt>
			<trkpt lat="48.9007699303329" lon="3.0530799832195044">
				<ele>160.0</ele>
				<time>2021-02-24T10:54:06</time>
			</trkpt>
			<trkpt lat="48.90079993754625" lon="3.052949979901314">
				<ele>160.0</ele>
				<time>2021-02-24T10:54:07</time>
			</trkpt>
			<trkpt lat="48.90082994475961" lon="3.0528499837964773">
				<ele>160.0</ele>
				<time>2021-02-24T10:54:08</time>
			</trkpt>
			<trkpt lat="48.90096992254257" lon="3.0524199921637774">
				<ele>160.0</ele>
				<time>2021-02-24T10:54:13</time>
			</trkpt>
			<trkpt lat="48.901189947500825" lon="3.0517399683594704">
				<ele>159.0</ele>
				<time>2021-02-24T10:54:20</time>
			</trkpt>
			<trkpt lat="48.901379965245724" lon="3.05117997340858">
				<ele>160.0</ele>
				<time>2021-02-24T10:54:26</time>
			</trkpt>
			<trkpt lat="48.90147996135056" lon="3.050929941236973">
				<ele>161.0</ele>
				<time>2021-02-24T10:54:29</time>
			</trkpt>
			<trkpt lat="48.90154995024204" lon="3.05074998177588">
				<ele>162.0</ele>
				<time>2021-02-24T10:54:31</time>
			</trkpt>
			<trkpt lat="48.90169998630881" lon="3.0503899790346622">
				<ele>163.0</ele>
				<time>2021-02-24T10:54:35</time>
			</trkpt>
			<trkpt lat="48.90240993350744" lon="3.0488899536430836">
				<ele>165.0</ele>
				<time>2021-02-24T10:54:52</time>
			</trkpt>
			<trkpt lat="48.90169998630881" lon="3.047239976003766">
				<ele>164.0</ele>
				<time>2021-02-24T10:55:11</time>
			</trkpt>
			<trkpt lat="48.90155992470682" lon="3.0469099804759026">
				<ele>165.0</ele>
				<time>2021-02-24T10:55:14</time>
			</trkpt>
			<trkpt lat="48.90025997534394" lon="3.0438499990850687">
				<ele>158.0</ele>
				<time>2021-02-24T10:55:49</time>
			</trkpt>
			<trkpt lat="48.900219993665814" lon="3.0437499191612005">
				<ele>158.0</ele>
				<time>2021-02-24T10:55:50</time>
			</trkpt>
			<trkpt lat="48.900179928168654" lon="3.043649923056364">
				<ele>158.0</ele>
				<time>2021-02-24T10:55:51</time>
			</trkpt>
			<trkpt lat="48.90005998313427" lon="3.04318992421031">
				<ele>157.0</ele>
				<time>2021-02-24T10:55:55</time>
			</trkpt>
			<trkpt lat="48.900009943172336" lon="3.0429099686443806">
				<ele>157.0</ele>
				<time>2021-02-24T10:55:58</time>
			</trkpt>
			<trkpt lat="48.89998999424279" lon="3.04277996532619">
				<ele>157.0</ele>
				<time>2021-02-24T10:55:59</time>
			</trkpt>
			<trkpt lat="48.899899972602725" lon="3.04232994094491">
				<ele>158.0</ele>
				<time>2021-02-24T10:56:04</time>
			</trkpt>
			<trkpt lat="48.89979997649789" lon="3.0418299604207277">
				<ele>158.0</ele>
				<time>2021-02-24T10:56:09</time>
			</trkpt>
			<trkpt lat="48.89952999539673" lon="3.0406499560922384">
				<ele>159.0</ele>
				<time>2021-02-24T10:56:20</time>
			</trkpt>
			<trkpt lat="48.89950996264815" lon="3.04058994166553">
				<ele>159.0</ele>
				<time>2021-02-24T10:56:21</time>
			</trkpt>
			<trkpt lat="48.89949998818338" lon="3.040539985522628">
				<ele>159.0</ele>
				<time>2021-02-24T10:56:22</time>
			</trkpt>
			<trkpt lat="48.89939999207854" lon="3.040109993889928">
				<ele>161.0</ele>
				<time>2021-02-24T10:56:26</time>
			</trkpt>
			<trkpt lat="48.899169992655516" lon="3.039249926805496">
				<ele>163.0</ele>
				<time>2021-02-24T10:56:35</time>
			</trkpt>
			<trkpt lat="48.899209974333644" lon="3.039039960131049">
				<ele>163.0</ele>
				<time>2021-02-24T10:56:37</time>
			</trkpt>
			<trkpt lat="48.89922992326319" lon="3.0389399640262127">
				<ele>163.0</ele>
				<time>2021-02-24T10:56:38</time>
			</trkpt>
			<trkpt lat="48.899279963225126" lon="3.038759920746088">
				<ele>163.0</ele>
				<time>2021-02-24T10:56:39</time>
			</trkpt>
			<trkpt lat="48.89932991936803" lon="3.038559928536415">
				<ele>163.0</ele>
				<time>2021-02-24T10:56:42</time>
			</trkpt>
			<trkpt lat="48.89941994100809" lon="3.0382099840790033">
				<ele>164.0</ele>
				<time>2021-02-24T10:56:45</time>
			</trkpt>
			<trkpt lat="48.89952999539673" lon="3.0377899669110775">
				<ele>164.0</ele>
				<time>2021-02-24T10:56:49</time>
			</trkpt>
			<trkpt lat="48.89960995875299" lon="3.037489978596568">
				<ele>164.0</ele>
				<time>2021-02-24T10:56:52</time>
			</trkpt>
			<trkpt lat="48.90003995038569" lon="3.035879982635379">
				<ele>163.0</ele>
				<time>2021-02-24T10:57:09</time>
			</trkpt>
			<trkpt lat="48.900069957599044" lon="3.0357699282467365">
				<ele>163.0</ele>
				<time>2021-02-24T10:57:10</time>
			</trkpt>
			<trkpt lat="48.9000999648124" lon="3.035719972103834">
				<ele>163.0</ele>
				<time>2021-02-24T10:57:10</time>
			</trkpt>
			<trkpt lat="48.90011999756098" lon="3.035679990425706">
				<ele>163.0</ele>
				<time>2021-02-24T10:57:11</time>
			</trkpt>
			<trkpt lat="48.9001499209553" lon="3.035649983212352">
				<ele>163.0</ele>
				<time>2021-02-24T10:57:11</time>
			</trkpt>
			<trkpt lat="48.90018998645246" lon="3.0356199759989977">
				<ele>163.0</ele>
				<time>2021-02-24T10:57:12</time>
			</trkpt>
			<trkpt lat="48.90022996813059" lon="3.035609917715192">
				<ele>163.0</ele>
				<time>2021-02-24T10:57:13</time>
			</trkpt>
			<trkpt lat="48.90026994980872" lon="3.035609917715192">
				<ele>163.0</ele>
				<time>2021-02-24T10:57:13</time>
			</trkpt>
			<trkpt lat="48.90035997144878" lon="3.035609917715192">
				<ele>163.0</ele>
				<time>2021-02-24T10:57:14</time>
			</trkpt>
			<trkpt lat="48.90044999308884" lon="3.0355799943208694">
				<ele>163.0</ele>
				<time>2021-02-24T10:57:16</time>
			</trkpt>
			<trkpt lat="48.900499949231744" lon="3.0355699360370636">
				<ele>163.0</ele>
				<time>2021-02-24T10:57:17</time>
			</trkpt>
			<trkpt lat="48.90054998919368" lon="3.0355399288237095">
				<ele>163.0</ele>
				<time>2021-02-24T10:57:17</time>
			</trkpt>
			<trkpt lat="48.90059994533658" lon="3.0355099216103554">
				<ele>164.0</ele>
				<time>2021-02-24T10:57:18</time>
			</trkpt>
			<trkpt lat="48.900649985298514" lon="3.035469939932227">
				<ele>164.0</ele>
				<time>2021-02-24T10:57:19</time>
			</trkpt>
			<trkpt lat="48.900739923119545" lon="3.0353599693626165">
				<ele>164.0</ele>
				<time>2021-02-24T10:57:21</time>
			</trkpt>
			<trkpt lat="48.90083991922438" lon="3.0352399405092">
				<ele>164.0</ele>
				<time>2021-02-24T10:57:22</time>
			</trkpt>
			<trkpt lat="48.90093999914825" lon="3.0351099371910095">
				<ele>163.0</ele>
				<time>2021-02-24T10:57:24</time>
			</trkpt>
			<trkpt lat="48.901039995253086" lon="3.034969959408045">
				<ele>163.0</ele>
				<time>2021-02-24T10:57:26</time>
			</trkpt>
			<trkpt lat="48.9011999219656" lon="3.034749934449792">
				<ele>163.0</ele>
				<time>2021-02-24T10:57:29</time>
			</trkpt>
			<trkpt lat="48.90145992860198" lon="3.0343899317085743">
				<ele>163.0</ele>
				<time>2021-02-24T10:57:34</time>
			</trkpt>
			<trkpt lat="48.90167995356023" lon="3.034089943394065">
				<ele>164.0</ele>
				<time>2021-02-24T10:57:38</time>
			</trkpt>
			<trkpt lat="48.90201992355287" lon="3.033629944548011">
				<ele>164.0</ele>
				<time>2021-02-24T10:57:45</time>
			</trkpt>
			<trkpt lat="48.90253993682563" lon="3.0329099390655756">
				<ele>165.0</ele>
				<time>2021-02-24T10:57:55</time>
			</trkpt>
			<trkpt lat="48.90282995067537" lon="3.0325099546462297">
				<ele>166.0</ele>
				<time>2021-02-24T10:58:01</time>
			</trkpt>
			<trkpt lat="48.90306992456317" lon="3.032169984653592">
				<ele>167.0</ele>
				<time>2021-02-24T10:58:05</time>
			</trkpt>
			<trkpt lat="48.90330998227" lon="3.0318499635905027">
				<ele>166.0</ele>
				<time>2021-02-24T10:58:10</time>
			</trkpt>
			<trkpt lat="48.90342992730439" lon="3.031679978594184">
				<ele>166.0</ele>
				<time>2021-02-24T10:58:12</time>
			</trkpt>
			<trkpt lat="48.903489941731095" lon="3.0315999314188957">
				<ele>166.0</ele>
				<time>2021-02-24T10:58:13</time>
			</trkpt>
			<trkpt lat="48.90360997058451" lon="3.0314199719578028">
				<ele>165.0</ele>
				<time>2021-02-24T10:58:16</time>
			</trkpt>
			<trkpt lat="48.903769981116056" lon="3.0311499908566475">
				<ele>165.0</ele>
				<time>2021-02-24T10:58:19</time>
			</trkpt>
			<trkpt lat="48.903919933363795" lon="3.0308899842202663">
				<ele>166.0</ele>
				<time>2021-02-24T10:58:22</time>
			</trkpt>
			<trkpt lat="48.90403996221721" lon="3.0306799337267876">
				<ele>167.0</ele>
				<time>2021-02-24T10:58:25</time>
			</trkpt>
			<trkpt lat="48.90439996495843" lon="3.029969986528158">
				<ele>168.0</ele>
				<time>2021-02-24T10:58:33</time>
			</trkpt>
			<trkpt lat="48.904969934374094" lon="3.028829963877797">
				<ele>169.0</ele>
				<time>2021-02-24T10:58:47</time>
			</trkpt>
			<trkpt lat="48.90527998097241" lon="3.0281799472868443">
				<ele>169.0</ele>
				<time>2021-02-24T10:58:55</time>
			</trkpt>
			<trkpt lat="48.90581994317472" lon="3.0271099973469973">
				<ele>169.0</ele>
				<time>2021-02-24T10:59:07</time>
			</trkpt>
			<trkpt lat="48.90641991980374" lon="3.025899985805154">
				<ele>165.0</ele>
				<time>2021-02-24T10:59:21</time>
			</trkpt>
			<trkpt lat="48.906989973038435" lon="3.0247499886900187">
				<ele>163.0</ele>
				<time>2021-02-24T10:59:35</time>
			</trkpt>
			<trkpt lat="48.90723992139101" lon="3.024309938773513">
				<ele>163.0</ele>
				<time>2021-02-24T10:59:40</time>
			</trkpt>
			<trkpt lat="48.90735995024443" lon="3.024099972099066">
				<ele>163.0</ele>
				<time>2021-02-24T10:59:43</time>
			</trkpt>
			<trkpt lat="48.90748995356262" lon="3.023889921605587">
				<ele>162.0</ele>
				<time>2021-02-24T10:59:46</time>
			</trkpt>
			<trkpt lat="48.90761995688081" lon="3.023689929395914">
				<ele>161.0</ele>
				<time>2021-02-24T10:59:48</time>
			</trkpt>
			<trkpt lat="48.90780997462571" lon="3.0233899410814047">
				<ele>161.0</ele>
				<time>2021-02-24T10:59:52</time>
			</trkpt>
			<trkpt lat="48.9079399779439" lon="3.023199923336506">
				<ele>161.0</ele>
				<time>2021-02-24T10:59:55</time>
			</trkpt>
			<trkpt lat="48.90806998126209" lon="3.022999931126833">
				<ele>162.0</ele>
				<time>2021-02-24T10:59:58</time>
			</trkpt>
			<trkpt lat="48.90820995904505" lon="3.02281997166574">
				<ele>163.0</ele>
				<time>2021-02-24T11:00:00</time>
			</trkpt>
			<trkpt lat="48.90834993682802" lon="3.0226399283856153">
				<ele>163.0</ele>
				<time>2021-02-24T11:00:03</time>
			</trkpt>
			<trkpt lat="48.908489998430014" lon="3.0224699433892965">
				<ele>163.0</ele>
				<time>2021-02-24T11:00:05</time>
			</trkpt>
			<trkpt lat="48.90863995067775" lon="3.0223199911415577">
				<ele>163.0</ele>
				<time>2021-02-24T11:00:08</time>
			</trkpt>
			<trkpt lat="48.90886995010078" lon="3.022099966183305">
				<ele>163.0</ele>
				<time>2021-02-24T11:00:12</time>
			</trkpt>
			<trkpt lat="48.909029960632324" lon="3.0219499301165342">
				<ele>164.0</ele>
				<time>2021-02-24T11:00:14</time>
			</trkpt>
			<trkpt lat="48.90918997116387" lon="3.0218099523335695">
				<ele>164.0</ele>
				<time>2021-02-24T11:00:17</time>
			</trkpt>
			<trkpt lat="48.90933992341161" lon="3.021659916266799">
				<ele>165.0</ele>
				<time>2021-02-24T11:00:20</time>
			</trkpt>
			<trkpt lat="48.90957998111844" lon="3.021439975127578">
				<ele>165.0</ele>
				<time>2021-02-24T11:00:24</time>
			</trkpt>
			<trkpt lat="48.909849962219596" lon="3.0211899429559708">
				<ele>167.0</ele>
				<time>2021-02-24T11:00:28</time>
			</trkpt>
			<trkpt lat="48.910019947215915" lon="3.021039990708232">
				<ele>168.0</ele>
				<time>2021-02-24T11:00:31</time>
			</trkpt>
			<trkpt lat="48.91022999770939" lon="3.020819965749979">
				<ele>169.0</ele>
				<time>2021-02-24T11:00:35</time>
			</trkpt>
			<trkpt lat="48.910429989919066" lon="3.020589966326952">
				<ele>169.0</ele>
				<time>2021-02-24T11:00:38</time>
			</trkpt>
			<trkpt lat="48.91061992384493" lon="3.020339934155345">
				<ele>168.0</ele>
				<time>2021-02-24T11:00:42</time>
			</trkpt>
			<trkpt lat="48.91079996712506" lon="3.0200699530541897">
				<ele>169.0</ele>
				<time>2021-02-24T11:00:45</time>
			</trkpt>
			<trkpt lat="48.91097992658615" lon="3.0198099464178085">
				<ele>170.0</ele>
				<time>2021-02-24T11:00:49</time>
			</trkpt>
			<trkpt lat="48.91131998039782" lon="3.019269984215498">
				<ele>172.0</ele>
				<time>2021-02-24T11:00:56</time>
			</trkpt>
			<trkpt lat="48.91161996871233" lon="3.018819959834218">
				<ele>172.0</ele>
				<time>2021-02-24T11:01:02</time>
			</trkpt>
			<trkpt lat="48.91178995370865" lon="3.0185499787330627">
				<ele>171.0</ele>
				<time>2021-02-24T11:01:06</time>
			</trkpt>
			<trkpt lat="48.91228993423283" lon="3.0178099405020475">
				<ele>174.0</ele>
				<time>2021-02-24T11:01:16</time>
			</trkpt>
			<trkpt lat="48.912469977512956" lon="3.0175399594008923">
				<ele>174.0</ele>
				<time>2021-02-24T11:01:19</time>
			</trkpt>
			<trkpt lat="48.91284992918372" lon="3.017009971663356">
				<ele>174.0</ele>
				<time>2021-02-24T11:01:27</time>
			</trkpt>
			<trkpt lat="48.913049921393394" lon="3.0167399905622005">
				<ele>175.0</ele>
				<time>2021-02-24T11:01:30</time>
			</trkpt>
			<trkpt lat="48.913299953565" lon="3.016369929537177">
				<ele>174.0</ele>
				<time>2021-02-24T11:01:35</time>
			</trkpt>
			<trkpt lat="48.91335996799171" lon="3.0162999406456947">
				<ele>174.0</ele>
				<time>2021-02-24T11:01:36</time>
			</trkpt>
			<trkpt lat="48.91342995688319" lon="3.01617999561131">
				<ele>174.0</ele>
				<time>2021-02-24T11:01:38</time>
			</trkpt>
			<trkpt lat="48.91361997462809" lon="3.015899956226349">
				<ele>173.0</ele>
				<time>2021-02-24T11:01:42</time>
			</trkpt>
			<trkpt lat="48.914779946208" lon="3.014129949733615">
				<ele>174.0</ele>
				<time>2021-02-24T11:02:05</time>
			</trkpt>
			<trkpt lat="48.915089992806315" lon="3.013669950887561">
				<ele>175.0</ele>
				<time>2021-02-24T11:02:11</time>
			</trkpt>
			<trkpt lat="48.91546994447708" lon="3.0131399631500244">
				<ele>177.0</ele>
				<time>2021-02-24T11:02:19</time>
			</trkpt>
			<trkpt lat="48.91570991836488" lon="3.012839974835515">
				<ele>177.0</ele>
				<time>2021-02-24T11:02:23</time>
			</trkpt>
			<trkpt lat="48.915799940004945" lon="3.0127399787306786">
				<ele>177.0</ele>
				<time>2021-02-24T11:02:25</time>
			</trkpt>
			<trkpt lat="48.91587998718023" lon="3.0126799643039703">
				<ele>177.0</ele>
				<time>2021-02-24T11:02:26</time>
			</trkpt>
			<trkpt lat="48.916259938851" lon="3.012349968776107">
				<ele>175.0</ele>
				<time>2021-02-24T11:02:32</time>
			</trkpt>
			<trkpt lat="48.916659923270345" lon="3.0120199732482433">
				<ele>175.0</ele>
				<time>2021-02-24T11:02:39</time>
			</trkpt>
			<trkpt lat="48.917689975351095" lon="3.0111399572342634">
				<ele>173.0</ele>
				<time>2021-02-24T11:02:56</time>
			</trkpt>
			<trkpt lat="48.91786993481219" lon="3.0109699722379446">
				<ele>172.0</ele>
				<time>2021-02-24T11:02:59</time>
			</trkpt>
			<trkpt lat="48.91819993034005" lon="3.010599995031953">
				<ele>172.0</ele>
				<time>2021-02-24T11:03:05</time>
			</trkpt>
			<trkpt lat="48.91863998025656" lon="3.010149970650673">
				<ele>173.0</ele>
				<time>2021-02-24T11:03:12</time>
			</trkpt>
			<trkpt lat="48.918789932504296" lon="3.009979985654354">
				<ele>174.0</ele>
				<time>2021-02-24T11:03:15</time>
			</trkpt>
			<trkpt lat="48.91905999742448" lon="3.009699946269393">
				<ele>173.0</ele>
				<time>2021-02-24T11:03:20</time>
			</trkpt>
			<trkpt lat="48.91944992356002" lon="3.009269954636693">
				<ele>174.0</ele>
				<time>2021-02-24T11:03:26</time>
			</trkpt>
			<trkpt lat="48.91981998458505" lon="3.008859995752573">
				<ele>175.0</ele>
				<time>2021-02-24T11:03:33</time>
			</trkpt>
			<trkpt lat="48.92010999843478" lon="3.0085099674761295">
				<ele>175.0</ele>
				<time>2021-02-24T11:03:38</time>
			</trkpt>
			<trkpt lat="48.92040998674929" lon="3.008129931986332">
				<ele>172.0</ele>
				<time>2021-02-24T11:03:44</time>
			</trkpt>
			<trkpt lat="48.92078993842006" lon="3.0075999442487955">
				<ele>172.0</ele>
				<time>2021-02-24T11:03:51</time>
			</trkpt>
			<trkpt lat="48.9215699583292" lon="3.006549943238497">
				<ele>172.0</ele>
				<time>2021-02-24T11:04:06</time>
			</trkpt>
			<trkpt lat="48.92193993553519" lon="3.0060299299657345">
				<ele>170.0</ele>
				<time>2021-02-24T11:04:13</time>
			</trkpt>
			<trkpt lat="48.92211997881532" lon="3.0057999305427074">
				<ele>170.0</ele>
				<time>2021-02-24T11:04:17</time>
			</trkpt>
			<trkpt lat="48.92233991995454" lon="3.005529949441552">
				<ele>169.0</ele>
				<time>2021-02-24T11:04:21</time>
			</trkpt>
			<trkpt lat="48.92274996265769" lon="3.005119990557432">
				<ele>168.0</ele>
				<time>2021-02-24T11:04:28</time>
			</trkpt>
			<trkpt lat="48.92287996597588" lon="3.0049999617040157">
				<ele>168.0</ele>
				<time>2021-02-24T11:04:30</time>
			</trkpt>
			<trkpt lat="48.923059925436974" lon="3.004829976707697">
				<ele>167.0</ele>
				<time>2021-02-24T11:04:33</time>
			</trkpt>
			<trkpt lat="48.92313997261226" lon="3.0047499295324087">
				<ele>166.0</ele>
				<time>2021-02-24T11:04:34</time>
			</trkpt>
			<trkpt lat="48.923209961503744" lon="3.004689998924732">
				<ele>166.0</ele>
				<time>2021-02-24T11:04:35</time>
			</trkpt>
			<trkpt lat="48.92325991764665" lon="3.004639958962798">
				<ele>166.0</ele>
				<time>2021-02-24T11:04:36</time>
			</trkpt>
			<trkpt lat="48.92329998314381" lon="3.00459997728467">
				<ele>166.0</ele>
				<time>2021-02-24T11:04:37</time>
			</trkpt>
			<trkpt lat="48.923469968140125" lon="3.0044499412178993">
				<ele>166.0</ele>
				<time>2021-02-24T11:04:40</time>
			</trkpt>
			<trkpt lat="48.923619920387864" lon="3.0043099634349346">
				<ele>166.0</ele>
				<time>2021-02-24T11:04:42</time>
			</trkpt>
			<trkpt lat="48.92405997030437" lon="3.003889946267009">
				<ele>167.0</ele>
				<time>2021-02-24T11:04:50</time>
			</trkpt>
			<trkpt lat="48.924349984154105" lon="3.0035599507391453">
				<ele>169.0</ele>
				<time>2021-02-24T11:04:55</time>
			</trkpt>
			<trkpt lat="48.9245299436152" lon="3.003349984064698">
				<ele>168.0</ele>
				<time>2021-02-24T11:04:58</time>
			</trkpt>
			<trkpt lat="48.92467997968197" lon="3.0031399335712194">
				<ele>167.0</ele>
				<time>2021-02-24T11:05:01</time>
			</trkpt>
			<trkpt lat="48.92479992471635" lon="3.0029699485749006">
				<ele>167.0</ele>
				<time>2021-02-24T11:05:03</time>
			</trkpt>
			<trkpt lat="48.925209967419505" lon="3.0023199319839478">
				<ele>166.0</ele>
				<time>2021-02-24T11:05:12</time>
			</trkpt>
			<trkpt lat="48.92551993019879" lon="3.0018599331378937">
				<ele>167.0</ele>
				<time>2021-02-24T11:05:18</time>
			</trkpt>
			<trkpt lat="48.925619926303625" lon="3.001719955354929">
				<ele>167.0</ele>
				<time>2021-02-24T11:05:20</time>
			</trkpt>
			<trkpt lat="48.92579996958375" lon="3.001499930396676">
				<ele>167.0</ele>
				<time>2021-02-24T11:05:23</time>
			</trkpt>
			<trkpt lat="48.925899965688586" lon="3.0013899598270655">
				<ele>167.0</ele>
				<time>2021-02-24T11:05:25</time>
			</trkpt>
			<trkpt lat="48.92685994505882" lon="3.0002999771386385">
				<ele>168.0</ele>
				<time>2021-02-24T11:05:42</time>
			</trkpt>
			<trkpt lat="48.92704996280372" lon="3.0000999849289656">
				<ele>167.0</ele>
				<time>2021-02-24T11:05:45</time>
			</trkpt>
			<trkpt lat="48.92774993553758" lon="2.999309990555048">
				<ele>169.0</ele>
				<time>2021-02-24T11:05:58</time>
			</trkpt>
			<trkpt lat="48.927999967709184" lon="2.9989799950271845">
				<ele>168.0</ele>
				<time>2021-02-24T11:06:03</time>
			</trkpt>
			<trkpt lat="48.92847999930382" lon="2.9984499234706163">
				<ele>168.0</ele>
				<time>2021-02-24T11:06:11</time>
			</trkpt>
			<trkpt lat="48.92893999814987" lon="2.9979299940168858">
				<ele>167.0</ele>
				<time>2021-02-24T11:06:19</time>
			</trkpt>
			<trkpt lat="48.92906991764903" lon="2.997769983485341">
				<ele>167.0</ele>
				<time>2021-02-24T11:06:22</time>
			</trkpt>
			<trkpt lat="48.92968992702663" lon="2.997089959681034">
				<ele>166.0</ele>
				<time>2021-02-24T11:06:33</time>
			</trkpt>
			<trkpt lat="48.92976997420192" lon="2.9969799891114235">
				<ele>166.0</ele>
				<time>2021-02-24T11:06:34</time>
			</trkpt>
			<trkpt lat="48.9298399630934" lon="2.996889967471361">
				<ele>166.0</ele>
				<time>2021-02-24T11:06:35</time>
			</trkpt>
			<trkpt lat="48.93030993640423" lon="2.996379928663373">
				<ele>166.0</ele>
				<time>2021-02-24T11:06:44</time>
			</trkpt>
			<trkpt lat="48.93046994693577" lon="2.996169961988926">
				<ele>166.0</ele>
				<time>2021-02-24T11:06:47</time>
			</trkpt>
			<trkpt lat="48.930749986320734" lon="2.9958699736744165">
				<ele>166.0</ele>
				<time>2021-02-24T11:06:52</time>
			</trkpt>
			<trkpt lat="48.93104997463524" lon="2.995549952611327">
				<ele>165.0</ele>
				<time>2021-02-24T11:06:57</time>
			</trkpt>
			<trkpt lat="48.931229934096336" lon="2.995309978723526">
				<ele>165.0</ele>
				<time>2021-02-24T11:07:00</time>
			</trkpt>
			<trkpt lat="48.931399919092655" lon="2.9950999282300472">
				<ele>164.0</ele>
				<time>2021-02-24T11:07:03</time>
			</trkpt>
			<trkpt lat="48.93146999180317" lon="2.9949799831956625">
				<ele>164.0</ele>
				<time>2021-02-24T11:07:05</time>
			</trkpt>
			<trkpt lat="48.93161994405091" lon="2.9946999438107014">
				<ele>163.0</ele>
				<time>2021-02-24T11:07:08</time>
			</trkpt>
			<trkpt lat="48.93178992904723" lon="2.9943399410694838">
				<ele>163.0</ele>
				<time>2021-02-24T11:07:12</time>
			</trkpt>
			<trkpt lat="48.932089917361736" lon="2.9936399683356285">
				<ele>163.0</ele>
				<time>2021-02-24T11:07:20</time>
			</trkpt>
			<trkpt lat="48.93241999670863" lon="2.9928999301046133">
				<ele>162.0</ele>
				<time>2021-02-24T11:07:29</time>
			</trkpt>
			<trkpt lat="48.932559974491596" lon="2.9925599601119757">
				<ele>162.0</ele>
				<time>2021-02-24T11:07:33</time>
			</trkpt>
			<trkpt lat="48.93264999613166" lon="2.9923399351537228">
				<ele>161.0</ele>
				<time>2021-02-24T11:07:35</time>
			</trkpt>
			<trkpt lat="48.93271998502314" lon="2.99215997569263">
				<ele>161.0</ele>
				<time>2021-02-24T11:07:37</time>
			</trkpt>
			<trkpt lat="48.93282995559275" lon="2.9918599873781204">
				<ele>161.0</ele>
				<time>2021-02-24T11:07:40</time>
			</trkpt>
			<trkpt lat="48.93299994058907" lon="2.9914099629968405">
				<ele>159.0</ele>
				<time>2021-02-24T11:07:45</time>
			</trkpt>
			<trkpt lat="48.93344996497035" lon="2.990229958668351">
				<ele>156.0</ele>
				<time>2021-02-24T11:07:58</time>
			</trkpt>
			<trkpt lat="48.93354996107519" lon="2.9899199958890676">
				<ele>155.0</ele>
				<time>2021-02-24T11:08:01</time>
			</trkpt>
			<trkpt lat="48.93364995718002" lon="2.9896699637174606">
				<ele>154.0</ele>
				<time>2021-02-24T11:08:04</time>
			</trkpt>
			<trkpt lat="48.93374995328486" lon="2.989479945972562">
				<ele>153.0</ele>
				<time>2021-02-24T11:08:06</time>
			</trkpt>
			<trkpt lat="48.93380996771157" lon="2.9893799498677254">
				<ele>153.0</ele>
				<time>2021-02-24T11:08:07</time>
			</trkpt>
			<trkpt lat="48.93391993828118" lon="2.9892299976199865">
				<ele>152.0</ele>
				<time>2021-02-24T11:08:09</time>
			</trkpt>
			<trkpt lat="48.93402999266982" lon="2.9891199432313442">
				<ele>152.0</ele>
				<time>2021-02-24T11:08:11</time>
			</trkpt>
			<trkpt lat="48.934059999883175" lon="2.98908993601799">
				<ele>152.0</ele>
				<time>2021-02-24T11:08:12</time>
			</trkpt>
			<trkpt lat="48.93424993380904" lon="2.9889499582350254">
				<ele>154.0</ele>
				<time>2021-02-24T11:08:15</time>
			</trkpt>
			<trkpt lat="48.93462996929884" lon="2.9887299332767725">
				<ele>157.0</ele>
				<time>2021-02-24T11:08:21</time>
			</trkpt>
			<trkpt lat="48.935029953718185" lon="2.9885199666023254">
				<ele>159.0</ele>
				<time>2021-02-24T11:08:27</time>
			</trkpt>
			<trkpt lat="48.9353899564594" lon="2.9883499816060066">
				<ele>161.0</ele>
				<time>2021-02-24T11:08:32</time>
			</trkpt>
			<trkpt lat="48.93570997752249" lon="2.9882699344307184">
				<ele>162.0</ele>
				<time>2021-02-24T11:08:37</time>
			</trkpt>
			<trkpt lat="48.936009965837" lon="2.988199945539236">
				<ele>162.0</ele>
				<time>2021-02-24T11:08:41</time>
			</trkpt>
			<trkpt lat="48.93614994361997" lon="2.9881499893963337">
				<ele>163.0</ele>
				<time>2021-02-24T11:08:43</time>
			</trkpt>
			<trkpt lat="48.93628992140293" lon="2.9880899749696255">
				<ele>163.0</ele>
				<time>2021-02-24T11:08:45</time>
			</trkpt>
			<trkpt lat="48.93636996857822" lon="2.9880499932914972">
				<ele>163.0</ele>
				<time>2021-02-24T11:08:46</time>
			</trkpt>
			<trkpt lat="48.93645999021828" lon="2.987959971651435">
				<ele>163.0</ele>
				<time>2021-02-24T11:08:48</time>
			</trkpt>
			<trkpt lat="48.93651992082596" lon="2.9878899827599525">
				<ele>163.0</ele>
				<time>2021-02-24T11:08:49</time>
			</trkpt>
			<trkpt lat="48.93659996800125" lon="2.987759979441762">
				<ele>163.0</ele>
				<time>2021-02-24T11:08:51</time>
			</trkpt>
			<trkpt lat="48.936659982427955" lon="2.9876499250531197">
				<ele>163.0</ele>
				<time>2021-02-24T11:08:52</time>
			</trkpt>
			<trkpt lat="48.93670993857086" lon="2.987539954483509">
				<ele>162.0</ele>
				<time>2021-02-24T11:08:53</time>
			</trkpt>
			<trkpt lat="48.93697991967201" lon="2.9869599267840385">
				<ele>163.0</ele>
				<time>2021-02-24T11:09:00</time>
			</trkpt>
			<trkpt lat="48.93703993409872" lon="2.986909970641136">
				<ele>163.0</ele>
				<time>2021-02-24T11:09:01</time>
			</trkpt>
			<trkpt lat="48.93713993020356" lon="2.986829923465848">
				<ele>163.0</ele>
				<time>2021-02-24T11:09:03</time>
			</trkpt>
			<trkpt lat="48.93722995184362" lon="2.9867899417877197">
				<ele>164.0</ele>
				<time>2021-02-24T11:09:04</time>
			</trkpt>
			<trkpt lat="48.93737998791039" lon="2.9867099784314632">
				<ele>164.0</ele>
				<time>2021-02-24T11:09:06</time>
			</trkpt>
			<trkpt lat="48.93797996453941" lon="2.986439997330308">
				<ele>166.0</ele>
				<time>2021-02-24T11:09:15</time>
			</trkpt>
			<trkpt lat="48.938099993392825" lon="2.986389957368374">
				<ele>166.0</ele>
				<time>2021-02-24T11:09:17</time>
			</trkpt>
			<trkpt lat="48.938639955595136" lon="2.9861299507319927">
				<ele>165.0</ele>
				<time>2021-02-24T11:09:25</time>
			</trkpt>
			<trkpt lat="48.93911998718977" lon="2.98590992577374">
				<ele>168.0</ele>
				<time>2021-02-24T11:09:32</time>
			</trkpt>
			<trkpt lat="48.939149994403124" lon="2.9858899768441916">
				<ele>168.0</ele>
				<time>2021-02-24T11:09:33</time>
			</trkpt>
			<trkpt lat="48.93940991722047" lon="2.985769947990775">
				<ele>168.0</ele>
				<time>2021-02-24T11:09:37</time>
			</trkpt>
			<trkpt lat="48.93990998156369" lon="2.9855799302458763">
				<ele>165.0</ele>
				<time>2021-02-24T11:09:44</time>
			</trkpt>
			<trkpt lat="48.94030996598303" lon="2.9853999707847834">
				<ele>164.0</ele>
				<time>2021-02-24T11:09:50</time>
			</trkpt>
			<trkpt lat="48.940509958192706" lon="2.985329981893301">
				<ele>163.0</ele>
				<time>2021-02-24T11:09:53</time>
			</trkpt>
			<trkpt lat="48.94062998704612" lon="2.985299974679947">
				<ele>163.0</ele>
				<time>2021-02-24T11:09:55</time>
			</trkpt>
			<trkpt lat="48.9406899176538" lon="2.985319923609495">
				<ele>163.0</ele>
				<time>2021-02-24T11:09:55</time>
			</trkpt>
			<trkpt lat="48.94072998315096" lon="2.985329981893301">
				<ele>163.0</ele>
				<time>2021-02-24T11:09:56</time>
			</trkpt>
			<trkpt lat="48.940869960933924" lon="2.9853999707847834">
				<ele>163.0</ele>
				<time>2021-02-24T11:09:58</time>
			</trkpt>
			<trkpt lat="48.940979931503534" lon="2.98549996688962">
				<ele>164.0</ele>
				<time>2021-02-24T11:10:00</time>
			</trkpt>
			<trkpt lat="48.94108998589218" lon="2.9855799302458763">
				<ele>165.0</ele>
				<time>2021-02-24T11:10:02</time>
			</trkpt>
			<trkpt lat="48.94122996367514" lon="2.9856799263507128">
				<ele>166.0</ele>
				<time>2021-02-24T11:10:04</time>
			</trkpt>
			<trkpt lat="48.941409923136234" lon="2.984869983047247">
				<ele>162.0</ele>
				<time>2021-02-24T11:10:12</time>
			</trkpt>
			<trkpt lat="48.94151997752488" lon="2.984389951452613">
				<ele>161.0</ele>
				<time>2021-02-24T11:10:17</time>
			</trkpt>
			<trkpt lat="48.94159994088113" lon="2.984019974246621">
				<ele>160.0</ele>
				<time>2021-02-24T11:10:20</time>
			</trkpt>
			<trkpt lat="48.94163992255926" lon="2.9838699381798506">
				<ele>160.0</ele>
				<time>2021-02-24T11:10:22</time>
			</trkpt>
			<trkpt lat="48.94178995862603" lon="2.9832599870860577">
				<ele>157.0</ele>
				<time>2021-02-24T11:10:28</time>
			</trkpt>
			<trkpt lat="48.94184997305274" lon="2.9831199254840612">
				<ele>156.0</ele>
				<time>2021-02-24T11:10:30</time>
			</trkpt>
			<trkpt lat="48.94186992198229" lon="2.983139958232641">
				<ele>156.0</ele>
				<time>2021-02-24T11:10:30</time>
			</trkpt>
			<trkpt lat="48.941879980266094" lon="2.9831499326974154">
				<ele>156.0</ele>
				<time>2021-02-24T11:10:30</time>
			</trkpt>
			<trkpt lat="48.94189992919564" lon="2.983159990981221">
				<ele>156.0</ele>
				<time>2021-02-24T11:10:30</time>
			</trkpt>
			<trkpt lat="48.94191996194422" lon="2.9831499326974154">
				<ele>156.0</ele>
				<time>2021-02-24T11:10:31</time>
			</trkpt>
			<trkpt lat="48.941929936409" lon="2.9831499326974154">
				<ele>156.0</ele>
				<time>2021-02-24T11:10:31</time>
			</trkpt>
			<trkpt lat="48.94194996915758" lon="2.983129983767867">
				<ele>156.0</ele>
				<time>2021-02-24T11:10:31</time>
			</trkpt>
			<trkpt lat="48.94194996915758" lon="2.9831199254840612">
				<ele>156.0</ele>
				<time>2021-02-24T11:10:31</time>
			</trkpt>
			<trkpt lat="48.94195994362235" lon="2.983109951019287">
				<ele>156.0</ele>
				<time>2021-02-24T11:10:31</time>
			</trkpt>
			<trkpt lat="48.941969918087125" lon="2.983079943805933">
				<ele>155.0</ele>
				<time>2021-02-24T11:10:32</time>
			</trkpt>
			<trkpt lat="48.941969918087125" lon="2.983049936592579">
				<ele>155.0</ele>
				<time>2021-02-24T11:10:32</time>
			</trkpt>
			<trkpt lat="48.94195994362235" lon="2.9830199293792248">
				<ele>155.0</ele>
				<time>2021-02-24T11:10:32</time>
			</trkpt>
			<trkpt lat="48.9419399946928" lon="2.9829899221658707">
				<ele>155.0</ele>
				<time>2021-02-24T11:10:33</time>
			</trkpt>
			<trkpt lat="48.941929936409" lon="2.9829799477010965">
				<ele>155.0</ele>
				<time>2021-02-24T11:10:33</time>
			</trkpt>
			<trkpt lat="48.94191996194422" lon="2.9829699732363224">
				<ele>155.0</ele>
				<time>2021-02-24T11:10:33</time>
			</trkpt>
			<trkpt lat="48.94189992919564" lon="2.9829699732363224">
				<ele>155.0</ele>
				<time>2021-02-24T11:10:33</time>
			</trkpt>
			<trkpt lat="48.94190998747945" lon="2.982889926061034">
				<ele>155.0</ele>
				<time>2021-02-24T11:10:34</time>
			</trkpt>
			<trkpt lat="48.941969918087125" lon="2.9827199410647154">
				<ele>153.0</ele>
				<time>2021-02-24T11:10:36</time>
			</trkpt>
			<trkpt lat="48.94202993251383" lon="2.9825599305331707">
				<ele>151.0</ele>
				<time>2021-02-24T11:10:38</time>
			</trkpt>
			<trkpt lat="48.94208994694054" lon="2.982409978285432">
				<ele>150.0</ele>
				<time>2021-02-24T11:10:39</time>
			</trkpt>
			<trkpt lat="48.94221995025873" lon="2.9821299389004707">
				<ele>147.0</ele>
				<time>2021-02-24T11:10:43</time>
			</trkpt>
			<trkpt lat="48.94234995357692" lon="2.9818599577993155">
				<ele>144.0</ele>
				<time>2021-02-24T11:10:46</time>
			</trkpt>
			<trkpt lat="48.94259998574853" lon="2.981359977275133">
				<ele>139.0</ele>
				<time>2021-02-24T11:10:52</time>
			</trkpt>
			<trkpt lat="48.94292998127639" lon="2.980659920722246">
				<ele>132.0</ele>
				<time>2021-02-24T11:11:00</time>
			</trkpt>
			<trkpt lat="48.94324991852045" lon="2.979999929666519">
				<ele>122.0</ele>
				<time>2021-02-24T11:11:07</time>
			</trkpt>
			<trkpt lat="48.94337992183864" lon="2.979759955778718">
				<ele>118.0</ele>
				<time>2021-02-24T11:11:10</time>
			</trkpt>
			<trkpt lat="48.94347991794348" lon="2.979569938033819">
				<ele>115.0</ele>
				<time>2021-02-24T11:11:13</time>
			</trkpt>
			<trkpt lat="48.94375995732844" lon="2.978929979726672">
				<ele>111.0</ele>
				<time>2021-02-24T11:11:20</time>
			</trkpt>
			<trkpt lat="48.944139992818236" lon="2.9781699925661087">
				<ele>103.0</ele>
				<time>2021-02-24T11:11:29</time>
			</trkpt>
			<trkpt lat="48.9443299267441" lon="2.9778899531811476">
				<ele>102.0</ele>
				<time>2021-02-24T11:11:33</time>
			</trkpt>
			<trkpt lat="48.944529918953776" lon="2.9776599537581205">
				<ele>101.0</ele>
				<time>2021-02-24T11:11:36</time>
			</trkpt>
			<trkpt lat="48.944909954443574" lon="2.977349990978837">
				<ele>101.0</ele>
				<time>2021-02-24T11:11:42</time>
			</trkpt>
			<trkpt lat="48.94496996887028" lon="2.977299951016903">
				<ele>101.0</ele>
				<time>2021-02-24T11:11:43</time>
			</trkpt>
			<trkpt lat="48.945189993828535" lon="2.97711999155581">
				<ele>98.0</ele>
				<time>2021-02-24T11:11:47</time>
			</trkpt>
			<trkpt lat="48.945359978824854" lon="2.9769799299538136">
				<ele>97.0</ele>
				<time>2021-02-24T11:11:50</time>
			</trkpt>
			<trkpt lat="48.94539996050298" lon="2.9769399482756853">
				<ele>97.0</ele>
				<time>2021-02-24T11:11:50</time>
			</trkpt>
			<trkpt lat="48.945469949394464" lon="2.976879933848977">
				<ele>97.0</ele>
				<time>2021-02-24T11:11:51</time>
			</trkpt>
			<trkpt lat="48.94573993049562" lon="2.976679941639304">
				<ele>95.0</ele>
				<time>2021-02-24T11:11:56</time>
			</trkpt>
			<trkpt lat="48.94629992544651" lon="2.976209968328476">
				<ele>91.0</ele>
				<time>2021-02-24T11:12:05</time>
			</trkpt>
			<trkpt lat="48.94670996814966" lon="2.9757999256253242">
				<ele>87.0</ele>
				<time>2021-02-24T11:12:12</time>
			</trkpt>
			<trkpt lat="48.946929993107915" lon="2.975559951737523">
				<ele>84.0</ele>
				<time>2021-02-24T11:12:16</time>
			</trkpt>
			<trkpt lat="48.947079945355654" lon="2.97535995952785">
				<ele>81.0</ele>
				<time>2021-02-24T11:12:19</time>
			</trkpt>
			<trkpt lat="48.94725998863578" lon="2.975099952891469">
				<ele>79.0</ele>
				<time>2021-02-24T11:12:22</time>
			</trkpt>
			<trkpt lat="48.94736995920539" lon="2.974899960681796">
				<ele>79.0</ele>
				<time>2021-02-24T11:12:25</time>
			</trkpt>
			<trkpt lat="48.948109997436404" lon="2.9734399169683456">
				<ele>73.0</ele>
				<time>2021-02-24T11:12:42</time>
			</trkpt>
			<trkpt lat="48.949189921841025" lon="2.971309991553426">
				<ele>64.0</ele>
				<time>2021-02-24T11:13:07</time>
			</trkpt>
			<trkpt lat="48.949509942904115" lon="2.970699956640601">
				<ele>63.0</ele>
				<time>2021-02-24T11:13:15</time>
			</trkpt>
			<trkpt lat="48.949510026723146" lon="2.970699705183506">
				<ele>62.99</ele>
				<time>2021-02-24T11:13:15</time>
			</trkpt>
			<trkpt lat="48.95026993006468" lon="2.9691999312490225">
				<ele>62.0</ele>
				<time>2021-02-24T11:13:32</time>
			</trkpt>
			<trkpt lat="48.95033991895616" lon="2.969089960679412">
				<ele>62.0</ele>
				<time>2021-02-24T11:13:34</time>
			</trkpt>
			<trkpt lat="48.950649965554476" lon="2.9685399401932955">
				<ele>62.0</ele>
				<time>2021-02-24T11:13:41</time>
			</trkpt>
			<trkpt lat="48.950819950550795" lon="2.96828999184072">
				<ele>61.0</ele>
				<time>2021-02-24T11:13:44</time>
			</trkpt>
			<trkpt lat="48.95114994607866" lon="2.9678399674594402">
				<ele>61.0</ele>
				<time>2021-02-24T11:13:50</time>
			</trkpt>
			<trkpt lat="48.951269974932075" lon="2.9676999896764755">
				<ele>61.0</ele>
				<time>2021-02-24T11:13:52</time>
			</trkpt>
			<trkpt lat="48.95135999657214" lon="2.967559928074479">
				<ele>61.0</ele>
				<time>2021-02-24T11:13:54</time>
			</trkpt>
			<trkpt lat="48.95143995992839" lon="2.9674399830400944">
				<ele>61.0</ele>
				<time>2021-02-24T11:13:56</time>
			</trkpt>
			<trkpt lat="48.95147994160652" lon="2.967359935864806">
				<ele>61.0</ele>
				<time>2021-02-24T11:13:57</time>
			</trkpt>
			<trkpt lat="48.95153995603323" lon="2.9672399908304214">
				<ele>60.0</ele>
				<time>2021-02-24T11:13:58</time>
			</trkpt>
			<trkpt lat="48.95184991881251" lon="2.966219997033477">
				<ele>59.0</ele>
				<time>2021-02-24T11:14:09</time>
			</trkpt>
			<trkpt lat="48.952129958197474" lon="2.9654999915510416">
				<ele>59.0</ele>
				<time>2021-02-24T11:14:17</time>
			</trkpt>
			<trkpt lat="48.95234998315573" lon="2.964869923889637">
				<ele>59.0</ele>
				<time>2021-02-24T11:14:23</time>
			</trkpt>
			<trkpt lat="48.95250999368727" lon="2.9644199833273888">
				<ele>60.0</ele>
				<time>2021-02-24T11:14:28</time>
			</trkpt>
			<trkpt lat="48.95263999700546" lon="2.963969958946109">
				<ele>58.0</ele>
				<time>2021-02-24T11:14:33</time>
			</trkpt>
			<trkpt lat="48.95264997147024" lon="2.9639299772679806">
				<ele>58.0</ele>
				<time>2021-02-24T11:14:33</time>
			</trkpt>
			<trkpt lat="48.95309999585152" lon="2.962669925764203">
				<ele>57.0</ele>
				<time>2021-02-24T11:14:47</time>
			</trkpt>
			<trkpt lat="48.95365999080241" lon="2.9612799547612667">
				<ele>56.0</ele>
				<time>2021-02-24T11:15:02</time>
			</trkpt>
			<trkpt lat="48.95389996469021" lon="2.9606199637055397">
				<ele>55.0</ele>
				<time>2021-02-24T11:15:09</time>
			</trkpt>
			<trkpt lat="48.95391999743879" lon="2.9605499748140574">
				<ele>55.0</ele>
				<time>2021-02-24T11:15:10</time>
			</trkpt>
			<trkpt lat="48.953979928046465" lon="2.9603399243205786">
				<ele>55.0</ele>
				<time>2021-02-24T11:15:12</time>
			</trkpt>
			<trkpt lat="48.95403994247317" lon="2.9601699393242598">
				<ele>55.0</ele>
				<time>2021-02-24T11:15:14</time>
			</trkpt>
			<trkpt lat="48.95408998243511" lon="2.959979921579361">
				<ele>56.0</ele>
				<time>2021-02-24T11:15:16</time>
			</trkpt>
			<trkpt lat="48.954189978539944" lon="2.9596199188381433">
				<ele>56.0</ele>
				<time>2021-02-24T11:15:19</time>
			</trkpt>
			<trkpt lat="48.954319981858134" lon="2.959119938313961">
				<ele>55.0</ele>
				<time>2021-02-24T11:15:24</time>
			</trkpt>
			<trkpt lat="48.95436993800104" lon="2.958949953317642">
				<ele>55.0</ele>
				<time>2021-02-24T11:15:26</time>
			</trkpt>
			<trkpt lat="48.954409919679165" lon="2.9588499572128057">
				<ele>55.0</ele>
				<time>2021-02-24T11:15:27</time>
			</trkpt>
			<trkpt lat="48.954559955745935" lon="2.9582999367266893">
				<ele>55.0</ele>
				<time>2021-02-24T11:15:33</time>
			</trkpt>
			<trkpt lat="48.954709991812706" lon="2.957819988951087">
				<ele>54.0</ele>
				<time>2021-02-24T11:15:38</time>
			</trkpt>
			<trkpt lat="48.95499992184341" lon="2.956949947401881">
				<ele>53.0</ele>
				<time>2021-02-24T11:15:47</time>
			</trkpt>
			<trkpt lat="48.95536998286843" lon="2.955799950286746">
				<ele>53.0</ele>
				<time>2021-02-24T11:15:59</time>
			</trkpt>
			<trkpt lat="48.9555599167943" lon="2.9552099481225014">
				<ele>54.0</ele>
				<time>2021-02-24T11:16:05</time>
			</trkpt>
			<trkpt lat="48.95561993122101" lon="2.954959999769926">
				<ele>54.0</ele>
				<time>2021-02-24T11:16:08</time>
			</trkpt>
			<trkpt lat="48.95570995286107" lon="2.9545299243181944">
				<ele>54.0</ele>
				<time>2021-02-24T11:16:12</time>
			</trkpt>
			<trkpt lat="48.95577994175255" lon="2.9541299398988485">
				<ele>54.0</ele>
				<time>2021-02-24T11:16:16</time>
			</trkpt>
			<trkpt lat="48.95606995560229" lon="2.95266998000443">
				<ele>55.0</ele>
				<time>2021-02-24T11:16:30</time>
			</trkpt>
			<trkpt lat="48.95628998056054" lon="2.951369946822524">
				<ele>56.0</ele>
				<time>2021-02-24T11:16:43</time>
			</trkpt>
			<trkpt lat="48.95637991838157" lon="2.950969962403178">
				<ele>57.0</ele>
				<time>2021-02-24T11:16:47</time>
			</trkpt>
			<trkpt lat="48.95641998387873" lon="2.950759995728731">
				<ele>58.0</ele>
				<time>2021-02-24T11:16:49</time>
			</trkpt>
			<trkpt lat="48.956019999459386" lon="2.9506099596619606">
				<ele>58.0</ele>
				<time>2021-02-24T11:16:55</time>
			</trkpt>
			<trkpt lat="48.95557994954288" lon="2.95045992359519">
				<ele>56.0</ele>
				<time>2021-02-24T11:17:01</time>
			</trkpt>
			<trkpt lat="48.95540996454656" lon="2.9503799602389336">
				<ele>56.0</ele>
				<time>2021-02-24T11:17:04</time>
			</trkpt>
			<trkpt lat="48.955159932374954" lon="2.950269989669323">
				<ele>56.0</ele>
				<time>2021-02-24T11:17:07</time>
			</trkpt>
			<trkpt lat="48.95497997291386" lon="2.9501899424940348">
				<ele>56.0</ele>
				<time>2021-02-24T11:17:10</time>
			</trkpt>
			<trkpt lat="48.95491995848715" lon="2.9501599352806807">
				<ele>56.0</ele>
				<time>2021-02-24T11:17:11</time>
			</trkpt>
			<trkpt lat="48.95481996238232" lon="2.9501299280673265">
				<ele>56.0</ele>
				<time>2021-02-24T11:17:12</time>
			</trkpt>
			<trkpt lat="48.9546999335289" lon="2.950079971924424">
				<ele>56.0</ele>
				<time>2021-02-24T11:17:14</time>
			</trkpt>
			<trkpt lat="48.95456993021071" lon="2.950079971924424">
				<ele>56.0</ele>
				<time>2021-02-24T11:17:16</time>
			</trkpt>
			<trkpt lat="48.954449985176325" lon="2.950079971924424">
				<ele>56.0</ele>
				<time>2021-02-24T11:17:18</time>
			</trkpt>
			<trkpt lat="48.95432995632291" lon="2.9500999208539724">
				<ele>56.0</ele>
				<time>2021-02-24T11:17:19</time>
			</trkpt>
			<trkpt lat="48.95417992025614" lon="2.9501599352806807">
				<ele>55.0</ele>
				<time>2021-02-24T11:17:22</time>
			</trkpt>
			<trkpt lat="48.95404991693795" lon="2.950239982455969">
				<ele>54.0</ele>
				<time>2021-02-24T11:17:24</time>
			</trkpt>
			<trkpt lat="48.953889990225434" lon="2.9503499530255795">
				<ele>53.0</ele>
				<time>2021-02-24T11:17:26</time>
			</trkpt>
			<trkpt lat="48.95362998358905" lon="2.9505899269133806">
				<ele>53.0</ele>
				<time>2021-02-24T11:17:31</time>
			</trkpt>
			<trkpt lat="48.9535999763757" lon="2.9506199341267347">
				<ele>53.0</ele>
				<time>2021-02-24T11:17:31</time>
			</trkpt>
			<trkpt lat="48.95334994420409" lon="2.950899973511696">
				<ele>53.0</ele>
				<time>2021-02-24T11:17:35</time>
			</trkpt>
			<trkpt lat="48.95272993482649" lon="2.951579997316003">
				<ele>52.0</ele>
				<time>2021-02-24T11:17:46</time>
			</trkpt>
			<trkpt lat="48.952539917081594" lon="2.95178996399045">
				<ele>51.0</ele>
				<time>2021-02-24T11:17:50</time>
			</trkpt>
			<trkpt lat="48.95234998315573" lon="2.951999930664897">
				<ele>50.0</ele>
				<time>2021-02-24T11:17:53</time>
			</trkpt>
			<trkpt lat="48.95231997594237" lon="2.952039996162057">
				<ele>50.0</ele>
				<time>2021-02-24T11:17:54</time>
			</trkpt>
			<trkpt lat="48.95203993655741" lon="2.9523799661546946">
				<ele>50.0</ele>
				<time>2021-02-24T11:17:59</time>
			</trkpt>
			<trkpt lat="48.95183994434774" lon="2.9526099655777216">
				<ele>50.0</ele>
				<time>2021-02-24T11:18:02</time>
			</trkpt>
			<trkpt lat="48.951639952138066" lon="2.9528299905359745">
				<ele>52.0</ele>
				<time>2021-02-24T11:18:06</time>
			</trkpt>
			<trkpt lat="48.95110996440053" lon="2.9534299671649933">
				<ele>55.0</ele>
				<time>2021-02-24T11:18:15</time>
			</trkpt>
			<trkpt lat="48.951059924438596" lon="2.9534899815917015">
				<ele>55.0</ele>
				<time>2021-02-24T11:18:16</time>
			</trkpt>
			<trkpt lat="48.95090997219086" lon="2.9536799993366003">
				<ele>56.0</ele>
				<time>2021-02-24T11:18:19</time>
			</trkpt>
			<trkpt lat="48.95074996165931" lon="2.953829951584339">
				<ele>58.0</ele>
				<time>2021-02-24T11:18:22</time>
			</trkpt>
			<trkpt lat="48.95050998777151" lon="2.954009994864464">
				<ele>59.0</ele>
				<time>2021-02-24T11:18:26</time>
			</trkpt>
			<trkpt lat="48.950259955599904" lon="2.9541299398988485">
				<ele>60.0</ele>
				<time>2021-02-24T11:18:29</time>
			</trkpt>
			<trkpt lat="48.95013992674649" lon="2.9541799798607826">
				<ele>60.0</ele>
				<time>2021-02-24T11:18:31</time>
			</trkpt>
			<trkpt lat="48.94997991621494" lon="2.954219961538911">
				<ele>60.0</ele>
				<time>2021-02-24T11:18:33</time>
			</trkpt>
			<trkpt lat="48.94973994232714" lon="2.9543299321085215">
				<ele>61.0</ele>
				<time>2021-02-24T11:18:37</time>
			</trkpt>
			<trkpt lat="48.949659978970885" lon="2.9543599393218756">
				<ele>61.0</ele>
				<time>2021-02-24T11:18:38</time>
			</trkpt>
			<trkpt lat="48.94936996512115" lon="2.9545499570667744">
				<ele>61.0</ele>
				<time>2021-02-24T11:18:43</time>
			</trkpt>
			<trkpt lat="48.948929999023676" lon="2.9548699781298637">
				<ele>61.0</ele>
				<time>2021-02-24T11:18:50</time>
			</trkpt>
			<trkpt lat="48.94865993410349" lon="2.955109952017665">
				<ele>60.0</ele>
				<time>2021-02-24T11:18:54</time>
			</trkpt>
			<trkpt lat="48.94837997853756" lon="2.955319918692112">
				<ele>60.0</ele>
				<time>2021-02-24T11:18:59</time>
			</trkpt>
			<trkpt lat="48.947769943624735" lon="2.9558299575001">
				<ele>60.0</ele>
				<time>2021-02-24T11:19:09</time>
			</trkpt>
			<trkpt lat="48.947469955310225" lon="2.956039924174547">
				<ele>59.0</ele>
				<time>2021-02-24T11:19:13</time>
			</trkpt>
			<trkpt lat="48.94687995314598" lon="2.956449966877699">
				<ele>57.0</ele>
				<time>2021-02-24T11:19:23</time>
			</trkpt>
			<trkpt lat="48.94665992818773" lon="2.9566199518740177">
				<ele>55.0</ele>
				<time>2021-02-24T11:19:26</time>
			</trkpt>
			<trkpt lat="48.9465699903667" lon="2.956679966300726">
				<ele>55.0</ele>
				<time>2021-02-24T11:19:27</time>
			</trkpt>
			<trkpt lat="48.946329932659864" lon="2.956859925761819">
				<ele>54.0</ele>
				<time>2021-02-24T11:19:31</time>
			</trkpt>
			<trkpt lat="48.945359978824854" lon="2.9576599784195423">
				<ele>58.0</ele>
				<time>2021-02-24T11:19:47</time>
			</trkpt>
			<trkpt lat="48.94506996497512" lon="2.957969941198826">
				<ele>58.0</ele>
				<time>2021-02-24T11:19:52</time>
			</trkpt>
			<trkpt lat="48.94498991779983" lon="2.958059962838888">
				<ele>58.0</ele>
				<time>2021-02-24T11:19:54</time>
			</trkpt>
			<trkpt lat="48.9447599183768" lon="2.9583499766886234">
				<ele>59.0</ele>
				<time>2021-02-24T11:19:58</time>
			</trkpt>
			<trkpt lat="48.94472999498248" lon="2.958399932831526">
				<ele>59.0</ele>
				<time>2021-02-24T11:19:58</time>
			</trkpt>
			<trkpt lat="48.94435993395746" lon="2.958909971639514">
				<ele>63.0</ele>
				<time>2021-02-24T11:20:06</time>
			</trkpt>
			<trkpt lat="48.94433998502791" lon="2.958949953317642">
				<ele>63.0</ele>
				<time>2021-02-24T11:20:06</time>
			</trkpt>
			<trkpt lat="48.94412993453443" lon="2.9591999854892492">
				<ele>65.0</ele>
				<time>2021-02-24T11:20:10</time>
			</trkpt>
			<trkpt lat="48.94405994564295" lon="2.959319930523634">
				<ele>66.0</ele>
				<time>2021-02-24T11:20:11</time>
			</trkpt>
			<trkpt lat="48.943969924002886" lon="2.9594299849122763">
				<ele>67.0</ele>
				<time>2021-02-24T11:20:13</time>
			</trkpt>
			<trkpt lat="48.943839920684695" lon="2.959549929946661">
				<ele>68.0</ele>
				<time>2021-02-24T11:20:15</time>
			</trkpt>
			<trkpt lat="48.94308999180794" lon="2.9603099171072245">
				<ele>77.0</ele>
				<time>2021-02-24T11:20:28</time>
			</trkpt>
			<trkpt lat="48.94280995242298" lon="2.960629938170314">
				<ele>81.0</ele>
				<time>2021-02-24T11:20:33</time>
			</trkpt>
			<trkpt lat="48.94252999685705" lon="2.960899919271469">
				<ele>85.0</ele>
				<time>2021-02-24T11:20:38</time>
			</trkpt>
			<trkpt lat="48.9423699863255" lon="2.9610399808734655">
				<ele>86.0</ele>
				<time>2021-02-24T11:20:40</time>
			</trkpt>
			<trkpt lat="48.942119954153895" lon="2.9612699802964926">
				<ele>87.0</ele>
				<time>2021-02-24T11:20:45</time>
			</trkpt>
			<trkpt lat="48.94189992919564" lon="2.9614399652928114">
				<ele>90.0</ele>
				<time>2021-02-24T11:20:48</time>
			</trkpt>
			<trkpt lat="48.94132995977998" lon="2.961809942498803">
				<ele>97.0</ele>
				<time>2021-02-24T11:20:57</time>
			</trkpt>
			<trkpt lat="48.94108998589218" lon="2.9619199968874454">
				<ele>100.0</ele>
				<time>2021-02-24T11:21:01</time>
			</trkpt>
			<trkpt lat="48.940509958192706" lon="2.962239934131503">
				<ele>106.0</ele>
				<time>2021-02-24T11:21:09</time>
			</trkpt>
			<trkpt lat="48.93986999988556" lon="2.9625799879431725">
				<ele>111.0</ele>
				<time>2021-02-24T11:21:19</time>
			</trkpt>
			<trkpt lat="48.939799927175045" lon="2.962639918550849">
				<ele>112.0</ele>
				<time>2021-02-24T11:21:20</time>
			</trkpt>
			<trkpt lat="48.93976991996169" lon="2.962689958512783">
				<ele>113.0</ele>
				<time>2021-02-24T11:21:21</time>
			</trkpt>
			<trkpt lat="48.93971996381879" lon="2.9628199618309736">
				<ele>115.0</ele>
				<time>2021-02-24T11:21:22</time>
			</trkpt>
			<trkpt lat="48.939649974927306" lon="2.9630699940025806">
				<ele>118.0</ele>
				<time>2021-02-24T11:21:25</time>
			</trkpt>
			<trkpt lat="48.93960999324918" lon="2.9632499534636736">
				<ele>120.0</ele>
				<time>2021-02-24T11:21:27</time>
			</trkpt>
			<trkpt lat="48.93959993496537" lon="2.963289935141802">
				<ele>120.0</ele>
				<time>2021-02-24T11:21:27</time>
			</trkpt>
			<trkpt lat="48.939559953287244" lon="2.963519934564829">
				<ele>122.0</ele>
				<time>2021-02-24T11:21:29</time>
			</trkpt>
			<trkpt lat="48.939499938860536" lon="2.9637599922716618">
				<ele>123.0</ele>
				<time>2021-02-24T11:21:32</time>
			</trkpt>
			<trkpt lat="48.93937999382615" lon="2.9640899877995253">
				<ele>125.0</ele>
				<time>2021-02-24T11:21:35</time>
			</trkpt>
			<trkpt lat="48.93922995775938" lon="2.9643299616873264">
				<ele>128.0</ele>
				<time>2021-02-24T11:21:38</time>
			</trkpt>
			<trkpt lat="48.939179917797446" lon="2.9643899761140347">
				<ele>128.0</ele>
				<time>2021-02-24T11:21:39</time>
			</trkpt>
			<trkpt lat="48.939089979976416" lon="2.964489972218871">
				<ele>129.0</ele>
				<time>2021-02-24T11:21:41</time>
			</trkpt>
			<trkpt lat="48.93899995833635" lon="2.9645799938589334">
				<ele>130.0</ele>
				<time>2021-02-24T11:21:42</time>
			</trkpt>
			<trkpt lat="48.93885998055339" lon="2.964669931679964">
				<ele>130.0</ele>
				<time>2021-02-24T11:21:45</time>
			</trkpt>
			<trkpt lat="48.938659988343716" lon="2.964689964428544">
				<ele>131.0</ele>
				<time>2021-02-24T11:21:47</time>
			</trkpt>
			<trkpt lat="48.93854993395507" lon="2.96463992446661">
				<ele>131.0</ele>
				<time>2021-02-24T11:21:49</time>
			</trkpt>
			<trkpt lat="48.938269978389144" lon="2.964409925043583">
				<ele>133.0</ele>
				<time>2021-02-24T11:21:54</time>
			</trkpt>
			<trkpt lat="48.9381599240005" lon="2.9643499944359064">
				<ele>133.0</ele>
				<time>2021-02-24T11:21:55</time>
			</trkpt>
			<trkpt lat="48.93797996453941" lon="2.9643299616873264">
				<ele>136.0</ele>
				<time>2021-02-24T11:21:58</time>
			</trkpt>
			<trkpt lat="48.93785993568599" lon="2.9643199872225523">
				<ele>137.0</ele>
				<time>2021-02-24T11:22:00</time>
			</trkpt>
			<trkpt lat="48.937799921259284" lon="2.9642799217253923">
				<ele>138.0</ele>
				<time>2021-02-24T11:22:01</time>
			</trkpt>
			<trkpt lat="48.93776999786496" lon="2.96424999833107">
				<ele>138.0</ele>
				<time>2021-02-24T11:22:01</time>
			</trkpt>
			<trkpt lat="48.93774996511638" lon="2.9641399439424276">
				<ele>138.0</ele>
				<time>2021-02-24T11:22:02</time>
			</trkpt>
			<trkpt lat="48.93769992515445" lon="2.963739959523082">
				<ele>139.0</ele>
				<time>2021-02-24T11:22:06</time>
			</trkpt>
			<trkpt lat="48.93765994347632" lon="2.963559916242957">
				<ele>139.0</ele>
				<time>2021-02-24T11:22:08</time>
			</trkpt>
			<trkpt lat="48.937629936262965" lon="2.9634399712085724">
				<ele>138.0</ele>
				<time>2021-02-24T11:22:09</time>
			</trkpt>
			<trkpt lat="48.93755994737148" lon="2.963309967890382">
				<ele>138.0</ele>
				<time>2021-02-24T11:22:10</time>
			</trkpt>
			<trkpt lat="48.93746992573142" lon="2.9632099717855453">
				<ele>138.0</ele>
				<time>2021-02-24T11:22:12</time>
			</trkpt>
			<trkpt lat="48.93733992241323" lon="2.963109975680709">
				<ele>138.0</ele>
				<time>2021-02-24T11:22:14</time>
			</trkpt>
			<trkpt lat="48.93709994852543" lon="2.962969997897744">
				<ele>139.0</ele>
				<time>2021-02-24T11:22:18</time>
			</trkpt>
			<trkpt lat="48.936959970742464" lon="2.96293999068439">
				<ele>140.0</ele>
				<time>2021-02-24T11:22:20</time>
			</trkpt>
			<trkpt lat="48.93682996742427" lon="2.96293999068439">
				<ele>140.0</ele>
				<time>2021-02-24T11:22:22</time>
			</trkpt>
			<trkpt lat="48.936659982427955" lon="2.9629799723625183">
				<ele>141.0</ele>
				<time>2021-02-24T11:22:24</time>
			</trkpt>
			<trkpt lat="48.9366299752146" lon="2.9629799723625183">
				<ele>141.0</ele>
				<time>2021-02-24T11:22:25</time>
			</trkpt>
			<trkpt lat="48.93654992803931" lon="2.9629899468272924">
				<ele>141.0</ele>
				<time>2021-02-24T11:22:26</time>
			</trkpt>
			<trkpt lat="48.93641992472112" lon="2.9629999212920666">
				<ele>140.0</ele>
				<time>2021-02-24T11:22:28</time>
			</trkpt>
			<trkpt lat="48.936099987477064" lon="2.9630799684673548">
				<ele>139.0</ele>
				<time>2021-02-24T11:22:32</time>
			</trkpt>
			<trkpt lat="48.93574995920062" lon="2.9632599279284477">
				<ele>139.0</ele>
				<time>2021-02-24T11:22:38</time>
			</trkpt>
			<trkpt lat="48.935669995844364" lon="2.963309967890382">
				<ele>139.0</ele>
				<time>2021-02-24T11:22:39</time>
			</trkpt>
			<trkpt lat="48.935649963095784" lon="2.96332991681993">
				<ele>139.0</ele>
				<time>2021-02-24T11:22:39</time>
			</trkpt>
			<trkpt lat="48.9355799742043" lon="2.9633899312466383">
				<ele>139.0</ele>
				<time>2021-02-24T11:22:40</time>
			</trkpt>
			<trkpt lat="48.93552993424237" lon="2.9634399712085724">
				<ele>139.0</ele>
				<time>2021-02-24T11:22:41</time>
			</trkpt>
			<trkpt lat="48.93535994924605" lon="2.9636499378830194">
				<ele>139.0</ele>
				<time>2021-02-24T11:22:44</time>
			</trkpt>
			<trkpt lat="48.93528996035457" lon="2.96377994120121">
				<ele>139.0</ele>
				<time>2021-02-24T11:22:46</time>
			</trkpt>
			<trkpt lat="48.93523992039263" lon="2.9639399517327547">
				<ele>139.0</ele>
				<time>2021-02-24T11:22:47</time>
			</trkpt>
			<trkpt lat="48.935219971463084" lon="2.9640799295157194">
				<ele>138.0</ele>
				<time>2021-02-24T11:22:49</time>
			</trkpt>
			<trkpt lat="48.93520999699831" lon="2.964219991117716">
				<ele>138.0</ele>
				<time>2021-02-24T11:22:50</time>
			</trkpt>
			<trkpt lat="48.935219971463084" lon="2.9645799938589334">
				<ele>137.0</ele>
				<time>2021-02-24T11:22:54</time>
			</trkpt>
			<trkpt lat="48.93524997867644" lon="2.9652799665927887">
				<ele>137.0</ele>
				<time>2021-02-24T11:23:00</time>
			</trkpt>
			<trkpt lat="48.93525995314121" lon="2.9656899254769087">
				<ele>138.0</ele>
				<time>2021-02-24T11:23:04</time>
			</trkpt>
			<trkpt lat="48.93525995314121" lon="2.9657099582254887">
				<ele>138.0</ele>
				<time>2021-02-24T11:23:04</time>
			</trkpt>
			<trkpt lat="48.93523992039263" lon="2.9659599903970957">
				<ele>138.0</ele>
				<time>2021-02-24T11:23:07</time>
			</trkpt>
			<trkpt lat="48.93516993150115" lon="2.9665499925613403">
				<ele>137.0</ele>
				<time>2021-02-24T11:23:12</time>
			</trkpt>
			<trkpt lat="48.935159957036376" lon="2.9666199814528227">
				<ele>137.0</ele>
				<time>2021-02-24T11:23:13</time>
			</trkpt>
			<trkpt lat="48.93512994982302" lon="2.9668299481272697">
				<ele>137.0</ele>
				<time>2021-02-24T11:23:15</time>
			</trkpt>
			<trkpt lat="48.935029953718185" lon="2.9672499652951956">
				<ele>135.0</ele>
				<time>2021-02-24T11:23:19</time>
			</trkpt>
			<trkpt lat="48.93492995761335" lon="2.9677099641412497">
				<ele>131.0</ele>
				<time>2021-02-24T11:23:24</time>
			</trkpt>
			<trkpt lat="48.93477992154658" lon="2.96826995909214">
				<ele>127.0</ele>
				<time>2021-02-24T11:23:29</time>
			</trkpt>
			<trkpt lat="48.9347199909389" lon="2.9683699551969767">
				<ele>126.0</ele>
				<time>2021-02-24T11:23:31</time>
			</trkpt>
			<trkpt lat="48.934639943763614" lon="2.968439944088459">
				<ele>125.0</ele>
				<time>2021-02-24T11:23:32</time>
			</trkpt>
			<trkpt lat="48.93423995934427" lon="2.968649994581938">
				<ele>121.0</ele>
				<time>2021-02-24T11:23:38</time>
			</trkpt>
			<trkpt lat="48.933779960498214" lon="2.9689099173992872">
				<ele>119.0</ele>
				<time>2021-02-24T11:23:45</time>
			</trkpt>
			<trkpt lat="48.933759927749634" lon="2.968919975683093">
				<ele>119.0</ele>
				<time>2021-02-24T11:23:45</time>
			</trkpt>
			<trkpt lat="48.933719946071506" lon="2.9689399246126413">
				<ele>119.0</ele>
				<time>2021-02-24T11:23:46</time>
			</trkpt>
			<trkpt lat="48.933399925008416" lon="2.969109993427992">
				<ele>119.0</ele>
				<time>2021-02-24T11:23:51</time>
			</trkpt>
			<trkpt lat="48.932749992236495" lon="2.9694799706339836">
				<ele>120.0</ele>
				<time>2021-02-24T11:24:01</time>
			</trkpt>
			<trkpt lat="48.93264999613166" lon="2.9695099778473377">
				<ele>120.0</ele>
				<time>2021-02-24T11:24:02</time>
			</trkpt>
			<trkpt lat="48.932599956169724" lon="2.969529926776886">
				<ele>120.0</ele>
				<time>2021-02-24T11:24:03</time>
			</trkpt>
			<trkpt lat="48.93191993236542" lon="2.96957996673882">
				<ele>124.0</ele>
				<time>2021-02-24T11:24:13</time>
			</trkpt>
			<trkpt lat="48.93030993640423" lon="2.969769984483719">
				<ele>131.0</ele>
				<time>2021-02-24T11:24:36</time>
			</trkpt>
			<trkpt lat="48.929269993677735" lon="2.9698799550533295">
				<ele>136.0</ele>
				<time>2021-02-24T11:24:51</time>
			</trkpt>
			<trkpt lat="48.92822996713221" lon="2.969999983906746">
				<ele>139.0</ele>
				<time>2021-02-24T11:25:05</time>
			</trkpt>
			<trkpt lat="48.92717996612191" lon="2.9701099544763565">
				<ele>142.0</ele>
				<time>2021-02-24T11:25:20</time>
			</trkpt>
			<trkpt lat="48.926219986751676" lon="2.970219925045967">
				<ele>144.0</ele>
				<time>2021-02-24T11:25:34</time>
			</trkpt>
			<trkpt lat="48.92500997520983" lon="2.9703499283641577">
				<ele>146.0</ele>
				<time>2021-02-24T11:25:52</time>
			</trkpt>
			<trkpt lat="48.92465994693339" lon="2.9703899938613176">
				<ele>146.0</ele>
				<time>2021-02-24T11:25:57</time>
			</trkpt>
			<trkpt lat="48.92325991764665" lon="2.9705399461090565">
				<ele>152.0</ele>
				<time>2021-02-24T11:26:17</time>
			</trkpt>
			<trkpt lat="48.92296998761594" lon="2.9705499205738306">
				<ele>152.0</ele>
				<time>2021-02-24T11:26:21</time>
			</trkpt>
			<trkpt lat="48.92254997044802" lon="2.9705699533224106">
				<ele>151.0</ele>
				<time>2021-02-24T11:26:27</time>
			</trkpt>
			<trkpt lat="48.922009924426675" lon="2.9706199932843447">
				<ele>151.0</ele>
				<time>2021-02-24T11:26:35</time>
			</trkpt>
			<trkpt lat="48.92173994332552" lon="2.9705799277871847">
				<ele>152.0</ele>
				<time>2021-02-24T11:26:38</time>
			</trkpt>
			<trkpt lat="48.92139997333288" lon="2.9705299716442823">
				<ele>154.0</ele>
				<time>2021-02-24T11:26:43</time>
			</trkpt>
			<trkpt lat="48.92108992673457" lon="2.9704799316823483">
				<ele>154.0</ele>
				<time>2021-02-24T11:26:48</time>
			</trkpt>
			<trkpt lat="48.921039970591664" lon="2.9703499283641577">
				<ele>153.0</ele>
				<time>2021-02-24T11:26:49</time>
			</trkpt>
			<trkpt lat="48.92085992731154" lon="2.9699199367314577">
				<ele>152.0</ele>
				<time>2021-02-24T11:26:54</time>
			</trkpt>
			<trkpt lat="48.920849952846766" lon="2.9698799550533295">
				<ele>151.0</ele>
				<time>2021-02-24T11:26:54</time>
			</trkpt>
			<trkpt lat="48.92081994563341" lon="2.969749951735139">
				<ele>151.0</ele>
				<time>2021-02-24T11:26:56</time>
			</trkpt>
			<trkpt lat="48.92076998949051" lon="2.969729918986559">
				<ele>152.0</ele>
				<time>2021-02-24T11:26:56</time>
			</trkpt>
			<trkpt lat="48.92072992399335" lon="2.9696899373084307">
				<ele>152.0</ele>
				<time>2021-02-24T11:26:57</time>
			</trkpt>
			<trkpt lat="48.920609978958964" lon="2.96955993399024">
				<ele>153.0</ele>
				<time>2021-02-24T11:26:59</time>
			</trkpt>
			<trkpt lat="48.920589946210384" lon="2.969529926776886">
				<ele>153.0</ele>
				<time>2021-02-24T11:27:00</time>
			</trkpt>
			<trkpt lat="48.92053999006748" lon="2.9694399889558554">
				<ele>152.0</ele>
				<time>2021-02-24T11:27:01</time>
			</trkpt>
			<trkpt lat="48.92050998285413" lon="2.969379974529147">
				<ele>152.0</ele>
				<time>2021-02-24T11:27:01</time>
			</trkpt>
			<trkpt lat="48.92034997232258" lon="2.96914997510612">
				<ele>151.0</ele>
				<time>2021-02-24T11:27:05</time>
			</trkpt>
			<trkpt lat="48.92016992904246" lon="2.968949982896447">
				<ele>151.0</ele>
				<time>2021-02-24T11:27:08</time>
			</trkpt>
			<trkpt lat="48.919989969581366" lon="2.9687599651515484">
				<ele>152.0</ele>
				<time>2021-02-24T11:27:11</time>
			</trkpt>
			<trkpt lat="48.919969936832786" lon="2.9687499906867743">
				<ele>152.0</ele>
				<time>2021-02-24T11:27:11</time>
			</trkpt>
			<trkpt lat="48.91964999958873" lon="2.9684999585151672">
				<ele>153.0</ele>
				<time>2021-02-24T11:27:16</time>
			</trkpt>
			<trkpt lat="48.91947993077338" lon="2.9683999624103308">
				<ele>154.0</ele>
				<time>2021-02-24T11:27:19</time>
			</trkpt>
			<trkpt lat="48.91934992745519" lon="2.9683199990540743">
				<ele>155.0</ele>
				<time>2021-02-24T11:27:21</time>
			</trkpt>
			<trkpt lat="48.91909997910261" lon="2.968199970200658">
				<ele>157.0</ele>
				<time>2021-02-24T11:27:25</time>
			</trkpt>
			<trkpt lat="48.91875992529094" lon="2.9680499341338873">
				<ele>158.0</ele>
				<time>2021-02-24T11:27:30</time>
			</trkpt>
			<trkpt lat="48.91842992976308" lon="2.9678999818861485">
				<ele>160.0</ele>
				<time>2021-02-24T11:27:35</time>
			</trkpt>
			<trkpt lat="48.91651994548738" lon="2.9670099914073944">
				<ele>164.0</ele>
				<time>2021-02-24T11:28:03</time>
			</trkpt>
			<trkpt lat="48.91552995890379" lon="2.9665499925613403">
				<ele>167.0</ele>
				<time>2021-02-24T11:28:18</time>
			</trkpt>
			<trkpt lat="48.91530993394554" lon="2.966439938172698">
				<ele>169.0</ele>
				<time>2021-02-24T11:28:21</time>
			</trkpt>
			<trkpt lat="48.915199963375926" lon="2.9663599748164415">
				<ele>169.0</ele>
				<time>2021-02-24T11:28:23</time>
			</trkpt>
			<trkpt lat="48.91509996727109" lon="2.9662799276411533">
				<ele>169.0</ele>
				<time>2021-02-24T11:28:25</time>
			</trkpt>
			<trkpt lat="48.91487994231284" lon="2.9660799354314804">
				<ele>170.0</ele>
				<time>2021-02-24T11:28:28</time>
			</trkpt>
			<trkpt lat="48.91414996236563" lon="2.965329922735691">
				<ele>167.0</ele>
				<time>2021-02-24T11:28:41</time>
			</trkpt>
			<trkpt lat="48.914079973474145" lon="2.9652399849146605">
				<ele>167.0</ele>
				<time>2021-02-24T11:28:42</time>
			</trkpt>
			<trkpt lat="48.91404996626079" lon="2.9651799704879522">
				<ele>167.0</ele>
				<time>2021-02-24T11:28:43</time>
			</trkpt>
			<trkpt lat="48.91397997736931" lon="2.9650699999183416">
				<ele>166.0</ele>
				<time>2021-02-24T11:28:44</time>
			</trkpt>
			<trkpt lat="48.91393999569118" lon="2.964899931102991">
				<ele>166.0</ele>
				<time>2021-02-24T11:28:46</time>
			</trkpt>
			<trkpt lat="48.91370999626815" lon="2.963399989530444">
				<ele>164.0</ele>
				<time>2021-02-24T11:29:01</time>
			</trkpt>
			<trkpt lat="48.91355996020138" lon="2.96248996630311">
				<ele>165.0</ele>
				<time>2021-02-24T11:29:09</time>
			</trkpt>
			<trkpt lat="48.9135399274528" lon="2.9623899701982737">
				<ele>165.0</ele>
				<time>2021-02-24T11:29:10</time>
			</trkpt>
			<trkpt lat="48.91350992023945" lon="2.9623099230229855">
				<ele>166.0</ele>
				<time>2021-02-24T11:29:11</time>
			</trkpt>
			<trkpt lat="48.91350992023945" lon="2.9622999485582113">
				<ele>166.0</ele>
				<time>2021-02-24T11:29:11</time>
			</trkpt>
			<trkpt lat="48.9134899713099" lon="2.962259966880083">
				<ele>166.0</ele>
				<time>2021-02-24T11:29:12</time>
			</trkpt>
			<trkpt lat="48.91344998963177" lon="2.962199952453375">
				<ele>166.0</ele>
				<time>2021-02-24T11:29:13</time>
			</trkpt>
			<trkpt lat="48.91335996799171" lon="2.9620999563485384">
				<ele>166.0</ele>
				<time>2021-02-24T11:29:14</time>
			</trkpt>
			<trkpt lat="48.913299953565" lon="2.96203994192183">
				<ele>166.0</ele>
				<time>2021-02-24T11:29:15</time>
			</trkpt>
			<trkpt lat="48.913299953565" lon="2.962029967457056">
				<ele>166.0</ele>
				<time>2021-02-24T11:29:15</time>
			</trkpt>
			<trkpt lat="48.91323993913829" lon="2.961989985778928">
				<ele>166.0</ele>
				<time>2021-02-24T11:29:16</time>
			</trkpt>
			<trkpt lat="48.913179924711585" lon="2.961969953030348">
				<ele>166.0</ele>
				<time>2021-02-24T11:29:17</time>
			</trkpt>
			<trkpt lat="48.91311999410391" lon="2.9619599785655737">
				<ele>166.0</ele>
				<time>2021-02-24T11:29:18</time>
			</trkpt>
			<trkpt lat="48.912919918075204" lon="2.9619599785655737">
				<ele>166.0</ele>
				<time>2021-02-24T11:29:21</time>
			</trkpt>
			<trkpt lat="48.91227995976806" lon="2.9621299635618925">
				<ele>167.0</ele>
				<time>2021-02-24T11:29:30</time>
			</trkpt>
			<trkpt lat="48.91191995702684" lon="2.962239934131503">
				<ele>170.0</ele>
				<time>2021-02-24T11:29:35</time>
			</trkpt>
			<trkpt lat="48.911589961498976" lon="2.9623399302363396">
				<ele>171.0</ele>
				<time>2021-02-24T11:29:40</time>
			</trkpt>
			<trkpt lat="48.91142995096743" lon="2.9623799957334995">
				<ele>171.0</ele>
				<time>2021-02-24T11:29:43</time>
			</trkpt>
			<trkpt lat="48.91140991821885" lon="2.9623899701982737">
				<ele>171.0</ele>
				<time>2021-02-24T11:29:43</time>
			</trkpt>
			<trkpt lat="48.91135996207595" lon="2.962399944663048">
				<ele>171.0</ele>
				<time>2021-02-24T11:29:44</time>
			</trkpt>
			<trkpt lat="48.911309922114015" lon="2.9624199774116278">
				<ele>171.0</ele>
				<time>2021-02-24T11:29:44</time>
			</trkpt>
			<trkpt lat="48.91129994764924" lon="2.9624199774116278">
				<ele>171.0</ele>
				<time>2021-02-24T11:29:44</time>
			</trkpt>
			<trkpt lat="48.91111998818815" lon="2.962459959089756">
				<ele>170.0</ele>
				<time>2021-02-24T11:29:47</time>
			</trkpt>
			<trkpt lat="48.91082997433841" lon="2.9625299479812384">
				<ele>170.0</ele>
				<time>2021-02-24T11:29:51</time>
			</trkpt>
			<trkpt lat="48.91060994938016" lon="2.9625499807298183">
				<ele>169.0</ele>
				<time>2021-02-24T11:29:54</time>
			</trkpt>
			<trkpt lat="48.91040995717049" lon="2.96250999905169">
				<ele>169.0</ele>
				<time>2021-02-24T11:29:57</time>
			</trkpt>
			<trkpt lat="48.90976999886334" lon="2.962279999628663">
				<ele>168.0</ele>
				<time>2021-02-24T11:30:07</time>
			</trkpt>
			<trkpt lat="48.90929994173348" lon="2.9620799235999584">
				<ele>168.0</ele>
				<time>2021-02-24T11:30:14</time>
			</trkpt>
			<trkpt lat="48.90906994231045" lon="2.962019992992282">
				<ele>168.0</ele>
				<time>2021-02-24T11:30:17</time>
			</trkpt>
			<trkpt lat="48.90888998284936" lon="2.961989985778928">
				<ele>168.0</ele>
				<time>2021-02-24T11:30:20</time>
			</trkpt>
			<trkpt lat="48.908599968999624" lon="2.9619399458169937">
				<ele>169.0</ele>
				<time>2021-02-24T11:30:24</time>
			</trkpt>
			<trkpt lat="48.908039974048734" lon="2.9618499241769314">
				<ele>170.0</ele>
				<time>2021-02-24T11:30:32</time>
			</trkpt>
			<trkpt lat="48.9079899340868" lon="2.961829975247383">
				<ele>170.0</ele>
				<time>2021-02-24T11:30:33</time>
			</trkpt>
			<trkpt lat="48.90787996351719" lon="2.961799968034029">
				<ele>170.0</ele>
				<time>2021-02-24T11:30:34</time>
			</trkpt>
			<trkpt lat="48.90780997462571" lon="2.961769960820675">
				<ele>169.0</ele>
				<time>2021-02-24T11:30:35</time>
			</trkpt>
			<trkpt lat="48.907589949667454" lon="2.9616699647158384">
				<ele>169.0</ele>
				<time>2021-02-24T11:30:38</time>
			</trkpt>
			<trkpt lat="48.907529935240746" lon="2.9616399575024843">
				<ele>169.0</ele>
				<time>2021-02-24T11:30:39</time>
			</trkpt>
			<trkpt lat="48.90705996192992" lon="2.961349943652749">
				<ele>167.0</ele>
				<time>2021-02-24T11:30:47</time>
			</trkpt>
			<trkpt lat="48.90689995139837" lon="2.9612799547612667">
				<ele>167.0</ele>
				<time>2021-02-24T11:30:49</time>
			</trkpt>
			<trkpt lat="48.906409945338964" lon="2.961129918694496">
				<ele>165.0</ele>
				<time>2021-02-24T11:30:56</time>
			</trkpt>
			<trkpt lat="48.905919939279556" lon="2.9610299225896597">
				<ele>162.0</ele>
				<time>2021-02-24T11:31:03</time>
			</trkpt>
			<trkpt lat="48.90581994317472" lon="2.9610099736601114">
				<ele>162.0</ele>
				<time>2021-02-24T11:31:05</time>
			</trkpt>
			<trkpt lat="48.9044099394232" lon="2.9607599414885044">
				<ele>158.0</ele>
				<time>2021-02-24T11:31:25</time>
			</trkpt>
			<trkpt lat="48.903809962794185" lon="2.960649970918894">
				<ele>157.0</ele>
				<time>2021-02-24T11:31:34</time>
			</trkpt>
			<trkpt lat="48.90315994620323" lon="2.9605299420654774">
				<ele>155.0</ele>
				<time>2021-02-24T11:31:43</time>
			</trkpt>
			<trkpt lat="48.9024499990046" lon="2.960399938747287">
				<ele>152.0</ele>
				<time>2021-02-24T11:31:53</time>
			</trkpt>
			<trkpt lat="48.90172999352217" lon="2.960289968177676">
				<ele>148.0</ele>
				<time>2021-02-24T11:32:04</time>
			</trkpt>
			<trkpt lat="48.901619939133525" lon="2.960279993712902">
				<ele>147.0</ele>
				<time>2021-02-24T11:32:05</time>
			</trkpt>
			<trkpt lat="48.90159999020398" lon="2.9601699393242598">
				<ele>147.0</ele>
				<time>2021-02-24T11:32:06</time>
			</trkpt>
			<trkpt lat="48.90155992470682" lon="2.960039936006069">
				<ele>146.0</ele>
				<time>2021-02-24T11:32:08</time>
			</trkpt>
			<trkpt lat="48.90145992860198" lon="2.9595099482685328">
				<ele>145.0</ele>
				<time>2021-02-24T11:32:13</time>
			</trkpt>
			<trkpt lat="48.901359932497144" lon="2.959079956635833">
				<ele>145.0</ele>
				<time>2021-02-24T11:32:17</time>
			</trkpt>
			<trkpt lat="48.90122992917895" lon="2.9585299361497164">
				<ele>145.0</ele>
				<time>2021-02-24T11:32:22</time>
			</trkpt>
			<trkpt lat="48.9011499658227" lon="2.958239922299981">
				<ele>145.0</ele>
				<time>2021-02-24T11:32:25</time>
			</trkpt>
			<trkpt lat="48.901059944182634" lon="2.95799994841218">
				<ele>146.0</ele>
				<time>2021-02-24T11:32:28</time>
			</trkpt>
			<trkpt lat="48.901039995253086" lon="2.9579499922692776">
				<ele>146.0</ele>
				<time>2021-02-24T11:32:29</time>
			</trkpt>
			<trkpt lat="48.901019962504506" lon="2.9579099267721176">
				<ele>146.0</ele>
				<time>2021-02-24T11:32:29</time>
			</trkpt>
			<trkpt lat="48.9009599480778" lon="2.957779923453927">
				<ele>146.0</ele>
				<time>2021-02-24T11:32:31</time>
			</trkpt>
			<trkpt lat="48.900759955868125" lon="2.957369964569807">
				<ele>148.0</ele>
				<time>2021-02-24T11:32:35</time>
			</trkpt>
			<trkpt lat="48.900629952549934" lon="2.9570099618285894">
				<ele>149.0</ele>
				<time>2021-02-24T11:32:39</time>
			</trkpt>
			<trkpt lat="48.900609919801354" lon="2.9569599218666553">
				<ele>149.0</ele>
				<time>2021-02-24T11:32:40</time>
			</trkpt>
			<trkpt lat="48.90048997476697" lon="2.9565699957311153">
				<ele>149.0</ele>
				<time>2021-02-24T11:32:44</time>
			</trkpt>
			<trkpt lat="48.90040992759168" lon="2.9562699235975742">
				<ele>148.0</ele>
				<time>2021-02-24T11:32:47</time>
			</trkpt>
			<trkpt lat="48.90027992427349" lon="2.955769943073392">
				<ele>148.0</ele>
				<time>2021-02-24T11:32:52</time>
			</trkpt>
			<trkpt lat="48.90001991763711" lon="2.9548299964517355">
				<ele>152.0</ele>
				<time>2021-02-24T11:33:01</time>
			</trkpt>
			<trkpt lat="48.89993995428085" lon="2.954649953171611">
				<ele>152.0</ele>
				<time>2021-02-24T11:33:04</time>
			</trkpt>
			<trkpt lat="48.8998599909246" lon="2.9544999171048403">
				<ele>152.0</ele>
				<time>2021-02-24T11:33:05</time>
			</trkpt>
			<trkpt lat="48.89979997649789" lon="2.9544399864971638">
				<ele>152.0</ele>
				<time>2021-02-24T11:33:06</time>
			</trkpt>
			<trkpt lat="48.89973996207118" lon="2.9543899465352297">
				<ele>152.0</ele>
				<time>2021-02-24T11:33:07</time>
			</trkpt>
			<trkpt lat="48.89967994764447" lon="2.9543399903923273">
				<ele>152.0</ele>
				<time>2021-02-24T11:33:08</time>
			</trkpt>
			<trkpt lat="48.89954994432628" lon="2.954289950430393">
				<ele>151.0</ele>
				<time>2021-02-24T11:33:10</time>
			</trkpt>
			<trkpt lat="48.8994299992919" lon="2.954239994287491">
				<ele>151.0</ele>
				<time>2021-02-24T11:33:12</time>
			</trkpt>
			<trkpt lat="48.89932991936803" lon="2.954199928790331">
				<ele>151.0</ele>
				<time>2021-02-24T11:33:13</time>
			</trkpt>
			<trkpt lat="48.899259930476546" lon="2.9541699215769768">
				<ele>151.0</ele>
				<time>2021-02-24T11:33:15</time>
			</trkpt>
			<trkpt lat="48.899209974333644" lon="2.9541199654340744">
				<ele>151.0</ele>
				<time>2021-02-24T11:33:15</time>
			</trkpt>
			<trkpt lat="48.89915993437171" lon="2.954079983755946">
				<ele>152.0</ele>
				<time>2021-02-24T11:33:16</time>
			</trkpt>
			<trkpt lat="48.89910997822881" lon="2.954019969329238">
				<ele>152.0</ele>
				<time>2021-02-24T11:33:17</time>
			</trkpt>
			<trkpt lat="48.898849971592426" lon="2.953599952161312">
				<ele>154.0</ele>
				<time>2021-02-24T11:33:23</time>
			</trkpt>
			<trkpt lat="48.89870999380946" lon="2.953339945524931">
				<ele>154.0</ele>
				<time>2021-02-24T11:33:26</time>
			</trkpt>
			<trkpt lat="48.89859993942082" lon="2.953149927780032">
				<ele>153.0</ele>
				<time>2021-02-24T11:33:28</time>
			</trkpt>
			<trkpt lat="48.89850991778076" lon="2.9530699644237757">
				<ele>154.0</ele>
				<time>2021-02-24T11:33:30</time>
			</trkpt>
			<trkpt lat="48.89840992167592" lon="2.9529899172484875">
				<ele>155.0</ele>
				<time>2021-02-24T11:33:31</time>
			</trkpt>
			<trkpt lat="48.89820992946625" lon="2.9528599977493286">
				<ele>155.0</ele>
				<time>2021-02-24T11:33:34</time>
			</trkpt>
			<trkpt lat="48.89814999885857" lon="2.9527999833226204">
				<ele>155.0</ele>
				<time>2021-02-24T11:33:35</time>
			</trkpt>
			<trkpt lat="48.89808998443186" lon="2.9527499433606863">
				<ele>155.0</ele>
				<time>2021-02-24T11:33:36</time>
			</trkpt>
			<trkpt lat="48.898029970005155" lon="2.952659921720624">
				<ele>155.0</ele>
				<time>2021-02-24T11:33:37</time>
			</trkpt>
			<trkpt lat="48.897859985008836" lon="2.9523899406194687">
				<ele>155.0</ele>
				<time>2021-02-24T11:33:41</time>
			</trkpt>
			<trkpt lat="48.89779997058213" lon="2.9523199517279863">
				<ele>155.0</ele>
				<time>2021-02-24T11:33:42</time>
			</trkpt>
			<trkpt lat="48.89774993062019" lon="2.9522899445146322">
				<ele>155.0</ele>
				<time>2021-02-24T11:33:43</time>
			</trkpt>
			<trkpt lat="48.897689916193485" lon="2.952249962836504">
				<ele>155.0</ele>
				<time>2021-02-24T11:33:44</time>
			</trkpt>
			<trkpt lat="48.89763996005058" lon="2.95221995562315">
				<ele>155.0</ele>
				<time>2021-02-24T11:33:45</time>
			</trkpt>
			<trkpt lat="48.89747994951904" lon="2.9521799739450216">
				<ele>155.0</ele>
				<time>2021-02-24T11:33:47</time>
			</trkpt>
			<trkpt lat="48.897389927878976" lon="2.9521799739450216">
				<ele>156.0</ele>
				<time>2021-02-24T11:33:48</time>
			</trkpt>
			<trkpt lat="48.897169986739755" lon="2.95221995562315">
				<ele>157.0</ele>
				<time>2021-02-24T11:33:51</time>
			</trkpt>
			<trkpt lat="48.89687997289002" lon="2.95221995562315">
				<ele>158.0</ele>
				<time>2021-02-24T11:33:55</time>
			</trkpt>
			<trkpt lat="48.89655995182693" lon="2.9522099811583757">
				<ele>159.0</ele>
				<time>2021-02-24T11:34:00</time>
			</trkpt>
			<trkpt lat="48.89636993408203" lon="2.9522099811583757">
				<ele>159.0</ele>
				<time>2021-02-24T11:34:03</time>
			</trkpt>
			<trkpt lat="48.89621998183429" lon="2.95221995562315">
				<ele>159.0</ele>
				<time>2021-02-24T11:34:05</time>
			</trkpt>
			<trkpt lat="48.896009931340814" lon="2.95223998837173">
				<ele>160.0</ele>
				<time>2021-02-24T11:34:08</time>
			</trkpt>
			<trkpt lat="48.8958999607712" lon="2.952279970049858">
				<ele>160.0</ele>
				<time>2021-02-24T11:34:10</time>
			</trkpt>
			<trkpt lat="48.89556996524334" lon="2.9523999989032745">
				<ele>161.0</ele>
				<time>2021-02-24T11:34:14</time>
			</trkpt>
			<trkpt lat="48.895539958029985" lon="2.9521899484097958">
				<ele>160.0</ele>
				<time>2021-02-24T11:34:16</time>
			</trkpt>
			<trkpt lat="48.895539958029985" lon="2.9521299339830875">
				<ele>160.0</ele>
				<time>2021-02-24T11:34:17</time>
			</trkpt>
			<trkpt lat="48.89547994360328" lon="2.951599946245551">
				<ele>159.0</ele>
				<time>2021-02-24T11:34:22</time>
			</trkpt>
			<trkpt lat="48.89545999467373" lon="2.9512199945747852">
				<ele>159.0</ele>
				<time>2021-02-24T11:34:26</time>
			</trkpt>
			<trkpt lat="48.8954699691385" lon="2.9510299768298864">
				<ele>159.0</ele>
				<time>2021-02-24T11:34:27</time>
			</trkpt>
			<trkpt lat="48.89550995081663" lon="2.9507899191230536">
				<ele>159.0</ele>
				<time>2021-02-24T11:34:30</time>
			</trkpt>
			<trkpt lat="48.89552998356521" lon="2.9506299924105406">
				<ele>159.0</ele>
				<time>2021-02-24T11:34:31</time>
			</trkpt>
			<trkpt lat="48.89562997967005" lon="2.9501799680292606">
				<ele>158.0</ele>
				<time>2021-02-24T11:34:36</time>
			</trkpt>
			<trkpt lat="48.89563995413482" lon="2.9501399863511324">
				<ele>158.0</ele>
				<time>2021-02-24T11:34:36</time>
			</trkpt>
			<trkpt lat="48.895689994096756" lon="2.9494499880820513">
				<ele>158.0</ele>
				<time>2021-02-24T11:34:43</time>
			</trkpt>
			<trkpt lat="48.89571991749108" lon="2.949309926480055">
				<ele>158.0</ele>
				<time>2021-02-24T11:34:44</time>
			</trkpt>
			<trkpt lat="48.89577993191779" lon="2.94916994869709">
				<ele>158.0</ele>
				<time>2021-02-24T11:34:46</time>
			</trkpt>
			<trkpt lat="48.895859979093075" lon="2.9490699525922537">
				<ele>158.0</ele>
				<time>2021-02-24T11:34:47</time>
			</trkpt>
			<trkpt lat="48.895949916914105" lon="2.948969956487417">
				<ele>159.0</ele>
				<time>2021-02-24T11:34:49</time>
			</trkpt>
			<trkpt lat="48.896139934659004" lon="2.94873995706439">
				<ele>159.0</ele>
				<time>2021-02-24T11:34:52</time>
			</trkpt>
			<trkpt lat="48.89625996351242" lon="2.9485899209976196">
				<ele>159.0</ele>
				<time>2021-02-24T11:34:54</time>
			</trkpt>
			<trkpt lat="48.89630991965532" lon="2.948469975963235">
				<ele>159.0</ele>
				<time>2021-02-24T11:34:56</time>
			</trkpt>
			<trkpt lat="48.89634998515248" lon="2.948279958218336">
				<ele>159.0</ele>
				<time>2021-02-24T11:34:58</time>
			</trkpt>
			<trkpt lat="48.89636993408203" lon="2.948099998757243">
				<ele>160.0</ele>
				<time>2021-02-24T11:34:59</time>
			</trkpt>
			<trkpt lat="48.89636993408203" lon="2.947839992120862">
				<ele>160.0</ele>
				<time>2021-02-24T11:35:02</time>
			</trkpt>
			<trkpt lat="48.89635995961726" lon="2.947609992697835">
				<ele>159.0</ele>
				<time>2021-02-24T11:35:04</time>
			</trkpt>
			<trkpt lat="48.8963299524039" lon="2.9474299494177103">
				<ele>159.0</ele>
				<time>2021-02-24T11:35:06</time>
			</trkpt>
			<trkpt lat="48.89630991965532" lon="2.947369934991002">
				<ele>159.0</ele>
				<time>2021-02-24T11:35:06</time>
			</trkpt>
			<trkpt lat="48.89624998904765" lon="2.9471799172461033">
				<ele>159.0</ele>
				<time>2021-02-24T11:35:08</time>
			</trkpt>
			<trkpt lat="48.89619994908571" lon="2.9470099322497845">
				<ele>158.0</ele>
				<time>2021-02-24T11:35:10</time>
			</trkpt>
			<trkpt lat="48.89612996019423" lon="2.9467699583619833">
				<ele>157.0</ele>
				<time>2021-02-24T11:35:12</time>
			</trkpt>
			<trkpt lat="48.896079920232296" lon="2.946469970047474">
				<ele>156.0</ele>
				<time>2021-02-24T11:35:15</time>
			</trkpt>
			<trkpt lat="48.896029964089394" lon="2.946189930662513">
				<ele>156.0</ele>
				<time>2021-02-24T11:35:18</time>
			</trkpt>
			<trkpt lat="48.89593994244933" lon="2.945399936288595">
				<ele>155.0</ele>
				<time>2021-02-24T11:35:26</time>
			</trkpt>
			<trkpt lat="48.89584992080927" lon="2.9446299746632576">
				<ele>155.0</ele>
				<time>2021-02-24T11:35:33</time>
			</trkpt>
			<trkpt lat="48.895839946344495" lon="2.9445399530231953">
				<ele>156.0</ele>
				<time>2021-02-24T11:35:34</time>
			</trkpt>
			<trkpt lat="48.89575998298824" lon="2.9435699991881847">
				<ele>158.0</ele>
				<time>2021-02-24T11:35:43</time>
			</trkpt>
			<trkpt lat="48.89574992470443" lon="2.943349974229932">
				<ele>159.0</ele>
				<time>2021-02-24T11:35:45</time>
			</trkpt>
			<trkpt lat="48.89574992470443" lon="2.9430899675935507">
				<ele>159.0</ele>
				<time>2021-02-24T11:35:48</time>
			</trkpt>
			<trkpt lat="48.89576995745301" lon="2.942749997600913">
				<ele>159.0</ele>
				<time>2021-02-24T11:35:51</time>
			</trkpt>
			<trkpt lat="48.89587992802262" lon="2.941789934411645">
				<ele>158.0</ele>
				<time>2021-02-24T11:36:00</time>
			</trkpt>
			<trkpt lat="48.8958999607712" lon="2.941559934988618">
				<ele>158.0</ele>
				<time>2021-02-24T11:36:02</time>
			</trkpt>
			<trkpt lat="48.89592996798456" lon="2.9408299550414085">
				<ele>158.0</ele>
				<time>2021-02-24T11:36:09</time>
			</trkpt>
			<trkpt lat="48.89592996798456" lon="2.940759966149926">
				<ele>158.0</ele>
				<time>2021-02-24T11:36:10</time>
			</trkpt>
			<trkpt lat="48.89591999351978" lon="2.940709926187992">
				<ele>158.0</ele>
				<time>2021-02-24T11:36:10</time>
			</trkpt>
			<trkpt lat="48.89587992802262" lon="2.940499959513545">
				<ele>157.0</ele>
				<time>2021-02-24T11:36:12</time>
			</trkpt>
			<trkpt lat="48.89581999741495" lon="2.940549999475479">
				<ele>157.0</ele>
				<time>2021-02-24T11:36:13</time>
			</trkpt>
			<trkpt lat="48.895389921963215" lon="2.9408399295061827">
				<ele>157.0</ele>
				<time>2021-02-24T11:36:20</time>
			</trkpt>
			<trkpt lat="48.89513997361064" lon="2.9405399411916733">
				<ele>156.0</ele>
				<time>2021-02-24T11:36:24</time>
			</trkpt>
			<trkpt lat="48.895109966397285" lon="2.940499959513545">
				<ele>156.0</ele>
				<time>2021-02-24T11:36:25</time>
			</trkpt>
			<trkpt lat="48.89507995918393" lon="2.940459977835417">
				<ele>156.0</ele>
				<time>2021-02-24T11:36:26</time>
			</trkpt>
			<trkpt lat="48.894209917634726" lon="2.9393099807202816">
				<ele>154.0</ele>
				<time>2021-02-24T11:36:42</time>
			</trkpt>
			<trkpt lat="48.89401998370886" lon="2.938979985192418">
				<ele>153.0</ele>
				<time>2021-02-24T11:36:46</time>
			</trkpt>
			<trkpt lat="48.893839940428734" lon="2.9386499896645546">
				<ele>153.0</ele>
				<time>2021-02-24T11:36:50</time>
			</trkpt>
			<trkpt lat="48.89356995932758" lon="2.938089994713664">
				<ele>155.0</ele>
				<time>2021-02-24T11:36:57</time>
			</trkpt>
			<trkpt lat="48.89350994490087" lon="2.9379699658602476">
				<ele>155.0</ele>
				<time>2021-02-24T11:36:58</time>
			</trkpt>
			<trkpt lat="48.893409948796034" lon="2.9377699736505747">
				<ele>154.0</ele>
				<time>2021-02-24T11:37:01</time>
			</trkpt>
			<trkpt lat="48.89301993884146" lon="2.936929939314723">
				<ele>154.0</ele>
				<time>2021-02-24T11:37:10</time>
			</trkpt>
			<trkpt lat="48.89238995499909" lon="2.935609957203269">
				<ele>155.0</ele>
				<time>2021-02-24T11:37:26</time>
			</trkpt>
			<trkpt lat="48.89230999164283" lon="2.9354599211364985">
				<ele>156.0</ele>
				<time>2021-02-24T11:37:27</time>
			</trkpt>
			<trkpt lat="48.892229944467545" lon="2.935359925031662">
				<ele>156.0</ele>
				<time>2021-02-24T11:37:29</time>
			</trkpt>
			<trkpt lat="48.89215995557606" lon="2.9352899361401796">
				<ele>156.0</ele>
				<time>2021-02-24T11:37:30</time>
			</trkpt>
			<trkpt lat="48.892039926722646" lon="2.935189940035343">
				<ele>156.0</ele>
				<time>2021-02-24T11:37:32</time>
			</trkpt>
			<trkpt lat="48.89197999611497" lon="2.935169991105795">
				<ele>156.0</ele>
				<time>2021-02-24T11:37:33</time>
			</trkpt>
			<trkpt lat="48.89186994172633" lon="2.935149958357215">
				<ele>156.0</ele>
				<time>2021-02-24T11:37:34</time>
			</trkpt>
			<trkpt lat="48.8918299600482" lon="2.9350899439305067">
				<ele>156.0</ele>
				<time>2021-02-24T11:37:35</time>
			</trkpt>
			<trkpt lat="48.89180992729962" lon="2.9350499622523785">
				<ele>156.0</ele>
				<time>2021-02-24T11:37:36</time>
			</trkpt>
			<trkpt lat="48.891779920086265" lon="2.9349999222904444">
				<ele>156.0</ele>
				<time>2021-02-24T11:37:36</time>
			</trkpt>
			<trkpt lat="48.89172996394336" lon="2.934949966147542">
				<ele>156.0</ele>
				<time>2021-02-24T11:37:37</time>
			</trkpt>
			<trkpt lat="48.891649916768074" lon="2.9348799772560596">
				<ele>155.0</ele>
				<time>2021-02-24T11:37:39</time>
			</trkpt>
			<trkpt lat="48.89153994619846" lon="2.9348199628293514">
				<ele>155.0</ele>
				<time>2021-02-24T11:37:40</time>
			</trkpt>
			<trkpt lat="48.89146995730698" lon="2.9347999300807714">
				<ele>154.0</ele>
				<time>2021-02-24T11:37:41</time>
			</trkpt>
			<trkpt lat="48.89135998673737" lon="2.9347699228674173">
				<ele>154.0</ele>
				<time>2021-02-24T11:37:43</time>
			</trkpt>
			<trkpt lat="48.8912099506706" lon="2.934729941189289">
				<ele>153.0</ele>
				<time>2021-02-24T11:37:45</time>
			</trkpt>
			<trkpt lat="48.8910199329257" lon="2.934669926762581">
				<ele>152.0</ele>
				<time>2021-02-24T11:37:48</time>
			</trkpt>
			<trkpt lat="48.89100995846093" lon="2.934499941766262">
				<ele>153.0</ele>
				<time>2021-02-24T11:37:49</time>
			</trkpt>
			<trkpt lat="48.8910199329257" lon="2.9342299606651068">
				<ele>154.0</ele>
				<time>2021-02-24T11:37:52</time>
			</trkpt>
			<trkpt lat="48.89111992903054" lon="2.933349944651127">
				<ele>155.0</ele>
				<time>2021-02-24T11:38:00</time>
			</trkpt>
			<trkpt lat="48.89113996177912" lon="2.933179959654808">
				<ele>155.0</ele>
				<time>2021-02-24T11:38:02</time>
			</trkpt>
			<trkpt lat="48.8911599945277" lon="2.9328099824488163">
				<ele>154.0</ele>
				<time>2021-02-24T11:38:05</time>
			</trkpt>
			<trkpt lat="48.8911599945277" lon="2.932549975812435">
				<ele>153.0</ele>
				<time>2021-02-24T11:38:08</time>
			</trkpt>
			<trkpt lat="48.8911599945277" lon="2.932479986920953">
				<ele>153.0</ele>
				<time>2021-02-24T11:38:09</time>
			</trkpt>
			<trkpt lat="48.89113996177912" lon="2.9323599580675364">
				<ele>153.0</ele>
				<time>2021-02-24T11:38:10</time>
			</trkpt>
			<trkpt lat="48.89111992903054" lon="2.93227999471128">
				<ele>153.0</ele>
				<time>2021-02-24T11:38:10</time>
			</trkpt>
			<trkpt lat="48.89107994735241" lon="2.9321699403226376">
				<ele>153.0</ele>
				<time>2021-02-24T11:38:12</time>
			</trkpt>
			<trkpt lat="48.89060997404158" lon="2.9317899886518717">
				<ele>153.0</ele>
				<time>2021-02-24T11:38:19</time>
			</trkpt>
			<trkpt lat="48.89045993797481" lon="2.931659985333681">
				<ele>153.0</ele>
				<time>2021-02-24T11:38:22</time>
			</trkpt>
			<trkpt lat="48.89038994908333" lon="2.931599970906973">
				<ele>153.0</ele>
				<time>2021-02-24T11:38:23</time>
			</trkpt>
			<trkpt lat="48.890359941869974" lon="2.931549930945039">
				<ele>153.0</ele>
				<time>2021-02-24T11:38:24</time>
			</trkpt>
			<trkpt lat="48.890359941869974" lon="2.9315399564802647">
				<ele>153.0</ele>
				<time>2021-02-24T11:38:24</time>
			</trkpt>
			<trkpt lat="48.89047997072339" lon="2.9310299176722765">
				<ele>152.0</ele>
				<time>2021-02-24T11:38:29</time>
			</trkpt>
			<trkpt lat="48.890589941293" lon="2.9306399915367365">
				<ele>152.0</ele>
				<time>2021-02-24T11:38:33</time>
			</trkpt>
			<trkpt lat="48.890619948506355" lon="2.930489955469966">
				<ele>151.0</ele>
				<time>2021-02-24T11:38:34</time>
			</trkpt>
			<trkpt lat="48.89066998846829" lon="2.930299937725067">
				<ele>151.0</ele>
				<time>2021-02-24T11:38:36</time>
			</trkpt>
			<trkpt lat="48.89070997014642" lon="2.9301299527287483">
				<ele>151.0</ele>
				<time>2021-02-24T11:38:38</time>
			</trkpt>
			<trkpt lat="48.89073997735977" lon="2.9300199821591377">
				<ele>151.0</ele>
				<time>2021-02-24T11:38:39</time>
			</trkpt>
			<trkpt lat="48.89081994071603" lon="2.9297299683094025">
				<ele>151.0</ele>
				<time>2021-02-24T11:38:42</time>
			</trkpt>
			<trkpt lat="48.89085992239416" lon="2.9295899905264378">
				<ele>151.0</ele>
				<time>2021-02-24T11:38:43</time>
			</trkpt>
			<trkpt lat="48.890939969569445" lon="2.9292799439281225">
				<ele>151.0</ele>
				<time>2021-02-24T11:38:46</time>
			</trkpt>
			<trkpt lat="48.8909699767828" lon="2.92918992228806">
				<ele>150.0</ele>
				<time>2021-02-24T11:38:47</time>
			</trkpt>
			<trkpt lat="48.89103996567428" lon="2.9289299994707108">
				<ele>151.0</ele>
				<time>2021-02-24T11:38:50</time>
			</trkpt>
			<trkpt lat="48.89109998010099" lon="2.928699916228652">
				<ele>152.0</ele>
				<time>2021-02-24T11:38:52</time>
			</trkpt>
			<trkpt lat="48.89111992903054" lon="2.9286499600857496">
				<ele>152.0</ele>
				<time>2021-02-24T11:38:53</time>
			</trkpt>
			<trkpt lat="48.89112998731434" lon="2.928569996729493">
				<ele>152.0</ele>
				<time>2021-02-24T11:38:54</time>
			</trkpt>
			<trkpt lat="48.89114993624389" lon="2.9284499678760767">
				<ele>153.0</ele>
				<time>2021-02-24T11:38:55</time>
			</trkpt>
			<trkpt lat="48.891179943457246" lon="2.928269924595952">
				<ele>154.0</ele>
				<time>2021-02-24T11:38:57</time>
			</trkpt>
			<trkpt lat="48.89122998341918" lon="2.928029950708151">
				<ele>153.0</ele>
				<time>2021-02-24T11:38:59</time>
			</trkpt>
			<trkpt lat="48.891309946775436" lon="2.9275299701839685">
				<ele>151.0</ele>
				<time>2021-02-24T11:39:04</time>
			</trkpt>
			<trkpt lat="48.891369961202145" lon="2.9270999785512686">
				<ele>151.0</ele>
				<time>2021-02-24T11:39:08</time>
			</trkpt>
			<trkpt lat="48.891389993950725" lon="2.926999982446432">
				<ele>150.0</ele>
				<time>2021-02-24T11:39:09</time>
			</trkpt>
			<trkpt lat="48.891519997268915" lon="2.9259699303656816">
				<ele>149.0</ele>
				<time>2021-02-24T11:39:19</time>
			</trkpt>
			<trkpt lat="48.89161999337375" lon="2.9252499248832464">
				<ele>148.0</ele>
				<time>2021-02-24T11:39:26</time>
			</trkpt>
			<trkpt lat="48.89169995673001" lon="2.9246699810028076">
				<ele>147.0</ele>
				<time>2021-02-24T11:39:31</time>
			</trkpt>
			<trkpt lat="48.89169995673001" lon="2.9246299993246794">
				<ele>147.0</ele>
				<time>2021-02-24T11:39:32</time>
			</trkpt>
			<trkpt lat="48.89176994562149" lon="2.924109986051917">
				<ele>147.0</ele>
				<time>2021-02-24T11:39:37</time>
			</trkpt>
			<trkpt lat="48.891799952834845" lon="2.923819972202182">
				<ele>146.0</ele>
				<time>2021-02-24T11:39:39</time>
			</trkpt>
			<trkpt lat="48.8918299600482" lon="2.923659961670637">
				<ele>146.0</ele>
				<time>2021-02-24T11:39:41</time>
			</trkpt>
			<trkpt lat="48.89202995225787" lon="2.922499990090728">
				<ele>147.0</ele>
				<time>2021-02-24T11:39:52</time>
			</trkpt>
			<trkpt lat="48.892039926722646" lon="2.9224699828773737">
				<ele>147.0</ele>
				<time>2021-02-24T11:39:53</time>
			</trkpt>
			<trkpt lat="48.89223991893232" lon="2.9217199701815844">
				<ele>144.0</ele>
				<time>2021-02-24T11:40:00</time>
			</trkpt>
			<trkpt lat="48.892469918355346" lon="2.920979931950569">
				<ele>142.0</ele>
				<time>2021-02-24T11:40:08</time>
			</trkpt>
			<trkpt lat="48.89251995831728" lon="2.9208499286323786">
				<ele>142.0</ele>
				<time>2021-02-24T11:40:09</time>
			</trkpt>
			<trkpt lat="48.892619954422116" lon="2.9205799475312233">
				<ele>142.0</ele>
				<time>2021-02-24T11:40:12</time>
			</trkpt>
			<trkpt lat="48.89271995052695" lon="2.920259926468134">
				<ele>142.0</ele>
				<time>2021-02-24T11:40:15</time>
			</trkpt>
			<trkpt lat="48.89331992715597" lon="2.91852998547256">
				<ele>139.0</ele>
				<time>2021-02-24T11:40:34</time>
			</trkpt>
			<trkpt lat="48.89333995990455" lon="2.9184499382972717">
				<ele>139.0</ele>
				<time>2021-02-24T11:40:35</time>
			</trkpt>
			<trkpt lat="48.893389999866486" lon="2.9182299971580505">
				<ele>139.0</ele>
				<time>2021-02-24T11:40:37</time>
			</trkpt>
			<trkpt lat="48.89341992326081" lon="2.9180199466645718">
				<ele>139.0</ele>
				<time>2021-02-24T11:40:39</time>
			</trkpt>
			<trkpt lat="48.893559984862804" lon="2.916979920119047">
				<ele>138.0</ele>
				<time>2021-02-24T11:40:49</time>
			</trkpt>
			<trkpt lat="48.89361999928951" lon="2.9165999684482813">
				<ele>138.0</ele>
				<time>2021-02-24T11:40:53</time>
			</trkpt>
			<trkpt lat="48.893649922683835" lon="2.91635999456048">
				<ele>138.0</ele>
				<time>2021-02-24T11:40:55</time>
			</trkpt>
			<trkpt lat="48.89367992989719" lon="2.916139969602227">
				<ele>137.0</ele>
				<time>2021-02-24T11:40:57</time>
			</trkpt>
			<trkpt lat="48.89375997707248" lon="2.9154699202626944">
				<ele>134.0</ele>
				<time>2021-02-24T11:41:03</time>
			</trkpt>
			<trkpt lat="48.893949994817376" lon="2.913419958204031">
				<ele>131.0</ele>
				<time>2021-02-24T11:41:23</time>
			</trkpt>
			<trkpt lat="48.893969943746924" lon="2.913239998742938">
				<ele>131.0</ele>
				<time>2021-02-24T11:41:25</time>
			</trkpt>
			<trkpt lat="48.8939799182117" lon="2.9130999371409416">
				<ele>131.0</ele>
				<time>2021-02-24T11:41:26</time>
			</trkpt>
			<trkpt lat="48.893989976495504" lon="2.9129199776798487">
				<ele>131.0</ele>
				<time>2021-02-24T11:41:28</time>
			</trkpt>
			<trkpt lat="48.89399995096028" lon="2.91274999268353">
				<ele>130.0</ele>
				<time>2021-02-24T11:41:29</time>
			</trkpt>
			<trkpt lat="48.893989976495504" lon="2.9125799238681793">
				<ele>129.0</ele>
				<time>2021-02-24T11:41:31</time>
			</trkpt>
			<trkpt lat="48.8939799182117" lon="2.912499960511923">
				<ele>129.0</ele>
				<time>2021-02-24T11:41:32</time>
			</trkpt>
			<trkpt lat="48.893969943746924" lon="2.9123999644070864">
				<ele>129.0</ele>
				<time>2021-02-24T11:41:32</time>
			</trkpt>
			<trkpt lat="48.89395996928215" lon="2.912319917231798">
				<ele>129.0</ele>
				<time>2021-02-24T11:41:33</time>
			</trkpt>
			<trkpt lat="48.89391998760402" lon="2.912049936130643">
				<ele>128.0</ele>
				<time>2021-02-24T11:41:36</time>
			</trkpt>
			<trkpt lat="48.89389995485544" lon="2.9119499400258064">
				<ele>128.0</ele>
				<time>2021-02-24T11:41:37</time>
			</trkpt>
			<trkpt lat="48.89387992210686" lon="2.911879951134324">
				<ele>128.0</ele>
				<time>2021-02-24T11:41:38</time>
			</trkpt>
			<trkpt lat="48.89378998428583" lon="2.9115799628198147">
				<ele>128.0</ele>
				<time>2021-02-24T11:41:41</time>
			</trkpt>
			<trkpt lat="48.89374991878867" lon="2.911449959501624">
				<ele>127.0</ele>
				<time>2021-02-24T11:41:42</time>
			</trkpt>
			<trkpt lat="48.89357993379235" lon="2.9110599495470524">
				<ele>127.0</ele>
				<time>2021-02-24T11:41:46</time>
			</trkpt>
			<trkpt lat="48.89339997433126" lon="2.9106099251657724">
				<ele>126.0</ele>
				<time>2021-02-24T11:41:51</time>
			</trkpt>
			<trkpt lat="48.89332998543978" lon="2.910309936851263">
				<ele>126.0</ele>
				<time>2021-02-24T11:41:54</time>
			</trkpt>
			<trkpt lat="48.89327994547784" lon="2.9099999740719795">
				<ele>125.0</ele>
				<time>2021-02-24T11:41:57</time>
			</trkpt>
			<trkpt lat="48.89328991994262" lon="2.9097199346870184">
				<ele>125.0</ele>
				<time>2021-02-24T11:42:00</time>
			</trkpt>
			<trkpt lat="48.8933099526912" lon="2.909389939159155">
				<ele>124.0</ele>
				<time>2021-02-24T11:42:03</time>
			</trkpt>
			<trkpt lat="48.893349934369326" lon="2.909199921414256">
				<ele>124.0</ele>
				<time>2021-02-24T11:42:05</time>
			</trkpt>
			<trkpt lat="48.89335999265313" lon="2.9091099835932255">
				<ele>123.0</ele>
				<time>2021-02-24T11:42:06</time>
			</trkpt>
			<trkpt lat="48.89337994158268" lon="2.909009987488389">
				<ele>123.0</ele>
				<time>2021-02-24T11:42:07</time>
			</trkpt>
			<trkpt lat="48.89339997433126" lon="2.908929940313101">
				<ele>122.0</ele>
				<time>2021-02-24T11:42:08</time>
			</trkpt>
			<trkpt lat="48.89341992326081" lon="2.9088599514216185">
				<ele>122.0</ele>
				<time>2021-02-24T11:42:08</time>
			</trkpt>
			<trkpt lat="48.89327994547784" lon="2.908949973061681">
				<ele>123.0</ele>
				<time>2021-02-24T11:42:10</time>
			</trkpt>
			<trkpt lat="48.89324993826449" lon="2.908959947526455">
				<ele>123.0</ele>
				<time>2021-02-24T11:42:11</time>
			</trkpt>
			<trkpt lat="48.89319998212159" lon="2.908979980275035">
				<ele>123.0</ele>
				<time>2021-02-24T11:42:12</time>
			</trkpt>
			<trkpt lat="48.893049946054816" lon="2.909019961953163">
				<ele>124.0</ele>
				<time>2021-02-24T11:42:14</time>
			</trkpt>
			<trkpt lat="48.892789939418435" lon="2.908959947526455">
				<ele>124.0</ele>
				<time>2021-02-24T11:42:18</time>
			</trkpt>
			<trkpt lat="48.892599921673536" lon="2.9088799841701984">
				<ele>124.0</ele>
				<time>2021-02-24T11:42:20</time>
			</trkpt>
			<trkpt lat="48.8924999255687" lon="2.9088399186730385">
				<ele>124.0</ele>
				<time>2021-02-24T11:42:22</time>
			</trkpt>
			<trkpt lat="48.8924499694258" lon="2.90881996974349">
				<ele>124.0</ele>
				<time>2021-02-24T11:42:23</time>
			</trkpt>
			<trkpt lat="48.892379980534315" lon="2.908779988065362">
				<ele>124.0</ele>
				<time>2021-02-24T11:42:24</time>
			</trkpt>
			<trkpt lat="48.89188997447491" lon="2.9083999525755644">
				<ele>123.0</ele>
				<time>2021-02-24T11:42:32</time>
			</trkpt>
			<trkpt lat="48.891669949516654" lon="2.908269949257374">
				<ele>123.0</ele>
				<time>2021-02-24T11:42:35</time>
			</trkpt>
			<trkpt lat="48.89156995341182" lon="2.9082299675792456">
				<ele>123.0</ele>
				<time>2021-02-24T11:42:36</time>
			</trkpt>
			<trkpt lat="48.89131992124021" lon="2.9081399459391832">
				<ele>122.0</ele>
				<time>2021-02-24T11:42:40</time>
			</trkpt>
			<trkpt lat="48.89126996509731" lon="2.9081399459391832">
				<ele>122.0</ele>
				<time>2021-02-24T11:42:41</time>
			</trkpt>
			<trkpt lat="48.89118991792202" lon="2.908129971474409">
				<ele>122.0</ele>
				<time>2021-02-24T11:42:42</time>
			</trkpt>
			<trkpt lat="48.891069972887635" lon="2.908119997009635">
				<ele>123.0</ele>
				<time>2021-02-24T11:42:44</time>
			</trkpt>
			<trkpt lat="48.89095991849899" lon="2.908129971474409">
				<ele>123.0</ele>
				<time>2021-02-24T11:42:45</time>
			</trkpt>
			<trkpt lat="48.89086998067796" lon="2.9081399459391832">
				<ele>124.0</ele>
				<time>2021-02-24T11:42:47</time>
			</trkpt>
			<trkpt lat="48.89059999957681" lon="2.9082099348306656">
				<ele>126.0</ele>
				<time>2021-02-24T11:42:50</time>
			</trkpt>
			<trkpt lat="48.890489945188165" lon="2.9082399420440197">
				<ele>127.0</ele>
				<time>2021-02-24T11:42:52</time>
			</trkpt>
			<trkpt lat="48.89044996351004" lon="2.908249916508794">
				<ele>128.0</ele>
				<time>2021-02-24T11:42:53</time>
			</trkpt>
			<trkpt lat="48.8899199757725" lon="2.9084399342536926">
				<ele>126.0</ele>
				<time>2021-02-24T11:43:00</time>
			</trkpt>
			<trkpt lat="48.889499958604574" lon="2.9085999447852373">
				<ele>125.0</ele>
				<time>2021-02-24T11:43:07</time>
			</trkpt>
			<trkpt lat="48.88940993696451" lon="2.9086299519985914">
				<ele>125.0</ele>
				<time>2021-02-24T11:43:08</time>
			</trkpt>
			<trkpt lat="48.88927993364632" lon="2.9086799919605255">
				<ele>125.0</ele>
				<time>2021-02-24T11:43:10</time>
			</trkpt>
			<trkpt lat="48.88915998861194" lon="2.9087099991738796">
				<ele>125.0</ele>
				<time>2021-02-24T11:43:12</time>
			</trkpt>
			<trkpt lat="48.889069966971874" lon="2.908739922568202">
				<ele>125.0</ele>
				<time>2021-02-24T11:43:13</time>
			</trkpt>
			<trkpt lat="48.888639975339174" lon="2.9088399186730385">
				<ele>122.0</ele>
				<time>2021-02-24T11:43:19</time>
			</trkpt>
			<trkpt lat="48.88826999813318" lon="2.9089199658483267">
				<ele>121.0</ele>
				<time>2021-02-24T11:43:24</time>
			</trkpt>
			<trkpt lat="48.888019965961576" lon="2.908979980275035">
				<ele>119.0</ele>
				<time>2021-02-24T11:43:28</time>
			</trkpt>
			<trkpt lat="48.8875799998641" lon="2.9091199580579996">
				<ele>118.0</ele>
				<time>2021-02-24T11:43:35</time>
			</trkpt>
			<trkpt lat="48.88731999322772" lon="2.909209979698062">
				<ele>117.0</ele>
				<time>2021-02-24T11:43:38</time>
			</trkpt>
			<trkpt lat="48.88712997548282" lon="2.9092799685895443">
				<ele>116.0</ele>
				<time>2021-02-24T11:43:41</time>
			</trkpt>
			<trkpt lat="48.8869599904865" lon="2.9093299247324467">
				<ele>116.0</ele>
				<time>2021-02-24T11:43:44</time>
			</trkpt>
			<trkpt lat="48.88675999827683" lon="2.9093399830162525">
				<ele>115.0</ele>
				<time>2021-02-24T11:43:46</time>
			</trkpt>
			<trkpt lat="48.886579954996705" lon="2.9093399830162525">
				<ele>115.0</ele>
				<time>2021-02-24T11:43:49</time>
			</trkpt>
			<trkpt lat="48.886039992794394" lon="2.90926999412477">
				<ele>113.0</ele>
				<time>2021-02-24T11:43:57</time>
			</trkpt>
			<trkpt lat="48.88596992008388" lon="2.9092599358409643">
				<ele>113.0</ele>
				<time>2021-02-24T11:43:58</time>
			</trkpt>
			<trkpt lat="48.88587998226285" lon="2.9092599358409643">
				<ele>112.0</ele>
				<time>2021-02-24T11:43:59</time>
			</trkpt>
			<trkpt lat="48.88561997562647" lon="2.9092599358409643">
				<ele>110.0</ele>
				<time>2021-02-24T11:44:03</time>
			</trkpt>
			<trkpt lat="48.88553992845118" lon="2.9092599358409643">
				<ele>110.0</ele>
				<time>2021-02-24T11:44:04</time>
			</trkpt>
			<trkpt lat="48.88530992902815" lon="2.9092899430543184">
				<ele>109.0</ele>
				<time>2021-02-24T11:44:07</time>
			</trkpt>
			<trkpt lat="48.88514991849661" lon="2.9093299247324467">
				<ele>109.0</ele>
				<time>2021-02-24T11:44:10</time>
			</trkpt>
			<trkpt lat="48.88510993681848" lon="2.9093499574810266">
				<ele>109.0</ele>
				<time>2021-02-24T11:44:10</time>
			</trkpt>
			<trkpt lat="48.88505998067558" lon="2.909359931945801">
				<ele>108.0</ele>
				<time>2021-02-24T11:44:11</time>
			</trkpt>
			<trkpt lat="48.88487993739545" lon="2.909419946372509">
				<ele>107.0</ele>
				<time>2021-02-24T11:44:13</time>
			</trkpt>
			<trkpt lat="48.884429996833205" lon="2.9095699824392796">
				<ele>105.0</ele>
				<time>2021-02-24T11:44:20</time>
			</trkpt>
			<trkpt lat="48.8844199385494" lon="2.9095599241554737">
				<ele>105.0</ele>
				<time>2021-02-24T11:44:20</time>
			</trkpt>
			<trkpt lat="48.88439998961985" lon="2.9095599241554737">
				<ele>105.0</ele>
				<time>2021-02-24T11:44:21</time>
			</trkpt>
			<trkpt lat="48.88437995687127" lon="2.9095499496906996">
				<ele>105.0</ele>
				<time>2021-02-24T11:44:21</time>
			</trkpt>
			<trkpt lat="48.8843699824065" lon="2.9095499496906996">
				<ele>105.0</ele>
				<time>2021-02-24T11:44:21</time>
			</trkpt>
			<trkpt lat="48.88435992412269" lon="2.9095399752259254">
				<ele>105.0</ele>
				<time>2021-02-24T11:44:21</time>
			</trkpt>
			<trkpt lat="48.88433997519314" lon="2.9095099680125713">
				<ele>105.0</ele>
				<time>2021-02-24T11:44:22</time>
			</trkpt>
			<trkpt lat="48.88372994028032" lon="2.9086899664252996">
				<ele>103.0</ele>
				<time>2021-02-24T11:44:33</time>
			</trkpt>
			<trkpt lat="48.883569929748774" lon="2.9084699414670467">
				<ele>103.0</ele>
				<time>2021-02-24T11:44:36</time>
			</trkpt>
			<trkpt lat="48.88344998471439" lon="2.908299956470728">
				<ele>103.0</ele>
				<time>2021-02-24T11:44:39</time>
			</trkpt>
			<trkpt lat="48.88333993032575" lon="2.9081399459391832">
				<ele>102.0</ele>
				<time>2021-02-24T11:44:41</time>
			</trkpt>
			<trkpt lat="48.8831299636513" lon="2.907839957624674">
				<ele>100.0</ele>
				<time>2021-02-24T11:44:45</time>
			</trkpt>
			<trkpt lat="48.88304991647601" lon="2.9077199287712574">
				<ele>100.0</ele>
				<time>2021-02-24T11:44:47</time>
			</trkpt>
			<trkpt lat="48.882989985868335" lon="2.907649939879775">
				<ele>100.0</ele>
				<time>2021-02-24T11:44:48</time>
			</trkpt>
			<trkpt lat="48.882839949801564" lon="2.9074599221348763">
				<ele>99.0</ele>
				<time>2021-02-24T11:44:50</time>
			</trkpt>
			<trkpt lat="48.88265999034047" lon="2.907239980995655">
				<ele>99.0</ele>
				<time>2021-02-24T11:44:54</time>
			</trkpt>
			<trkpt lat="48.88252998702228" lon="2.9070999193936586">
				<ele>98.0</ele>
				<time>2021-02-24T11:44:56</time>
			</trkpt>
			<trkpt lat="48.88243996538222" lon="2.907009981572628">
				<ele>98.0</ele>
				<time>2021-02-24T11:44:58</time>
			</trkpt>
			<trkpt lat="48.882219940423965" lon="2.906809989362955">
				<ele>97.0</ele>
				<time>2021-02-24T11:45:01</time>
			</trkpt>
			<trkpt lat="48.882079962641" lon="2.9066799860447645">
				<ele>97.0</ele>
				<time>2021-02-24T11:45:04</time>
			</trkpt>
			<trkpt lat="48.88206998817623" lon="2.9066699277609587">
				<ele>97.0</ele>
				<time>2021-02-24T11:45:04</time>
			</trkpt>
			<trkpt lat="48.88201994821429" lon="2.9066299460828304">
				<ele>96.0</ele>
				<time>2021-02-24T11:45:05</time>
			</trkpt>
			<trkpt lat="48.8818899448961" lon="2.906549982726574">
				<ele>96.0</ele>
				<time>2021-02-24T11:45:07</time>
			</trkpt>
			<trkpt lat="48.88174996711314" lon="2.9064499866217375">
				<ele>95.0</ele>
				<time>2021-02-24T11:45:09</time>
			</trkpt>
			<trkpt lat="48.881679978221655" lon="2.9063999466598034">
				<ele>95.0</ele>
				<time>2021-02-24T11:45:10</time>
			</trkpt>
			<trkpt lat="48.88155994936824" lon="2.906309925019741">
				<ele>95.0</ele>
				<time>2021-02-24T11:45:12</time>
			</trkpt>
			<trkpt lat="48.88147998601198" lon="2.9062399361282587">
				<ele>95.0</ele>
				<time>2021-02-24T11:45:13</time>
			</trkpt>
			<trkpt lat="48.881379989907146" lon="2.906149998307228">
				<ele>95.0</ele>
				<time>2021-02-24T11:45:15</time>
			</trkpt>
			<trkpt lat="48.88125996105373" lon="2.90604991838336">
				<ele>95.0</ele>
				<time>2021-02-24T11:45:17</time>
			</trkpt>
			<trkpt lat="48.88113993220031" lon="2.9059499222785234">
				<ele>95.0</ele>
				<time>2021-02-24T11:45:19</time>
			</trkpt>
			<trkpt lat="48.88095997273922" lon="2.905849926173687">
				<ele>95.0</ele>
				<time>2021-02-24T11:45:21</time>
			</trkpt>
			<trkpt lat="48.88093993999064" lon="2.905839951708913">
				<ele>95.0</ele>
				<time>2021-02-24T11:45:22</time>
			</trkpt>
			<trkpt lat="48.880799962207675" lon="2.9057899955660105">
				<ele>94.0</ele>
				<time>2021-02-24T11:45:24</time>
			</trkpt>
			<trkpt lat="48.88069996610284" lon="2.9057599883526564">
				<ele>94.0</ele>
				<time>2021-02-24T11:45:25</time>
			</trkpt>
			<trkpt lat="48.88063995167613" lon="2.9057399556040764">
				<ele>93.0</ele>
				<time>2021-02-24T11:45:26</time>
			</trkpt>
			<trkpt lat="48.88056996278465" lon="2.9057299811393023">
				<ele>93.0</ele>
				<time>2021-02-24T11:45:27</time>
			</trkpt>
			<trkpt lat="48.88033996336162" lon="2.9057199228554964">
				<ele>92.0</ele>
				<time>2021-02-24T11:45:30</time>
			</trkpt>
			<trkpt lat="48.880109963938594" lon="2.9057199228554964">
				<ele>91.0</ele>
				<time>2021-02-24T11:45:34</time>
			</trkpt>
			<trkpt lat="48.880049949511886" lon="2.9057099483907223">
				<ele>91.0</ele>
				<time>2021-02-24T11:45:35</time>
			</trkpt>
			<trkpt lat="48.87982992455363" lon="2.905679941177368">
				<ele>92.0</ele>
				<time>2021-02-24T11:45:38</time>
			</trkpt>
			<trkpt lat="48.879729928448796" lon="2.905669966712594">
				<ele>91.0</ele>
				<time>2021-02-24T11:45:39</time>
			</trkpt>
			<trkpt lat="48.879659939557314" lon="2.905669966712594">
				<ele>91.0</ele>
				<time>2021-02-24T11:45:40</time>
			</trkpt>
			<trkpt lat="48.87957997620106" lon="2.905679941177368">
				<ele>91.0</ele>
				<time>2021-02-24T11:45:41</time>
			</trkpt>
			<trkpt lat="48.879509987309575" lon="2.905679941177368">
				<ele>91.0</ele>
				<time>2021-02-24T11:45:42</time>
			</trkpt>
			<trkpt lat="48.87944997288287" lon="2.905689999461174">
				<ele>91.0</ele>
				<time>2021-02-24T11:45:43</time>
			</trkpt>
			<trkpt lat="48.87934997677803" lon="2.9057199228554964">
				<ele>92.0</ele>
				<time>2021-02-24T11:45:45</time>
			</trkpt>
			<trkpt lat="48.879339918494225" lon="2.9057199228554964">
				<ele>92.0</ele>
				<time>2021-02-24T11:45:45</time>
			</trkpt>
			<trkpt lat="48.879319969564676" lon="2.9057199228554964">
				<ele>92.0</ele>
				<time>2021-02-24T11:45:45</time>
			</trkpt>
			<trkpt lat="48.879229947924614" lon="2.9057499300688505">
				<ele>92.0</ele>
				<time>2021-02-24T11:45:46</time>
			</trkpt>
			<trkpt lat="48.87900992296636" lon="2.905819918960333">
				<ele>92.0</ele>
				<time>2021-02-24T11:45:50</time>
			</trkpt>
			<trkpt lat="48.87865997850895" lon="2.905929973348975">
				<ele>92.0</ele>
				<time>2021-02-24T11:45:55</time>
			</trkpt>
			<trkpt lat="48.878479935228825" lon="2.9059899877756834">
				<ele>92.0</ele>
				<time>2021-02-24T11:45:57</time>
			</trkpt>
			<trkpt lat="48.87837993912399" lon="2.9060199949890375">
				<ele>92.0</ele>
				<time>2021-02-24T11:45:59</time>
			</trkpt>
			<trkpt lat="48.878369964659214" lon="2.9060199949890375">
				<ele>92.0</ele>
				<time>2021-02-24T11:45:59</time>
			</trkpt>
			<trkpt lat="48.878329982981086" lon="2.9060299694538116">
				<ele>93.0</ele>
				<time>2021-02-24T11:45:59</time>
			</trkpt>
			<trkpt lat="48.87827994301915" lon="2.9060399439185858">
				<ele>93.0</ele>
				<time>2021-02-24T11:46:00</time>
			</trkpt>
			<trkpt lat="48.87822998687625" lon="2.9060399439185858">
				<ele>93.0</ele>
				<time>2021-02-24T11:46:01</time>
			</trkpt>
			<trkpt lat="48.878179946914315" lon="2.9060299694538116">
				<ele>93.0</ele>
				<time>2021-02-24T11:46:02</time>
			</trkpt>
			<trkpt lat="48.87816997244954" lon="2.9060099367052317">
				<ele>93.0</ele>
				<time>2021-02-24T11:46:02</time>
			</trkpt>
			<trkpt lat="48.87814993970096" lon="2.9059899877756834">
				<ele>94.0</ele>
				<time>2021-02-24T11:46:02</time>
			</trkpt>
			<trkpt lat="48.877859925851226" lon="2.905589919537306">
				<ele>95.0</ele>
				<time>2021-02-24T11:46:08</time>
			</trkpt>
			<trkpt lat="48.8773899525404" lon="2.904959935694933">
				<ele>98.0</ele>
				<time>2021-02-24T11:46:17</time>
			</trkpt>
			<trkpt lat="48.87726992368698" lon="2.9047999251633883">
				<ele>99.0</ele>
				<time>2021-02-24T11:46:19</time>
			</trkpt>
			<trkpt lat="48.87713992036879" lon="2.9046299401670694">
				<ele>99.0</ele>
				<time>2021-02-24T11:46:21</time>
			</trkpt>
			<trkpt lat="48.87677991762757" lon="2.904289970174432">
				<ele>101.0</ele>
				<time>2021-02-24T11:46:28</time>
			</trkpt>
			<trkpt lat="48.87653994373977" lon="2.9040599707514048">
				<ele>103.0</ele>
				<time>2021-02-24T11:46:32</time>
			</trkpt>
			<trkpt lat="48.87644992209971" lon="2.9039899818599224">
				<ele>104.0</ele>
				<time>2021-02-24T11:46:33</time>
			</trkpt>
			<trkpt lat="48.8760999776423" lon="2.9037499241530895">
				<ele>105.0</ele>
				<time>2021-02-24T11:46:39</time>
			</trkpt>
			<trkpt lat="48.87603996321559" lon="2.903699968010187">
				<ele>105.0</ele>
				<time>2021-02-24T11:46:40</time>
			</trkpt>
			<trkpt lat="48.87569999322295" lon="2.9035199247300625">
				<ele>106.0</ele>
				<time>2021-02-24T11:46:45</time>
			</trkpt>
			<trkpt lat="48.87511996552348" lon="2.9032999835908413">
				<ele>109.0</ele>
				<time>2021-02-24T11:46:53</time>
			</trkpt>
			<trkpt lat="48.87508995831013" lon="2.9032899253070354">
				<ele>109.0</ele>
				<time>2021-02-24T11:46:54</time>
			</trkpt>
			<trkpt lat="48.874869933351874" lon="2.903179954737425">
				<ele>109.0</ele>
				<time>2021-02-24T11:46:57</time>
			</trkpt>
			<trkpt lat="48.87479994446039" lon="2.9031399730592966">
				<ele>110.0</ele>
				<time>2021-02-24T11:46:58</time>
			</trkpt>
			<trkpt lat="48.874719981104136" lon="2.9030999913811684">
				<ele>110.0</ele>
				<time>2021-02-24T11:46:59</time>
			</trkpt>
			<trkpt lat="48.87455997057259" lon="2.903009969741106">
				<ele>111.0</ele>
				<time>2021-02-24T11:47:02</time>
			</trkpt>
			<trkpt lat="48.87452996335924" lon="2.902989936992526">
				<ele>112.0</ele>
				<time>2021-02-24T11:47:02</time>
			</trkpt>
			<trkpt lat="48.874459974467754" lon="2.902959929779172">
				<ele>112.0</ele>
				<time>2021-02-24T11:47:03</time>
			</trkpt>
			<trkpt lat="48.8742399495095" lon="2.902839984744787">
				<ele>113.0</ele>
				<time>2021-02-24T11:47:07</time>
			</trkpt>
			<trkpt lat="48.87414992786944" lon="2.902789944782853">
				<ele>113.0</ele>
				<time>2021-02-24T11:47:08</time>
			</trkpt>
			<trkpt lat="48.87406996451318" lon="2.9027399886399508">
				<ele>114.0</ele>
				<time>2021-02-24T11:47:09</time>
			</trkpt>
			<trkpt lat="48.873949935659766" lon="2.9026799742132425">
				<ele>115.0</ele>
				<time>2021-02-24T11:47:11</time>
			</trkpt>
			<trkpt lat="48.87393996119499" lon="2.9026699997484684">
				<ele>115.0</ele>
				<time>2021-02-24T11:47:11</time>
			</trkpt>
			<trkpt lat="48.87378992512822" lon="2.9026199597865343">
				<ele>115.0</ele>
				<time>2021-02-24T11:47:13</time>
			</trkpt>
			<trkpt lat="48.87363997288048" lon="2.902579978108406">
				<ele>115.0</ele>
				<time>2021-02-24T11:47:15</time>
			</trkpt>
			<trkpt lat="48.873599991202354" lon="2.902579978108406">
				<ele>115.0</ele>
				<time>2021-02-24T11:47:16</time>
			</trkpt>
			<trkpt lat="48.87352991849184" lon="2.90258995257318">
				<ele>115.0</ele>
				<time>2021-02-24T11:47:17</time>
			</trkpt>
			<trkpt lat="48.873449955135584" lon="2.9025999270379543">
				<ele>115.0</ele>
				<time>2021-02-24T11:47:18</time>
			</trkpt>
			<trkpt lat="48.87331995181739" lon="2.9026299342513084">
				<ele>115.0</ele>
				<time>2021-02-24T11:47:20</time>
			</trkpt>
			<trkpt lat="48.87298995628953" lon="2.9026899486780167">
				<ele>116.0</ele>
				<time>2021-02-24T11:47:25</time>
			</trkpt>
			<trkpt lat="48.872659960761666" lon="2.902759937569499">
				<ele>117.0</ele>
				<time>2021-02-24T11:47:30</time>
			</trkpt>
			<trkpt lat="48.872569939121604" lon="2.902779970318079">
				<ele>117.0</ele>
				<time>2021-02-24T11:47:31</time>
			</trkpt>
			<trkpt lat="48.87192998081446" lon="2.9029199481010437">
				<ele>120.0</ele>
				<time>2021-02-24T11:47:40</time>
			</trkpt>
			<trkpt lat="48.87173996306956" lon="2.902949955314398">
				<ele>121.0</ele>
				<time>2021-02-24T11:47:43</time>
			</trkpt>
			<trkpt lat="48.87156997807324" lon="2.902959929779172">
				<ele>123.0</ele>
				<time>2021-02-24T11:47:45</time>
			</trkpt>
			<trkpt lat="48.871279964223504" lon="2.902969988062978">
				<ele>122.0</ele>
				<time>2021-02-24T11:47:49</time>
			</trkpt>
			<trkpt lat="48.87096991762519" lon="2.902969988062978">
				<ele>121.0</ele>
				<time>2021-02-24T11:47:54</time>
			</trkpt>
			<trkpt lat="48.87071996927261" lon="2.902959929779172">
				<ele>121.0</ele>
				<time>2021-02-24T11:47:57</time>
			</trkpt>
			<trkpt lat="48.87027991935611" lon="2.902949955314398">
				<ele>123.0</ele>
				<time>2021-02-24T11:48:04</time>
			</trkpt>
			<trkpt lat="48.86970994994044" lon="2.902949955314398">
				<ele>123.0</ele>
				<time>2021-02-24T11:48:12</time>
			</trkpt>
			<trkpt lat="48.869089940562844" lon="2.902949955314398">
				<ele>124.0</ele>
				<time>2021-02-24T11:48:21</time>
			</trkpt>
			<trkpt lat="48.86845995672047" lon="2.902949955314398">
				<ele>122.0</ele>
				<time>2021-02-24T11:48:30</time>
			</trkpt>
			<trkpt lat="48.868339927867055" lon="2.902949955314398">
				<ele>122.0</ele>
				<time>2021-02-24T11:48:31</time>
			</trkpt>
			<trkpt lat="48.86821998283267" lon="2.9029399808496237">
				<ele>121.0</ele>
				<time>2021-02-24T11:48:33</time>
			</trkpt>
			<trkpt lat="48.868229957297444" lon="2.902499930933118">
				<ele>122.0</ele>
				<time>2021-02-24T11:48:37</time>
			</trkpt>
			<trkpt lat="48.868229957297444" lon="2.9024799820035696">
				<ele>122.0</ele>
				<time>2021-02-24T11:48:38</time>
			</trkpt>
			<trkpt lat="48.868209924548864" lon="2.9024599492549896">
				<ele>122.0</ele>
				<time>2021-02-24T11:48:38</time>
			</trkpt>
			<trkpt lat="48.86817991733551" lon="2.9024399165064096">
				<ele>122.0</ele>
				<time>2021-02-24T11:48:38</time>
			</trkpt>
			<trkpt lat="48.86814999394119" lon="2.9023899603635073">
				<ele>122.0</ele>
				<time>2021-02-24T11:48:39</time>
			</trkpt>
			<trkpt lat="48.86813993565738" lon="2.902329945936799">
				<ele>122.0</ele>
				<time>2021-02-24T11:48:40</time>
			</trkpt>
			<trkpt lat="48.86814999394119" lon="2.9023899603635073">
				<ele>122.0</ele>
				<time>2021-02-24T11:48:40</time>
			</trkpt>
			<trkpt lat="48.86817991733551" lon="2.9024399165064096">
				<ele>122.0</ele>
				<time>2021-02-24T11:48:41</time>
			</trkpt>
			<trkpt lat="48.868209924548864" lon="2.9024599492549896">
				<ele>122.0</ele>
				<time>2021-02-24T11:48:41</time>
			</trkpt>
			<trkpt lat="48.868229957297444" lon="2.9024799820035696">
				<ele>122.0</ele>
				<time>2021-02-24T11:48:42</time>
			</trkpt>
			<trkpt lat="48.868229957297444" lon="2.902499930933118">
				<ele>122.0</ele>
				<time>2021-02-24T11:48:42</time>
			</trkpt>
			<trkpt lat="48.86821998283267" lon="2.9029399808496237">
				<ele>121.0</ele>
				<time>2021-02-24T11:48:46</time>
			</trkpt>
			<trkpt lat="48.86796995066106" lon="2.9029399808496237">
				<ele>119.0</ele>
				<time>2021-02-24T11:48:49</time>
			</trkpt>
			<trkpt lat="48.86783994734287" lon="2.9029399808496237">
				<ele>118.0</ele>
				<time>2021-02-24T11:48:51</time>
			</trkpt>
			<trkpt lat="48.86774992570281" lon="2.9029399808496237">
				<ele>118.0</ele>
				<time>2021-02-24T11:48:53</time>
			</trkpt>
			<trkpt lat="48.86770994402468" lon="2.902949955314398">
				<ele>118.0</ele>
				<time>2021-02-24T11:48:53</time>
			</trkpt>
			<trkpt lat="48.867669962346554" lon="2.902949955314398">
				<ele>118.0</ele>
				<time>2021-02-24T11:48:54</time>
			</trkpt>
			<trkpt lat="48.867609947919846" lon="2.902969988062978">
				<ele>117.0</ele>
				<time>2021-02-24T11:48:55</time>
			</trkpt>
			<trkpt lat="48.86754993349314" lon="2.902989936992526">
				<ele>117.0</ele>
				<time>2021-02-24T11:48:56</time>
			</trkpt>
			<trkpt lat="48.867499977350235" lon="2.90301994420588">
				<ele>116.0</ele>
				<time>2021-02-24T11:48:56</time>
			</trkpt>
			<trkpt lat="48.8674499373883" lon="2.9030499514192343">
				<ele>116.0</ele>
				<time>2021-02-24T11:48:57</time>
			</trkpt>
			<trkpt lat="48.867289926856756" lon="2.903189929202199">
				<ele>114.0</ele>
				<time>2021-02-24T11:49:00</time>
			</trkpt>
			<trkpt lat="48.8672599196434" lon="2.903209961950779">
				<ele>114.0</ele>
				<time>2021-02-24T11:49:00</time>
			</trkpt>
			<trkpt lat="48.86652993969619" lon="2.90387992747128">
				<ele>109.0</ele>
				<time>2021-02-24T11:49:12</time>
			</trkpt>
			<trkpt lat="48.86614998802543" lon="2.9042199812829494">
				<ele>106.0</ele>
				<time>2021-02-24T11:49:19</time>
			</trkpt>
			<trkpt lat="48.86600992642343" lon="2.90432995185256">
				<ele>105.0</ele>
				<time>2021-02-24T11:49:21</time>
			</trkpt>
			<trkpt lat="48.865929963067174" lon="2.9043699335306883">
				<ele>104.0</ele>
				<time>2021-02-24T11:49:22</time>
			</trkpt>
			<trkpt lat="48.86583994142711" lon="2.9043999407440424">
				<ele>103.0</ele>
				<time>2021-02-24T11:49:23</time>
			</trkpt>
			<trkpt lat="48.8657299708575" lon="2.9044199734926224">
				<ele>103.0</ele>
				<time>2021-02-24T11:49:25</time>
			</trkpt>
			<trkpt lat="48.86546996422112" lon="2.9044299479573965">
				<ele>101.0</ele>
				<time>2021-02-24T11:49:29</time>
			</trkpt>
			<trkpt lat="48.86527994647622" lon="2.9044299479573965">
				<ele>99.0</ele>
				<time>2021-02-24T11:49:31</time>
			</trkpt>
			<trkpt lat="48.86482992209494" lon="2.9044399224221706">
				<ele>96.0</ele>
				<time>2021-02-24T11:49:38</time>
			</trkpt>
			<trkpt lat="48.86469991877675" lon="2.9044499807059765">
				<ele>94.0</ele>
				<time>2021-02-24T11:49:40</time>
			</trkpt>
			<trkpt lat="48.864639988169074" lon="2.9044299479573965">
				<ele>94.0</ele>
				<time>2021-02-24T11:49:41</time>
			</trkpt>
			<trkpt lat="48.864579973742366" lon="2.9044099990278482">
				<ele>93.0</ele>
				<time>2021-02-24T11:49:42</time>
			</trkpt>
			<trkpt lat="48.86446991935372" lon="2.904339926317334">
				<ele>92.0</ele>
				<time>2021-02-24T11:49:43</time>
			</trkpt>
			<trkpt lat="48.86439993046224" lon="2.9042599629610777">
				<ele>91.0</ele>
				<time>2021-02-24T11:49:44</time>
			</trkpt>
			<trkpt lat="48.86432994157076" lon="2.9041699413210154">
				<ele>90.0</ele>
				<time>2021-02-24T11:49:46</time>
			</trkpt>
			<trkpt lat="48.86426992714405" lon="2.904079919680953">
				<ele>90.0</ele>
				<time>2021-02-24T11:49:47</time>
			</trkpt>
			<trkpt lat="48.86422994546592" lon="2.9040099307894707">
				<ele>89.0</ele>
				<time>2021-02-24T11:49:48</time>
			</trkpt>
			<trkpt lat="48.86419993825257" lon="2.90389996021986">
				<ele>89.0</ele>
				<time>2021-02-24T11:49:49</time>
			</trkpt>
			<trkpt lat="48.86413992382586" lon="2.9037199169397354">
				<ele>89.0</ele>
				<time>2021-02-24T11:49:51</time>
			</trkpt>
			<trkpt lat="48.86411997489631" lon="2.903619920834899">
				<ele>89.0</ele>
				<time>2021-02-24T11:49:52</time>
			</trkpt>
			<trkpt lat="48.86408996768296" lon="2.9035199247300625">
				<ele>89.0</ele>
				<time>2021-02-24T11:49:53</time>
			</trkpt>
			<trkpt lat="48.86404998600483" lon="2.90344993583858">
				<ele>89.0</ele>
				<time>2021-02-24T11:49:54</time>
			</trkpt>
			<trkpt lat="48.86398997157812" lon="2.9033599980175495">
				<ele>89.0</ele>
				<time>2021-02-24T11:49:55</time>
			</trkpt>
			<trkpt lat="48.86391998268664" lon="2.9032899253070354">
				<ele>88.0</ele>
				<time>2021-02-24T11:49:56</time>
			</trkpt>
			<trkpt lat="48.863889975473285" lon="2.9032599180936813">
				<ele>87.0</ele>
				<time>2021-02-24T11:49:57</time>
			</trkpt>
			<trkpt lat="48.86384999379516" lon="2.903229994699359">
				<ele>87.0</ele>
				<time>2021-02-24T11:49:57</time>
			</trkpt>
			<trkpt lat="48.86376994661987" lon="2.903189929202199">
				<ele>85.0</ele>
				<time>2021-02-24T11:49:59</time>
			</trkpt>
			<trkpt lat="48.86363994330168" lon="2.9031699802726507">
				<ele>83.0</ele>
				<time>2021-02-24T11:50:00</time>
			</trkpt>
			<trkpt lat="48.86357992887497" lon="2.903179954737425">
				<ele>83.0</ele>
				<time>2021-02-24T11:50:01</time>
			</trkpt>
			<trkpt lat="48.86353994719684" lon="2.903189929202199">
				<ele>82.0</ele>
				<time>2021-02-24T11:50:02</time>
			</trkpt>
			<trkpt lat="48.86348999105394" lon="2.903209961950779">
				<ele>81.0</ele>
				<time>2021-02-24T11:50:03</time>
			</trkpt>
			<trkpt lat="48.863439951092005" lon="2.903229994699359">
				<ele>81.0</ele>
				<time>2021-02-24T11:50:03</time>
			</trkpt>
			<trkpt lat="48.8633799366653" lon="2.9032799508422613">
				<ele>80.0</ele>
				<time>2021-02-24T11:50:04</time>
			</trkpt>
			<trkpt lat="48.86334992945194" lon="2.9033199325203896">
				<ele>79.0</ele>
				<time>2021-02-24T11:50:05</time>
			</trkpt>
			<trkpt lat="48.86325999163091" lon="2.90344993583858">
				<ele>78.0</ele>
				<time>2021-02-24T11:50:07</time>
			</trkpt>
			<trkpt lat="48.86321992613375" lon="2.9035399574786425">
				<ele>77.0</ele>
				<time>2021-02-24T11:50:08</time>
			</trkpt>
			<trkpt lat="48.86314993724227" lon="2.903699968010187">
				<ele>76.0</ele>
				<time>2021-02-24T11:50:09</time>
			</trkpt>
			<trkpt lat="48.86309998109937" lon="2.903839945793152">
				<ele>76.0</ele>
				<time>2021-02-24T11:50:11</time>
			</trkpt>
			<trkpt lat="48.86307994835079" lon="2.903869953006506">
				<ele>75.0</ele>
				<time>2021-02-24T11:50:11</time>
			</trkpt>
			<trkpt lat="48.86301993392408" lon="2.9040499962866306">
				<ele>74.0</ele>
				<time>2021-02-24T11:50:13</time>
			</trkpt>
			<trkpt lat="48.86295991949737" lon="2.9042099229991436">
				<ele>73.0</ele>
				<time>2021-02-24T11:50:15</time>
			</trkpt>
			<trkpt lat="48.862879956141114" lon="2.904379991814494">
				<ele>72.0</ele>
				<time>2021-02-24T11:50:17</time>
			</trkpt>
			<trkpt lat="48.86279999278486" lon="2.904549976810813">
				<ele>70.0</ele>
				<time>2021-02-24T11:50:19</time>
			</trkpt>
			<trkpt lat="48.8627599272877" lon="2.904609991237521">
				<ele>70.0</ele>
				<time>2021-02-24T11:50:20</time>
			</trkpt>
			<trkpt lat="48.86269999668002" lon="2.9047199618071318">
				<ele>69.0</ele>
				<time>2021-02-24T11:50:21</time>
			</trkpt>
			<trkpt lat="48.86259991675615" lon="2.9048899468034506">
				<ele>69.0</ele>
				<time>2021-02-24T11:50:23</time>
			</trkpt>
			<trkpt lat="48.86248994618654" lon="2.9050499573349953">
				<ele>68.0</ele>
				<time>2021-02-24T11:50:25</time>
			</trkpt>
			<trkpt lat="48.86241995729506" lon="2.9051399789750576">
				<ele>67.0</ele>
				<time>2021-02-24T11:50:27</time>
			</trkpt>
			<trkpt lat="48.862369917333126" lon="2.90520996786654">
				<ele>67.0</ele>
				<time>2021-02-24T11:50:28</time>
			</trkpt>
			<trkpt lat="48.862259946763515" lon="2.9053499456495047">
				<ele>66.0</ele>
				<time>2021-02-24T11:50:30</time>
			</trkpt>
			<trkpt lat="48.86217998340726" lon="2.905429992824793">
				<ele>66.0</ele>
				<time>2021-02-24T11:50:31</time>
			</trkpt>
			<trkpt lat="48.862149976193905" lon="2.905469974502921">
				<ele>66.0</ele>
				<time>2021-02-24T11:50:32</time>
			</trkpt>
			<trkpt lat="48.86204998008907" lon="2.9055699706077576">
				<ele>65.0</ele>
				<time>2021-02-24T11:50:33</time>
			</trkpt>
			<trkpt lat="48.86192995123565" lon="2.905669966712594">
				<ele>64.0</ele>
				<time>2021-02-24T11:50:35</time>
			</trkpt>
			<trkpt lat="48.86178997345269" lon="2.9057699628174305">
				<ele>63.0</ele>
				<time>2021-02-24T11:50:38</time>
			</trkpt>
			<trkpt lat="48.86166994459927" lon="2.905839951708913">
				<ele>62.0</ele>
				<time>2021-02-24T11:50:39</time>
			</trkpt>
			<trkpt lat="48.861509934067726" lon="2.9059399478137493">
				<ele>61.0</ele>
				<time>2021-02-24T11:50:42</time>
			</trkpt>
			<trkpt lat="48.86120994575322" lon="2.906129965558648">
				<ele>59.0</ele>
				<time>2021-02-24T11:50:47</time>
			</trkpt>
			<trkpt lat="48.86099997907877" lon="2.9062499944120646">
				<ele>58.0</ele>
				<time>2021-02-24T11:50:50</time>
			</trkpt>
			<trkpt lat="48.86080996133387" lon="2.9063699394464493">
				<ele>57.0</ele>
				<time>2021-02-24T11:50:53</time>
			</trkpt>
			<trkpt lat="48.86078992858529" lon="2.906379997730255">
				<ele>57.0</ele>
				<time>2021-02-24T11:50:53</time>
			</trkpt>
			<trkpt lat="48.86063997633755" lon="2.9064699355512857">
				<ele>55.0</ele>
				<time>2021-02-24T11:50:55</time>
			</trkpt>
			<trkpt lat="48.86048994027078" lon="2.906559957191348">
				<ele>54.0</ele>
				<time>2021-02-24T11:50:58</time>
			</trkpt>
			<trkpt lat="48.86015994474292" lon="2.906759949401021">
				<ele>53.0</ele>
				<time>2021-02-24T11:51:03</time>
			</trkpt>
			<trkpt lat="48.86003999970853" lon="2.906839996576309">
				<ele>54.0</ele>
				<time>2021-02-24T11:51:05</time>
			</trkpt>
			<trkpt lat="48.859959952533245" lon="2.9068799782544374">
				<ele>53.0</ele>
				<time>2021-02-24T11:51:06</time>
			</trkpt>
			<trkpt lat="48.85991997085512" lon="2.9069099854677916">
				<ele>53.0</ele>
				<time>2021-02-24T11:51:06</time>
			</trkpt>
			<trkpt lat="48.85987998917699" lon="2.90692993439734">
				<ele>53.0</ele>
				<time>2021-02-24T11:51:07</time>
			</trkpt>
			<trkpt lat="48.859829949215055" lon="2.9069399926811457">
				<ele>53.0</ele>
				<time>2021-02-24T11:51:08</time>
			</trkpt>
			<trkpt lat="48.85973992757499" lon="2.906979974359274">
				<ele>53.0</ele>
				<time>2021-02-24T11:51:09</time>
			</trkpt>
			<trkpt lat="48.859659964218736" lon="2.906989948824048">
				<ele>53.0</ele>
				<time>2021-02-24T11:51:10</time>
			</trkpt>
			<trkpt lat="48.85956994257867" lon="2.907019956037402">
				<ele>53.0</ele>
				<time>2021-02-24T11:51:11</time>
			</trkpt>
			<trkpt lat="48.859359975904226" lon="2.9070699959993362">
				<ele>52.0</ele>
				<time>2021-02-24T11:51:15</time>
			</trkpt>
			<trkpt lat="48.859339943155646" lon="2.9070799704641104">
				<ele>52.0</ele>
				<time>2021-02-24T11:51:15</time>
			</trkpt>
			<trkpt lat="48.85921999812126" lon="2.9070999193936586">
				<ele>51.0</ele>
				<time>2021-02-24T11:51:17</time>
			</trkpt>
			<trkpt lat="48.8591299764812" lon="2.9071199521422386">
				<ele>51.0</ele>
				<time>2021-02-24T11:51:18</time>
			</trkpt>
			<trkpt lat="48.85884993709624" lon="2.907159933820367">
				<ele>51.0</ele>
				<time>2021-02-24T11:51:22</time>
			</trkpt>
			<trkpt lat="48.858839962631464" lon="2.9071699921041727">
				<ele>51.0</ele>
				<time>2021-02-24T11:51:22</time>
			</trkpt>
			<trkpt lat="48.85858993045986" lon="2.907189941033721">
				<ele>51.0</ele>
				<time>2021-02-24T11:51:26</time>
			</trkpt>
			<trkpt lat="48.858409970998764" lon="2.907219948247075">
				<ele>51.0</ele>
				<time>2021-02-24T11:51:28</time>
			</trkpt>
			<trkpt lat="48.85825993493199" lon="2.907229922711849">
				<ele>51.0</ele>
				<time>2021-02-24T11:51:30</time>
			</trkpt>
			<trkpt lat="48.858239986002445" lon="2.907229922711849">
				<ele>51.0</ele>
				<time>2021-02-24T11:51:31</time>
			</trkpt>
			<trkpt lat="48.858239986002445" lon="2.9071299266070127">
				<ele>51.0</ele>
				<time>2021-02-24T11:51:32</time>
			</trkpt>
			<trkpt lat="48.85824996046722" lon="2.907119868323207">
				<ele>51.0</ele>
				<time>2021-02-24T11:51:32</time>
			</trkpt>
		</trkseg>
	</trk>
</gpx>
