<?xml version="1.0" encoding="UTF-8"?>
<gpx creator="Garmin Connect" version="1.1" schemaLocation="http://www.topografix.com/GPX/1/1 http://www.topografix.com/GPX/11.xsd" xmlns="http://www.topografix.com/GPX/1/1" xmlns:xsi="http://www.w3.org/2001/XMLSchema-instance" xsi:schemaLocation="http://www.topografix.com/GPX/1/1 http://www.topografix.com/GPX/1/1/gpx.xsd http://www.garmin.com/xmlschemas/GpxExtensions/v3 http://www.garmin.com/xmlschemas/GpxExtensionsv3.xsd http://www.garmin.com/xmlschemas/TrackPointExtension/v1 http://www.garmin.com/xmlschemas/TrackPointExtensionv1.xsd http://www.garmin.com/xmlschemas/PowerExtension/v1 http://www.garmin.com/xmlschemas/PowerExtensionv1.xsd http://www.topografix.com/GPX/gpx_style/0/2 http://www.topografix.com/GPX/gpx_style/0/2/gpx_style.xsd" xmlns:gpxtpx="http://www.garmin.com/xmlschemas/TrackPointExtension/v1" xmlns:gpxx="http://www.garmin.com/xmlschemas/GpxExtensions/v3" xmlns:gpxpx="http://www.garmin.com/xmlschemas/PowerExtension/v1" xmlns:gpx_style="http://www.topografix.com/GPX/gpx_style/0/2">
  <metadata>
    <name>104-G3-71 km-D 510 m-La vallée de l’Yerres</name>
    <author>
      <name>gpx.studio</name>
      <link href="https://gpx.studio"/>
    </author>
    <link href="connect.garmin.com">
      <text>Garmin Connect</text>
    </link>
    <time>2026-01-02T10:39:11.000Z</time>
  </metadata>
  <trk>
    <name>104-G3-71 km-D 510 m-La vallée de l’Yerres</name>
    <trkseg>
      <trkpt lat="48.85805994272232" lon="2.9069497995078564">
        <ele>50.93</ele>
      </trkpt>
      <trkpt lat="48.85824996046722" lon="2.9070799704641104">
        <ele>51.07</ele>
      </trkpt>
      <trkpt lat="48.858239986002445" lon="2.907229922711849">
        <ele>51.23</ele>
      </trkpt>
      <trkpt lat="48.8581299316138" lon="2.9072999954223633">
        <ele>51.44</ele>
      </trkpt>
      <trkpt lat="48.85796464048326" lon="2.9075953736901283">
        <ele>51.58</ele>
      </trkpt>
      <trkpt lat="48.85779993608594" lon="2.907889997586608">
        <ele>51.64</ele>
      </trkpt>
      <trkpt lat="48.85766465216875" lon="2.9081804305315018">
        <ele>51.68</ele>
      </trkpt>
      <trkpt lat="48.857529954984784" lon="2.9084699414670467">
        <ele>51.78</ele>
      </trkpt>
      <trkpt lat="48.85735762305558" lon="2.908774372190237">
        <ele>51.83</ele>
      </trkpt>
      <trkpt lat="48.8571853749454" lon="2.909078886732459">
        <ele>51.96</ele>
      </trkpt>
      <trkpt lat="48.85701312683523" lon="2.9093833174556494">
        <ele>52.06</ele>
      </trkpt>
      <trkpt lat="48.85684087872505" lon="2.9096878319978714">
        <ele>52.12</ele>
      </trkpt>
      <trkpt lat="48.856669971719384" lon="2.9099899996072054">
        <ele>52.12</ele>
      </trkpt>
      <trkpt lat="48.85657978244126" lon="2.910190327093005">
        <ele>52.14</ele>
      </trkpt>
      <trkpt lat="48.85648992843926" lon="2.9103899840265512">
        <ele>52.21</ele>
      </trkpt>
      <trkpt lat="48.85638968087733" lon="2.9106905590742826">
        <ele>52.37</ele>
      </trkpt>
      <trkpt lat="48.85628993622959" lon="2.91098996065557">
        <ele>52.54</ele>
      </trkpt>
      <trkpt lat="48.85610645636916" lon="2.910779742524028">
        <ele>52.63</ele>
      </trkpt>
      <trkpt lat="48.85592297650874" lon="2.9105695243924856">
        <ele>52.68</ele>
      </trkpt>
      <trkpt lat="48.8557399995625" lon="2.910359976813197">
        <ele>52.74</ele>
      </trkpt>
      <trkpt lat="48.855599937960505" lon="2.9099599923938513">
        <ele>52.76</ele>
      </trkpt>
      <trkpt lat="48.85549994185567" lon="2.9098299890756607">
        <ele>52.74</ele>
      </trkpt>
      <trkpt lat="48.85530489496887" lon="2.909844908863306">
        <ele>52.71</ele>
      </trkpt>
      <trkpt lat="48.8551099319011" lon="2.909859996289015">
        <ele>52.75</ele>
      </trkpt>
      <trkpt lat="48.854849925264716" lon="2.909849938005209">
        <ele>52.81</ele>
      </trkpt>
      <trkpt lat="48.85470994748175" lon="2.909929985180497">
        <ele>52.9</ele>
      </trkpt>
      <trkpt lat="48.85454993695021" lon="2.910249922424555">
        <ele>52.96</ele>
      </trkpt>
      <trkpt lat="48.85449478402734" lon="2.9106133617460728">
        <ele>52.95</ele>
      </trkpt>
      <trkpt lat="48.85443963110447" lon="2.9109768010675907">
        <ele>52.85</ele>
      </trkpt>
      <trkpt lat="48.8543844781816" lon="2.9113402403891087">
        <ele>52.81</ele>
      </trkpt>
      <trkpt lat="48.854329995810986" lon="2.911699991673231">
        <ele>52.88</ele>
      </trkpt>
      <trkpt lat="48.85441817343235" lon="2.912150016054511">
        <ele>52.69</ele>
      </trkpt>
      <trkpt lat="48.85450643487275" lon="2.9126001242548227">
        <ele>52.36</ele>
      </trkpt>
      <trkpt lat="48.85459461249411" lon="2.913050316274166">
        <ele>52</ele>
      </trkpt>
      <trkpt lat="48.85468287393451" lon="2.9135004244744778">
        <ele>51.72</ele>
      </trkpt>
      <trkpt lat="48.85477105155587" lon="2.9139505326747894">
        <ele>51.44</ele>
      </trkpt>
      <trkpt lat="48.85485931299627" lon="2.914400640875101">
        <ele>51.09</ele>
      </trkpt>
      <trkpt lat="48.85494749061763" lon="2.9148507490754128">
        <ele>50.64</ele>
      </trkpt>
      <trkpt lat="48.85503575205803" lon="2.9153008572757244">
        <ele>50.38</ele>
      </trkpt>
      <trkpt lat="48.855123929679394" lon="2.915750965476036">
        <ele>50.15</ele>
      </trkpt>
      <trkpt lat="48.855209928005934" lon="2.9161899257451296">
        <ele>49.99</ele>
      </trkpt>
      <trkpt lat="48.855204060673714" lon="2.916638609021902">
        <ele>49.87</ele>
      </trkpt>
      <trkpt lat="48.855198193341494" lon="2.9170873761177063">
        <ele>49.79</ele>
      </trkpt>
      <trkpt lat="48.855192409828305" lon="2.917536059394479">
        <ele>49.69</ele>
      </trkpt>
      <trkpt lat="48.855186542496085" lon="2.917984826490283">
        <ele>49.65</ele>
      </trkpt>
      <trkpt lat="48.855180675163865" lon="2.9184335097670555">
        <ele>49.69</ele>
      </trkpt>
      <trkpt lat="48.85517489165068" lon="2.9188822768628597">
        <ele>49.92</ele>
      </trkpt>
      <trkpt lat="48.85516902431846" lon="2.9193309601396322">
        <ele>50.24</ele>
      </trkpt>
      <trkpt lat="48.85516315698624" lon="2.9197797272354364">
        <ele>50.57</ele>
      </trkpt>
      <trkpt lat="48.85515737347305" lon="2.9202284943312407">
        <ele>50.94</ele>
      </trkpt>
      <trkpt lat="48.85515150614083" lon="2.920677177608013">
        <ele>51.39</ele>
      </trkpt>
      <trkpt lat="48.85514563880861" lon="2.9211259447038174">
        <ele>51.9</ele>
      </trkpt>
      <trkpt lat="48.85513993911445" lon="2.9215599596500397">
        <ele>52.55</ele>
      </trkpt>
      <trkpt lat="48.85508478619158" lon="2.921976037323475">
        <ele>53.2</ele>
      </trkpt>
      <trkpt lat="48.85502996854484" lon="2.9223899357020855">
        <ele>53.96</ele>
      </trkpt>
      <trkpt lat="48.85488294996321" lon="2.922757314518094">
        <ele>54.7</ele>
      </trkpt>
      <trkpt lat="48.854736015200615" lon="2.9231246933341026">
        <ele>55.45</ele>
      </trkpt>
      <trkpt lat="48.854589918628335" lon="2.9234899766743183">
        <ele>56.34</ele>
      </trkpt>
      <trkpt lat="48.854419933632016" lon="2.923629954457283">
        <ele>57.3</ele>
      </trkpt>
      <trkpt lat="48.85412497445941" lon="2.9236649069935083">
        <ele>58.43</ele>
      </trkpt>
      <trkpt lat="48.85382993146777" lon="2.9236999433487654">
        <ele>59.43</ele>
      </trkpt>
      <trkpt lat="48.853565230965614" lon="2.9235243424773216">
        <ele>60.43</ele>
      </trkpt>
      <trkpt lat="48.85330061428249" lon="2.9233489092439413">
        <ele>61.48</ele>
      </trkpt>
      <trkpt lat="48.85303599759936" lon="2.9231733921915293">
        <ele>62.51</ele>
      </trkpt>
      <trkpt lat="48.85277138091624" lon="2.9229978751391172">
        <ele>63.48</ele>
      </trkpt>
      <trkpt lat="48.85250676423311" lon="2.922822358086705">
        <ele>64.48</ele>
      </trkpt>
      <trkpt lat="48.85224214754999" lon="2.922646841034293">
        <ele>65.49</ele>
      </trkpt>
      <trkpt lat="48.85197753086686" lon="2.922471323981881">
        <ele>66.47</ele>
      </trkpt>
      <trkpt lat="48.851712914183736" lon="2.922295806929469">
        <ele>67.39</ele>
      </trkpt>
      <trkpt lat="48.85144829750061" lon="2.922120289877057">
        <ele>68.23</ele>
      </trkpt>
      <trkpt lat="48.851183680817485" lon="2.921944772824645">
        <ele>69.03</ele>
      </trkpt>
      <trkpt lat="48.85091998614371" lon="2.9217699263244867">
        <ele>69.75</ele>
      </trkpt>
      <trkpt lat="48.85065821930766" lon="2.921584853902459">
        <ele>70.36</ele>
      </trkpt>
      <trkpt lat="48.850396452471614" lon="2.9213997814804316">
        <ele>70.85</ele>
      </trkpt>
      <trkpt lat="48.85013468563557" lon="2.921214709058404">
        <ele>71.25</ele>
      </trkpt>
      <trkpt lat="48.84987291879952" lon="2.9210296366363764">
        <ele>71.56</ele>
      </trkpt>
      <trkpt lat="48.84961115196347" lon="2.920844564214349">
        <ele>71.72</ele>
      </trkpt>
      <trkpt lat="48.84934997186065" lon="2.9206599947065115">
        <ele>71.76</ele>
      </trkpt>
      <trkpt lat="48.84912223555148" lon="2.920427229255438">
        <ele>71.69</ele>
      </trkpt>
      <trkpt lat="48.84889458306134" lon="2.920194547623396">
        <ele>71.5</ele>
      </trkpt>
      <trkpt lat="48.8486669305712" lon="2.919961865991354">
        <ele>71.22</ele>
      </trkpt>
      <trkpt lat="48.84843994863331" lon="2.9197299387305975">
        <ele>70.87</ele>
      </trkpt>
      <trkpt lat="48.848234843462706" lon="2.919574873521924">
        <ele>70.41</ele>
      </trkpt>
      <trkpt lat="48.84802998974919" lon="2.919419975951314">
        <ele>69.88</ele>
      </trkpt>
      <trkpt lat="48.847899986431" lon="2.919249990954995">
        <ele>69.33</ele>
      </trkpt>
      <trkpt lat="48.84776218794286" lon="2.918909266591072">
        <ele>68.7</ele>
      </trkpt>
      <trkpt lat="48.84762438945472" lon="2.9185686260461807">
        <ele>68.11</ele>
      </trkpt>
      <trkpt lat="48.84748659096658" lon="2.9182279016822577">
        <ele>67.43</ele>
      </trkpt>
      <trkpt lat="48.847349965944886" lon="2.917889943346381">
        <ele>66.64</ele>
      </trkpt>
      <trkpt lat="48.84724468924105" lon="2.9175541643053293">
        <ele>65.82</ele>
      </trkpt>
      <trkpt lat="48.84713999927044" lon="2.91721997782588">
        <ele>65</ele>
      </trkpt>
      <trkpt lat="48.84707696735859" lon="2.9167974460870028">
        <ele>64.26</ele>
      </trkpt>
      <trkpt lat="48.84701393544674" lon="2.9163749143481255">
        <ele>63.48</ele>
      </trkpt>
      <trkpt lat="48.84695090353489" lon="2.915952382609248">
        <ele>62.77</ele>
      </trkpt>
      <trkpt lat="48.84688787162304" lon="2.915529850870371">
        <ele>62.05</ele>
      </trkpt>
      <trkpt lat="48.84682483971119" lon="2.9151073191314936">
        <ele>61.4</ele>
      </trkpt>
      <trkpt lat="48.84676180779934" lon="2.9146847873926163">
        <ele>60.79</ele>
      </trkpt>
      <trkpt lat="48.84669994935393" lon="2.914269967004657">
        <ele>60.19</ele>
      </trkpt>
      <trkpt lat="48.846629709005356" lon="2.913926560431719">
        <ele>59.65</ele>
      </trkpt>
      <trkpt lat="48.84655955247581" lon="2.9135832376778126">
        <ele>59.13</ele>
      </trkpt>
      <trkpt lat="48.846489395946264" lon="2.9132398311048746">
        <ele>58.58</ele>
      </trkpt>
      <trkpt lat="48.846419993788004" lon="2.9128999449312687">
        <ele>58.15</ele>
      </trkpt>
      <trkpt lat="48.846284626051784" lon="2.91252912953496">
        <ele>57.69</ele>
      </trkpt>
      <trkpt lat="48.84614992886782" lon="2.912159990519285">
        <ele>57.24</ele>
      </trkpt>
      <trkpt lat="48.84596586227417" lon="2.911836951971054">
        <ele>56.74</ele>
      </trkpt>
      <trkpt lat="48.845781879499555" lon="2.9115139972418547">
        <ele>56.27</ele>
      </trkpt>
      <trkpt lat="48.84559781290591" lon="2.9111909586936235">
        <ele>55.9</ele>
      </trkpt>
      <trkpt lat="48.84541383013129" lon="2.910868003964424">
        <ele>55.54</ele>
      </trkpt>
      <trkpt lat="48.84522984735668" lon="2.910544965416193">
        <ele>55.2</ele>
      </trkpt>
      <trkpt lat="48.84504578076303" lon="2.9102220106869936">
        <ele>54.9</ele>
      </trkpt>
      <trkpt lat="48.844861797988415" lon="2.9098989721387625">
        <ele>54.63</ele>
      </trkpt>
      <trkpt lat="48.844679994508624" lon="2.9095799569040537">
        <ele>54.44</ele>
      </trkpt>
      <trkpt lat="48.84448469616473" lon="2.9092995822429657">
        <ele>54.23</ele>
      </trkpt>
      <trkpt lat="48.84428998455405" lon="2.909019961953163">
        <ele>54.03</ele>
      </trkpt>
      <trkpt lat="48.844058057293296" lon="2.9087262600660324">
        <ele>53.96</ele>
      </trkpt>
      <trkpt lat="48.84382613003254" lon="2.9084326419979334">
        <ele>53.94</ele>
      </trkpt>
      <trkpt lat="48.84359420277178" lon="2.9081390239298344">
        <ele>53.98</ele>
      </trkpt>
      <trkpt lat="48.843362275511026" lon="2.9078453220427036">
        <ele>54.01</ele>
      </trkpt>
      <trkpt lat="48.84313034825027" lon="2.9075517039746046">
        <ele>54.01</ele>
      </trkpt>
      <trkpt lat="48.842899929732084" lon="2.9072599299252033">
        <ele>54.02</ele>
      </trkpt>
      <trkpt lat="48.84269650094211" lon="2.9071031883358955">
        <ele>53.89</ele>
      </trkpt>
      <trkpt lat="48.84249307215214" lon="2.9069464467465878">
        <ele>53.81</ele>
      </trkpt>
      <trkpt lat="48.84228997863829" lon="2.906789956614375">
        <ele>53.77</ele>
      </trkpt>
      <trkpt lat="48.842039946466684" lon="2.90667487308383">
        <ele>53.76</ele>
      </trkpt>
      <trkpt lat="48.84178999811411" lon="2.906559957191348">
        <ele>53.74</ele>
      </trkpt>
      <trkpt lat="48.841486321762204" lon="2.9064893815666437">
        <ele>53.65</ele>
      </trkpt>
      <trkpt lat="48.8411826454103" lon="2.906418889760971">
        <ele>53.45</ele>
      </trkpt>
      <trkpt lat="48.840878969058394" lon="2.9063483141362667">
        <ele>53.28</ele>
      </trkpt>
      <trkpt lat="48.84057537652552" lon="2.906277822330594">
        <ele>53.13</ele>
      </trkpt>
      <trkpt lat="48.840271700173616" lon="2.9062072467058897">
        <ele>52.98</ele>
      </trkpt>
      <trkpt lat="48.83996802382171" lon="2.906136754900217">
        <ele>52.82</ele>
      </trkpt>
      <trkpt lat="48.83966443128884" lon="2.9060662630945444">
        <ele>52.64</ele>
      </trkpt>
      <trkpt lat="48.83936075493693" lon="2.90599568746984">
        <ele>52.49</ele>
      </trkpt>
      <trkpt lat="48.83905707858503" lon="2.9059251956641674">
        <ele>52.36</ele>
      </trkpt>
      <trkpt lat="48.838753402233124" lon="2.9058547038584948">
        <ele>52.16</ele>
      </trkpt>
      <trkpt lat="48.83844980970025" lon="2.9057841282337904">
        <ele>51.89</ele>
      </trkpt>
      <trkpt lat="48.838146133348346" lon="2.9057136364281178">
        <ele>51.61</ele>
      </trkpt>
      <trkpt lat="48.83784245699644" lon="2.9056430608034134">
        <ele>51.33</ele>
      </trkpt>
      <trkpt lat="48.83753886446357" lon="2.9055725689977407">
        <ele>51.11</ele>
      </trkpt>
      <trkpt lat="48.83723518811166" lon="2.905502077192068">
        <ele>50.91</ele>
      </trkpt>
      <trkpt lat="48.83693151175976" lon="2.9054315015673637">
        <ele>50.69</ele>
      </trkpt>
      <trkpt lat="48.836627919226885" lon="2.905361009761691">
        <ele>50.48</ele>
      </trkpt>
      <trkpt lat="48.83632424287498" lon="2.9052905179560184">
        <ele>50.31</ele>
      </trkpt>
      <trkpt lat="48.83601997978985" lon="2.905219942331314">
        <ele>50.11</ele>
      </trkpt>
      <trkpt lat="48.835753267630935" lon="2.905070995911956">
        <ele>49.96</ele>
      </trkpt>
      <trkpt lat="48.835486555472016" lon="2.9049220494925976">
        <ele>49.86</ele>
      </trkpt>
      <trkpt lat="48.8352198433131" lon="2.9047731030732393">
        <ele>49.8</ele>
      </trkpt>
      <trkpt lat="48.83495313115418" lon="2.904624240472913">
        <ele>49.72</ele>
      </trkpt>
      <trkpt lat="48.83468641899526" lon="2.9044752940535545">
        <ele>49.65</ele>
      </trkpt>
      <trkpt lat="48.83441970683634" lon="2.9043263476341963">
        <ele>49.67</ele>
      </trkpt>
      <trkpt lat="48.834152994677424" lon="2.9041774850338697">
        <ele>49.81</ele>
      </trkpt>
      <trkpt lat="48.833886282518506" lon="2.9040285386145115">
        <ele>50</ele>
      </trkpt>
      <trkpt lat="48.833619989454746" lon="2.90387992747128">
        <ele>50.27</ele>
      </trkpt>
      <trkpt lat="48.83334740996361" lon="2.903700638562441">
        <ele>50.61</ele>
      </trkpt>
      <trkpt lat="48.83307483047247" lon="2.9035214334726334">
        <ele>51</ele>
      </trkpt>
      <trkpt lat="48.83280225098133" lon="2.903342228382826">
        <ele>51.53</ele>
      </trkpt>
      <trkpt lat="48.83252967149019" lon="2.9031630232930183">
        <ele>52.15</ele>
      </trkpt>
      <trkpt lat="48.832257091999054" lon="2.902983734384179">
        <ele>52.81</ele>
      </trkpt>
      <trkpt lat="48.831984512507915" lon="2.9028045292943716">
        <ele>53.63</ele>
      </trkpt>
      <trkpt lat="48.83171193301678" lon="2.902625324204564">
        <ele>54.56</ele>
      </trkpt>
      <trkpt lat="48.83143935352564" lon="2.9024461191147566">
        <ele>55.5</ele>
      </trkpt>
      <trkpt lat="48.8311667740345" lon="2.902266914024949">
        <ele>56.5</ele>
      </trkpt>
      <trkpt lat="48.83089419454336" lon="2.9020877089351416">
        <ele>57.63</ele>
      </trkpt>
      <trkpt lat="48.83062161505222" lon="2.9019084200263023">
        <ele>58.8</ele>
      </trkpt>
      <trkpt lat="48.830349957570434" lon="2.9017299693077803">
        <ele>60.09</ele>
      </trkpt>
      <trkpt lat="48.830199586227536" lon="2.9013241175562143">
        <ele>61.78</ele>
      </trkpt>
      <trkpt lat="48.830049969255924" lon="2.9009199421852827">
        <ele>63.5</ele>
      </trkpt>
      <trkpt lat="48.82997687906027" lon="2.900523142889142">
        <ele>65.26</ele>
      </trkpt>
      <trkpt lat="48.829903872683644" lon="2.900126427412033">
        <ele>67.04</ele>
      </trkpt>
      <trkpt lat="48.82983078248799" lon="2.899729795753956">
        <ele>68.97</ele>
      </trkpt>
      <trkpt lat="48.829757776111364" lon="2.899333080276847">
        <ele>71.05</ele>
      </trkpt>
      <trkpt lat="48.82968468591571" lon="2.898936364799738">
        <ele>73.14</ele>
      </trkpt>
      <trkpt lat="48.829611679539084" lon="2.898539649322629">
        <ele>75.23</ele>
      </trkpt>
      <trkpt lat="48.829539930447936" lon="2.898149974644184">
        <ele>77.39</ele>
      </trkpt>
      <trkpt lat="48.829409927129745" lon="2.8979899641126394">
        <ele>79.42</ele>
      </trkpt>
      <trkpt lat="48.82909996435046" lon="2.897949982434511">
        <ele>81.46</ele>
      </trkpt>
      <trkpt lat="48.828979935497046" lon="2.8978499863296747">
        <ele>83.51</ele>
      </trkpt>
      <trkpt lat="48.82890994660556" lon="2.897699950262904">
        <ele>85.44</ele>
      </trkpt>
      <trkpt lat="48.828894859179854" lon="2.8974592220038176">
        <ele>87.35</ele>
      </trkpt>
      <trkpt lat="48.82887993939221" lon="2.89721991866827">
        <ele>89.23</ele>
      </trkpt>
      <trkpt lat="48.82890500128269" lon="2.8967436589300632">
        <ele>91.08</ele>
      </trkpt>
      <trkpt lat="48.82892997935414" lon="2.8962699975818396">
        <ele>92.93</ele>
      </trkpt>
      <trkpt lat="48.82893995381892" lon="2.8958989307284355">
        <ele>94.76</ele>
      </trkpt>
      <trkpt lat="48.82895001210272" lon="2.895527947694063">
        <ele>96.5</ele>
      </trkpt>
      <trkpt lat="48.8289599865675" lon="2.8951599821448326">
        <ele>98.18</ele>
      </trkpt>
      <trkpt lat="48.82890651002526" lon="2.8948357701301575">
        <ele>99.78</ele>
      </trkpt>
      <trkpt lat="48.82885303348303" lon="2.8945115581154823">
        <ele>101.33</ele>
      </trkpt>
      <trkpt lat="48.82879997603595" lon="2.8941899444907904">
        <ele>102.86</ele>
      </trkpt>
      <trkpt lat="48.82866502739489" lon="2.89375894702971">
        <ele>104.36</ele>
      </trkpt>
      <trkpt lat="48.82853007875383" lon="2.8933279495686293">
        <ele>105.78</ele>
      </trkpt>
      <trkpt lat="48.8283952139318" lon="2.8928970359265804">
        <ele>107.17</ele>
      </trkpt>
      <trkpt lat="48.82826026529074" lon="2.8924660384655">
        <ele>108.62</ele>
      </trkpt>
      <trkpt lat="48.82812540046871" lon="2.892035124823451">
        <ele>109.97</ele>
      </trkpt>
      <trkpt lat="48.827990451827645" lon="2.8916041273623705">
        <ele>111.33</ele>
      </trkpt>
      <trkpt lat="48.827855587005615" lon="2.89117312990129">
        <ele>112.68</ele>
      </trkpt>
      <trkpt lat="48.82772063836455" lon="2.890742216259241">
        <ele>113.93</ele>
      </trkpt>
      <trkpt lat="48.82758577354252" lon="2.8903112187981606">
        <ele>115.13</ele>
      </trkpt>
      <trkpt lat="48.82745082490146" lon="2.8898803051561117">
        <ele>116.26</ele>
      </trkpt>
      <trkpt lat="48.82731596007943" lon="2.889449307695031">
        <ele>117.36</ele>
      </trkpt>
      <trkpt lat="48.82718101143837" lon="2.8890183940529823">
        <ele>118.4</ele>
      </trkpt>
      <trkpt lat="48.82704991847277" lon="2.888599969446659">
        <ele>119.4</ele>
      </trkpt>
      <trkpt lat="48.8269136287272" lon="2.8882010746747255">
        <ele>120.46</ele>
      </trkpt>
      <trkpt lat="48.82677733898163" lon="2.887802179902792">
        <ele>121.41</ele>
      </trkpt>
      <trkpt lat="48.82664104923606" lon="2.88740336894989">
        <ele>122.36</ele>
      </trkpt>
      <trkpt lat="48.82650475949049" lon="2.8870044741779566">
        <ele>123.33</ele>
      </trkpt>
      <trkpt lat="48.82636997848749" lon="2.8866099379956722">
        <ele>124.31</ele>
      </trkpt>
      <trkpt lat="48.82618465460837" lon="2.886227974668145">
        <ele>125.31</ele>
      </trkpt>
      <trkpt lat="48.825999330729246" lon="2.88584609515965">
        <ele>126.35</ele>
      </trkpt>
      <trkpt lat="48.82581400685012" lon="2.885464131832123">
        <ele>127.33</ele>
      </trkpt>
      <trkpt lat="48.825628682971" lon="2.8850822523236275">
        <ele>128.25</ele>
      </trkpt>
      <trkpt lat="48.82544335909188" lon="2.8847002889961004">
        <ele>129.08</ele>
      </trkpt>
      <trkpt lat="48.825258035212755" lon="2.884318409487605">
        <ele>129.84</ele>
      </trkpt>
      <trkpt lat="48.82507271133363" lon="2.8839365299791098">
        <ele>130.55</ele>
      </trkpt>
      <trkpt lat="48.82488998584449" lon="2.8835599310696125">
        <ele>131.23</ele>
      </trkpt>
      <trkpt lat="48.824649676680565" lon="2.8832535725086927">
        <ele>131.96</ele>
      </trkpt>
      <trkpt lat="48.82440945133567" lon="2.8829472977668047">
        <ele>132.6</ele>
      </trkpt>
      <trkpt lat="48.82416914217174" lon="2.882640939205885">
        <ele>133.15</ele>
      </trkpt>
      <trkpt lat="48.823928916826844" lon="2.882334664463997">
        <ele>133.67</ele>
      </trkpt>
      <trkpt lat="48.823689948767424" lon="2.8820299822837114">
        <ele>134.27</ele>
      </trkpt>
      <trkpt lat="48.823689948767424" lon="2.8816689737141132">
        <ele>134.86</ele>
      </trkpt>
      <trkpt lat="48.823689948767424" lon="2.881309976801276">
        <ele>135.44</ele>
      </trkpt>
      <trkpt lat="48.82360998541117" lon="2.8809299413114786">
        <ele>135.92</ele>
      </trkpt>
      <trkpt lat="48.8234821613878" lon="2.880554096773267">
        <ele>136.31</ele>
      </trkpt>
      <trkpt lat="48.82335442118347" lon="2.8801783360540867">
        <ele>136.68</ele>
      </trkpt>
      <trkpt lat="48.82322668097913" lon="2.879802491515875">
        <ele>137.06</ele>
      </trkpt>
      <trkpt lat="48.82309885695577" lon="2.8794267307966948">
        <ele>137.43</ele>
      </trkpt>
      <trkpt lat="48.82297111675143" lon="2.879050886258483">
        <ele>137.74</ele>
      </trkpt>
      <trkpt lat="48.8228433765471" lon="2.878675125539303">
        <ele>138.01</ele>
      </trkpt>
      <trkpt lat="48.82271555252373" lon="2.878299281001091">
        <ele>138.33</ele>
      </trkpt>
      <trkpt lat="48.82258999161422" lon="2.877929974347353">
        <ele>138.57</ele>
      </trkpt>
      <trkpt lat="48.82258999161422" lon="2.877489924430847">
        <ele>138.68</ele>
      </trkpt>
      <trkpt lat="48.82268998771906" lon="2.8771499544382095">
        <ele>138.87</ele>
      </trkpt>
      <trkpt lat="48.82260994054377" lon="2.8769499622285366">
        <ele>139.01</ele>
      </trkpt>
      <trkpt lat="48.82256979122758" lon="2.8767143469303846">
        <ele>139.14</ele>
      </trkpt>
      <trkpt lat="48.822529977187514" lon="2.8764799889177084">
        <ele>139.31</ele>
      </trkpt>
      <trkpt lat="48.822434758767486" lon="2.876274548470974">
        <ele>139.43</ele>
      </trkpt>
      <trkpt lat="48.822339959442616" lon="2.8760699462145567">
        <ele>139.52</ele>
      </trkpt>
      <trkpt lat="48.822134686633945" lon="2.8758447244763374">
        <ele>139.52</ele>
      </trkpt>
      <trkpt lat="48.821929916739464" lon="2.8756199218332767">
        <ele>139.45</ele>
      </trkpt>
      <trkpt lat="48.82181977853179" lon="2.87544465623796">
        <ele>139.41</ele>
      </trkpt>
      <trkpt lat="48.82170997560024" lon="2.875269977375865">
        <ele>139.37</ele>
      </trkpt>
      <trkpt lat="48.82158466614783" lon="2.874894132837653">
        <ele>139.33</ele>
      </trkpt>
      <trkpt lat="48.821459356695414" lon="2.8745182882994413">
        <ele>139.26</ele>
      </trkpt>
      <trkpt lat="48.82133413106203" lon="2.8741424437612295">
        <ele>139.15</ele>
      </trkpt>
      <trkpt lat="48.821208821609616" lon="2.8737666830420494">
        <ele>139.03</ele>
      </trkpt>
      <trkpt lat="48.82108359597623" lon="2.8733908385038376">
        <ele>138.98</ele>
      </trkpt>
      <trkpt lat="48.82095996290445" lon="2.873019939288497">
        <ele>138.96</ele>
      </trkpt>
      <trkpt lat="48.82082249969244" lon="2.872627666220069">
        <ele>138.93</ele>
      </trkpt>
      <trkpt lat="48.82068503648043" lon="2.872235393151641">
        <ele>138.91</ele>
      </trkpt>
      <trkpt lat="48.820547657087445" lon="2.871843120083213">
        <ele>138.8</ele>
      </trkpt>
      <trkpt lat="48.82041019387543" lon="2.871450847014785">
        <ele>138.58</ele>
      </trkpt>
      <trkpt lat="48.82027281448245" lon="2.8710585739463568">
        <ele>138.42</ele>
      </trkpt>
      <trkpt lat="48.82013535127044" lon="2.8706663008779287">
        <ele>138.3</ele>
      </trkpt>
      <trkpt lat="48.819997971877456" lon="2.8702740278095007">
        <ele>138.18</ele>
      </trkpt>
      <trkpt lat="48.81986050866544" lon="2.8698817547410727">
        <ele>138.09</ele>
      </trkpt>
      <trkpt lat="48.81972304545343" lon="2.8694894816726446">
        <ele>137.96</ele>
      </trkpt>
      <trkpt lat="48.81958566606045" lon="2.8690972924232483">
        <ele>137.8</ele>
      </trkpt>
      <trkpt lat="48.819448202848434" lon="2.8687050193548203">
        <ele>137.73</ele>
      </trkpt>
      <trkpt lat="48.81931082345545" lon="2.868312746286392">
        <ele>137.61</ele>
      </trkpt>
      <trkpt lat="48.81917336024344" lon="2.867920473217964">
        <ele>137.5</ele>
      </trkpt>
      <trkpt lat="48.81903992034495" lon="2.8675399348139763">
        <ele>137.35</ele>
      </trkpt>
      <trkpt lat="48.8189129345119" lon="2.86716241389513">
        <ele>137.26</ele>
      </trkpt>
      <trkpt lat="48.81878603249788" lon="2.8667849767953157">
        <ele>137.12</ele>
      </trkpt>
      <trkpt lat="48.81865996867418" lon="2.866409970447421">
        <ele>136.95</ele>
      </trkpt>
      <trkpt lat="48.81858981214464" lon="2.866149293258786">
        <ele>136.8</ele>
      </trkpt>
      <trkpt lat="48.81851999089122" lon="2.8658899571746588">
        <ele>136.7</ele>
      </trkpt>
      <trkpt lat="48.81844639778137" lon="2.865440435707569">
        <ele>136.69</ele>
      </trkpt>
      <trkpt lat="48.81837288849056" lon="2.8649909142404795">
        <ele>136.6</ele>
      </trkpt>
      <trkpt lat="48.81829937919974" lon="2.8645414765924215">
        <ele>136.4</ele>
      </trkpt>
      <trkpt lat="48.81822586990893" lon="2.864091955125332">
        <ele>136.29</ele>
      </trkpt>
      <trkpt lat="48.81815227679908" lon="2.8636424336582422">
        <ele>136.25</ele>
      </trkpt>
      <trkpt lat="48.81807994097471" lon="2.8631999529898167">
        <ele>136.32</ele>
      </trkpt>
      <trkpt lat="48.81801187992096" lon="2.8627473302185535">
        <ele>136.24</ele>
      </trkpt>
      <trkpt lat="48.81794381886721" lon="2.8622947074472904">
        <ele>136.17</ele>
      </trkpt>
      <trkpt lat="48.817875841632485" lon="2.8618420846760273">
        <ele>136.09</ele>
      </trkpt>
      <trkpt lat="48.81780778057873" lon="2.861389461904764">
        <ele>136.07</ele>
      </trkpt>
      <trkpt lat="48.81773980334401" lon="2.860936839133501">
        <ele>136.02</ele>
      </trkpt>
      <trkpt lat="48.81767174229026" lon="2.8604843001812696">
        <ele>136.02</ele>
      </trkpt>
      <trkpt lat="48.81760376505554" lon="2.8600316774100065">
        <ele>136.04</ele>
      </trkpt>
      <trkpt lat="48.817535704001784" lon="2.8595790546387434">
        <ele>136.08</ele>
      </trkpt>
      <trkpt lat="48.81746772676706" lon="2.8591264318674803">
        <ele>136.01</ele>
      </trkpt>
      <trkpt lat="48.81739966571331" lon="2.858673809096217">
        <ele>135.98</ele>
      </trkpt>
      <trkpt lat="48.81733168847859" lon="2.8582212701439857">
        <ele>135.97</ele>
      </trkpt>
      <trkpt lat="48.817263627424836" lon="2.8577686473727226">
        <ele>135.97</ele>
      </trkpt>
      <trkpt lat="48.81719556637108" lon="2.8573160246014595">
        <ele>135.95</ele>
      </trkpt>
      <trkpt lat="48.81712993606925" lon="2.856879997998476">
        <ele>135.97</ele>
      </trkpt>
      <trkpt lat="48.81705726496875" lon="2.856431817635894">
        <ele>136.05</ele>
      </trkpt>
      <trkpt lat="48.816984593868256" lon="2.8559836372733116">
        <ele>136.05</ele>
      </trkpt>
      <trkpt lat="48.81691192276776" lon="2.8555354569107294">
        <ele>136.03</ele>
      </trkpt>
      <trkpt lat="48.81683925166726" lon="2.855087276548147">
        <ele>136.02</ele>
      </trkpt>
      <trkpt lat="48.816766580566764" lon="2.854639096185565">
        <ele>135.93</ele>
      </trkpt>
      <trkpt lat="48.81669390946627" lon="2.854190915822983">
        <ele>135.91</ele>
      </trkpt>
      <trkpt lat="48.81662123836577" lon="2.8537427354604006">
        <ele>135.93</ele>
      </trkpt>
      <trkpt lat="48.81654856726527" lon="2.85329463891685">
        <ele>135.95</ele>
      </trkpt>
      <trkpt lat="48.816475896164775" lon="2.852846458554268">
        <ele>135.94</ele>
      </trkpt>
      <trkpt lat="48.81640322506428" lon="2.8523982781916857">
        <ele>135.79</ele>
      </trkpt>
      <trkpt lat="48.81633055396378" lon="2.8519500978291035">
        <ele>135.67</ele>
      </trkpt>
      <trkpt lat="48.81625788286328" lon="2.8515019174665213">
        <ele>135.49</ele>
      </trkpt>
      <trkpt lat="48.816185211762786" lon="2.851053737103939">
        <ele>135.23</ele>
      </trkpt>
      <trkpt lat="48.81611254066229" lon="2.8506056405603886">
        <ele>135.08</ele>
      </trkpt>
      <trkpt lat="48.81603986956179" lon="2.8501574601978064">
        <ele>134.89</ele>
      </trkpt>
      <trkpt lat="48.815967198461294" lon="2.849709279835224">
        <ele>134.68</ele>
      </trkpt>
      <trkpt lat="48.8158945273608" lon="2.849261099472642">
        <ele>134.49</ele>
      </trkpt>
      <trkpt lat="48.8158218562603" lon="2.8488130029290915">
        <ele>134.23</ele>
      </trkpt>
      <trkpt lat="48.8157491851598" lon="2.8483648225665092">
        <ele>133.93</ele>
      </trkpt>
      <trkpt lat="48.815679950639606" lon="2.847939943894744">
        <ele>133.57</ele>
      </trkpt>
      <trkpt lat="48.81563426926732" lon="2.8474753350019455">
        <ele>133.21</ele>
      </trkpt>
      <trkpt lat="48.815588587895036" lon="2.847010726109147">
        <ele>132.92</ele>
      </trkpt>
      <trkpt lat="48.81554290652275" lon="2.8465462010353804">
        <ele>132.68</ele>
      </trkpt>
      <trkpt lat="48.815497225150466" lon="2.846081592142582">
        <ele>132.41</ele>
      </trkpt>
      <trkpt lat="48.81545154377818" lon="2.8456169832497835">
        <ele>132.09</ele>
      </trkpt>
      <trkpt lat="48.81540594622493" lon="2.845152458176017">
        <ele>131.77</ele>
      </trkpt>
      <trkpt lat="48.81536026485264" lon="2.8446878492832184">
        <ele>131.36</ele>
      </trkpt>
      <trkpt lat="48.81531458348036" lon="2.8442233242094517">
        <ele>130.88</ele>
      </trkpt>
      <trkpt lat="48.815269991755486" lon="2.843769947066903">
        <ele>130.4</ele>
      </trkpt>
      <trkpt lat="48.81525993347168" lon="2.8433621674776077">
        <ele>129.84</ele>
      </trkpt>
      <trkpt lat="48.815249875187874" lon="2.8429543878883123">
        <ele>129.14</ele>
      </trkpt>
      <trkpt lat="48.81523998454213" lon="2.8425499610602856">
        <ele>128.55</ele>
      </trkpt>
      <trkpt lat="48.815269991755486" lon="2.8422899544239044">
        <ele>128.02</ele>
      </trkpt>
      <trkpt lat="48.81534995511174" lon="2.842199932783842">
        <ele>127.54</ele>
      </trkpt>
      <trkpt lat="48.815399995073676" lon="2.842019973322749">
        <ele>127.04</ele>
      </trkpt>
      <trkpt lat="48.81538993678987" lon="2.841779999434948">
        <ele>126.51</ele>
      </trkpt>
      <trkpt lat="48.81536998786032" lon="2.8416999522596598">
        <ele>126.08</ele>
      </trkpt>
      <trkpt lat="48.8151899445802" lon="2.841519992798567">
        <ele>125.73</ele>
      </trkpt>
      <trkpt lat="48.815139988437295" lon="2.8413999639451504">
        <ele>125.38</ele>
      </trkpt>
      <trkpt lat="48.81507997401059" lon="2.8411999717354774">
        <ele>125.06</ele>
      </trkpt>
      <trkpt lat="48.81502976641059" lon="2.840874083340168">
        <ele>124.77</ele>
      </trkpt>
      <trkpt lat="48.81497997790575" lon="2.8405499551445246">
        <ele>124.57</ele>
      </trkpt>
      <trkpt lat="48.81494485773146" lon="2.8401638846844435">
        <ele>124.32</ele>
      </trkpt>
      <trkpt lat="48.81490998901427" lon="2.839779993519187">
        <ele>124.06</ele>
      </trkpt>
      <trkpt lat="48.81486598402262" lon="2.8393171448260546">
        <ele>123.81</ele>
      </trkpt>
      <trkpt lat="48.81482206285" lon="2.838854379951954">
        <ele>123.62</ele>
      </trkpt>
      <trkpt lat="48.81477805785835" lon="2.838391615077853">
        <ele>123.54</ele>
      </trkpt>
      <trkpt lat="48.81473413668573" lon="2.8379288502037525">
        <ele>123.58</ele>
      </trkpt>
      <trkpt lat="48.81469013169408" lon="2.83746600151062">
        <ele>123.59</ele>
      </trkpt>
      <trkpt lat="48.81464621052146" lon="2.8370032366365194">
        <ele>123.63</ele>
      </trkpt>
      <trkpt lat="48.81460228934884" lon="2.8365404717624187">
        <ele>123.67</ele>
      </trkpt>
      <trkpt lat="48.81455828435719" lon="2.836077706888318">
        <ele>123.74</ele>
      </trkpt>
      <trkpt lat="48.81451436318457" lon="2.8356149420142174">
        <ele>123.78</ele>
      </trkpt>
      <trkpt lat="48.81447035819292" lon="2.835152093321085">
        <ele>123.91</ele>
      </trkpt>
      <trkpt lat="48.8144264370203" lon="2.8346893284469843">
        <ele>124.11</ele>
      </trkpt>
      <trkpt lat="48.81438243202865" lon="2.8342265635728836">
        <ele>124.36</ele>
      </trkpt>
      <trkpt lat="48.81433993577957" lon="2.833779975771904">
        <ele>124.59</ele>
      </trkpt>
      <trkpt lat="48.81432484835386" lon="2.833373788744211">
        <ele>124.72</ele>
      </trkpt>
      <trkpt lat="48.81430992856622" lon="2.8329699486494064">
        <ele>124.87</ele>
      </trkpt>
      <trkpt lat="48.81427581422031" lon="2.832502657547593">
        <ele>125.12</ele>
      </trkpt>
      <trkpt lat="48.8142416998744" lon="2.83203536644578">
        <ele>125.33</ele>
      </trkpt>
      <trkpt lat="48.814207669347525" lon="2.831568159162998">
        <ele>125.59</ele>
      </trkpt>
      <trkpt lat="48.81417355500162" lon="2.831100868061185">
        <ele>125.76</ele>
      </trkpt>
      <trkpt lat="48.8141399435699" lon="2.830639947205782">
        <ele>125.82</ele>
      </trkpt>
      <trkpt lat="48.814114881679416" lon="2.830178691074252">
        <ele>125.91</ele>
      </trkpt>
      <trkpt lat="48.814089987426996" lon="2.829719949513674">
        <ele>126.06</ele>
      </trkpt>
      <trkpt lat="48.81379494443536" lon="2.8296299278736115">
        <ele>126.23</ele>
      </trkpt>
      <trkpt lat="48.81349998526275" lon="2.829539990052581">
        <ele>126.36</ele>
      </trkpt>
      <trkpt lat="48.81323201581836" lon="2.8295059595257044">
        <ele>126.45</ele>
      </trkpt>
      <trkpt lat="48.81296404637396" lon="2.829471928998828">
        <ele>126.48</ele>
      </trkpt>
      <trkpt lat="48.81269607692957" lon="2.8294378984719515">
        <ele>126.5</ele>
      </trkpt>
      <trkpt lat="48.812428107485175" lon="2.8294039517641068">
        <ele>126.54</ele>
      </trkpt>
      <trkpt lat="48.81215997040272" lon="2.8293699212372303">
        <ele>126.57</ele>
      </trkpt>
      <trkpt lat="48.81199995987117" lon="2.8292599506676197">
        <ele>126.57</ele>
      </trkpt>
      <trkpt lat="48.811769960448146" lon="2.8292399179190397">
        <ele>126.54</ele>
      </trkpt>
      <trkpt lat="48.81151741370559" lon="2.829167414456606">
        <ele>126.64</ele>
      </trkpt>
      <trkpt lat="48.81126495078206" lon="2.829094910994172">
        <ele>126.7</ele>
      </trkpt>
      <trkpt lat="48.811012487858534" lon="2.8290224075317383">
        <ele>126.68</ele>
      </trkpt>
      <trkpt lat="48.810759941115975" lon="2.828949987888336">
        <ele>126.61</ele>
      </trkpt>
      <trkpt lat="48.81045567803085" lon="2.8288588766008615">
        <ele>126.54</ele>
      </trkpt>
      <trkpt lat="48.81015141494572" lon="2.828767765313387">
        <ele>126.58</ele>
      </trkpt>
      <trkpt lat="48.80984723567963" lon="2.828676737844944">
        <ele>126.62</ele>
      </trkpt>
      <trkpt lat="48.8095429725945" lon="2.8285856265574694">
        <ele>126.67</ele>
      </trkpt>
      <trkpt lat="48.809238793328404" lon="2.8284945990890265">
        <ele>126.68</ele>
      </trkpt>
      <trkpt lat="48.80893453024328" lon="2.828403487801552">
        <ele>126.69</ele>
      </trkpt>
      <trkpt lat="48.80863035097718" lon="2.828312460333109">
        <ele>126.67</ele>
      </trkpt>
      <trkpt lat="48.808326087892056" lon="2.8282213490456343">
        <ele>126.69</ele>
      </trkpt>
      <trkpt lat="48.80802190862596" lon="2.8281303215771914">
        <ele>126.73</ele>
      </trkpt>
      <trkpt lat="48.80771764554083" lon="2.8280392941087484">
        <ele>126.81</ele>
      </trkpt>
      <trkpt lat="48.80741346627474" lon="2.827948182821274">
        <ele>126.89</ele>
      </trkpt>
      <trkpt lat="48.80710920318961" lon="2.827857155352831">
        <ele>126.94</ele>
      </trkpt>
      <trkpt lat="48.806805023923516" lon="2.8277660440653563">
        <ele>126.9</ele>
      </trkpt>
      <trkpt lat="48.80650076083839" lon="2.8276750165969133">
        <ele>127</ele>
      </trkpt>
      <trkpt lat="48.806196581572294" lon="2.8275839053094387">
        <ele>127.09</ele>
      </trkpt>
      <trkpt lat="48.80589231848717" lon="2.827492877840996">
        <ele>127.24</ele>
      </trkpt>
      <trkpt lat="48.80558813922107" lon="2.827401766553521">
        <ele>127.41</ele>
      </trkpt>
      <trkpt lat="48.805283876135945" lon="2.8273107390850782">
        <ele>127.61</ele>
      </trkpt>
      <trkpt lat="48.80528320558369" lon="2.827310487627983">
        <ele>127.71</ele>
      </trkpt>
      <trkpt lat="48.80497969686985" lon="2.8272197116166353">
        <ele>127.82</ele>
      </trkpt>
      <trkpt lat="48.80467543378472" lon="2.8271286003291607">
        <ele>127.87</ele>
      </trkpt>
      <trkpt lat="48.80437125451863" lon="2.8270375728607178">
        <ele>127.92</ele>
      </trkpt>
      <trkpt lat="48.8040669914335" lon="2.826946461573243">
        <ele>127.98</ele>
      </trkpt>
      <trkpt lat="48.803762812167406" lon="2.8268554341048002">
        <ele>128.05</ele>
      </trkpt>
      <trkpt lat="48.80345854908228" lon="2.8267644066363573">
        <ele>128.12</ele>
      </trkpt>
      <trkpt lat="48.803154369816184" lon="2.8266732953488827">
        <ele>128.36</ele>
      </trkpt>
      <trkpt lat="48.80285010673106" lon="2.8265822678804398">
        <ele>128.54</ele>
      </trkpt>
      <trkpt lat="48.80254592746496" lon="2.826491240411997">
        <ele>128.67</ele>
      </trkpt>
      <trkpt lat="48.80224107764661" lon="2.826400212943554">
        <ele>128.94</ele>
      </trkpt>
      <trkpt lat="48.80224049091339" lon="2.8264000453054905">
        <ele>129.09</ele>
      </trkpt>
      <trkpt lat="48.8022399879992" lon="2.826399961486459">
        <ele>129.25</ele>
      </trkpt>
      <trkpt lat="48.801949974149466" lon="2.8263049107044935">
        <ele>129.44</ele>
      </trkpt>
      <trkpt lat="48.80165996029973" lon="2.82620994374156">
        <ele>129.55</ele>
      </trkpt>
      <trkpt lat="48.80138738080859" lon="2.8260911721736193">
        <ele>129.66</ele>
      </trkpt>
      <trkpt lat="48.801114885136485" lon="2.8259724006056786">
        <ele>129.81</ele>
      </trkpt>
      <trkpt lat="48.80084238946438" lon="2.825853629037738">
        <ele>129.97</ele>
      </trkpt>
      <trkpt lat="48.80056989379227" lon="2.825734857469797">
        <ele>130.09</ele>
      </trkpt>
      <trkpt lat="48.800297398120165" lon="2.8256160859018564">
        <ele>130.19</ele>
      </trkpt>
      <trkpt lat="48.80002490244806" lon="2.8254973143339157">
        <ele>130.25</ele>
      </trkpt>
      <trkpt lat="48.79975240677595" lon="2.8253786265850067">
        <ele>130.35</ele>
      </trkpt>
      <trkpt lat="48.799479994922876" lon="2.8252599388360977">
        <ele>130.42</ele>
      </trkpt>
      <trkpt lat="48.799179922789335" lon="2.825129348784685">
        <ele>130.44</ele>
      </trkpt>
      <trkpt lat="48.798879934474826" lon="2.8249988425523043">
        <ele>130.5</ele>
      </trkpt>
      <trkpt lat="48.79857994616032" lon="2.8248683363199234">
        <ele>130.55</ele>
      </trkpt>
      <trkpt lat="48.798279874026775" lon="2.8247378300875425">
        <ele>130.67</ele>
      </trkpt>
      <trkpt lat="48.797979885712266" lon="2.8246073238551617">
        <ele>130.76</ele>
      </trkpt>
      <trkpt lat="48.79767989739776" lon="2.824476817622781">
        <ele>130.73</ele>
      </trkpt>
      <trkpt lat="48.79737990908325" lon="2.8243463113904">
        <ele>130.64</ele>
      </trkpt>
      <trkpt lat="48.797079836949706" lon="2.824215805158019">
        <ele>130.55</ele>
      </trkpt>
      <trkpt lat="48.7967798486352" lon="2.824085298925638">
        <ele>130.43</ele>
      </trkpt>
      <trkpt lat="48.79647986032069" lon="2.8239547926932573">
        <ele>130.28</ele>
      </trkpt>
      <trkpt lat="48.796179788187146" lon="2.8238242026418447">
        <ele>130.12</ele>
      </trkpt>
      <trkpt lat="48.79587979987264" lon="2.823693696409464">
        <ele>129.98</ele>
      </trkpt>
      <trkpt lat="48.79557981155813" lon="2.823563190177083">
        <ele>129.86</ele>
      </trkpt>
      <trkpt lat="48.79527982324362" lon="2.823432683944702">
        <ele>129.63</ele>
      </trkpt>
      <trkpt lat="48.79497975111008" lon="2.8233021777123213">
        <ele>129.34</ele>
      </trkpt>
      <trkpt lat="48.79467976279557" lon="2.8231716714799404">
        <ele>129.04</ele>
      </trkpt>
      <trkpt lat="48.79437977448106" lon="2.8230411652475595">
        <ele>128.7</ele>
      </trkpt>
      <trkpt lat="48.79407970234752" lon="2.8229106590151787">
        <ele>128.27</ele>
      </trkpt>
      <trkpt lat="48.79377971403301" lon="2.822780152782798">
        <ele>127.86</ele>
      </trkpt>
      <trkpt lat="48.79347997717559" lon="2.822649981826544">
        <ele>127.48</ele>
      </trkpt>
      <trkpt lat="48.793249977752566" lon="2.8225699346512556">
        <ele>127.07</ele>
      </trkpt>
      <trkpt lat="48.79308996722102" lon="2.8225699346512556">
        <ele>126.65</ele>
      </trkpt>
      <trkpt lat="48.7929199822247" lon="2.822604887187481">
        <ele>126.18</ele>
      </trkpt>
      <trkpt lat="48.792749997228384" lon="2.822639923542738">
        <ele>125.7</ele>
      </trkpt>
      <trkpt lat="48.79244782961905" lon="2.822740338742733">
        <ele>125.22</ele>
      </trkpt>
      <trkpt lat="48.792145662009716" lon="2.822840753942728">
        <ele>124.74</ele>
      </trkpt>
      <trkpt lat="48.79184349440038" lon="2.822941252961755">
        <ele>124.25</ele>
      </trkpt>
      <trkpt lat="48.79154132679105" lon="2.82304166816175">
        <ele>123.75</ele>
      </trkpt>
      <trkpt lat="48.791239159181714" lon="2.823142083361745">
        <ele>123.3</ele>
      </trkpt>
      <trkpt lat="48.79093699157238" lon="2.8232425823807716">
        <ele>122.85</ele>
      </trkpt>
      <trkpt lat="48.790634823963046" lon="2.8233429975807667">
        <ele>122.37</ele>
      </trkpt>
      <trkpt lat="48.79033265635371" lon="2.8234434127807617">
        <ele>121.89</ele>
      </trkpt>
      <trkpt lat="48.79003048874438" lon="2.8235438279807568">
        <ele>121.43</ele>
      </trkpt>
      <trkpt lat="48.789728404954076" lon="2.8236443269997835">
        <ele>120.99</ele>
      </trkpt>
      <trkpt lat="48.78942623734474" lon="2.8237447421997786">
        <ele>120.64</ele>
      </trkpt>
      <trkpt lat="48.78912406973541" lon="2.8238451573997736">
        <ele>120.37</ele>
      </trkpt>
      <trkpt lat="48.788821902126074" lon="2.8239456564188004">
        <ele>120.04</ele>
      </trkpt>
      <trkpt lat="48.78851973451674" lon="2.8240460716187954">
        <ele>119.69</ele>
      </trkpt>
      <trkpt lat="48.788217566907406" lon="2.8241464868187904">
        <ele>119.39</ele>
      </trkpt>
      <trkpt lat="48.78791539929807" lon="2.8242469020187855">
        <ele>119.11</ele>
      </trkpt>
      <trkpt lat="48.78761323168874" lon="2.8243474010378122">
        <ele>118.91</ele>
      </trkpt>
      <trkpt lat="48.787311064079404" lon="2.8244478162378073">
        <ele>118.61</ele>
      </trkpt>
      <trkpt lat="48.78700889647007" lon="2.8245482314378023">
        <ele>118.41</ele>
      </trkpt>
      <trkpt lat="48.78670681267977" lon="2.8246486466377974">
        <ele>118.18</ele>
      </trkpt>
      <trkpt lat="48.786404645070434" lon="2.824749145656824">
        <ele>118.04</ele>
      </trkpt>
      <trkpt lat="48.7861024774611" lon="2.824849560856819">
        <ele>117.93</ele>
      </trkpt>
      <trkpt lat="48.78579997457564" lon="2.824949976056814">
        <ele>117.76</ele>
      </trkpt>
      <trkpt lat="48.78549328073859" lon="2.8249801509082317">
        <ele>117.55</ele>
      </trkpt>
      <trkpt lat="48.78518667072058" lon="2.825010409578681">
        <ele>117.41</ele>
      </trkpt>
      <trkpt lat="48.78488006070256" lon="2.8250406682491302">
        <ele>117.27</ele>
      </trkpt>
      <trkpt lat="48.78457345068455" lon="2.8250709269195795">
        <ele>117.07</ele>
      </trkpt>
      <trkpt lat="48.78426684066653" lon="2.8251011855900288">
        <ele>116.94</ele>
      </trkpt>
      <trkpt lat="48.78396023064852" lon="2.825131444260478">
        <ele>116.89</ele>
      </trkpt>
      <trkpt lat="48.7836536206305" lon="2.8251617029309273">
        <ele>116.75</ele>
      </trkpt>
      <trkpt lat="48.78334701061249" lon="2.8251919616013765">
        <ele>116.6</ele>
      </trkpt>
      <trkpt lat="48.78304040059447" lon="2.825222220271826">
        <ele>116.53</ele>
      </trkpt>
      <trkpt lat="48.78273379057646" lon="2.825252478942275">
        <ele>116.47</ele>
      </trkpt>
      <trkpt lat="48.78242718055844" lon="2.8252827376127243">
        <ele>116.42</ele>
      </trkpt>
      <trkpt lat="48.78212057054043" lon="2.8253129962831736">
        <ele>116.38</ele>
      </trkpt>
      <trkpt lat="48.78181396052241" lon="2.825343254953623">
        <ele>116.37</ele>
      </trkpt>
      <trkpt lat="48.7815073505044" lon="2.825373513624072">
        <ele>116.36</ele>
      </trkpt>
      <trkpt lat="48.78120074048638" lon="2.8254037722945213">
        <ele>116.33</ele>
      </trkpt>
      <trkpt lat="48.78089413046837" lon="2.8254340309649706">
        <ele>116.35</ele>
      </trkpt>
      <trkpt lat="48.780587520450354" lon="2.82546428963542">
        <ele>116.27</ele>
      </trkpt>
      <trkpt lat="48.78028091043234" lon="2.825494548305869">
        <ele>116.22</ele>
      </trkpt>
      <trkpt lat="48.779974300414324" lon="2.8255248069763184">
        <ele>116.2</ele>
      </trkpt>
      <trkpt lat="48.77966769039631" lon="2.8255550656467676">
        <ele>116.14</ele>
      </trkpt>
      <trkpt lat="48.779361080378294" lon="2.825585324317217">
        <ele>116.15</ele>
      </trkpt>
      <trkpt lat="48.77905438654125" lon="2.825615582987666">
        <ele>116.14</ele>
      </trkpt>
      <trkpt lat="48.77874777652323" lon="2.8256458416581154">
        <ele>116.07</ele>
      </trkpt>
      <trkpt lat="48.77844116650522" lon="2.8256761003285646">
        <ele>116.03</ele>
      </trkpt>
      <trkpt lat="48.7781345564872" lon="2.825706358999014">
        <ele>116.04</ele>
      </trkpt>
      <trkpt lat="48.77782794646919" lon="2.825736617669463">
        <ele>115.95</ele>
      </trkpt>
      <trkpt lat="48.77752133645117" lon="2.8257668763399124">
        <ele>115.91</ele>
      </trkpt>
      <trkpt lat="48.77721472643316" lon="2.8257971350103617">
        <ele>115.87</ele>
      </trkpt>
      <trkpt lat="48.77690811641514" lon="2.825827309861779">
        <ele>115.79</ele>
      </trkpt>
      <trkpt lat="48.77660150639713" lon="2.8258575685322285">
        <ele>115.75</ele>
      </trkpt>
      <trkpt lat="48.77629489637911" lon="2.8258878272026777">
        <ele>115.75</ele>
      </trkpt>
      <trkpt lat="48.7759882863611" lon="2.825918085873127">
        <ele>115.68</ele>
      </trkpt>
      <trkpt lat="48.77568167634308" lon="2.8259483445435762">
        <ele>115.61</ele>
      </trkpt>
      <trkpt lat="48.77537506632507" lon="2.8259786032140255">
        <ele>115.56</ele>
      </trkpt>
      <trkpt lat="48.775068456307054" lon="2.8260088618844748">
        <ele>115.52</ele>
      </trkpt>
      <trkpt lat="48.77476184628904" lon="2.826039120554924">
        <ele>115.49</ele>
      </trkpt>
      <trkpt lat="48.774455236271024" lon="2.8260693792253733">
        <ele>115.43</ele>
      </trkpt>
      <trkpt lat="48.77414862625301" lon="2.8260996378958225">
        <ele>115.34</ele>
      </trkpt>
      <trkpt lat="48.7738399207592" lon="2.8261299803853035">
        <ele>115.3</ele>
      </trkpt>
      <trkpt lat="48.77368493936956" lon="2.826174907386303">
        <ele>115.21</ele>
      </trkpt>
      <trkpt lat="48.77352995797992" lon="2.826219918206334">
        <ele>115.13</ele>
      </trkpt>
      <trkpt lat="48.773269951343536" lon="2.8263599798083305">
        <ele>115.06</ele>
      </trkpt>
      <trkpt lat="48.77308982424438" lon="2.826525019481778">
        <ele>115.02</ele>
      </trkpt>
      <trkpt lat="48.77290994860232" lon="2.826689975336194">
        <ele>114.97</ele>
      </trkpt>
      <trkpt lat="48.7727156560868" lon="2.8269843477755785">
        <ele>114.97</ele>
      </trkpt>
      <trkpt lat="48.77252144739032" lon="2.827278720214963">
        <ele>115</ele>
      </trkpt>
      <trkpt lat="48.7723271548748" lon="2.8275730926543474">
        <ele>115.03</ele>
      </trkpt>
      <trkpt lat="48.77213294617832" lon="2.827867465093732">
        <ele>115.09</ele>
      </trkpt>
      <trkpt lat="48.77193999476731" lon="2.8281599935144186">
        <ele>115.12</ele>
      </trkpt>
      <trkpt lat="48.771869922056794" lon="2.8280999790877104">
        <ele>115.19</ele>
      </trkpt>
      <trkpt lat="48.77179993316531" lon="2.8281199280172586">
        <ele>115.28</ele>
      </trkpt>
      <trkpt lat="48.77176992595196" lon="2.828259989619255">
        <ele>115.38</ele>
      </trkpt>
      <trkpt lat="48.77180999144912" lon="2.8283299785107374">
        <ele>115.5</ele>
      </trkpt>
      <trkpt lat="48.77162475138903" lon="2.828592751175165">
        <ele>115.64</ele>
      </trkpt>
      <trkpt lat="48.771439511328936" lon="2.828855523839593">
        <ele>115.84</ele>
      </trkpt>
      <trkpt lat="48.771254271268845" lon="2.8291183803230524">
        <ele>115.99</ele>
      </trkpt>
      <trkpt lat="48.7710699532181" lon="2.829379979521036">
        <ele>116.18</ele>
      </trkpt>
      <trkpt lat="48.77085487358272" lon="2.829534960910678">
        <ele>116.45</ele>
      </trkpt>
      <trkpt lat="48.7706399615854" lon="2.8296899423003197">
        <ele>116.7</ele>
      </trkpt>
      <trkpt lat="48.77035883255303" lon="2.8298519644886255">
        <ele>116.89</ele>
      </trkpt>
      <trkpt lat="48.77007778733969" lon="2.8300139866769314">
        <ele>116.99</ele>
      </trkpt>
      <trkpt lat="48.769796742126346" lon="2.8301760088652372">
        <ele>117.22</ele>
      </trkpt>
      <trkpt lat="48.769515696913004" lon="2.830338031053543">
        <ele>117.47</ele>
      </trkpt>
      <trkpt lat="48.76923465169966" lon="2.8305001370608807">
        <ele>117.76</ele>
      </trkpt>
      <trkpt lat="48.76895360648632" lon="2.8306621592491865">
        <ele>118.03</ele>
      </trkpt>
      <trkpt lat="48.76867256127298" lon="2.8308241814374924">
        <ele>118.31</ele>
      </trkpt>
      <trkpt lat="48.76839151605964" lon="2.8309862036257982">
        <ele>118.5</ele>
      </trkpt>
      <trkpt lat="48.768110470846295" lon="2.831148225814104">
        <ele>118.63</ele>
      </trkpt>
      <trkpt lat="48.767829928547144" lon="2.831309996545315">
        <ele>118.78</ele>
      </trkpt>
      <trkpt lat="48.767600767314434" lon="2.8310396801680326">
        <ele>119.02</ele>
      </trkpt>
      <trkpt lat="48.767371689900756" lon="2.830769447609782">
        <ele>119.25</ele>
      </trkpt>
      <trkpt lat="48.76714261248708" lon="2.830499215051532">
        <ele>119.46</ele>
      </trkpt>
      <trkpt lat="48.7669135350734" lon="2.8302288986742496">
        <ele>119.62</ele>
      </trkpt>
      <trkpt lat="48.76668445765972" lon="2.829958666115999">
        <ele>119.75</ele>
      </trkpt>
      <trkpt lat="48.76645538024604" lon="2.829688433557749">
        <ele>119.91</ele>
      </trkpt>
      <trkpt lat="48.76622621901333" lon="2.8294182009994984">
        <ele>120.08</ele>
      </trkpt>
      <trkpt lat="48.765997141599655" lon="2.8291478846222162">
        <ele>120.3</ele>
      </trkpt>
      <trkpt lat="48.765769992023706" lon="2.828879998996854">
        <ele>120.46</ele>
      </trkpt>
      <trkpt lat="48.76557025127113" lon="2.828519996255636">
        <ele>120.56</ele>
      </trkpt>
      <trkpt lat="48.76537059433758" lon="2.8281600773334503">
        <ele>120.57</ele>
      </trkpt>
      <trkpt lat="48.76517093740404" lon="2.8278000745922327">
        <ele>120.55</ele>
      </trkpt>
      <trkpt lat="48.76497119665146" lon="2.827440155670047">
        <ele>120.57</ele>
      </trkpt>
      <trkpt lat="48.76477153971791" lon="2.827080236747861">
        <ele>120.56</ele>
      </trkpt>
      <trkpt lat="48.76457188278437" lon="2.8267202340066433">
        <ele>120.53</ele>
      </trkpt>
      <trkpt lat="48.76437222585082" lon="2.8263603150844574">
        <ele>120.53</ele>
      </trkpt>
      <trkpt lat="48.76417248509824" lon="2.8260003961622715">
        <ele>120.54</ele>
      </trkpt>
      <trkpt lat="48.7639728281647" lon="2.825640393421054">
        <ele>120.58</ele>
      </trkpt>
      <trkpt lat="48.76377317123115" lon="2.825280474498868">
        <ele>120.54</ele>
      </trkpt>
      <trkpt lat="48.763573514297605" lon="2.824920555576682">
        <ele>120.43</ele>
      </trkpt>
      <trkpt lat="48.76337377354503" lon="2.8245605528354645">
        <ele>120.23</ele>
      </trkpt>
      <trkpt lat="48.76317411661148" lon="2.8242006339132786">
        <ele>119.94</ele>
      </trkpt>
      <trkpt lat="48.762974459677935" lon="2.8238407149910927">
        <ele>119.73</ele>
      </trkpt>
      <trkpt lat="48.76277480274439" lon="2.823480796068907">
        <ele>119.52</ele>
      </trkpt>
      <trkpt lat="48.76257992349565" lon="2.823129929602146">
        <ele>119.31</ele>
      </trkpt>
      <trkpt lat="48.76277010887861" lon="2.82290973700583">
        <ele>119.28</ele>
      </trkpt>
      <trkpt lat="48.762960294261575" lon="2.8226895444095135">
        <ele>119.24</ele>
      </trkpt>
      <trkpt lat="48.76315047964454" lon="2.822469351813197">
        <ele>119.06</ele>
      </trkpt>
      <trkpt lat="48.763339994475245" lon="2.822249997407198">
        <ele>118.93</ele>
      </trkpt>
      <trkpt lat="48.76338995061815" lon="2.8219299763441086">
        <ele>118.85</ele>
      </trkpt>
      <trkpt lat="48.763379976153374" lon="2.8216599952429533">
        <ele>118.78</ele>
      </trkpt>
      <trkpt lat="48.76322968862951" lon="2.821295214816928">
        <ele>118.62</ele>
      </trkpt>
      <trkpt lat="48.76307940110564" lon="2.8209305182099342">
        <ele>118.45</ele>
      </trkpt>
      <trkpt lat="48.76292911358178" lon="2.8205658216029406">
        <ele>118.41</ele>
      </trkpt>
      <trkpt lat="48.76277882605791" lon="2.820201124995947">
        <ele>118.41</ele>
      </trkpt>
      <trkpt lat="48.762628538534045" lon="2.819836428388953">
        <ele>118.45</ele>
      </trkpt>
      <trkpt lat="48.76247825101018" lon="2.8194717317819595">
        <ele>118.55</ele>
      </trkpt>
      <trkpt lat="48.762327963486314" lon="2.819107035174966">
        <ele>118.68</ele>
      </trkpt>
      <trkpt lat="48.76217767596245" lon="2.8187422547489405">
        <ele>118.71</ele>
      </trkpt>
      <trkpt lat="48.76202738843858" lon="2.818377558141947">
        <ele>118.73</ele>
      </trkpt>
      <trkpt lat="48.761879950761795" lon="2.818019986152649">
        <ele>118.82</ele>
      </trkpt>
      <trkpt lat="48.76174106262624" lon="2.8176635038107634">
        <ele>118.93</ele>
      </trkpt>
      <trkpt lat="48.76160225830972" lon="2.8173071052879095">
        <ele>119.05</ele>
      </trkpt>
      <trkpt lat="48.76146337017417" lon="2.816950622946024">
        <ele>119.19</ele>
      </trkpt>
      <trkpt lat="48.76132456585765" lon="2.81659422442317">
        <ele>119.33</ele>
      </trkpt>
      <trkpt lat="48.76118576154113" lon="2.8162378259003162">
        <ele>119.44</ele>
      </trkpt>
      <trkpt lat="48.761046873405576" lon="2.8158814273774624">
        <ele>119.59</ele>
      </trkpt>
      <trkpt lat="48.760909996926785" lon="2.8155299741774797">
        <ele>119.76</ele>
      </trkpt>
      <trkpt lat="48.76081637106836" lon="2.8151690494269133">
        <ele>119.92</ele>
      </trkpt>
      <trkpt lat="48.760722829028964" lon="2.8148082084953785">
        <ele>120.09</ele>
      </trkpt>
      <trkpt lat="48.76062995754182" lon="2.814449965953827">
        <ele>120.19</ele>
      </trkpt>
      <trkpt lat="48.76050967723131" lon="2.814136818051338">
        <ele>120.21</ele>
      </trkpt>
      <trkpt lat="48.7603893969208" lon="2.8138236701488495">
        <ele>120.28</ele>
      </trkpt>
      <trkpt lat="48.76026920042932" lon="2.813510522246361">
        <ele>120.35</ele>
      </trkpt>
      <trkpt lat="48.76014992594719" lon="2.8131999727338552">
        <ele>120.39</ele>
      </trkpt>
      <trkpt lat="48.760013384744525" lon="2.8128091245889664">
        <ele>120.42</ele>
      </trkpt>
      <trkpt lat="48.75987684354186" lon="2.8124182764440775">
        <ele>120.36</ele>
      </trkpt>
      <trkpt lat="48.759740302339196" lon="2.8120274282991886">
        <ele>120.23</ele>
      </trkpt>
      <trkpt lat="48.75960376113653" lon="2.8116366639733315">
        <ele>120.12</ele>
      </trkpt>
      <trkpt lat="48.75946721993387" lon="2.8112458158284426">
        <ele>120</ele>
      </trkpt>
      <trkpt lat="48.7593306787312" lon="2.8108549676835537">
        <ele>119.74</ele>
      </trkpt>
      <trkpt lat="48.75919413752854" lon="2.810464119538665">
        <ele>119.39</ele>
      </trkpt>
      <trkpt lat="48.75905994325876" lon="2.810079976916313">
        <ele>119.07</ele>
      </trkpt>
      <trkpt lat="48.758924659341574" lon="2.809789376333356">
        <ele>118.85</ele>
      </trkpt>
      <trkpt lat="48.75878996215761" lon="2.8094999492168427">
        <ele>118.6</ele>
      </trkpt>
      <trkpt lat="48.75861972570419" lon="2.8092729672789574">
        <ele>118.32</ele>
      </trkpt>
      <trkpt lat="48.75844948925078" lon="2.809046069160104">
        <ele>117.94</ele>
      </trkpt>
      <trkpt lat="48.75827992334962" lon="2.8088199254125357">
        <ele>117.55</ele>
      </trkpt>
      <trkpt lat="48.75800985842943" lon="2.808669889345765">
        <ele>117.09</ele>
      </trkpt>
      <trkpt lat="48.75773996114731" lon="2.8085199370980263">
        <ele>116.58</ele>
      </trkpt>
      <trkpt lat="48.75753980129957" lon="2.80835984274745">
        <ele>116.12</ele>
      </trkpt>
      <trkpt lat="48.75733997672796" lon="2.8081999998539686">
        <ele>115.73</ele>
      </trkpt>
      <trkpt lat="48.75714719295502" lon="2.8079020231962204">
        <ele>115.37</ele>
      </trkpt>
      <trkpt lat="48.75695440918207" lon="2.807604130357504">
        <ele>115.06</ele>
      </trkpt>
      <trkpt lat="48.756761625409126" lon="2.8073062375187874">
        <ele>114.68</ele>
      </trkpt>
      <trkpt lat="48.75656993128359" lon="2.8070099372416735">
        <ele>114.36</ele>
      </trkpt>
      <trkpt lat="48.75645970925689" lon="2.8067895770072937">
        <ele>114.01</ele>
      </trkpt>
      <trkpt lat="48.75634999014437" lon="2.8065699711441994">
        <ele>113.64</ele>
      </trkpt>
      <trkpt lat="48.75624974258244" lon="2.8061990719288588">
        <ele>113.3</ele>
      </trkpt>
      <trkpt lat="48.75614949502051" lon="2.805828172713518">
        <ele>112.97</ele>
      </trkpt>
      <trkpt lat="48.75604924745858" lon="2.8054573573172092">
        <ele>112.64</ele>
      </trkpt>
      <trkpt lat="48.755948999896646" lon="2.8050864581018686">
        <ele>112.3</ele>
      </trkpt>
      <trkpt lat="48.755848752334714" lon="2.804715558886528">
        <ele>111.97</ele>
      </trkpt>
      <trkpt lat="48.75574992969632" lon="2.8043499402701855">
        <ele>111.7</ele>
      </trkpt>
      <trkpt lat="48.75569175928831" lon="2.8039528895169497">
        <ele>111.47</ele>
      </trkpt>
      <trkpt lat="48.7556335888803" lon="2.803555838763714">
        <ele>111.32</ele>
      </trkpt>
      <trkpt lat="48.75557550229132" lon="2.803158788010478">
        <ele>111.21</ele>
      </trkpt>
      <trkpt lat="48.75551733188331" lon="2.802761821076274">
        <ele>111.05</ele>
      </trkpt>
      <trkpt lat="48.75545999966562" lon="2.8023699671030045">
        <ele>110.89</ele>
      </trkpt>
      <trkpt lat="48.75538473017514" lon="2.8020441625267267">
        <ele>110.76</ele>
      </trkpt>
      <trkpt lat="48.75530996359885" lon="2.8017199505120516">
        <ele>110.66</ele>
      </trkpt>
      <trkpt lat="48.75518633052707" lon="2.801365815103054">
        <ele>110.61</ele>
      </trkpt>
      <trkpt lat="48.75506269745529" lon="2.8010117635130882">
        <ele>110.55</ele>
      </trkpt>
      <trkpt lat="48.75493914820254" lon="2.8006577119231224">
        <ele>110.46</ele>
      </trkpt>
      <trkpt lat="48.75481551513076" lon="2.8003036603331566">
        <ele>110.37</ele>
      </trkpt>
      <trkpt lat="48.75469196587801" lon="2.799949524924159">
        <ele>110.32</ele>
      </trkpt>
      <trkpt lat="48.75456992536783" lon="2.799599999561906">
        <ele>110.28</ele>
      </trkpt>
      <trkpt lat="48.75440706498921" lon="2.79919414781034">
        <ele>110.23</ele>
      </trkpt>
      <trkpt lat="48.75424428842962" lon="2.7987883798778057">
        <ele>110.15</ele>
      </trkpt>
      <trkpt lat="48.75408151187003" lon="2.7983825281262398">
        <ele>110.17</ele>
      </trkpt>
      <trkpt lat="48.75391999259591" lon="2.7979799453169107">
        <ele>110.15</ele>
      </trkpt>
      <trkpt lat="48.75375461764634" lon="2.7976142428815365">
        <ele>110.12</ele>
      </trkpt>
      <trkpt lat="48.75358999706805" lon="2.7972499653697014">
        <ele>110.08</ele>
      </trkpt>
      <trkpt lat="48.75337961129844" lon="2.7969027869403362">
        <ele>109.99</ele>
      </trkpt>
      <trkpt lat="48.75316930934787" lon="2.796555608510971">
        <ele>109.94</ele>
      </trkpt>
      <trkpt lat="48.75295992940664" lon="2.796209938824177">
        <ele>109.94</ele>
      </trkpt>
      <trkpt lat="48.752762116491795" lon="2.795919505879283">
        <ele>109.95</ele>
      </trkpt>
      <trkpt lat="48.75256438739598" lon="2.795629156753421">
        <ele>109.96</ele>
      </trkpt>
      <trkpt lat="48.75236665830016" lon="2.7953388076275587">
        <ele>109.96</ele>
      </trkpt>
      <trkpt lat="48.752169935032725" lon="2.7950499672442675">
        <ele>109.92</ele>
      </trkpt>
      <trkpt lat="48.75200296752155" lon="2.7947427704930305">
        <ele>109.83</ele>
      </trkpt>
      <trkpt lat="48.7518360838294" lon="2.7944356575608253">
        <ele>109.81</ele>
      </trkpt>
      <trkpt lat="48.75166995450854" lon="2.7941299695521593">
        <ele>109.78</ele>
      </trkpt>
      <trkpt lat="48.751515643671155" lon="2.7938033267855644">
        <ele>109.72</ele>
      </trkpt>
      <trkpt lat="48.7513614166528" lon="2.7934767678380013">
        <ele>109.6</ele>
      </trkpt>
      <trkpt lat="48.75120710581541" lon="2.793150208890438">
        <ele>109.47</ele>
      </trkpt>
      <trkpt lat="48.751052878797054" lon="2.792823649942875">
        <ele>109.4</ele>
      </trkpt>
      <trkpt lat="48.750899992883205" lon="2.79249994084239">
        <ele>109.33</ele>
      </trkpt>
      <trkpt lat="48.75071994960308" lon="2.7922199852764606">
        <ele>109.23</ele>
      </trkpt>
      <trkpt lat="48.75050637871027" lon="2.7919697016477585">
        <ele>109.14</ele>
      </trkpt>
      <trkpt lat="48.75029289163649" lon="2.791719501838088">
        <ele>109.07</ele>
      </trkpt>
      <trkpt lat="48.750079991295934" lon="2.7914699725806713">
        <ele>109.05</ele>
      </trkpt>
      <trkpt lat="48.74980992637575" lon="2.79122999869287">
        <ele>109.11</ele>
      </trkpt>
      <trkpt lat="48.74953994527459" lon="2.791139977052808">
        <ele>109.14</ele>
      </trkpt>
      <trkpt lat="48.74931497499347" lon="2.791144922375679">
        <ele>109.22</ele>
      </trkpt>
      <trkpt lat="48.74908992089331" lon="2.791149951517582">
        <ele>109.26</ele>
      </trkpt>
      <trkpt lat="48.74886997975409" lon="2.790939984843135">
        <ele>109.35</ele>
      </trkpt>
      <trkpt lat="48.748703598976135" lon="2.790583334863186">
        <ele>109.44</ele>
      </trkpt>
      <trkpt lat="48.74853730201721" lon="2.790226684883237">
        <ele>109.56</ele>
      </trkpt>
      <trkpt lat="48.74837100505829" lon="2.789870034903288">
        <ele>109.7</ele>
      </trkpt>
      <trkpt lat="48.748204708099365" lon="2.789513384923339">
        <ele>109.77</ele>
      </trkpt>
      <trkpt lat="48.74803991988301" lon="2.789159920066595">
        <ele>109.92</ele>
      </trkpt>
      <trkpt lat="48.747884687036276" lon="2.7888594288378954">
        <ele>110.09</ele>
      </trkpt>
      <trkpt lat="48.74772945418954" lon="2.7885589376091957">
        <ele>110.26</ele>
      </trkpt>
      <trkpt lat="48.7475742213428" lon="2.788258446380496">
        <ele>110.44</ele>
      </trkpt>
      <trkpt lat="48.747419994324446" lon="2.7879599668085575">
        <ele>110.59</ele>
      </trkpt>
      <trkpt lat="48.7473099399358" lon="2.7879599668085575">
        <ele>110.74</ele>
      </trkpt>
      <trkpt lat="48.74704993329942" lon="2.788089970126748">
        <ele>110.92</ele>
      </trkpt>
      <trkpt lat="48.74681976623833" lon="2.788272025063634">
        <ele>111.08</ele>
      </trkpt>
      <trkpt lat="48.74658968299627" lon="2.7884540800005198">
        <ele>111.22</ele>
      </trkpt>
      <trkpt lat="48.746359599754214" lon="2.7886362187564373">
        <ele>111.35</ele>
      </trkpt>
      <trkpt lat="48.746129516512156" lon="2.788818273693323">
        <ele>111.47</ele>
      </trkpt>
      <trkpt lat="48.74589993618429" lon="2.788999993354082">
        <ele>111.62</ele>
      </trkpt>
      <trkpt lat="48.74579994007945" lon="2.7892799489200115">
        <ele>111.67</ele>
      </trkpt>
      <trkpt lat="48.74577982351184" lon="2.789665935561061">
        <ele>111.74</ele>
      </trkpt>
      <trkpt lat="48.74575995840132" lon="2.790049994364381">
        <ele>111.76</ele>
      </trkpt>
      <trkpt lat="48.745639929547906" lon="2.790319975465536">
        <ele>111.8</ele>
      </trkpt>
      <trkpt lat="48.74540993012488" lon="2.7905599493533373">
        <ele>111.86</ele>
      </trkpt>
      <trkpt lat="48.745194766670465" lon="2.790760025382042">
        <ele>111.96</ele>
      </trkpt>
      <trkpt lat="48.74497993849218" lon="2.790959933772683">
        <ele>112</ele>
      </trkpt>
      <trkpt lat="48.744804840534925" lon="2.7911200281232595">
        <ele>112.06</ele>
      </trkpt>
      <trkpt lat="48.74462999403477" lon="2.7912799548357725">
        <ele>112.09</ele>
      </trkpt>
      <trkpt lat="48.74438473954797" lon="2.791555132716894">
        <ele>112.1</ele>
      </trkpt>
      <trkpt lat="48.74413998797536" lon="2.791829975321889">
        <ele>112.11</ele>
      </trkpt>
      <trkpt lat="48.74388484284282" lon="2.7920300513505936">
        <ele>112.09</ele>
      </trkpt>
      <trkpt lat="48.743629697710276" lon="2.792230127379298">
        <ele>112.04</ele>
      </trkpt>
      <trkpt lat="48.743374636396766" lon="2.792430203408003">
        <ele>111.94</ele>
      </trkpt>
      <trkpt lat="48.743119994178414" lon="2.7926299441605806">
        <ele>111.86</ele>
      </trkpt>
      <trkpt lat="48.74285797588527" lon="2.7927519008517265">
        <ele>111.78</ele>
      </trkpt>
      <trkpt lat="48.74259595759213" lon="2.792873941361904">
        <ele>111.68</ele>
      </trkpt>
      <trkpt lat="48.74233393929899" lon="2.7929959818720818">
        <ele>111.55</ele>
      </trkpt>
      <trkpt lat="48.742071921005845" lon="2.7931179385632277">
        <ele>111.4</ele>
      </trkpt>
      <trkpt lat="48.741809986531734" lon="2.7932399790734053">
        <ele>111.31</ele>
      </trkpt>
      <trkpt lat="48.74171996489167" lon="2.793329916894436">
        <ele>111.19</ele>
      </trkpt>
      <trkpt lat="48.74167939648032" lon="2.7928611170500517">
        <ele>111.03</ele>
      </trkpt>
      <trkpt lat="48.741638911888" lon="2.7923923172056675">
        <ele>110.85</ele>
      </trkpt>
      <trkpt lat="48.741598427295685" lon="2.791923601180315">
        <ele>110.7</ele>
      </trkpt>
      <trkpt lat="48.741557942703366" lon="2.791454801335931">
        <ele>110.56</ele>
      </trkpt>
      <trkpt lat="48.741517374292016" lon="2.7909860853105783">
        <ele>110.41</ele>
      </trkpt>
      <trkpt lat="48.7414768896997" lon="2.790517285466194">
        <ele>110.2</ele>
      </trkpt>
      <trkpt lat="48.74143640510738" lon="2.79004848562181">
        <ele>110.03</ele>
      </trkpt>
      <trkpt lat="48.74139592051506" lon="2.7895797695964575">
        <ele>109.87</ele>
      </trkpt>
      <trkpt lat="48.74135535210371" lon="2.7891109697520733">
        <ele>109.8</ele>
      </trkpt>
      <trkpt lat="48.74131486751139" lon="2.788642253726721">
        <ele>109.73</ele>
      </trkpt>
      <trkpt lat="48.74127438291907" lon="2.7881734538823366">
        <ele>109.62</ele>
      </trkpt>
      <trkpt lat="48.741233898326755" lon="2.787704737856984">
        <ele>109.46</ele>
      </trkpt>
      <trkpt lat="48.741193329915404" lon="2.7872359380126">
        <ele>109.43</ele>
      </trkpt>
      <trkpt lat="48.741152845323086" lon="2.7867672219872475">
        <ele>109.44</ele>
      </trkpt>
      <trkpt lat="48.74111236073077" lon="2.7862984221428633">
        <ele>109.5</ele>
      </trkpt>
      <trkpt lat="48.74107187613845" lon="2.785829622298479">
        <ele>109.54</ele>
      </trkpt>
      <trkpt lat="48.7410313077271" lon="2.7853609062731266">
        <ele>109.58</ele>
      </trkpt>
      <trkpt lat="48.74099082313478" lon="2.7848921064287424">
        <ele>109.52</ele>
      </trkpt>
      <trkpt lat="48.74095033854246" lon="2.78442339040339">
        <ele>109.41</ele>
      </trkpt>
      <trkpt lat="48.74090985395014" lon="2.7839545905590057">
        <ele>109.32</ele>
      </trkpt>
      <trkpt lat="48.74086928553879" lon="2.7834858745336533">
        <ele>109.36</ele>
      </trkpt>
      <trkpt lat="48.740828800946474" lon="2.783017074689269">
        <ele>109.46</ele>
      </trkpt>
      <trkpt lat="48.740788316354156" lon="2.7825483586639166">
        <ele>109.52</ele>
      </trkpt>
      <trkpt lat="48.74074992723763" lon="2.782109985128045">
        <ele>109.64</ele>
      </trkpt>
      <trkpt lat="48.74072981067002" lon="2.7816436160355806">
        <ele>109.79</ele>
      </trkpt>
      <trkpt lat="48.7407099455595" lon="2.781179929152131">
        <ele>109.85</ele>
      </trkpt>
      <trkpt lat="48.74076995998621" lon="2.780979936942458">
        <ele>109.95</ele>
      </trkpt>
      <trkpt lat="48.740739952772856" lon="2.780799977481365">
        <ele>110.06</ele>
      </trkpt>
      <trkpt lat="48.740609949454665" lon="2.7806299924850464">
        <ele>110.19</ele>
      </trkpt>
      <trkpt lat="48.740479946136475" lon="2.7806299924850464">
        <ele>110.26</ele>
      </trkpt>
      <trkpt lat="48.74038992449641" lon="2.780729988589883">
        <ele>110.3</ele>
      </trkpt>
      <trkpt lat="48.740349942818284" lon="2.7808899991214275">
        <ele>110.33</ele>
      </trkpt>
      <trkpt lat="48.740199990570545" lon="2.7810699585825205">
        <ele>110.32</ele>
      </trkpt>
      <trkpt lat="48.73991986736655" lon="2.781235920265317">
        <ele>110.34</ele>
      </trkpt>
      <trkpt lat="48.73963982798159" lon="2.781401965767145">
        <ele>110.38</ele>
      </trkpt>
      <trkpt lat="48.73935978859663" lon="2.7815680112689734">
        <ele>110.39</ele>
      </trkpt>
      <trkpt lat="48.73907974921167" lon="2.7817340567708015">
        <ele>110.44</ele>
      </trkpt>
      <trkpt lat="48.7387999612838" lon="2.7818999346345663">
        <ele>110.45</ele>
      </trkpt>
      <trkpt lat="48.73859996907413" lon="2.7819249127060175">
        <ele>110.45</ele>
      </trkpt>
      <trkpt lat="48.73839997686446" lon="2.7819499745965004">
        <ele>110.44</ele>
      </trkpt>
      <trkpt lat="48.738139970228076" lon="2.781879985705018">
        <ele>110.45</ele>
      </trkpt>
      <trkpt lat="48.73790997080505" lon="2.7817499823868275">
        <ele>110.45</ele>
      </trkpt>
      <trkpt lat="48.73774979263544" lon="2.7815898042172194">
        <ele>110.41</ele>
      </trkpt>
      <trkpt lat="48.73758994974196" lon="2.781429961323738">
        <ele>110.36</ele>
      </trkpt>
      <trkpt lat="48.73741996474564" lon="2.781149921938777">
        <ele>110.32</ele>
      </trkpt>
      <trkpt lat="48.73728300444782" lon="2.7808192558586597">
        <ele>110.21</ele>
      </trkpt>
      <trkpt lat="48.737146044149995" lon="2.7804885897785425">
        <ele>110.07</ele>
      </trkpt>
      <trkpt lat="48.73700992204249" lon="2.7801599353551865">
        <ele>109.93</ele>
      </trkpt>
      <trkpt lat="48.736944710835814" lon="2.7799193747341633">
        <ele>109.85</ele>
      </trkpt>
      <trkpt lat="48.7368799187243" lon="2.779679987579584">
        <ele>109.75</ele>
      </trkpt>
      <trkpt lat="48.736849995329976" lon="2.7792899776250124">
        <ele>109.65</ele>
      </trkpt>
      <trkpt lat="48.73674999922514" lon="2.779169948771596">
        <ele>109.52</ele>
      </trkpt>
      <trkpt lat="48.73657498508692" lon="2.779189897701144">
        <ele>109.37</ele>
      </trkpt>
      <trkpt lat="48.736399970948696" lon="2.779209930449724">
        <ele>109.19</ele>
      </trkpt>
      <trkpt lat="48.73618992045522" lon="2.779119908809662">
        <ele>109.01</ele>
      </trkpt>
      <trkpt lat="48.73597995378077" lon="2.7790298871695995">
        <ele>108.88</ele>
      </trkpt>
      <trkpt lat="48.73576998710632" lon="2.778939949348569">
        <ele>108.8</ele>
      </trkpt>
      <trkpt lat="48.735508639365435" lon="2.7787998877465725">
        <ele>108.77</ele>
      </trkpt>
      <trkpt lat="48.73524737544358" lon="2.778659826144576">
        <ele>108.67</ele>
      </trkpt>
      <trkpt lat="48.73498611152172" lon="2.7785198483616114">
        <ele>108.55</ele>
      </trkpt>
      <trkpt lat="48.73472476378083" lon="2.778379786759615">
        <ele>108.53</ele>
      </trkpt>
      <trkpt lat="48.734463499858975" lon="2.7782398089766502">
        <ele>108.44</ele>
      </trkpt>
      <trkpt lat="48.73420223593712" lon="2.778099747374654">
        <ele>108.27</ele>
      </trkpt>
      <trkpt lat="48.73394097201526" lon="2.777959769591689">
        <ele>108.12</ele>
      </trkpt>
      <trkpt lat="48.7336799595505" lon="2.777819959446788">
        <ele>107.96</ele>
      </trkpt>
      <trkpt lat="48.73352992348373" lon="2.777649974450469">
        <ele>107.8</ele>
      </trkpt>
      <trkpt lat="48.7334899418056" lon="2.7775399200618267">
        <ele>107.66</ele>
      </trkpt>
      <trkpt lat="48.73346999287605" lon="2.7773499861359596">
        <ele>107.53</ele>
      </trkpt>
      <trkpt lat="48.733499916270375" lon="2.777199950069189">
        <ele>107.41</ele>
      </trkpt>
      <trkpt lat="48.73359505087137" lon="2.7769945934414864">
        <ele>107.28</ele>
      </trkpt>
      <trkpt lat="48.733689934015274" lon="2.776789991185069">
        <ele>107.17</ele>
      </trkpt>
      <trkpt lat="48.7338699772954" lon="2.776589998975396">
        <ele>107.06</ele>
      </trkpt>
      <trkpt lat="48.7339199334383" lon="2.7764199301600456">
        <ele>106.94</ele>
      </trkpt>
      <trkpt lat="48.73389998450875" lon="2.7762399706989527">
        <ele>106.8</ele>
      </trkpt>
      <trkpt lat="48.73398992232978" lon="2.7760199457406998">
        <ele>106.69</ele>
      </trkpt>
      <trkpt lat="48.7341601587832" lon="2.775734458118677">
        <ele>106.63</ele>
      </trkpt>
      <trkpt lat="48.73433039523661" lon="2.7754490543156862">
        <ele>106.56</ele>
      </trkpt>
      <trkpt lat="48.734500631690025" lon="2.7751636505126953">
        <ele>106.55</ele>
      </trkpt>
      <trkpt lat="48.73466994613409" lon="2.7748799230903387">
        <ele>106.57</ele>
      </trkpt>
      <trkpt lat="48.73479349538684" lon="2.774442220106721">
        <ele>106.57</ele>
      </trkpt>
      <trkpt lat="48.73491712845862" lon="2.774004600942135">
        <ele>106.55</ele>
      </trkpt>
      <trkpt lat="48.73503992334008" lon="2.7735699992626905">
        <ele>106.49</ele>
      </trkpt>
      <trkpt lat="48.73511510901153" lon="2.7732265926897526">
        <ele>106.49</ele>
      </trkpt>
      <trkpt lat="48.73519029468298" lon="2.7728832699358463">
        <ele>106.52</ele>
      </trkpt>
      <trkpt lat="48.73526548035443" lon="2.77253994718194">
        <ele>106.59</ele>
      </trkpt>
      <trkpt lat="48.73533999547362" lon="2.7721999771893024">
        <ele>106.72</ele>
      </trkpt>
      <trkpt lat="48.73540009371936" lon="2.7717888448387384">
        <ele>106.86</ele>
      </trkpt>
      <trkpt lat="48.73545994050801" lon="2.7713799756020308">
        <ele>107.01</ele>
      </trkpt>
      <trkpt lat="48.735454911366105" lon="2.7710640616714954">
        <ele>107.18</ele>
      </trkpt>
      <trkpt lat="48.735449966043234" lon="2.770749991759658">
        <ele>107.35</ele>
      </trkpt>
      <trkpt lat="48.735394813120365" lon="2.7704291325062513">
        <ele>107.54</ele>
      </trkpt>
      <trkpt lat="48.73533999547362" lon="2.770109949633479">
        <ele>107.78</ele>
      </trkpt>
      <trkpt lat="48.735339660197496" lon="2.7701089438050985">
        <ele>107.97</ele>
      </trkpt>
      <trkpt lat="48.73523999936879" lon="2.7697899285703897">
        <ele>108.17</ele>
      </trkpt>
      <trkpt lat="48.73505995608866" lon="2.769399918615818">
        <ele>108.43</ele>
      </trkpt>
      <trkpt lat="48.734849989414215" lon="2.7690799813717604">
        <ele>108.74</ele>
      </trkpt>
      <trkpt lat="48.73460976406932" lon="2.768839756026864">
        <ele>108.95</ele>
      </trkpt>
      <trkpt lat="48.73436995781958" lon="2.7685999497771263">
        <ele>109.08</ele>
      </trkpt>
      <trkpt lat="48.73410106636584" lon="2.7683902345597744">
        <ele>109.12</ele>
      </trkpt>
      <trkpt lat="48.73383225873113" lon="2.7681805193424225">
        <ele>109.15</ele>
      </trkpt>
      <trkpt lat="48.733563451096416" lon="2.7679708041250706">
        <ele>109.15</ele>
      </trkpt>
      <trkpt lat="48.733294643461704" lon="2.7677610889077187">
        <ele>109.1</ele>
      </trkpt>
      <trkpt lat="48.73302583582699" lon="2.7675513736903667">
        <ele>109</ele>
      </trkpt>
      <trkpt lat="48.73275702819228" lon="2.767341658473015">
        <ele>108.87</ele>
      </trkpt>
      <trkpt lat="48.73248822055757" lon="2.767131943255663">
        <ele>108.69</ele>
      </trkpt>
      <trkpt lat="48.73221941292286" lon="2.766922228038311">
        <ele>108.55</ele>
      </trkpt>
      <trkpt lat="48.73195060528815" lon="2.766712512820959">
        <ele>108.35</ele>
      </trkpt>
      <trkpt lat="48.731681713834405" lon="2.766502881422639">
        <ele>108.07</ele>
      </trkpt>
      <trkpt lat="48.731412906199694" lon="2.766293166205287">
        <ele>107.7</ele>
      </trkpt>
      <trkpt lat="48.73114409856498" lon="2.766083450987935">
        <ele>107.3</ele>
      </trkpt>
      <trkpt lat="48.73087529093027" lon="2.765873735770583">
        <ele>106.85</ele>
      </trkpt>
      <trkpt lat="48.73060648329556" lon="2.7656640205532312">
        <ele>106.38</ele>
      </trkpt>
      <trkpt lat="48.73033767566085" lon="2.765454389154911">
        <ele>105.94</ele>
      </trkpt>
      <trkpt lat="48.73006886802614" lon="2.765244673937559">
        <ele>105.43</ele>
      </trkpt>
      <trkpt lat="48.729800060391426" lon="2.765034958720207">
        <ele>104.95</ele>
      </trkpt>
      <trkpt lat="48.729531252756715" lon="2.7648252435028553">
        <ele>104.47</ele>
      </trkpt>
      <trkpt lat="48.729262445122004" lon="2.764615612104535">
        <ele>103.89</ele>
      </trkpt>
      <trkpt lat="48.72899355366826" lon="2.764405896887183">
        <ele>103.38</ele>
      </trkpt>
      <trkpt lat="48.72872474603355" lon="2.7641961816698313">
        <ele>102.88</ele>
      </trkpt>
      <trkpt lat="48.72845845296979" lon="2.7639888133853674">
        <ele>102.32</ele>
      </trkpt>
      <trkpt lat="48.72845996171236" lon="2.7639899868518114">
        <ele>101.86</ele>
      </trkpt>
      <trkpt lat="48.7281849514693" lon="2.76377541013062">
        <ele>101.36</ele>
      </trkpt>
      <trkpt lat="48.727910025045276" lon="2.7635608334094286">
        <ele>100.96</ele>
      </trkpt>
      <trkpt lat="48.72763509862125" lon="2.763346256688237">
        <ele>100.57</ele>
      </trkpt>
      <trkpt lat="48.72736017219722" lon="2.763131679967046">
        <ele>100.2</ele>
      </trkpt>
      <trkpt lat="48.727085245773196" lon="2.7629171032458544">
        <ele>99.78</ele>
      </trkpt>
      <trkpt lat="48.72681031934917" lon="2.762702526524663">
        <ele>99.49</ele>
      </trkpt>
      <trkpt lat="48.72653539292514" lon="2.7624879498034716">
        <ele>99.28</ele>
      </trkpt>
      <trkpt lat="48.72626046650112" lon="2.762273456901312">
        <ele>99.04</ele>
      </trkpt>
      <trkpt lat="48.72598554007709" lon="2.7620588801801205">
        <ele>98.78</ele>
      </trkpt>
      <trkpt lat="48.725710613653064" lon="2.761844303458929">
        <ele>98.65</ele>
      </trkpt>
      <trkpt lat="48.72543568722904" lon="2.7616297267377377">
        <ele>98.63</ele>
      </trkpt>
      <trkpt lat="48.72516076080501" lon="2.7614151500165462">
        <ele>98.63</ele>
      </trkpt>
      <trkpt lat="48.724885834380984" lon="2.7612006571143866">
        <ele>98.57</ele>
      </trkpt>
      <trkpt lat="48.72461090795696" lon="2.760986080393195">
        <ele>98.51</ele>
      </trkpt>
      <trkpt lat="48.72433598153293" lon="2.7607715036720037">
        <ele>98.56</ele>
      </trkpt>
      <trkpt lat="48.724061055108905" lon="2.760557010769844">
        <ele>98.67</ele>
      </trkpt>
      <trkpt lat="48.72378612868488" lon="2.7603424340486526">
        <ele>98.78</ele>
      </trkpt>
      <trkpt lat="48.72351120226085" lon="2.7601278573274612">
        <ele>98.92</ele>
      </trkpt>
      <trkpt lat="48.723236275836825" lon="2.7599133644253016">
        <ele>99.09</ele>
      </trkpt>
      <trkpt lat="48.7229613494128" lon="2.75969878770411">
        <ele>99.27</ele>
      </trkpt>
      <trkpt lat="48.72268642298877" lon="2.7594842109829187">
        <ele>99.44</ele>
      </trkpt>
      <trkpt lat="48.722411496564746" lon="2.759269718080759">
        <ele>99.62</ele>
      </trkpt>
      <trkpt lat="48.72213657014072" lon="2.7590551413595676">
        <ele>99.81</ele>
      </trkpt>
      <trkpt lat="48.72186164371669" lon="2.7588405646383762">
        <ele>100.04</ele>
      </trkpt>
      <trkpt lat="48.721586717292666" lon="2.7586260717362165">
        <ele>100.25</ele>
      </trkpt>
      <trkpt lat="48.72131179086864" lon="2.758411495015025">
        <ele>100.45</ele>
      </trkpt>
      <trkpt lat="48.72103996574879" lon="2.7581999357789755">
        <ele>100.6</ele>
      </trkpt>
      <trkpt lat="48.72080988250673" lon="2.7580431941896677">
        <ele>100.83</ele>
      </trkpt>
      <trkpt lat="48.72057979926467" lon="2.75788645260036">
        <ele>101.13</ele>
      </trkpt>
      <trkpt lat="48.720349967479706" lon="2.7577299624681473">
        <ele>101.34</ele>
      </trkpt>
      <trkpt lat="48.72012994252145" lon="2.757669948041439">
        <ele>101.54</ele>
      </trkpt>
      <trkpt lat="48.719939924776554" lon="2.7576848678290844">
        <ele>101.72</ele>
      </trkpt>
      <trkpt lat="48.71974999085069" lon="2.757699955254793">
        <ele>101.9</ele>
      </trkpt>
      <trkpt lat="48.71946902945638" lon="2.7578235883265734">
        <ele>102.06</ele>
      </trkpt>
      <trkpt lat="48.71918806806207" lon="2.7579472213983536">
        <ele>102.19</ele>
      </trkpt>
      <trkpt lat="48.71890719048679" lon="2.758070854470134">
        <ele>102.32</ele>
      </trkpt>
      <trkpt lat="48.71862622909248" lon="2.758194487541914">
        <ele>102.48</ele>
      </trkpt>
      <trkpt lat="48.7183453515172" lon="2.758318120613694">
        <ele>102.67</ele>
      </trkpt>
      <trkpt lat="48.71806439012289" lon="2.7584417536854744">
        <ele>102.8</ele>
      </trkpt>
      <trkpt lat="48.71778351254761" lon="2.7585653867572546">
        <ele>102.89</ele>
      </trkpt>
      <trkpt lat="48.7175025511533" lon="2.758689019829035">
        <ele>103.01</ele>
      </trkpt>
      <trkpt lat="48.717221673578024" lon="2.758812652900815">
        <ele>103.14</ele>
      </trkpt>
      <trkpt lat="48.716940712183714" lon="2.758936285972595">
        <ele>103.26</ele>
      </trkpt>
      <trkpt lat="48.71665991842747" lon="2.7590599190443754">
        <ele>103.37</ele>
      </trkpt>
      <trkpt lat="48.716484904289246" lon="2.7591149043291807">
        <ele>103.49</ele>
      </trkpt>
      <trkpt lat="48.716309973970056" lon="2.7591699734330177">
        <ele>103.6</ele>
      </trkpt>
      <trkpt lat="48.716134959831834" lon="2.75917986407876">
        <ele>103.7</ele>
      </trkpt>
      <trkpt lat="48.71595994569361" lon="2.759189922362566">
        <ele>103.8</ele>
      </trkpt>
      <trkpt lat="48.71576992794871" lon="2.7593899983912706">
        <ele>103.95</ele>
      </trkpt>
      <trkpt lat="48.71550992131233" lon="2.7595499251037836">
        <ele>104.06</ele>
      </trkpt>
      <trkpt lat="48.71521571651101" lon="2.7596795093268156">
        <ele>104.14</ele>
      </trkpt>
      <trkpt lat="48.71492151170969" lon="2.7598090935498476">
        <ele>104.19</ele>
      </trkpt>
      <trkpt lat="48.7146273907274" lon="2.7599386777728796">
        <ele>104.26</ele>
      </trkpt>
      <trkpt lat="48.71433318592608" lon="2.7600682619959116">
        <ele>104.28</ele>
      </trkpt>
      <trkpt lat="48.71403898112476" lon="2.7601979300379753">
        <ele>104.31</ele>
      </trkpt>
      <trkpt lat="48.71374486014247" lon="2.7603275142610073">
        <ele>104.32</ele>
      </trkpt>
      <trkpt lat="48.71345065534115" lon="2.7604570984840393">
        <ele>104.35</ele>
      </trkpt>
      <trkpt lat="48.71315645053983" lon="2.7605866827070713">
        <ele>104.37</ele>
      </trkpt>
      <trkpt lat="48.71286232955754" lon="2.760716350749135">
        <ele>104.39</ele>
      </trkpt>
      <trkpt lat="48.71256812475622" lon="2.760845934972167">
        <ele>104.31</ele>
      </trkpt>
      <trkpt lat="48.712273919954896" lon="2.760975519195199">
        <ele>104.15</ele>
      </trkpt>
      <trkpt lat="48.71197979897261" lon="2.761105103418231">
        <ele>103.99</ele>
      </trkpt>
      <trkpt lat="48.711685594171286" lon="2.761234687641263">
        <ele>103.84</ele>
      </trkpt>
      <trkpt lat="48.711391473188996" lon="2.761364271864295">
        <ele>103.69</ele>
      </trkpt>
      <trkpt lat="48.711097268387675" lon="2.761493856087327">
        <ele>103.48</ele>
      </trkpt>
      <trkpt lat="48.710803063586354" lon="2.7616235241293907">
        <ele>103.24</ele>
      </trkpt>
      <trkpt lat="48.710508942604065" lon="2.7617531083524227">
        <ele>102.98</ele>
      </trkpt>
      <trkpt lat="48.710214737802744" lon="2.7618826925754547">
        <ele>102.67</ele>
      </trkpt>
      <trkpt lat="48.70992053300142" lon="2.7620122767984867">
        <ele>102.4</ele>
      </trkpt>
      <trkpt lat="48.709626412019134" lon="2.7621418610215187">
        <ele>102.12</ele>
      </trkpt>
      <trkpt lat="48.70933220721781" lon="2.7622714452445507">
        <ele>101.88</ele>
      </trkpt>
      <trkpt lat="48.70903800241649" lon="2.7624010294675827">
        <ele>101.61</ele>
      </trkpt>
      <trkpt lat="48.7087438814342" lon="2.7625306136906147">
        <ele>101.29</ele>
      </trkpt>
      <trkpt lat="48.708449928089976" lon="2.7626599464565516">
        <ele>100.99</ele>
      </trkpt>
      <trkpt lat="48.708187406882644" lon="2.7627824060618877">
        <ele>100.69</ele>
      </trkpt>
      <trkpt lat="48.70792488567531" lon="2.7629049494862556">
        <ele>100.39</ele>
      </trkpt>
      <trkpt lat="48.70766236446798" lon="2.763027409091592">
        <ele>100.1</ele>
      </trkpt>
      <trkpt lat="48.70739992707968" lon="2.7631499525159597">
        <ele>99.82</ele>
      </trkpt>
      <trkpt lat="48.70721979998052" lon="2.7632999885827303">
        <ele>99.52</ele>
      </trkpt>
      <trkpt lat="48.70703992433846" lon="2.763449940830469">
        <ele>99.23</ele>
      </trkpt>
      <trkpt lat="48.70678595267236" lon="2.763728890568018">
        <ele>98.93</ele>
      </trkpt>
      <trkpt lat="48.706531981006265" lon="2.764007840305567">
        <ele>98.69</ele>
      </trkpt>
      <trkpt lat="48.70627800934017" lon="2.7642868738621473">
        <ele>98.53</ele>
      </trkpt>
      <trkpt lat="48.7060241214931" lon="2.764565823599696">
        <ele>98.39</ele>
      </trkpt>
      <trkpt lat="48.705770149827" lon="2.7648448571562767">
        <ele>98.29</ele>
      </trkpt>
      <trkpt lat="48.705516178160906" lon="2.7651238068938255">
        <ele>98.28</ele>
      </trkpt>
      <trkpt lat="48.70526229031384" lon="2.7654027566313744">
        <ele>98.43</ele>
      </trkpt>
      <trkpt lat="48.70500999502838" lon="2.765679946169257">
        <ele>98.53</ele>
      </trkpt>
      <trkpt lat="48.70477647520602" lon="2.765886727720499">
        <ele>98.68</ele>
      </trkpt>
      <trkpt lat="48.70454295538366" lon="2.766093509271741">
        <ele>99.03</ele>
      </trkpt>
      <trkpt lat="48.70430993847549" lon="2.766299955546856">
        <ele>99.43</ele>
      </trkpt>
      <trkpt lat="48.70413978584111" lon="2.7664600498974323">
        <ele>99.88</ele>
      </trkpt>
      <trkpt lat="48.70396996848285" lon="2.7666199766099453">
        <ele>100.34</ele>
      </trkpt>
      <trkpt lat="48.70382999069989" lon="2.7668299432843924">
        <ele>100.86</ele>
      </trkpt>
      <trkpt lat="48.70365187525749" lon="2.7672129124403">
        <ele>101.44</ele>
      </trkpt>
      <trkpt lat="48.70347384363413" lon="2.7675958815962076">
        <ele>101.87</ele>
      </trkpt>
      <trkpt lat="48.703295812010765" lon="2.7679788507521152">
        <ele>102.36</ele>
      </trkpt>
      <trkpt lat="48.7031177803874" lon="2.768361819908023">
        <ele>102.87</ele>
      </trkpt>
      <trkpt lat="48.70293974876404" lon="2.7687447890639305">
        <ele>103.3</ele>
      </trkpt>
      <trkpt lat="48.702761717140675" lon="2.769127758219838">
        <ele>103.76</ele>
      </trkpt>
      <trkpt lat="48.70258368551731" lon="2.7695107273757458">
        <ele>104.2</ele>
      </trkpt>
      <trkpt lat="48.70240565389395" lon="2.7698936965316534">
        <ele>104.66</ele>
      </trkpt>
      <trkpt lat="48.702227622270584" lon="2.770276665687561">
        <ele>105.06</ele>
      </trkpt>
      <trkpt lat="48.70204959064722" lon="2.7706596348434687">
        <ele>105.4</ele>
      </trkpt>
      <trkpt lat="48.70187155902386" lon="2.7710426039993763">
        <ele>105.79</ele>
      </trkpt>
      <trkpt lat="48.701693527400494" lon="2.771425573155284">
        <ele>106.18</ele>
      </trkpt>
      <trkpt lat="48.70151549577713" lon="2.7718085423111916">
        <ele>106.52</ele>
      </trkpt>
      <trkpt lat="48.70133746415377" lon="2.772191511467099">
        <ele>106.86</ele>
      </trkpt>
      <trkpt lat="48.7011594325304" lon="2.772574480623007">
        <ele>107.16</ele>
      </trkpt>
      <trkpt lat="48.70098140090704" lon="2.7729574497789145">
        <ele>107.41</ele>
      </trkpt>
      <trkpt lat="48.700803369283676" lon="2.773340418934822">
        <ele>107.56</ele>
      </trkpt>
      <trkpt lat="48.70062533766031" lon="2.7737233880907297">
        <ele>107.67</ele>
      </trkpt>
      <trkpt lat="48.70044730603695" lon="2.7741063572466373">
        <ele>107.84</ele>
      </trkpt>
      <trkpt lat="48.700269274413586" lon="2.774489326402545">
        <ele>107.92</ele>
      </trkpt>
      <trkpt lat="48.70009124279022" lon="2.7748722955584526">
        <ele>107.88</ele>
      </trkpt>
      <trkpt lat="48.699919916689396" lon="2.7752399258315563">
        <ele>107.85</ele>
      </trkpt>
      <trkpt lat="48.69984992779791" lon="2.7751499880105257">
        <ele>107.83</ele>
      </trkpt>
      <trkpt lat="48.69973476044834" lon="2.775335144251585">
        <ele>107.79</ele>
      </trkpt>
      <trkpt lat="48.69961992837489" lon="2.7755199652165174">
        <ele>107.7</ele>
      </trkpt>
      <trkpt lat="48.69937970302999" lon="2.7757467795163393">
        <ele>107.62</ele>
      </trkpt>
      <trkpt lat="48.699139561504126" lon="2.775973593816161">
        <ele>107.53</ele>
      </trkpt>
      <trkpt lat="48.69889992289245" lon="2.7761999890208244">
        <ele>107.4</ele>
      </trkpt>
      <trkpt lat="48.69873999617994" lon="2.7761299163103104">
        <ele>107.26</ele>
      </trkpt>
      <trkpt lat="48.69852474890649" lon="2.7759021800011396">
        <ele>107.11</ele>
      </trkpt>
      <trkpt lat="48.69830958545208" lon="2.7756745275110006">
        <ele>106.92</ele>
      </trkpt>
      <trkpt lat="48.698094421997666" lon="2.7754468750208616">
        <ele>106.73</ele>
      </trkpt>
      <trkpt lat="48.69787992909551" lon="2.775219976902008">
        <ele>106.51</ele>
      </trkpt>
      <trkpt lat="48.697593938559294" lon="2.7751459646970034">
        <ele>106.28</ele>
      </trkpt>
      <trkpt lat="48.69730794802308" lon="2.7750719524919987">
        <ele>106.04</ele>
      </trkpt>
      <trkpt lat="48.6970220413059" lon="2.774997940286994">
        <ele>105.79</ele>
      </trkpt>
      <trkpt lat="48.69673605076969" lon="2.774924011901021">
        <ele>105.45</ele>
      </trkpt>
      <trkpt lat="48.69644997641444" lon="2.7748499996960163">
        <ele>105.2</ele>
      </trkpt>
      <trkpt lat="48.69624654762447" lon="2.7747266180813313">
        <ele>104.94</ele>
      </trkpt>
      <trkpt lat="48.69604320265353" lon="2.774603236466646">
        <ele>104.67</ele>
      </trkpt>
      <trkpt lat="48.69583994150162" lon="2.774479938670993">
        <ele>104.38</ele>
      </trkpt>
      <trkpt lat="48.695579934865236" lon="2.7743899170309305">
        <ele>104.09</ele>
      </trkpt>
      <trkpt lat="48.695449931547046" lon="2.7744199242442846">
        <ele>103.85</ele>
      </trkpt>
      <trkpt lat="48.695155307650566" lon="2.774553531780839">
        <ele>103.61</ele>
      </trkpt>
      <trkpt lat="48.69486076757312" lon="2.774687223136425">
        <ele>103.41</ele>
      </trkpt>
      <trkpt lat="48.69456622749567" lon="2.7748208306729794">
        <ele>103.24</ele>
      </trkpt>
      <trkpt lat="48.69427168741822" lon="2.7749545220285654">
        <ele>103.07</ele>
      </trkpt>
      <trkpt lat="48.693977147340775" lon="2.7750881295651197">
        <ele>102.8</ele>
      </trkpt>
      <trkpt lat="48.69368260726333" lon="2.775221820920706">
        <ele>102.46</ele>
      </trkpt>
      <trkpt lat="48.69338806718588" lon="2.77535542845726">
        <ele>102.24</ele>
      </trkpt>
      <trkpt lat="48.6930934432894" lon="2.7754890359938145">
        <ele>101.99</ele>
      </trkpt>
      <trkpt lat="48.69279890321195" lon="2.7756227273494005">
        <ele>101.75</ele>
      </trkpt>
      <trkpt lat="48.6925043631345" lon="2.775756334885955">
        <ele>101.58</ele>
      </trkpt>
      <trkpt lat="48.69220999069512" lon="2.775889942422509">
        <ele>101.37</ele>
      </trkpt>
      <trkpt lat="48.691986529156566" lon="2.776036625728011">
        <ele>101.15</ele>
      </trkpt>
      <trkpt lat="48.691763151437044" lon="2.776183309033513">
        <ele>100.9</ele>
      </trkpt>
      <trkpt lat="48.691539941355586" lon="2.776329992339015">
        <ele>100.65</ele>
      </trkpt>
      <trkpt lat="48.691329807043076" lon="2.7765350975096226">
        <ele>100.47</ele>
      </trkpt>
      <trkpt lat="48.691119672730565" lon="2.77674020268023">
        <ele>100.26</ele>
      </trkpt>
      <trkpt lat="48.690909538418055" lon="2.7769453916698694">
        <ele>100.05</ele>
      </trkpt>
      <trkpt lat="48.690699990838766" lon="2.7771499939262867">
        <ele>99.84</ele>
      </trkpt>
      <trkpt lat="48.69052489288151" lon="2.7772549353539944">
        <ele>99.64</ele>
      </trkpt>
      <trkpt lat="48.69034996256232" lon="2.7773599606007338">
        <ele>99.43</ele>
      </trkpt>
      <trkpt lat="48.69009490124881" lon="2.7774399239569902">
        <ele>99.19</ele>
      </trkpt>
      <trkpt lat="48.689839923754334" lon="2.7775199711322784">
        <ele>98.98</ele>
      </trkpt>
      <trkpt lat="48.689528703689575" lon="2.777589960023761">
        <ele>98.84</ele>
      </trkpt>
      <trkpt lat="48.689217483624816" lon="2.777659948915243">
        <ele>98.66</ele>
      </trkpt>
      <trkpt lat="48.68890626356006" lon="2.7777299378067255">
        <ele>98.39</ele>
      </trkpt>
      <trkpt lat="48.68859512731433" lon="2.777799926698208">
        <ele>98.19</ele>
      </trkpt>
      <trkpt lat="48.68828390724957" lon="2.77786991558969">
        <ele>98.04</ele>
      </trkpt>
      <trkpt lat="48.68797268718481" lon="2.7779399044811726">
        <ele>97.91</ele>
      </trkpt>
      <trkpt lat="48.68766146712005" lon="2.778009893372655">
        <ele>97.77</ele>
      </trkpt>
      <trkpt lat="48.6873499955982" lon="2.778079966083169">
        <ele>97.63</ele>
      </trkpt>
      <trkpt lat="48.68719493038952" lon="2.7781499549746513">
        <ele>97.5</ele>
      </trkpt>
      <trkpt lat="48.68703994899988" lon="2.7782199438661337">
        <ele>97.4</ele>
      </trkpt>
      <trkpt lat="48.6868264619261" lon="2.778413398191333">
        <ele>97.32</ele>
      </trkpt>
      <trkpt lat="48.686613058671355" lon="2.778606852516532">
        <ele>97.26</ele>
      </trkpt>
      <trkpt lat="48.686399990692735" lon="2.778799971565604">
        <ele>97.23</ele>
      </trkpt>
      <trkpt lat="48.68622489273548" lon="2.778929974883795">
        <ele>97.27</ele>
      </trkpt>
      <trkpt lat="48.68604996241629" lon="2.7790599782019854">
        <ele>97.35</ele>
      </trkpt>
      <trkpt lat="48.685759948566556" lon="2.77915989048779">
        <ele>97.47</ele>
      </trkpt>
      <trkpt lat="48.68546993471682" lon="2.7792598865926266">
        <ele>97.68</ele>
      </trkpt>
      <trkpt lat="48.68518000468612" lon="2.779359882697463">
        <ele>97.91</ele>
      </trkpt>
      <trkpt lat="48.68488999083638" lon="2.779459962621331">
        <ele>98.07</ele>
      </trkpt>
      <trkpt lat="48.684619925916195" lon="2.779679987579584">
        <ele>98.33</ele>
      </trkpt>
      <trkpt lat="48.684449940919876" lon="2.7799999248236418">
        <ele>98.57</ele>
      </trkpt>
      <trkpt lat="48.68429630063474" lon="2.780390689149499">
        <ele>98.73</ele>
      </trkpt>
      <trkpt lat="48.68414266034961" lon="2.780781453475356">
        <ele>98.9</ele>
      </trkpt>
      <trkpt lat="48.68398994207382" lon="2.781169954687357">
        <ele>99.09</ele>
      </trkpt>
      <trkpt lat="48.68381576612592" lon="2.7815652452409267">
        <ele>99.3</ele>
      </trkpt>
      <trkpt lat="48.68364159017801" lon="2.7819606196135283">
        <ele>99.51</ele>
      </trkpt>
      <trkpt lat="48.68346741423011" lon="2.7823559939861298">
        <ele>99.75</ele>
      </trkpt>
      <trkpt lat="48.683293238282204" lon="2.7827513683587313">
        <ele>99.92</ele>
      </trkpt>
      <trkpt lat="48.6831190623343" lon="2.783146658912301">
        <ele>100.12</ele>
      </trkpt>
      <trkpt lat="48.682944970205426" lon="2.7835420332849026">
        <ele>100.27</ele>
      </trkpt>
      <trkpt lat="48.68277079425752" lon="2.783937407657504">
        <ele>100.4</ele>
      </trkpt>
      <trkpt lat="48.68259661830962" lon="2.784332698211074">
        <ele>100.57</ele>
      </trkpt>
      <trkpt lat="48.68242244236171" lon="2.7847280725836754">
        <ele>100.72</ele>
      </trkpt>
      <trkpt lat="48.68224826641381" lon="2.785123446956277">
        <ele>100.86</ele>
      </trkpt>
      <trkpt lat="48.682074174284935" lon="2.7855187375098467">
        <ele>101</ele>
      </trkpt>
      <trkpt lat="48.68189999833703" lon="2.785914111882448">
        <ele>101.16</ele>
      </trkpt>
      <trkpt lat="48.68172992952168" lon="2.786299930885434">
        <ele>101.32</ele>
      </trkpt>
      <trkpt lat="48.681579641997814" lon="2.7866155095398426">
        <ele>101.38</ele>
      </trkpt>
      <trkpt lat="48.68142994120717" lon="2.7869299985468388">
        <ele>101.47</ele>
      </trkpt>
      <trkpt lat="48.68123531341553" lon="2.7872876543551683">
        <ele>101.55</ele>
      </trkpt>
      <trkpt lat="48.681040769442916" lon="2.7876453939825296">
        <ele>101.62</ele>
      </trkpt>
      <trkpt lat="48.68084614165127" lon="2.7880030497908592">
        <ele>101.64</ele>
      </trkpt>
      <trkpt lat="48.68065159767866" lon="2.7883607894182205">
        <ele>101.65</ele>
      </trkpt>
      <trkpt lat="48.68045696988702" lon="2.78871844522655">
        <ele>101.61</ele>
      </trkpt>
      <trkpt lat="48.68026242591441" lon="2.7890761848539114">
        <ele>101.54</ele>
      </trkpt>
      <trkpt lat="48.68006997741759" lon="2.789429984986782">
        <ele>101.56</ele>
      </trkpt>
      <trkpt lat="48.67995472624898" lon="2.789690410718322">
        <ele>101.59</ele>
      </trkpt>
      <trkpt lat="48.67983997799456" lon="2.7899499982595444">
        <ele>101.53</ele>
      </trkpt>
      <trkpt lat="48.67970746010542" lon="2.790359705686569">
        <ele>101.5</ele>
      </trkpt>
      <trkpt lat="48.67957494221628" lon="2.7907694969326258">
        <ele>101.46</ele>
      </trkpt>
      <trkpt lat="48.679442424327135" lon="2.7911792881786823">
        <ele>101.4</ele>
      </trkpt>
      <trkpt lat="48.67930990643799" lon="2.791589079424739">
        <ele>101.32</ele>
      </trkpt>
      <trkpt lat="48.67917738854885" lon="2.7919988706707954">
        <ele>101.18</ele>
      </trkpt>
      <trkpt lat="48.67904495447874" lon="2.792408661916852">
        <ele>101.1</ele>
      </trkpt>
      <trkpt lat="48.6789124365896" lon="2.7928184531629086">
        <ele>101.07</ele>
      </trkpt>
      <trkpt lat="48.67877991870046" lon="2.793228244408965">
        <ele>101.02</ele>
      </trkpt>
      <trkpt lat="48.6786499992013" lon="2.793629989027977">
        <ele>100.94</ele>
      </trkpt>
      <trkpt lat="48.67860993370414" lon="2.7939399518072605">
        <ele>100.89</ele>
      </trkpt>
      <trkpt lat="48.678619991987944" lon="2.7941799256950617">
        <ele>100.86</ele>
      </trkpt>
      <trkpt lat="48.67871512658894" lon="2.7945056464523077">
        <ele>100.86</ele>
      </trkpt>
      <trkpt lat="48.67880992591381" lon="2.7948299422860146">
        <ele>100.89</ele>
      </trkpt>
      <trkpt lat="48.67877991870046" lon="2.7950799744576216">
        <ele>100.86</ele>
      </trkpt>
      <trkpt lat="48.678709929808974" lon="2.795179970562458">
        <ele>100.83</ele>
      </trkpt>
      <trkpt lat="48.678459813818336" lon="2.795333946123719">
        <ele>100.84</ele>
      </trkpt>
      <trkpt lat="48.67820978164673" lon="2.795488005504012">
        <ele>100.87</ele>
      </trkpt>
      <trkpt lat="48.67795974947512" lon="2.7956419810652733">
        <ele>100.85</ele>
      </trkpt>
      <trkpt lat="48.677709717303514" lon="2.795796040445566">
        <ele>100.83</ele>
      </trkpt>
      <trkpt lat="48.677459936589" lon="2.7959499321877956">
        <ele>100.84</ele>
      </trkpt>
      <trkpt lat="48.67732993327081" lon="2.796079935505986">
        <ele>100.81</ele>
      </trkpt>
      <trkpt lat="48.677249969914556" lon="2.796239946037531">
        <ele>100.74</ele>
      </trkpt>
      <trkpt lat="48.67720998823643" lon="2.7965699415653944">
        <ele>100.68</ele>
      </trkpt>
      <trkpt lat="48.677207473665476" lon="2.7970320358872414">
        <ele>100.6</ele>
      </trkpt>
      <trkpt lat="48.677204959094524" lon="2.7974941302090883">
        <ele>100.6</ele>
      </trkpt>
      <trkpt lat="48.67720244452357" lon="2.7979562245309353">
        <ele>100.49</ele>
      </trkpt>
      <trkpt lat="48.67719992995262" lon="2.7984183188527822">
        <ele>100.28</ele>
      </trkpt>
      <trkpt lat="48.6771974992007" lon="2.798880413174629">
        <ele>100.14</ele>
      </trkpt>
      <trkpt lat="48.67719498462975" lon="2.799342507496476">
        <ele>100.11</ele>
      </trkpt>
      <trkpt lat="48.6771924700588" lon="2.799804601818323">
        <ele>99.88</ele>
      </trkpt>
      <trkpt lat="48.67718995548785" lon="2.80026669614017">
        <ele>99.56</ele>
      </trkpt>
      <trkpt lat="48.677187440916896" lon="2.800728790462017">
        <ele>99.33</ele>
      </trkpt>
      <trkpt lat="48.677185010164976" lon="2.801190884783864">
        <ele>99.1</ele>
      </trkpt>
      <trkpt lat="48.677182495594025" lon="2.801652979105711">
        <ele>98.94</ele>
      </trkpt>
      <trkpt lat="48.67717998102307" lon="2.802099986001849">
        <ele>98.79</ele>
      </trkpt>
      <trkpt lat="48.67723999544978" lon="2.802529977634549">
        <ele>98.56</ele>
      </trkpt>
      <trkpt lat="48.67731677368283" lon="2.802870785817504">
        <ele>98.31</ele>
      </trkpt>
      <trkpt lat="48.677393635734916" lon="2.8032115940004587">
        <ele>97.99</ele>
      </trkpt>
      <trkpt lat="48.67746999487281" lon="2.8035499714314938">
        <ele>97.66</ele>
      </trkpt>
      <trkpt lat="48.67749991826713" lon="2.803819952532649">
        <ele>97.43</ele>
      </trkpt>
      <trkpt lat="48.67748994380236" lon="2.804279951378703">
        <ele>97.24</ele>
      </trkpt>
      <trkpt lat="48.67743982002139" lon="2.804704997688532">
        <ele>97.11</ele>
      </trkpt>
      <trkpt lat="48.677389696240425" lon="2.8051301278173923">
        <ele>97</ele>
      </trkpt>
      <trkpt lat="48.67733957245946" lon="2.805555257946253">
        <ele>96.78</ele>
      </trkpt>
      <trkpt lat="48.67728944867849" lon="2.8059803880751133">
        <ele>96.62</ele>
      </trkpt>
      <trkpt lat="48.67723999544978" lon="2.8063999861478806">
        <ele>96.59</ele>
      </trkpt>
      <trkpt lat="48.67713974788785" lon="2.806778848171234">
        <ele>96.62</ele>
      </trkpt>
      <trkpt lat="48.67703950032592" lon="2.8071577101945877">
        <ele>96.71</ele>
      </trkpt>
      <trkpt lat="48.67693925276399" lon="2.8075365722179413">
        <ele>96.72</ele>
      </trkpt>
      <trkpt lat="48.676839005202055" lon="2.807915434241295">
        <ele>96.73</ele>
      </trkpt>
      <trkpt lat="48.67673993110657" lon="2.8082899376749992">
        <ele>96.8</ele>
      </trkpt>
      <trkpt lat="48.67669475264847" lon="2.80864080414176">
        <ele>96.84</ele>
      </trkpt>
      <trkpt lat="48.67664965800941" lon="2.8089917544275522">
        <ele>96.98</ele>
      </trkpt>
      <trkpt lat="48.67660456337035" lon="2.8093427047133446">
        <ele>97.14</ele>
      </trkpt>
      <trkpt lat="48.676559971645474" lon="2.8096899669617414">
        <ele>97.31</ele>
      </trkpt>
      <trkpt lat="48.67644991725683" lon="2.8101299330592155">
        <ele>97.51</ele>
      </trkpt>
      <trkpt lat="48.67631999775767" lon="2.810469986870885">
        <ele>97.8</ele>
      </trkpt>
      <trkpt lat="48.67614825256169" lon="2.8108004853129387">
        <ele>98.13</ele>
      </trkpt>
      <trkpt lat="48.675976507365704" lon="2.8111309837549925">
        <ele>98.48</ele>
      </trkpt>
      <trkpt lat="48.67580484598875" lon="2.811461566016078">
        <ele>98.86</ele>
      </trkpt>
      <trkpt lat="48.675633100792766" lon="2.811792064458132">
        <ele>99.2</ele>
      </trkpt>
      <trkpt lat="48.67546143941581" lon="2.8121226467192173">
        <ele>99.62</ele>
      </trkpt>
      <trkpt lat="48.67528969421983" lon="2.812453145161271">
        <ele>100.04</ele>
      </trkpt>
      <trkpt lat="48.675119960680604" lon="2.8127799555659294">
        <ele>100.47</ele>
      </trkpt>
      <trkpt lat="48.67502306587994" lon="2.8131307382136583">
        <ele>100.9</ele>
      </trkpt>
      <trkpt lat="48.67492617107928" lon="2.8134815208613873">
        <ele>101.28</ele>
      </trkpt>
      <trkpt lat="48.67482994683087" lon="2.813829956576228">
        <ele>101.69</ele>
      </trkpt>
      <trkpt lat="48.67469759657979" lon="2.814196664839983">
        <ele>102.08</ele>
      </trkpt>
      <trkpt lat="48.67456533014774" lon="2.8145634569227695">
        <ele>102.5</ele>
      </trkpt>
      <trkpt lat="48.674433063715696" lon="2.8149301651865244">
        <ele>102.84</ele>
      </trkpt>
      <trkpt lat="48.67430079728365" lon="2.815296957269311">
        <ele>103.15</ele>
      </trkpt>
      <trkpt lat="48.67416995577514" lon="2.8156599774956703">
        <ele>103.44</ele>
      </trkpt>
      <trkpt lat="48.67401639930904" lon="2.8158902283757925">
        <ele>103.68</ele>
      </trkpt>
      <trkpt lat="48.67386284284294" lon="2.8161204792559147">
        <ele>103.96</ele>
      </trkpt>
      <trkpt lat="48.67370995692909" lon="2.8163499757647514">
        <ele>104.16</ele>
      </trkpt>
      <trkpt lat="48.67346964776516" lon="2.8166435938328505">
        <ele>104.37</ele>
      </trkpt>
      <trkpt lat="48.67322942242026" lon="2.8169372119009495">
        <ele>104.41</ele>
      </trkpt>
      <trkpt lat="48.67298995144665" lon="2.8172299917787313">
        <ele>104.3</ele>
      </trkpt>
      <trkpt lat="48.67280965670943" lon="2.817553784698248">
        <ele>104.05</ele>
      </trkpt>
      <trkpt lat="48.67262936197221" lon="2.8178775776177645">
        <ele>103.74</ele>
      </trkpt>
      <trkpt lat="48.67244998924434" lon="2.818199945613742">
        <ele>103.4</ele>
      </trkpt>
      <trkpt lat="48.67228478193283" lon="2.8184151090681553">
        <ele>103.01</ele>
      </trkpt>
      <trkpt lat="48.67211999371648" lon="2.818629937246442">
        <ele>102.47</ele>
      </trkpt>
      <trkpt lat="48.67196995764971" lon="2.81827999278903">
        <ele>101.95</ele>
      </trkpt>
      <trkpt lat="48.67180994711816" lon="2.818049993366003">
        <ele>101.32</ele>
      </trkpt>
      <trkpt lat="48.67160987108946" lon="2.8179249353706837">
        <ele>100.57</ele>
      </trkpt>
      <trkpt lat="48.67140996269882" lon="2.817799961194396">
        <ele>99.75</ele>
      </trkpt>
      <trkpt lat="48.67117996327579" lon="2.8177299723029137">
        <ele>98.87</ele>
      </trkpt>
      <trkpt lat="48.67093998938799" lon="2.8177099395543337">
        <ele>97.88</ele>
      </trkpt>
      <trkpt lat="48.67067998275161" lon="2.817769953981042">
        <ele>96.75</ele>
      </trkpt>
      <trkpt lat="48.67044654674828" lon="2.8179099317640066">
        <ele>95.53</ele>
      </trkpt>
      <trkpt lat="48.67021311074495" lon="2.818049993366003">
        <ele>94.22</ele>
      </trkpt>
      <trkpt lat="48.66997992619872" lon="2.8181899711489677">
        <ele>92.76</ele>
      </trkpt>
      <trkpt lat="48.669774904847145" lon="2.8183049708604813">
        <ele>91.26</ele>
      </trkpt>
      <trkpt lat="48.6695699673146" lon="2.818419970571995">
        <ele>89.75</ele>
      </trkpt>
      <trkpt lat="48.66935991682112" lon="2.8184898756444454">
        <ele>88.22</ele>
      </trkpt>
      <trkpt lat="48.669149950146675" lon="2.8185599483549595">
        <ele>86.69</ele>
      </trkpt>
      <trkpt lat="48.668892458081245" lon="2.8185974154621363">
        <ele>85.17</ele>
      </trkpt>
      <trkpt lat="48.66863504983485" lon="2.818634882569313">
        <ele>83.67</ele>
      </trkpt>
      <trkpt lat="48.66837755776942" lon="2.8186724334955215">
        <ele>82.11</ele>
      </trkpt>
      <trkpt lat="48.668119981884956" lon="2.81870998442173">
        <ele>80.52</ele>
      </trkpt>
      <trkpt lat="48.66796491667628" lon="2.8187849186360836">
        <ele>79.09</ele>
      </trkpt>
      <trkpt lat="48.66780993528664" lon="2.818859936669469">
        <ele>77.67</ele>
      </trkpt>
      <trkpt lat="48.66767993196845" lon="2.8189899399876595">
        <ele>76.3</ele>
      </trkpt>
      <trkpt lat="48.667544731870294" lon="2.8191952127963305">
        <ele>75</ele>
      </trkpt>
      <trkpt lat="48.667409950867295" lon="2.819399982690811">
        <ele>73.73</ele>
      </trkpt>
      <trkpt lat="48.66725714877248" lon="2.8197029884904623">
        <ele>72.54</ele>
      </trkpt>
      <trkpt lat="48.66710443049669" lon="2.8200059104710817">
        <ele>71.52</ele>
      </trkpt>
      <trkpt lat="48.66695171222091" lon="2.820308916270733">
        <ele>70.59</ele>
      </trkpt>
      <trkpt lat="48.6667999997735" lon="2.8206099942326546">
        <ele>69.71</ele>
      </trkpt>
      <trkpt lat="48.66670997813344" lon="2.820689957588911">
        <ele>68.97</ele>
      </trkpt>
      <trkpt lat="48.66654493845999" lon="2.820654921233654">
        <ele>68.34</ele>
      </trkpt>
      <trkpt lat="48.66637998260558" lon="2.8206199686974287">
        <ele>67.85</ele>
      </trkpt>
      <trkpt lat="48.66635047830641" lon="2.821088097989559">
        <ele>67.45</ele>
      </trkpt>
      <trkpt lat="48.66632105782628" lon="2.8215562272816896">
        <ele>67.19</ele>
      </trkpt>
      <trkpt lat="48.66629163734615" lon="2.82202435657382">
        <ele>67.11</ele>
      </trkpt>
      <trkpt lat="48.666262133046985" lon="2.8224924858659506">
        <ele>67.12</ele>
      </trkpt>
      <trkpt lat="48.66623271256685" lon="2.822960615158081">
        <ele>67.26</ele>
      </trkpt>
      <trkpt lat="48.66620329208672" lon="2.8234287444502115">
        <ele>67.52</ele>
      </trkpt>
      <trkpt lat="48.66617387160659" lon="2.823896873742342">
        <ele>67.91</ele>
      </trkpt>
      <trkpt lat="48.666144367307425" lon="2.824365086853504">
        <ele>68.45</ele>
      </trkpt>
      <trkpt lat="48.66611494682729" lon="2.8248332161456347">
        <ele>69.12</ele>
      </trkpt>
      <trkpt lat="48.66608552634716" lon="2.825301345437765">
        <ele>69.92</ele>
      </trkpt>
      <trkpt lat="48.666056022048" lon="2.8257694747298956">
        <ele>70.78</ele>
      </trkpt>
      <trkpt lat="48.666026601567864" lon="2.826237604022026">
        <ele>71.74</ele>
      </trkpt>
      <trkpt lat="48.66599718108773" lon="2.8267057333141565">
        <ele>72.82</ele>
      </trkpt>
      <trkpt lat="48.6659677606076" lon="2.827173862606287">
        <ele>74.07</ele>
      </trkpt>
      <trkpt lat="48.665938256308436" lon="2.8276419918984175">
        <ele>75.39</ele>
      </trkpt>
      <trkpt lat="48.66590992547572" lon="2.8280899208039045">
        <ele>76.75</ele>
      </trkpt>
      <trkpt lat="48.66590992547572" lon="2.8285631630569696">
        <ele>78.17</ele>
      </trkpt>
      <trkpt lat="48.66590992547572" lon="2.8290364891290665">
        <ele>79.58</ele>
      </trkpt>
      <trkpt lat="48.66590992547572" lon="2.8295097313821316">
        <ele>81.08</ele>
      </trkpt>
      <trkpt lat="48.66590992547572" lon="2.8299830574542284">
        <ele>82.64</ele>
      </trkpt>
      <trkpt lat="48.66590992547572" lon="2.830449929460883">
        <ele>84.22</ele>
      </trkpt>
      <trkpt lat="48.66583976894617" lon="2.830735584720969">
        <ele>85.71</ele>
      </trkpt>
      <trkpt lat="48.66576994769275" lon="2.8310199826955795">
        <ele>87.2</ele>
      </trkpt>
      <trkpt lat="48.66563357412815" lon="2.8314307797700167">
        <ele>88.65</ele>
      </trkpt>
      <trkpt lat="48.66549728438258" lon="2.8318416606634855">
        <ele>90.04</ele>
      </trkpt>
      <trkpt lat="48.66536099463701" lon="2.8322525415569544">
        <ele>91.36</ele>
      </trkpt>
      <trkpt lat="48.66522470489144" lon="2.8326634224504232">
        <ele>92.58</ele>
      </trkpt>
      <trkpt lat="48.665089923888445" lon="2.833069944754243">
        <ele>93.73</ele>
      </trkpt>
      <trkpt lat="48.66513996385038" lon="2.833519969135523">
        <ele>94.84</ele>
      </trkpt>
      <trkpt lat="48.66531992331147" lon="2.833839990198612">
        <ele>95.91</ele>
      </trkpt>
      <trkpt lat="48.66548504680395" lon="2.8340351209044456">
        <ele>96.91</ele>
      </trkpt>
      <trkpt lat="48.665649918839335" lon="2.834229916334152">
        <ele>97.85</ele>
      </trkpt>
      <trkpt lat="48.66571999154985" lon="2.834429992362857">
        <ele>98.71</ele>
      </trkpt>
      <trkpt lat="48.665729966014624" lon="2.834659991785884">
        <ele>99.51</ele>
      </trkpt>
      <trkpt lat="48.66565997712314" lon="2.834909940138459">
        <ele>100.21</ele>
      </trkpt>
      <trkpt lat="48.665469624102116" lon="2.8352403547614813">
        <ele>100.81</ele>
      </trkpt>
      <trkpt lat="48.665279941633344" lon="2.835569931194186">
        <ele>101.4</ele>
      </trkpt>
      <trkpt lat="48.66528086364269" lon="2.835571188479662">
        <ele>101.93</ele>
      </trkpt>
      <trkpt lat="48.66547993384302" lon="2.835839996114373">
        <ele>102.43</ele>
      </trkpt>
      <trkpt lat="48.66563516668975" lon="2.8361580055207014">
        <ele>102.87</ele>
      </trkpt>
      <trkpt lat="48.66579039953649" lon="2.8364760149270296">
        <ele>103.32</ele>
      </trkpt>
      <trkpt lat="48.66594571620226" lon="2.836794024333358">
        <ele>103.64</ele>
      </trkpt>
      <trkpt lat="48.666099943220615" lon="2.837109938263893">
        <ele>103.86</ele>
      </trkpt>
      <trkpt lat="48.66625517606735" lon="2.83742543309927">
        <ele>104.08</ele>
      </trkpt>
      <trkpt lat="48.66640998981893" lon="2.837739922106266">
        <ele>104.28</ele>
      </trkpt>
      <trkpt lat="48.66658014245331" lon="2.838015267625451">
        <ele>104.43</ele>
      </trkpt>
      <trkpt lat="48.66674995981157" lon="2.8382899425923824">
        <ele>104.54</ele>
      </trkpt>
      <trkpt lat="48.66698347963393" lon="2.8385735023766756">
        <ele>104.58</ele>
      </trkpt>
      <trkpt lat="48.667216999456286" lon="2.838857062160969">
        <ele>104.58</ele>
      </trkpt>
      <trkpt lat="48.66744993254542" lon="2.8391399513930082">
        <ele>104.55</ele>
      </trkpt>
      <trkpt lat="48.66762997582555" lon="2.8394299652427435">
        <ele>104.47</ele>
      </trkpt>
      <trkpt lat="48.66741992533207" lon="2.839779993519187">
        <ele>104.37</ele>
      </trkpt>
      <trkpt lat="48.667244743555784" lon="2.8399700950831175">
        <ele>104.23</ele>
      </trkpt>
      <trkpt lat="48.66706998087466" lon="2.840159945189953">
        <ele>104.1</ele>
      </trkpt>
      <trkpt lat="48.666894882917404" lon="2.8403000067919493">
        <ele>103.9</ele>
      </trkpt>
      <trkpt lat="48.666719952598214" lon="2.840439984574914">
        <ele>103.67</ele>
      </trkpt>
      <trkpt lat="48.666820116341114" lon="2.8406904358416796">
        <ele>103.4</ele>
      </trkpt>
      <trkpt lat="48.66691994480789" lon="2.8409399650990963">
        <ele>103.07</ele>
      </trkpt>
      <trkpt lat="48.66703016683459" lon="2.841294016689062">
        <ele>102.75</ele>
      </trkpt>
      <trkpt lat="48.6671403888613" lon="2.8416481520980597">
        <ele>102.41</ele>
      </trkpt>
      <trkpt lat="48.66724994033575" lon="2.841999940574169">
        <ele>102.1</ele>
      </trkpt>
      <trkpt lat="48.66724491119385" lon="2.8423157706856728">
        <ele>101.79</ele>
      </trkpt>
      <trkpt lat="48.66723996587098" lon="2.842629924416542">
        <ele>101.39</ele>
      </trkpt>
      <trkpt lat="48.66718992590904" lon="2.842819942161441">
        <ele>100.95</ele>
      </trkpt>
      <trkpt lat="48.6670196056366" lon="2.843135353177786">
        <ele>100.44</ele>
      </trkpt>
      <trkpt lat="48.666849955916405" lon="2.8434499260038137">
        <ele>99.96</ele>
      </trkpt>
      <trkpt lat="48.66667636670172" lon="2.843720242381096">
        <ele>99.56</ele>
      </trkpt>
      <trkpt lat="48.66650277748704" lon="2.8439906425774097">
        <ele>99.15</ele>
      </trkpt>
      <trkpt lat="48.66632994264364" lon="2.8442599531263113">
        <ele>98.75</ele>
      </trkpt>
      <trkpt lat="48.666179990395904" lon="2.844399930909276">
        <ele>98.38</ele>
      </trkpt>
      <trkpt lat="48.66591151803732" lon="2.84451249986887">
        <ele>97.94</ele>
      </trkpt>
      <trkpt lat="48.66564312949777" lon="2.8446251526474953">
        <ele>97.49</ele>
      </trkpt>
      <trkpt lat="48.665374824777246" lon="2.8447378054261208">
        <ele>97.11</ele>
      </trkpt>
      <trkpt lat="48.66537155583501" lon="2.84473923034966">
        <ele>96.86</ele>
      </trkpt>
      <trkpt lat="48.665369963273406" lon="2.8447399847209454">
        <ele>96.64</ele>
      </trkpt>
      <trkpt lat="48.66550516337156" lon="2.845010384917259">
        <ele>96.48</ele>
      </trkpt>
      <trkpt lat="48.66563994437456" lon="2.845279946923256">
        <ele>96.37</ele>
      </trkpt>
      <trkpt lat="48.66574010811746" lon="2.845630645751953">
        <ele>96.32</ele>
      </trkpt>
      <trkpt lat="48.665839936584234" lon="2.845979919657111">
        <ele>96.29</ele>
      </trkpt>
      <trkpt lat="48.66597513668239" lon="2.8463205602020025">
        <ele>96.28</ele>
      </trkpt>
      <trkpt lat="48.66610991768539" lon="2.846659943461418">
        <ele>96.35</ele>
      </trkpt>
      <trkpt lat="48.66620999760926" lon="2.8470099717378616">
        <ele>96.5</ele>
      </trkpt>
      <trkpt lat="48.666249979287386" lon="2.847299985587597">
        <ele>96.63</ele>
      </trkpt>
      <trkpt lat="48.666219888255" lon="2.847634172067046">
        <ele>96.79</ele>
      </trkpt>
      <trkpt lat="48.666189797222614" lon="2.8479683585464954">
        <ele>97.06</ele>
      </trkpt>
      <trkpt lat="48.666159957647324" lon="2.8482999466359615">
        <ele>97.27</ele>
      </trkpt>
      <trkpt lat="48.66606364957988" lon="2.8486808203160763">
        <ele>97.44</ele>
      </trkpt>
      <trkpt lat="48.66596742533147" lon="2.849061693996191">
        <ele>97.7</ele>
      </trkpt>
      <trkpt lat="48.665871201083064" lon="2.8494425676763058">
        <ele>97.96</ele>
      </trkpt>
      <trkpt lat="48.665774976834655" lon="2.8498235251754522">
        <ele>98.22</ele>
      </trkpt>
      <trkpt lat="48.66567992605269" lon="2.850199956446886">
        <ele>98.46</ele>
      </trkpt>
      <trkpt lat="48.66562175564468" lon="2.850659117102623">
        <ele>98.76</ele>
      </trkpt>
      <trkpt lat="48.66556358523667" lon="2.8511183615773916">
        <ele>99.02</ele>
      </trkpt>
      <trkpt lat="48.66550549864769" lon="2.8515775222331285">
        <ele>99.34</ele>
      </trkpt>
      <trkpt lat="48.66544732823968" lon="2.852036766707897">
        <ele>99.63</ele>
      </trkpt>
      <trkpt lat="48.66538915783167" lon="2.852496011182666">
        <ele>99.86</ele>
      </trkpt>
      <trkpt lat="48.66533107124269" lon="2.8529551718384027">
        <ele>100.11</ele>
      </trkpt>
      <trkpt lat="48.66527290083468" lon="2.8534144163131714">
        <ele>100.4</ele>
      </trkpt>
      <trkpt lat="48.6652148142457" lon="2.8538735769689083">
        <ele>100.65</ele>
      </trkpt>
      <trkpt lat="48.66515664383769" lon="2.854332821443677">
        <ele>100.87</ele>
      </trkpt>
      <trkpt lat="48.66509998217225" lon="2.8547799959778786">
        <ele>101.07</ele>
      </trkpt>
      <trkpt lat="48.66503728553653" lon="2.85522423684597">
        <ele>101.24</ele>
      </trkpt>
      <trkpt lat="48.664974672719836" lon="2.8556685615330935">
        <ele>101.41</ele>
      </trkpt>
      <trkpt lat="48.66491197608411" lon="2.856112802401185">
        <ele>101.55</ele>
      </trkpt>
      <trkpt lat="48.66484936326742" lon="2.8565571270883083">
        <ele>101.72</ele>
      </trkpt>
      <trkpt lat="48.6647866666317" lon="2.8570013679564">
        <ele>101.98</ele>
      </trkpt>
      <trkpt lat="48.66472405381501" lon="2.857445692643523">
        <ele>102.17</ele>
      </trkpt>
      <trkpt lat="48.664661357179284" lon="2.8578900173306465">
        <ele>102.32</ele>
      </trkpt>
      <trkpt lat="48.66459874436259" lon="2.858334258198738">
        <ele>102.48</ele>
      </trkpt>
      <trkpt lat="48.66453604772687" lon="2.8587785828858614">
        <ele>102.63</ele>
      </trkpt>
      <trkpt lat="48.66447343491018" lon="2.859222823753953">
        <ele>102.78</ele>
      </trkpt>
      <trkpt lat="48.664410738274455" lon="2.8596671484410763">
        <ele>102.92</ele>
      </trkpt>
      <trkpt lat="48.664348125457764" lon="2.860111389309168">
        <ele>103.05</ele>
      </trkpt>
      <trkpt lat="48.66428542882204" lon="2.860555713996291">
        <ele>103.18</ele>
      </trkpt>
      <trkpt lat="48.66422281600535" lon="2.8609999548643827">
        <ele>103.3</ele>
      </trkpt>
      <trkpt lat="48.664160119369626" lon="2.861444279551506">
        <ele>103.48</ele>
      </trkpt>
      <trkpt lat="48.664099937304854" lon="2.8618699964135885">
        <ele>103.67</ele>
      </trkpt>
      <trkpt lat="48.66403573192656" lon="2.8623190987855196">
        <ele>103.8</ele>
      </trkpt>
      <trkpt lat="48.6639716103673" lon="2.8627682849764824">
        <ele>103.97</ele>
      </trkpt>
      <trkpt lat="48.663907404989004" lon="2.863217471167445">
        <ele>104.07</ele>
      </trkpt>
      <trkpt lat="48.66384328342974" lon="2.863666657358408">
        <ele>104.14</ele>
      </trkpt>
      <trkpt lat="48.66377916187048" lon="2.864115759730339">
        <ele>104.3</ele>
      </trkpt>
      <trkpt lat="48.663714956492186" lon="2.864564945921302">
        <ele>104.43</ele>
      </trkpt>
      <trkpt lat="48.66365083493292" lon="2.8650141321122646">
        <ele>104.47</ele>
      </trkpt>
      <trkpt lat="48.66358662955463" lon="2.8654633183032274">
        <ele>104.44</ele>
      </trkpt>
      <trkpt lat="48.66352250799537" lon="2.8659124206751585">
        <ele>104.47</ele>
      </trkpt>
      <trkpt lat="48.66345997899771" lon="2.866349956020713">
        <ele>104.52</ele>
      </trkpt>
      <trkpt lat="48.66345997899771" lon="2.866720939055085">
        <ele>104.49</ele>
      </trkpt>
      <trkpt lat="48.66345997899771" lon="2.867089994251728">
        <ele>104.47</ele>
      </trkpt>
      <trkpt lat="48.66351010277867" lon="2.867536162957549">
        <ele>104.47</ele>
      </trkpt>
      <trkpt lat="48.663559975102544" lon="2.867979984730482">
        <ele>104.44</ele>
      </trkpt>
      <trkpt lat="48.66356324404478" lon="2.8683509677648544">
        <ele>104.38</ele>
      </trkpt>
      <trkpt lat="48.66356659680605" lon="2.8687219507992268">
        <ele>104.31</ele>
      </trkpt>
      <trkpt lat="48.66356994956732" lon="2.8690899163484573">
        <ele>104.28</ele>
      </trkpt>
      <trkpt lat="48.66348998621106" lon="2.8695399407297373">
        <ele>104.27</ele>
      </trkpt>
      <trkpt lat="48.66326970979571" lon="2.8698552679270506">
        <ele>104.11</ele>
      </trkpt>
      <trkpt lat="48.663049433380365" lon="2.8701706789433956">
        <ele>103.91</ele>
      </trkpt>
      <trkpt lat="48.66282915696502" lon="2.8704860899597406">
        <ele>103.69</ele>
      </trkpt>
      <trkpt lat="48.66260888054967" lon="2.870801417157054">
        <ele>103.43</ele>
      </trkpt>
      <trkpt lat="48.66238868795335" lon="2.871116828173399">
        <ele>103.2</ele>
      </trkpt>
      <trkpt lat="48.662168411538005" lon="2.871432239189744">
        <ele>103.04</ele>
      </trkpt>
      <trkpt lat="48.66194813512266" lon="2.8717475663870573">
        <ele>103.03</ele>
      </trkpt>
      <trkpt lat="48.66172785870731" lon="2.8720629774034023">
        <ele>103.15</ele>
      </trkpt>
      <trkpt lat="48.66150758229196" lon="2.8723783046007156">
        <ele>103.15</ele>
      </trkpt>
      <trkpt lat="48.66128998808563" lon="2.8726899437606335">
        <ele>103.09</ele>
      </trkpt>
      <trkpt lat="48.661099718883634" lon="2.8729752637445927">
        <ele>103.02</ele>
      </trkpt>
      <trkpt lat="48.66090995259583" lon="2.87325999699533">
        <ele>102.95</ele>
      </trkpt>
      <trkpt lat="48.660739632323384" lon="2.873575408011675">
        <ele>102.85</ele>
      </trkpt>
      <trkpt lat="48.66056998260319" lon="2.8738899808377028">
        <ele>102.77</ele>
      </trkpt>
      <trkpt lat="48.66038625128567" lon="2.8742672502994537">
        <ele>102.72</ele>
      </trkpt>
      <trkpt lat="48.660202603787184" lon="2.8746445197612047">
        <ele>102.75</ele>
      </trkpt>
      <trkpt lat="48.660019962117076" lon="2.875019945204258">
        <ele>102.82</ele>
      </trkpt>
      <trkpt lat="48.659904627129436" lon="2.875410793349147">
        <ele>102.84</ele>
      </trkpt>
      <trkpt lat="48.65978996269405" lon="2.8757999651134014">
        <ele>102.89</ele>
      </trkpt>
      <trkpt lat="48.65969968959689" lon="2.8760152962058783">
        <ele>102.93</ele>
      </trkpt>
      <trkpt lat="48.659609919413924" lon="2.8762299567461014">
        <ele>102.96</ele>
      </trkpt>
      <trkpt lat="48.65941294468939" lon="2.876598844304681">
        <ele>103.01</ele>
      </trkpt>
      <trkpt lat="48.65921596996486" lon="2.8769677318632603">
        <ele>103.04</ele>
      </trkpt>
      <trkpt lat="48.65901899524033" lon="2.8773367032408714">
        <ele>103.01</ele>
      </trkpt>
      <trkpt lat="48.6588220205158" lon="2.877705590799451">
        <ele>103.04</ele>
      </trkpt>
      <trkpt lat="48.65862504579127" lon="2.8780744783580303">
        <ele>102.98</ele>
      </trkpt>
      <trkpt lat="48.65842999890447" lon="2.8784399293363094">
        <ele>102.94</ele>
      </trkpt>
      <trkpt lat="48.65829471498728" lon="2.878735391423106">
        <ele>102.86</ele>
      </trkpt>
      <trkpt lat="48.65815993398428" lon="2.879029931500554">
        <ele>102.84</ele>
      </trkpt>
      <trkpt lat="48.65811483934522" lon="2.879300583153963">
        <ele>102.78</ele>
      </trkpt>
      <trkpt lat="48.65806999616325" lon="2.8795699775218964">
        <ele>102.76</ele>
      </trkpt>
      <trkpt lat="48.658055663108826" lon="2.8799925092607737">
        <ele>102.63</ele>
      </trkpt>
      <trkpt lat="48.6580413300544" lon="2.8804151248186827">
        <ele>102.5</ele>
      </trkpt>
      <trkpt lat="48.65802699699998" lon="2.88083765655756">
        <ele>102.34</ele>
      </trkpt>
      <trkpt lat="48.658012663945556" lon="2.881260272115469">
        <ele>102.17</ele>
      </trkpt>
      <trkpt lat="48.65799833089113" lon="2.8816828038543463">
        <ele>101.95</ele>
      </trkpt>
      <trkpt lat="48.65798399783671" lon="2.8821054194122553">
        <ele>101.75</ele>
      </trkpt>
      <trkpt lat="48.65796991623938" lon="2.8825199883431196">
        <ele>101.56</ele>
      </trkpt>
      <trkpt lat="48.65798994898796" lon="2.882769936695695">
        <ele>101.39</ele>
      </trkpt>
      <trkpt lat="48.657959857955575" lon="2.88314594887197">
        <ele>101.24</ele>
      </trkpt>
      <trkpt lat="48.65792993456125" lon="2.8835199493914843">
        <ele>100.92</ele>
      </trkpt>
      <trkpt lat="48.65783974528313" lon="2.883775429800153">
        <ele>100.62</ele>
      </trkpt>
      <trkpt lat="48.65774997510016" lon="2.8840299881994724">
        <ele>100.4</ele>
      </trkpt>
      <trkpt lat="48.657614775002" lon="2.8842753265053034">
        <ele>100.18</ele>
      </trkpt>
      <trkpt lat="48.657479993999004" lon="2.8845199942588806">
        <ele>100.02</ele>
      </trkpt>
      <trkpt lat="48.65739977918565" lon="2.8847453836351633">
        <ele>99.88</ele>
      </trkpt>
      <trkpt lat="48.65731998346746" lon="2.884969934821129">
        <ele>99.73</ele>
      </trkpt>
      <trkpt lat="48.65726977586746" lon="2.8854244854301214">
        <ele>99.48</ele>
      </trkpt>
      <trkpt lat="48.657219652086496" lon="2.885879036039114">
        <ele>99.14</ele>
      </trkpt>
      <trkpt lat="48.65716994740069" lon="2.886329982429743">
        <ele>98.86</ele>
      </trkpt>
      <trkpt lat="48.657093085348606" lon="2.886697528883815">
        <ele>98.64</ele>
      </trkpt>
      <trkpt lat="48.65701622329652" lon="2.887065075337887">
        <ele>98.43</ele>
      </trkpt>
      <trkpt lat="48.65693994797766" lon="2.887429939582944">
        <ele>98.22</ele>
      </trkpt>
      <trkpt lat="48.65689309313893" lon="2.887794217094779">
        <ele>98.03</ele>
      </trkpt>
      <trkpt lat="48.656846322119236" lon="2.888158494606614">
        <ele>97.85</ele>
      </trkpt>
      <trkpt lat="48.6567999701947" lon="2.888519922271371">
        <ele>97.72</ele>
      </trkpt>
      <trkpt lat="48.65673475898802" lon="2.8888758178800344">
        <ele>97.56</ele>
      </trkpt>
      <trkpt lat="48.65666996687651" lon="2.889229953289032">
        <ele>97.46</ele>
      </trkpt>
      <trkpt lat="48.656589752063155" lon="2.889545615762472">
        <ele>97.43</ele>
      </trkpt>
      <trkpt lat="48.65650995634496" lon="2.889859937131405">
        <ele>97.39</ele>
      </trkpt>
      <trkpt lat="48.65647483617067" lon="2.890155650675297">
        <ele>97.38</ele>
      </trkpt>
      <trkpt lat="48.65643996745348" lon="2.8904499392956495">
        <ele>97.41</ele>
      </trkpt>
      <trkpt lat="48.656449941918254" lon="2.890765769407153">
        <ele>97.49</ele>
      </trkpt>
      <trkpt lat="48.65645991638303" lon="2.8910799231380224">
        <ele>97.66</ele>
      </trkpt>
      <trkpt lat="48.65649998188019" lon="2.8914709389209747">
        <ele>97.92</ele>
      </trkpt>
      <trkpt lat="48.65654013119638" lon="2.891861954703927">
        <ele>98.07</ele>
      </trkpt>
      <trkpt lat="48.656579945236444" lon="2.8922499530017376">
        <ele>98.14</ele>
      </trkpt>
      <trkpt lat="48.65667013451457" lon="2.892664270475507">
        <ele>98.25</ele>
      </trkpt>
      <trkpt lat="48.656760323792696" lon="2.893078587949276">
        <ele>98.43</ele>
      </trkpt>
      <trkpt lat="48.6568499263376" lon="2.893489971756935">
        <ele>98.65</ele>
      </trkpt>
      <trkpt lat="48.65688663907349" lon="2.8939010202884674">
        <ele>98.78</ele>
      </trkpt>
      <trkpt lat="48.656923435628414" lon="2.8943120688199997">
        <ele>98.86</ele>
      </trkpt>
      <trkpt lat="48.65695998072624" lon="2.894719932228327">
        <ele>98.97</ele>
      </trkpt>
      <trkpt lat="48.657029969617724" lon="2.894969964399934">
        <ele>99.14</ele>
      </trkpt>
      <trkpt lat="48.65717011503875" lon="2.8952754847705364">
        <ele>99.29</ele>
      </trkpt>
      <trkpt lat="48.657309925183654" lon="2.8955799993127584">
        <ele>99.42</ele>
      </trkpt>
      <trkpt lat="48.65739508531988" lon="2.896005967631936">
        <ele>99.54</ele>
      </trkpt>
      <trkpt lat="48.65748032927513" lon="2.8964320197701454">
        <ele>99.66</ele>
      </trkpt>
      <trkpt lat="48.657565573230386" lon="2.8968580719083548">
        <ele>99.7</ele>
      </trkpt>
      <trkpt lat="48.65764997899532" lon="2.8972799330949783">
        <ele>99.79</ele>
      </trkpt>
      <trkpt lat="48.65764486603439" lon="2.897736160084605">
        <ele>99.78</ele>
      </trkpt>
      <trkpt lat="48.65763992071152" lon="2.8981899563223124">
        <ele>99.78</ele>
      </trkpt>
      <trkpt lat="48.65760982967913" lon="2.898633610457182">
        <ele>99.86</ele>
      </trkpt>
      <trkpt lat="48.657579738646746" lon="2.899077348411083">
        <ele>99.91</ele>
      </trkpt>
      <trkpt lat="48.65754964761436" lon="2.899521002545953">
        <ele>99.97</ele>
      </trkpt>
      <trkpt lat="48.65751997567713" lon="2.8999599628150463">
        <ele>100.01</ele>
      </trkpt>
      <trkpt lat="48.657479993999004" lon="2.900349972769618">
        <ele>100.02</ele>
      </trkpt>
      <trkpt lat="48.65740975365043" lon="2.9005854204297066">
        <ele>100</ele>
      </trkpt>
      <trkpt lat="48.65733993239701" lon="2.9008199460804462">
        <ele>99.99</ele>
      </trkpt>
      <trkpt lat="48.65708495490253" lon="2.900817431509495">
        <ele>99.88</ele>
      </trkpt>
      <trkpt lat="48.65682997740805" lon="2.9008149169385433">
        <ele>99.71</ele>
      </trkpt>
      <trkpt lat="48.656575083732605" lon="2.900812402367592">
        <ele>99.58</ele>
      </trkpt>
      <trkpt lat="48.65631993860006" lon="2.900809971615672">
        <ele>99.44</ele>
      </trkpt>
      <trkpt lat="48.656345000490546" lon="2.901276173070073">
        <ele>99.43</ele>
      </trkpt>
      <trkpt lat="48.656369978562" lon="2.9017399437725544">
        <ele>99.42</ele>
      </trkpt>
      <trkpt lat="48.65635992027819" lon="2.9021359886974096">
        <ele>99.41</ele>
      </trkpt>
      <trkpt lat="48.65634994581342" lon="2.902529938146472">
        <ele>99.35</ele>
      </trkpt>
      <trkpt lat="48.65639001131058" lon="2.902961103245616">
        <ele>99.31</ele>
      </trkpt>
      <trkpt lat="48.65643016062677" lon="2.90339226834476">
        <ele>99.24</ele>
      </trkpt>
      <trkpt lat="48.656469974666834" lon="2.9038199968636036">
        <ele>99.1</ele>
      </trkpt>
      <trkpt lat="48.656466621905565" lon="2.9042611364275217">
        <ele>98.9</ele>
      </trkpt>
      <trkpt lat="48.6564632691443" lon="2.9047023598104715">
        <ele>98.72</ele>
      </trkpt>
      <trkpt lat="48.65645991638303" lon="2.9051435831934214">
        <ele>98.53</ele>
      </trkpt>
      <trkpt lat="48.65645656362176" lon="2.9055847227573395">
        <ele>98.35</ele>
      </trkpt>
      <trkpt lat="48.65645321086049" lon="2.9060259461402893">
        <ele>98.13</ele>
      </trkpt>
      <trkpt lat="48.656449941918254" lon="2.9064599610865116">
        <ele>97.83</ele>
      </trkpt>
      <trkpt lat="48.65655513480306" lon="2.9068959038704634">
        <ele>97.48</ele>
      </trkpt>
      <trkpt lat="48.65665999241173" lon="2.9073299188166857">
        <ele>97.16</ele>
      </trkpt>
      <trkpt lat="48.656765185296535" lon="2.9076807014644146">
        <ele>96.9</ele>
      </trkpt>
      <trkpt lat="48.65687037818134" lon="2.9080314841121435">
        <ele>96.67</ele>
      </trkpt>
      <trkpt lat="48.65697557106614" lon="2.9083822667598724">
        <ele>96.36</ele>
      </trkpt>
      <trkpt lat="48.65707992576063" lon="2.908729948103428">
        <ele>96.05</ele>
      </trkpt>
      <trkpt lat="48.657132061198354" lon="2.909159017726779">
        <ele>95.69</ele>
      </trkpt>
      <trkpt lat="48.65718419663608" lon="2.909588171169162">
        <ele>95.33</ele>
      </trkpt>
      <trkpt lat="48.65723633207381" lon="2.910017240792513">
        <ele>94.99</ele>
      </trkpt>
      <trkpt lat="48.657288467511535" lon="2.9104463942348957">
        <ele>94.7</ele>
      </trkpt>
      <trkpt lat="48.65733993239701" lon="2.9108699318021536">
        <ele>94.51</ele>
      </trkpt>
      <trkpt lat="48.65738997235894" lon="2.9110999312251806">
        <ele>94.38</ele>
      </trkpt>
      <trkpt lat="48.657475132495165" lon="2.911531012505293">
        <ele>94.23</ele>
      </trkpt>
      <trkpt lat="48.65755995735526" lon="2.9119599983096123">
        <ele>94.11</ele>
      </trkpt>
      <trkpt lat="48.657705215737224" lon="2.9123356752097607">
        <ele>94.07</ele>
      </trkpt>
      <trkpt lat="48.657849971204996" lon="2.91270992718637">
        <ele>94.09</ele>
      </trkpt>
      <trkpt lat="48.6578999273479" lon="2.9129199776798487">
        <ele>94.08</ele>
      </trkpt>
      <trkpt lat="48.65797611884773" lon="2.913359021767974">
        <ele>94.11</ele>
      </trkpt>
      <trkpt lat="48.65805231034756" lon="2.913798149675131">
        <ele>94.28</ele>
      </trkpt>
      <trkpt lat="48.658128501847386" lon="2.914237193763256">
        <ele>94.52</ele>
      </trkpt>
      <trkpt lat="48.658204693347216" lon="2.914676321670413">
        <ele>94.8</ele>
      </trkpt>
      <trkpt lat="48.658279962837696" lon="2.9151099175214767">
        <ele>95.15</ele>
      </trkpt>
      <trkpt lat="48.65837006829679" lon="2.915385514497757">
        <ele>95.49</ele>
      </trkpt>
      <trkpt lat="48.65845992229879" lon="2.915659938007593">
        <ele>95.89</ele>
      </trkpt>
      <trkpt lat="48.65846738219261" lon="2.9160635266453028">
        <ele>96.23</ele>
      </trkpt>
      <trkpt lat="48.658474925905466" lon="2.9164671152830124">
        <ele>96.51</ele>
      </trkpt>
      <trkpt lat="48.65848246961832" lon="2.916870703920722">
        <ele>96.8</ele>
      </trkpt>
      <trkpt lat="48.65848992951214" lon="2.9172699339687824">
        <ele>97.18</ele>
      </trkpt>
      <trkpt lat="48.658514991402626" lon="2.9175055492669344">
        <ele>97.55</ele>
      </trkpt>
      <trkpt lat="48.65853996947408" lon="2.9177399910986423">
        <ele>97.91</ele>
      </trkpt>
      <trkpt lat="48.65864994004369" lon="2.918089935556054">
        <ele>98.21</ele>
      </trkpt>
      <trkpt lat="48.658729987218976" lon="2.9182199388742447">
        <ele>98.42</ele>
      </trkpt>
      <trkpt lat="48.65897004492581" lon="2.9184400476515293">
        <ele>98.58</ele>
      </trkpt>
      <trkpt lat="48.65920993499458" lon="2.9186599887907505">
        <ele>98.71</ele>
      </trkpt>
      <trkpt lat="48.65931998938322" lon="2.9188399482518435">
        <ele>98.78</ele>
      </trkpt>
      <trkpt lat="48.65939995273948" lon="2.9191199876368046">
        <ele>98.8</ele>
      </trkpt>
      <trkpt lat="48.65945250727236" lon="2.919480912387371">
        <ele>98.72</ele>
      </trkpt>
      <trkpt lat="48.65950514562428" lon="2.9198418371379375">
        <ele>98.57</ele>
      </trkpt>
      <trkpt lat="48.6595577839762" lon="2.920202761888504">
        <ele>98.27</ele>
      </trkpt>
      <trkpt lat="48.659609919413924" lon="2.920559998601675">
        <ele>97.85</ele>
      </trkpt>
      <trkpt lat="48.65970999933779" lon="2.920929975807667">
        <ele>97.35</ele>
      </trkpt>
      <trkpt lat="48.65984511561692" lon="2.921120161190629">
        <ele>96.77</ele>
      </trkpt>
      <trkpt lat="48.65997998043895" lon="2.9213099274784327">
        <ele>96.1</ele>
      </trkpt>
      <trkpt lat="48.660195814445615" lon="2.9215629771351814">
        <ele>95.32</ele>
      </trkpt>
      <trkpt lat="48.660411732271314" lon="2.92181602679193">
        <ele>94.44</ele>
      </trkpt>
      <trkpt lat="48.66062765009701" lon="2.922069076448679">
        <ele>93.53</ele>
      </trkpt>
      <trkpt lat="48.66084356792271" lon="2.9223222099244595">
        <ele>92.59</ele>
      </trkpt>
      <trkpt lat="48.66105948574841" lon="2.9225752595812082">
        <ele>91.64</ele>
      </trkpt>
      <trkpt lat="48.66127540357411" lon="2.9228283930569887">
        <ele>90.7</ele>
      </trkpt>
      <trkpt lat="48.6614899802953" lon="2.9230799339711666">
        <ele>89.79</ele>
      </trkpt>
      <trkpt lat="48.661649990826845" lon="2.923369947820902">
        <ele>88.95</ele>
      </trkpt>
      <trkpt lat="48.66177714429796" lon="2.9237691778689623">
        <ele>88.08</ele>
      </trkpt>
      <trkpt lat="48.6619043815881" lon="2.9241684917360544">
        <ele>87.23</ele>
      </trkpt>
      <trkpt lat="48.662031535059214" lon="2.9245678894221783">
        <ele>86.46</ele>
      </trkpt>
      <trkpt lat="48.66215877234936" lon="2.9249672032892704">
        <ele>85.59</ele>
      </trkpt>
      <trkpt lat="48.6622860096395" lon="2.9253665171563625">
        <ele>84.88</ele>
      </trkpt>
      <trkpt lat="48.662413163110614" lon="2.9257658310234547">
        <ele>84.34</ele>
      </trkpt>
      <trkpt lat="48.66254040040076" lon="2.926165144890547">
        <ele>83.86</ele>
      </trkpt>
      <trkpt lat="48.66266755387187" lon="2.926564458757639">
        <ele>83.51</ele>
      </trkpt>
      <trkpt lat="48.662794791162014" lon="2.926963772624731">
        <ele>83.4</ele>
      </trkpt>
      <trkpt lat="48.66292202845216" lon="2.927363086491823">
        <ele>83.39</ele>
      </trkpt>
      <trkpt lat="48.66304918192327" lon="2.9277624003589153">
        <ele>83.37</ele>
      </trkpt>
      <trkpt lat="48.663176419213414" lon="2.9281617142260075">
        <ele>83.44</ele>
      </trkpt>
      <trkpt lat="48.66329996846616" lon="2.928549963980913">
        <ele>83.64</ele>
      </trkpt>
      <trkpt lat="48.663345063105226" lon="2.9288105573505163">
        <ele>83.91</ele>
      </trkpt>
      <trkpt lat="48.663389990106225" lon="2.9290699772536755">
        <ele>84.28</ele>
      </trkpt>
      <trkpt lat="48.663414968177676" lon="2.929440876469016">
        <ele>84.83</ele>
      </trkpt>
      <trkpt lat="48.66343994624913" lon="2.929809931665659">
        <ele>85.43</ele>
      </trkpt>
      <trkpt lat="48.66350993514061" lon="2.930079996585846">
        <ele>86.12</ele>
      </trkpt>
      <trkpt lat="48.663669945672154" lon="2.930229948833585">
        <ele>86.93</ele>
      </trkpt>
      <trkpt lat="48.66389491595328" lon="2.9302848502993584">
        <ele>87.89</ele>
      </trkpt>
      <trkpt lat="48.664119970053434" lon="2.9303399194031954">
        <ele>88.98</ele>
      </trkpt>
      <trkpt lat="48.66438324563205" lon="2.930259872227907">
        <ele>90.06</ele>
      </trkpt>
      <trkpt lat="48.66464652121067" lon="2.9301799088716507">
        <ele>91.1</ele>
      </trkpt>
      <trkpt lat="48.66490996442735" lon="2.930099945515394">
        <ele>92.15</ele>
      </trkpt>
      <trkpt lat="48.6650699749589" lon="2.9301599599421024">
        <ele>93.28</ele>
      </trkpt>
      <trkpt lat="48.66509000770748" lon="2.930603614076972">
        <ele>94.55</ele>
      </trkpt>
      <trkpt lat="48.66511004045606" lon="2.9310473520308733">
        <ele>95.77</ele>
      </trkpt>
      <trkpt lat="48.66513007320464" lon="2.931491006165743">
        <ele>97.01</ele>
      </trkpt>
      <trkpt lat="48.66514993831515" lon="2.9319299664348364">
        <ele>98.21</ele>
      </trkpt>
      <trkpt lat="48.665206683799624" lon="2.9322473891079426">
        <ele>99.33</ele>
      </trkpt>
      <trkpt lat="48.66526351310313" lon="2.9325648956000805">
        <ele>100.38</ele>
      </trkpt>
      <trkpt lat="48.66531992331147" lon="2.9328799713402987">
        <ele>101.4</ele>
      </trkpt>
      <trkpt lat="48.66544020362198" lon="2.9332607612013817">
        <ele>102.35</ele>
      </trkpt>
      <trkpt lat="48.665559981018305" lon="2.933639958500862">
        <ele>103.23</ele>
      </trkpt>
      <trkpt lat="48.6657034792006" lon="2.9339236859232187">
        <ele>104.01</ele>
      </trkpt>
      <trkpt lat="48.66584706120193" lon="2.934207497164607">
        <ele>104.67</ele>
      </trkpt>
      <trkpt lat="48.665989972651005" lon="2.934489967301488">
        <ele>105.32</ele>
      </trkpt>
      <trkpt lat="48.666139924898744" lon="2.9346799850463867">
        <ele>105.96</ele>
      </trkpt>
      <trkpt lat="48.66631996817887" lon="2.9348199628293514">
        <ele>106.52</ele>
      </trkpt>
      <trkpt lat="48.666582740843296" lon="2.9349256586283445">
        <ele>106.98</ele>
      </trkpt>
      <trkpt lat="48.666845597326756" lon="2.9350313544273376">
        <ele>107.34</ele>
      </trkpt>
      <trkpt lat="48.667108453810215" lon="2.9351370502263308">
        <ele>107.61</ele>
      </trkpt>
      <trkpt lat="48.667371310293674" lon="2.935242746025324">
        <ele>107.79</ele>
      </trkpt>
      <trkpt lat="48.667634166777134" lon="2.935348441824317">
        <ele>107.86</ele>
      </trkpt>
      <trkpt lat="48.66789702326059" lon="2.93545413762331">
        <ele>107.83</ele>
      </trkpt>
      <trkpt lat="48.668159963563085" lon="2.935559917241335">
        <ele>107.79</ele>
      </trkpt>
      <trkpt lat="48.668464897200465" lon="2.9356198478490114">
        <ele>107.76</ele>
      </trkpt>
      <trkpt lat="48.66876999847591" lon="2.9356799460947514">
        <ele>107.62</ele>
      </trkpt>
      <trkpt lat="48.669067388400435" lon="2.935697380453348">
        <ele>107.37</ele>
      </trkpt>
      <trkpt lat="48.66936486214399" lon="2.9357148986309767">
        <ele>107.06</ele>
      </trkpt>
      <trkpt lat="48.66966225206852" lon="2.935732416808605">
        <ele>106.78</ele>
      </trkpt>
      <trkpt lat="48.66975210607052" lon="2.9357376974076033">
        <ele>106.42</ele>
      </trkpt>
      <trkpt lat="48.6699360050261" lon="2.935759909451008">
        <ele>106.01</ele>
      </trkpt>
      <trkpt lat="48.67012023925781" lon="2.935774326324463">
        <ele>105.54</ele>
      </trkpt>
      <trkpt lat="48.670334815979004" lon="2.9358171578496695">
        <ele>105.03</ele>
      </trkpt>
      <trkpt lat="48.67054947651923" lon="2.9358601570129395">
        <ele>104.42</ele>
      </trkpt>
      <trkpt lat="48.67082121782005" lon="2.935949508100748">
        <ele>103.79</ele>
      </trkpt>
      <trkpt lat="48.67109295912087" lon="2.9360389430075884">
        <ele>103.07</ele>
      </trkpt>
      <trkpt lat="48.67136470042169" lon="2.936128294095397">
        <ele>102.24</ele>
      </trkpt>
      <trkpt lat="48.671636525541544" lon="2.9362177290022373">
        <ele>101.35</ele>
      </trkpt>
      <trkpt lat="48.671908266842365" lon="2.936307080090046">
        <ele>100.42</ele>
      </trkpt>
      <trkpt lat="48.67218017578125" lon="2.936396598815918">
        <ele>99.48</ele>
      </trkpt>
      <trkpt lat="48.672259636223316" lon="2.9364389274269342">
        <ele>98.53</ele>
      </trkpt>
      <trkpt lat="48.67250204086304" lon="2.936568260192871">
        <ele>97.51</ele>
      </trkpt>
      <trkpt lat="48.672759449109435" lon="2.936600362882018">
        <ele>96.46</ele>
      </trkpt>
      <trkpt lat="48.67301710881293" lon="2.9366326332092285">
        <ele>95.33</ele>
      </trkpt>
      <trkpt lat="48.673067232593894" lon="2.9370054602622986">
        <ele>94.22</ele>
      </trkpt>
      <trkpt lat="48.67311744019389" lon="2.9373783711344004">
        <ele>93.06</ele>
      </trkpt>
      <trkpt lat="48.67316722869873" lon="2.937748432159424">
        <ele>91.94</ele>
      </trkpt>
      <trkpt lat="48.67319949902594" lon="2.9382109455764294">
        <ele>91.01</ele>
      </trkpt>
      <trkpt lat="48.67323160171509" lon="2.938671112060547">
        <ele>90.14</ele>
      </trkpt>
      <trkpt lat="48.673274517059326" lon="2.9387998580932617">
        <ele>89.31</ele>
      </trkpt>
      <trkpt lat="48.6733603477478" lon="2.9388856887817383">
        <ele>88.51</ele>
      </trkpt>
      <trkpt lat="48.67355355061591" lon="2.9389071464538574">
        <ele>87.7</ele>
      </trkpt>
      <trkpt lat="48.673553466796875" lon="2.9389071464538574">
        <ele>87.09</ele>
      </trkpt>
      <trkpt lat="48.67379662580788" lon="2.938778316602111">
        <ele>86.48</ele>
      </trkpt>
      <trkpt lat="48.67403986863792" lon="2.938649570569396">
        <ele>85.96</ele>
      </trkpt>
      <trkpt lat="48.67428311146796" lon="2.938520908355713">
        <ele>85.56</ele>
      </trkpt>
      <trkpt lat="48.67447623051703" lon="2.9384350776672363">
        <ele>85.27</ele>
      </trkpt>
      <trkpt lat="48.67475685663521" lon="2.938328878954053">
        <ele>85.22</ele>
      </trkpt>
      <trkpt lat="48.67484319023788" lon="2.9382832814007998">
        <ele>85.25</ele>
      </trkpt>
      <trkpt lat="48.67506992071867" lon="2.9381899908185005">
        <ele>85.48</ele>
      </trkpt>
      <trkpt lat="48.67535985074937" lon="2.938112458214164">
        <ele>85.73</ele>
      </trkpt>
      <trkpt lat="48.67564986459911" lon="2.938034925609827">
        <ele>86.14</ele>
      </trkpt>
      <trkpt lat="48.67593979462981" lon="2.937957476824522">
        <ele>86.64</ele>
      </trkpt>
      <trkpt lat="48.67622997611761" lon="2.9378799442201853">
        <ele>87.25</ele>
      </trkpt>
      <trkpt lat="48.67637515068054" lon="2.9376295767724514">
        <ele>87.93</ele>
      </trkpt>
      <trkpt lat="48.676519989967346" lon="2.937379963696003">
        <ele>88.65</ele>
      </trkpt>
      <trkpt lat="48.67665502242744" lon="2.937254821881652">
        <ele>89.46</ele>
      </trkpt>
      <trkpt lat="48.6767899710685" lon="2.937129931524396">
        <ele>90.34</ele>
      </trkpt>
      <trkpt lat="48.67707772180438" lon="2.9369598627090454">
        <ele>91.34</ele>
      </trkpt>
      <trkpt lat="48.67736555635929" lon="2.9367898777127266">
        <ele>92.38</ele>
      </trkpt>
      <trkpt lat="48.6776533909142" lon="2.936619808897376">
        <ele>93.38</ele>
      </trkpt>
      <trkpt lat="48.67794122546911" lon="2.9364498239010572">
        <ele>94.37</ele>
      </trkpt>
      <trkpt lat="48.67822906002402" lon="2.9362797550857067">
        <ele>95.35</ele>
      </trkpt>
      <trkpt lat="48.678516894578934" lon="2.936109770089388">
        <ele>96.35</ele>
      </trkpt>
      <trkpt lat="48.678804729133844" lon="2.935939785093069">
        <ele>97.35</ele>
      </trkpt>
      <trkpt lat="48.679092563688755" lon="2.9357697162777185">
        <ele>98.35</ele>
      </trkpt>
      <trkpt lat="48.67937997914851" lon="2.935599982738495">
        <ele>99.31</ele>
      </trkpt>
      <trkpt lat="48.67963663302362" lon="2.935473248362541">
        <ele>100.16</ele>
      </trkpt>
      <trkpt lat="48.67989328689873" lon="2.9353465978056192">
        <ele>100.98</ele>
      </trkpt>
      <trkpt lat="48.680149940773845" lon="2.9352199472486973">
        <ele>101.8</ele>
      </trkpt>
      <trkpt lat="48.68037994019687" lon="2.9352299217134714">
        <ele>102.6</ele>
      </trkpt>
      <trkpt lat="48.68068361654878" lon="2.9353373777121305">
        <ele>103.33</ele>
      </trkpt>
      <trkpt lat="48.68098737671971" lon="2.9354449175298214">
        <ele>104.02</ele>
      </trkpt>
      <trkpt lat="48.68129113689065" lon="2.9355523735284805">
        <ele>104.62</ele>
      </trkpt>
      <trkpt lat="48.681594813242555" lon="2.9356599133461714">
        <ele>105.17</ele>
      </trkpt>
      <trkpt lat="48.68189857341349" lon="2.9357673693448305">
        <ele>105.69</ele>
      </trkpt>
      <trkpt lat="48.68220233358443" lon="2.9358749091625214">
        <ele>106.24</ele>
      </trkpt>
      <trkpt lat="48.68250600993633" lon="2.9359823651611805">
        <ele>106.71</ele>
      </trkpt>
      <trkpt lat="48.68280993774533" lon="2.936089988797903">
        <ele>107.19</ele>
      </trkpt>
      <trkpt lat="48.683086624369025" lon="2.936246646568179">
        <ele>107.58</ele>
      </trkpt>
      <trkpt lat="48.68336339481175" lon="2.936403304338455">
        <ele>107.89</ele>
      </trkpt>
      <trkpt lat="48.68363999761641" lon="2.9365599621087313">
        <ele>108.15</ele>
      </trkpt>
      <trkpt lat="48.6838199570775" lon="2.936689965426922">
        <ele>108.35</ele>
      </trkpt>
      <trkpt lat="48.684019949287176" lon="2.936929939314723">
        <ele>108.55</ele>
      </trkpt>
      <trkpt lat="48.68423997424543" lon="2.936919964849949">
        <ele>108.73</ele>
      </trkpt>
      <trkpt lat="48.68452990427613" lon="2.9370299354195595">
        <ele>108.86</ele>
      </trkpt>
      <trkpt lat="48.68481991812587" lon="2.937139989808202">
        <ele>108.87</ele>
      </trkpt>
      <trkpt lat="48.685074895620346" lon="2.937189945951104">
        <ele>108.85</ele>
      </trkpt>
      <trkpt lat="48.685329956933856" lon="2.9372399859130383">
        <ele>108.86</ele>
      </trkpt>
      <trkpt lat="48.68559985421598" lon="2.937266556546092">
        <ele>108.85</ele>
      </trkpt>
      <trkpt lat="48.685869835317135" lon="2.9372932109981775">
        <ele>108.75</ele>
      </trkpt>
      <trkpt lat="48.686139984056354" lon="2.9373199492692947">
        <ele>108.66</ele>
      </trkpt>
      <trkpt lat="48.6864448338747" lon="2.9373898543417454">
        <ele>108.54</ele>
      </trkpt>
      <trkpt lat="48.68674993515015" lon="2.9374599270522594">
        <ele>108.3</ele>
      </trkpt>
      <trkpt lat="48.68704271502793" lon="2.9375627730041742">
        <ele>108.07</ele>
      </trkpt>
      <trkpt lat="48.68733557872474" lon="2.937665618956089">
        <ele>107.79</ele>
      </trkpt>
      <trkpt lat="48.687628442421556" lon="2.937768464908004">
        <ele>107.46</ele>
      </trkpt>
      <trkpt lat="48.68792130611837" lon="2.9378713108599186">
        <ele>107.05</ele>
      </trkpt>
      <trkpt lat="48.68821416981518" lon="2.9379741568118334">
        <ele>106.62</ele>
      </trkpt>
      <trkpt lat="48.688506949692965" lon="2.938077002763748">
        <ele>106.17</ele>
      </trkpt>
      <trkpt lat="48.68879998102784" lon="2.9381799325346947">
        <ele>105.73</ele>
      </trkpt>
      <trkpt lat="48.6890749912709" lon="2.938338266685605">
        <ele>105.29</ele>
      </trkpt>
      <trkpt lat="48.68935000151396" lon="2.9384966008365154">
        <ele>104.83</ele>
      </trkpt>
      <trkpt lat="48.68962509557605" lon="2.938654934987426">
        <ele>104.41</ele>
      </trkpt>
      <trkpt lat="48.689900105819106" lon="2.938813352957368">
        <ele>103.94</ele>
      </trkpt>
      <trkpt lat="48.690175116062164" lon="2.9389716871082783">
        <ele>103.46</ele>
      </trkpt>
      <trkpt lat="48.69044995866716" lon="2.939129937440157">
        <ele>103.05</ele>
      </trkpt>
      <trkpt lat="48.690702421590686" lon="2.9392599407583475">
        <ele>102.67</ele>
      </trkpt>
      <trkpt lat="48.690954968333244" lon="2.939389944076538">
        <ele>102.31</ele>
      </trkpt>
      <trkpt lat="48.6912075150758" lon="2.9395199473947287">
        <ele>101.92</ele>
      </trkpt>
      <trkpt lat="48.69145997799933" lon="2.9396499507129192">
        <ele>101.54</ele>
      </trkpt>
      <trkpt lat="48.691461151465774" lon="2.9396505374461412">
        <ele>101.23</ele>
      </trkpt>
      <trkpt lat="48.691728534176946" lon="2.9397785291075706">
        <ele>100.9</ele>
      </trkpt>
      <trkpt lat="48.69199709035456" lon="2.939907107502222">
        <ele>100.6</ele>
      </trkpt>
      <trkpt lat="48.69226573035121" lon="2.9400356858968735">
        <ele>100.4</ele>
      </trkpt>
      <trkpt lat="48.692534286528826" lon="2.940164264291525">
        <ele>100.28</ele>
      </trkpt>
      <trkpt lat="48.69280284270644" lon="2.9402928426861763">
        <ele>100.17</ele>
      </trkpt>
      <trkpt lat="48.69307148270309" lon="2.9404214210808277">
        <ele>99.98</ele>
      </trkpt>
      <trkpt lat="48.693339955061674" lon="2.940549999475479">
        <ele>99.86</ele>
      </trkpt>
      <trkpt lat="48.69349988177419" lon="2.9406049009412527">
        <ele>99.8</ele>
      </trkpt>
      <trkpt lat="48.69365997612476" lon="2.9406599700450897">
        <ele>99.79</ele>
      </trkpt>
      <trkpt lat="48.69381998665631" lon="2.940759966149926">
        <ele>99.76</ele>
      </trkpt>
      <trkpt lat="48.69407010264695" lon="2.940995078533888">
        <ele>99.77</ele>
      </trkpt>
      <trkpt lat="48.694320218637586" lon="2.9412301909178495">
        <ele>99.9</ele>
      </trkpt>
      <trkpt lat="48.694570334628224" lon="2.941465387120843">
        <ele>100.02</ele>
      </trkpt>
      <trkpt lat="48.69481994770467" lon="2.9416999965906143">
        <ele>100.09</ele>
      </trkpt>
      <trkpt lat="48.695066794753075" lon="2.941960087046027">
        <ele>100.14</ele>
      </trkpt>
      <trkpt lat="48.69531364180148" lon="2.9422202613204718">
        <ele>100.16</ele>
      </trkpt>
      <trkpt lat="48.69555998593569" lon="2.942479932680726">
        <ele>100.28</ele>
      </trkpt>
      <trkpt lat="48.69577850215137" lon="2.9427301324903965">
        <ele>100.43</ele>
      </trkpt>
      <trkpt lat="48.69599701836705" lon="2.942980332300067">
        <ele>100.56</ele>
      </trkpt>
      <trkpt lat="48.696215534582734" lon="2.9432305321097374">
        <ele>100.63</ele>
      </trkpt>
      <trkpt lat="48.696434050798416" lon="2.943480731919408">
        <ele>100.67</ele>
      </trkpt>
      <trkpt lat="48.6966525670141" lon="2.9437309317290783">
        <ele>100.8</ele>
      </trkpt>
      <trkpt lat="48.69686999358237" lon="2.9439799580723047">
        <ele>101.03</ele>
      </trkpt>
      <trkpt lat="48.697088258340955" lon="2.9443163238465786">
        <ele>101.23</ele>
      </trkpt>
      <trkpt lat="48.69730652309954" lon="2.944652773439884">
        <ele>101.37</ele>
      </trkpt>
      <trkpt lat="48.69752478785813" lon="2.9449892230331898">
        <ele>101.49</ele>
      </trkpt>
      <trkpt lat="48.697743052616715" lon="2.9453255888074636">
        <ele>101.68</ele>
      </trkpt>
      <trkpt lat="48.697959976270795" lon="2.9456599429249763">
        <ele>101.82</ele>
      </trkpt>
      <trkpt lat="48.698076820001006" lon="2.9459605179727077">
        <ele>101.96</ele>
      </trkpt>
      <trkpt lat="48.69819366373122" lon="2.946261093020439">
        <ele>102.04</ele>
      </trkpt>
      <trkpt lat="48.69830992072821" lon="2.9465599916875362">
        <ele>102.09</ele>
      </trkpt>
      <trkpt lat="48.698426093906164" lon="2.946993000805378">
        <ele>102.12</ele>
      </trkpt>
      <trkpt lat="48.69854226708412" lon="2.9474260099232197">
        <ele>102.1</ele>
      </trkpt>
      <trkpt lat="48.69865852408111" lon="2.947859102860093">
        <ele>102.13</ele>
      </trkpt>
      <trkpt lat="48.69877469725907" lon="2.948292111977935">
        <ele>102.12</ele>
      </trkpt>
      <trkpt lat="48.69889095425606" lon="2.9487252049148083">
        <ele>102.17</ele>
      </trkpt>
      <trkpt lat="48.699007127434015" lon="2.94915821403265">
        <ele>102.2</ele>
      </trkpt>
      <trkpt lat="48.699123384431005" lon="2.9495913069695234">
        <ele>102.19</ele>
      </trkpt>
      <trkpt lat="48.69923955760896" lon="2.950024316087365">
        <ele>102.2</ele>
      </trkpt>
      <trkpt lat="48.69935581460595" lon="2.9504574090242386">
        <ele>102.16</ele>
      </trkpt>
      <trkpt lat="48.69947198778391" lon="2.9508904181420803">
        <ele>102.14</ele>
      </trkpt>
      <trkpt lat="48.6995882447809" lon="2.9513235110789537">
        <ele>102.21</ele>
      </trkpt>
      <trkpt lat="48.69970114901662" lon="2.9517447017133236">
        <ele>102.34</ele>
      </trkpt>
      <trkpt lat="48.699702490121126" lon="2.9517494793981314">
        <ele>102.44</ele>
      </trkpt>
      <trkpt lat="48.699699975550175" lon="2.951739924028516">
        <ele>102.54</ele>
      </trkpt>
      <trkpt lat="48.69974507018924" lon="2.951975539326668">
        <ele>102.69</ele>
      </trkpt>
      <trkpt lat="48.69978999719024" lon="2.9522099811583757">
        <ele>102.86</ele>
      </trkpt>
      <trkpt lat="48.699845066294074" lon="2.952646091580391">
        <ele>103.04</ele>
      </trkpt>
      <trkpt lat="48.69990021921694" lon="2.953082202002406">
        <ele>103.26</ele>
      </trkpt>
      <trkpt lat="48.69995537213981" lon="2.953518396243453">
        <ele>103.51</ele>
      </trkpt>
      <trkpt lat="48.70000993832946" lon="2.9539499804377556">
        <ele>103.7</ele>
      </trkpt>
      <trkpt lat="48.70003332383931" lon="2.9543176107108593">
        <ele>103.87</ele>
      </trkpt>
      <trkpt lat="48.700056709349155" lon="2.954685240983963">
        <ele>103.97</ele>
      </trkpt>
      <trkpt lat="48.70007992722094" lon="2.9550499375909567">
        <ele>104.12</ele>
      </trkpt>
      <trkpt lat="48.700129967182875" lon="2.9552899952977896">
        <ele>104.32</ele>
      </trkpt>
      <trkpt lat="48.70017992332578" lon="2.9553999658674">
        <ele>104.5</ele>
      </trkpt>
      <trkpt lat="48.70031998492777" lon="2.9555299691855907">
        <ele>104.67</ele>
      </trkpt>
      <trkpt lat="48.70061988942325" lon="2.9555898997932673">
        <ele>104.91</ele>
      </trkpt>
      <trkpt lat="48.70091996155679" lon="2.955649998039007">
        <ele>105.16</ele>
      </trkpt>
      <trkpt lat="48.70120997540653" lon="2.95580992475152">
        <ele>105.28</ele>
      </trkpt>
      <trkpt lat="48.70137266814709" lon="2.9561229050159454">
        <ele>105.36</ele>
      </trkpt>
      <trkpt lat="48.70153544470668" lon="2.9564358852803707">
        <ele>105.44</ele>
      </trkpt>
      <trkpt lat="48.70169822126627" lon="2.956748865544796">
        <ele>105.51</ele>
      </trkpt>
      <trkpt lat="48.70185999199748" lon="2.957059917971492">
        <ele>105.6</ele>
      </trkpt>
      <trkpt lat="48.7017897516489" lon="2.9574408754706383">
        <ele>105.66</ele>
      </trkpt>
      <trkpt lat="48.701719930395484" lon="2.957819988951087">
        <ele>105.7</ele>
      </trkpt>
      <trkpt lat="48.70166980661452" lon="2.9582109209150076">
        <ele>105.65</ele>
      </trkpt>
      <trkpt lat="48.70161968283355" lon="2.95860193669796">
        <ele>105.57</ele>
      </trkpt>
      <trkpt lat="48.701569978147745" lon="2.9589899349957705">
        <ele>105.6</ele>
      </trkpt>
      <trkpt lat="48.70162010192871" lon="2.9594210162758827">
        <ele>105.68</ele>
      </trkpt>
      <trkpt lat="48.70167022570968" lon="2.9598521813750267">
        <ele>105.7</ele>
      </trkpt>
      <trkpt lat="48.70172034949064" lon="2.960283262655139">
        <ele>105.6</ele>
      </trkpt>
      <trkpt lat="48.70177047327161" lon="2.960714427754283">
        <ele>105.53</ele>
      </trkpt>
      <trkpt lat="48.701820597052574" lon="2.961145592853427">
        <ele>105.55</ele>
      </trkpt>
      <trkpt lat="48.70187072083354" lon="2.961576674133539">
        <ele>105.58</ele>
      </trkpt>
      <trkpt lat="48.701920844614506" lon="2.962007839232683">
        <ele>105.77</ele>
      </trkpt>
      <trkpt lat="48.70196996256709" lon="2.962429951876402">
        <ele>105.86</ele>
      </trkpt>
      <trkpt lat="48.70196996256709" lon="2.962629944086075">
        <ele>105.92</ele>
      </trkpt>
      <trkpt lat="48.7022715434432" lon="2.962571606040001">
        <ele>106.11</ele>
      </trkpt>
      <trkpt lat="48.702573124319315" lon="2.962513267993927">
        <ele>106.34</ele>
      </trkpt>
      <trkpt lat="48.70287478901446" lon="2.962454929947853">
        <ele>106.51</ele>
      </trkpt>
      <trkpt lat="48.70317636989057" lon="2.962396675720811">
        <ele>106.62</ele>
      </trkpt>
      <trkpt lat="48.703478034585714" lon="2.962338337674737">
        <ele>106.75</ele>
      </trkpt>
      <trkpt lat="48.70377995073795" lon="2.962279999628663">
        <ele>106.94</ele>
      </trkpt>
      <trkpt lat="48.704022439196706" lon="2.962357448413968">
        <ele>107.17</ele>
      </trkpt>
      <trkpt lat="48.70426492765546" lon="2.962434897199273">
        <ele>107.39</ele>
      </trkpt>
      <trkpt lat="48.70450741611421" lon="2.96251242980361">
        <ele>107.63</ele>
      </trkpt>
      <trkpt lat="48.704749988391995" lon="2.9625899624079466">
        <ele>107.93</ele>
      </trkpt>
      <trkpt lat="48.704969845712185" lon="2.9625799041241407">
        <ele>108.17</ele>
      </trkpt>
      <trkpt lat="48.70518995448947" lon="2.9625699296593666">
        <ele>108.47</ele>
      </trkpt>
      <trkpt lat="48.705484326928854" lon="2.9624374117702246">
        <ele>108.79</ele>
      </trkpt>
      <trkpt lat="48.70577869936824" lon="2.9623048938810825">
        <ele>109.13</ele>
      </trkpt>
      <trkpt lat="48.70607307180762" lon="2.9621723759919405">
        <ele>109.47</ele>
      </trkpt>
      <trkpt lat="48.70636744424701" lon="2.96203994192183">
        <ele>109.84</ele>
      </trkpt>
      <trkpt lat="48.70666181668639" lon="2.961907424032688">
        <ele>110.12</ele>
      </trkpt>
      <trkpt lat="48.70695627294481" lon="2.961774906143546">
        <ele>110.33</ele>
      </trkpt>
      <trkpt lat="48.70725064538419" lon="2.961642472073436">
        <ele>110.65</ele>
      </trkpt>
      <trkpt lat="48.70754501782358" lon="2.9615099541842937">
        <ele>111.04</ele>
      </trkpt>
      <trkpt lat="48.70783939026296" lon="2.9613774362951517">
        <ele>111.39</ele>
      </trkpt>
      <trkpt lat="48.708133762702346" lon="2.9612449184060097">
        <ele>111.74</ele>
      </trkpt>
      <trkpt lat="48.70842821896076" lon="2.9611124843358994">
        <ele>112.04</ele>
      </trkpt>
      <trkpt lat="48.70872259140015" lon="2.9609799664467573">
        <ele>112.33</ele>
      </trkpt>
      <trkpt lat="48.70901696383953" lon="2.9608474485576153">
        <ele>112.63</ele>
      </trkpt>
      <trkpt lat="48.709311336278915" lon="2.9607149306684732">
        <ele>112.83</ele>
      </trkpt>
      <trkpt lat="48.7096057087183" lon="2.960582496598363">
        <ele>113.06</ele>
      </trkpt>
      <trkpt lat="48.70989999733865" lon="2.960449978709221">
        <ele>113.25</ele>
      </trkpt>
      <trkpt lat="48.7101548910141" lon="2.9603599570691586">
        <ele>113.42</ele>
      </trkpt>
      <trkpt lat="48.71040995232761" lon="2.960269935429096">
        <ele>113.51</ele>
      </trkpt>
      <trkpt lat="48.71070893481374" lon="2.960272617638111">
        <ele>113.55</ele>
      </trkpt>
      <trkpt lat="48.7110080011189" lon="2.9602753836661577">
        <ele>113.55</ele>
      </trkpt>
      <trkpt lat="48.71130698360503" lon="2.9602780658751726">
        <ele>113.58</ele>
      </trkpt>
      <trkpt lat="48.71160604991019" lon="2.9602808319032192">
        <ele>113.66</ele>
      </trkpt>
      <trkpt lat="48.71190503239632" lon="2.960283514112234">
        <ele>113.71</ele>
      </trkpt>
      <trkpt lat="48.71220409870148" lon="2.9602862801402807">
        <ele>113.74</ele>
      </trkpt>
      <trkpt lat="48.712503081187606" lon="2.9602889623492956">
        <ele>113.78</ele>
      </trkpt>
      <trkpt lat="48.712802147492766" lon="2.9602917283773422">
        <ele>113.84</ele>
      </trkpt>
      <trkpt lat="48.71310121379793" lon="2.960294410586357">
        <ele>113.81</ele>
      </trkpt>
      <trkpt lat="48.713400196284056" lon="2.9602971766144037">
        <ele>113.74</ele>
      </trkpt>
      <trkpt lat="48.71369993314147" lon="2.9602999426424503">
        <ele>113.62</ele>
      </trkpt>
      <trkpt lat="48.713864888995886" lon="2.9603348951786757">
        <ele>113.53</ele>
      </trkpt>
      <trkpt lat="48.71402992866933" lon="2.9603699315339327">
        <ele>113.41</ele>
      </trkpt>
      <trkpt lat="48.714139983057976" lon="2.9604099970310926">
        <ele>113.29</ele>
      </trkpt>
      <trkpt lat="48.71423997916281" lon="2.9603499826043844">
        <ele>113.16</ele>
      </trkpt>
      <trkpt lat="48.7143599241972" lon="2.960009928792715">
        <ele>113.06</ele>
      </trkpt>
      <trkpt lat="48.71455991640687" lon="2.959769954904914">
        <ele>112.93</ele>
      </trkpt>
      <trkpt lat="48.714759992435575" lon="2.9596399515867233">
        <ele>112.79</ele>
      </trkpt>
      <trkpt lat="48.71505495160818" lon="2.959514893591404">
        <ele>112.71</ele>
      </trkpt>
      <trkpt lat="48.71534999459982" lon="2.9593899194151163">
        <ele>112.65</ele>
      </trkpt>
      <trkpt lat="48.71563112363219" lon="2.9592175874859095">
        <ele>112.56</ele>
      </trkpt>
      <trkpt lat="48.7159123364836" lon="2.9590452555567026">
        <ele>112.36</ele>
      </trkpt>
      <trkpt lat="48.716193549335" lon="2.9588729236274958">
        <ele>112.26</ele>
      </trkpt>
      <trkpt lat="48.71647476218641" lon="2.958700591698289">
        <ele>112.16</ele>
      </trkpt>
      <trkpt lat="48.71675597503781" lon="2.958528259769082">
        <ele>111.95</ele>
      </trkpt>
      <trkpt lat="48.71703718788922" lon="2.958355927839875">
        <ele>111.8</ele>
      </trkpt>
      <trkpt lat="48.71731840074062" lon="2.9581835959106684">
        <ele>111.75</ele>
      </trkpt>
      <trkpt lat="48.71759961359203" lon="2.9580113478004932">
        <ele>111.7</ele>
      </trkpt>
      <trkpt lat="48.717880826443434" lon="2.9578390158712864">
        <ele>111.61</ele>
      </trkpt>
      <trkpt lat="48.71816203929484" lon="2.9576666839420795">
        <ele>111.48</ele>
      </trkpt>
      <trkpt lat="48.718443252146244" lon="2.9574943520128727">
        <ele>111.45</ele>
      </trkpt>
      <trkpt lat="48.71872446499765" lon="2.957322020083666">
        <ele>111.41</ele>
      </trkpt>
      <trkpt lat="48.719005677849054" lon="2.957149688154459">
        <ele>111.32</ele>
      </trkpt>
      <trkpt lat="48.71928689070046" lon="2.956977356225252">
        <ele>111.25</ele>
      </trkpt>
      <trkpt lat="48.719568103551865" lon="2.9568050242960453">
        <ele>111.21</ele>
      </trkpt>
      <trkpt lat="48.71984931640327" lon="2.9566326923668385">
        <ele>111.1</ele>
      </trkpt>
      <trkpt lat="48.720130529254675" lon="2.9564603604376316">
        <ele>111.07</ele>
      </trkpt>
      <trkpt lat="48.72041174210608" lon="2.9562880285084248">
        <ele>111.02</ele>
      </trkpt>
      <trkpt lat="48.720692954957485" lon="2.956115696579218">
        <ele>110.97</ele>
      </trkpt>
      <trkpt lat="48.72097416780889" lon="2.955943364650011">
        <ele>110.93</ele>
      </trkpt>
      <trkpt lat="48.721255380660295" lon="2.955771032720804">
        <ele>110.89</ele>
      </trkpt>
      <trkpt lat="48.7215365935117" lon="2.9555987007915974">
        <ele>110.88</ele>
      </trkpt>
      <trkpt lat="48.721817806363106" lon="2.9554263688623905">
        <ele>110.95</ele>
      </trkpt>
      <trkpt lat="48.72209901921451" lon="2.9552540369331837">
        <ele>110.99</ele>
      </trkpt>
      <trkpt lat="48.722380232065916" lon="2.955081621184945">
        <ele>111.04</ele>
      </trkpt>
      <trkpt lat="48.72265993617475" lon="2.954909959807992">
        <ele>111.07</ele>
      </trkpt>
      <trkpt lat="48.72293997555971" lon="2.9547361191362143">
        <ele>111.17</ele>
      </trkpt>
      <trkpt lat="48.72322001494467" lon="2.9545623622834682">
        <ele>111.32</ele>
      </trkpt>
      <trkpt lat="48.723500054329634" lon="2.9543886054307222">
        <ele>111.42</ele>
      </trkpt>
      <trkpt lat="48.72378017753363" lon="2.9542148485779762">
        <ele>111.53</ele>
      </trkpt>
      <trkpt lat="48.72406021691859" lon="2.9540410079061985">
        <ele>111.67</ele>
      </trkpt>
      <trkpt lat="48.72434025630355" lon="2.9538672510534525">
        <ele>111.83</ele>
      </trkpt>
      <trkpt lat="48.72462037950754" lon="2.9536934942007065">
        <ele>112.02</ele>
      </trkpt>
      <trkpt lat="48.7249004188925" lon="2.9535196535289288">
        <ele>112.11</ele>
      </trkpt>
      <trkpt lat="48.725180458277464" lon="2.9533458966761827">
        <ele>112.21</ele>
      </trkpt>
      <trkpt lat="48.72546058148146" lon="2.9531721398234367">
        <ele>112.42</ele>
      </trkpt>
      <trkpt lat="48.72574062086642" lon="2.952998299151659">
        <ele>112.59</ele>
      </trkpt>
      <trkpt lat="48.72602066025138" lon="2.952824542298913">
        <ele>112.74</ele>
      </trkpt>
      <trkpt lat="48.72630078345537" lon="2.952650785446167">
        <ele>112.94</ele>
      </trkpt>
      <trkpt lat="48.72658082284033" lon="2.9524769447743893">
        <ele>113.12</ele>
      </trkpt>
      <trkpt lat="48.726860862225294" lon="2.9523031879216433">
        <ele>113.31</ele>
      </trkpt>
      <trkpt lat="48.727139979600906" lon="2.9521299339830875">
        <ele>113.47</ele>
      </trkpt>
      <trkpt lat="48.727428736165166" lon="2.9519611224532127">
        <ele>113.69</ele>
      </trkpt>
      <trkpt lat="48.72771757654846" lon="2.951792310923338">
        <ele>113.88</ele>
      </trkpt>
      <trkpt lat="48.72800633311272" lon="2.951623583212495">
        <ele>114.12</ele>
      </trkpt>
      <trkpt lat="48.72829517349601" lon="2.95145477168262">
        <ele>114.41</ele>
      </trkpt>
      <trkpt lat="48.72858393006027" lon="2.951286043971777">
        <ele>114.6</ele>
      </trkpt>
      <trkpt lat="48.72887277044356" lon="2.951117232441902">
        <ele>114.74</ele>
      </trkpt>
      <trkpt lat="48.72916152700782" lon="2.950948504731059">
        <ele>114.97</ele>
      </trkpt>
      <trkpt lat="48.72944994829595" lon="2.9507799446582794">
        <ele>115.23</ele>
      </trkpt>
      <trkpt lat="48.72961984947324" lon="2.9507948644459248">
        <ele>115.42</ele>
      </trkpt>
      <trkpt lat="48.72978991828859" lon="2.9508099518716335">
        <ele>115.58</ele>
      </trkpt>
      <trkpt lat="48.73004992492497" lon="2.9509565513581038">
        <ele>115.66</ele>
      </trkpt>
      <trkpt lat="48.73030993156135" lon="2.9511032346636057">
        <ele>115.75</ele>
      </trkpt>
      <trkpt lat="48.73056993819773" lon="2.9512499179691076">
        <ele>115.85</ele>
      </trkpt>
      <trkpt lat="48.73075492680073" lon="2.951289899647236">
        <ele>115.98</ele>
      </trkpt>
      <trkpt lat="48.730939999222755" lon="2.951329965144396">
        <ele>116.14</ele>
      </trkpt>
      <trkpt lat="48.73124107718468" lon="2.9513028915971518">
        <ele>116.32</ele>
      </trkpt>
      <trkpt lat="48.7315421551466" lon="2.9512758180499077">
        <ele>116.47</ele>
      </trkpt>
      <trkpt lat="48.73184331692755" lon="2.9512487445026636">
        <ele>116.53</ele>
      </trkpt>
      <trkpt lat="48.732144394889474" lon="2.9512217547744513">
        <ele>116.61</ele>
      </trkpt>
      <trkpt lat="48.73244555667043" lon="2.951194681227207">
        <ele>116.77</ele>
      </trkpt>
      <trkpt lat="48.73274663463235" lon="2.951167607679963">
        <ele>116.9</ele>
      </trkpt>
      <trkpt lat="48.7330477964133" lon="2.951140534132719">
        <ele>117</ele>
      </trkpt>
      <trkpt lat="48.733348874375224" lon="2.9511135444045067">
        <ele>117.1</ele>
      </trkpt>
      <trkpt lat="48.73365003615618" lon="2.9510864708572626">
        <ele>117.19</ele>
      </trkpt>
      <trkpt lat="48.7339511141181" lon="2.9510593973100185">
        <ele>117.31</ele>
      </trkpt>
      <trkpt lat="48.73425219208002" lon="2.9510323237627745">
        <ele>117.45</ele>
      </trkpt>
      <trkpt lat="48.734553353860974" lon="2.951005334034562">
        <ele>117.53</ele>
      </trkpt>
      <trkpt lat="48.734854431822896" lon="2.950978260487318">
        <ele>117.65</ele>
      </trkpt>
      <trkpt lat="48.73515559360385" lon="2.950951186940074">
        <ele>117.62</ele>
      </trkpt>
      <trkpt lat="48.73545667156577" lon="2.95092411339283">
        <ele>117.55</ele>
      </trkpt>
      <trkpt lat="48.735757833346725" lon="2.9508971236646175">
        <ele>117.47</ele>
      </trkpt>
      <trkpt lat="48.73605991713703" lon="2.9508699662983418">
        <ele>117.42</ele>
      </trkpt>
      <trkpt lat="48.73627994209528" lon="2.9509999696165323">
        <ele>117.32</ele>
      </trkpt>
      <trkpt lat="48.73648504726589" lon="2.951210103929043">
        <ele>117.15</ele>
      </trkpt>
      <trkpt lat="48.73668998479843" lon="2.951419986784458">
        <ele>116.91</ele>
      </trkpt>
      <trkpt lat="48.736820155754685" lon="2.951670354232192">
        <ele>116.73</ele>
      </trkpt>
      <trkpt lat="48.73694999143481" lon="2.9519199673086405">
        <ele>116.54</ele>
      </trkpt>
      <trkpt lat="48.73717420734465" lon="2.9515875410288572">
        <ele>116.28</ele>
      </trkpt>
      <trkpt lat="48.73739850707352" lon="2.951255114749074">
        <ele>116.05</ele>
      </trkpt>
      <trkpt lat="48.73762280680239" lon="2.9509226884692907">
        <ele>115.83</ele>
      </trkpt>
      <trkpt lat="48.73784702271223" lon="2.9505902621895075">
        <ele>115.59</ele>
      </trkpt>
      <trkpt lat="48.738069981336594" lon="2.950259931385517">
        <ele>115.32</ele>
      </trkpt>
      <trkpt lat="48.73830836266279" lon="2.9500430915504694">
        <ele>115.07</ele>
      </trkpt>
      <trkpt lat="48.73854682780802" lon="2.9498263355344534">
        <ele>114.81</ele>
      </trkpt>
      <trkpt lat="48.73878529295325" lon="2.9496095795184374">
        <ele>114.58</ele>
      </trkpt>
      <trkpt lat="48.73902375809848" lon="2.9493927396833897">
        <ele>114.42</ele>
      </trkpt>
      <trkpt lat="48.73926222324371" lon="2.9491759836673737">
        <ele>114.28</ele>
      </trkpt>
      <trkpt lat="48.73949993401766" lon="2.948959982022643">
        <ele>114.15</ele>
      </trkpt>
      <trkpt lat="48.73973010107875" lon="2.9486729856580496">
        <ele>114.02</ele>
      </trkpt>
      <trkpt lat="48.73996035195887" lon="2.948386073112488">
        <ele>113.86</ele>
      </trkpt>
      <trkpt lat="48.74018993228674" lon="2.948099998757243">
        <ele>113.8</ele>
      </trkpt>
      <trkpt lat="48.74045329168439" lon="2.947899838909507">
        <ele>113.77</ele>
      </trkpt>
      <trkpt lat="48.74071673490107" lon="2.947699762880802">
        <ele>113.73</ele>
      </trkpt>
      <trkpt lat="48.74097992666066" lon="2.9474999383091927">
        <ele>113.65</ele>
      </trkpt>
      <trkpt lat="48.74121998436749" lon="2.947389967739582">
        <ele>113.67</ele>
      </trkpt>
      <trkpt lat="48.7415268458426" lon="2.9472891334444284">
        <ele>113.77</ele>
      </trkpt>
      <trkpt lat="48.74183379113674" lon="2.947188299149275">
        <ele>113.93</ele>
      </trkpt>
      <trkpt lat="48.74214073643088" lon="2.947087464854121">
        <ele>114.06</ele>
      </trkpt>
      <trkpt lat="48.74244759790599" lon="2.9469867143779993">
        <ele>114.2</ele>
      </trkpt>
      <trkpt lat="48.742754543200135" lon="2.9468858800828457">
        <ele>114.42</ele>
      </trkpt>
      <trkpt lat="48.74306148849428" lon="2.946785045787692">
        <ele>114.72</ele>
      </trkpt>
      <trkpt lat="48.74336843378842" lon="2.94668429531157">
        <ele>114.99</ele>
      </trkpt>
      <trkpt lat="48.74367529526353" lon="2.9465834610164165">
        <ele>115.22</ele>
      </trkpt>
      <trkpt lat="48.74398224055767" lon="2.946482626721263">
        <ele>115.48</ele>
      </trkpt>
      <trkpt lat="48.74428918585181" lon="2.946381876245141">
        <ele>115.82</ele>
      </trkpt>
      <trkpt lat="48.744596131145954" lon="2.9462810419499874">
        <ele>116.23</ele>
      </trkpt>
      <trkpt lat="48.744902992621064" lon="2.946180207654834">
        <ele>116.62</ele>
      </trkpt>
      <trkpt lat="48.745209937915206" lon="2.94607937335968">
        <ele>116.98</ele>
      </trkpt>
      <trkpt lat="48.74551688320935" lon="2.9459786228835583">
        <ele>117.38</ele>
      </trkpt>
      <trkpt lat="48.74582382850349" lon="2.9458777885884047">
        <ele>117.82</ele>
      </trkpt>
      <trkpt lat="48.7461306899786" lon="2.945776954293251">
        <ele>118.39</ele>
      </trkpt>
      <trkpt lat="48.74643763527274" lon="2.9456761199980974">
        <ele>118.91</ele>
      </trkpt>
      <trkpt lat="48.74674458056688" lon="2.945575285702944">
        <ele>119.27</ele>
      </trkpt>
      <trkpt lat="48.747051525861025" lon="2.945474535226822">
        <ele>119.64</ele>
      </trkpt>
      <trkpt lat="48.747358387336135" lon="2.9453737009316683">
        <ele>120.07</ele>
      </trkpt>
      <trkpt lat="48.74766533263028" lon="2.9452728666365147">
        <ele>120.34</ele>
      </trkpt>
      <trkpt lat="48.74797227792442" lon="2.945172032341361">
        <ele>120.63</ele>
      </trkpt>
      <trkpt lat="48.74827922321856" lon="2.9450711980462074">
        <ele>120.91</ele>
      </trkpt>
      <trkpt lat="48.74858608469367" lon="2.9449704475700855">
        <ele>121.16</ele>
      </trkpt>
      <trkpt lat="48.74889302998781" lon="2.944869613274932">
        <ele>121.36</ele>
      </trkpt>
      <trkpt lat="48.749199975281954" lon="2.9447687789797783">
        <ele>121.51</ele>
      </trkpt>
      <trkpt lat="48.749506920576096" lon="2.9446679446846247">
        <ele>121.65</ele>
      </trkpt>
      <trkpt lat="48.749813782051206" lon="2.944567110389471">
        <ele>121.82</ele>
      </trkpt>
      <trkpt lat="48.75012072734535" lon="2.9444662760943174">
        <ele>121.87</ele>
      </trkpt>
      <trkpt lat="48.75042767263949" lon="2.944365441799164">
        <ele>121.89</ele>
      </trkpt>
      <trkpt lat="48.75073461793363" lon="2.944264691323042">
        <ele>121.78</ele>
      </trkpt>
      <trkpt lat="48.75104147940874" lon="2.9441638570278883">
        <ele>121.61</ele>
      </trkpt>
      <trkpt lat="48.75134842470288" lon="2.9440630227327347">
        <ele>121.45</ele>
      </trkpt>
      <trkpt lat="48.751655369997025" lon="2.943962188437581">
        <ele>121.33</ele>
      </trkpt>
      <trkpt lat="48.751962315291166" lon="2.9438613541424274">
        <ele>121.19</ele>
      </trkpt>
      <trkpt lat="48.75226993113756" lon="2.943759933114052">
        <ele>120.97</ele>
      </trkpt>
      <trkpt lat="48.752489956095815" lon="2.9439699836075306">
        <ele>120.72</ele>
      </trkpt>
      <trkpt lat="48.75269992277026" lon="2.944029998034239">
        <ele>120.4</ele>
      </trkpt>
      <trkpt lat="48.75286990776658" lon="2.9439299181103706">
        <ele>120.05</ele>
      </trkpt>
      <trkpt lat="48.75303997658193" lon="2.943829922005534">
        <ele>119.71</ele>
      </trkpt>
      <trkpt lat="48.75327995046973" lon="2.943529933691025">
        <ele>119.32</ele>
      </trkpt>
      <trkpt lat="48.75348991714418" lon="2.94336992315948">
        <ele>118.94</ele>
      </trkpt>
      <trkpt lat="48.753791246563196" lon="2.9432708490639925">
        <ele>118.55</ele>
      </trkpt>
      <trkpt lat="48.754092659801245" lon="2.9431718587875366">
        <ele>118.3</ele>
      </trkpt>
      <trkpt lat="48.75439407303929" lon="2.9430728685110807">
        <ele>118.14</ele>
      </trkpt>
      <trkpt lat="48.75469540245831" lon="2.942973878234625">
        <ele>117.94</ele>
      </trkpt>
      <trkpt lat="48.75499681569636" lon="2.942874887958169">
        <ele>117.67</ele>
      </trkpt>
      <trkpt lat="48.75529822893441" lon="2.942775897681713">
        <ele>117.41</ele>
      </trkpt>
      <trkpt lat="48.755599558353424" lon="2.9426769074052572">
        <ele>117.22</ele>
      </trkpt>
      <trkpt lat="48.75590097159147" lon="2.9425779171288013">
        <ele>117.07</ele>
      </trkpt>
      <trkpt lat="48.75620238482952" lon="2.9424789268523455">
        <ele>116.85</ele>
      </trkpt>
      <trkpt lat="48.75650396570563" lon="2.942379852756858">
        <ele>116.69</ele>
      </trkpt>
      <trkpt lat="48.756804540753365" lon="2.942281113937497">
        <ele>116.56</ele>
      </trkpt>
      <trkpt lat="48.75710519962013" lon="2.9421823751181364">
        <ele>116.4</ele>
      </trkpt>
      <trkpt lat="48.75740585848689" lon="2.9420836362987757">
        <ele>116.32</ele>
      </trkpt>
      <trkpt lat="48.75770643353462" lon="2.941984897479415">
        <ele>116.24</ele>
      </trkpt>
      <trkpt lat="48.758007092401385" lon="2.941886242479086">
        <ele>116.15</ele>
      </trkpt>
      <trkpt lat="48.75830775126815" lon="2.941787503659725">
        <ele>116.13</ele>
      </trkpt>
      <trkpt lat="48.75860832631588" lon="2.9416887648403645">
        <ele>116.15</ele>
      </trkpt>
      <trkpt lat="48.75890898518264" lon="2.9415900260210037">
        <ele>116.22</ele>
      </trkpt>
      <trkpt lat="48.759209644049406" lon="2.941491287201643">
        <ele>116.33</ele>
      </trkpt>
      <trkpt lat="48.75951021909714" lon="2.941392632201314">
        <ele>116.45</ele>
      </trkpt>
      <trkpt lat="48.7598108779639" lon="2.9412938933819532">
        <ele>116.61</ele>
      </trkpt>
      <trkpt lat="48.760111536830664" lon="2.9411951545625925">
        <ele>116.89</ele>
      </trkpt>
      <trkpt lat="48.760412111878395" lon="2.9410964157432318">
        <ele>117.12</ele>
      </trkpt>
      <trkpt lat="48.76071277074516" lon="2.940997676923871">
        <ele>117.38</ele>
      </trkpt>
      <trkpt lat="48.76101342961192" lon="2.940899021923542">
        <ele>117.6</ele>
      </trkpt>
      <trkpt lat="48.761314088478684" lon="2.9408002831041813">
        <ele>117.85</ele>
      </trkpt>
      <trkpt lat="48.761614663526416" lon="2.9407015442848206">
        <ele>118.11</ele>
      </trkpt>
      <trkpt lat="48.76191532239318" lon="2.94060280546546">
        <ele>118.33</ele>
      </trkpt>
      <trkpt lat="48.76221598125994" lon="2.940504066646099">
        <ele>118.53</ele>
      </trkpt>
      <trkpt lat="48.76251655630767" lon="2.9404053278267384">
        <ele>118.77</ele>
      </trkpt>
      <trkpt lat="48.76281721517444" lon="2.9403065890073776">
        <ele>119.02</ele>
      </trkpt>
      <trkpt lat="48.7631178740412" lon="2.940207850188017">
        <ele>119.21</ele>
      </trkpt>
      <trkpt lat="48.76341844908893" lon="2.940109111368656">
        <ele>119.41</ele>
      </trkpt>
      <trkpt lat="48.763719107955694" lon="2.940010456368327">
        <ele>119.64</ele>
      </trkpt>
      <trkpt lat="48.76401976682246" lon="2.9399117175489664">
        <ele>119.85</ele>
      </trkpt>
      <trkpt lat="48.76432034187019" lon="2.9398129787296057">
        <ele>120</ele>
      </trkpt>
      <trkpt lat="48.76462100073695" lon="2.939714239910245">
        <ele>120.11</ele>
      </trkpt>
      <trkpt lat="48.764921659603715" lon="2.939615501090884">
        <ele>120.31</ele>
      </trkpt>
      <trkpt lat="48.76522231847048" lon="2.9395167622715235">
        <ele>120.48</ele>
      </trkpt>
      <trkpt lat="48.76552289351821" lon="2.9394180234521627">
        <ele>120.6</ele>
      </trkpt>
      <trkpt lat="48.76582355238497" lon="2.939319284632802">
        <ele>120.71</ele>
      </trkpt>
      <trkpt lat="48.766124211251736" lon="2.9392205458134413">
        <ele>120.84</ele>
      </trkpt>
      <trkpt lat="48.76642478629947" lon="2.9391218069940805">
        <ele>120.94</ele>
      </trkpt>
      <trkpt lat="48.76672544516623" lon="2.93902306817472">
        <ele>121.09</ele>
      </trkpt>
      <trkpt lat="48.76702610403299" lon="2.938924329355359">
        <ele>121.17</ele>
      </trkpt>
      <trkpt lat="48.767326679080725" lon="2.9388255905359983">
        <ele>121.21</ele>
      </trkpt>
      <trkpt lat="48.76762733794749" lon="2.9387268517166376">
        <ele>121.27</ele>
      </trkpt>
      <trkpt lat="48.76792799681425" lon="2.938628112897277">
        <ele>121.37</ele>
      </trkpt>
      <trkpt lat="48.76822857186198" lon="2.938529374077916">
        <ele>121.46</ele>
      </trkpt>
      <trkpt lat="48.76852998510003" lon="2.9384299647063017">
        <ele>121.52</ele>
      </trkpt>
      <trkpt lat="48.76883550547063" lon="2.9383284598588943">
        <ele>121.59</ele>
      </trkpt>
      <trkpt lat="48.769141025841236" lon="2.9382270388305187">
        <ele>121.66</ele>
      </trkpt>
      <trkpt lat="48.76944654621184" lon="2.9381255339831114">
        <ele>121.72</ele>
      </trkpt>
      <trkpt lat="48.76975206658244" lon="2.9380241129547358">
        <ele>121.81</ele>
      </trkpt>
      <trkpt lat="48.770057670772076" lon="2.9379226081073284">
        <ele>121.89</ele>
      </trkpt>
      <trkpt lat="48.77036319114268" lon="2.937821187078953">
        <ele>121.98</ele>
      </trkpt>
      <trkpt lat="48.77066871151328" lon="2.9377196822315454">
        <ele>122.04</ele>
      </trkpt>
      <trkpt lat="48.77097423188388" lon="2.937618177384138">
        <ele>122.14</ele>
      </trkpt>
      <trkpt lat="48.771279752254486" lon="2.9375167563557625">
        <ele>122.21</ele>
      </trkpt>
      <trkpt lat="48.77158535644412" lon="2.937415251508355">
        <ele>122.34</ele>
      </trkpt>
      <trkpt lat="48.77189087681472" lon="2.9373138304799795">
        <ele>122.57</ele>
      </trkpt>
      <trkpt lat="48.772196397185326" lon="2.937212325632572">
        <ele>122.77</ele>
      </trkpt>
      <trkpt lat="48.77250191755593" lon="2.9371109046041965">
        <ele>122.96</ele>
      </trkpt>
      <trkpt lat="48.77280743792653" lon="2.937009399756789">
        <ele>123.21</ele>
      </trkpt>
      <trkpt lat="48.773113042116165" lon="2.9369079787284136">
        <ele>123.48</ele>
      </trkpt>
      <trkpt lat="48.77341856248677" lon="2.9368064738810062">
        <ele>123.81</ele>
      </trkpt>
      <trkpt lat="48.77372408285737" lon="2.936704969033599">
        <ele>124.09</ele>
      </trkpt>
      <trkpt lat="48.77402960322797" lon="2.9366035480052233">
        <ele>124.35</ele>
      </trkpt>
      <trkpt lat="48.774335123598576" lon="2.936502043157816">
        <ele>124.52</ele>
      </trkpt>
      <trkpt lat="48.77464072778821" lon="2.9364006221294403">
        <ele>124.69</ele>
      </trkpt>
      <trkpt lat="48.77494624815881" lon="2.936299117282033">
        <ele>124.83</ele>
      </trkpt>
      <trkpt lat="48.775251768529415" lon="2.9361976124346256">
        <ele>124.99</ele>
      </trkpt>
      <trkpt lat="48.77555728890002" lon="2.93609619140625">
        <ele>125.15</ele>
      </trkpt>
      <trkpt lat="48.77586289308965" lon="2.9359946865588427">
        <ele>125.4</ele>
      </trkpt>
      <trkpt lat="48.776168413460255" lon="2.9358931817114353">
        <ele>125.63</ele>
      </trkpt>
      <trkpt lat="48.77647393383086" lon="2.9357917606830597">
        <ele>125.86</ele>
      </trkpt>
      <trkpt lat="48.77677995711565" lon="2.9356899205595255">
        <ele>126.02</ele>
      </trkpt>
      <trkpt lat="48.77702487632632" lon="2.9356998950242996">
        <ele>126.2</ele>
      </trkpt>
      <trkpt lat="48.77726996317506" lon="2.9357099533081055">
        <ele>126.36</ele>
      </trkpt>
      <trkpt lat="48.77755880355835" lon="2.9357620887458324">
        <ele>126.45</ele>
      </trkpt>
      <trkpt lat="48.77784764394164" lon="2.935814308002591">
        <ele>126.5</ele>
      </trkpt>
      <trkpt lat="48.77813648432493" lon="2.93586652725935">
        <ele>126.59</ele>
      </trkpt>
      <trkpt lat="48.77842532470822" lon="2.9359187465161085">
        <ele>126.65</ele>
      </trkpt>
      <trkpt lat="48.778714165091515" lon="2.935970965772867">
        <ele>126.65</ele>
      </trkpt>
      <trkpt lat="48.779003005474806" lon="2.936023185029626">
        <ele>126.63</ele>
      </trkpt>
      <trkpt lat="48.7792918458581" lon="2.9360754042863846">
        <ele>126.58</ele>
      </trkpt>
      <trkpt lat="48.77958068624139" lon="2.9361276235431433">
        <ele>126.53</ele>
      </trkpt>
      <trkpt lat="48.77986994571984" lon="2.9361799266189337">
        <ele>126.49</ele>
      </trkpt>
      <trkpt lat="48.78013489767909" lon="2.9362182319164276">
        <ele>126.39</ele>
      </trkpt>
      <trkpt lat="48.78039984963834" lon="2.9362565372139215">
        <ele>126.24</ele>
      </trkpt>
      <trkpt lat="48.780664801597595" lon="2.9362948425114155">
        <ele>126.06</ele>
      </trkpt>
      <trkpt lat="48.78092975355685" lon="2.936333231627941">
        <ele>125.94</ele>
      </trkpt>
      <trkpt lat="48.7811947055161" lon="2.936371536925435">
        <ele>125.83</ele>
      </trkpt>
      <trkpt lat="48.78145999275148" lon="2.9364099260419607">
        <ele>125.79</ele>
      </trkpt>
      <trkpt lat="48.7817681953311" lon="2.936367429792881">
        <ele>125.82</ele>
      </trkpt>
      <trkpt lat="48.782076481729746" lon="2.9363249335438013">
        <ele>125.85</ele>
      </trkpt>
      <trkpt lat="48.782384768128395" lon="2.9362824372947216">
        <ele>125.94</ele>
      </trkpt>
      <trkpt lat="48.782693054527044" lon="2.936239941045642">
        <ele>126.02</ele>
      </trkpt>
      <trkpt lat="48.78300134092569" lon="2.936197444796562">
        <ele>126.14</ele>
      </trkpt>
      <trkpt lat="48.78330962732434" lon="2.9361549485474825">
        <ele>126.32</ele>
      </trkpt>
      <trkpt lat="48.78331080079079" lon="2.9361546970903873">
        <ele>126.5</ele>
      </trkpt>
      <trkpt lat="48.78361791372299" lon="2.9361125361174345">
        <ele>126.73</ele>
      </trkpt>
      <trkpt lat="48.78392620012164" lon="2.936070039868355">
        <ele>127.01</ele>
      </trkpt>
      <trkpt lat="48.78423448652029" lon="2.936027543619275">
        <ele>127.33</ele>
      </trkpt>
      <trkpt lat="48.78454277291894" lon="2.9359850473701954">
        <ele>127.69</ele>
      </trkpt>
      <trkpt lat="48.78485105931759" lon="2.9359425511211157">
        <ele>128.08</ele>
      </trkpt>
      <trkpt lat="48.78515934571624" lon="2.935900054872036">
        <ele>128.44</ele>
      </trkpt>
      <trkpt lat="48.78546763211489" lon="2.9358575586229563">
        <ele>128.84</ele>
      </trkpt>
      <trkpt lat="48.78577591851354" lon="2.9358151461929083">
        <ele>129.27</ele>
      </trkpt>
      <trkpt lat="48.786084204912186" lon="2.9357726499438286">
        <ele>129.7</ele>
      </trkpt>
      <trkpt lat="48.786392491310835" lon="2.935730153694749">
        <ele>130.16</ele>
      </trkpt>
      <trkpt lat="48.786700777709484" lon="2.935687657445669">
        <ele>130.6</ele>
      </trkpt>
      <trkpt lat="48.78700906410813" lon="2.9356451611965895">
        <ele>131.03</ele>
      </trkpt>
      <trkpt lat="48.78731735050678" lon="2.9356026649475098">
        <ele>131.49</ele>
      </trkpt>
      <trkpt lat="48.78762563690543" lon="2.93556016869843">
        <ele>131.93</ele>
      </trkpt>
      <trkpt lat="48.78793392330408" lon="2.9355176724493504">
        <ele>132.39</ele>
      </trkpt>
      <trkpt lat="48.78824220970273" lon="2.9354751762002707">
        <ele>132.9</ele>
      </trkpt>
      <trkpt lat="48.78855049610138" lon="2.935432679951191">
        <ele>133.41</ele>
      </trkpt>
      <trkpt lat="48.78885878250003" lon="2.935390267521143">
        <ele>133.89</ele>
      </trkpt>
      <trkpt lat="48.78916706889868" lon="2.9353477712720633">
        <ele>134.29</ele>
      </trkpt>
      <trkpt lat="48.789475271478295" lon="2.9353052750229836">
        <ele>134.68</ele>
      </trkpt>
      <trkpt lat="48.789783557876945" lon="2.935262778773904">
        <ele>135.04</ele>
      </trkpt>
      <trkpt lat="48.790091844275594" lon="2.935220282524824">
        <ele>135.44</ele>
      </trkpt>
      <trkpt lat="48.79040013067424" lon="2.9351777862757444">
        <ele>135.8</ele>
      </trkpt>
      <trkpt lat="48.79070841707289" lon="2.9351352900266647">
        <ele>136.03</ele>
      </trkpt>
      <trkpt lat="48.79101670347154" lon="2.935092793777585">
        <ele>136.27</ele>
      </trkpt>
      <trkpt lat="48.79132498987019" lon="2.9350502975285053">
        <ele>136.59</ele>
      </trkpt>
      <trkpt lat="48.79163327626884" lon="2.9350078012794256">
        <ele>136.83</ele>
      </trkpt>
      <trkpt lat="48.79194156266749" lon="2.934965305030346">
        <ele>137.05</ele>
      </trkpt>
      <trkpt lat="48.79224984906614" lon="2.934922808781266">
        <ele>137.22</ele>
      </trkpt>
      <trkpt lat="48.792559979483485" lon="2.9348799772560596">
        <ele>137.35</ele>
      </trkpt>
      <trkpt lat="48.79285083152354" lon="2.93478325009346">
        <ele>137.39</ele>
      </trkpt>
      <trkpt lat="48.79314168356359" lon="2.9346866067498922">
        <ele>137.35</ele>
      </trkpt>
      <trkpt lat="48.79343253560364" lon="2.9345899634063244">
        <ele>137.4</ele>
      </trkpt>
      <trkpt lat="48.793723387643695" lon="2.9344933200627565">
        <ele>137.49</ele>
      </trkpt>
      <trkpt lat="48.79401423968375" lon="2.9343966767191887">
        <ele>137.5</ele>
      </trkpt>
      <trkpt lat="48.7943050917238" lon="2.934300033375621">
        <ele>137.51</ele>
      </trkpt>
      <trkpt lat="48.79459594376385" lon="2.9342033062130213">
        <ele>137.51</ele>
      </trkpt>
      <trkpt lat="48.794886795803905" lon="2.9341066628694534">
        <ele>137.48</ele>
      </trkpt>
      <trkpt lat="48.79517764784396" lon="2.9340100195258856">
        <ele>137.46</ele>
      </trkpt>
      <trkpt lat="48.79546849988401" lon="2.9339133761823177">
        <ele>137.39</ele>
      </trkpt>
      <trkpt lat="48.79575935192406" lon="2.93381673283875">
        <ele>137.4</ele>
      </trkpt>
      <trkpt lat="48.796050203964114" lon="2.933720089495182">
        <ele>137.34</ele>
      </trkpt>
      <trkpt lat="48.79634105600417" lon="2.9336233623325825">
        <ele>137.3</ele>
      </trkpt>
      <trkpt lat="48.79663190804422" lon="2.9335267189890146">
        <ele>137.34</ele>
      </trkpt>
      <trkpt lat="48.79692276008427" lon="2.9334300756454468">
        <ele>137.39</ele>
      </trkpt>
      <trkpt lat="48.797213612124324" lon="2.933333432301879">
        <ele>137.46</ele>
      </trkpt>
      <trkpt lat="48.7975047994405" lon="2.9332366213202477">
        <ele>137.48</ele>
      </trkpt>
      <trkpt lat="48.79780763760209" lon="2.9331359546631575">
        <ele>137.5</ele>
      </trkpt>
      <trkpt lat="48.79811055958271" lon="2.9330352880060673">
        <ele>137.59</ele>
      </trkpt>
      <trkpt lat="48.7984133977443" lon="2.932934621348977">
        <ele>137.64</ele>
      </trkpt>
      <trkpt lat="48.79871631972492" lon="2.932833954691887">
        <ele>137.64</ele>
      </trkpt>
      <trkpt lat="48.79901924170554" lon="2.9327332880347967">
        <ele>137.69</ele>
      </trkpt>
      <trkpt lat="48.799322079867125" lon="2.9326326213777065">
        <ele>137.73</ele>
      </trkpt>
      <trkpt lat="48.799625001847744" lon="2.932532038539648">
        <ele>137.73</ele>
      </trkpt>
      <trkpt lat="48.79992792382836" lon="2.932431371882558">
        <ele>137.77</ele>
      </trkpt>
      <trkpt lat="48.80023076198995" lon="2.9323307052254677">
        <ele>137.82</ele>
      </trkpt>
      <trkpt lat="48.80053368397057" lon="2.9322300385683775">
        <ele>137.87</ele>
      </trkpt>
      <trkpt lat="48.80083652213216" lon="2.9321293719112873">
        <ele>137.89</ele>
      </trkpt>
      <trkpt lat="48.80113944411278" lon="2.932028705254197">
        <ele>137.9</ele>
      </trkpt>
      <trkpt lat="48.8014423660934" lon="2.931928038597107">
        <ele>137.82</ele>
      </trkpt>
      <trkpt lat="48.801745204254985" lon="2.9318273719400167">
        <ele>137.81</ele>
      </trkpt>
      <trkpt lat="48.802048126235604" lon="2.9317267052829266">
        <ele>137.73</ele>
      </trkpt>
      <trkpt lat="48.80235129967332" lon="2.9316259548068047">
        <ele>137.64</ele>
      </trkpt>
      <trkpt lat="48.80236797966063" lon="2.931620506569743">
        <ele>137.47</ele>
      </trkpt>
      <trkpt lat="48.80236999131739" lon="2.931619919836521">
        <ele>137.25</ele>
      </trkpt>
      <trkpt lat="48.80267433822155" lon="2.9315143078565598">
        <ele>137</ele>
      </trkpt>
      <trkpt lat="48.80297876894474" lon="2.93140877969563">
        <ele>136.68</ele>
      </trkpt>
      <trkpt lat="48.80328319966793" lon="2.9313032515347004">
        <ele>136.26</ele>
      </trkpt>
      <trkpt lat="48.80358763039112" lon="2.9311977233737707">
        <ele>135.7</ele>
      </trkpt>
      <trkpt lat="48.80389206111431" lon="2.931092195212841">
        <ele>135.13</ele>
      </trkpt>
      <trkpt lat="48.8041964918375" lon="2.9309866670519114">
        <ele>134.51</ele>
      </trkpt>
      <trkpt lat="48.80450092256069" lon="2.9308811388909817">
        <ele>133.77</ele>
      </trkpt>
      <trkpt lat="48.80480535328388" lon="2.9307755269110203">
        <ele>132.94</ele>
      </trkpt>
      <trkpt lat="48.805109951645136" lon="2.9306699987500906">
        <ele>132.04</ele>
      </trkpt>
      <trkpt lat="48.80531991831958" lon="2.9305648896843195">
        <ele>131.11</ele>
      </trkpt>
      <trkpt lat="48.80552996881306" lon="2.930459948256612">
        <ele>130.05</ele>
      </trkpt>
      <trkpt lat="48.80577757023275" lon="2.9302373249083757">
        <ele>128.92</ele>
      </trkpt>
      <trkpt lat="48.806025171652436" lon="2.9300147015601397">
        <ele>127.69</ele>
      </trkpt>
      <trkpt lat="48.806272856891155" lon="2.9297920782119036">
        <ele>126.45</ele>
      </trkpt>
      <trkpt lat="48.80651995539665" lon="2.929569957777858">
        <ele>125.19</ele>
      </trkpt>
      <trkpt lat="48.80677686072886" lon="2.929320428520441">
        <ele>123.79</ele>
      </trkpt>
      <trkpt lat="48.8070338498801" lon="2.929070983082056">
        <ele>122.44</ele>
      </trkpt>
      <trkpt lat="48.80729075521231" lon="2.9288214538246393">
        <ele>120.94</ele>
      </trkpt>
      <trkpt lat="48.807547744363546" lon="2.9285720083862543">
        <ele>119.27</ele>
      </trkpt>
      <trkpt lat="48.807804649695754" lon="2.9283225629478693">
        <ele>117.6</ele>
      </trkpt>
      <trkpt lat="48.80806163884699" lon="2.9280730336904526">
        <ele>116</ele>
      </trkpt>
      <trkpt lat="48.8083185441792" lon="2.9278235882520676">
        <ele>114.41</ele>
      </trkpt>
      <trkpt lat="48.80857553333044" lon="2.927574058994651">
        <ele>112.79</ele>
      </trkpt>
      <trkpt lat="48.80883243866265" lon="2.927324613556266">
        <ele>111.18</ele>
      </trkpt>
      <trkpt lat="48.80908942781389" lon="2.927075084298849">
        <ele>109.7</ele>
      </trkpt>
      <trkpt lat="48.809346333146095" lon="2.926825638860464">
        <ele>108.24</ele>
      </trkpt>
      <trkpt lat="48.809603322297335" lon="2.9265761096030474">
        <ele>106.73</ele>
      </trkpt>
      <trkpt lat="48.80986022762954" lon="2.9263266641646624">
        <ele>105.21</ele>
      </trkpt>
      <trkpt lat="48.81011721678078" lon="2.9260771349072456">
        <ele>103.66</ele>
      </trkpt>
      <trkpt lat="48.81037412211299" lon="2.925827605649829">
        <ele>102.22</ele>
      </trkpt>
      <trkpt lat="48.81063111126423" lon="2.925578160211444">
        <ele>100.8</ele>
      </trkpt>
      <trkpt lat="48.81088801659644" lon="2.925328630954027">
        <ele>99.38</ele>
      </trkpt>
      <trkpt lat="48.811145005747676" lon="2.925079185515642">
        <ele>98.02</ele>
      </trkpt>
      <trkpt lat="48.811401911079884" lon="2.9248296562582254">
        <ele>96.68</ele>
      </trkpt>
      <trkpt lat="48.81165890023112" lon="2.9245801270008087">
        <ele>95.36</ele>
      </trkpt>
      <trkpt lat="48.81191580556333" lon="2.9243306815624237">
        <ele>94.13</ele>
      </trkpt>
      <trkpt lat="48.81217279471457" lon="2.924081152305007">
        <ele>92.88</ele>
      </trkpt>
      <trkpt lat="48.81242970004678" lon="2.9238316230475903">
        <ele>91.65</ele>
      </trkpt>
      <trkpt lat="48.81268668919802" lon="2.9235821776092052">
        <ele>90.5</ele>
      </trkpt>
      <trkpt lat="48.81294367834926" lon="2.9233326483517885">
        <ele>89.27</ele>
      </trkpt>
      <trkpt lat="48.813200583681464" lon="2.923083119094372">
        <ele>87.95</ele>
      </trkpt>
      <trkpt lat="48.813457572832704" lon="2.922833589836955">
        <ele>86.59</ele>
      </trkpt>
      <trkpt lat="48.81371447816491" lon="2.92258414439857">
        <ele>85.21</ele>
      </trkpt>
      <trkpt lat="48.81397146731615" lon="2.9223346151411533">
        <ele>83.81</ele>
      </trkpt>
      <trkpt lat="48.81422837264836" lon="2.9220850858837366">
        <ele>82.4</ele>
      </trkpt>
      <trkpt lat="48.81447999738157" lon="2.921839999035001">
        <ele>80.98</ele>
      </trkpt>
      <trkpt lat="48.81465509533882" lon="2.921609664335847">
        <ele>79.62</ele>
      </trkpt>
      <trkpt lat="48.81482994183898" lon="2.921379916369915">
        <ele>78.16</ele>
      </trkpt>
      <trkpt lat="48.814998250454664" lon="2.92099317535758">
        <ele>76.71</ele>
      </trkpt>
      <trkpt lat="48.81516655907035" lon="2.920606518164277">
        <ele>75.22</ele>
      </trkpt>
      <trkpt lat="48.81533486768603" lon="2.9202197771519423">
        <ele>73.74</ele>
      </trkpt>
      <trkpt lat="48.81550317630172" lon="2.919833119958639">
        <ele>72.33</ele>
      </trkpt>
      <trkpt lat="48.81566997617483" lon="2.919449983164668">
        <ele>71.02</ele>
      </trkpt>
      <trkpt lat="48.815835267305374" lon="2.919048825278878">
        <ele>69.68</ele>
      </trkpt>
      <trkpt lat="48.81600055843592" lon="2.9186476673930883">
        <ele>68.39</ele>
      </trkpt>
      <trkpt lat="48.81616593338549" lon="2.9182465095072985">
        <ele>67.16</ele>
      </trkpt>
      <trkpt lat="48.816331224516034" lon="2.9178453516215086">
        <ele>65.94</ele>
      </trkpt>
      <trkpt lat="48.81649659946561" lon="2.9174441937357187">
        <ele>64.79</ele>
      </trkpt>
      <trkpt lat="48.81666189059615" lon="2.917043035849929">
        <ele>63.67</ele>
      </trkpt>
      <trkpt lat="48.816827181726694" lon="2.916641877964139">
        <ele>62.63</ele>
      </trkpt>
      <trkpt lat="48.81699255667627" lon="2.916240720078349">
        <ele>61.62</ele>
      </trkpt>
      <trkpt lat="48.81715784780681" lon="2.9158395621925592">
        <ele>60.69</ele>
      </trkpt>
      <trkpt lat="48.817323222756386" lon="2.9154384043067694">
        <ele>59.82</ele>
      </trkpt>
      <trkpt lat="48.81748851388693" lon="2.9150372464209795">
        <ele>58.98</ele>
      </trkpt>
      <trkpt lat="48.81765380501747" lon="2.9146360885351896">
        <ele>58.21</ele>
      </trkpt>
      <trkpt lat="48.817819179967046" lon="2.9142349306493998">
        <ele>57.59</ele>
      </trkpt>
      <trkpt lat="48.81798447109759" lon="2.91383377276361">
        <ele>57.01</ele>
      </trkpt>
      <trkpt lat="48.81814984604716" lon="2.91343261487782">
        <ele>56.42</ele>
      </trkpt>
      <trkpt lat="48.818315137177706" lon="2.91303145699203">
        <ele>55.88</ele>
      </trkpt>
      <trkpt lat="48.81848051212728" lon="2.9126302991062403">
        <ele>55.4</ele>
      </trkpt>
      <trkpt lat="48.81864580325782" lon="2.9122291412204504">
        <ele>55.07</ele>
      </trkpt>
      <trkpt lat="48.818811094388366" lon="2.9118279833346605">
        <ele>54.82</ele>
      </trkpt>
      <trkpt lat="48.81897646933794" lon="2.9114268254488707">
        <ele>54.64</ele>
      </trkpt>
      <trkpt lat="48.81914176046848" lon="2.911025667563081">
        <ele>54.57</ele>
      </trkpt>
      <trkpt lat="48.81930713541806" lon="2.910624425858259">
        <ele>54.5</ele>
      </trkpt>
      <trkpt lat="48.8194724265486" lon="2.9102232679724693">
        <ele>54.4</ele>
      </trkpt>
      <trkpt lat="48.81962992250919" lon="2.909839963540435">
        <ele>54.26</ele>
      </trkpt>
      <trkpt lat="48.81972011178732" lon="2.9094339441508055">
        <ele>54.25</ele>
      </trkpt>
      <trkpt lat="48.81980996578932" lon="2.9090299364179373">
        <ele>54.35</ele>
      </trkpt>
      <trkpt lat="48.81985003128648" lon="2.9086101707071066">
        <ele>54.55</ele>
      </trkpt>
      <trkpt lat="48.81989009678364" lon="2.9081904888153076">
        <ele>54.84</ele>
      </trkpt>
      <trkpt lat="48.81993024609983" lon="2.9077708069235086">
        <ele>55.19</ele>
      </trkpt>
      <trkpt lat="48.81997031159699" lon="2.9073511250317097">
        <ele>55.62</ele>
      </trkpt>
      <trkpt lat="48.82001046091318" lon="2.9069314431399107">
        <ele>56.12</ele>
      </trkpt>
      <trkpt lat="48.82005052641034" lon="2.9065117612481117">
        <ele>56.59</ele>
      </trkpt>
      <trkpt lat="48.82008992135525" lon="2.906099958345294">
        <ele>57.09</ele>
      </trkpt>
      <trkpt lat="48.820149935781956" lon="2.9057899955660105">
        <ele>57.66</ele>
      </trkpt>
      <trkpt lat="48.82024993188679" lon="2.9055099561810493">
        <ele>58.31</ele>
      </trkpt>
      <trkpt lat="48.82038513198495" lon="2.9052895959466696">
        <ele>58.94</ele>
      </trkpt>
      <trkpt lat="48.82051999680698" lon="2.9050699900835752">
        <ele>59.52</ele>
      </trkpt>
      <trkpt lat="48.8207571208477" lon="2.9048277530819178">
        <ele>59.98</ele>
      </trkpt>
      <trkpt lat="48.82099432870746" lon="2.904585599899292">
        <ele>60.41</ele>
      </trkpt>
      <trkpt lat="48.82123145274818" lon="2.904343446716666">
        <ele>60.87</ele>
      </trkpt>
      <trkpt lat="48.821468660607934" lon="2.9041012935340405">
        <ele>61.35</ele>
      </trkpt>
      <trkpt lat="48.82170578464866" lon="2.9038591403514147">
        <ele>61.86</ele>
      </trkpt>
      <trkpt lat="48.82194299250841" lon="2.903616903349757">
        <ele>62.33</ele>
      </trkpt>
      <trkpt lat="48.822180116549134" lon="2.9033747501671314">
        <ele>62.74</ele>
      </trkpt>
      <trkpt lat="48.82241732440889" lon="2.9031325969845057">
        <ele>63.21</ele>
      </trkpt>
      <trkpt lat="48.82265453226864" lon="2.90289044380188">
        <ele>63.65</ele>
      </trkpt>
      <trkpt lat="48.82288997992873" lon="2.9026499669998884">
        <ele>63.99</ele>
      </trkpt>
      <trkpt lat="48.823089972138405" lon="2.902549970895052">
        <ele>64.23</ele>
      </trkpt>
      <trkpt lat="48.823329862207174" lon="2.9024899564683437">
        <ele>64.42</ele>
      </trkpt>
      <trkpt lat="48.82356991991401" lon="2.9024299420416355">
        <ele>64.55</ele>
      </trkpt>
      <trkpt lat="48.82387979887426" lon="2.9024099092930555">
        <ele>64.73</ele>
      </trkpt>
      <trkpt lat="48.824189929291606" lon="2.9023899603635073">
        <ele>64.87</ele>
      </trkpt>
      <trkpt lat="48.82434507831931" lon="2.902219807729125">
        <ele>65.02</ele>
      </trkpt>
      <trkpt lat="48.82449997588992" lon="2.9020499903708696">
        <ele>65.22</ele>
      </trkpt>
      <trkpt lat="48.824720000848174" lon="2.9018998704850674">
        <ele>65.25</ele>
      </trkpt>
      <trkpt lat="48.824939941987395" lon="2.9017499182373285">
        <ele>65.35</ele>
      </trkpt>
      <trkpt lat="48.82517321035266" lon="2.901723263785243">
        <ele>65.13</ele>
      </trkpt>
      <trkpt lat="48.825406562536955" lon="2.9016966093331575">
        <ele>64.84</ele>
      </trkpt>
      <trkpt lat="48.82563999854028" lon="2.901669954881072">
        <ele>64.54</ele>
      </trkpt>
      <trkpt lat="48.825907884165645" lon="2.901679929345846">
        <ele>64.08</ele>
      </trkpt>
      <trkpt lat="48.82617585361004" lon="2.9016899038106203">
        <ele>63.61</ele>
      </trkpt>
      <trkpt lat="48.8264437392354" lon="2.901699962094426">
        <ele>63.26</ele>
      </trkpt>
      <trkpt lat="48.826711708679795" lon="2.9017099365592003">
        <ele>62.91</ele>
      </trkpt>
      <trkpt lat="48.826979929581285" lon="2.901719994843006">
        <ele>62.41</ele>
      </trkpt>
      <trkpt lat="48.827275559306145" lon="2.9016571305692196">
        <ele>61.98</ele>
      </trkpt>
      <trkpt lat="48.82757127285004" lon="2.901594266295433">
        <ele>61.6</ele>
      </trkpt>
      <trkpt lat="48.8278669025749" lon="2.9015314020216465">
        <ele>61.04</ele>
      </trkpt>
      <trkpt lat="48.82816261611879" lon="2.90146853774786">
        <ele>60.51</ele>
      </trkpt>
      <trkpt lat="48.82845824584365" lon="2.9014056734740734">
        <ele>60.06</ele>
      </trkpt>
      <trkpt lat="48.82875395938754" lon="2.901342809200287">
        <ele>59.6</ele>
      </trkpt>
      <trkpt lat="48.82904992438853" lon="2.9012799449265003">
        <ele>59.05</ele>
      </trkpt>
      <trkpt lat="48.82928998209536" lon="2.9012899193912745">
        <ele>58.5</ele>
      </trkpt>
      <trkpt lat="48.829559879377484" lon="2.901354879140854">
        <ele>58.02</ele>
      </trkpt>
      <trkpt lat="48.82982994429767" lon="2.901419922709465">
        <ele>57.58</ele>
      </trkpt>
      <trkpt lat="48.83010067977011" lon="2.9015956073999405">
        <ele>57.13</ele>
      </trkpt>
      <trkpt lat="48.830371499061584" lon="2.9017713759094477">
        <ele>56.68</ele>
      </trkpt>
      <trkpt lat="48.83064231835306" lon="2.901947144418955">
        <ele>56.37</ele>
      </trkpt>
      <trkpt lat="48.8309130538255" lon="2.902122912928462">
        <ele>56.1</ele>
      </trkpt>
      <trkpt lat="48.83118387311697" lon="2.9022985976189375">
        <ele>55.75</ele>
      </trkpt>
      <trkpt lat="48.83145469240844" lon="2.9024743661284447">
        <ele>55.47</ele>
      </trkpt>
      <trkpt lat="48.83172542788088" lon="2.902650134637952">
        <ele>55.16</ele>
      </trkpt>
      <trkpt lat="48.831996247172356" lon="2.902825903147459">
        <ele>54.78</ele>
      </trkpt>
      <trkpt lat="48.83226706646383" lon="2.903001671656966">
        <ele>54.43</ele>
      </trkpt>
      <trkpt lat="48.83253780193627" lon="2.9031774401664734">
        <ele>54.16</ele>
      </trkpt>
      <trkpt lat="48.83280862122774" lon="2.9033532086759806">
        <ele>53.86</ele>
      </trkpt>
      <trkpt lat="48.833079440519214" lon="2.903528893366456">
        <ele>53.58</ele>
      </trkpt>
      <trkpt lat="48.833350175991654" lon="2.903704661875963">
        <ele>53.38</ele>
      </trkpt>
      <trkpt lat="48.833619989454746" lon="2.90387992747128">
        <ele>50.27</ele>
      </trkpt>
      <trkpt lat="48.83388661779463" lon="2.9040287900716066">
        <ele>52.99</ele>
      </trkpt>
      <trkpt lat="48.83415332995355" lon="2.904177736490965">
        <ele>52.82</ele>
      </trkpt>
      <trkpt lat="48.83442004211247" lon="2.9043265990912914">
        <ele>52.68</ele>
      </trkpt>
      <trkpt lat="48.83468675427139" lon="2.9044755455106497">
        <ele>52.61</ele>
      </trkpt>
      <trkpt lat="48.834953466430306" lon="2.904624408110976">
        <ele>52.6</ele>
      </trkpt>
      <trkpt lat="48.835220178589225" lon="2.9047733545303345">
        <ele>52.57</ele>
      </trkpt>
      <trkpt lat="48.83548689074814" lon="2.9049223009496927">
        <ele>52.51</ele>
      </trkpt>
      <trkpt lat="48.83575360290706" lon="2.9050711635500193">
        <ele>52.46</ele>
      </trkpt>
      <trkpt lat="48.83601997978985" lon="2.905219942331314">
        <ele>50.11</ele>
      </trkpt>
      <trkpt lat="48.836323572322726" lon="2.9052904341369867">
        <ele>52.48</ele>
      </trkpt>
      <trkpt lat="48.83662724867463" lon="2.9053609259426594">
        <ele>52.48</ele>
      </trkpt>
      <trkpt lat="48.836930925026536" lon="2.905431417748332">
        <ele>52.51</ele>
      </trkpt>
      <trkpt lat="48.83723451755941" lon="2.9055019095540047">
        <ele>52.55</ele>
      </trkpt>
      <trkpt lat="48.837538193911314" lon="2.905572485178709">
        <ele>52.56</ele>
      </trkpt>
      <trkpt lat="48.83784187026322" lon="2.9056429769843817">
        <ele>52.6</ele>
      </trkpt>
      <trkpt lat="48.83814546279609" lon="2.9057134687900543">
        <ele>52.71</ele>
      </trkpt>
      <trkpt lat="48.838449139148" lon="2.9057840444147587">
        <ele>52.84</ele>
      </trkpt>
      <trkpt lat="48.8387528154999" lon="2.9058545362204313">
        <ele>52.95</ele>
      </trkpt>
      <trkpt lat="48.83905649185181" lon="2.905925028026104">
        <ele>53.01</ele>
      </trkpt>
      <trkpt lat="48.83936008438468" lon="2.9059955198317766">
        <ele>53</ele>
      </trkpt>
      <trkpt lat="48.839663760736585" lon="2.906066095456481">
        <ele>53.03</ele>
      </trkpt>
      <trkpt lat="48.83996743708849" lon="2.9061365872621536">
        <ele>53.09</ele>
      </trkpt>
      <trkpt lat="48.84027102962136" lon="2.9062070790678263">
        <ele>53.14</ele>
      </trkpt>
      <trkpt lat="48.84057470597327" lon="2.9062776546925306">
        <ele>53.2</ele>
      </trkpt>
      <trkpt lat="48.84087838232517" lon="2.9063481464982033">
        <ele>53.26</ele>
      </trkpt>
      <trkpt lat="48.84118205867708" lon="2.906418638303876">
        <ele>53.36</ele>
      </trkpt>
      <trkpt lat="48.84148565120995" lon="2.9064892139285803">
        <ele>53.49</ele>
      </trkpt>
      <trkpt lat="48.84178999811411" lon="2.906559957191348">
        <ele>53.74</ele>
      </trkpt>
      <trkpt lat="48.8419699575752" lon="2.9066349752247334">
        <ele>53.52</ele>
      </trkpt>
      <trkpt lat="48.842149917036295" lon="2.9067099932581186">
        <ele>53.51</ele>
      </trkpt>
      <trkpt lat="48.84235493838787" lon="2.906839996576309">
        <ele>53.48</ele>
      </trkpt>
      <trkpt lat="48.84255995973945" lon="2.9069699998945">
        <ele>53.51</ele>
      </trkpt>
      <trkpt lat="48.84280504658818" lon="2.9072051122784615">
        <ele>53.58</ele>
      </trkpt>
      <trkpt lat="48.843049965798855" lon="2.907439973205328">
        <ele>53.64</ele>
      </trkpt>
      <trkpt lat="48.84325725026429" lon="2.9077073559165">
        <ele>53.61</ele>
      </trkpt>
      <trkpt lat="48.84346461854875" lon="2.907974738627672">
        <ele>53.6</ele>
      </trkpt>
      <trkpt lat="48.843671986833215" lon="2.908242205157876">
        <ele>53.57</ele>
      </trkpt>
      <trkpt lat="48.84387935511768" lon="2.908509587869048">
        <ele>53.56</ele>
      </trkpt>
      <trkpt lat="48.84408672340214" lon="2.908777054399252">
        <ele>53.6</ele>
      </trkpt>
      <trkpt lat="48.844294091686606" lon="2.909044437110424">
        <ele>53.69</ele>
      </trkpt>
      <trkpt lat="48.8444999512285" lon="2.9093099758028984">
        <ele>53.92</ele>
      </trkpt>
      <trkpt lat="48.84468016214669" lon="2.9096003249287605">
        <ele>54.14</ele>
      </trkpt>
      <trkpt lat="48.84486045688391" lon="2.9098906740546227">
        <ele>54.36</ele>
      </trkpt>
      <trkpt lat="48.84503999724984" lon="2.9101799335330725">
        <ele>54.66</ele>
      </trkpt>
      <trkpt lat="48.84522523730993" lon="2.9105104319751263">
        <ele>55</ele>
      </trkpt>
      <trkpt lat="48.845410477370024" lon="2.91084093041718">
        <ele>55.36</ele>
      </trkpt>
      <trkpt lat="48.84559580124915" lon="2.911171428859234">
        <ele>55.76</ele>
      </trkpt>
      <trkpt lat="48.84578104130924" lon="2.9115019273012877">
        <ele>56.16</ele>
      </trkpt>
      <trkpt lat="48.84596628136933" lon="2.9118324257433414">
        <ele>56.67</ele>
      </trkpt>
      <trkpt lat="48.84614992886782" lon="2.912159990519285">
        <ele>57.24</ele>
      </trkpt>
      <trkpt lat="48.846285212785006" lon="2.9125307220965624">
        <ele>57.69</ele>
      </trkpt>
      <trkpt lat="48.846419993788004" lon="2.9128999449312687">
        <ele>58.15</ele>
      </trkpt>
      <trkpt lat="48.84649015031755" lon="2.913243267685175">
        <ele>58.65</ele>
      </trkpt>
      <trkpt lat="48.846560306847095" lon="2.913586590439081">
        <ele>59.22</ele>
      </trkpt>
      <trkpt lat="48.84663046337664" lon="2.913929997012019">
        <ele>59.77</ele>
      </trkpt>
      <trkpt lat="48.84669994935393" lon="2.914269967004657">
        <ele>60.19</ele>
      </trkpt>
      <trkpt lat="48.84676298126578" lon="2.9146924149245024">
        <ele>60.94</ele>
      </trkpt>
      <trkpt lat="48.84682601317763" lon="2.9151149466633797">
        <ele>61.57</ele>
      </trkpt>
      <trkpt lat="48.84688904508948" lon="2.915537478402257">
        <ele>62.23</ele>
      </trkpt>
      <trkpt lat="48.84695207700133" lon="2.9159600101411343">
        <ele>62.94</ele>
      </trkpt>
      <trkpt lat="48.84701510891318" lon="2.9163825418800116">
        <ele>63.65</ele>
      </trkpt>
      <trkpt lat="48.84707814082503" lon="2.916805073618889">
        <ele>64.43</ele>
      </trkpt>
      <trkpt lat="48.84713999927044" lon="2.91721997782588">
        <ele>65</ele>
      </trkpt>
      <trkpt lat="48.84724519215524" lon="2.9175556730479">
        <ele>65.96</ele>
      </trkpt>
      <trkpt lat="48.847349965944886" lon="2.917889943346381">
        <ele>66.64</ele>
      </trkpt>
      <trkpt lat="48.84747267700732" lon="2.918203007429838">
        <ele>67.52</ele>
      </trkpt>
      <trkpt lat="48.84759538806975" lon="2.918516155332327">
        <ele>68.19</ele>
      </trkpt>
      <trkpt lat="48.84771818295121" lon="2.918829219415784">
        <ele>68.74</ele>
      </trkpt>
      <trkpt lat="48.847839972004294" lon="2.919139936566353">
        <ele>69.33</ele>
      </trkpt>
      <trkpt lat="48.84793996810913" lon="2.9193099215626717">
        <ele>69.87</ele>
      </trkpt>
      <trkpt lat="48.84819008409977" lon="2.9195199720561504">
        <ele>70.38</ele>
      </trkpt>
      <trkpt lat="48.84843994863331" lon="2.9197299387305975">
        <ele>70.87</ele>
      </trkpt>
      <trkpt lat="48.84866760112345" lon="2.9199625365436077">
        <ele>71.14</ele>
      </trkpt>
      <trkpt lat="48.84889525361359" lon="2.9201952181756496">
        <ele>71.39</ele>
      </trkpt>
      <trkpt lat="48.84912290610373" lon="2.9204279836267233">
        <ele>71.55</ele>
      </trkpt>
      <trkpt lat="48.84934997186065" lon="2.9206599947065115">
        <ele>71.76</ele>
      </trkpt>
      <trkpt lat="48.84961165487766" lon="2.9208449833095074">
        <ele>71.54</ele>
      </trkpt>
      <trkpt lat="48.84987342171371" lon="2.921030055731535">
        <ele>71.37</ele>
      </trkpt>
      <trkpt lat="48.85013518854976" lon="2.9212151281535625">
        <ele>71.05</ele>
      </trkpt>
      <trkpt lat="48.850396955385804" lon="2.9214001167565584">
        <ele>70.64</ele>
      </trkpt>
      <trkpt lat="48.85065872222185" lon="2.921585189178586">
        <ele>70.15</ele>
      </trkpt>
      <trkpt lat="48.85091998614371" lon="2.9217699263244867">
        <ele>69.75</ele>
      </trkpt>
      <trkpt lat="48.851184602826834" lon="2.921945359557867">
        <ele>68.82</ele>
      </trkpt>
      <trkpt lat="48.85144921950996" lon="2.922120876610279">
        <ele>68.02</ele>
      </trkpt>
      <trkpt lat="48.851713836193085" lon="2.922296393662691">
        <ele>67.18</ele>
      </trkpt>
      <trkpt lat="48.85197845287621" lon="2.922471910715103">
        <ele>66.27</ele>
      </trkpt>
      <trkpt lat="48.852243069559336" lon="2.9226473439484835">
        <ele>65.3</ele>
      </trkpt>
      <trkpt lat="48.85250768624246" lon="2.9228228610008955">
        <ele>64.3</ele>
      </trkpt>
      <trkpt lat="48.85277230292559" lon="2.9229983780533075">
        <ele>63.31</ele>
      </trkpt>
      <trkpt lat="48.85303691960871" lon="2.9231738951057196">
        <ele>62.35</ele>
      </trkpt>
      <trkpt lat="48.85330153629184" lon="2.9233494121581316">
        <ele>61.33</ele>
      </trkpt>
      <trkpt lat="48.85356615297496" lon="2.9235249292105436">
        <ele>60.3</ele>
      </trkpt>
      <trkpt lat="48.85382993146777" lon="2.9236999433487654">
        <ele>59.43</ele>
      </trkpt>
      <trkpt lat="48.854124806821346" lon="2.9236649069935083">
        <ele>58.34</ele>
      </trkpt>
      <trkpt lat="48.854419933632016" lon="2.923629954457283">
        <ele>57.3</ele>
      </trkpt>
      <trkpt lat="48.854589918628335" lon="2.9234899766743183">
        <ele>56.34</ele>
      </trkpt>
      <trkpt lat="48.85473685339093" lon="2.923122514039278">
        <ele>55.42</ele>
      </trkpt>
      <trkpt lat="48.85488378815353" lon="2.9227551352232695">
        <ele>54.68</ele>
      </trkpt>
      <trkpt lat="48.85502996854484" lon="2.9223899357020855">
        <ele>53.96</ele>
      </trkpt>
      <trkpt lat="48.85508503764868" lon="2.9219737742096186">
        <ele>53.23</ele>
      </trkpt>
      <trkpt lat="48.85513993911445" lon="2.9215599596500397">
        <ele>52.55</ele>
      </trkpt>
      <trkpt lat="48.85514572262764" lon="2.9211111925542355">
        <ele>51.98</ele>
      </trkpt>
      <trkpt lat="48.85515158995986" lon="2.9206624254584312">
        <ele>51.48</ele>
      </trkpt>
      <trkpt lat="48.85515745729208" lon="2.9202137421816587">
        <ele>51.05</ele>
      </trkpt>
      <trkpt lat="48.8551633246243" lon="2.9197649750858545">
        <ele>50.7</ele>
      </trkpt>
      <trkpt lat="48.85516919195652" lon="2.919316291809082">
        <ele>50.38</ele>
      </trkpt>
      <trkpt lat="48.85517505928874" lon="2.918867524713278">
        <ele>50.07</ele>
      </trkpt>
      <trkpt lat="48.85518092662096" lon="2.9184188414365053">
        <ele>49.85</ele>
      </trkpt>
      <trkpt lat="48.85518679395318" lon="2.917970074340701">
        <ele>49.79</ele>
      </trkpt>
      <trkpt lat="48.85519257746637" lon="2.9175213910639286">
        <ele>49.82</ele>
      </trkpt>
      <trkpt lat="48.85519844479859" lon="2.9170726239681244">
        <ele>49.89</ele>
      </trkpt>
      <trkpt lat="48.85520431213081" lon="2.91662385687232">
        <ele>49.95</ele>
      </trkpt>
      <trkpt lat="48.855209928005934" lon="2.9161899257451296">
        <ele>49.99</ele>
      </trkpt>
      <trkpt lat="48.85512166656554" lon="2.915739733725786">
        <ele>50.18</ele>
      </trkpt>
      <trkpt lat="48.85503348894417" lon="2.9152896255254745">
        <ele>50.36</ele>
      </trkpt>
      <trkpt lat="48.85494522750378" lon="2.914839517325163">
        <ele>50.57</ele>
      </trkpt>
      <trkpt lat="48.85485704988241" lon="2.9143894091248512">
        <ele>50.96</ele>
      </trkpt>
      <trkpt lat="48.85476887226105" lon="2.913939217105508">
        <ele>51.26</ele>
      </trkpt>
      <trkpt lat="48.85468061082065" lon="2.913489108905196">
        <ele>51.5</ele>
      </trkpt>
      <trkpt lat="48.85459243319929" lon="2.9130390007048845">
        <ele>51.74</ele>
      </trkpt>
      <trkpt lat="48.85450425557792" lon="2.912588892504573">
        <ele>52.06</ele>
      </trkpt>
      <trkpt lat="48.854415994137526" lon="2.912138784304261">
        <ele>52.37</ele>
      </trkpt>
      <trkpt lat="48.854329995810986" lon="2.911699991673231">
        <ele>52.88</ele>
      </trkpt>
      <trkpt lat="48.85438506491482" lon="2.9113364685326815">
        <ele>52.55</ele>
      </trkpt>
      <trkpt lat="48.85444021783769" lon="2.9109730292111635">
        <ele>52.62</ele>
      </trkpt>
      <trkpt lat="48.85449537076056" lon="2.9106095898896456">
        <ele>52.75</ele>
      </trkpt>
      <trkpt lat="48.85454993695021" lon="2.910249922424555">
        <ele>52.96</ele>
      </trkpt>
      <trkpt lat="48.85470994748175" lon="2.909929985180497">
        <ele>52.9</ele>
      </trkpt>
      <trkpt lat="48.854849925264716" lon="2.909849938005209">
        <ele>52.81</ele>
      </trkpt>
      <trkpt lat="48.85500993579626" lon="2.909879945218563">
        <ele>52.83</ele>
      </trkpt>
      <trkpt lat="48.85525485500693" lon="2.909854967147112">
        <ele>52.84</ele>
      </trkpt>
      <trkpt lat="48.85549994185567" lon="2.9098299890756607">
        <ele>52.74</ele>
      </trkpt>
      <trkpt lat="48.855599937960505" lon="2.9099599923938513">
        <ele>52.76</ele>
      </trkpt>
      <trkpt lat="48.8557399995625" lon="2.910359976813197">
        <ele>52.74</ele>
      </trkpt>
      <trkpt lat="48.855923395603895" lon="2.9105701111257076">
        <ele>53.14</ele>
      </trkpt>
      <trkpt lat="48.85610687546432" lon="2.91078032925725">
        <ele>53.21</ele>
      </trkpt>
      <trkpt lat="48.85628993622959" lon="2.91098996065557">
        <ele>52.54</ele>
      </trkpt>
      <trkpt lat="48.85638012550771" lon="2.9114009253680706">
        <ele>53.29</ele>
      </trkpt>
      <trkpt lat="48.85647031478584" lon="2.911811890080571">
        <ele>53.34</ele>
      </trkpt>
      <trkpt lat="48.856560587882996" lon="2.9122229386121035">
        <ele>53.37</ele>
      </trkpt>
      <trkpt lat="48.856649938970804" lon="2.9126299638301134">
        <ele>53.38</ele>
      </trkpt>
      <trkpt lat="48.85673996061087" lon="2.9128399305045605">
        <ele>53.35</ele>
      </trkpt>
      <trkpt lat="48.85691011324525" lon="2.913040090352297">
        <ele>53.31</ele>
      </trkpt>
      <trkpt lat="48.85708026587963" lon="2.913240334019065">
        <ele>53.31</ele>
      </trkpt>
      <trkpt lat="48.857249999418855" lon="2.913439990952611">
        <ele>53.37</ele>
      </trkpt>
      <trkpt lat="48.85736994445324" lon="2.9135099798440933">
        <ele>53.35</ele>
      </trkpt>
      <trkpt lat="48.857596507295966" lon="2.9135432559996843">
        <ele>53.33</ele>
      </trkpt>
      <trkpt lat="48.857823153957725" lon="2.913576615974307">
        <ele>53.33</ele>
      </trkpt>
      <trkpt lat="48.858049968257546" lon="2.91360997594893">
        <ele>53.24</ele>
      </trkpt>
      <trkpt lat="48.858029851689935" lon="2.9131464567035437">
        <ele>53.23</ele>
      </trkpt>
      <trkpt lat="48.858009818941355" lon="2.9126829374581575">
        <ele>53.09</ele>
      </trkpt>
      <trkpt lat="48.857989786192775" lon="2.912219502031803">
        <ele>52.97</ele>
      </trkpt>
      <trkpt lat="48.857969753444195" lon="2.911755982786417">
        <ele>52.87</ele>
      </trkpt>
      <trkpt lat="48.85794963687658" lon="2.911292463541031">
        <ele>52.82</ele>
      </trkpt>
      <trkpt lat="48.857929604128" lon="2.9108290281146765">
        <ele>52.77</ele>
      </trkpt>
      <trkpt lat="48.85790957137942" lon="2.9103655088692904">
        <ele>52.76</ele>
      </trkpt>
      <trkpt lat="48.85788953863084" lon="2.9099019896239042">
        <ele>52.64</ele>
      </trkpt>
      <trkpt lat="48.85786992497742" lon="2.909449953585863">
        <ele>52.49</ele>
      </trkpt>
      <trkpt lat="48.85782977566123" lon="2.9090990033000708">
        <ele>52.27</ele>
      </trkpt>
      <trkpt lat="48.85778971016407" lon="2.9087480530142784">
        <ele>52.1</ele>
      </trkpt>
      <trkpt lat="48.85774997994304" lon="2.9083999525755644">
        <ele>51.9</ele>
      </trkpt>
      <trkpt lat="48.85768996551633" lon="2.908159978687763">
        <ele>51.84</ele>
      </trkpt>
      <trkpt lat="48.85779993608594" lon="2.907889997586608">
        <ele>51.64</ele>
      </trkpt>
      <trkpt lat="48.85796514339745" lon="2.907594535499811">
        <ele>51.69</ele>
      </trkpt>
      <trkpt lat="48.8581299316138" lon="2.9072999954223633">
        <ele>51.44</ele>
      </trkpt>
      <trkpt lat="48.858239986002445" lon="2.907229922711849">
        <ele>51.23</ele>
      </trkpt>
      <trkpt lat="48.85824996046722" lon="2.9070799704641104">
        <ele>51.07</ele>
      </trkpt>
      <trkpt lat="48.85807611979544" lon="2.9069609474390745">
        <ele>51.01</ele>
      </trkpt>
    </trkseg>
  </trk>
</gpx>
