<?xml version="1.0" encoding="UTF-8"?>
<gpx creator="Garmin Connect" version="1.1" xsi:schemaLocation="http://www.topografix.com/GPX/1/1 http://www.topografix.com/GPX/11.xsd" xmlns:ns3="http://www.garmin.com/xmlschemas/TrackPointExtension/v1" xmlns="http://www.topografix.com/GPX/1/1" xmlns:xsi="http://www.w3.org/2001/XMLSchema-instance" xmlns:ns2="http://www.garmin.com/xmlschemas/GpxExtensions/v3">
	<metadata>
		<name>110-G3-88 km-D 1029 m-Vendrest</name>
		<link href="connect.garmin.com">
			<text>Garmin Connect</text>
		</link>
		<time>2023-12-25T08:00:00</time>
	</metadata>
	<trk>
		<name>110-G3-88 km-D 1029 m-Vendrest</name>
		<desc>undefined</desc>
		<trkseg>
			<trkpt lat="48.85822892189026" lon="2.9071067925542593">
				<ele>50.13</ele>
				<time>2023-12-25T08:00:00</time>
			</trkpt>
			<trkpt lat="48.85822900570929" lon="2.907106876373291">
				<ele>49.62</ele>
				<time>2023-12-25T08:00:00</time>
			</trkpt>
			<trkpt lat="48.8582181930542" lon="2.907181978225708">
				<ele>49.51</ele>
				<time>2023-12-25T08:00:01</time>
			</trkpt>
			<trkpt lat="48.85823965072632" lon="2.907235622406006">
				<ele>49.4</ele>
				<time>2023-12-25T08:00:02</time>
			</trkpt>
			<trkpt lat="48.85828256607056" lon="2.907257080078125">
				<ele>49.27</ele>
				<time>2023-12-25T08:00:02</time>
			</trkpt>
			<trkpt lat="48.858314752578735" lon="2.907235622406006">
				<ele>49.13</ele>
				<time>2023-12-25T08:00:03</time>
			</trkpt>
			<trkpt lat="48.85836839675903" lon="2.9072463512420654">
				<ele>49.03</ele>
				<time>2023-12-25T08:00:04</time>
			</trkpt>
			<trkpt lat="48.85842204093933" lon="2.907235622406006">
				<ele>48.98</ele>
				<time>2023-12-25T08:00:05</time>
			</trkpt>
			<trkpt lat="48.85850787162781" lon="2.907235622406006">
				<ele>48.99</ele>
				<time>2023-12-25T08:00:06</time>
			</trkpt>
			<trkpt lat="48.85850795544684" lon="2.907235622406006">
				<ele>49.07</ele>
				<time>2023-12-25T08:00:06</time>
			</trkpt>
			<trkpt lat="48.858851278200746" lon="2.907181978225708">
				<ele>49.22</ele>
				<time>2023-12-25T08:00:12</time>
			</trkpt>
			<trkpt lat="48.859098041430116" lon="2.9071390628814697">
				<ele>49.55</ele>
				<time>2023-12-25T08:00:17</time>
			</trkpt>
			<trkpt lat="48.85919460095465" lon="2.9071176052093506">
				<ele>49.95</ele>
				<time>2023-12-25T08:00:18</time>
			</trkpt>
			<trkpt lat="48.859398448839784" lon="2.9070746898651123">
				<ele>50.48</ele>
				<time>2023-12-25T08:00:22</time>
			</trkpt>
			<trkpt lat="48.859591484069824" lon="2.9070425033569336">
				<ele>51.14</ele>
				<time>2023-12-25T08:00:25</time>
			</trkpt>
			<trkpt lat="48.859591567888856" lon="2.9070425033569336">
				<ele>51.84</ele>
				<time>2023-12-25T08:00:25</time>
			</trkpt>
			<trkpt lat="48.85966666974127" lon="2.9070210456848145">
				<ele>52.67</ele>
				<time>2023-12-25T08:00:27</time>
			</trkpt>
			<trkpt lat="48.8597309589386" lon="2.907010316848755">
				<ele>53.61</ele>
				<time>2023-12-25T08:00:28</time>
			</trkpt>
			<trkpt lat="48.85994553565979" lon="2.9069244861602783">
				<ele>54.67</ele>
				<time>2023-12-25T08:00:32</time>
			</trkpt>
			<trkpt lat="48.86017092503607" lon="2.906785011291504">
				<ele>55.83</ele>
				<time>2023-12-25T08:00:36</time>
			</trkpt>
			<trkpt lat="48.86049279011786" lon="2.9065918922424316">
				<ele>57.15</ele>
				<time>2023-12-25T08:00:42</time>
			</trkpt>
			<trkpt lat="48.86119016446173" lon="2.9061734676361084">
				<ele>59.09</ele>
				<time>2023-12-25T08:00:55</time>
			</trkpt>
			<trkpt lat="48.86173725128174" lon="2.905830144882202">
				<ele>61.05</ele>
				<time>2023-12-25T08:01:05</time>
			</trkpt>
			<trkpt lat="48.86197328567505" lon="2.905658483505249">
				<ele>62.97</ele>
				<time>2023-12-25T08:01:10</time>
			</trkpt>
			<trkpt lat="48.86220940388739" lon="2.9054439067840576">
				<ele>64.91</ele>
				<time>2023-12-25T08:01:15</time>
			</trkpt>
			<trkpt lat="48.86243462562561" lon="2.9051756858825684">
				<ele>66.86</ele>
				<time>2023-12-25T08:01:20</time>
			</trkpt>
			<trkpt lat="48.86272438801825" lon="2.904714345932007">
				<ele>68.87</ele>
				<time>2023-12-25T08:01:27</time>
			</trkpt>
			<trkpt lat="48.86288523674011" lon="2.9044032096862793">
				<ele>70.91</ele>
				<time>2023-12-25T08:01:31</time>
			</trkpt>
			<trkpt lat="48.863035440444946" lon="2.904038429260254">
				<ele>73.01</ele>
				<time>2023-12-25T08:01:36</time>
			</trkpt>
			<trkpt lat="48.86319637298584" lon="2.9035985469818115">
				<ele>75.12</ele>
				<time>2023-12-25T08:01:42</time>
			</trkpt>
			<trkpt lat="48.863314390182495" lon="2.9033946990966797">
				<ele>77.13</ele>
				<time>2023-12-25T08:01:45</time>
			</trkpt>
			<trkpt lat="48.86348605155945" lon="2.9032444953918457">
				<ele>79.18</ele>
				<time>2023-12-25T08:01:49</time>
			</trkpt>
			<trkpt lat="48.8636040687561" lon="2.903212308883667">
				<ele>81.14</ele>
				<time>2023-12-25T08:01:51</time>
			</trkpt>
			<trkpt lat="48.86377581395209" lon="2.903233766555786">
				<ele>83.14</ele>
				<time>2023-12-25T08:01:54</time>
			</trkpt>
			<trkpt lat="48.86386156082153" lon="2.903265953063965">
				<ele>85.04</ele>
				<time>2023-12-25T08:01:55</time>
			</trkpt>
			<trkpt lat="48.86394739151001" lon="2.903341054916382">
				<ele>86.91</ele>
				<time>2023-12-25T08:01:57</time>
			</trkpt>
			<trkpt lat="48.864033222198486" lon="2.903459072113037">
				<ele>88.74</ele>
				<time>2023-12-25T08:01:59</time>
			</trkpt>
			<trkpt lat="48.864097595214844" lon="2.9035985469818115">
				<ele>90.51</ele>
				<time>2023-12-25T08:02:01</time>
			</trkpt>
			<trkpt lat="48.86424779891968" lon="2.904038429260254">
				<ele>92.32</ele>
				<time>2023-12-25T08:02:07</time>
			</trkpt>
			<trkpt lat="48.864290714263916" lon="2.9041242599487305">
				<ele>94.17</ele>
				<time>2023-12-25T08:02:08</time>
			</trkpt>
			<trkpt lat="48.86429079808295" lon="2.9041242599487305">
				<ele>96.04</ele>
				<time>2023-12-25T08:02:08</time>
			</trkpt>
			<trkpt lat="48.86440873146057" lon="2.904306650161743">
				<ele>98.08</ele>
				<time>2023-12-25T08:02:11</time>
			</trkpt>
			<trkpt lat="48.86450529098511" lon="2.9044032096862793">
				<ele>100.17</ele>
				<time>2023-12-25T08:02:13</time>
			</trkpt>
			<trkpt lat="48.8646125793457" lon="2.9044675827026367">
				<ele>102.34</ele>
				<time>2023-12-25T08:02:15</time>
			</trkpt>
			<trkpt lat="48.86474132537842" lon="2.904489040374756">
				<ele>104.58</ele>
				<time>2023-12-25T08:02:17</time>
			</trkpt>
			<trkpt lat="48.86574983596802" lon="2.9044461250305176">
				<ele>107.37</ele>
				<time>2023-12-25T08:02:35</time>
			</trkpt>
			<trkpt lat="48.86592149734497" lon="2.904413938522339">
				<ele>109.66</ele>
				<time>2023-12-25T08:02:38</time>
			</trkpt>
			<trkpt lat="48.866039514541626" lon="2.9043495655059814">
				<ele>111.88</ele>
				<time>2023-12-25T08:02:40</time>
			</trkpt>
			<trkpt lat="48.86616834439337" lon="2.904231548309326">
				<ele>114.03</ele>
				<time>2023-12-25T08:02:42</time>
			</trkpt>
			<trkpt lat="48.86745572090149" lon="2.903083562850952">
				<ele>116.67</ele>
				<time>2023-12-25T08:03:08</time>
			</trkpt>
			<trkpt lat="48.867606008425355" lon="2.903008460998535">
				<ele>118.53</ele>
				<time>2023-12-25T08:03:11</time>
			</trkpt>
			<trkpt lat="48.867799043655396" lon="2.902965545654297">
				<ele>120.12</ele>
				<time>2023-12-25T08:03:15</time>
			</trkpt>
			<trkpt lat="48.86898994445801" lon="2.9029762744903564">
				<ele>121.88</ele>
				<time>2023-12-25T08:03:35</time>
			</trkpt>
			<trkpt lat="48.86899002827704" lon="2.9029762744903564">
				<ele>122.84</ele>
				<time>2023-12-25T08:03:35</time>
			</trkpt>
			<trkpt lat="48.86910796165466" lon="2.9029762744903564">
				<ele>123.43</ele>
				<time>2023-12-25T08:03:37</time>
			</trkpt>
			<trkpt lat="48.87024530209601" lon="2.9029977321624756">
				<ele>123.62</ele>
				<time>2023-12-25T08:03:57</time>
			</trkpt>
			<trkpt lat="48.87072809971869" lon="2.9029977321624756">
				<ele>123.39</ele>
				<time>2023-12-25T08:04:06</time>
			</trkpt>
			<trkpt lat="48.87097486294806" lon="2.9029977321624756">
				<ele>122.99</ele>
				<time>2023-12-25T08:04:10</time>
			</trkpt>
			<trkpt lat="48.87137174606323" lon="2.903008460998535">
				<ele>122.41</ele>
				<time>2023-12-25T08:04:17</time>
			</trkpt>
			<trkpt lat="48.87173652648926" lon="2.902987003326416">
				<ele>121.29</ele>
				<time>2023-12-25T08:04:23</time>
			</trkpt>
			<trkpt lat="48.87260556221008" lon="2.902815341949463">
				<ele>119.58</ele>
				<time>2023-12-25T08:04:38</time>
			</trkpt>
			<trkpt lat="48.87350678443909" lon="2.902611494064331">
				<ele>117.86</ele>
				<time>2023-12-25T08:04:54</time>
			</trkpt>
			<trkpt lat="48.87362480163574" lon="2.902611494064331">
				<ele>116.11</ele>
				<time>2023-12-25T08:04:56</time>
			</trkpt>
			<trkpt lat="48.87369998730719" lon="2.90263295173645">
				<ele>114.16</ele>
				<time>2023-12-25T08:04:58</time>
			</trkpt>
			<trkpt lat="48.87424715794623" lon="2.9028689861297607">
				<ele>111.86</ele>
				<time>2023-12-25T08:05:08</time>
			</trkpt>
			<trkpt lat="48.87513756752014" lon="2.9033517837524414">
				<ele>109.38</ele>
				<time>2023-12-25T08:05:24</time>
			</trkpt>
			<trkpt lat="48.87569546699524" lon="2.9035449028015137">
				<ele>106.95</ele>
				<time>2023-12-25T08:05:34</time>
			</trkpt>
			<trkpt lat="48.8761031627655" lon="2.903780937194824">
				<ele>104.62</ele>
				<time>2023-12-25T08:05:42</time>
			</trkpt>
			<trkpt lat="48.87650012969971" lon="2.904059886932373">
				<ele>102.37</ele>
				<time>2023-12-25T08:05:49</time>
			</trkpt>
			<trkpt lat="48.8771116733551" lon="2.90463924407959">
				<ele>100.03</ele>
				<time>2023-12-25T08:06:02</time>
			</trkpt>
			<trkpt lat="48.87726196087897" lon="2.9048216342926025">
				<ele>98.11</ele>
				<time>2023-12-25T08:06:05</time>
			</trkpt>
			<trkpt lat="48.87821674346924" lon="2.9060661792755127">
				<ele>96.02</ele>
				<time>2023-12-25T08:06:27</time>
			</trkpt>
			<trkpt lat="48.87901076115668" lon="2.905862331390381">
				<ele>94.52</ele>
				<time>2023-12-25T08:06:41</time>
			</trkpt>
			<trkpt lat="48.87945055961609" lon="2.9057228565216064">
				<ele>93.32</ele>
				<time>2023-12-25T08:06:49</time>
			</trkpt>
			<trkpt lat="48.879611575976014" lon="2.9057013988494873">
				<ele>92.47</ele>
				<time>2023-12-25T08:06:52</time>
			</trkpt>
			<trkpt lat="48.87967594899237" lon="2.9057013988494873">
				<ele>92.0</ele>
				<time>2023-12-25T08:06:53</time>
			</trkpt>
			<trkpt lat="48.880577087402344" lon="2.9057657718658447">
				<ele>91.97</ele>
				<time>2023-12-25T08:07:08</time>
			</trkpt>
			<trkpt lat="48.880802392959595" lon="2.905808687210083">
				<ele>92.22</ele>
				<time>2023-12-25T08:07:12</time>
			</trkpt>
			<trkpt lat="48.88101705349982" lon="2.9059159755706787">
				<ele>92.74</ele>
				<time>2023-12-25T08:07:16</time>
			</trkpt>
			<trkpt lat="48.88115644454956" lon="2.9060018062591553">
				<ele>93.54</ele>
				<time>2023-12-25T08:07:19</time>
			</trkpt>
			<trkpt lat="48.88217568397522" lon="2.906806468963623">
				<ele>94.83</ele>
				<time>2023-12-25T08:07:39</time>
			</trkpt>
			<trkpt lat="48.88244390487671" lon="2.9069995880126953">
				<ele>96.29</ele>
				<time>2023-12-25T08:07:44</time>
			</trkpt>
			<trkpt lat="48.882776498794556" lon="2.907407283782959">
				<ele>98.01</ele>
				<time>2023-12-25T08:07:51</time>
			</trkpt>
			<trkpt lat="48.883012533187866" lon="2.9076969623565674">
				<ele>99.93</ele>
				<time>2023-12-25T08:07:57</time>
			</trkpt>
			<trkpt lat="48.88445019721985" lon="2.9096603393554688">
				<ele>102.37</ele>
				<time>2023-12-25T08:08:30</time>
			</trkpt>
			<trkpt lat="48.8846218585968" lon="2.909531593322754">
				<ele>104.6</ele>
				<time>2023-12-25T08:08:34</time>
			</trkpt>
			<trkpt lat="48.88497591018677" lon="2.909402847290039">
				<ele>106.99</ele>
				<time>2023-12-25T08:08:40</time>
			</trkpt>
			<trkpt lat="48.885308504104614" lon="2.9093170166015625">
				<ele>109.46</ele>
				<time>2023-12-25T08:08:46</time>
			</trkpt>
			<trkpt lat="48.88561964035034" lon="2.9092633724212646">
				<ele>111.89</ele>
				<time>2023-12-25T08:08:51</time>
			</trkpt>
			<trkpt lat="48.886810541152954" lon="2.90938138961792">
				<ele>114.62</ele>
				<time>2023-12-25T08:09:12</time>
			</trkpt>
			<trkpt lat="48.887314796447754" lon="2.909231185913086">
				<ele>116.94</ele>
				<time>2023-12-25T08:09:21</time>
			</trkpt>
			<trkpt lat="48.888012170791626" lon="2.9090166091918945">
				<ele>119.15</ele>
				<time>2023-12-25T08:09:33</time>
			</trkpt>
			<trkpt lat="48.88917088508606" lon="2.9087483882904053">
				<ele>121.43</ele>
				<time>2023-12-25T08:09:54</time>
			</trkpt>
			<trkpt lat="48.88940691947937" lon="2.908651828765869">
				<ele>122.98</ele>
				<time>2023-12-25T08:09:58</time>
			</trkpt>
			<trkpt lat="48.89010429382324" lon="2.90838360786438">
				<ele>124.38</ele>
				<time>2023-12-25T08:10:11</time>
			</trkpt>
			<trkpt lat="48.8907265663147" lon="2.908201217651367">
				<ele>125.29</ele>
				<time>2023-12-25T08:10:22</time>
			</trkpt>
			<trkpt lat="48.89122017659247" lon="2.9081475734710693">
				<ele>125.79</ele>
				<time>2023-12-25T08:10:30</time>
			</trkpt>
			<trkpt lat="48.891681432724" lon="2.9082977771759033">
				<ele>126.28</ele>
				<time>2023-12-25T08:10:39</time>
			</trkpt>
			<trkpt lat="48.892529010772705" lon="2.9088985919952393">
				<ele>126.52</ele>
				<time>2023-12-25T08:10:55</time>
			</trkpt>
			<trkpt lat="48.89291524887085" lon="2.909027338027954">
				<ele>126.32</ele>
				<time>2023-12-25T08:11:02</time>
			</trkpt>
			<trkpt lat="48.89335513114929" lon="2.9091131687164307">
				<ele>125.66</ele>
				<time>2023-12-25T08:11:09</time>
			</trkpt>
			<trkpt lat="48.893516063690186" lon="2.90863037109375">
				<ele>124.64</ele>
				<time>2023-12-25T08:11:16</time>
			</trkpt>
			<trkpt lat="48.89369853772223" lon="2.908308506011963">
				<ele>123.32</ele>
				<time>2023-12-25T08:11:20</time>
			</trkpt>
			<trkpt lat="48.8936984539032" lon="2.908308506011963">
				<ele>121.95</ele>
				<time>2023-12-25T08:11:20</time>
			</trkpt>
			<trkpt lat="48.894074046984315" lon="2.907729148864746">
				<ele>119.95</ele>
				<time>2023-12-25T08:11:30</time>
			</trkpt>
			<trkpt lat="48.89437437057495" lon="2.907310724258423">
				<ele>117.94</ele>
				<time>2023-12-25T08:11:37</time>
			</trkpt>
			<trkpt lat="48.8946533203125" lon="2.9070961475372314">
				<ele>115.99</ele>
				<time>2023-12-25T08:11:42</time>
			</trkpt>
			<trkpt lat="48.89488935470581" lon="2.9069995880126953">
				<ele>113.88</ele>
				<time>2023-12-25T08:11:47</time>
			</trkpt>
			<trkpt lat="48.895103931427" lon="2.9069888591766357">
				<ele>111.51</ele>
				<time>2023-12-25T08:11:50</time>
			</trkpt>
			<trkpt lat="48.89538296498358" lon="2.9070210456848145">
				<ele>109.04</ele>
				<time>2023-12-25T08:11:55</time>
			</trkpt>
			<trkpt lat="48.89576920308173" lon="2.907085418701172">
				<ele>106.25</ele>
				<time>2023-12-25T08:12:02</time>
			</trkpt>
			<trkpt lat="48.89606952667236" lon="2.90712833404541">
				<ele>103.72</ele>
				<time>2023-12-25T08:12:07</time>
			</trkpt>
			<trkpt lat="48.896809816360474" lon="2.9068386554718018">
				<ele>100.79</ele>
				<time>2023-12-25T08:12:20</time>
			</trkpt>
			<trkpt lat="48.89689564704895" lon="2.907031774520874">
				<ele>98.6</ele>
				<time>2023-12-25T08:12:23</time>
			</trkpt>
			<trkpt lat="48.89693864621222" lon="2.9070961475372314">
				<ele>96.56</ele>
				<time>2023-12-25T08:12:24</time>
			</trkpt>
			<trkpt lat="48.897045850753784" lon="2.9071712493896484">
				<ele>94.63</ele>
				<time>2023-12-25T08:12:26</time>
			</trkpt>
			<trkpt lat="48.8972282409668" lon="2.9071497917175293">
				<ele>92.86</ele>
				<time>2023-12-25T08:12:29</time>
			</trkpt>
			<trkpt lat="48.8980758190155" lon="2.9067957401275635">
				<ele>91.22</ele>
				<time>2023-12-25T08:12:45</time>
			</trkpt>
			<trkpt lat="48.89821529388428" lon="2.9067957401275635">
				<ele>90.81</ele>
				<time>2023-12-25T08:12:47</time>
			</trkpt>
			<trkpt lat="48.89834403991699" lon="2.9068922996520996">
				<ele>91.02</ele>
				<time>2023-12-25T08:12:50</time>
			</trkpt>
			<trkpt lat="48.89867663383484" lon="2.9075467586517334">
				<ele>91.96</ele>
				<time>2023-12-25T08:12:59</time>
			</trkpt>
			<trkpt lat="48.899009227752686" lon="2.907932996749878">
				<ele>93.47</ele>
				<time>2023-12-25T08:13:06</time>
			</trkpt>
			<trkpt lat="48.89942765235901" lon="2.908351421356201">
				<ele>95.58</ele>
				<time>2023-12-25T08:13:15</time>
			</trkpt>
			<trkpt lat="48.901798808947206" lon="2.910454273223877">
				<ele>98.97</ele>
				<time>2023-12-25T08:14:03</time>
			</trkpt>
			<trkpt lat="48.901798725128174" lon="2.910454273223877">
				<ele>101.11</ele>
				<time>2023-12-25T08:14:03</time>
			</trkpt>
			<trkpt lat="48.90293816104531" lon="2.911467645317316">
				<ele>104.63</ele>
				<time>2023-12-25T08:14:26</time>
			</trkpt>
			<trkpt lat="48.90293807722628" lon="2.9114675614982843">
				<ele>104.63</ele>
				<time>2023-12-25T08:14:26</time>
			</trkpt>
			<trkpt lat="48.90293757431209" lon="2.9114671424031258">
				<ele>104.64</ele>
				<time>2023-12-25T08:14:26</time>
			</trkpt>
			<trkpt lat="48.90422352589667" lon="2.9126107692718506">
				<ele>123.24</ele>
				<time>2023-12-25T08:14:52</time>
			</trkpt>
			<trkpt lat="48.904759883880615" lon="2.9130828380584717">
				<ele>125.53</ele>
				<time>2023-12-25T08:15:03</time>
			</trkpt>
			<trkpt lat="48.905049562454224" lon="2.913275957107544">
				<ele>127.63</ele>
				<time>2023-12-25T08:15:08</time>
			</trkpt>
			<trkpt lat="48.90541434288025" lon="2.9133832454681396">
				<ele>130.21</ele>
				<time>2023-12-25T08:15:15</time>
			</trkpt>
			<trkpt lat="48.905746936798096" lon="2.9133617877960205">
				<ele>132.62</ele>
				<time>2023-12-25T08:15:20</time>
			</trkpt>
			<trkpt lat="48.90687354840338" lon="2.9129433631896973">
				<ele>135.55</ele>
				<time>2023-12-25T08:15:41</time>
			</trkpt>
			<trkpt lat="48.90699156560004" lon="2.91312575340271">
				<ele>137.05</ele>
				<time>2023-12-25T08:15:43</time>
			</trkpt>
			<trkpt lat="48.90713095664978" lon="2.9134583473205566">
				<ele>137.88</ele>
				<time>2023-12-25T08:15:48</time>
			</trkpt>
			<trkpt lat="48.90742063522339" lon="2.913748025894165">
				<ele>138.33</ele>
				<time>2023-12-25T08:15:54</time>
			</trkpt>
			<trkpt lat="48.90830039978027" lon="2.9144561290740967">
				<ele>138.83</ele>
				<time>2023-12-25T08:16:11</time>
			</trkpt>
			<trkpt lat="48.90900858677924" lon="2.9155397415161133">
				<ele>139.01</ele>
				<time>2023-12-25T08:16:29</time>
			</trkpt>
			<trkpt lat="48.90920170582831" lon="2.9158294200897217">
				<ele>139.21</ele>
				<time>2023-12-25T08:16:34</time>
			</trkpt>
			<trkpt lat="48.91059637069702" lon="2.918071746826172">
				<ele>139.56</ele>
				<time>2023-12-25T08:17:09</time>
			</trkpt>
			<trkpt lat="48.91088604927063" lon="2.9186618328094482">
				<ele>139.8</ele>
				<time>2023-12-25T08:17:17</time>
			</trkpt>
			<trkpt lat="48.911036252975464" lon="2.919166088104248">
				<ele>140.0</ele>
				<time>2023-12-25T08:17:24</time>
			</trkpt>
			<trkpt lat="48.91119718551636" lon="2.920260429382324">
				<ele>140.06</ele>
				<time>2023-12-25T08:17:36</time>
			</trkpt>
			<trkpt lat="48.911240100860596" lon="2.9204750061035156">
				<ele>140.32</ele>
				<time>2023-12-25T08:17:39</time>
			</trkpt>
			<trkpt lat="48.911272371187806" lon="2.9205501079559326">
				<ele>140.64</ele>
				<time>2023-12-25T08:17:40</time>
			</trkpt>
			<trkpt lat="48.91134747304022" lon="2.9207217693328857">
				<ele>141.06</ele>
				<time>2023-12-25T08:17:42</time>
			</trkpt>
			<trkpt lat="48.91134747304022" lon="2.9208505153656006">
				<ele>141.41</ele>
				<time>2023-12-25T08:17:44</time>
			</trkpt>
			<trkpt lat="48.91140103340149" lon="2.920989990234375">
				<ele>141.84</ele>
				<time>2023-12-25T08:17:46</time>
			</trkpt>
			<trkpt lat="48.91149767674506" lon="2.921065092086792">
				<ele>142.25</ele>
				<time>2023-12-25T08:17:48</time>
			</trkpt>
			<trkpt lat="48.9115834236145" lon="2.921043634414673">
				<ele>142.57</ele>
				<time>2023-12-25T08:17:49</time>
			</trkpt>
			<trkpt lat="48.91165852546692" lon="2.920968532562256">
				<ele>142.89</ele>
				<time>2023-12-25T08:17:51</time>
			</trkpt>
			<trkpt lat="48.91167998313904" lon="2.920914888381958">
				<ele>143.16</ele>
				<time>2023-12-25T08:17:51</time>
			</trkpt>
			<trkpt lat="48.91187310218811" lon="2.920936346054077">
				<ele>143.41</ele>
				<time>2023-12-25T08:17:55</time>
			</trkpt>
			<trkpt lat="48.912012577056885" lon="2.920914888381958">
				<ele>143.56</ele>
				<time>2023-12-25T08:17:57</time>
			</trkpt>
			<trkpt lat="48.91216278076172" lon="2.9208719730377197">
				<ele>143.63</ele>
				<time>2023-12-25T08:18:00</time>
			</trkpt>
			<trkpt lat="48.91287088394165" lon="2.9226958751678467">
				<ele>143.53</ele>
				<time>2023-12-25T08:18:24</time>
			</trkpt>
			<trkpt lat="48.91358979977667" lon="2.923961877822876">
				<ele>143.72</ele>
				<time>2023-12-25T08:18:43</time>
			</trkpt>
			<trkpt lat="48.91581058502197" lon="2.9275453090667725">
				<ele>143.62</ele>
				<time>2023-12-25T08:19:40</time>
			</trkpt>
			<trkpt lat="48.91629338264465" lon="2.9286396503448486">
				<ele>143.15</ele>
				<time>2023-12-25T08:19:55</time>
			</trkpt>
			<trkpt lat="48.916561687365174" lon="2.9294121265411377">
				<ele>142.63</ele>
				<time>2023-12-25T08:20:05</time>
			</trkpt>
			<trkpt lat="48.91679763793945" lon="2.9307961463928223">
				<ele>142.09</ele>
				<time>2023-12-25T08:20:21</time>
			</trkpt>
			<trkpt lat="48.91700156964362" lon="2.9320943355560303">
				<ele>141.17</ele>
				<time>2023-12-25T08:20:36</time>
			</trkpt>
			<trkpt lat="48.91716241836548" lon="2.9336929321289062">
				<ele>140.27</ele>
				<time>2023-12-25T08:20:55</time>
			</trkpt>
			<trkpt lat="48.91720533370972" lon="2.934776544570923">
				<ele>140.01</ele>
				<time>2023-12-25T08:21:07</time>
			</trkpt>
			<trkpt lat="48.917248249053955" lon="2.93709397315979">
				<ele>139.33</ele>
				<time>2023-12-25T08:21:34</time>
			</trkpt>
			<trkpt lat="48.91735553741455" lon="2.939121723175049">
				<ele>138.6</ele>
				<time>2023-12-25T08:21:57</time>
			</trkpt>
			<trkpt lat="48.91735562123358" lon="2.9395294189453125">
				<ele>137.95</ele>
				<time>2023-12-25T08:22:02</time>
			</trkpt>
			<trkpt lat="48.91731262207031" lon="2.9404735565185547">
				<ele>137.26</ele>
				<time>2023-12-25T08:22:12</time>
			</trkpt>
			<trkpt lat="48.91731262207031" lon="2.940688133239746">
				<ele>136.94</ele>
				<time>2023-12-25T08:22:15</time>
			</trkpt>
			<trkpt lat="48.9173770789057" lon="2.9410207271575928">
				<ele>136.73</ele>
				<time>2023-12-25T08:22:19</time>
			</trkpt>
			<trkpt lat="48.917473554611206" lon="2.9415249824523926">
				<ele>136.64</ele>
				<time>2023-12-25T08:22:25</time>
			</trkpt>
			<trkpt lat="48.91759165562689" lon="2.942812442779541">
				<ele>136.87</ele>
				<time>2023-12-25T08:22:40</time>
			</trkpt>
			<trkpt lat="48.91760238446295" lon="2.942962646484375">
				<ele>136.98</ele>
				<time>2023-12-25T08:22:41</time>
			</trkpt>
			<trkpt lat="48.91763457097113" lon="2.9432737827301025">
				<ele>137.09</ele>
				<time>2023-12-25T08:22:45</time>
			</trkpt>
			<trkpt lat="48.91773113049567" lon="2.943863868713379">
				<ele>137.05</ele>
				<time>2023-12-25T08:22:52</time>
			</trkpt>
			<trkpt lat="48.917806232348084" lon="2.944314479827881">
				<ele>136.48</ele>
				<time>2023-12-25T08:22:57</time>
			</trkpt>
			<trkpt lat="48.91780614852905" lon="2.944314479827881">
				<ele>136.07</ele>
				<time>2023-12-25T08:22:57</time>
			</trkpt>
			<trkpt lat="48.917816961184144" lon="2.944389581680298">
				<ele>135.33</ele>
				<time>2023-12-25T08:22:58</time>
			</trkpt>
			<trkpt lat="48.918009996414185" lon="2.945355176925659">
				<ele>133.7</ele>
				<time>2023-12-25T08:23:10</time>
			</trkpt>
			<trkpt lat="48.91809683293104" lon="2.946503832936287">
				<ele>133.97</ele>
				<time>2023-12-25T08:23:23</time>
			</trkpt>
			<trkpt lat="48.91809004358947" lon="2.9465050902217627">
				<ele>135.37</ele>
				<time>2023-12-25T08:23:23</time>
			</trkpt>
			<trkpt lat="48.91808987595141" lon="2.9465050902217627">
				<ele>135.39</ele>
				<time>2023-12-25T08:23:23</time>
			</trkpt>
			<trkpt lat="48.91808979213238" lon="2.9465050902217627">
				<ele>135.4</ele>
				<time>2023-12-25T08:23:23</time>
			</trkpt>
			<trkpt lat="48.918089708313346" lon="2.9465050902217627">
				<ele>135.4</ele>
				<time>2023-12-25T08:23:23</time>
			</trkpt>
			<trkpt lat="48.918088786304" lon="2.946505341678858">
				<ele>135.65</ele>
				<time>2023-12-25T08:23:23</time>
			</trkpt>
			<trkpt lat="48.9182217232883" lon="2.9470893926918507">
				<ele>135.1</ele>
				<time>2023-12-25T08:23:30</time>
			</trkpt>
			<trkpt lat="48.91843001358211" lon="2.947733709588647">
				<ele>138.3</ele>
				<time>2023-12-25T08:23:38</time>
			</trkpt>
			<trkpt lat="48.9186879247427" lon="2.948288591578603">
				<ele>138.6</ele>
				<time>2023-12-25T08:23:46</time>
			</trkpt>
			<trkpt lat="48.91891331411898" lon="2.9486162401735783">
				<ele>137.3</ele>
				<time>2023-12-25T08:23:52</time>
			</trkpt>
			<trkpt lat="48.91913107596338" lon="2.9488464910537004">
				<ele>136.1</ele>
				<time>2023-12-25T08:23:56</time>
			</trkpt>
			<trkpt lat="48.919540951028466" lon="2.9491948429495096">
				<ele>134.1</ele>
				<time>2023-12-25T08:24:04</time>
			</trkpt>
			<trkpt lat="48.919754857197404" lon="2.9494175501167774">
				<ele>133.3</ele>
				<time>2023-12-25T08:24:09</time>
			</trkpt>
			<trkpt lat="48.920050989836454" lon="2.9497524071484804">
				<ele>132.2</ele>
				<time>2023-12-25T08:24:15</time>
			</trkpt>
			<trkpt lat="48.920410154387355" lon="2.95020779594779">
				<ele>129.9</ele>
				<time>2023-12-25T08:24:23</time>
			</trkpt>
			<trkpt lat="48.92051777802408" lon="2.9503678902983665">
				<ele>129.5</ele>
				<time>2023-12-25T08:24:26</time>
			</trkpt>
			<trkpt lat="48.92092849127948" lon="2.9513913206756115">
				<ele>130.1</ele>
				<time>2023-12-25T08:24:40</time>
			</trkpt>
			<trkpt lat="48.920981884002686" lon="2.951511349529028">
				<ele>129.9</ele>
				<time>2023-12-25T08:24:41</time>
			</trkpt>
			<trkpt lat="48.92116134054959" lon="2.951819384470582">
				<ele>130.0</ele>
				<time>2023-12-25T08:24:46</time>
			</trkpt>
			<trkpt lat="48.921603402122855" lon="2.9522099811583757">
				<ele>129.2</ele>
				<time>2023-12-25T08:24:55</time>
			</trkpt>
			<trkpt lat="48.92181227914989" lon="2.952448697760701">
				<ele>129.3</ele>
				<time>2023-12-25T08:25:00</time>
			</trkpt>
			<trkpt lat="48.92198586836457" lon="2.952762683853507">
				<ele>130.2</ele>
				<time>2023-12-25T08:25:04</time>
			</trkpt>
			<trkpt lat="48.9224835857749" lon="2.953773709014058">
				<ele>135.1</ele>
				<time>2023-12-25T08:25:19</time>
			</trkpt>
			<trkpt lat="48.92318146303296" lon="2.9548350255936384">
				<ele>139.0</ele>
				<time>2023-12-25T08:25:36</time>
			</trkpt>
			<trkpt lat="48.92334113828838" lon="2.9551921784877777">
				<ele>140.2</ele>
				<time>2023-12-25T08:25:41</time>
			</trkpt>
			<trkpt lat="48.92343174666166" lon="2.9554378520697355">
				<ele>141.1</ele>
				<time>2023-12-25T08:25:44</time>
			</trkpt>
			<trkpt lat="48.92352688126266" lon="2.955821491777897">
				<ele>142.2</ele>
				<time>2023-12-25T08:25:49</time>
			</trkpt>
			<trkpt lat="48.92355437390506" lon="2.956082671880722">
				<ele>142.7</ele>
				<time>2023-12-25T08:25:52</time>
			</trkpt>
			<trkpt lat="48.92352411523461" lon="2.956349467858672">
				<ele>143.5</ele>
				<time>2023-12-25T08:25:55</time>
			</trkpt>
			<trkpt lat="48.923387406393886" lon="2.956866128370166">
				<ele>144.0</ele>
				<time>2023-12-25T08:26:01</time>
			</trkpt>
			<trkpt lat="48.922180915251374" lon="2.9630264919251204">
				<ele>154.1</ele>
				<time>2023-12-25T08:27:15</time>
			</trkpt>
			<trkpt lat="48.92127047292888" lon="2.9675238858908415">
				<ele>143.4</ele>
				<time>2023-12-25T08:28:09</time>
			</trkpt>
			<trkpt lat="48.9208896830678" lon="2.96933026984334">
				<ele>149.3</ele>
				<time>2023-12-25T08:28:30</time>
			</trkpt>
			<trkpt lat="48.920839140191674" lon="2.96970603056252">
				<ele>151.7</ele>
				<time>2023-12-25T08:28:35</time>
			</trkpt>
			<trkpt lat="48.92085900530219" lon="2.9699156619608402">
				<ele>152.1</ele>
				<time>2023-12-25T08:28:37</time>
			</trkpt>
			<trkpt lat="48.9209811296314" lon="2.9702625889331102">
				<ele>153.5</ele>
				<time>2023-12-25T08:28:42</time>
			</trkpt>
			<trkpt lat="48.9210469275713" lon="2.9705077596008778">
				<ele>154.7</ele>
				<time>2023-12-25T08:28:45</time>
			</trkpt>
			<trkpt lat="48.92107198946178" lon="2.97175046056509">
				<ele>158.1</ele>
				<time>2023-12-25T08:28:59</time>
			</trkpt>
			<trkpt lat="48.92112144269049" lon="2.972257649526">
				<ele>157.7</ele>
				<time>2023-12-25T08:29:05</time>
			</trkpt>
			<trkpt lat="48.92129871994257" lon="2.9732290282845497">
				<ele>153.6</ele>
				<time>2023-12-25T08:29:16</time>
			</trkpt>
			<trkpt lat="48.92137725837529" lon="2.973749041557312">
				<ele>152.9</ele>
				<time>2023-12-25T08:29:22</time>
			</trkpt>
			<trkpt lat="48.92151857726276" lon="2.975034909322858">
				<ele>147.7</ele>
				<time>2023-12-25T08:29:37</time>
			</trkpt>
			<trkpt lat="48.9215802680701" lon="2.9753389209508896">
				<ele>146.3</ele>
				<time>2023-12-25T08:29:41</time>
			</trkpt>
			<trkpt lat="48.921731477603316" lon="2.9758236464112997">
				<ele>143.7</ele>
				<time>2023-12-25T08:29:47</time>
			</trkpt>
			<trkpt lat="48.92174329608679" lon="2.97596437856555">
				<ele>143.2</ele>
				<time>2023-12-25T08:29:49</time>
			</trkpt>
			<trkpt lat="48.921722173690796" lon="2.976299487054348">
				<ele>141.5</ele>
				<time>2023-12-25T08:29:52</time>
			</trkpt>
			<trkpt lat="48.92167246900499" lon="2.9764858167618513">
				<ele>141.3</ele>
				<time>2023-12-25T08:29:55</time>
			</trkpt>
			<trkpt lat="48.92152025364339" lon="2.976890914142132">
				<ele>141.5</ele>
				<time>2023-12-25T08:30:00</time>
			</trkpt>
			<trkpt lat="48.920987667515874" lon="2.9780663922429085">
				<ele>140.7</ele>
				<time>2023-12-25T08:30:16</time>
			</trkpt>
			<trkpt lat="48.92070595175028" lon="2.978660585358739">
				<ele>140.3</ele>
				<time>2023-12-25T08:30:25</time>
			</trkpt>
			<trkpt lat="48.920635376125574" lon="2.97877156175673">
				<ele>140.1</ele>
				<time>2023-12-25T08:30:27</time>
			</trkpt>
			<trkpt lat="48.92021871171892" lon="2.9792961850762367">
				<ele>141.4</ele>
				<time>2023-12-25T08:30:36</time>
			</trkpt>
			<trkpt lat="48.91993875615299" lon="2.97960564494133">
				<ele>142.7</ele>
				<time>2023-12-25T08:30:42</time>
			</trkpt>
			<trkpt lat="48.91944112256169" lon="2.980027925223112">
				<ele>146.1</ele>
				<time>2023-12-25T08:30:52</time>
			</trkpt>
			<trkpt lat="48.918869979679585" lon="2.9804740101099014">
				<ele>150.4</ele>
				<time>2023-12-25T08:31:03</time>
			</trkpt>
			<trkpt lat="48.9187413174659" lon="2.980696549639106">
				<ele>152.2</ele>
				<time>2023-12-25T08:31:06</time>
			</trkpt>
			<trkpt lat="48.9186947979033" lon="2.9809990525245667">
				<ele>155.0</ele>
				<time>2023-12-25T08:31:10</time>
			</trkpt>
			<trkpt lat="48.918786495923996" lon="2.981459805741906">
				<ele>157.0</ele>
				<time>2023-12-25T08:31:16</time>
			</trkpt>
			<trkpt lat="48.919171057641506" lon="2.9830273892730474">
				<ele>157.8</ele>
				<time>2023-12-25T08:31:35</time>
			</trkpt>
			<trkpt lat="48.91936392523348" lon="2.983977058902383">
				<ele>161.7</ele>
				<time>2023-12-25T08:31:46</time>
			</trkpt>
			<trkpt lat="48.92001268453896" lon="2.9880018811672926">
				<ele>166.0</ele>
				<time>2023-12-25T08:32:33</time>
			</trkpt>
			<trkpt lat="48.92015567980707" lon="2.9890072904527187">
				<ele>165.0</ele>
				<time>2023-12-25T08:32:45</time>
			</trkpt>
			<trkpt lat="48.92017847858369" lon="2.9897509329020977">
				<ele>164.6</ele>
				<time>2023-12-25T08:32:54</time>
			</trkpt>
			<trkpt lat="48.92014914192259" lon="2.99073806963861">
				<ele>165.0</ele>
				<time>2023-12-25T08:33:05</time>
			</trkpt>
			<trkpt lat="48.920180071145296" lon="2.9916258808225393">
				<ele>163.9</ele>
				<time>2023-12-25T08:33:15</time>
			</trkpt>
			<trkpt lat="48.92027755267918" lon="2.9925190564244986">
				<ele>163.0</ele>
				<time>2023-12-25T08:33:26</time>
			</trkpt>
			<trkpt lat="48.92039087601006" lon="2.993189776316285">
				<ele>163.0</ele>
				<time>2023-12-25T08:33:33</time>
			</trkpt>
			<trkpt lat="48.920647613704205" lon="2.9942018911242485">
				<ele>161.6</ele>
				<time>2023-12-25T08:33:46</time>
			</trkpt>
			<trkpt lat="48.9214232750237" lon="2.996904132887721">
				<ele>158.7</ele>
				<time>2023-12-25T08:34:20</time>
			</trkpt>
			<trkpt lat="48.92242516390979" lon="3.00051212310791">
				<ele>159.7</ele>
				<time>2023-12-25T08:35:04</time>
			</trkpt>
			<trkpt lat="48.922631526365876" lon="3.001221399754286">
				<ele>159.1</ele>
				<time>2023-12-25T08:35:13</time>
			</trkpt>
			<trkpt lat="48.92334960401058" lon="3.0035234056413174">
				<ele>165.0</ele>
				<time>2023-12-25T08:35:42</time>
			</trkpt>
			<trkpt lat="48.9234971255064" lon="3.0040553212165833">
				<ele>166.1</ele>
				<time>2023-12-25T08:35:49</time>
			</trkpt>
			<trkpt lat="48.923514559865" lon="3.004242153838277">
				<ele>166.2</ele>
				<time>2023-12-25T08:35:51</time>
			</trkpt>
			<trkpt lat="48.923444570973516" lon="3.004384059458971">
				<ele>166.0</ele>
				<time>2023-12-25T08:35:53</time>
			</trkpt>
			<trkpt lat="48.92306227236986" lon="3.0047694593667984">
				<ele>167.1</ele>
				<time>2023-12-25T08:36:01</time>
			</trkpt>
			<trkpt lat="48.92260227352381" lon="3.0051732156425714">
				<ele>169.0</ele>
				<time>2023-12-25T08:36:10</time>
			</trkpt>
			<trkpt lat="48.9221331384033" lon="3.005699934437871">
				<ele>170.0</ele>
				<time>2023-12-25T08:36:21</time>
			</trkpt>
			<trkpt lat="48.921498293057084" lon="3.0065664555877447">
				<ele>172.44</ele>
				<time>2023-12-25T08:36:35</time>
			</trkpt>
			<trkpt lat="48.92149820923805" lon="3.0065665394067764">
				<ele>172.44</ele>
				<time>2023-12-25T08:36:35</time>
			</trkpt>
			<trkpt lat="48.92149812541902" lon="3.0065665394067764">
				<ele>172.44</ele>
				<time>2023-12-25T08:36:35</time>
			</trkpt>
			<trkpt lat="48.92149804159999" lon="3.0065668746829033">
				<ele>172.45</ele>
				<time>2023-12-25T08:36:35</time>
			</trkpt>
			<trkpt lat="48.92149795778096" lon="3.0065668746829033">
				<ele>172.45</ele>
				<time>2023-12-25T08:36:35</time>
			</trkpt>
			<trkpt lat="48.92035508528352" lon="3.008127249777317">
				<ele>172.6</ele>
				<time>2023-12-25T08:37:02</time>
			</trkpt>
			<trkpt lat="48.91990774311125" lon="3.0086931958794594">
				<ele>175.5</ele>
				<time>2023-12-25T08:37:12</time>
			</trkpt>
			<trkpt lat="48.91832825727761" lon="3.0104392301291227">
				<ele>173.1</ele>
				<time>2023-12-25T08:37:46</time>
			</trkpt>
			<trkpt lat="48.91778955236077" lon="3.010982545092702">
				<ele>172.7</ele>
				<time>2023-12-25T08:37:58</time>
			</trkpt>
			<trkpt lat="48.915754510089755" lon="3.0127320997416973">
				<ele>177.0</ele>
				<time>2023-12-25T08:38:38</time>
			</trkpt>
			<trkpt lat="48.91544588841498" lon="3.0130757577717304">
				<ele>177.0</ele>
				<time>2023-12-25T08:38:45</time>
			</trkpt>
			<trkpt lat="48.91528143547475" lon="3.01329318434">
				<ele>176.3</ele>
				<time>2023-12-25T08:38:49</time>
			</trkpt>
			<trkpt lat="48.913444709032774" lon="3.016060385853052">
				<ele>174.3</ele>
				<time>2023-12-25T08:39:34</time>
			</trkpt>
			<trkpt lat="48.91176011413336" lon="3.0184775590896606">
				<ele>172.2</ele>
				<time>2023-12-25T08:40:14</time>
			</trkpt>
			<trkpt lat="48.91039486974478" lon="3.0205692630261183">
				<ele>169.9</ele>
				<time>2023-12-25T08:40:48</time>
			</trkpt>
			<trkpt lat="48.90980126336217" lon="3.0211596842855215">
				<ele>167.9</ele>
				<time>2023-12-25T08:41:00</time>
			</trkpt>
			<trkpt lat="48.90880549326539" lon="3.0220723897218704">
				<ele>163.8</ele>
				<time>2023-12-25T08:41:20</time>
			</trkpt>
			<trkpt lat="48.90833644196391" lon="3.0225735437124968">
				<ele>163.7</ele>
				<time>2023-12-25T08:41:30</time>
			</trkpt>
			<trkpt lat="48.90796956606209" lon="3.0230784695595503">
				<ele>162.2</ele>
				<time>2023-12-25T08:41:39</time>
			</trkpt>
			<trkpt lat="48.90715836547315" lon="3.024339694529772">
				<ele>163.4</ele>
				<time>2023-12-25T08:41:59</time>
			</trkpt>
			<trkpt lat="48.90693197026849" lon="3.0247685965150595">
				<ele>163.5</ele>
				<time>2023-12-25T08:42:05</time>
			</trkpt>
			<trkpt lat="48.90403560362756" lon="3.03057205863297">
				<ele>168.0</ele>
				<time>2023-12-25T08:43:29</time>
			</trkpt>
			<trkpt lat="48.90366562642157" lon="3.031228445470333">
				<ele>165.0</ele>
				<time>2023-12-25T08:43:39</time>
			</trkpt>
			<trkpt lat="48.90351081266999" lon="3.0314654018729925">
				<ele>165.8</ele>
				<time>2023-12-25T08:43:42</time>
			</trkpt>
			<trkpt lat="48.901117108762264" lon="3.03481581620872">
				<ele>163.6</ele>
				<time>2023-12-25T08:44:39</time>
			</trkpt>
			<trkpt lat="48.90072072856128" lon="3.0353428702801466">
				<ele>164.2</ele>
				<time>2023-12-25T08:44:48</time>
			</trkpt>
			<trkpt lat="48.90052065253258" lon="3.0354960914701223">
				<ele>163.7</ele>
				<time>2023-12-25T08:44:52</time>
			</trkpt>
			<trkpt lat="48.9001549500972" lon="3.03558393381536">
				<ele>163.0</ele>
				<time>2023-12-25T08:44:58</time>
			</trkpt>
			<trkpt lat="48.90004573389888" lon="3.0356974247843027">
				<ele>163.2</ele>
				<time>2023-12-25T08:45:01</time>
			</trkpt>
			<trkpt lat="48.899797294288874" lon="3.036610968410969">
				<ele>164.3</ele>
				<time>2023-12-25T08:45:12</time>
			</trkpt>
			<trkpt lat="48.8994419015944" lon="3.038028348237276">
				<ele>164.4</ele>
				<time>2023-12-25T08:45:29</time>
			</trkpt>
			<trkpt lat="48.899239394813776" lon="3.038751622661948">
				<ele>163.1</ele>
				<time>2023-12-25T08:45:38</time>
			</trkpt>
			<trkpt lat="48.89919178560376" lon="3.0389562249183655">
				<ele>163.3</ele>
				<time>2023-12-25T08:45:41</time>
			</trkpt>
			<trkpt lat="48.89916881918907" lon="3.039169041439891">
				<ele>163.4</ele>
				<time>2023-12-25T08:45:43</time>
			</trkpt>
			<trkpt lat="48.8991744350642" lon="3.0392799340188503">
				<ele>163.4</ele>
				<time>2023-12-25T08:45:45</time>
			</trkpt>
			<trkpt lat="48.89936411753297" lon="3.040090799331665">
				<ele>161.2</ele>
				<time>2023-12-25T08:45:55</time>
			</trkpt>
			<trkpt lat="48.89966754242778" lon="3.0412360187619925">
				<ele>158.9</ele>
				<time>2023-12-25T08:46:09</time>
			</trkpt>
			<trkpt lat="48.89984808862209" lon="3.042092313989997">
				<ele>158.1</ele>
				<time>2023-12-25T08:46:19</time>
			</trkpt>
			<trkpt lat="48.89998094178736" lon="3.0428613536059856">
				<ele>157.0</ele>
				<time>2023-12-25T08:46:28</time>
			</trkpt>
			<trkpt lat="48.90013039112091" lon="3.0435045808553696">
				<ele>158.1</ele>
				<time>2023-12-25T08:46:36</time>
			</trkpt>
			<trkpt lat="48.900260059162974" lon="3.0438624043017626">
				<ele>158.9</ele>
				<time>2023-12-25T08:46:40</time>
			</trkpt>
			<trkpt lat="48.90105810016394" lon="3.0457098595798016">
				<ele>162.55</ele>
				<time>2023-12-25T08:47:06</time>
			</trkpt>
			<trkpt lat="48.90105675905943" lon="3.045706758275628">
				<ele>162.57</ele>
				<time>2023-12-25T08:47:06</time>
			</trkpt>
			<trkpt lat="48.90105550177395" lon="3.0457037407904863">
				<ele>162.58</ele>
				<time>2023-12-25T08:47:06</time>
			</trkpt>
			<trkpt lat="48.901054160669446" lon="3.0457004718482494">
				<ele>162.6</ele>
				<time>2023-12-25T08:47:06</time>
			</trkpt>
			<trkpt lat="48.90105491504073" lon="3.0457022320479155">
				<ele>162.62</ele>
				<time>2023-12-25T08:47:06</time>
			</trkpt>
			<trkpt lat="48.901053573936224" lon="3.0456990469247103">
				<ele>162.63</ele>
				<time>2023-12-25T08:47:06</time>
			</trkpt>
			<trkpt lat="48.902352433651686" lon="3.048705132678151">
				<ele>164.0</ele>
				<time>2023-12-25T08:47:47</time>
			</trkpt>
			<trkpt lat="48.90240104869008" lon="3.0488320346921682">
				<ele>164.7</ele>
				<time>2023-12-25T08:47:49</time>
			</trkpt>
			<trkpt lat="48.90241504646838" lon="3.0489352997392416">
				<ele>165.3</ele>
				<time>2023-12-25T08:47:50</time>
			</trkpt>
			<trkpt lat="48.90239266678691" lon="3.0490373075008392">
				<ele>165.4</ele>
				<time>2023-12-25T08:47:51</time>
			</trkpt>
			<trkpt lat="48.90225042589009" lon="3.049351293593645">
				<ele>165.7</ele>
				<time>2023-12-25T08:47:56</time>
			</trkpt>
			<trkpt lat="48.90222695656121" lon="3.049435615539551">
				<ele>165.6</ele>
				<time>2023-12-25T08:47:57</time>
			</trkpt>
			<trkpt lat="48.90172370709479" lon="3.050342621281743">
				<ele>163.0</ele>
				<time>2023-12-25T08:48:10</time>
			</trkpt>
			<trkpt lat="48.9013413246721" lon="3.051214339211583">
				<ele>160.6</ele>
				<time>2023-12-25T08:48:22</time>
			</trkpt>
			<trkpt lat="48.90101803466678" lon="3.052180605009198">
				<ele>160.0</ele>
				<time>2023-12-25T08:48:35</time>
			</trkpt>
			<trkpt lat="48.900068532675505" lon="3.0552160274237394">
				<ele>164.1</ele>
				<time>2023-12-25T08:49:13</time>
			</trkpt>
			<trkpt lat="48.89988957904279" lon="3.055671751499176">
				<ele>165.8</ele>
				<time>2023-12-25T08:49:19</time>
			</trkpt>
			<trkpt lat="48.89950920827687" lon="3.0562674533575773">
				<ele>164.8</ele>
				<time>2023-12-25T08:49:29</time>
			</trkpt>
			<trkpt lat="48.89851402491331" lon="3.057681815698743">
				<ele>164.0</ele>
				<time>2023-12-25T08:49:52</time>
			</trkpt>
			<trkpt lat="48.89758422039449" lon="3.0587955191731453">
				<ele>161.0</ele>
				<time>2023-12-25T08:50:13</time>
			</trkpt>
			<trkpt lat="48.896822053939104" lon="3.060117345303297">
				<ele>161.2</ele>
				<time>2023-12-25T08:50:33</time>
			</trkpt>
			<trkpt lat="48.89655567705631" lon="3.0605040024966">
				<ele>159.0</ele>
				<time>2023-12-25T08:50:40</time>
			</trkpt>
			<trkpt lat="48.8957014773041" lon="3.0615265108644962">
				<ele>159.0</ele>
				<time>2023-12-25T08:50:58</time>
			</trkpt>
			<trkpt lat="48.894980968907475" lon="3.062360342592001">
				<ele>157.1</ele>
				<time>2023-12-25T08:51:14</time>
			</trkpt>
			<trkpt lat="48.892886582762" lon="3.064673412591219">
				<ele>161.0</ele>
				<time>2023-12-25T08:51:59</time>
			</trkpt>
			<trkpt lat="48.89246631413698" lon="3.065103068947792">
				<ele>158.0</ele>
				<time>2023-12-25T08:52:08</time>
			</trkpt>
			<trkpt lat="48.891950407996774" lon="3.0655256006866693">
				<ele>155.3</ele>
				<time>2023-12-25T08:52:18</time>
			</trkpt>
			<trkpt lat="48.891407595947385" lon="3.065818380564451">
				<ele>155.0</ele>
				<time>2023-12-25T08:52:28</time>
			</trkpt>
			<trkpt lat="48.88763599097729" lon="3.067483529448509">
				<ele>151.1</ele>
				<time>2023-12-25T08:53:37</time>
			</trkpt>
			<trkpt lat="48.8871605694294" lon="3.067715121433139">
				<ele>149.2</ele>
				<time>2023-12-25T08:53:45</time>
			</trkpt>
			<trkpt lat="48.88589481823146" lon="3.068402772769332">
				<ele>146.8</ele>
				<time>2023-12-25T08:54:09</time>
			</trkpt>
			<trkpt lat="48.88443469069898" lon="3.069215063005686">
				<ele>146.1</ele>
				<time>2023-12-25T08:54:36</time>
			</trkpt>
			<trkpt lat="48.883861200883985" lon="3.0695503391325474">
				<ele>148.3</ele>
				<time>2023-12-25T08:54:46</time>
			</trkpt>
			<trkpt lat="48.88347303494811" lon="3.06991646066308">
				<ele>147.3</ele>
				<time>2023-12-25T08:54:54</time>
			</trkpt>
			<trkpt lat="48.88329324312508" lon="3.0701378267258406">
				<ele>147.3</ele>
				<time>2023-12-25T08:54:58</time>
			</trkpt>
			<trkpt lat="48.88285210356116" lon="3.0707813892513514">
				<ele>146.8</ele>
				<time>2023-12-25T08:55:09</time>
			</trkpt>
			<trkpt lat="48.8781600818038" lon="3.0776763428002596">
				<ele>141.0</ele>
				<time>2023-12-25T08:57:03</time>
			</trkpt>
			<trkpt lat="48.87755331583321" lon="3.0785201489925385">
				<ele>143.3</ele>
				<time>2023-12-25T08:57:17</time>
			</trkpt>
			<trkpt lat="48.8765939231962" lon="3.0797261372208595">
				<ele>146.3</ele>
				<time>2023-12-25T08:57:39</time>
			</trkpt>
			<trkpt lat="48.87137300334871" lon="3.08752516284585">
				<ele>149.07</ele>
				<time>2023-12-25T08:59:46</time>
			</trkpt>
			<trkpt lat="48.87136956676841" lon="3.087530443444848">
				<ele>149.08</ele>
				<time>2023-12-25T08:59:46</time>
			</trkpt>
			<trkpt lat="48.87137593701482" lon="3.087520971894264">
				<ele>149.09</ele>
				<time>2023-12-25T08:59:46</time>
			</trkpt>
			<trkpt lat="48.8713822234422" lon="3.087511667981744">
				<ele>149.1</ele>
				<time>2023-12-25T08:59:46</time>
			</trkpt>
			<trkpt lat="48.87137861922383" lon="3.0875171162188053">
				<ele>149.11</ele>
				<time>2023-12-25T08:59:46</time>
			</trkpt>
			<trkpt lat="48.87138490565121" lon="3.087507812306285">
				<ele>149.12</ele>
				<time>2023-12-25T08:59:47</time>
			</trkpt>
			<trkpt lat="48.8713803794235" lon="3.087514601647854">
				<ele>149.13</ele>
				<time>2023-12-25T08:59:47</time>
			</trkpt>
			<trkpt lat="48.87138666585088" lon="3.0875052139163017">
				<ele>149.14</ele>
				<time>2023-12-25T08:59:47</time>
			</trkpt>
			<trkpt lat="48.86894543655217" lon="3.0911526829004288">
				<ele>149.7</ele>
				<time>2023-12-25T09:00:46</time>
			</trkpt>
			<trkpt lat="48.868811493739486" lon="3.091456275433302">
				<ele>150.3</ele>
				<time>2023-12-25T09:00:51</time>
			</trkpt>
			<trkpt lat="48.86878819204867" lon="3.09160228818655">
				<ele>149.8</ele>
				<time>2023-12-25T09:00:52</time>
			</trkpt>
			<trkpt lat="48.868795400485396" lon="3.09177135117352">
				<ele>149.2</ele>
				<time>2023-12-25T09:00:54</time>
			</trkpt>
			<trkpt lat="48.86871342547238" lon="3.091951562091708">
				<ele>148.6</ele>
				<time>2023-12-25T09:00:57</time>
			</trkpt>
			<trkpt lat="48.86867864057422" lon="3.0920767039060593">
				<ele>148.1</ele>
				<time>2023-12-25T09:00:58</time>
			</trkpt>
			<trkpt lat="48.868599347770214" lon="3.092529494315386">
				<ele>147.4</ele>
				<time>2023-12-25T09:01:04</time>
			</trkpt>
			<trkpt lat="48.868601359426975" lon="3.093105163425207">
				<ele>148.4</ele>
				<time>2023-12-25T09:01:10</time>
			</trkpt>
			<trkpt lat="48.868680987507105" lon="3.096453817561269">
				<ele>145.0</ele>
				<time>2023-12-25T09:01:49</time>
			</trkpt>
			<trkpt lat="48.868788946419954" lon="3.1000023800879717">
				<ele>142.7</ele>
				<time>2023-12-25T09:02:29</time>
			</trkpt>
			<trkpt lat="48.86882356368005" lon="3.102025855332613">
				<ele>146.8</ele>
				<time>2023-12-25T09:02:53</time>
			</trkpt>
			<trkpt lat="48.86887276545167" lon="3.1035244558006525">
				<ele>141.5</ele>
				<time>2023-12-25T09:03:10</time>
			</trkpt>
			<trkpt lat="48.869404094293714" lon="3.1075609289109707">
				<ele>139.5</ele>
				<time>2023-12-25T09:03:57</time>
			</trkpt>
			<trkpt lat="48.869506269693375" lon="3.108405824750662">
				<ele>140.7</ele>
				<time>2023-12-25T09:04:07</time>
			</trkpt>
			<trkpt lat="48.86953342705965" lon="3.108917959034443">
				<ele>144.0</ele>
				<time>2023-12-25T09:04:13</time>
			</trkpt>
			<trkpt lat="48.8695187587291" lon="3.1114596035331488">
				<ele>148.9</ele>
				<time>2023-12-25T09:04:42</time>
			</trkpt>
			<trkpt lat="48.86953879147768" lon="3.11331694945693">
				<ele>149.6</ele>
				<time>2023-12-25T09:05:03</time>
			</trkpt>
			<trkpt lat="48.86954256333411" lon="3.11591106466949">
				<ele>148.0</ele>
				<time>2023-12-25T09:05:33</time>
			</trkpt>
			<trkpt lat="48.869524793699384" lon="3.1177859287708998">
				<ele>151.9</ele>
				<time>2023-12-25T09:05:54</time>
			</trkpt>
			<trkpt lat="48.86953929439187" lon="3.119160393252969">
				<ele>152.0</ele>
				<time>2023-12-25T09:06:10</time>
			</trkpt>
			<trkpt lat="48.869506772607565" lon="3.119900096207857">
				<ele>152.0</ele>
				<time>2023-12-25T09:06:18</time>
			</trkpt>
			<trkpt lat="48.86951289139688" lon="3.122701160609722">
				<ele>150.3</ele>
				<time>2023-12-25T09:06:50</time>
			</trkpt>
			<trkpt lat="48.86948489584029" lon="3.1255398597568274">
				<ele>144.1</ele>
				<time>2023-12-25T09:07:23</time>
			</trkpt>
			<trkpt lat="48.86939520947635" lon="3.126377295702696">
				<ele>141.8</ele>
				<time>2023-12-25T09:07:33</time>
			</trkpt>
			<trkpt lat="48.86917803436518" lon="3.127170307561755">
				<ele>142.0</ele>
				<time>2023-12-25T09:07:42</time>
			</trkpt>
			<trkpt lat="48.86659808456898" lon="3.135792436078191">
				<ele>138.6</ele>
				<time>2023-12-25T09:09:31</time>
			</trkpt>
			<trkpt lat="48.8641638122499" lon="3.146081054583192">
				<ele>138.4</ele>
				<time>2023-12-25T09:11:36</time>
			</trkpt>
			<trkpt lat="48.864003382623196" lon="3.146999543532729">
				<ele>139.0</ele>
				<time>2023-12-25T09:11:47</time>
			</trkpt>
			<trkpt lat="48.86341136880219" lon="3.15246001817286">
				<ele>137.3</ele>
				<time>2023-12-25T09:12:50</time>
			</trkpt>
			<trkpt lat="48.86335185728967" lon="3.1530624255537987">
				<ele>137.7</ele>
				<time>2023-12-25T09:12:57</time>
			</trkpt>
			<trkpt lat="48.8633434753865" lon="3.15353742800653">
				<ele>138.0</ele>
				<time>2023-12-25T09:13:03</time>
			</trkpt>
			<trkpt lat="48.86334791779518" lon="3.15365519374609">
				<ele>138.0</ele>
				<time>2023-12-25T09:13:04</time>
			</trkpt>
			<trkpt lat="48.86344514787197" lon="3.154356926679611">
				<ele>138.0</ele>
				<time>2023-12-25T09:13:12</time>
			</trkpt>
			<trkpt lat="48.86387656442821" lon="3.1570339389145374">
				<ele>137.4</ele>
				<time>2023-12-25T09:13:44</time>
			</trkpt>
			<trkpt lat="48.86408368125558" lon="3.158437069505453">
				<ele>139.0</ele>
				<time>2023-12-25T09:14:00</time>
			</trkpt>
			<trkpt lat="48.86467401869595" lon="3.160294499248266">
				<ele>141.3</ele>
				<time>2023-12-25T09:14:24</time>
			</trkpt>
			<trkpt lat="48.86498364619911" lon="3.1614086218178272">
				<ele>144.23</ele>
				<time>2023-12-25T09:14:38</time>
			</trkpt>
			<trkpt lat="48.86499253101647" lon="3.1614403892308474">
				<ele>144.33</ele>
				<time>2023-12-25T09:14:38</time>
			</trkpt>
			<trkpt lat="48.86499219574034" lon="3.161438964307308">
				<ele>144.34</ele>
				<time>2023-12-25T09:14:38</time>
			</trkpt>
			<trkpt lat="48.864991860464215" lon="3.161437790840864">
				<ele>144.35</ele>
				<time>2023-12-25T09:14:38</time>
			</trkpt>
			<trkpt lat="48.86498440057039" lon="3.1614424008876085">
				<ele>145.03</ele>
				<time>2023-12-25T09:14:38</time>
			</trkpt>
			<trkpt lat="48.86549234390259" lon="3.163343667984009">
				<ele>144.83</ele>
				<time>2023-12-25T09:15:02</time>
			</trkpt>
			<trkpt lat="48.865599632263184" lon="3.1639766693115234">
				<ele>145.46</ele>
				<time>2023-12-25T09:15:09</time>
			</trkpt>
			<trkpt lat="48.866071784868836" lon="3.163633346557617">
				<ele>146.22</ele>
				<time>2023-12-25T09:15:18</time>
			</trkpt>
			<trkpt lat="48.86613607406616" lon="3.163590431213379">
				<ele>146.82</ele>
				<time>2023-12-25T09:15:20</time>
			</trkpt>
			<trkpt lat="48.86650093831122" lon="3.163332939147949">
				<ele>147.38</ele>
				<time>2023-12-25T09:15:27</time>
			</trkpt>
			<trkpt lat="48.86667251586914" lon="3.163214921951294">
				<ele>147.85</ele>
				<time>2023-12-25T09:15:30</time>
			</trkpt>
			<trkpt lat="48.86746653355658" lon="3.162785768508911">
				<ele>148.5</ele>
				<time>2023-12-25T09:15:45</time>
			</trkpt>
			<trkpt lat="48.86764883995056" lon="3.1626570224761963">
				<ele>148.63</ele>
				<time>2023-12-25T09:15:48</time>
			</trkpt>
			<trkpt lat="48.8679386023432" lon="3.162292242050171">
				<ele>148.35</ele>
				<time>2023-12-25T09:15:55</time>
			</trkpt>
			<trkpt lat="48.86815309524536" lon="3.1621313095092773">
				<ele>148.05</ele>
				<time>2023-12-25T09:15:59</time>
			</trkpt>
			<trkpt lat="48.86839985847473" lon="3.162034749984741">
				<ele>147.74</ele>
				<time>2023-12-25T09:16:03</time>
			</trkpt>
			<trkpt lat="48.86915096081793" lon="3.1619811058044434">
				<ele>147.95</ele>
				<time>2023-12-25T09:16:16</time>
			</trkpt>
			<trkpt lat="48.87013792991638" lon="3.1619274616241455">
				<ele>147.83</ele>
				<time>2023-12-25T09:16:33</time>
			</trkpt>
			<trkpt lat="48.87043833732605" lon="3.16206693649292">
				<ele>147.72</ele>
				<time>2023-12-25T09:16:39</time>
			</trkpt>
			<trkpt lat="48.87064218521118" lon="3.162260055541992">
				<ele>147.35</ele>
				<time>2023-12-25T09:16:43</time>
			</trkpt>
			<trkpt lat="48.87165077961981" lon="3.1635260581970215">
				<ele>146.6</ele>
				<time>2023-12-25T09:17:06</time>
			</trkpt>
			<trkpt lat="48.87219786643982" lon="3.164234161376953">
				<ele>145.93</ele>
				<time>2023-12-25T09:17:18</time>
			</trkpt>
			<trkpt lat="48.872235752642155" lon="3.1642449740320444">
				<ele>145.73</ele>
				<time>2023-12-25T09:17:19</time>
			</trkpt>
			<trkpt lat="48.87226006016135" lon="3.164251931011677">
				<ele>145.61</ele>
				<time>2023-12-25T09:17:20</time>
			</trkpt>
			<trkpt lat="48.87226089835167" lon="3.164252182468772">
				<ele>145.61</ele>
				<time>2023-12-25T09:17:20</time>
			</trkpt>
			<trkpt lat="48.87226198799908" lon="3.164252517744899">
				<ele>145.61</ele>
				<time>2023-12-25T09:17:20</time>
			</trkpt>
			<trkpt lat="48.87219795025885" lon="3.164234161376953">
				<ele>144.53</ele>
				<time>2023-12-25T09:17:21</time>
			</trkpt>
			<trkpt lat="48.87219786643982" lon="3.164234161376953">
				<ele>144.85</ele>
				<time>2023-12-25T09:17:21</time>
			</trkpt>
			<trkpt lat="48.872551918029785" lon="3.1646525859832764">
				<ele>145.27</ele>
				<time>2023-12-25T09:17:28</time>
			</trkpt>
			<trkpt lat="48.872809410095215" lon="3.1648778915405273">
				<ele>145.6</ele>
				<time>2023-12-25T09:17:34</time>
			</trkpt>
			<trkpt lat="48.874783515930176" lon="3.166015148162842">
				<ele>146.64</ele>
				<time>2023-12-25T09:18:10</time>
			</trkpt>
			<trkpt lat="48.87718685902655" lon="3.1673455238342285">
				<ele>147.45</ele>
				<time>2023-12-25T09:18:55</time>
			</trkpt>
			<trkpt lat="48.88353832997382" lon="3.170907497406006">
				<ele>148.7</ele>
				<time>2023-12-25T09:20:53</time>
			</trkpt>
			<trkpt lat="48.883538246154785" lon="3.170907497406006">
				<ele>149.68</ele>
				<time>2023-12-25T09:20:53</time>
			</trkpt>
			<trkpt lat="48.88392456807196" lon="3.1711220741271973">
				<ele>150.54</ele>
				<time>2023-12-25T09:21:00</time>
			</trkpt>
			<trkpt lat="48.88447165489197" lon="3.171433210372925">
				<ele>151.61</ele>
				<time>2023-12-25T09:21:10</time>
			</trkpt>
			<trkpt lat="48.884793519973755" lon="3.1715404987335205">
				<ele>152.6</ele>
				<time>2023-12-25T09:21:16</time>
			</trkpt>
			<trkpt lat="48.885072469711304" lon="3.171529769897461">
				<ele>153.54</ele>
				<time>2023-12-25T09:21:21</time>
			</trkpt>
			<trkpt lat="48.8854266051203" lon="3.1714653968811035">
				<ele>154.54</ele>
				<time>2023-12-25T09:21:27</time>
			</trkpt>
			<trkpt lat="48.88579138554633" lon="3.171401023864746">
				<ele>155.73</ele>
				<time>2023-12-25T09:21:33</time>
			</trkpt>
			<trkpt lat="48.887615287676454" lon="3.17105770111084">
				<ele>156.52</ele>
				<time>2023-12-25T09:22:05</time>
			</trkpt>
			<trkpt lat="48.89069437980652" lon="3.1704890727996826">
				<ele>157.3</ele>
				<time>2023-12-25T09:22:59</time>
			</trkpt>
			<trkpt lat="48.890812397003174" lon="3.1705427169799805">
				<ele>157.76</ele>
				<time>2023-12-25T09:23:01</time>
			</trkpt>
			<trkpt lat="48.89086604118347" lon="3.1705963611602783">
				<ele>158.01</ele>
				<time>2023-12-25T09:23:02</time>
			</trkpt>
			<trkpt lat="48.892604196444154" lon="3.1680428981781006">
				<ele>158.09</ele>
				<time>2023-12-25T09:23:45</time>
			</trkpt>
			<trkpt lat="48.89341950416565" lon="3.1667983531951904">
				<ele>157.9</ele>
				<time>2023-12-25T09:24:05</time>
			</trkpt>
			<trkpt lat="48.89347314834595" lon="3.166680335998535">
				<ele>157.18</ele>
				<time>2023-12-25T09:24:06</time>
			</trkpt>
			<trkpt lat="48.89419198036194" lon="3.1670451164245605">
				<ele>156.0</ele>
				<time>2023-12-25T09:24:19</time>
			</trkpt>
			<trkpt lat="48.895104015246034" lon="3.167431354522705">
				<ele>154.38</ele>
				<time>2023-12-25T09:24:36</time>
			</trkpt>
			<trkpt lat="48.896337831392884" lon="3.1679463386535645">
				<ele>152.07</ele>
				<time>2023-12-25T09:24:58</time>
			</trkpt>
			<trkpt lat="48.89682054519653" lon="3.168160915374756">
				<ele>149.42</ele>
				<time>2023-12-25T09:25:07</time>
			</trkpt>
			<trkpt lat="48.896820629015565" lon="3.168160915374756">
				<ele>146.64</ele>
				<time>2023-12-25T09:25:07</time>
			</trkpt>
			<trkpt lat="48.89817246235907" lon="3.1687402725219727">
				<ele>142.67</ele>
				<time>2023-12-25T09:25:31</time>
			</trkpt>
			<trkpt lat="48.900543451309204" lon="3.169780969619751">
				<ele>138.3</ele>
				<time>2023-12-25T09:26:14</time>
			</trkpt>
			<trkpt lat="48.90084385871887" lon="3.170027732849121">
				<ele>134.47</ele>
				<time>2023-12-25T09:26:20</time>
			</trkpt>
			<trkpt lat="48.90114426612854" lon="3.1703174114227295">
				<ele>130.31</ele>
				<time>2023-12-25T09:26:26</time>
			</trkpt>
			<trkpt lat="48.90184164047241" lon="3.171100616455078">
				<ele>126.14</ele>
				<time>2023-12-25T09:26:42</time>
			</trkpt>
			<trkpt lat="48.902742862701416" lon="3.1720125675201416">
				<ele>120.84</ele>
				<time>2023-12-25T09:27:00</time>
			</trkpt>
			<trkpt lat="48.90321493148804" lon="3.1725382804870605">
				<ele>115.61</ele>
				<time>2023-12-25T09:27:11</time>
			</trkpt>
			<trkpt lat="48.903515338897705" lon="3.172956705093384">
				<ele>110.48</ele>
				<time>2023-12-25T09:27:18</time>
			</trkpt>
			<trkpt lat="48.903762102127075" lon="3.1734073162078857">
				<ele>105.35</ele>
				<time>2023-12-25T09:27:24</time>
			</trkpt>
			<trkpt lat="48.90414842404425" lon="3.174448013305664">
				<ele>99.77</ele>
				<time>2023-12-25T09:27:38</time>
			</trkpt>
			<trkpt lat="48.90574702061713" lon="3.1787288188934326">
				<ele>93.14</ele>
				<time>2023-12-25T09:28:34</time>
			</trkpt>
			<trkpt lat="48.90585430897772" lon="3.179018497467041">
				<ele>88.43</ele>
				<time>2023-12-25T09:28:38</time>
			</trkpt>
			<trkpt lat="48.90595078468323" lon="3.179265260696411">
				<ele>84.08</ele>
				<time>2023-12-25T09:28:41</time>
			</trkpt>
			<trkpt lat="48.90601524151862" lon="3.179372549057007">
				<ele>80.12</ele>
				<time>2023-12-25T09:28:43</time>
			</trkpt>
			<trkpt lat="48.90708804130554" lon="3.1806492805480957">
				<ele>75.98</ele>
				<time>2023-12-25T09:29:07</time>
			</trkpt>
			<trkpt lat="48.90772104263306" lon="3.1813788414001465">
				<ele>72.36</ele>
				<time>2023-12-25T09:29:21</time>
			</trkpt>
			<trkpt lat="48.907839143648744" lon="3.1814968585968018">
				<ele>69.63</ele>
				<time>2023-12-25T09:29:23</time>
			</trkpt>
			<trkpt lat="48.908021450042725" lon="3.1814754009246826">
				<ele>67.27</ele>
				<time>2023-12-25T09:29:26</time>
			</trkpt>
			<trkpt lat="48.90811800956726" lon="3.1818079948425293">
				<ele>65.54</ele>
				<time>2023-12-25T09:29:30</time>
			</trkpt>
			<trkpt lat="48.90813946723938" lon="3.1821513175964355">
				<ele>64.14</ele>
				<time>2023-12-25T09:29:34</time>
			</trkpt>
			<trkpt lat="48.90812873840332" lon="3.1826233863830566">
				<ele>62.85</ele>
				<time>2023-12-25T09:29:40</time>
			</trkpt>
			<trkpt lat="48.90808582305908" lon="3.1829559803009033">
				<ele>62.0</ele>
				<time>2023-12-25T09:29:44</time>
			</trkpt>
			<trkpt lat="48.90795707702637" lon="3.183234930038452">
				<ele>61.52</ele>
				<time>2023-12-25T09:29:48</time>
			</trkpt>
			<trkpt lat="48.907731771469116" lon="3.183460235595703">
				<ele>61.36</ele>
				<time>2023-12-25T09:29:52</time>
			</trkpt>
			<trkpt lat="48.907527923583984" lon="3.1835997104644775">
				<ele>61.25</ele>
				<time>2023-12-25T09:29:56</time>
			</trkpt>
			<trkpt lat="48.907281160354614" lon="3.1836748123168945">
				<ele>61.28</ele>
				<time>2023-12-25T09:30:01</time>
			</trkpt>
			<trkpt lat="48.906991481781006" lon="3.1837069988250732">
				<ele>61.44</ele>
				<time>2023-12-25T09:30:06</time>
			</trkpt>
			<trkpt lat="48.90663743019104" lon="3.1837069988250732">
				<ele>61.83</ele>
				<time>2023-12-25T09:30:12</time>
			</trkpt>
			<trkpt lat="48.9064980391413" lon="3.183685541152954">
				<ele>62.35</ele>
				<time>2023-12-25T09:30:14</time>
			</trkpt>
			<trkpt lat="48.90645503997803" lon="3.1836748123168945">
				<ele>62.88</ele>
				<time>2023-12-25T09:30:15</time>
			</trkpt>
			<trkpt lat="48.90640139579773" lon="3.18379282951355">
				<ele>63.45</ele>
				<time>2023-12-25T09:30:17</time>
			</trkpt>
			<trkpt lat="48.906337106600404" lon="3.1842434406280518">
				<ele>64.02</ele>
				<time>2023-12-25T09:30:22</time>
			</trkpt>
			<trkpt lat="48.90624054707587" lon="3.1847798824310303">
				<ele>64.83</ele>
				<time>2023-12-25T09:30:28</time>
			</trkpt>
			<trkpt lat="48.90621908940375" lon="3.184962272644043">
				<ele>65.56</ele>
				<time>2023-12-25T09:30:30</time>
			</trkpt>
			<trkpt lat="48.90614398755133" lon="3.185434341430664">
				<ele>66.13</ele>
				<time>2023-12-25T09:30:36</time>
			</trkpt>
			<trkpt lat="48.90595086850226" lon="3.1865501403808594">
				<ele>66.48</ele>
				<time>2023-12-25T09:30:49</time>
			</trkpt>
			<trkpt lat="48.90584349632263" lon="3.187129497528076">
				<ele>67.07</ele>
				<time>2023-12-25T09:30:56</time>
			</trkpt>
			<trkpt lat="48.905543172731996" lon="3.1888246536254883">
				<ele>67.6</ele>
				<time>2023-12-25T09:31:16</time>
			</trkpt>
			<trkpt lat="48.905092561617494" lon="3.1913673877716064">
				<ele>68.87</ele>
				<time>2023-12-25T09:31:46</time>
			</trkpt>
			<trkpt lat="48.90486725606024" lon="3.1927192211151123">
				<ele>69.37</ele>
				<time>2023-12-25T09:32:02</time>
			</trkpt>
			<trkpt lat="48.90484571456909" lon="3.1928372383117676">
				<ele>69.35</ele>
				<time>2023-12-25T09:32:04</time>
			</trkpt>
			<trkpt lat="48.9046311378479" lon="3.1940603256225586">
				<ele>69.0</ele>
				<time>2023-12-25T09:32:18</time>
			</trkpt>
			<trkpt lat="48.90455603599548" lon="3.1943070888519287">
				<ele>68.47</ele>
				<time>2023-12-25T09:32:21</time>
			</trkpt>
			<trkpt lat="48.90443801879883" lon="3.1945323944091797">
				<ele>67.73</ele>
				<time>2023-12-25T09:32:24</time>
			</trkpt>
			<trkpt lat="48.90398749150336" lon="3.195004463195801">
				<ele>66.71</ele>
				<time>2023-12-25T09:32:34</time>
			</trkpt>
			<trkpt lat="48.903783559799194" lon="3.1952083110809326">
				<ele>66.19</ele>
				<time>2023-12-25T09:32:38</time>
			</trkpt>
			<trkpt lat="48.903493881225586" lon="3.1955409049987793">
				<ele>65.97</ele>
				<time>2023-12-25T09:32:45</time>
			</trkpt>
			<trkpt lat="48.90344032086432" lon="3.195744752883911">
				<ele>66.06</ele>
				<time>2023-12-25T09:32:47</time>
			</trkpt>
			<trkpt lat="48.9034188631922" lon="3.195852041244507">
				<ele>66.47</ele>
				<time>2023-12-25T09:32:48</time>
			</trkpt>
			<trkpt lat="48.90336513519287" lon="3.196624517440796">
				<ele>67.25</ele>
				<time>2023-12-25T09:32:57</time>
			</trkpt>
			<trkpt lat="48.90363335609436" lon="3.196549415588379">
				<ele>68.45</ele>
				<time>2023-12-25T09:33:02</time>
			</trkpt>
			<trkpt lat="48.90517839230597" lon="3.1961095333099365">
				<ele>70.46</ele>
				<time>2023-12-25T09:33:29</time>
			</trkpt>
			<trkpt lat="48.90641220845282" lon="3.1957554817199707">
				<ele>73.32</ele>
				<time>2023-12-25T09:33:51</time>
			</trkpt>
			<trkpt lat="48.9065945148468" lon="3.1958842277526855">
				<ele>75.74</ele>
				<time>2023-12-25T09:33:55</time>
			</trkpt>
			<trkpt lat="48.90692710876465" lon="3.196195363998413">
				<ele>78.73</ele>
				<time>2023-12-25T09:34:01</time>
			</trkpt>
			<trkpt lat="48.90712022781372" lon="3.196549415588379">
				<ele>82.06</ele>
				<time>2023-12-25T09:34:07</time>
			</trkpt>
			<trkpt lat="48.90732407569885" lon="3.1970643997192383">
				<ele>85.46</ele>
				<time>2023-12-25T09:34:14</time>
			</trkpt>
			<trkpt lat="48.90742063522339" lon="3.1971395015716553">
				<ele>89.01</ele>
				<time>2023-12-25T09:34:16</time>
			</trkpt>
			<trkpt lat="48.907538652420044" lon="3.197150230407715">
				<ele>92.77</ele>
				<time>2023-12-25T09:34:18</time>
			</trkpt>
			<trkpt lat="48.91022086143494" lon="3.1963348388671875">
				<ele>98.43</ele>
				<time>2023-12-25T09:35:05</time>
			</trkpt>
			<trkpt lat="48.91042470932007" lon="3.196291923522949">
				<ele>102.35</ele>
				<time>2023-12-25T09:35:09</time>
			</trkpt>
			<trkpt lat="48.910531997680664" lon="3.196302652359009">
				<ele>106.16</ele>
				<time>2023-12-25T09:35:11</time>
			</trkpt>
			<trkpt lat="48.910585725679994" lon="3.196345567703247">
				<ele>109.81</ele>
				<time>2023-12-25T09:35:12</time>
			</trkpt>
			<trkpt lat="48.91063936986029" lon="3.196377754211426">
				<ele>113.35</ele>
				<time>2023-12-25T09:35:13</time>
			</trkpt>
			<trkpt lat="48.91071447171271" lon="3.196549415588379">
				<ele>116.87</ele>
				<time>2023-12-25T09:35:15</time>
			</trkpt>
			<trkpt lat="48.91104698181152" lon="3.197600841522217">
				<ele>120.53</ele>
				<time>2023-12-25T09:35:28</time>
			</trkpt>
			<trkpt lat="48.9111328125" lon="3.197718858718872">
				<ele>123.77</ele>
				<time>2023-12-25T09:35:30</time>
			</trkpt>
			<trkpt lat="48.911240100860596" lon="3.197740316390991">
				<ele>126.98</ele>
				<time>2023-12-25T09:35:32</time>
			</trkpt>
			<trkpt lat="48.91131520271301" lon="3.1977081298828125">
				<ele>130.07</ele>
				<time>2023-12-25T09:35:34</time>
			</trkpt>
			<trkpt lat="48.91141176223755" lon="3.197600841522217">
				<ele>133.1</ele>
				<time>2023-12-25T09:35:36</time>
			</trkpt>
			<trkpt lat="48.912774324417114" lon="3.195626735687256">
				<ele>137.32</ele>
				<time>2023-12-25T09:36:08</time>
			</trkpt>
			<trkpt lat="48.91289234161377" lon="3.1955623626708984">
				<ele>139.96</ele>
				<time>2023-12-25T09:36:11</time>
			</trkpt>
			<trkpt lat="48.9130425453186" lon="3.1955623626708984">
				<ele>142.47</ele>
				<time>2023-12-25T09:36:13</time>
			</trkpt>
			<trkpt lat="48.913267934694886" lon="3.195648193359375">
				<ele>144.82</ele>
				<time>2023-12-25T09:36:17</time>
			</trkpt>
			<trkpt lat="48.91411542892456" lon="3.195948600769043">
				<ele>147.01</ele>
				<time>2023-12-25T09:36:32</time>
			</trkpt>
			<trkpt lat="48.914244174957275" lon="3.1951868534088135">
				<ele>148.52</ele>
				<time>2023-12-25T09:36:41</time>
			</trkpt>
			<trkpt lat="48.91463041305542" lon="3.1930196285247803">
				<ele>150.06</ele>
				<time>2023-12-25T09:37:07</time>
			</trkpt>
			<trkpt lat="48.915016651153564" lon="3.1907451152801514">
				<ele>151.4</ele>
				<time>2023-12-25T09:37:34</time>
			</trkpt>
			<trkpt lat="48.91510256566107" lon="3.1904983520507812">
				<ele>152.59</ele>
				<time>2023-12-25T09:37:37</time>
			</trkpt>
			<trkpt lat="48.91515612602234" lon="3.190380334854126">
				<ele>153.59</ele>
				<time>2023-12-25T09:37:39</time>
			</trkpt>
			<trkpt lat="48.915263498201966" lon="3.190251588821411">
				<ele>154.53</ele>
				<time>2023-12-25T09:37:41</time>
			</trkpt>
			<trkpt lat="48.915263414382935" lon="3.190251588821411">
				<ele>155.3</ele>
				<time>2023-12-25T09:37:41</time>
			</trkpt>
			<trkpt lat="48.91560673713684" lon="3.189951181411743">
				<ele>156.33</ele>
				<time>2023-12-25T09:37:48</time>
			</trkpt>
			<trkpt lat="48.91591787338257" lon="3.1895864009857178">
				<ele>157.11</ele>
				<time>2023-12-25T09:37:55</time>
			</trkpt>
			<trkpt lat="48.916057432070374" lon="3.1893503665924072">
				<ele>157.94</ele>
				<time>2023-12-25T09:37:59</time>
			</trkpt>
			<trkpt lat="48.916057432070374" lon="3.1893396377563477">
				<ele>158.82</ele>
				<time>2023-12-25T09:37:59</time>
			</trkpt>
			<trkpt lat="48.91605734825134" lon="3.1893396377563477">
				<ele>159.81</ele>
				<time>2023-12-25T09:37:59</time>
			</trkpt>
			<trkpt lat="48.91710885800421" lon="3.1874942779541016">
				<ele>161.04</ele>
				<time>2023-12-25T09:38:27</time>
			</trkpt>
			<trkpt lat="48.91710877418518" lon="3.1874942779541016">
				<ele>162.32</ele>
				<time>2023-12-25T09:38:27</time>
			</trkpt>
			<trkpt lat="48.91743063926697" lon="3.186936378479004">
				<ele>164.06</ele>
				<time>2023-12-25T09:38:35</time>
			</trkpt>
			<trkpt lat="48.9176881313324" lon="3.186582326889038">
				<ele>165.72</ele>
				<time>2023-12-25T09:38:41</time>
			</trkpt>
			<trkpt lat="48.91791343688965" lon="3.186389207839966">
				<ele>167.6</ele>
				<time>2023-12-25T09:38:46</time>
			</trkpt>
			<trkpt lat="48.91828894615173" lon="3.186260461807251">
				<ele>169.54</ele>
				<time>2023-12-25T09:38:52</time>
			</trkpt>
			<trkpt lat="48.91936182975769" lon="3.186131715774536">
				<ele>171.92</ele>
				<time>2023-12-25T09:39:11</time>
			</trkpt>
			<trkpt lat="48.919565761461854" lon="3.1861424446105957">
				<ele>173.56</ele>
				<time>2023-12-25T09:39:15</time>
			</trkpt>
			<trkpt lat="48.91963013447821" lon="3.1861424446105957">
				<ele>174.93</ele>
				<time>2023-12-25T09:39:16</time>
			</trkpt>
			<trkpt lat="48.91981244087219" lon="3.1860780715942383">
				<ele>176.2</ele>
				<time>2023-12-25T09:39:19</time>
			</trkpt>
			<trkpt lat="48.9201021194458" lon="3.1860673427581787">
				<ele>177.14</ele>
				<time>2023-12-25T09:39:24</time>
			</trkpt>
			<trkpt lat="48.9203489664942" lon="3.1860995292663574">
				<ele>177.95</ele>
				<time>2023-12-25T09:39:28</time>
			</trkpt>
			<trkpt lat="48.92041333951056" lon="3.186131715774536">
				<ele>178.56</ele>
				<time>2023-12-25T09:39:30</time>
			</trkpt>
			<trkpt lat="48.92041325569153" lon="3.186131715774536">
				<ele>178.96</ele>
				<time>2023-12-25T09:39:30</time>
			</trkpt>
			<trkpt lat="48.920466899871826" lon="3.1861531734466553">
				<ele>179.17</ele>
				<time>2023-12-25T09:39:31</time>
			</trkpt>
			<trkpt lat="48.92059564590454" lon="3.1861531734466553">
				<ele>179.17</ele>
				<time>2023-12-25T09:39:33</time>
			</trkpt>
			<trkpt lat="48.920756578445435" lon="3.1860673427581787">
				<ele>178.93</ele>
				<time>2023-12-25T09:39:36</time>
			</trkpt>
			<trkpt lat="48.92114281654358" lon="3.1857776641845703">
				<ele>178.55</ele>
				<time>2023-12-25T09:39:43</time>
			</trkpt>
			<trkpt lat="48.92165780067444" lon="3.1855309009552">
				<ele>177.9</ele>
				<time>2023-12-25T09:39:53</time>
			</trkpt>
			<trkpt lat="48.92366409301758" lon="3.1847476959228516">
				<ele>177.24</ele>
				<time>2023-12-25T09:40:29</time>
			</trkpt>
			<trkpt lat="48.92414697445929" lon="3.1844472885131836">
				<ele>176.4</ele>
				<time>2023-12-25T09:40:38</time>
			</trkpt>
			<trkpt lat="48.9245331287384" lon="3.1842005252838135">
				<ele>175.19</ele>
				<time>2023-12-25T09:40:45</time>
			</trkpt>
			<trkpt lat="48.92489790916443" lon="3.1839001178741455">
				<ele>173.95</ele>
				<time>2023-12-25T09:40:52</time>
			</trkpt>
			<trkpt lat="48.925273418426514" lon="3.1833958625793457">
				<ele>172.59</ele>
				<time>2023-12-25T09:41:01</time>
			</trkpt>
			<trkpt lat="48.92555236816406" lon="3.1830954551696777">
				<ele>171.13</ele>
				<time>2023-12-25T09:41:07</time>
			</trkpt>
			<trkpt lat="48.92668962478638" lon="3.182312250137329">
				<ele>169.38</ele>
				<time>2023-12-25T09:41:29</time>
			</trkpt>
			<trkpt lat="48.92671116627753" lon="3.18229079246521">
				<ele>168.31</ele>
				<time>2023-12-25T09:41:29</time>
			</trkpt>
			<trkpt lat="48.927247524261475" lon="3.1819796562194824">
				<ele>167.23</ele>
				<time>2023-12-25T09:41:39</time>
			</trkpt>
			<trkpt lat="48.927977085113525" lon="3.181711435317993">
				<ele>166.04</ele>
				<time>2023-12-25T09:41:52</time>
			</trkpt>
			<trkpt lat="48.92810583114624" lon="3.181636333465576">
				<ele>165.09</ele>
				<time>2023-12-25T09:41:55</time>
			</trkpt>
			<trkpt lat="48.928202390670776" lon="3.181518316268921">
				<ele>163.99</ele>
				<time>2023-12-25T09:41:57</time>
			</trkpt>
			<trkpt lat="48.92844923771918" lon="3.180938959121704">
				<ele>162.32</ele>
				<time>2023-12-25T09:42:05</time>
			</trkpt>
			<trkpt lat="48.92853498458862" lon="3.1806600093841553">
				<ele>160.82</ele>
				<time>2023-12-25T09:42:08</time>
			</trkpt>
			<trkpt lat="48.92875475808978" lon="3.179691983386874">
				<ele>159.27</ele>
				<time>2023-12-25T09:42:20</time>
			</trkpt>
			<trkpt lat="48.92876288853586" lon="3.179656444117427">
				<ele>159.21</ele>
				<time>2023-12-25T09:42:20</time>
			</trkpt>
			<trkpt lat="48.92876263707876" lon="3.179657869040966">
				<ele>159.21</ele>
				<time>2023-12-25T09:42:20</time>
			</trkpt>
			<trkpt lat="48.9287624694407" lon="3.1796589586883783">
				<ele>159.21</ele>
				<time>2023-12-25T09:42:20</time>
			</trkpt>
			<trkpt lat="48.9287624694407" lon="3.1796588748693466">
				<ele>159.2</ele>
				<time>2023-12-25T09:42:20</time>
			</trkpt>
			<trkpt lat="48.92891049385071" lon="3.1790077686309814">
				<ele>156.49</ele>
				<time>2023-12-25T09:42:28</time>
			</trkpt>
			<trkpt lat="48.92904996871948" lon="3.1785035133361816">
				<ele>156.21</ele>
				<time>2023-12-25T09:42:34</time>
			</trkpt>
			<trkpt lat="48.92929673194885" lon="3.1780099868774414">
				<ele>155.83</ele>
				<time>2023-12-25T09:42:42</time>
			</trkpt>
			<trkpt lat="48.92943620681763" lon="3.1778061389923096">
				<ele>155.96</ele>
				<time>2023-12-25T09:42:45</time>
			</trkpt>
			<trkpt lat="48.9295756816864" lon="3.177741765975952">
				<ele>156.44</ele>
				<time>2023-12-25T09:42:47</time>
			</trkpt>
			<trkpt lat="48.929736614227295" lon="3.1777846813201904">
				<ele>157.0</ele>
				<time>2023-12-25T09:42:50</time>
			</trkpt>
			<trkpt lat="48.93017649650574" lon="3.1781387329101562">
				<ele>157.54</ele>
				<time>2023-12-25T09:42:59</time>
			</trkpt>
			<trkpt lat="48.930498361587524" lon="3.1784284114837646">
				<ele>158.43</ele>
				<time>2023-12-25T09:43:05</time>
			</trkpt>
			<trkpt lat="48.93064856529236" lon="3.1785356998443604">
				<ele>159.31</ele>
				<time>2023-12-25T09:43:08</time>
			</trkpt>
			<trkpt lat="48.93091678619385" lon="3.1785035133361816">
				<ele>160.1</ele>
				<time>2023-12-25T09:43:13</time>
			</trkpt>
			<trkpt lat="48.93112063407898" lon="3.178439140319824">
				<ele>161.06</ele>
				<time>2023-12-25T09:43:17</time>
			</trkpt>
			<trkpt lat="48.93138885498047" lon="3.1782031059265137">
				<ele>162.04</ele>
				<time>2023-12-25T09:43:22</time>
			</trkpt>
			<trkpt lat="48.9315927028656" lon="3.1779563426971436">
				<ele>162.69</ele>
				<time>2023-12-25T09:43:27</time>
			</trkpt>
			<trkpt lat="48.93191456794739" lon="3.177344799041748">
				<ele>163.14</ele>
				<time>2023-12-25T09:43:36</time>
			</trkpt>
			<trkpt lat="48.93205404281616" lon="3.177098035812378">
				<ele>163.25</ele>
				<time>2023-12-25T09:43:39</time>
			</trkpt>
			<trkpt lat="48.93218278884888" lon="3.1770551204681396">
				<ele>162.95</ele>
				<time>2023-12-25T09:43:42</time>
			</trkpt>
			<trkpt lat="48.933738553896546" lon="3.1770122051239014">
				<ele>162.94</ele>
				<time>2023-12-25T09:44:09</time>
			</trkpt>
			<trkpt lat="48.93380284309387" lon="3.176625967025757">
				<ele>161.31</ele>
				<time>2023-12-25T09:44:13</time>
			</trkpt>
			<trkpt lat="48.93392086029053" lon="3.1762290000915527">
				<ele>158.91</ele>
				<time>2023-12-25T09:44:18</time>
			</trkpt>
			<trkpt lat="48.93453240394592" lon="3.174973726272583">
				<ele>155.46</ele>
				<time>2023-12-25T09:44:36</time>
			</trkpt>
			<trkpt lat="48.93588432110846" lon="3.17230224609375">
				<ele>151.57</ele>
				<time>2023-12-25T09:45:15</time>
			</trkpt>
			<trkpt lat="48.9359272364527" lon="3.172227144241333">
				<ele>146.58</ele>
				<time>2023-12-25T09:45:16</time>
			</trkpt>
			<trkpt lat="48.93592715263367" lon="3.172227144241333">
				<ele>140.73</ele>
				<time>2023-12-25T09:45:16</time>
			</trkpt>
			<trkpt lat="48.941506147384644" lon="3.1613588333129883">
				<ele>129.5</ele>
				<time>2023-12-25T09:47:53</time>
			</trkpt>
			<trkpt lat="48.94161343574524" lon="3.161015510559082">
				<ele>122.24</ele>
				<time>2023-12-25T09:47:58</time>
			</trkpt>
			<trkpt lat="48.94166707992554" lon="3.1605112552642822">
				<ele>114.77</ele>
				<time>2023-12-25T09:48:04</time>
			</trkpt>
			<trkpt lat="48.94152760505676" lon="3.156799077987671">
				<ele>106.65</ele>
				<time>2023-12-25T09:48:46</time>
			</trkpt>
			<trkpt lat="48.94137740135193" lon="3.1532371044158936">
				<ele>99.45</ele>
				<time>2023-12-25T09:49:27</time>
			</trkpt>
			<trkpt lat="48.94132375717163" lon="3.152700662612915">
				<ele>93.24</ele>
				<time>2023-12-25T09:49:33</time>
			</trkpt>
			<trkpt lat="48.94104480743408" lon="3.150801658630371">
				<ele>87.12</ele>
				<time>2023-12-25T09:49:55</time>
			</trkpt>
			<trkpt lat="48.940733671188354" lon="3.1487739086151123">
				<ele>80.91</ele>
				<time>2023-12-25T09:50:19</time>
			</trkpt>
			<trkpt lat="48.940712213516235" lon="3.148634433746338">
				<ele>77.17</ele>
				<time>2023-12-25T09:50:21</time>
			</trkpt>
			<trkpt lat="48.94047626294196" lon="3.147057294845581">
				<ele>74.33</ele>
				<time>2023-12-25T09:50:39</time>
			</trkpt>
			<trkpt lat="48.940476179122925" lon="3.147057294845581">
				<ele>72.67</ele>
				<time>2023-12-25T09:50:39</time>
			</trkpt>
			<trkpt lat="48.94034743309021" lon="3.1461989879608154">
				<ele>71.97</ele>
				<time>2023-12-25T09:50:49</time>
			</trkpt>
			<trkpt lat="48.939950466156006" lon="3.143538236618042">
				<ele>72.51</ele>
				<time>2023-12-25T09:51:21</time>
			</trkpt>
			<trkpt lat="48.93980026245117" lon="3.142240047454834">
				<ele>73.52</ele>
				<time>2023-12-25T09:51:36</time>
			</trkpt>
			<trkpt lat="48.93976807594299" lon="3.1417572498321533">
				<ele>74.97</ele>
				<time>2023-12-25T09:51:41</time>
			</trkpt>
			<trkpt lat="48.939757430925965" lon="3.1395792961120605">
				<ele>77.6</ele>
				<time>2023-12-25T09:52:06</time>
			</trkpt>
			<trkpt lat="48.939757347106934" lon="3.1395792961120605">
				<ele>79.55</ele>
				<time>2023-12-25T09:52:06</time>
			</trkpt>
			<trkpt lat="48.939768159762025" lon="3.138270378112793">
				<ele>81.42</ele>
				<time>2023-12-25T09:52:21</time>
			</trkpt>
			<trkpt lat="48.939757347106934" lon="3.1364142894744873">
				<ele>83.22</ele>
				<time>2023-12-25T09:52:42</time>
			</trkpt>
			<trkpt lat="48.94034751690924" lon="3.1361138820648193">
				<ele>85.25</ele>
				<time>2023-12-25T09:52:53</time>
			</trkpt>
			<trkpt lat="48.94113063812256" lon="3.1357598304748535">
				<ele>87.04</ele>
				<time>2023-12-25T09:53:07</time>
			</trkpt>
			<trkpt lat="48.94130229949951" lon="3.1357383728027344">
				<ele>88.48</ele>
				<time>2023-12-25T09:53:10</time>
			</trkpt>
			<trkpt lat="48.94191392697394" lon="3.135502338409424">
				<ele>89.79</ele>
				<time>2023-12-25T09:53:21</time>
			</trkpt>
			<trkpt lat="48.94236453808844" lon="3.1353414058685303">
				<ele>90.55</ele>
				<time>2023-12-25T09:53:29</time>
			</trkpt>
			<trkpt lat="48.94270786084235" lon="3.1352341175079346">
				<ele>90.86</ele>
				<time>2023-12-25T09:53:35</time>
			</trkpt>
			<trkpt lat="48.94331940449774" lon="3.13509464263916">
				<ele>90.8</ele>
				<time>2023-12-25T09:53:46</time>
			</trkpt>
			<trkpt lat="48.94331932067871" lon="3.13509464263916">
				<ele>90.13</ele>
				<time>2023-12-25T09:53:46</time>
			</trkpt>
			<trkpt lat="48.94342660903931" lon="3.1350302696228027">
				<ele>88.97</ele>
				<time>2023-12-25T09:53:48</time>
			</trkpt>
			<trkpt lat="48.9440381526947" lon="3.134493827819824">
				<ele>86.82</ele>
				<time>2023-12-25T09:54:01</time>
			</trkpt>
			<trkpt lat="48.944220542907715" lon="3.1343114376068115">
				<ele>84.71</ele>
				<time>2023-12-25T09:54:04</time>
			</trkpt>
			<trkpt lat="48.94466042518616" lon="3.1338393688201904">
				<ele>82.11</ele>
				<time>2023-12-25T09:54:14</time>
			</trkpt>
			<trkpt lat="48.94482135772705" lon="3.1337428092956543">
				<ele>79.38</ele>
				<time>2023-12-25T09:54:17</time>
			</trkpt>
			<trkpt lat="48.944982290267944" lon="3.1336891651153564">
				<ele>76.43</ele>
				<time>2023-12-25T09:54:20</time>
			</trkpt>
			<trkpt lat="48.9450466632843" lon="3.133571147918701">
				<ele>73.42</ele>
				<time>2023-12-25T09:54:21</time>
			</trkpt>
			<trkpt lat="48.9450466632843" lon="3.1325089931488037">
				<ele>69.46</ele>
				<time>2023-12-25T09:54:33</time>
			</trkpt>
			<trkpt lat="48.94506820477545" lon="3.1321442127227783">
				<ele>66.67</ele>
				<time>2023-12-25T09:54:38</time>
			</trkpt>
			<trkpt lat="48.94508957862854" lon="3.1319403648376465">
				<ele>64.26</ele>
				<time>2023-12-25T09:54:40</time>
			</trkpt>
			<trkpt lat="48.94507884979248" lon="3.131328821182251">
				<ele>62.06</ele>
				<time>2023-12-25T09:54:47</time>
			</trkpt>
			<trkpt lat="48.94517540931702" lon="3.1311678886413574">
				<ele>60.21</ele>
				<time>2023-12-25T09:54:49</time>
			</trkpt>
			<trkpt lat="48.94534707069397" lon="3.130974769592285">
				<ele>58.58</ele>
				<time>2023-12-25T09:54:53</time>
			</trkpt>
			<trkpt lat="48.9455509185791" lon="3.130899667739868">
				<ele>57.27</ele>
				<time>2023-12-25T09:54:57</time>
			</trkpt>
			<trkpt lat="48.94561529159546" lon="3.130899667739868">
				<ele>56.25</ele>
				<time>2023-12-25T09:54:58</time>
			</trkpt>
			<trkpt lat="48.94564747810364" lon="3.1308460235595703">
				<ele>55.46</ele>
				<time>2023-12-25T09:54:59</time>
			</trkpt>
			<trkpt lat="48.946237564086914" lon="3.131704330444336">
				<ele>54.95</ele>
				<time>2023-12-25T09:55:13</time>
			</trkpt>
			<trkpt lat="48.94660242833197" lon="3.132197856903076">
				<ele>54.57</ele>
				<time>2023-12-25T09:55:21</time>
			</trkpt>
			<trkpt lat="48.946999311447144" lon="3.132648468017578">
				<ele>54.49</ele>
				<time>2023-12-25T09:55:30</time>
			</trkpt>
			<trkpt lat="48.94757866859436" lon="3.1332170963287354">
				<ele>54.26</ele>
				<time>2023-12-25T09:55:42</time>
			</trkpt>
			<trkpt lat="48.947771871462464" lon="3.132927417755127">
				<ele>54.03</ele>
				<time>2023-12-25T09:55:47</time>
			</trkpt>
			<trkpt lat="48.94800782203674" lon="3.132723569869995">
				<ele>53.93</ele>
				<time>2023-12-25T09:55:52</time>
			</trkpt>
			<trkpt lat="48.94812592305243" lon="3.1325840950012207">
				<ele>53.86</ele>
				<time>2023-12-25T09:55:54</time>
			</trkpt>
			<trkpt lat="48.94854426383972" lon="3.1321442127227783">
				<ele>53.59</ele>
				<time>2023-12-25T09:56:03</time>
			</trkpt>
			<trkpt lat="48.94900560379028" lon="3.1313180923461914">
				<ele>53.29</ele>
				<time>2023-12-25T09:56:15</time>
			</trkpt>
			<trkpt lat="48.94911297596991" lon="3.1310927867889404">
				<ele>53.46</ele>
				<time>2023-12-25T09:56:19</time>
			</trkpt>
			<trkpt lat="48.94928455352783" lon="3.130652904510498">
				<ele>53.66</ele>
				<time>2023-12-25T09:56:24</time>
			</trkpt>
			<trkpt lat="48.94945629872382" lon="3.1302237510681152">
				<ele>54.0</ele>
				<time>2023-12-25T09:56:30</time>
			</trkpt>
			<trkpt lat="48.949456214904785" lon="3.1302237510681152">
				<ele>54.11</ele>
				<time>2023-12-25T09:56:30</time>
			</trkpt>
			<trkpt lat="48.94981035031378" lon="3.129376173019409">
				<ele>54.51</ele>
				<time>2023-12-25T09:56:42</time>
			</trkpt>
			<trkpt lat="48.949960470199585" lon="3.129054307937622">
				<ele>54.72</ele>
				<time>2023-12-25T09:56:46</time>
			</trkpt>
			<trkpt lat="48.95009994506836" lon="3.1287753582000732">
				<ele>55.06</ele>
				<time>2023-12-25T09:56:50</time>
			</trkpt>
			<trkpt lat="48.95029314793646" lon="3.128485679626465">
				<ele>55.74</ele>
				<time>2023-12-25T09:56:55</time>
			</trkpt>
			<trkpt lat="48.95029306411743" lon="3.128485679626465">
				<ele>56.6</ele>
				<time>2023-12-25T09:56:55</time>
			</trkpt>
			<trkpt lat="48.95106562413275" lon="3.1276166439056396">
				<ele>58.09</ele>
				<time>2023-12-25T09:57:12</time>
			</trkpt>
			<trkpt lat="48.95110845565796" lon="3.1274771690368652">
				<ele>59.74</ele>
				<time>2023-12-25T09:57:13</time>
			</trkpt>
			<trkpt lat="48.9510977268219" lon="3.12735915184021">
				<ele>61.88</ele>
				<time>2023-12-25T09:57:15</time>
			</trkpt>
			<trkpt lat="48.95110845565796" lon="3.127262592315674">
				<ele>64.56</ele>
				<time>2023-12-25T09:57:16</time>
			</trkpt>
			<trkpt lat="48.951183557510376" lon="3.1271016597747803">
				<ele>67.98</ele>
				<time>2023-12-25T09:57:18</time>
			</trkpt>
			<trkpt lat="48.95136594772339" lon="3.1271660327911377">
				<ele>72.22</ele>
				<time>2023-12-25T09:57:21</time>
			</trkpt>
			<trkpt lat="48.95146259106696" lon="3.1271982192993164">
				<ele>77.09</ele>
				<time>2023-12-25T09:57:23</time>
			</trkpt>
			<trkpt lat="48.95187020301819" lon="3.12735915184021">
				<ele>83.0</ele>
				<time>2023-12-25T09:57:30</time>
			</trkpt>
			<trkpt lat="48.953962409868836" lon="3.1285393238067627">
				<ele>90.39</ele>
				<time>2023-12-25T09:58:09</time>
			</trkpt>
			<trkpt lat="48.95542153157294" lon="3.129333257675171">
				<ele>97.77</ele>
				<time>2023-12-25T09:58:36</time>
			</trkpt>
			<trkpt lat="48.955421447753906" lon="3.129333257675171">
				<ele>104.59</ele>
				<time>2023-12-25T09:58:36</time>
			</trkpt>
			<trkpt lat="48.95806074142456" lon="3.1308460235595703">
				<ele>114.6</ele>
				<time>2023-12-25T09:59:25</time>
			</trkpt>
			<trkpt lat="48.9598096255213" lon="3.131822347640991">
				<ele>122.3</ele>
				<time>2023-12-25T09:59:58</time>
			</trkpt>
			<trkpt lat="48.95980954170227" lon="3.131822347640991">
				<ele>128.74</ele>
				<time>2023-12-25T09:59:58</time>
			</trkpt>
			<trkpt lat="48.96150469779968" lon="3.1327450275421143">
				<ele>135.42</ele>
				<time>2023-12-25T10:00:29</time>
			</trkpt>
			<trkpt lat="48.9615261554718" lon="3.1326162815093994">
				<ele>140.96</ele>
				<time>2023-12-25T10:00:31</time>
			</trkpt>
			<trkpt lat="48.96137595176697" lon="3.132154941558838">
				<ele>146.14</ele>
				<time>2023-12-25T10:00:36</time>
			</trkpt>
			<trkpt lat="48.96127939224243" lon="3.131800889968872">
				<ele>150.76</ele>
				<time>2023-12-25T10:00:41</time>
			</trkpt>
			<trkpt lat="48.96127939224243" lon="3.1315433979034424">
				<ele>154.65</ele>
				<time>2023-12-25T10:00:44</time>
			</trkpt>
			<trkpt lat="48.96151542663574" lon="3.1306958198547363">
				<ele>158.51</ele>
				<time>2023-12-25T10:00:54</time>
			</trkpt>
			<trkpt lat="48.961708545684814" lon="3.1302130222320557">
				<ele>161.6</ele>
				<time>2023-12-25T10:01:01</time>
			</trkpt>
			<trkpt lat="48.961708629503846" lon="3.1302130222320557">
				<ele>164.12</ele>
				<time>2023-12-25T10:01:01</time>
			</trkpt>
			<trkpt lat="48.96250247955322" lon="3.129225969314575">
				<ele>167.23</ele>
				<time>2023-12-25T10:01:19</time>
			</trkpt>
			<trkpt lat="48.962641954422" lon="3.129451274871826">
				<ele>169.0</ele>
				<time>2023-12-25T10:01:22</time>
			</trkpt>
			<trkpt lat="48.962942361831665" lon="3.1300735473632812">
				<ele>170.38</ele>
				<time>2023-12-25T10:01:31</time>
			</trkpt>
			<trkpt lat="48.96307110786438" lon="3.1302988529205322">
				<ele>171.53</ele>
				<time>2023-12-25T10:01:34</time>
			</trkpt>
			<trkpt lat="48.963221311569214" lon="3.130449056625366">
				<ele>172.5</ele>
				<time>2023-12-25T10:01:37</time>
			</trkpt>
			<trkpt lat="48.96360754966736" lon="3.1307709217071533">
				<ele>173.5</ele>
				<time>2023-12-25T10:01:45</time>
			</trkpt>
			<trkpt lat="48.96404751576483" lon="3.130974769592285">
				<ele>174.27</ele>
				<time>2023-12-25T10:01:53</time>
			</trkpt>
			<trkpt lat="48.96411180496216" lon="3.1309962272644043">
				<ele>174.66</ele>
				<time>2023-12-25T10:01:54</time>
			</trkpt>
			<trkpt lat="48.964186906814575" lon="3.130931854248047">
				<ele>174.89</ele>
				<time>2023-12-25T10:01:56</time>
			</trkpt>
			<trkpt lat="48.96439083851874" lon="3.130524158477783">
				<ele>174.99</ele>
				<time>2023-12-25T10:02:02</time>
			</trkpt>
			<trkpt lat="48.964476669207215" lon="3.130384683609009">
				<ele>174.8</ele>
				<time>2023-12-25T10:02:04</time>
			</trkpt>
			<trkpt lat="48.964476585388184" lon="3.130384683609009">
				<ele>174.36</ele>
				<time>2023-12-25T10:02:04</time>
			</trkpt>
			<trkpt lat="48.964680433273315" lon="3.1300628185272217">
				<ele>173.83</ele>
				<time>2023-12-25T10:02:09</time>
			</trkpt>
			<trkpt lat="48.96501302719116" lon="3.1296873092651367">
				<ele>173.07</ele>
				<time>2023-12-25T10:02:16</time>
			</trkpt>
			<trkpt lat="48.96639704704285" lon="3.128281831741333">
				<ele>171.81</ele>
				<time>2023-12-25T10:02:45</time>
			</trkpt>
			<trkpt lat="48.968950593844056" lon="3.1256747245788574">
				<ele>169.57</ele>
				<time>2023-12-25T10:03:39</time>
			</trkpt>
			<trkpt lat="48.96915444172919" lon="3.1254708766937256">
				<ele>167.84</ele>
				<time>2023-12-25T10:03:43</time>
			</trkpt>
			<trkpt lat="48.96980881690979" lon="3.1248056888580322">
				<ele>165.81</ele>
				<time>2023-12-25T10:03:57</time>
			</trkpt>
			<trkpt lat="48.969916105270386" lon="3.1246984004974365">
				<ele>163.67</ele>
				<time>2023-12-25T10:03:59</time>
			</trkpt>
			<trkpt lat="48.97003412246704" lon="3.124537467956543">
				<ele>161.43</ele>
				<time>2023-12-25T10:04:02</time>
			</trkpt>
			<trkpt lat="48.97066720761359" lon="3.1232821941375732">
				<ele>158.63</ele>
				<time>2023-12-25T10:04:20</time>
			</trkpt>
			<trkpt lat="48.97127875126898" lon="3.1221020221710205">
				<ele>155.96</ele>
				<time>2023-12-25T10:04:37</time>
			</trkpt>
			<trkpt lat="48.97201895713806" lon="3.1206536293029785">
				<ele>152.87</ele>
				<time>2023-12-25T10:04:58</time>
			</trkpt>
			<trkpt lat="48.97201904095709" lon="3.1206536293029785">
				<ele>150.47</ele>
				<time>2023-12-25T10:04:58</time>
			</trkpt>
			<trkpt lat="48.972673416137695" lon="3.119387626647949">
				<ele>147.41</ele>
				<time>2023-12-25T10:05:16</time>
			</trkpt>
			<trkpt lat="48.97284507751465" lon="3.11911940574646">
				<ele>145.16</ele>
				<time>2023-12-25T10:05:20</time>
			</trkpt>
			<trkpt lat="48.97300601005554" lon="3.1189048290252686">
				<ele>142.9</ele>
				<time>2023-12-25T10:05:24</time>
			</trkpt>
			<trkpt lat="48.97325277328491" lon="3.1186580657958984">
				<ele>140.6</ele>
				<time>2023-12-25T10:05:29</time>
			</trkpt>
			<trkpt lat="48.974422216415405" lon="3.1178319454193115">
				<ele>138.3</ele>
				<time>2023-12-25T10:05:52</time>
			</trkpt>
			<trkpt lat="48.975462913513184" lon="3.117166757583618">
				<ele>135.31</ele>
				<time>2023-12-25T10:06:11</time>
			</trkpt>
			<trkpt lat="48.97601008415222" lon="3.1168556213378906">
				<ele>132.44</ele>
				<time>2023-12-25T10:06:22</time>
			</trkpt>
			<trkpt lat="48.97613883018494" lon="3.1167590618133545">
				<ele>129.7</ele>
				<time>2023-12-25T10:06:24</time>
			</trkpt>
			<trkpt lat="48.97623538970947" lon="3.1166303157806396">
				<ele>127.03</ele>
				<time>2023-12-25T10:06:26</time>
			</trkpt>
			<trkpt lat="48.976235473528504" lon="3.1166303157806396">
				<ele>124.28</ele>
				<time>2023-12-25T10:06:26</time>
			</trkpt>
			<trkpt lat="48.97635340690613" lon="3.116469383239746">
				<ele>121.35</ele>
				<time>2023-12-25T10:06:29</time>
			</trkpt>
			<trkpt lat="48.976954221725464" lon="3.1153321266174316">
				<ele>117.55</ele>
				<time>2023-12-25T10:06:46</time>
			</trkpt>
			<trkpt lat="48.97771596908569" lon="3.1142592430114746">
				<ele>113.7</ele>
				<time>2023-12-25T10:07:04</time>
			</trkpt>
			<trkpt lat="48.97784471511841" lon="3.1139910221099854">
				<ele>110.38</ele>
				<time>2023-12-25T10:07:08</time>
			</trkpt>
			<trkpt lat="48.977909088134766" lon="3.113722801208496">
				<ele>107.1</ele>
				<time>2023-12-25T10:07:11</time>
			</trkpt>
			<trkpt lat="48.97797346115112" lon="3.111974000930786">
				<ele>103.15</ele>
				<time>2023-12-25T10:07:31</time>
			</trkpt>
			<trkpt lat="48.97796273231506" lon="3.1116092205047607">
				<ele>99.68</ele>
				<time>2023-12-25T10:07:35</time>
			</trkpt>
			<trkpt lat="48.97787690162659" lon="3.110600709915161">
				<ele>96.08</ele>
				<time>2023-12-25T10:07:47</time>
			</trkpt>
			<trkpt lat="48.97788763046265" lon="3.1102144718170166">
				<ele>93.2</ele>
				<time>2023-12-25T10:07:51</time>
			</trkpt>
			<trkpt lat="48.977952003479004" lon="3.1097638607025146">
				<ele>90.35</ele>
				<time>2023-12-25T10:07:56</time>
			</trkpt>
			<trkpt lat="48.97837042808533" lon="3.1073713302612305">
				<ele>86.99</ele>
				<time>2023-12-25T10:08:25</time>
			</trkpt>
			<trkpt lat="48.97846698760986" lon="3.107081651687622">
				<ele>84.8</ele>
				<time>2023-12-25T10:08:28</time>
			</trkpt>
			<trkpt lat="48.97858500480652" lon="3.1068456172943115">
				<ele>82.94</ele>
				<time>2023-12-25T10:08:32</time>
			</trkpt>
			<trkpt lat="48.97949695587158" lon="3.1053757667541504">
				<ele>81.33</ele>
				<time>2023-12-25T10:08:55</time>
			</trkpt>
			<trkpt lat="48.97960424423218" lon="3.1051290035247803">
				<ele>80.72</ele>
				<time>2023-12-25T10:08:58</time>
			</trkpt>
			<trkpt lat="48.979657888412476" lon="3.1048715114593506">
				<ele>80.48</ele>
				<time>2023-12-25T10:09:01</time>
			</trkpt>
			<trkpt lat="48.979668617248535" lon="3.104581832885742">
				<ele>80.65</ele>
				<time>2023-12-25T10:09:05</time>
			</trkpt>
			<trkpt lat="48.979389667510986" lon="3.1028330326080322">
				<ele>81.45</ele>
				<time>2023-12-25T10:09:25</time>
			</trkpt>
			<trkpt lat="48.97936820983887" lon="3.102586269378662">
				<ele>82.4</ele>
				<time>2023-12-25T10:09:28</time>
			</trkpt>
			<trkpt lat="48.97937893867493" lon="3.1024038791656494">
				<ele>83.74</ele>
				<time>2023-12-25T10:09:30</time>
			</trkpt>
			<trkpt lat="48.979421854019165" lon="3.102242946624756">
				<ele>85.36</ele>
				<time>2023-12-25T10:09:32</time>
			</trkpt>
			<trkpt lat="48.97947549819946" lon="3.1021249294281006">
				<ele>87.35</ele>
				<time>2023-12-25T10:09:34</time>
			</trkpt>
			<trkpt lat="48.97953987121582" lon="3.1020498275756836">
				<ele>89.58</ele>
				<time>2023-12-25T10:09:35</time>
			</trkpt>
			<trkpt lat="48.98046255111694" lon="3.1013846397399902">
				<ele>92.84</ele>
				<time>2023-12-25T10:09:53</time>
			</trkpt>
			<trkpt lat="48.98062348365784" lon="3.101320266723633">
				<ele>95.42</ele>
				<time>2023-12-25T10:09:56</time>
			</trkpt>
			<trkpt lat="48.98079514503479" lon="3.1012988090515137">
				<ele>98.04</ele>
				<time>2023-12-25T10:09:59</time>
			</trkpt>
			<trkpt lat="48.9815354347229" lon="3.1013309955596924">
				<ele>101.16</ele>
				<time>2023-12-25T10:10:12</time>
			</trkpt>
			<trkpt lat="48.98173928260803" lon="3.1013095378875732">
				<ele>103.8</ele>
				<time>2023-12-25T10:10:15</time>
			</trkpt>
			<trkpt lat="48.98275852203369" lon="3.1009769439697266">
				<ele>106.79</ele>
				<time>2023-12-25T10:10:33</time>
			</trkpt>
			<trkpt lat="48.98286581039429" lon="3.100966215133667">
				<ele>109.28</ele>
				<time>2023-12-25T10:10:35</time>
			</trkpt>
			<trkpt lat="48.98286589421332" lon="3.100966215133667">
				<ele>111.61</ele>
				<time>2023-12-25T10:10:35</time>
			</trkpt>
			<trkpt lat="48.982940912246704" lon="3.100944757461548">
				<ele>113.96</ele>
				<time>2023-12-25T10:10:37</time>
			</trkpt>
			<trkpt lat="48.983209216967225" lon="3.1010091304779053">
				<ele>116.33</ele>
				<time>2023-12-25T10:10:41</time>
			</trkpt>
			<trkpt lat="48.98357391357422" lon="3.101116418838501">
				<ele>118.87</ele>
				<time>2023-12-25T10:10:48</time>
			</trkpt>
			<trkpt lat="48.984131813049316" lon="3.1012022495269775">
				<ele>121.49</ele>
				<time>2023-12-25T10:10:58</time>
			</trkpt>
			<trkpt lat="48.9845073223114" lon="3.1013095378875732">
				<ele>124.42</ele>
				<time>2023-12-25T10:11:04</time>
			</trkpt>
			<trkpt lat="48.986427867785096" lon="3.102092742919922">
				<ele>127.84</ele>
				<time>2023-12-25T10:11:39</time>
			</trkpt>
			<trkpt lat="48.98662090301514" lon="3.10213565826416">
				<ele>130.69</ele>
				<time>2023-12-25T10:11:42</time>
			</trkpt>
			<trkpt lat="48.98684620857239" lon="3.10213565826416">
				<ele>133.66</ele>
				<time>2023-12-25T10:11:46</time>
			</trkpt>
			<trkpt lat="48.98804783821106" lon="3.1018245220184326">
				<ele>137.37</ele>
				<time>2023-12-25T10:12:07</time>
			</trkpt>
			<trkpt lat="48.98849844932556" lon="3.101792335510254">
				<ele>140.67</ele>
				<time>2023-12-25T10:12:15</time>
			</trkpt>
			<trkpt lat="48.988938331604004" lon="3.1018459796905518">
				<ele>143.77</ele>
				<time>2023-12-25T10:12:23</time>
			</trkpt>
			<trkpt lat="48.99020433425903" lon="3.1021785736083984">
				<ele>147.32</ele>
				<time>2023-12-25T10:12:45</time>
			</trkpt>
			<trkpt lat="48.990687131881714" lon="3.102189302444458">
				<ele>149.78</ele>
				<time>2023-12-25T10:12:54</time>
			</trkpt>
			<trkpt lat="48.99112709797919" lon="3.102114200592041">
				<ele>151.84</ele>
				<time>2023-12-25T10:13:01</time>
			</trkpt>
			<trkpt lat="48.991631269454956" lon="3.1020069122314453">
				<ele>153.59</ele>
				<time>2023-12-25T10:13:10</time>
			</trkpt>
			<trkpt lat="48.992178440093994" lon="3.1018996238708496">
				<ele>154.98</ele>
				<time>2023-12-25T10:13:20</time>
			</trkpt>
			<trkpt lat="48.992639780044556" lon="3.101760149002075">
				<ele>155.79</ele>
				<time>2023-12-25T10:13:28</time>
			</trkpt>
			<trkpt lat="48.99309039115906" lon="3.101588487625122">
				<ele>155.86</ele>
				<time>2023-12-25T10:13:36</time>
			</trkpt>
			<trkpt lat="48.99394869804382" lon="3.101341724395752">
				<ele>155.11</ele>
				<time>2023-12-25T10:13:51</time>
			</trkpt>
			<trkpt lat="48.99430274963379" lon="3.101212978363037">
				<ele>154.51</ele>
				<time>2023-12-25T10:13:58</time>
			</trkpt>
			<trkpt lat="48.994903564453125" lon="3.1010520458221436">
				<ele>153.26</ele>
				<time>2023-12-25T10:14:08</time>
			</trkpt>
			<trkpt lat="48.99604082107544" lon="3.10014009475708">
				<ele>151.86</ele>
				<time>2023-12-25T10:14:31</time>
			</trkpt>
			<trkpt lat="48.99630904197693" lon="3.0998075008392334">
				<ele>150.7</ele>
				<time>2023-12-25T10:14:37</time>
			</trkpt>
			<trkpt lat="48.9966094493866" lon="3.0997323989868164">
				<ele>149.55</ele>
				<time>2023-12-25T10:14:42</time>
			</trkpt>
			<trkpt lat="48.997918451204896" lon="3.0997753143310547">
				<ele>148.1</ele>
				<time>2023-12-25T10:15:05</time>
			</trkpt>
			<trkpt lat="49.000675678253174" lon="3.0998504161834717">
				<ele>147.62</ele>
				<time>2023-12-25T10:15:53</time>
			</trkpt>
			<trkpt lat="49.0035080909729" lon="3.0999255180358887">
				<ele>150.81</ele>
				<time>2023-12-25T10:16:42</time>
			</trkpt>
			<trkpt lat="49.00444149971008" lon="3.1000113487243652">
				<ele>152.48</ele>
				<time>2023-12-25T10:16:58</time>
			</trkpt>
			<trkpt lat="49.00670528411865" lon="3.100290298461914">
				<ele>155.14</ele>
				<time>2023-12-25T10:17:38</time>
			</trkpt>
			<trkpt lat="49.006919860839844" lon="3.100419044494629">
				<ele>157.27</ele>
				<time>2023-12-25T10:17:42</time>
			</trkpt>
			<trkpt lat="49.00725245475769" lon="3.100665807723999">
				<ele>159.73</ele>
				<time>2023-12-25T10:17:48</time>
			</trkpt>
			<trkpt lat="49.00752067565918" lon="3.1007838249206543">
				<ele>162.23</ele>
				<time>2023-12-25T10:17:53</time>
			</trkpt>
			<trkpt lat="49.00779970921576" lon="3.1008481979370117">
				<ele>164.91</ele>
				<time>2023-12-25T10:17:58</time>
			</trkpt>
			<trkpt lat="49.00874376296997" lon="3.1007838249206543">
				<ele>168.36</ele>
				<time>2023-12-25T10:18:14</time>
			</trkpt>
			<trkpt lat="49.01048191823065" lon="3.1006173603236675">
				<ele>170.81</ele>
				<time>2023-12-25T10:18:45</time>
			</trkpt>
			<trkpt lat="49.01050848886371" lon="3.100614845752716">
				<ele>170.85</ele>
				<time>2023-12-25T10:18:45</time>
			</trkpt>
			<trkpt lat="49.01050924323499" lon="3.100614845752716">
				<ele>170.86</ele>
				<time>2023-12-25T10:18:45</time>
			</trkpt>
			<trkpt lat="49.01098608970642" lon="3.100569248199463">
				<ele>170.66</ele>
				<time>2023-12-25T10:18:54</time>
			</trkpt>
			<trkpt lat="49.01127576828003" lon="3.100569248199463">
				<ele>170.24</ele>
				<time>2023-12-25T10:18:59</time>
			</trkpt>
			<trkpt lat="49.01150107383728" lon="3.1006336212158203">
				<ele>169.93</ele>
				<time>2023-12-25T10:19:03</time>
			</trkpt>
			<trkpt lat="49.01243448257446" lon="3.1010091304779053">
				<ele>169.58</ele>
				<time>2023-12-25T10:19:19</time>
			</trkpt>
			<trkpt lat="49.01274561882019" lon="3.1010735034942627">
				<ele>169.59</ele>
				<time>2023-12-25T10:19:25</time>
			</trkpt>
			<trkpt lat="49.01297092437744" lon="3.1011056900024414">
				<ele>169.88</ele>
				<time>2023-12-25T10:19:29</time>
			</trkpt>
			<trkpt lat="49.013153314590454" lon="3.101062774658203">
				<ele>170.41</ele>
				<time>2023-12-25T10:19:32</time>
			</trkpt>
			<trkpt lat="49.013893604278564" lon="3.1008267402648926">
				<ele>170.85</ele>
				<time>2023-12-25T10:19:45</time>
			</trkpt>
			<trkpt lat="49.01419401168823" lon="3.100762367248535">
				<ele>171.54</ele>
				<time>2023-12-25T10:19:50</time>
			</trkpt>
			<trkpt lat="49.01445150375366" lon="3.100816011428833">
				<ele>172.65</ele>
				<time>2023-12-25T10:19:55</time>
			</trkpt>
			<trkpt lat="49.016844034194946" lon="3.1017065048217773">
				<ele>175.25</ele>
				<time>2023-12-25T10:20:38</time>
			</trkpt>
			<trkpt lat="49.01698350906372" lon="3.101792335510254">
				<ele>177.41</ele>
				<time>2023-12-25T10:20:40</time>
			</trkpt>
			<trkpt lat="49.01726245880127" lon="3.1025969982147217">
				<ele>179.83</ele>
				<time>2023-12-25T10:20:51</time>
			</trkpt>
			<trkpt lat="49.017359018325806" lon="3.102918863296509">
				<ele>181.73</ele>
				<time>2023-12-25T10:20:55</time>
			</trkpt>
			<trkpt lat="49.01743412017822" lon="3.103487491607666">
				<ele>183.54</ele>
				<time>2023-12-25T10:21:01</time>
			</trkpt>
			<trkpt lat="49.01755222119391" lon="3.1040024757385254">
				<ele>185.36</ele>
				<time>2023-12-25T10:21:08</time>
			</trkpt>
			<trkpt lat="49.01775598526001" lon="3.1048715114593506">
				<ele>186.74</ele>
				<time>2023-12-25T10:21:18</time>
			</trkpt>
			<trkpt lat="49.01805639266968" lon="3.105590343475342">
				<ele>187.41</ele>
				<time>2023-12-25T10:21:28</time>
			</trkpt>
			<trkpt lat="49.01851773262024" lon="3.1065452098846436">
				<ele>187.56</ele>
				<time>2023-12-25T10:21:42</time>
			</trkpt>
			<trkpt lat="49.019140088930726" lon="3.1058263778686523">
				<ele>187.53</ele>
				<time>2023-12-25T10:21:55</time>
			</trkpt>
			<trkpt lat="49.020148515701294" lon="3.104732036590576">
				<ele>186.56</ele>
				<time>2023-12-25T10:22:17</time>
			</trkpt>
			<trkpt lat="49.02021288871765" lon="3.104614019393921">
				<ele>185.51</ele>
				<time>2023-12-25T10:22:18</time>
			</trkpt>
			<trkpt lat="49.02067422866821" lon="3.1038200855255127">
				<ele>184.05</ele>
				<time>2023-12-25T10:22:30</time>
			</trkpt>
			<trkpt lat="49.02082443237305" lon="3.1036484241485596">
				<ele>182.2</ele>
				<time>2023-12-25T10:22:34</time>
			</trkpt>
			<trkpt lat="49.02095317840576" lon="3.103584051132202">
				<ele>180.0</ele>
				<time>2023-12-25T10:22:36</time>
			</trkpt>
			<trkpt lat="49.02103900909424" lon="3.1036055088043213">
				<ele>177.56</ele>
				<time>2023-12-25T10:22:38</time>
			</trkpt>
			<trkpt lat="49.02121067047119" lon="3.103809356689453">
				<ele>174.79</ele>
				<time>2023-12-25T10:22:41</time>
			</trkpt>
			<trkpt lat="49.021360874176025" lon="3.10388445854187">
				<ele>171.77</ele>
				<time>2023-12-25T10:22:44</time>
			</trkpt>
			<trkpt lat="49.022090435028076" lon="3.1040024757385254">
				<ele>168.41</ele>
				<time>2023-12-25T10:22:57</time>
			</trkpt>
			<trkpt lat="49.022669875994325" lon="3.1045281887054443">
				<ele>164.66</ele>
				<time>2023-12-25T10:23:09</time>
			</trkpt>
			<trkpt lat="49.022884368896484" lon="3.1047213077545166">
				<ele>160.94</ele>
				<time>2023-12-25T10:23:13</time>
			</trkpt>
			<trkpt lat="49.022873640060425" lon="3.1048178672790527">
				<ele>157.25</ele>
				<time>2023-12-25T10:23:14</time>
			</trkpt>
			<trkpt lat="49.02381777763367" lon="3.1055045127868652">
				<ele>153.05</ele>
				<time>2023-12-25T10:23:32</time>
			</trkpt>
			<trkpt lat="49.02523398399353" lon="3.1063520908355713">
				<ele>148.21</ele>
				<time>2023-12-25T10:23:59</time>
			</trkpt>
			<trkpt lat="49.025620222091675" lon="3.1065237522125244">
				<ele>143.91</ele>
				<time>2023-12-25T10:24:06</time>
			</trkpt>
			<trkpt lat="49.0259850025177" lon="3.1066417694091797">
				<ele>139.87</ele>
				<time>2023-12-25T10:24:12</time>
			</trkpt>
			<trkpt lat="49.02623176574707" lon="3.1067490577697754">
				<ele>136.24</ele>
				<time>2023-12-25T10:24:17</time>
			</trkpt>
			<trkpt lat="49.02652144432068" lon="3.107038736343384">
				<ele>132.77</ele>
				<time>2023-12-25T10:24:23</time>
			</trkpt>
			<trkpt lat="49.02674683369696" lon="3.1072962284088135">
				<ele>129.64</ele>
				<time>2023-12-25T10:24:28</time>
			</trkpt>
			<trkpt lat="49.0275514125824" lon="3.10788631439209">
				<ele>126.44</ele>
				<time>2023-12-25T10:24:43</time>
			</trkpt>
			<trkpt lat="49.027830362319946" lon="3.1081652641296387">
				<ele>124.15</ele>
				<time>2023-12-25T10:24:49</time>
			</trkpt>
			<trkpt lat="49.027894819155335" lon="3.108283281326294">
				<ele>122.44</ele>
				<time>2023-12-25T10:24:51</time>
			</trkpt>
			<trkpt lat="49.02802348136902" lon="3.1084978580474854">
				<ele>121.12</ele>
				<time>2023-12-25T10:24:54</time>
			</trkpt>
			<trkpt lat="49.02829178608954" lon="3.1090879440307617">
				<ele>120.37</ele>
				<time>2023-12-25T10:25:02</time>
			</trkpt>
			<trkpt lat="49.02849563397467" lon="3.109356164932251">
				<ele>120.26</ele>
				<time>2023-12-25T10:25:07</time>
			</trkpt>
			<trkpt lat="49.028688753023744" lon="3.1097209453582764">
				<ele>120.76</ele>
				<time>2023-12-25T10:25:12</time>
			</trkpt>
			<trkpt lat="49.029107093811035" lon="3.1103861331939697">
				<ele>121.48</ele>
				<time>2023-12-25T10:25:23</time>
			</trkpt>
			<trkpt lat="49.029343128204346" lon="3.1105363368988037">
				<ele>122.42</ele>
				<time>2023-12-25T10:25:27</time>
			</trkpt>
			<trkpt lat="49.02954697608948" lon="3.1106221675872803">
				<ele>123.66</ele>
				<time>2023-12-25T10:25:31</time>
			</trkpt>
			<trkpt lat="49.02975082397461" lon="3.110557794570923">
				<ele>125.25</ele>
				<time>2023-12-25T10:25:35</time>
			</trkpt>
			<trkpt lat="49.0299654006958" lon="3.1103861331939697">
				<ele>127.1</ele>
				<time>2023-12-25T10:25:39</time>
			</trkpt>
			<trkpt lat="49.03044819831848" lon="3.109860420227051">
				<ele>129.34</ele>
				<time>2023-12-25T10:25:49</time>
			</trkpt>
			<trkpt lat="49.03053411282599" lon="3.1097209453582764">
				<ele>130.99</ele>
				<time>2023-12-25T10:25:51</time>
			</trkpt>
			<trkpt lat="49.030823707580566" lon="3.109152317047119">
				<ele>132.77</ele>
				<time>2023-12-25T10:26:00</time>
			</trkpt>
			<trkpt lat="49.03107047080994" lon="3.108755350112915">
				<ele>134.53</ele>
				<time>2023-12-25T10:26:06</time>
			</trkpt>
			<trkpt lat="49.03128504753113" lon="3.10837984085083">
				<ele>135.92</ele>
				<time>2023-12-25T10:26:11</time>
			</trkpt>
			<trkpt lat="49.031327962875366" lon="3.1081652641296387">
				<ele>137.12</ele>
				<time>2023-12-25T10:26:14</time>
			</trkpt>
			<trkpt lat="49.031327962875366" lon="3.108004331588745">
				<ele>138.18</ele>
				<time>2023-12-25T10:26:16</time>
			</trkpt>
			<trkpt lat="49.03128504753113" lon="3.1077253818511963">
				<ele>139.02</ele>
				<time>2023-12-25T10:26:19</time>
			</trkpt>
			<trkpt lat="49.03127431869507" lon="3.1074678897857666">
				<ele>139.79</ele>
				<time>2023-12-25T10:26:22</time>
			</trkpt>
			<trkpt lat="49.03129577636719" lon="3.1072640419006348">
				<ele>140.4</ele>
				<time>2023-12-25T10:26:24</time>
			</trkpt>
			<trkpt lat="49.031403148546815" lon="3.1067705154418945">
				<ele>140.74</ele>
				<time>2023-12-25T10:26:30</time>
			</trkpt>
			<trkpt lat="49.031424606218934" lon="3.106663227081299">
				<ele>141.16</ele>
				<time>2023-12-25T10:26:32</time>
			</trkpt>
			<trkpt lat="49.03145670890808" lon="3.106534481048584">
				<ele>141.55</ele>
				<time>2023-12-25T10:26:33</time>
			</trkpt>
			<trkpt lat="49.03181084431708" lon="3.1061697006225586">
				<ele>141.92</ele>
				<time>2023-12-25T10:26:41</time>
			</trkpt>
			<trkpt lat="49.03196096420288" lon="3.1059980392456055">
				<ele>142.34</ele>
				<time>2023-12-25T10:26:44</time>
			</trkpt>
			<trkpt lat="49.032078981399536" lon="3.105933666229248">
				<ele>142.74</ele>
				<time>2023-12-25T10:26:46</time>
			</trkpt>
			<trkpt lat="49.03229355812073" lon="3.1056976318359375">
				<ele>143.13</ele>
				<time>2023-12-25T10:26:51</time>
			</trkpt>
			<trkpt lat="49.03255105018616" lon="3.105332851409912">
				<ele>143.4</ele>
				<time>2023-12-25T10:26:57</time>
			</trkpt>
			<trkpt lat="49.032679880037904" lon="3.1051933765411377">
				<ele>143.74</ele>
				<time>2023-12-25T10:27:00</time>
			</trkpt>
			<trkpt lat="49.03285154141486" lon="3.104989528656006">
				<ele>144.03</ele>
				<time>2023-12-25T10:27:03</time>
			</trkpt>
			<trkpt lat="49.033087491989136" lon="3.104807138442993">
				<ele>144.32</ele>
				<time>2023-12-25T10:27:08</time>
			</trkpt>
			<trkpt lat="49.03345227241516" lon="3.1043994426727295">
				<ele>144.54</ele>
				<time>2023-12-25T10:27:16</time>
			</trkpt>
			<trkpt lat="49.033581018447876" lon="3.1042063236236572">
				<ele>144.48</ele>
				<time>2023-12-25T10:27:19</time>
			</trkpt>
			<trkpt lat="49.033613204956055" lon="3.1041312217712402">
				<ele>144.21</ele>
				<time>2023-12-25T10:27:20</time>
			</trkpt>
			<trkpt lat="49.03372049331665" lon="3.1036698818206787">
				<ele>143.74</ele>
				<time>2023-12-25T10:27:26</time>
			</trkpt>
			<trkpt lat="49.03378486633301" lon="3.103240728378296">
				<ele>142.97</ele>
				<time>2023-12-25T10:27:31</time>
			</trkpt>
			<trkpt lat="49.033881425857544" lon="3.1021571159362793">
				<ele>141.58</ele>
				<time>2023-12-25T10:27:43</time>
			</trkpt>
			<trkpt lat="49.03390288352966" lon="3.1019318103790283">
				<ele>140.29</ele>
				<time>2023-12-25T10:27:46</time>
			</trkpt>
			<trkpt lat="49.03401017189026" lon="3.1012773513793945">
				<ele>138.57</ele>
				<time>2023-12-25T10:27:53</time>
			</trkpt>
			<trkpt lat="49.03423547744751" lon="3.1005048751831055">
				<ele>136.32</ele>
				<time>2023-12-25T10:28:03</time>
			</trkpt>
			<trkpt lat="49.03448224067688" lon="3.0991315841674805">
				<ele>133.69</ele>
				<time>2023-12-25T10:28:19</time>
			</trkpt>
			<trkpt lat="49.034611070528626" lon="3.0986809730529785">
				<ele>131.27</ele>
				<time>2023-12-25T10:28:25</time>
			</trkpt>
			<trkpt lat="49.034610986709595" lon="3.0986809730529785">
				<ele>128.56</ele>
				<time>2023-12-25T10:28:25</time>
			</trkpt>
			<trkpt lat="49.03473981656134" lon="3.098273277282715">
				<ele>125.04</ele>
				<time>2023-12-25T10:28:30</time>
			</trkpt>
			<trkpt lat="49.03480410575867" lon="3.0980050563812256">
				<ele>120.84</ele>
				<time>2023-12-25T10:28:33</time>
			</trkpt>
			<trkpt lat="49.035072326660156" lon="3.0934667587280273">
				<ele>114.68</ele>
				<time>2023-12-25T10:29:25</time>
			</trkpt>
			<trkpt lat="49.03515815734863" lon="3.093026876449585">
				<ele>111.97</ele>
				<time>2023-12-25T10:29:31</time>
			</trkpt>
			<trkpt lat="49.03539419174194" lon="3.0925118923187256">
				<ele>108.17</ele>
				<time>2023-12-25T10:29:38</time>
			</trkpt>
			<trkpt lat="49.03656673617661" lon="3.090218771249056">
				<ele>103.74</ele>
				<time>2023-12-25T10:30:11</time>
			</trkpt>
			<trkpt lat="49.036583164706826" lon="3.0901867523789406">
				<ele>103.68</ele>
				<time>2023-12-25T10:30:11</time>
			</trkpt>
			<trkpt lat="49.03658148832619" lon="3.090190105140209">
				<ele>103.68</ele>
				<time>2023-12-25T10:30:11</time>
			</trkpt>
			<trkpt lat="49.03804421424866" lon="3.087329864501953">
				<ele>90.46</ele>
				<time>2023-12-25T10:30:53</time>
			</trkpt>
			<trkpt lat="49.03821587562561" lon="3.0869650840759277">
				<ele>89.58</ele>
				<time>2023-12-25T10:30:58</time>
			</trkpt>
			<trkpt lat="49.03830170631409" lon="3.0866968631744385">
				<ele>89.03</ele>
				<time>2023-12-25T10:31:01</time>
			</trkpt>
			<trkpt lat="49.038376808166504" lon="3.0863964557647705">
				<ele>88.77</ele>
				<time>2023-12-25T10:31:05</time>
			</trkpt>
			<trkpt lat="49.03854846954346" lon="3.085312843322754">
				<ele>88.31</ele>
				<time>2023-12-25T10:31:18</time>
			</trkpt>
			<trkpt lat="49.03864502906799" lon="3.084840774536133">
				<ele>88.44</ele>
				<time>2023-12-25T10:31:23</time>
			</trkpt>
			<trkpt lat="49.03868794441223" lon="3.084239959716797">
				<ele>88.81</ele>
				<time>2023-12-25T10:31:30</time>
			</trkpt>
			<trkpt lat="49.03873085975647" lon="3.0835211277008057">
				<ele>88.48</ele>
				<time>2023-12-25T10:31:39</time>
			</trkpt>
			<trkpt lat="49.03877377510071" lon="3.082941770553589">
				<ele>87.81</ele>
				<time>2023-12-25T10:31:45</time>
			</trkpt>
			<trkpt lat="49.038848876953125" lon="3.0822980403900146">
				<ele>87.16</ele>
				<time>2023-12-25T10:31:53</time>
			</trkpt>
			<trkpt lat="49.0390419960022" lon="3.081268072128296">
				<ele>85.88</ele>
				<time>2023-12-25T10:32:05</time>
			</trkpt>
			<trkpt lat="49.039149368181825" lon="3.0802488327026367">
				<ele>85.55</ele>
				<time>2023-12-25T10:32:17</time>
			</trkpt>
			<trkpt lat="49.03914928436279" lon="3.0800235271453857">
				<ele>85.54</ele>
				<time>2023-12-25T10:32:19</time>
			</trkpt>
			<trkpt lat="49.03908499516547" lon="3.079015016555786">
				<ele>85.97</ele>
				<time>2023-12-25T10:32:31</time>
			</trkpt>
			<trkpt lat="49.03872013092041" lon="3.0757319927215576">
				<ele>86.83</ele>
				<time>2023-12-25T10:33:09</time>
			</trkpt>
			<trkpt lat="49.03865575790405" lon="3.0755817890167236">
				<ele>86.65</ele>
				<time>2023-12-25T10:33:11</time>
			</trkpt>
			<trkpt lat="49.0385377407074" lon="3.075249195098877">
				<ele>86.09</ele>
				<time>2023-12-25T10:33:15</time>
			</trkpt>
			<trkpt lat="49.03830170631409" lon="3.0742835998535156">
				<ele>85.08</ele>
				<time>2023-12-25T10:33:27</time>
			</trkpt>
			<trkpt lat="49.038119316101074" lon="3.073403835296631">
				<ele>84.12</ele>
				<time>2023-12-25T10:33:37</time>
			</trkpt>
			<trkpt lat="49.03793692588806" lon="3.072599172592163">
				<ele>82.66</ele>
				<time>2023-12-25T10:33:47</time>
			</trkpt>
			<trkpt lat="49.03789401054382" lon="3.0723631381988525">
				<ele>81.28</ele>
				<time>2023-12-25T10:33:50</time>
			</trkpt>
			<trkpt lat="49.037840366363525" lon="3.0717837810516357">
				<ele>79.8</ele>
				<time>2023-12-25T10:33:57</time>
			</trkpt>
			<trkpt lat="49.037861824035645" lon="3.0710864067077637">
				<ele>78.17</ele>
				<time>2023-12-25T10:34:05</time>
			</trkpt>
			<trkpt lat="49.037851095199585" lon="3.0705714225769043">
				<ele>76.76</ele>
				<time>2023-12-25T10:34:10</time>
			</trkpt>
			<trkpt lat="49.037829637527466" lon="3.0702710151672363">
				<ele>75.37</ele>
				<time>2023-12-25T10:34:14</time>
			</trkpt>
			<trkpt lat="49.03777599334717" lon="3.069906234741211">
				<ele>74.06</ele>
				<time>2023-12-25T10:34:18</time>
			</trkpt>
			<trkpt lat="49.03771162033081" lon="3.069702386856079">
				<ele>72.86</ele>
				<time>2023-12-25T10:34:21</time>
			</trkpt>
			<trkpt lat="49.03764724731445" lon="3.0694878101348877">
				<ele>71.73</ele>
				<time>2023-12-25T10:34:23</time>
			</trkpt>
			<trkpt lat="49.03748631477356" lon="3.06917667388916">
				<ele>70.59</ele>
				<time>2023-12-25T10:34:28</time>
			</trkpt>
			<trkpt lat="49.03741121292114" lon="3.0689728260040283">
				<ele>69.62</ele>
				<time>2023-12-25T10:34:31</time>
			</trkpt>
			<trkpt lat="49.037336111068726" lon="3.068661689758301">
				<ele>68.7</ele>
				<time>2023-12-25T10:34:34</time>
			</trkpt>
			<trkpt lat="49.03729319572449" lon="3.0684149265289307">
				<ele>67.94</ele>
				<time>2023-12-25T10:34:37</time>
			</trkpt>
			<trkpt lat="49.03727173805237" lon="3.0680930614471436">
				<ele>67.32</ele>
				<time>2023-12-25T10:34:41</time>
			</trkpt>
			<trkpt lat="49.03719663619995" lon="3.0666446685791016">
				<ele>66.7</ele>
				<time>2023-12-25T10:34:58</time>
			</trkpt>
			<trkpt lat="49.037121534347534" lon="3.0662477016448975">
				<ele>66.39</ele>
				<time>2023-12-25T10:35:02</time>
			</trkpt>
			<trkpt lat="49.037067890167236" lon="3.0660974979400635">
				<ele>66.23</ele>
				<time>2023-12-25T10:35:04</time>
			</trkpt>
			<trkpt lat="49.0369713306427" lon="3.065958023071289">
				<ele>66.2</ele>
				<time>2023-12-25T10:35:07</time>
			</trkpt>
			<trkpt lat="49.036864126101136" lon="3.065840005874634">
				<ele>66.45</ele>
				<time>2023-12-25T10:35:09</time>
			</trkpt>
			<trkpt lat="49.036864042282104" lon="3.065840005874634">
				<ele>67.16</ele>
				<time>2023-12-25T10:35:09</time>
			</trkpt>
			<trkpt lat="49.03673529624939" lon="3.0655717849731445">
				<ele>68.06</ele>
				<time>2023-12-25T10:35:13</time>
			</trkpt>
			<trkpt lat="49.03669238090515" lon="3.0654001235961914">
				<ele>69.29</ele>
				<time>2023-12-25T10:35:15</time>
			</trkpt>
			<trkpt lat="49.03656363487244" lon="3.063061237335205">
				<ele>71.38</ele>
				<time>2023-12-25T10:35:42</time>
			</trkpt>
			<trkpt lat="49.03640270233154" lon="3.061838150024414">
				<ele>73.34</ele>
				<time>2023-12-25T10:35:56</time>
			</trkpt>
			<trkpt lat="49.03598427772522" lon="3.059391975402832">
				<ele>75.19</ele>
				<time>2023-12-25T10:36:25</time>
			</trkpt>
			<trkpt lat="49.035866260528564" lon="3.0590808391571045">
				<ele>76.27</ele>
				<time>2023-12-25T10:36:29</time>
			</trkpt>
			<trkpt lat="49.035426462069154" lon="3.0583512783050537">
				<ele>77.31</ele>
				<time>2023-12-25T10:36:40</time>
			</trkpt>
			<trkpt lat="49.0350079536438" lon="3.0578792095184326">
				<ele>77.77</ele>
				<time>2023-12-25T10:36:49</time>
			</trkpt>
			<trkpt lat="49.034825563430786" lon="3.0577290058135986">
				<ele>77.81</ele>
				<time>2023-12-25T10:36:53</time>
			</trkpt>
			<trkpt lat="49.0346969012171" lon="3.057643175125122">
				<ele>77.48</ele>
				<time>2023-12-25T10:36:55</time>
			</trkpt>
			<trkpt lat="49.033634662628174" lon="3.057074546813965">
				<ele>76.47</ele>
				<time>2023-12-25T10:37:15</time>
			</trkpt>
			<trkpt lat="49.03326996602118" lon="3.0568385124206543">
				<ele>75.4</ele>
				<time>2023-12-25T10:37:22</time>
			</trkpt>
			<trkpt lat="49.03326988220215" lon="3.0568385124206543">
				<ele>74.38</ele>
				<time>2023-12-25T10:37:22</time>
			</trkpt>
			<trkpt lat="49.03291583061218" lon="3.0566024780273438">
				<ele>73.15</ele>
				<time>2023-12-25T10:37:28</time>
			</trkpt>
			<trkpt lat="49.031982421875" lon="3.0557334423065186">
				<ele>71.38</ele>
				<time>2023-12-25T10:37:47</time>
			</trkpt>
			<trkpt lat="49.0309202671051" lon="3.054478168487549">
				<ele>70.06</ele>
				<time>2023-12-25T10:38:11</time>
			</trkpt>
			<trkpt lat="49.03026580810547" lon="3.0535125732421875">
				<ele>68.88</ele>
				<time>2023-12-25T10:38:27</time>
			</trkpt>
			<trkpt lat="49.029643535614014" lon="3.052504062652588">
				<ele>68.33</ele>
				<time>2023-12-25T10:38:42</time>
			</trkpt>
			<trkpt lat="49.02921438217163" lon="3.0519461631774902">
				<ele>67.94</ele>
				<time>2023-12-25T10:38:52</time>
			</trkpt>
			<trkpt lat="49.028635025024414" lon="3.0507874488830566">
				<ele>67.31</ele>
				<time>2023-12-25T10:39:09</time>
			</trkpt>
			<trkpt lat="49.028098583221436" lon="3.0488991737365723">
				<ele>66.6</ele>
				<time>2023-12-25T10:39:32</time>
			</trkpt>
			<trkpt lat="49.02780890464783" lon="3.0475473403930664">
				<ele>66.44</ele>
				<time>2023-12-25T10:39:49</time>
			</trkpt>
			<trkpt lat="49.02746558189392" lon="3.0463027954101562">
				<ele>66.09</ele>
				<time>2023-12-25T10:40:04</time>
			</trkpt>
			<trkpt lat="49.026628732681274" lon="3.043931722640991">
				<ele>65.18</ele>
				<time>2023-12-25T10:40:35</time>
			</trkpt>
			<trkpt lat="49.02627468109131" lon="3.042687177658081">
				<ele>64.29</ele>
				<time>2023-12-25T10:40:50</time>
			</trkpt>
			<trkpt lat="49.02521261014044" lon="3.03922176361084">
				<ele>62.52</ele>
				<time>2023-12-25T10:41:34</time>
			</trkpt>
			<trkpt lat="49.02521252632141" lon="3.03922176361084">
				<ele>61.57</ele>
				<time>2023-12-25T10:41:34</time>
			</trkpt>
			<trkpt lat="49.025105237960815" lon="3.038792610168457">
				<ele>60.51</ele>
				<time>2023-12-25T10:41:39</time>
			</trkpt>
			<trkpt lat="49.02495503425598" lon="3.0382347106933594">
				<ele>59.63</ele>
				<time>2023-12-25T10:41:46</time>
			</trkpt>
			<trkpt lat="49.02470827102661" lon="3.0376124382019043">
				<ele>58.59</ele>
				<time>2023-12-25T10:41:54</time>
			</trkpt>
			<trkpt lat="49.0245795249939" lon="3.037365674972534">
				<ele>57.92</ele>
				<time>2023-12-25T10:41:58</time>
			</trkpt>
			<trkpt lat="49.024364948272705" lon="3.037194013595581">
				<ele>57.48</ele>
				<time>2023-12-25T10:42:02</time>
			</trkpt>
			<trkpt lat="49.024182641878724" lon="3.037097454071045">
				<ele>57.19</ele>
				<time>2023-12-25T10:42:05</time>
			</trkpt>
			<trkpt lat="49.024139642715454" lon="3.036925792694092">
				<ele>56.99</ele>
				<time>2023-12-25T10:42:08</time>
			</trkpt>
			<trkpt lat="49.02406454086304" lon="3.0367863178253174">
				<ele>56.96</ele>
				<time>2023-12-25T10:42:10</time>
			</trkpt>
			<trkpt lat="49.02328141964972" lon="3.035702705383301">
				<ele>57.09</ele>
				<time>2023-12-25T10:42:28</time>
			</trkpt>
			<trkpt lat="49.0230131149292" lon="3.035402297973633">
				<ele>57.53</ele>
				<time>2023-12-25T10:42:34</time>
			</trkpt>
			<trkpt lat="49.022616147994995" lon="3.0349302291870117">
				<ele>58.09</ele>
				<time>2023-12-25T10:42:43</time>
			</trkpt>
			<trkpt lat="49.022626876831055" lon="3.034822940826416">
				<ele>58.44</ele>
				<time>2023-12-25T10:42:44</time>
			</trkpt>
			<trkpt lat="49.022605419158936" lon="3.03472638130188">
				<ele>58.85</ele>
				<time>2023-12-25T10:42:45</time>
			</trkpt>
			<trkpt lat="49.02258404530585" lon="3.0346298217773438">
				<ele>59.28</ele>
				<time>2023-12-25T10:42:46</time>
			</trkpt>
			<trkpt lat="49.022583961486816" lon="3.0346298217773438">
				<ele>59.7</ele>
				<time>2023-12-25T10:42:46</time>
			</trkpt>
			<trkpt lat="49.02253031730652" lon="3.034543991088867">
				<ele>60.14</ele>
				<time>2023-12-25T10:42:47</time>
			</trkpt>
			<trkpt lat="49.02246602810919" lon="3.0344903469085693">
				<ele>60.59</ele>
				<time>2023-12-25T10:42:49</time>
			</trkpt>
			<trkpt lat="49.022401571273804" lon="3.0344581604003906">
				<ele>61.04</ele>
				<time>2023-12-25T10:42:50</time>
			</trkpt>
			<trkpt lat="49.02232646942139" lon="3.0344581604003906">
				<ele>61.48</ele>
				<time>2023-12-25T10:42:51</time>
			</trkpt>
			<trkpt lat="49.022122621536255" lon="3.0341362953186035">
				<ele>61.84</ele>
				<time>2023-12-25T10:42:56</time>
			</trkpt>
			<trkpt lat="49.020663583651185" lon="3.0321407318115234">
				<ele>62.03</ele>
				<time>2023-12-25T10:43:30</time>
			</trkpt>
			<trkpt lat="49.02001985348761" lon="3.0312716960906982">
				<ele>62.72</ele>
				<time>2023-12-25T10:43:45</time>
			</trkpt>
			<trkpt lat="49.02001976966858" lon="3.0312716960906982">
				<ele>63.13</ele>
				<time>2023-12-25T10:43:45</time>
			</trkpt>
			<trkpt lat="49.01920446194708" lon="3.030134439468384">
				<ele>63.71</ele>
				<time>2023-12-25T10:44:05</time>
			</trkpt>
			<trkpt lat="49.01920437812805" lon="3.030134439468384">
				<ele>63.92</ele>
				<time>2023-12-25T10:44:05</time>
			</trkpt>
			<trkpt lat="49.01806712150574" lon="3.0286431312561035">
				<ele>64.31</ele>
				<time>2023-12-25T10:44:31</time>
			</trkpt>
			<trkpt lat="49.01798129081726" lon="3.0284929275512695">
				<ele>64.09</ele>
				<time>2023-12-25T10:44:33</time>
			</trkpt>
			<trkpt lat="49.017595052719116" lon="3.0280423164367676">
				<ele>63.66</ele>
				<time>2023-12-25T10:44:41</time>
			</trkpt>
			<trkpt lat="49.016929948702455" lon="3.027634620666504">
				<ele>62.69</ele>
				<time>2023-12-25T10:44:54</time>
			</trkpt>
			<trkpt lat="49.0168655756861" lon="3.0275917053222656">
				<ele>61.65</ele>
				<time>2023-12-25T10:44:55</time>
			</trkpt>
			<trkpt lat="49.01571759022772" lon="3.026905059814453">
				<ele>59.84</ele>
				<time>2023-12-25T10:45:17</time>
			</trkpt>
			<trkpt lat="49.015620946884155" lon="3.0268406867980957">
				<ele>58.51</ele>
				<time>2023-12-25T10:45:18</time>
			</trkpt>
			<trkpt lat="49.01520252227783" lon="3.0266690254211426">
				<ele>56.94</ele>
				<time>2023-12-25T10:45:26</time>
			</trkpt>
			<trkpt lat="49.0149450302124" lon="3.0265188217163086">
				<ele>55.37</ele>
				<time>2023-12-25T10:45:31</time>
			</trkpt>
			<trkpt lat="49.0147412661463" lon="3.026336431503296">
				<ele>53.93</ele>
				<time>2023-12-25T10:45:35</time>
			</trkpt>
			<trkpt lat="49.01441931724548" lon="3.0259501934051514">
				<ele>52.62</ele>
				<time>2023-12-25T10:45:42</time>
			</trkpt>
			<trkpt lat="49.014118909835815" lon="3.025563955307007">
				<ele>51.59</ele>
				<time>2023-12-25T10:45:49</time>
			</trkpt>
			<trkpt lat="49.013861417770386" lon="3.0252206325531006">
				<ele>50.69</ele>
				<time>2023-12-25T10:45:55</time>
			</trkpt>
			<trkpt lat="49.01356109417975" lon="3.0248236656188965">
				<ele>50.2</ele>
				<time>2023-12-25T10:46:02</time>
			</trkpt>
			<trkpt lat="49.01335724629462" lon="3.0245447158813477">
				<ele>49.84</ele>
				<time>2023-12-25T10:46:07</time>
			</trkpt>
			<trkpt lat="49.01331433095038" lon="3.0244803428649902">
				<ele>49.6</ele>
				<time>2023-12-25T10:46:08</time>
			</trkpt>
			<trkpt lat="49.0130889415741" lon="3.0241799354553223">
				<ele>49.45</ele>
				<time>2023-12-25T10:46:13</time>
			</trkpt>
			<trkpt lat="49.012895906344056" lon="3.023911714553833">
				<ele>49.36</ele>
				<time>2023-12-25T10:46:17</time>
			</trkpt>
			<trkpt lat="49.012895822525024" lon="3.023911714553833">
				<ele>49.46</ele>
				<time>2023-12-25T10:46:17</time>
			</trkpt>
			<trkpt lat="49.01254177093506" lon="3.023439645767212">
				<ele>49.7</ele>
				<time>2023-12-25T10:46:26</time>
			</trkpt>
			<trkpt lat="49.010621309280396" lon="3.0207788944244385">
				<ele>49.98</ele>
				<time>2023-12-25T10:47:11</time>
			</trkpt>
			<trkpt lat="49.01031017303467" lon="3.0203819274902344">
				<ele>50.37</ele>
				<time>2023-12-25T10:47:18</time>
			</trkpt>
			<trkpt lat="49.010149240493774" lon="3.0202317237854004">
				<ele>50.5</ele>
				<time>2023-12-25T10:47:21</time>
			</trkpt>
			<trkpt lat="49.00969862937927" lon="3.019920587539673">
				<ele>50.4</ele>
				<time>2023-12-25T10:47:30</time>
			</trkpt>
			<trkpt lat="49.006716096773744" lon="3.018139600753784">
				<ele>50.7</ele>
				<time>2023-12-25T10:48:25</time>
			</trkpt>
			<trkpt lat="49.00671601295471" lon="3.018139600753784">
				<ele>50.82</ele>
				<time>2023-12-25T10:48:25</time>
			</trkpt>
			<trkpt lat="49.00648006238043" lon="3.0180001258850098">
				<ele>50.91</ele>
				<time>2023-12-25T10:48:30</time>
			</trkpt>
			<trkpt lat="49.00572896003723" lon="3.017442226409912">
				<ele>51.09</ele>
				<time>2023-12-25T10:48:44</time>
			</trkpt>
			<trkpt lat="49.00545001029968" lon="3.017195463180542">
				<ele>51.11</ele>
				<time>2023-12-25T10:48:50</time>
			</trkpt>
			<trkpt lat="49.00508522987366" lon="3.016798496246338">
				<ele>51.04</ele>
				<time>2023-12-25T10:48:58</time>
			</trkpt>
			<trkpt lat="49.004666805267334" lon="3.016294240951538">
				<ele>50.83</ele>
				<time>2023-12-25T10:49:07</time>
			</trkpt>
			<trkpt lat="49.00418400764465" lon="3.015650510787964">
				<ele>50.76</ele>
				<time>2023-12-25T10:49:18</time>
			</trkpt>
			<trkpt lat="49.00382995605469" lon="3.0149853229522705">
				<ele>51.04</ele>
				<time>2023-12-25T10:49:28</time>
			</trkpt>
			<trkpt lat="49.00377631187439" lon="3.0148565769195557">
				<ele>51.08</ele>
				<time>2023-12-25T10:49:30</time>
			</trkpt>
			<trkpt lat="49.003626108169556" lon="3.014373779296875">
				<ele>51.06</ele>
				<time>2023-12-25T10:49:36</time>
			</trkpt>
			<trkpt lat="49.00337942875922" lon="3.0134618282318115">
				<ele>51.06</ele>
				<time>2023-12-25T10:49:47</time>
			</trkpt>
			<trkpt lat="49.00331497192383" lon="3.0132579803466797">
				<ele>51.34</ele>
				<time>2023-12-25T10:49:50</time>
			</trkpt>
			<trkpt lat="49.003175497055054" lon="3.0129361152648926">
				<ele>51.66</ele>
				<time>2023-12-25T10:49:54</time>
			</trkpt>
			<trkpt lat="49.0029501914978" lon="3.0125069618225098">
				<ele>52.16</ele>
				<time>2023-12-25T10:50:00</time>
			</trkpt>
			<trkpt lat="49.002177715301514" lon="3.0114877223968506">
				<ele>52.94</ele>
				<time>2023-12-25T10:50:18</time>
			</trkpt>
			<trkpt lat="49.00180220603943" lon="3.010876178741455">
				<ele>53.38</ele>
				<time>2023-12-25T10:50:28</time>
			</trkpt>
			<trkpt lat="49.000911712646484" lon="3.00900936126709">
				<ele>53.87</ele>
				<time>2023-12-25T10:50:54</time>
			</trkpt>
			<trkpt lat="49.000182235613465" lon="3.0074751377105713">
				<ele>54.19</ele>
				<time>2023-12-25T10:51:16</time>
			</trkpt>
			<trkpt lat="49.00008567608893" lon="3.0072927474975586">
				<ele>54.47</ele>
				<time>2023-12-25T10:51:18</time>
			</trkpt>
			<trkpt lat="48.99990328587592" lon="3.0068957805633545">
				<ele>54.61</ele>
				<time>2023-12-25T10:51:24</time>
			</trkpt>
			<trkpt lat="48.99981745518744" lon="3.006713390350342">
				<ele>55.13</ele>
				<time>2023-12-25T10:51:26</time>
			</trkpt>
			<trkpt lat="48.99948486126959" lon="3.00600528717041">
				<ele>55.48</ele>
				<time>2023-12-25T10:51:36</time>
			</trkpt>
			<trkpt lat="48.99948477745056" lon="3.00600528717041">
				<ele>55.77</ele>
				<time>2023-12-25T10:51:36</time>
			</trkpt>
			<trkpt lat="48.99906635284424" lon="3.005436658859253">
				<ele>56.11</ele>
				<time>2023-12-25T10:51:46</time>
			</trkpt>
			<trkpt lat="48.99884113110602" lon="3.0050182342529297">
				<ele>56.4</ele>
				<time>2023-12-25T10:51:52</time>
			</trkpt>
			<trkpt lat="48.99872303009033" lon="3.004782199859619">
				<ele>56.63</ele>
				<time>2023-12-25T10:51:56</time>
			</trkpt>
			<trkpt lat="48.99829387664795" lon="3.00376296043396">
				<ele>57.0</ele>
				<time>2023-12-25T10:52:10</time>
			</trkpt>
			<trkpt lat="48.99782189168036" lon="3.002539873123169">
				<ele>57.19</ele>
				<time>2023-12-25T10:52:26</time>
			</trkpt>
			<trkpt lat="48.997617959976196" lon="3.0019497871398926">
				<ele>57.27</ele>
				<time>2023-12-25T10:52:33</time>
			</trkpt>
			<trkpt lat="48.99748921394348" lon="3.0016708374023438">
				<ele>57.3</ele>
				<time>2023-12-25T10:52:37</time>
			</trkpt>
			<trkpt lat="48.99714597500861" lon="3.0011773109436035">
				<ele>57.43</ele>
				<time>2023-12-25T10:52:45</time>
			</trkpt>
			<trkpt lat="48.99687775410712" lon="3.0008232593536377">
				<ele>57.64</ele>
				<time>2023-12-25T10:52:52</time>
			</trkpt>
			<trkpt lat="48.996877670288086" lon="3.0008232593536377">
				<ele>57.76</ele>
				<time>2023-12-25T10:52:52</time>
			</trkpt>
			<trkpt lat="48.995665311813354" lon="2.999246120452881">
				<ele>57.76</ele>
				<time>2023-12-25T10:53:19</time>
			</trkpt>
			<trkpt lat="48.99534344673157" lon="2.998913526535034">
				<ele>58.18</ele>
				<time>2023-12-25T10:53:26</time>
			</trkpt>
			<trkpt lat="48.99484992027283" lon="2.998323440551758">
				<ele>58.75</ele>
				<time>2023-12-25T10:53:37</time>
			</trkpt>
			<trkpt lat="48.99386286735535" lon="2.996950149536133">
				<ele>59.13</ele>
				<time>2023-12-25T10:54:00</time>
			</trkpt>
			<trkpt lat="48.993380069732666" lon="2.9961347579956055">
				<ele>59.86</ele>
				<time>2023-12-25T10:54:13</time>
			</trkpt>
			<trkpt lat="48.99272561073303" lon="2.9949653148651123">
				<ele>60.77</ele>
				<time>2023-12-25T10:54:30</time>
			</trkpt>
			<trkpt lat="48.99248957633972" lon="2.994450330734253">
				<ele>60.95</ele>
				<time>2023-12-25T10:54:38</time>
			</trkpt>
			<trkpt lat="48.99210333824158" lon="2.993248701095581">
				<ele>61.64</ele>
				<time>2023-12-25T10:54:53</time>
			</trkpt>
			<trkpt lat="48.99185657501221" lon="2.992347478866577">
				<ele>61.71</ele>
				<time>2023-12-25T10:55:04</time>
			</trkpt>
			<trkpt lat="48.991688350215554" lon="2.991538541391492">
				<ele>62.0</ele>
				<time>2023-12-25T10:55:14</time>
			</trkpt>
			<trkpt lat="48.991678627207875" lon="2.991491686552763">
				<ele>62.02</ele>
				<time>2023-12-25T10:55:14</time>
			</trkpt>
			<trkpt lat="48.99167887866497" lon="2.991492860019207">
				<ele>62.03</ele>
				<time>2023-12-25T10:55:14</time>
			</trkpt>
			<trkpt lat="48.99167887866497" lon="2.9914929438382387">
				<ele>61.88</ele>
				<time>2023-12-25T10:55:14</time>
			</trkpt>
			<trkpt lat="48.991679046303034" lon="2.9914935305714607">
				<ele>61.89</ele>
				<time>2023-12-25T10:55:14</time>
			</trkpt>
			<trkpt lat="48.991631269454956" lon="2.9912638664245605">
				<ele>61.67</ele>
				<time>2023-12-25T10:55:17</time>
			</trkpt>
			<trkpt lat="48.99122357368469" lon="2.9883670806884766">
				<ele>59.42</ele>
				<time>2023-12-25T10:55:51</time>
			</trkpt>
			<trkpt lat="48.99108418263495" lon="2.9875195026397705">
				<ele>59.8</ele>
				<time>2023-12-25T10:56:01</time>
			</trkpt>
			<trkpt lat="48.99108409881592" lon="2.9875195026397705">
				<ele>59.79</ele>
				<time>2023-12-25T10:56:01</time>
			</trkpt>
			<trkpt lat="48.99085879325867" lon="2.9859960079193115">
				<ele>58.19</ele>
				<time>2023-12-25T10:56:19</time>
			</trkpt>
			<trkpt lat="48.99075150489807" lon="2.9853522777557373">
				<ele>56.64</ele>
				<time>2023-12-25T10:56:26</time>
			</trkpt>
			<trkpt lat="48.9905047416687" lon="2.984333038330078">
				<ele>57.25</ele>
				<time>2023-12-25T10:56:39</time>
			</trkpt>
			<trkpt lat="48.99026870727539" lon="2.9831743240356445">
				<ele>56.56</ele>
				<time>2023-12-25T10:56:53</time>
			</trkpt>
			<trkpt lat="48.990129232406616" lon="2.982691526412964">
				<ele>56.42</ele>
				<time>2023-12-25T10:56:59</time>
			</trkpt>
			<trkpt lat="48.989957654848695" lon="2.9823052883148193">
				<ele>55.09</ele>
				<time>2023-12-25T10:57:04</time>
			</trkpt>
			<trkpt lat="48.988927686586976" lon="2.980062961578369">
				<ele>52.92</ele>
				<time>2023-12-25T10:57:35</time>
			</trkpt>
			<trkpt lat="48.988927602767944" lon="2.980062961578369">
				<ele>52.93</ele>
				<time>2023-12-25T10:57:35</time>
			</trkpt>
			<trkpt lat="48.98764022625983" lon="2.9772627353668213">
				<ele>56.69</ele>
				<time>2023-12-25T10:58:14</time>
			</trkpt>
			<trkpt lat="48.98627766408026" lon="2.9741835594177246">
				<ele>63.88</ele>
				<time>2023-12-25T10:58:57</time>
			</trkpt>
			<trkpt lat="48.98552656173706" lon="2.972499132156372">
				<ele>63.41</ele>
				<time>2023-12-25T10:59:20</time>
			</trkpt>
			<trkpt lat="48.98530125617981" lon="2.9720592498779297">
				<ele>63.06</ele>
				<time>2023-12-25T10:59:26</time>
			</trkpt>
			<trkpt lat="48.9851188659668" lon="2.9718017578125">
				<ele>63.92</ele>
				<time>2023-12-25T10:59:31</time>
			</trkpt>
			<trkpt lat="48.98482918739319" lon="2.971522808074951">
				<ele>63.88</ele>
				<time>2023-12-25T10:59:37</time>
			</trkpt>
			<trkpt lat="48.984485948458314" lon="2.9712653160095215">
				<ele>62.64</ele>
				<time>2023-12-25T10:59:43</time>
			</trkpt>
			<trkpt lat="48.98229374550283" lon="2.969531435519457">
				<ele>58.83</ele>
				<time>2023-12-25T11:00:26</time>
			</trkpt>
			<trkpt lat="48.982263654470444" lon="2.9695077147334814">
				<ele>58.78</ele>
				<time>2023-12-25T11:00:27</time>
			</trkpt>
			<trkpt lat="48.98226390592754" lon="2.969507882371545">
				<ele>58.78</ele>
				<time>2023-12-25T11:00:27</time>
			</trkpt>
			<trkpt lat="48.980945348739624" lon="2.9684650897979736">
				<ele>63.75</ele>
				<time>2023-12-25T11:00:53</time>
			</trkpt>
			<trkpt lat="48.98010849952698" lon="2.967778444290161">
				<ele>64.96</ele>
				<time>2023-12-25T11:01:09</time>
			</trkpt>
			<trkpt lat="48.97976517677307" lon="2.967360019683838">
				<ele>67.12</ele>
				<time>2023-12-25T11:01:17</time>
			</trkpt>
			<trkpt lat="48.97959351539612" lon="2.967005968093872">
				<ele>69.52</ele>
				<time>2023-12-25T11:01:22</time>
			</trkpt>
			<trkpt lat="48.97931456565857" lon="2.9662013053894043">
				<ele>72.64</ele>
				<time>2023-12-25T11:01:32</time>
			</trkpt>
			<trkpt lat="48.97923946380615" lon="2.9657721519470215">
				<ele>74.96</ele>
				<time>2023-12-25T11:01:37</time>
			</trkpt>
			<trkpt lat="48.979185819625854" lon="2.965385913848877">
				<ele>76.87</ele>
				<time>2023-12-25T11:01:42</time>
			</trkpt>
			<trkpt lat="48.979185819625854" lon="2.9650533199310303">
				<ele>78.14</ele>
				<time>2023-12-25T11:01:46</time>
			</trkpt>
			<trkpt lat="48.97930383682251" lon="2.9639482498168945">
				<ele>78.8</ele>
				<time>2023-12-25T11:01:58</time>
			</trkpt>
			<trkpt lat="48.97927165031433" lon="2.9636049270629883">
				<ele>79.56</ele>
				<time>2023-12-25T11:02:02</time>
			</trkpt>
			<trkpt lat="48.979196548461914" lon="2.963240146636963">
				<ele>80.39</ele>
				<time>2023-12-25T11:02:07</time>
			</trkpt>
			<trkpt lat="48.9790141582489" lon="2.963036298751831">
				<ele>81.22</ele>
				<time>2023-12-25T11:02:11</time>
			</trkpt>
			<trkpt lat="48.97877820767462" lon="2.962886095046997">
				<ele>81.94</ele>
				<time>2023-12-25T11:02:15</time>
			</trkpt>
			<trkpt lat="48.9786171913147" lon="2.962832450866699">
				<ele>82.51</ele>
				<time>2023-12-25T11:02:18</time>
			</trkpt>
			<trkpt lat="48.97651433944702" lon="2.963583469390869">
				<ele>82.91</ele>
				<time>2023-12-25T11:02:56</time>
			</trkpt>
			<trkpt lat="48.97628903388977" lon="2.963583469390869">
				<ele>83.13</ele>
				<time>2023-12-25T11:03:00</time>
			</trkpt>
			<trkpt lat="48.975999439135194" lon="2.9635298252105713">
				<ele>83.31</ele>
				<time>2023-12-25T11:03:05</time>
			</trkpt>
			<trkpt lat="48.975688219070435" lon="2.9633474349975586">
				<ele>83.57</ele>
				<time>2023-12-25T11:03:10</time>
			</trkpt>
			<trkpt lat="48.975151777267456" lon="2.9627037048339844">
				<ele>84.0</ele>
				<time>2023-12-25T11:03:22</time>
			</trkpt>
			<trkpt lat="48.974690437316895" lon="2.96205997467041">
				<ele>83.9</ele>
				<time>2023-12-25T11:03:33</time>
			</trkpt>
			<trkpt lat="48.97456177510321" lon="2.9617810249328613">
				<ele>83.77</ele>
				<time>2023-12-25T11:03:37</time>
			</trkpt>
			<trkpt lat="48.97430419921875" lon="2.9612231254577637">
				<ele>83.49</ele>
				<time>2023-12-25T11:03:45</time>
			</trkpt>
			<trkpt lat="48.97414335049689" lon="2.960793972015381">
				<ele>83.31</ele>
				<time>2023-12-25T11:03:51</time>
			</trkpt>
			<trkpt lat="48.974143266677856" lon="2.960793972015381">
				<ele>83.15</ele>
				<time>2023-12-25T11:03:51</time>
			</trkpt>
			<trkpt lat="48.97376775741577" lon="2.95981764793396">
				<ele>82.83</ele>
				<time>2023-12-25T11:04:03</time>
			</trkpt>
			<trkpt lat="48.97332787513733" lon="2.9585623741149902">
				<ele>82.32</ele>
				<time>2023-12-25T11:04:20</time>
			</trkpt>
			<trkpt lat="48.97313475608826" lon="2.958272695541382">
				<ele>82.23</ele>
				<time>2023-12-25T11:04:24</time>
			</trkpt>
			<trkpt lat="48.972909450531006" lon="2.9579615592956543">
				<ele>82.34</ele>
				<time>2023-12-25T11:04:30</time>
			</trkpt>
			<trkpt lat="48.9725661277771" lon="2.957596778869629">
				<ele>82.42</ele>
				<time>2023-12-25T11:04:37</time>
			</trkpt>
			<trkpt lat="48.97156834602356" lon="2.95656681060791">
				<ele>82.46</ele>
				<time>2023-12-25T11:04:58</time>
			</trkpt>
			<trkpt lat="48.97064574994147" lon="2.955644130706787">
				<ele>82.36</ele>
				<time>2023-12-25T11:05:17</time>
			</trkpt>
			<trkpt lat="48.97064566612244" lon="2.955644130706787">
				<ele>82.28</ele>
				<time>2023-12-25T11:05:17</time>
			</trkpt>
			<trkpt lat="48.97053837776184" lon="2.9555368423461914">
				<ele>82.15</ele>
				<time>2023-12-25T11:05:19</time>
			</trkpt>
			<trkpt lat="48.96826386451721" lon="2.9538309574127197">
				<ele>82.05</ele>
				<time>2023-12-25T11:06:04</time>
			</trkpt>
			<trkpt lat="48.96733053959906" lon="2.9531121253967285">
				<ele>81.78</ele>
				<time>2023-12-25T11:06:22</time>
			</trkpt>
			<trkpt lat="48.9668691996485" lon="2.952779531478882">
				<ele>81.45</ele>
				<time>2023-12-25T11:06:31</time>
			</trkpt>
			<trkpt lat="48.96663308143616" lon="2.95257568359375">
				<ele>80.98</ele>
				<time>2023-12-25T11:06:35</time>
			</trkpt>
			<trkpt lat="48.966214740648866" lon="2.952125072479248">
				<ele>80.33</ele>
				<time>2023-12-25T11:06:44</time>
			</trkpt>
			<trkpt lat="48.965731943026185" lon="2.9516100883483887">
				<ele>79.57</ele>
				<time>2023-12-25T11:06:55</time>
			</trkpt>
			<trkpt lat="48.96556028164923" lon="2.9513955116271973">
				<ele>78.64</ele>
				<time>2023-12-25T11:06:58</time>
			</trkpt>
			<trkpt lat="48.96536716260016" lon="2.951180934906006">
				<ele>77.6</ele>
				<time>2023-12-25T11:07:03</time>
			</trkpt>
			<trkpt lat="48.96453022956848" lon="2.9501938819885254">
				<ele>76.29</ele>
				<time>2023-12-25T11:07:21</time>
			</trkpt>
			<trkpt lat="48.96433711051941" lon="2.9500436782836914">
				<ele>74.99</ele>
				<time>2023-12-25T11:07:25</time>
			</trkpt>
			<trkpt lat="48.96404751576483" lon="2.949904203414917">
				<ele>73.65</ele>
				<time>2023-12-25T11:07:30</time>
			</trkpt>
			<trkpt lat="48.964004600420594" lon="2.949882745742798">
				<ele>72.39</ele>
				<time>2023-12-25T11:07:31</time>
			</trkpt>
			<trkpt lat="48.96382221020758" lon="2.949807643890381">
				<ele>71.14</ele>
				<time>2023-12-25T11:07:34</time>
			</trkpt>
			<trkpt lat="48.963253581896424" lon="2.9495608806610107">
				<ele>69.75</ele>
				<time>2023-12-25T11:07:44</time>
			</trkpt>
			<trkpt lat="48.96325349807739" lon="2.9495608806610107">
				<ele>68.51</ele>
				<time>2023-12-25T11:07:44</time>
			</trkpt>
			<trkpt lat="48.96242746151984" lon="2.9491639137268066">
				<ele>67.09</ele>
				<time>2023-12-25T11:08:00</time>
			</trkpt>
			<trkpt lat="48.96155842579901" lon="2.948734760284424">
				<ele>65.56</ele>
				<time>2023-12-25T11:08:15</time>
			</trkpt>
			<trkpt lat="48.96104344166815" lon="2.9484879970550537">
				<ele>64.37</ele>
				<time>2023-12-25T11:08:25</time>
			</trkpt>
			<trkpt lat="48.96104335784912" lon="2.9484879970550537">
				<ele>63.35</ele>
				<time>2023-12-25T11:08:25</time>
			</trkpt>
			<trkpt lat="48.96035679616034" lon="2.948176860809326">
				<ele>62.4</ele>
				<time>2023-12-25T11:08:37</time>
			</trkpt>
			<trkpt lat="48.96030306816101" lon="2.948155403137207">
				<ele>61.57</ele>
				<time>2023-12-25T11:08:38</time>
			</trkpt>
			<trkpt lat="48.96010994911194" lon="2.948058843612671">
				<ele>60.84</ele>
				<time>2023-12-25T11:08:42</time>
			</trkpt>
			<trkpt lat="48.960013473406434" lon="2.948005199432373">
				<ele>60.18</ele>
				<time>2023-12-25T11:08:44</time>
			</trkpt>
			<trkpt lat="48.95977743901312" lon="2.9478979110717773">
				<ele>59.57</ele>
				<time>2023-12-25T11:08:48</time>
			</trkpt>
			<trkpt lat="48.959466302767396" lon="2.9477477073669434">
				<ele>59.0</ele>
				<time>2023-12-25T11:08:54</time>
			</trkpt>
			<trkpt lat="48.95936974324286" lon="2.947704792022705">
				<ele>58.6</ele>
				<time>2023-12-25T11:08:55</time>
			</trkpt>
			<trkpt lat="48.95926237106323" lon="2.9476404190063477">
				<ele>58.29</ele>
				<time>2023-12-25T11:08:57</time>
			</trkpt>
			<trkpt lat="48.95854362286627" lon="2.9472970962524414">
				<ele>58.16</ele>
				<time>2023-12-25T11:09:10</time>
			</trkpt>
			<trkpt lat="48.957760417833924" lon="2.9469752311706543">
				<ele>58.02</ele>
				<time>2023-12-25T11:09:25</time>
			</trkpt>
			<trkpt lat="48.957760417833924" lon="2.9471254348754883">
				<ele>57.98</ele>
				<time>2023-12-25T11:09:26</time>
			</trkpt>
			<trkpt lat="48.9577926043421" lon="2.9484879970550537">
				<ele>58.1</ele>
				<time>2023-12-25T11:09:42</time>
			</trkpt>
			<trkpt lat="48.95779252052307" lon="2.9484879970550537">
				<ele>58.12</ele>
				<time>2023-12-25T11:09:42</time>
			</trkpt>
			<trkpt lat="48.9577926043421" lon="2.9485416412353516">
				<ele>58.14</ele>
				<time>2023-12-25T11:09:42</time>
			</trkpt>
			<trkpt lat="48.95781406201422" lon="2.949378490447998">
				<ele>58.07</ele>
				<time>2023-12-25T11:09:52</time>
			</trkpt>
			<trkpt lat="48.95783551968634" lon="2.9500436782836914">
				<ele>58.15</ele>
				<time>2023-12-25T11:10:00</time>
			</trkpt>
			<trkpt lat="48.95784616470337" lon="2.950483560562134">
				<ele>58.28</ele>
				<time>2023-12-25T11:10:05</time>
			</trkpt>
			<trkpt lat="48.95766385830939" lon="2.9505372047424316">
				<ele>58.3</ele>
				<time>2023-12-25T11:10:08</time>
			</trkpt>
			<trkpt lat="48.95737409591675" lon="2.95058012008667">
				<ele>58.22</ele>
				<time>2023-12-25T11:10:13</time>
			</trkpt>
			<trkpt lat="48.95713806152344" lon="2.950558662414551">
				<ele>58.19</ele>
				<time>2023-12-25T11:10:17</time>
			</trkpt>
			<trkpt lat="48.95649433135986" lon="2.950301170349121">
				<ele>58.28</ele>
				<time>2023-12-25T11:10:29</time>
			</trkpt>
			<trkpt lat="48.956526601687074" lon="2.9501402378082275">
				<ele>58.29</ele>
				<time>2023-12-25T11:10:31</time>
			</trkpt>
			<trkpt lat="48.95652651786804" lon="2.9501402378082275">
				<ele>58.28</ele>
				<time>2023-12-25T11:10:31</time>
			</trkpt>
			<trkpt lat="48.95667680539191" lon="2.9494643211364746">
				<ele>58.21</ele>
				<time>2023-12-25T11:10:39</time>
			</trkpt>
			<trkpt lat="48.9568913821131" lon="2.9484879970550537">
				<ele>58.28</ele>
				<time>2023-12-25T11:10:51</time>
			</trkpt>
			<trkpt lat="48.95689129829407" lon="2.9484879970550537">
				<ele>58.21</ele>
				<time>2023-12-25T11:10:51</time>
			</trkpt>
			<trkpt lat="48.956977128982544" lon="2.948058843612671">
				<ele>58.17</ele>
				<time>2023-12-25T11:10:56</time>
			</trkpt>
			<trkpt lat="48.9570951461792" lon="2.947028875350952">
				<ele>57.95</ele>
				<time>2023-12-25T11:11:08</time>
			</trkpt>
			<trkpt lat="48.95708441734314" lon="2.9467928409576416">
				<ele>57.71</ele>
				<time>2023-12-25T11:11:10</time>
			</trkpt>
			<trkpt lat="48.9570415019989" lon="2.946535348892212">
				<ele>57.52</ele>
				<time>2023-12-25T11:11:13</time>
			</trkpt>
			<trkpt lat="48.9569878578186" lon="2.946363687515259">
				<ele>57.27</ele>
				<time>2023-12-25T11:11:15</time>
			</trkpt>
			<trkpt lat="48.95680555142462" lon="2.946031093597412">
				<ele>56.9</ele>
				<time>2023-12-25T11:11:20</time>
			</trkpt>
			<trkpt lat="48.95674109458923" lon="2.945934534072876">
				<ele>56.64</ele>
				<time>2023-12-25T11:11:22</time>
			</trkpt>
			<trkpt lat="48.95662316121161" lon="2.9458165168762207">
				<ele>56.4</ele>
				<time>2023-12-25T11:11:24</time>
			</trkpt>
			<trkpt lat="48.95649433135986" lon="2.9456984996795654">
				<ele>56.19</ele>
				<time>2023-12-25T11:11:27</time>
			</trkpt>
			<trkpt lat="48.95591497421265" lon="2.945280075073242">
				<ele>56.14</ele>
				<time>2023-12-25T11:11:38</time>
			</trkpt>
			<trkpt lat="48.954434394836426" lon="2.944389581680298">
				<ele>55.85</ele>
				<time>2023-12-25T11:12:06</time>
			</trkpt>
			<trkpt lat="48.95443447865546" lon="2.944389581680298">
				<ele>55.67</ele>
				<time>2023-12-25T11:12:06</time>
			</trkpt>
			<trkpt lat="48.95387649536133" lon="2.9438745975494385">
				<ele>55.52</ele>
				<time>2023-12-25T11:12:17</time>
			</trkpt>
			<trkpt lat="48.953232849016786" lon="2.9432308673858643">
				<ele>55.33</ele>
				<time>2023-12-25T11:12:31</time>
			</trkpt>
			<trkpt lat="48.95243891514838" lon="2.9423725605010986">
				<ele>55.12</ele>
				<time>2023-12-25T11:12:48</time>
			</trkpt>
			<trkpt lat="48.952438831329346" lon="2.942318916320801">
				<ele>54.91</ele>
				<time>2023-12-25T11:12:48</time>
			</trkpt>
			<trkpt lat="48.95241737365723" lon="2.942286729812622">
				<ele>54.69</ele>
				<time>2023-12-25T11:12:49</time>
			</trkpt>
			<trkpt lat="48.95236372947693" lon="2.942286729812622">
				<ele>54.46</ele>
				<time>2023-12-25T11:12:50</time>
			</trkpt>
			<trkpt lat="48.95234227180481" lon="2.9423511028289795">
				<ele>54.21</ele>
				<time>2023-12-25T11:12:51</time>
			</trkpt>
			<trkpt lat="48.95225644111633" lon="2.942415475845337">
				<ele>53.93</ele>
				<time>2023-12-25T11:12:52</time>
			</trkpt>
			<trkpt lat="48.951988220214844" lon="2.9423725605010986">
				<ele>53.62</ele>
				<time>2023-12-25T11:12:57</time>
			</trkpt>
			<trkpt lat="48.95175218582153" lon="2.9422974586486816">
				<ele>53.22</ele>
				<time>2023-12-25T11:13:01</time>
			</trkpt>
			<trkpt lat="48.95136594772339" lon="2.9420506954193115">
				<ele>52.72</ele>
				<time>2023-12-25T11:13:08</time>
			</trkpt>
			<trkpt lat="48.95035743713379" lon="2.9413211345672607">
				<ele>52.17</ele>
				<time>2023-12-25T11:13:28</time>
			</trkpt>
			<trkpt lat="48.949778163805604" lon="2.940763235092163">
				<ele>51.49</ele>
				<time>2023-12-25T11:13:40</time>
			</trkpt>
			<trkpt lat="48.949735164642334" lon="2.940720319747925">
				<ele>51.07</ele>
				<time>2023-12-25T11:13:41</time>
			</trkpt>
			<trkpt lat="48.94957423210144" lon="2.940570116043091">
				<ele>50.62</ele>
				<time>2023-12-25T11:13:44</time>
			</trkpt>
			<trkpt lat="48.94925236701965" lon="2.9403233528137207">
				<ele>50.24</ele>
				<time>2023-12-25T11:13:50</time>
			</trkpt>
			<trkpt lat="48.94903779029846" lon="2.9401516914367676">
				<ele>50.04</ele>
				<time>2023-12-25T11:13:54</time>
			</trkpt>
			<trkpt lat="48.948683738708496" lon="2.9399263858795166">
				<ele>49.93</ele>
				<time>2023-12-25T11:14:01</time>
			</trkpt>
			<trkpt lat="48.94836187362671" lon="2.9398083686828613">
				<ele>49.83</ele>
				<time>2023-12-25T11:14:07</time>
			</trkpt>
			<trkpt lat="48.94736409187317" lon="2.9396259784698486">
				<ele>49.95</ele>
				<time>2023-12-25T11:14:24</time>
			</trkpt>
			<trkpt lat="48.947213888168335" lon="2.9396045207977295">
				<ele>49.75</ele>
				<time>2023-12-25T11:14:27</time>
			</trkpt>
			<trkpt lat="48.946784818544984" lon="2.9394757747650146">
				<ele>49.56</ele>
				<time>2023-12-25T11:14:35</time>
			</trkpt>
			<trkpt lat="48.946280563250184" lon="2.9393577575683594">
				<ele>49.46</ele>
				<time>2023-12-25T11:14:43</time>
			</trkpt>
			<trkpt lat="48.945701122283936" lon="2.939239740371704">
				<ele>49.34</ele>
				<time>2023-12-25T11:14:54</time>
			</trkpt>
			<trkpt lat="48.945486545562744" lon="2.939143180847168">
				<ele>49.48</ele>
				<time>2023-12-25T11:14:58</time>
			</trkpt>
			<trkpt lat="48.945196866989136" lon="2.9389607906341553">
				<ele>49.88</ele>
				<time>2023-12-25T11:15:03</time>
			</trkpt>
			<trkpt lat="48.94477844238281" lon="2.9386067390441895">
				<ele>50.63</ele>
				<time>2023-12-25T11:15:11</time>
			</trkpt>
			<trkpt lat="48.94334077835083" lon="2.9373085498809814">
				<ele>52.13</ele>
				<time>2023-12-25T11:15:40</time>
			</trkpt>
			<trkpt lat="48.942975997924805" lon="2.9370617866516113">
				<ele>53.48</ele>
				<time>2023-12-25T11:15:47</time>
			</trkpt>
			<trkpt lat="48.94264348782599" lon="2.936943769454956">
				<ele>54.95</ele>
				<time>2023-12-25T11:15:53</time>
			</trkpt>
			<trkpt lat="48.942503929138184" lon="2.936922311782837">
				<ele>56.69</ele>
				<time>2023-12-25T11:15:56</time>
			</trkpt>
			<trkpt lat="48.9421284198761" lon="2.9369008541107178">
				<ele>58.96</ele>
				<time>2023-12-25T11:16:02</time>
			</trkpt>
			<trkpt lat="48.94158133305609" lon="2.937018871307373">
				<ele>61.8</ele>
				<time>2023-12-25T11:16:12</time>
			</trkpt>
			<trkpt lat="48.941506147384644" lon="2.9370296001434326">
				<ele>64.69</ele>
				<time>2023-12-25T11:16:13</time>
			</trkpt>
			<trkpt lat="48.94118436612189" lon="2.937169075012207">
				<ele>68.38</ele>
				<time>2023-12-25T11:16:19</time>
			</trkpt>
			<trkpt lat="48.94054055213928" lon="2.937490940093994">
				<ele>72.71</ele>
				<time>2023-12-25T11:16:31</time>
			</trkpt>
			<trkpt lat="48.940197229385376" lon="2.9375123977661133">
				<ele>77.11</ele>
				<time>2023-12-25T11:16:37</time>
			</trkpt>
			<trkpt lat="48.93992900848389" lon="2.9374587535858154">
				<ele>81.92</ele>
				<time>2023-12-25T11:16:42</time>
			</trkpt>
			<trkpt lat="48.939210176467896" lon="2.9371047019958496">
				<ele>87.76</ele>
				<time>2023-12-25T11:16:55</time>
			</trkpt>
			<trkpt lat="48.938941955566406" lon="2.9369544982910156">
				<ele>93.61</ele>
				<time>2023-12-25T11:17:00</time>
			</trkpt>
			<trkpt lat="48.93738627433777" lon="2.936375141143799">
				<ele>101.11</ele>
				<time>2023-12-25T11:17:28</time>
			</trkpt>
			<trkpt lat="48.93739700317383" lon="2.9364824295043945">
				<ele>106.42</ele>
				<time>2023-12-25T11:17:29</time>
			</trkpt>
			<trkpt lat="48.93686064518988" lon="2.9366111755371094">
				<ele>112.61</ele>
				<time>2023-12-25T11:17:38</time>
			</trkpt>
			<trkpt lat="48.9356803894043" lon="2.9369008541107178">
				<ele>119.44</ele>
				<time>2023-12-25T11:17:59</time>
			</trkpt>
			<trkpt lat="48.93514403142035" lon="2.936997413635254">
				<ele>124.44</ele>
				<time>2023-12-25T11:18:08</time>
			</trkpt>
			<trkpt lat="48.93439292907715" lon="2.937115430831909">
				<ele>128.42</ele>
				<time>2023-12-25T11:18:22</time>
			</trkpt>
			<trkpt lat="48.93379211425781" lon="2.9373300075531006">
				<ele>131.69</ele>
				<time>2023-12-25T11:18:32</time>
			</trkpt>
			<trkpt lat="48.933788845315576" lon="2.9373314324766397">
				<ele>131.91</ele>
				<time>2023-12-25T11:18:32</time>
			</trkpt>
			<trkpt lat="48.93375590443611" lon="2.937346436083317">
				<ele>134.23</ele>
				<time>2023-12-25T11:18:33</time>
			</trkpt>
			<trkpt lat="48.9337548147887" lon="2.937346938997507">
				<ele>134.31</ele>
				<time>2023-12-25T11:18:33</time>
			</trkpt>
			<trkpt lat="48.93375347368419" lon="2.937347609549761">
				<ele>134.41</ele>
				<time>2023-12-25T11:18:33</time>
			</trkpt>
			<trkpt lat="48.93329858779907" lon="2.9375553131103516">
				<ele>135.99</ele>
				<time>2023-12-25T11:18:41</time>
			</trkpt>
			<trkpt lat="48.93294462002814" lon="2.937641143798828">
				<ele>134.51</ele>
				<time>2023-12-25T11:18:48</time>
			</trkpt>
			<trkpt lat="48.932944536209106" lon="2.937641143798828">
				<ele>132.91</ele>
				<time>2023-12-25T11:18:48</time>
			</trkpt>
			<trkpt lat="48.93253684043884" lon="2.937619686126709">
				<ele>130.81</ele>
				<time>2023-12-25T11:18:55</time>
			</trkpt>
			<trkpt lat="48.93186092376709" lon="2.937823534011841">
				<ele>128.36</ele>
				<time>2023-12-25T11:19:07</time>
			</trkpt>
			<trkpt lat="48.93144249916077" lon="2.9378128051757812">
				<ele>125.69</ele>
				<time>2023-12-25T11:19:14</time>
			</trkpt>
			<trkpt lat="48.930712938308716" lon="2.9376089572906494">
				<ele>123.12</ele>
				<time>2023-12-25T11:19:27</time>
			</trkpt>
			<trkpt lat="48.930251598358154" lon="2.9376518726348877">
				<ele>120.71</ele>
				<time>2023-12-25T11:19:35</time>
			</trkpt>
			<trkpt lat="48.92937183380127" lon="2.9379308223724365">
				<ele>117.69</ele>
				<time>2023-12-25T11:19:50</time>
			</trkpt>
			<trkpt lat="48.92868518829346" lon="2.938070297241211">
				<ele>114.45</ele>
				<time>2023-12-25T11:20:03</time>
			</trkpt>
			<trkpt lat="48.92740845680237" lon="2.9387032985687256">
				<ele>109.43</ele>
				<time>2023-12-25T11:20:26</time>
			</trkpt>
			<trkpt lat="48.92712950706482" lon="2.9390358924865723">
				<ele>106.08</ele>
				<time>2023-12-25T11:20:32</time>
			</trkpt>
			<trkpt lat="48.92667889595032" lon="2.9399049282073975">
				<ele>103.24</ele>
				<time>2023-12-25T11:20:45</time>
			</trkpt>
			<trkpt lat="48.92599233426154" lon="2.9405808448791504">
				<ele>100.12</ele>
				<time>2023-12-25T11:20:59</time>
			</trkpt>
			<trkpt lat="48.925992250442505" lon="2.9405808448791504">
				<ele>98.35</ele>
				<time>2023-12-25T11:20:59</time>
			</trkpt>
			<trkpt lat="48.92558455467224" lon="2.9409563541412354">
				<ele>97.02</ele>
				<time>2023-12-25T11:21:07</time>
			</trkpt>
			<trkpt lat="48.925530994310975" lon="2.9410314559936523">
				<ele>96.54</ele>
				<time>2023-12-25T11:21:09</time>
			</trkpt>
			<trkpt lat="48.92454385757446" lon="2.94283390045166">
				<ele>97.13</ele>
				<time>2023-12-25T11:21:35</time>
			</trkpt>
			<trkpt lat="48.92440438270569" lon="2.9431772232055664">
				<ele>97.91</ele>
				<time>2023-12-25T11:21:40</time>
			</trkpt>
			<trkpt lat="48.92424353398383" lon="2.9438424110412598">
				<ele>99.12</ele>
				<time>2023-12-25T11:21:48</time>
			</trkpt>
			<trkpt lat="48.924243450164795" lon="2.9438424110412598">
				<ele>100.51</ele>
				<time>2023-12-25T11:21:48</time>
			</trkpt>
			<trkpt lat="48.92403960227966" lon="2.9448401927948">
				<ele>102.28</ele>
				<time>2023-12-25T11:22:00</time>
			</trkpt>
			<trkpt lat="48.923739194869995" lon="2.9457950592041016">
				<ele>104.42</ele>
				<time>2023-12-25T11:22:12</time>
			</trkpt>
			<trkpt lat="48.92303109169006" lon="2.9479408264160156">
				<ele>106.94</ele>
				<time>2023-12-25T11:22:40</time>
			</trkpt>
			<trkpt lat="48.92293461598456" lon="2.9484879970550537">
				<ele>109.11</ele>
				<time>2023-12-25T11:22:46</time>
			</trkpt>
			<trkpt lat="48.92293453216553" lon="2.9484879970550537">
				<ele>111.15</ele>
				<time>2023-12-25T11:22:46</time>
			</trkpt>
			<trkpt lat="48.92290242947638" lon="2.948809862136841">
				<ele>113.24</ele>
				<time>2023-12-25T11:22:50</time>
			</trkpt>
			<trkpt lat="48.92282724380493" lon="2.9491639137268066">
				<ele>115.2</ele>
				<time>2023-12-25T11:22:54</time>
			</trkpt>
			<trkpt lat="48.92268776893616" lon="2.9495179653167725">
				<ele>117.1</ele>
				<time>2023-12-25T11:22:59</time>
			</trkpt>
			<trkpt lat="48.92253756523132" lon="2.9497969150543213">
				<ele>118.99</ele>
				<time>2023-12-25T11:23:03</time>
			</trkpt>
			<trkpt lat="48.92230153083801" lon="2.950301170349121">
				<ele>120.92</ele>
				<time>2023-12-25T11:23:10</time>
			</trkpt>
			<trkpt lat="48.92233380116522" lon="2.9506874084472656">
				<ele>122.63</ele>
				<time>2023-12-25T11:23:14</time>
			</trkpt>
			<trkpt lat="48.92194747924805" lon="2.9516100883483887">
				<ele>124.64</ele>
				<time>2023-12-25T11:23:27</time>
			</trkpt>
			<trkpt lat="48.92190464772284" lon="2.9518675804138184">
				<ele>126.25</ele>
				<time>2023-12-25T11:23:30</time>
			</trkpt>
			<trkpt lat="48.922001123428345" lon="2.9525327682495117">
				<ele>127.79</ele>
				<time>2023-12-25T11:23:38</time>
			</trkpt>
			<trkpt lat="48.921968936920166" lon="2.952725887298584">
				<ele>129.12</ele>
				<time>2023-12-25T11:23:40</time>
			</trkpt>
			<trkpt lat="48.92184019088745" lon="2.952446937561035">
				<ele>130.12</ele>
				<time>2023-12-25T11:23:44</time>
			</trkpt>
			<trkpt lat="48.9216685295105" lon="2.9522645473480225">
				<ele>131.07</ele>
				<time>2023-12-25T11:23:48</time>
			</trkpt>
			<trkpt lat="48.92117500305176" lon="2.951856851577759">
				<ele>131.98</ele>
				<time>2023-12-25T11:23:57</time>
			</trkpt>
			<trkpt lat="48.92108917236328" lon="2.9517388343811035">
				<ele>132.72</ele>
				<time>2023-12-25T11:23:59</time>
			</trkpt>
			<trkpt lat="48.92091759480536" lon="2.95133113861084">
				<ele>133.38</ele>
				<time>2023-12-25T11:24:05</time>
			</trkpt>
			<trkpt lat="48.92046698369086" lon="2.9502153396606445">
				<ele>133.91</ele>
				<time>2023-12-25T11:24:20</time>
			</trkpt>
			<trkpt lat="48.919801795855165" lon="2.949475049972534">
				<ele>134.69</ele>
				<time>2023-12-25T11:24:34</time>
			</trkpt>
			<trkpt lat="48.919479846954346" lon="2.9491424560546875">
				<ele>135.22</ele>
				<time>2023-12-25T11:24:41</time>
			</trkpt>
			<trkpt lat="48.919018507003784" lon="2.9487454891204834">
				<ele>135.81</ele>
				<time>2023-12-25T11:24:50</time>
			</trkpt>
			<trkpt lat="48.918804014101624" lon="2.9484879970550537">
				<ele>136.16</ele>
				<time>2023-12-25T11:24:55</time>
			</trkpt>
			<trkpt lat="48.918728828430176" lon="2.9484128952026367">
				<ele>136.41</ele>
				<time>2023-12-25T11:24:57</time>
			</trkpt>
			<trkpt lat="48.91837477684021" lon="2.947533130645752">
				<ele>136.47</ele>
				<time>2023-12-25T11:25:08</time>
			</trkpt>
			<trkpt lat="48.9181923866272" lon="2.947007417678833">
				<ele>136.35</ele>
				<time>2023-12-25T11:25:15</time>
			</trkpt>
			<trkpt lat="48.91810655593872" lon="2.946631908416748">
				<ele>136.31</ele>
				<time>2023-12-25T11:25:20</time>
			</trkpt>
			<trkpt lat="48.918009996414185" lon="2.945355176925659">
				<ele>136.1</ele>
				<time>2023-12-25T11:25:34</time>
			</trkpt>
			<trkpt lat="48.917816961184144" lon="2.944389581680298">
				<ele>136.54</ele>
				<time>2023-12-25T11:25:46</time>
			</trkpt>
			<trkpt lat="48.91780614852905" lon="2.944314479827881">
				<ele>136.61</ele>
				<time>2023-12-25T11:25:47</time>
			</trkpt>
			<trkpt lat="48.917806232348084" lon="2.944314479827881">
				<ele>136.64</ele>
				<time>2023-12-25T11:25:47</time>
			</trkpt>
			<trkpt lat="48.91773113049567" lon="2.943863868713379">
				<ele>136.84</ele>
				<time>2023-12-25T11:25:52</time>
			</trkpt>
			<trkpt lat="48.91763457097113" lon="2.9432737827301025">
				<ele>136.85</ele>
				<time>2023-12-25T11:25:59</time>
			</trkpt>
			<trkpt lat="48.91760238446295" lon="2.942962646484375">
				<ele>136.87</ele>
				<time>2023-12-25T11:26:03</time>
			</trkpt>
			<trkpt lat="48.91759165562689" lon="2.942812442779541">
				<ele>136.94</ele>
				<time>2023-12-25T11:26:04</time>
			</trkpt>
			<trkpt lat="48.917473554611206" lon="2.9415249824523926">
				<ele>136.97</ele>
				<time>2023-12-25T11:26:19</time>
			</trkpt>
			<trkpt lat="48.9173770789057" lon="2.9410207271575928">
				<ele>137.2</ele>
				<time>2023-12-25T11:26:25</time>
			</trkpt>
			<trkpt lat="48.91731262207031" lon="2.940688133239746">
				<ele>137.47</ele>
				<time>2023-12-25T11:26:29</time>
			</trkpt>
			<trkpt lat="48.91731262207031" lon="2.9404735565185547">
				<ele>137.79</ele>
				<time>2023-12-25T11:26:32</time>
			</trkpt>
			<trkpt lat="48.91735562123358" lon="2.9395294189453125">
				<ele>138.31</ele>
				<time>2023-12-25T11:26:43</time>
			</trkpt>
			<trkpt lat="48.91735553741455" lon="2.939121723175049">
				<ele>138.8</ele>
				<time>2023-12-25T11:26:47</time>
			</trkpt>
			<trkpt lat="48.917248249053955" lon="2.93709397315979">
				<ele>139.35</ele>
				<time>2023-12-25T11:27:10</time>
			</trkpt>
			<trkpt lat="48.91720533370972" lon="2.934776544570923">
				<ele>139.87</ele>
				<time>2023-12-25T11:27:37</time>
			</trkpt>
			<trkpt lat="48.91716241836548" lon="2.9336929321289062">
				<ele>140.15</ele>
				<time>2023-12-25T11:27:49</time>
			</trkpt>
			<trkpt lat="48.91700156964362" lon="2.9320943355560303">
				<ele>140.88</ele>
				<time>2023-12-25T11:28:08</time>
			</trkpt>
			<trkpt lat="48.91679763793945" lon="2.9307961463928223">
				<ele>141.63</ele>
				<time>2023-12-25T11:28:23</time>
			</trkpt>
			<trkpt lat="48.916561687365174" lon="2.9294121265411377">
				<ele>142.16</ele>
				<time>2023-12-25T11:28:40</time>
			</trkpt>
			<trkpt lat="48.91629338264465" lon="2.9286396503448486">
				<ele>142.72</ele>
				<time>2023-12-25T11:28:50</time>
			</trkpt>
			<trkpt lat="48.91581058502197" lon="2.9275453090667725">
				<ele>143.29</ele>
				<time>2023-12-25T11:29:05</time>
			</trkpt>
			<trkpt lat="48.91358979977667" lon="2.923961877822876">
				<ele>143.65</ele>
				<time>2023-12-25T11:30:01</time>
			</trkpt>
			<trkpt lat="48.91287088394165" lon="2.9226958751678467">
				<ele>143.85</ele>
				<time>2023-12-25T11:30:20</time>
			</trkpt>
			<trkpt lat="48.91216278076172" lon="2.9208719730377197">
				<ele>144.28</ele>
				<time>2023-12-25T11:30:44</time>
			</trkpt>
			<trkpt lat="48.912012577056885" lon="2.920914888381958">
				<ele>144.59</ele>
				<time>2023-12-25T11:30:47</time>
			</trkpt>
			<trkpt lat="48.91183018684387" lon="2.920839786529541">
				<ele>144.85</ele>
				<time>2023-12-25T11:30:50</time>
			</trkpt>
			<trkpt lat="48.9116907119751" lon="2.9207539558410645">
				<ele>145.04</ele>
				<time>2023-12-25T11:30:53</time>
			</trkpt>
			<trkpt lat="48.91166925430298" lon="2.920635938644409">
				<ele>145.19</ele>
				<time>2023-12-25T11:30:54</time>
			</trkpt>
			<trkpt lat="48.91159415245056" lon="2.9205501079559326">
				<ele>145.25</ele>
				<time>2023-12-25T11:30:56</time>
			</trkpt>
			<trkpt lat="48.911497592926025" lon="2.920517921447754">
				<ele>145.25</ele>
				<time>2023-12-25T11:30:58</time>
			</trkpt>
			<trkpt lat="48.91144394874573" lon="2.920539379119873">
				<ele>145.2</ele>
				<time>2023-12-25T11:30:59</time>
			</trkpt>
			<trkpt lat="48.91131520271301" lon="2.920464277267456">
				<ele>144.99</ele>
				<time>2023-12-25T11:31:01</time>
			</trkpt>
			<trkpt lat="48.911272287368774" lon="2.920389175415039">
				<ele>144.74</ele>
				<time>2023-12-25T11:31:02</time>
			</trkpt>
			<trkpt lat="48.91119718551636" lon="2.920260429382324">
				<ele>144.39</ele>
				<time>2023-12-25T11:31:04</time>
			</trkpt>
			<trkpt lat="48.911036252975464" lon="2.919166088104248">
				<ele>144.02</ele>
				<time>2023-12-25T11:31:17</time>
			</trkpt>
			<trkpt lat="48.91088604927063" lon="2.9186618328094482">
				<ele>143.39</ele>
				<time>2023-12-25T11:31:23</time>
			</trkpt>
			<trkpt lat="48.91059637069702" lon="2.918071746826172">
				<ele>142.55</ele>
				<time>2023-12-25T11:31:32</time>
			</trkpt>
			<trkpt lat="48.90920170582831" lon="2.9158294200897217">
				<ele>141.41</ele>
				<time>2023-12-25T11:32:07</time>
			</trkpt>
			<trkpt lat="48.90900858677924" lon="2.9155397415161133">
				<ele>140.16</ele>
				<time>2023-12-25T11:32:12</time>
			</trkpt>
			<trkpt lat="48.90830039978027" lon="2.9144561290740967">
				<ele>138.71</ele>
				<time>2023-12-25T11:32:29</time>
			</trkpt>
			<trkpt lat="48.90742063522339" lon="2.913748025894165">
				<ele>136.87</ele>
				<time>2023-12-25T11:32:47</time>
			</trkpt>
			<trkpt lat="48.90713095664978" lon="2.9134583473205566">
				<ele>134.9</ele>
				<time>2023-12-25T11:32:53</time>
			</trkpt>
			<trkpt lat="48.90699156560004" lon="2.91312575340271">
				<ele>132.65</ele>
				<time>2023-12-25T11:32:57</time>
			</trkpt>
			<trkpt lat="48.90687354840338" lon="2.9129433631896973">
				<ele>130.03</ele>
				<time>2023-12-25T11:33:00</time>
			</trkpt>
			<trkpt lat="48.905746936798096" lon="2.9133617877960205">
				<ele>126.53</ele>
				<time>2023-12-25T11:33:20</time>
			</trkpt>
			<trkpt lat="48.90541434288025" lon="2.9133832454681396">
				<ele>123.15</ele>
				<time>2023-12-25T11:33:26</time>
			</trkpt>
			<trkpt lat="48.905049562454224" lon="2.913275957107544">
				<ele>119.55</ele>
				<time>2023-12-25T11:33:32</time>
			</trkpt>
			<trkpt lat="48.904759883880615" lon="2.9130828380584717">
				<ele>116.09</ele>
				<time>2023-12-25T11:33:38</time>
			</trkpt>
			<trkpt lat="48.90422352589667" lon="2.9126107692718506">
				<ele>112.67</ele>
				<time>2023-12-25T11:33:49</time>
			</trkpt>
			<trkpt lat="48.901798725128174" lon="2.910454273223877">
				<ele>107.99</ele>
				<time>2023-12-25T11:34:38</time>
			</trkpt>
			<trkpt lat="48.901798808947206" lon="2.910454273223877">
				<ele>104.8</ele>
				<time>2023-12-25T11:34:38</time>
			</trkpt>
			<trkpt lat="48.89942765235901" lon="2.908351421356201">
				<ele>101.07</ele>
				<time>2023-12-25T11:35:25</time>
			</trkpt>
			<trkpt lat="48.899009227752686" lon="2.907932996749878">
				<ele>98.31</ele>
				<time>2023-12-25T11:35:34</time>
			</trkpt>
			<trkpt lat="48.89867663383484" lon="2.9075467586517334">
				<ele>95.91</ele>
				<time>2023-12-25T11:35:41</time>
			</trkpt>
			<trkpt lat="48.89834403991699" lon="2.9068922996520996">
				<ele>93.97</ele>
				<time>2023-12-25T11:35:51</time>
			</trkpt>
			<trkpt lat="48.89821529388428" lon="2.9067957401275635">
				<ele>92.65</ele>
				<time>2023-12-25T11:35:53</time>
			</trkpt>
			<trkpt lat="48.8980758190155" lon="2.9067957401275635">
				<ele>91.88</ele>
				<time>2023-12-25T11:35:56</time>
			</trkpt>
			<trkpt lat="48.8972282409668" lon="2.9071497917175293">
				<ele>92.06</ele>
				<time>2023-12-25T11:36:11</time>
			</trkpt>
			<trkpt lat="48.897045850753784" lon="2.9071712493896484">
				<ele>92.43</ele>
				<time>2023-12-25T11:36:14</time>
			</trkpt>
			<trkpt lat="48.89693864621222" lon="2.9070961475372314">
				<ele>93.17</ele>
				<time>2023-12-25T11:36:16</time>
			</trkpt>
			<trkpt lat="48.89689564704895" lon="2.907031774520874">
				<ele>94.31</ele>
				<time>2023-12-25T11:36:17</time>
			</trkpt>
			<trkpt lat="48.896809816360474" lon="2.9068386554718018">
				<ele>95.86</ele>
				<time>2023-12-25T11:36:20</time>
			</trkpt>
			<trkpt lat="48.89606952667236" lon="2.90712833404541">
				<ele>98.2</ele>
				<time>2023-12-25T11:36:33</time>
			</trkpt>
			<trkpt lat="48.89576920308173" lon="2.907085418701172">
				<ele>100.35</ele>
				<time>2023-12-25T11:36:39</time>
			</trkpt>
			<trkpt lat="48.89538296498358" lon="2.9070210456848145">
				<ele>102.94</ele>
				<time>2023-12-25T11:36:45</time>
			</trkpt>
			<trkpt lat="48.895103931427" lon="2.9069888591766357">
				<ele>105.43</ele>
				<time>2023-12-25T11:36:50</time>
			</trkpt>
			<trkpt lat="48.89488935470581" lon="2.9069995880126953">
				<ele>108.03</ele>
				<time>2023-12-25T11:36:54</time>
			</trkpt>
			<trkpt lat="48.8946533203125" lon="2.9070961475372314">
				<ele>110.56</ele>
				<time>2023-12-25T11:36:58</time>
			</trkpt>
			<trkpt lat="48.89437437057495" lon="2.907310724258423">
				<ele>113.09</ele>
				<time>2023-12-25T11:37:04</time>
			</trkpt>
			<trkpt lat="48.894074046984315" lon="2.907729148864746">
				<ele>115.74</ele>
				<time>2023-12-25T11:37:11</time>
			</trkpt>
			<trkpt lat="48.8936984539032" lon="2.908308506011963">
				<ele>118.37</ele>
				<time>2023-12-25T11:37:20</time>
			</trkpt>
			<trkpt lat="48.89369853772223" lon="2.908308506011963">
				<ele>120.41</ele>
				<time>2023-12-25T11:37:20</time>
			</trkpt>
			<trkpt lat="48.893516063690186" lon="2.90863037109375">
				<ele>122.41</ele>
				<time>2023-12-25T11:37:25</time>
			</trkpt>
			<trkpt lat="48.89335513114929" lon="2.9091131687164307">
				<ele>124.09</ele>
				<time>2023-12-25T11:37:31</time>
			</trkpt>
			<trkpt lat="48.89291524887085" lon="2.909027338027954">
				<ele>125.38</ele>
				<time>2023-12-25T11:37:39</time>
			</trkpt>
			<trkpt lat="48.892529010772705" lon="2.9088985919952393">
				<ele>126.19</ele>
				<time>2023-12-25T11:37:46</time>
			</trkpt>
			<trkpt lat="48.891681432724" lon="2.9082977771759033">
				<ele>126.55</ele>
				<time>2023-12-25T11:38:02</time>
			</trkpt>
			<trkpt lat="48.89122017659247" lon="2.9081475734710693">
				<ele>126.63</ele>
				<time>2023-12-25T11:38:10</time>
			</trkpt>
			<trkpt lat="48.8907265663147" lon="2.908201217651367">
				<ele>126.59</ele>
				<time>2023-12-25T11:38:19</time>
			</trkpt>
			<trkpt lat="48.89010429382324" lon="2.90838360786438">
				<ele>126.03</ele>
				<time>2023-12-25T11:38:30</time>
			</trkpt>
			<trkpt lat="48.88940691947937" lon="2.908651828765869">
				<ele>124.89</ele>
				<time>2023-12-25T11:38:42</time>
			</trkpt>
			<trkpt lat="48.88917088508606" lon="2.9087483882904053">
				<ele>123.53</ele>
				<time>2023-12-25T11:38:47</time>
			</trkpt>
			<trkpt lat="48.888012170791626" lon="2.9090166091918945">
				<ele>121.37</ele>
				<time>2023-12-25T11:39:07</time>
			</trkpt>
			<trkpt lat="48.887314796447754" lon="2.909231185913086">
				<ele>119.25</ele>
				<time>2023-12-25T11:39:19</time>
			</trkpt>
			<trkpt lat="48.886810541152954" lon="2.90938138961792">
				<ele>116.94</ele>
				<time>2023-12-25T11:39:28</time>
			</trkpt>
			<trkpt lat="48.88561964035034" lon="2.9092633724212646">
				<ele>114.18</ele>
				<time>2023-12-25T11:39:49</time>
			</trkpt>
			<trkpt lat="48.885308504104614" lon="2.9093170166015625">
				<ele>111.66</ele>
				<time>2023-12-25T11:39:55</time>
			</trkpt>
			<trkpt lat="48.88497591018677" lon="2.909402847290039">
				<ele>109.05</ele>
				<time>2023-12-25T11:40:00</time>
			</trkpt>
			<trkpt lat="48.8846218585968" lon="2.909531593322754">
				<ele>106.45</ele>
				<time>2023-12-25T11:40:07</time>
			</trkpt>
			<trkpt lat="48.88445019721985" lon="2.9096603393554688">
				<ele>103.97</ele>
				<time>2023-12-25T11:40:10</time>
			</trkpt>
			<trkpt lat="48.883012533187866" lon="2.9076969623565674">
				<ele>101.24</ele>
				<time>2023-12-25T11:40:44</time>
			</trkpt>
			<trkpt lat="48.882776498794556" lon="2.907407283782959">
				<ele>99.03</ele>
				<time>2023-12-25T11:40:49</time>
			</trkpt>
			<trkpt lat="48.88244390487671" lon="2.9069995880126953">
				<ele>97.0</ele>
				<time>2023-12-25T11:40:56</time>
			</trkpt>
			<trkpt lat="48.88217568397522" lon="2.906806468963623">
				<ele>95.24</ele>
				<time>2023-12-25T11:41:02</time>
			</trkpt>
			<trkpt lat="48.88115644454956" lon="2.9060018062591553">
				<ele>93.64</ele>
				<time>2023-12-25T11:41:22</time>
			</trkpt>
			<trkpt lat="48.88101705349982" lon="2.9059159755706787">
				<ele>92.56</ele>
				<time>2023-12-25T11:41:24</time>
			</trkpt>
			<trkpt lat="48.880802392959595" lon="2.905808687210083">
				<ele>91.77</ele>
				<time>2023-12-25T11:41:28</time>
			</trkpt>
			<trkpt lat="48.880577087402344" lon="2.9057657718658447">
				<ele>91.29</ele>
				<time>2023-12-25T11:41:32</time>
			</trkpt>
			<trkpt lat="48.87967594899237" lon="2.9057013988494873">
				<ele>91.13</ele>
				<time>2023-12-25T11:41:48</time>
			</trkpt>
			<trkpt lat="48.879611575976014" lon="2.9057013988494873">
				<ele>91.47</ele>
				<time>2023-12-25T11:41:49</time>
			</trkpt>
			<trkpt lat="48.87945055961609" lon="2.9057228565216064">
				<ele>92.23</ele>
				<time>2023-12-25T11:41:52</time>
			</trkpt>
			<trkpt lat="48.87901076115668" lon="2.905862331390381">
				<ele>93.4</ele>
				<time>2023-12-25T11:42:00</time>
			</trkpt>
			<trkpt lat="48.87821674346924" lon="2.9060661792755127">
				<ele>94.91</ele>
				<time>2023-12-25T11:42:14</time>
			</trkpt>
			<trkpt lat="48.87726196087897" lon="2.9048216342926025">
				<ele>97.08</ele>
				<time>2023-12-25T11:42:35</time>
			</trkpt>
			<trkpt lat="48.8771116733551" lon="2.90463924407959">
				<ele>99.08</ele>
				<time>2023-12-25T11:42:39</time>
			</trkpt>
			<trkpt lat="48.87650012969971" lon="2.904059886932373">
				<ele>101.56</ele>
				<time>2023-12-25T11:42:51</time>
			</trkpt>
			<trkpt lat="48.8761031627655" lon="2.903780937194824">
				<ele>103.95</ele>
				<time>2023-12-25T11:42:59</time>
			</trkpt>
			<trkpt lat="48.87569546699524" lon="2.9035449028015137">
				<ele>106.44</ele>
				<time>2023-12-25T11:43:07</time>
			</trkpt>
			<trkpt lat="48.87513756752014" lon="2.9033517837524414">
				<ele>109.06</ele>
				<time>2023-12-25T11:43:16</time>
			</trkpt>
			<trkpt lat="48.87424715794623" lon="2.9028689861297607">
				<ele>111.75</ele>
				<time>2023-12-25T11:43:33</time>
			</trkpt>
			<trkpt lat="48.87369998730719" lon="2.90263295173645">
				<ele>114.23</ele>
				<time>2023-12-25T11:43:43</time>
			</trkpt>
			<trkpt lat="48.87362480163574" lon="2.902611494064331">
				<ele>116.34</ele>
				<time>2023-12-25T11:43:44</time>
			</trkpt>
			<trkpt lat="48.87350678443909" lon="2.902611494064331">
				<ele>118.24</ele>
				<time>2023-12-25T11:43:46</time>
			</trkpt>
			<trkpt lat="48.87260556221008" lon="2.902815341949463">
				<ele>120.12</ele>
				<time>2023-12-25T11:44:02</time>
			</trkpt>
			<trkpt lat="48.87173652648926" lon="2.902987003326416">
				<ele>121.96</ele>
				<time>2023-12-25T11:44:17</time>
			</trkpt>
			<trkpt lat="48.87137174606323" lon="2.903008460998535">
				<ele>123.16</ele>
				<time>2023-12-25T11:44:24</time>
			</trkpt>
			<trkpt lat="48.87097486294806" lon="2.9029977321624756">
				<ele>123.77</ele>
				<time>2023-12-25T11:44:31</time>
			</trkpt>
			<trkpt lat="48.87072809971869" lon="2.9029977321624756">
				<ele>124.17</ele>
				<time>2023-12-25T11:44:35</time>
			</trkpt>
			<trkpt lat="48.87024530209601" lon="2.9029977321624756">
				<ele>124.37</ele>
				<time>2023-12-25T11:44:43</time>
			</trkpt>
			<trkpt lat="48.86910796165466" lon="2.9029762744903564">
				<ele>124.1</ele>
				<time>2023-12-25T11:45:03</time>
			</trkpt>
			<trkpt lat="48.86899002827704" lon="2.9029762744903564">
				<ele>123.39</ele>
				<time>2023-12-25T11:45:05</time>
			</trkpt>
			<trkpt lat="48.86898994445801" lon="2.9029762744903564">
				<ele>122.27</ele>
				<time>2023-12-25T11:45:05</time>
			</trkpt>
			<trkpt lat="48.867799043655396" lon="2.902965545654297">
				<ele>120.27</ele>
				<time>2023-12-25T11:45:26</time>
			</trkpt>
			<trkpt lat="48.867606008425355" lon="2.903008460998535">
				<ele>118.46</ele>
				<time>2023-12-25T11:45:29</time>
			</trkpt>
			<trkpt lat="48.86745572090149" lon="2.903083562850952">
				<ele>116.35</ele>
				<time>2023-12-25T11:45:32</time>
			</trkpt>
			<trkpt lat="48.86616834439337" lon="2.904231548309326">
				<ele>113.4</ele>
				<time>2023-12-25T11:45:58</time>
			</trkpt>
			<trkpt lat="48.866039514541626" lon="2.9043495655059814">
				<ele>111.02</ele>
				<time>2023-12-25T11:46:01</time>
			</trkpt>
			<trkpt lat="48.86592149734497" lon="2.904413938522339">
				<ele>108.59</ele>
				<time>2023-12-25T11:46:03</time>
			</trkpt>
			<trkpt lat="48.86574983596802" lon="2.9044461250305176">
				<ele>106.11</ele>
				<time>2023-12-25T11:46:06</time>
			</trkpt>
			<trkpt lat="48.86474132537842" lon="2.904489040374756">
				<ele>103.13</ele>
				<time>2023-12-25T11:46:23</time>
			</trkpt>
			<trkpt lat="48.8646125793457" lon="2.9044675827026367">
				<ele>100.79</ele>
				<time>2023-12-25T11:46:26</time>
			</trkpt>
			<trkpt lat="48.86450529098511" lon="2.9044032096862793">
				<ele>98.58</ele>
				<time>2023-12-25T11:46:28</time>
			</trkpt>
			<trkpt lat="48.86440873146057" lon="2.904306650161743">
				<ele>96.5</ele>
				<time>2023-12-25T11:46:30</time>
			</trkpt>
			<trkpt lat="48.86429079808295" lon="2.9041242599487305">
				<ele>94.53</ele>
				<time>2023-12-25T11:46:33</time>
			</trkpt>
			<trkpt lat="48.864290714263916" lon="2.9041242599487305">
				<ele>92.78</ele>
				<time>2023-12-25T11:46:33</time>
			</trkpt>
			<trkpt lat="48.86424779891968" lon="2.904038429260254">
				<ele>91.09</ele>
				<time>2023-12-25T11:46:34</time>
			</trkpt>
			<trkpt lat="48.864097595214844" lon="2.9035985469818115">
				<ele>89.48</ele>
				<time>2023-12-25T11:46:39</time>
			</trkpt>
			<trkpt lat="48.864033222198486" lon="2.903459072113037">
				<ele>87.91</ele>
				<time>2023-12-25T11:46:41</time>
			</trkpt>
			<trkpt lat="48.86394739151001" lon="2.903341054916382">
				<ele>86.31</ele>
				<time>2023-12-25T11:46:43</time>
			</trkpt>
			<trkpt lat="48.86386156082153" lon="2.903265953063965">
				<ele>84.65</ele>
				<time>2023-12-25T11:46:45</time>
			</trkpt>
			<trkpt lat="48.86377581395209" lon="2.903233766555786">
				<ele>82.95</ele>
				<time>2023-12-25T11:46:47</time>
			</trkpt>
			<trkpt lat="48.8636040687561" lon="2.903212308883667">
				<ele>81.13</ele>
				<time>2023-12-25T11:46:50</time>
			</trkpt>
			<trkpt lat="48.86348605155945" lon="2.9032444953918457">
				<ele>79.32</ele>
				<time>2023-12-25T11:46:52</time>
			</trkpt>
			<trkpt lat="48.863314390182495" lon="2.9033946990966797">
				<ele>77.4</ele>
				<time>2023-12-25T11:46:55</time>
			</trkpt>
			<trkpt lat="48.86319637298584" lon="2.9035985469818115">
				<ele>75.48</ele>
				<time>2023-12-25T11:46:58</time>
			</trkpt>
			<trkpt lat="48.863035440444946" lon="2.904038429260254">
				<ele>73.44</ele>
				<time>2023-12-25T11:47:04</time>
			</trkpt>
			<trkpt lat="48.86288523674011" lon="2.9044032096862793">
				<ele>71.38</ele>
				<time>2023-12-25T11:47:09</time>
			</trkpt>
			<trkpt lat="48.86272438801825" lon="2.904714345932007">
				<ele>69.34</ele>
				<time>2023-12-25T11:47:14</time>
			</trkpt>
			<trkpt lat="48.86243462562561" lon="2.9051756858825684">
				<ele>67.33</ele>
				<time>2023-12-25T11:47:21</time>
			</trkpt>
			<trkpt lat="48.86220940388739" lon="2.9054439067840576">
				<ele>65.36</ele>
				<time>2023-12-25T11:47:26</time>
			</trkpt>
			<trkpt lat="48.86197328567505" lon="2.905658483505249">
				<ele>63.38</ele>
				<time>2023-12-25T11:47:31</time>
			</trkpt>
			<trkpt lat="48.86173725128174" lon="2.905830144882202">
				<ele>61.42</ele>
				<time>2023-12-25T11:47:35</time>
			</trkpt>
			<trkpt lat="48.86119016446173" lon="2.9061734676361084">
				<ele>59.39</ele>
				<time>2023-12-25T11:47:46</time>
			</trkpt>
			<trkpt lat="48.86049279011786" lon="2.9065918922424316">
				<ele>57.36</ele>
				<time>2023-12-25T11:47:59</time>
			</trkpt>
			<trkpt lat="48.86017092503607" lon="2.906785011291504">
				<ele>55.99</ele>
				<time>2023-12-25T11:48:05</time>
			</trkpt>
			<trkpt lat="48.85994553565979" lon="2.9069244861602783">
				<ele>54.8</ele>
				<time>2023-12-25T11:48:09</time>
			</trkpt>
			<trkpt lat="48.8597309589386" lon="2.907010316848755">
				<ele>53.72</ele>
				<time>2023-12-25T11:48:13</time>
			</trkpt>
			<trkpt lat="48.85966666974127" lon="2.9070210456848145">
				<ele>52.79</ele>
				<time>2023-12-25T11:48:14</time>
			</trkpt>
			<trkpt lat="48.859591567888856" lon="2.9070425033569336">
				<ele>51.97</ele>
				<time>2023-12-25T11:48:15</time>
			</trkpt>
			<trkpt lat="48.859591484069824" lon="2.9070425033569336">
				<ele>51.3</ele>
				<time>2023-12-25T11:48:15</time>
			</trkpt>
			<trkpt lat="48.859398448839784" lon="2.9070746898651123">
				<ele>50.67</ele>
				<time>2023-12-25T11:48:19</time>
			</trkpt>
			<trkpt lat="48.85919460095465" lon="2.9071176052093506">
				<ele>50.17</ele>
				<time>2023-12-25T11:48:22</time>
			</trkpt>
			<trkpt lat="48.859098041430116" lon="2.9071390628814697">
				<ele>49.81</ele>
				<time>2023-12-25T11:48:24</time>
			</trkpt>
			<trkpt lat="48.858851278200746" lon="2.907181978225708">
				<ele>49.51</ele>
				<time>2023-12-25T11:48:28</time>
			</trkpt>
			<trkpt lat="48.85850795544684" lon="2.907235622406006">
				<ele>49.39</ele>
				<time>2023-12-25T11:48:34</time>
			</trkpt>
			<trkpt lat="48.85850787162781" lon="2.907235622406006">
				<ele>49.34</ele>
				<time>2023-12-25T11:48:34</time>
			</trkpt>
			<trkpt lat="48.85842204093933" lon="2.907235622406006">
				<ele>49.35</ele>
				<time>2023-12-25T11:48:36</time>
			</trkpt>
			<trkpt lat="48.85837912559509" lon="2.9071712493896484">
				<ele>49.4</ele>
				<time>2023-12-25T11:48:37</time>
			</trkpt>
			<trkpt lat="48.858336210250854" lon="2.9071712493896484">
				<ele>49.5</ele>
				<time>2023-12-25T11:48:37</time>
			</trkpt>
			<trkpt lat="48.85832036845386" lon="2.9071159288287163">
				<ele>49.58</ele>
				<time>2023-12-25T11:48:38</time>
			</trkpt>
		</trkseg>
	</trk>
</gpx>
