<?xml version="1.0" encoding="UTF-8"?>
<gpx creator="Garmin Connect" version="1.1" xsi:schemaLocation="http://www.topografix.com/GPX/1/1 http://www.topografix.com/GPX/11.xsd" xmlns:ns3="http://www.garmin.com/xmlschemas/TrackPointExtension/v1" xmlns="http://www.topografix.com/GPX/1/1" xmlns:xsi="http://www.w3.org/2001/XMLSchema-instance" xmlns:ns2="http://www.garmin.com/xmlschemas/GpxExtensions/v3">
	<metadata>
		<name>300-G4-47 km-D 443 m-Randonnées Créçoises</name>
		<link href="connect.garmin.com">
			<text>Garmin Connect</text>
		</link>
		<time>2019-08-29T08:00:00</time>
	</metadata>
	<trk>
		<name>300-G4-47 km-D 443 m-Randonnées Créçoises</name>
		<trkseg>
			<trkpt lat="48.85837996378541" lon="2.925889967009425">
				<ele>53.0</ele>
				<time>2019-08-29T08:00:00</time>
			</trkpt>
			<trkpt lat="48.85833998210728" lon="2.9259999375790358">
				<ele>54.0</ele>
				<time>2019-08-29T08:00:02</time>
			</trkpt>
			<trkpt lat="48.85829991661012" lon="2.926089959219098">
				<ele>54.0</ele>
				<time>2019-08-29T08:00:03</time>
			</trkpt>
			<trkpt lat="48.85825993493199" lon="2.9261799808591604">
				<ele>54.0</ele>
				<time>2019-08-29T08:00:05</time>
			</trkpt>
			<trkpt lat="48.85818994604051" lon="2.9263499658554792">
				<ele>55.0</ele>
				<time>2019-08-29T08:00:07</time>
			</trkpt>
			<trkpt lat="48.85816999711096" lon="2.9263899475336075">
				<ele>55.0</ele>
				<time>2019-08-29T08:00:08</time>
			</trkpt>
			<trkpt lat="48.85813998989761" lon="2.92645993642509">
				<ele>55.0</ele>
				<time>2019-08-29T08:00:09</time>
			</trkpt>
			<trkpt lat="48.858109982684255" lon="2.926509976387024">
				<ele>55.0</ele>
				<time>2019-08-29T08:00:10</time>
			</trkpt>
			<trkpt lat="48.858029935508966" lon="2.9266199469566345">
				<ele>55.0</ele>
				<time>2019-08-29T08:00:12</time>
			</trkpt>
			<trkpt lat="48.85794997215271" lon="2.926729917526245">
				<ele>55.0</ele>
				<time>2019-08-29T08:00:14</time>
			</trkpt>
			<trkpt lat="48.85782994329929" lon="2.9268699791282415">
				<ele>57.0</ele>
				<time>2019-08-29T08:00:17</time>
			</trkpt>
			<trkpt lat="48.857679991051555" lon="2.9270599968731403">
				<ele>60.0</ele>
				<time>2019-08-29T08:00:21</time>
			</trkpt>
			<trkpt lat="48.85756993666291" lon="2.9270299896597862">
				<ele>59.0</ele>
				<time>2019-08-29T08:00:23</time>
			</trkpt>
			<trkpt lat="48.857549987733364" lon="2.9270199313759804">
				<ele>59.0</ele>
				<time>2019-08-29T08:00:24</time>
			</trkpt>
			<trkpt lat="48.85753992944956" lon="2.9270299896597862">
				<ele>59.0</ele>
				<time>2019-08-29T08:00:24</time>
			</trkpt>
			<trkpt lat="48.85751998052001" lon="2.9270399641245604">
				<ele>59.0</ele>
				<time>2019-08-29T08:00:24</time>
			</trkpt>
			<trkpt lat="48.857489973306656" lon="2.9270599968731403">
				<ele>59.0</ele>
				<time>2019-08-29T08:00:25</time>
			</trkpt>
			<trkpt lat="48.85736994445324" lon="2.927179941907525">
				<ele>60.0</ele>
				<time>2019-08-29T08:00:28</time>
			</trkpt>
			<trkpt lat="48.85695998556912" lon="2.927599959075451">
				<ele>58.0</ele>
				<time>2019-08-29T08:00:38</time>
			</trkpt>
			<trkpt lat="48.856629990041256" lon="2.9279399290680885">
				<ele>61.0</ele>
				<time>2019-08-29T08:00:46</time>
			</trkpt>
			<trkpt lat="48.856539968401194" lon="2.928039925172925">
				<ele>63.0</ele>
				<time>2019-08-29T08:00:48</time>
			</trkpt>
			<trkpt lat="48.856329917907715" lon="2.9282499756664038">
				<ele>61.0</ele>
				<time>2019-08-29T08:00:53</time>
			</trkpt>
			<trkpt lat="48.85592993348837" lon="2.9286299273371696">
				<ele>61.0</ele>
				<time>2019-08-29T08:01:02</time>
			</trkpt>
			<trkpt lat="48.85582993738353" lon="2.928719948977232">
				<ele>62.0</ele>
				<time>2019-08-29T08:01:05</time>
			</trkpt>
			<trkpt lat="48.85545996017754" lon="2.9290899261832237">
				<ele>64.0</ele>
				<time>2019-08-29T08:01:14</time>
			</trkpt>
			<trkpt lat="48.85532995685935" lon="2.9292199295014143">
				<ele>64.0</ele>
				<time>2019-08-29T08:01:17</time>
			</trkpt>
			<trkpt lat="48.85526994243264" lon="2.9292699694633484">
				<ele>64.0</ele>
				<time>2019-08-29T08:01:18</time>
			</trkpt>
			<trkpt lat="48.855209928005934" lon="2.9292999766767025">
				<ele>64.0</ele>
				<time>2019-08-29T08:01:19</time>
			</trkpt>
			<trkpt lat="48.85517992079258" lon="2.9293099511414766">
				<ele>64.0</ele>
				<time>2019-08-29T08:01:20</time>
			</trkpt>
			<trkpt lat="48.8551199901849" lon="2.9293099511414766">
				<ele>63.0</ele>
				<time>2019-08-29T08:01:21</time>
			</trkpt>
			<trkpt lat="48.85507992468774" lon="2.9292499367147684">
				<ele>62.0</ele>
				<time>2019-08-29T08:01:22</time>
			</trkpt>
			<trkpt lat="48.85504991747439" lon="2.929179947823286">
				<ele>61.0</ele>
				<time>2019-08-29T08:01:23</time>
			</trkpt>
			<trkpt lat="48.85502996854484" lon="2.9290999844670296">
				<ele>60.0</ele>
				<time>2019-08-29T08:01:25</time>
			</trkpt>
			<trkpt lat="48.85501999408007" lon="2.9289299994707108">
				<ele>59.0</ele>
				<time>2019-08-29T08:01:27</time>
			</trkpt>
			<trkpt lat="48.85497992858291" lon="2.9286099784076214">
				<ele>56.0</ele>
				<time>2019-08-29T08:01:31</time>
			</trkpt>
			<trkpt lat="48.85487993247807" lon="2.927879998460412">
				<ele>53.0</ele>
				<time>2019-08-29T08:01:41</time>
			</trkpt>
			<trkpt lat="48.85485998354852" lon="2.9277299623936415">
				<ele>52.0</ele>
				<time>2019-08-29T08:01:43</time>
			</trkpt>
			<trkpt lat="48.85483995079994" lon="2.927629966288805">
				<ele>52.0</ele>
				<time>2019-08-29T08:01:44</time>
			</trkpt>
			<trkpt lat="48.85481991805136" lon="2.9275599773973227">
				<ele>52.0</ele>
				<time>2019-08-29T08:01:45</time>
			</trkpt>
			<trkpt lat="48.85478999465704" lon="2.9275299701839685">
				<ele>52.0</ele>
				<time>2019-08-29T08:01:46</time>
			</trkpt>
			<trkpt lat="48.854759987443686" lon="2.9274999629706144">
				<ele>52.0</ele>
				<time>2019-08-29T08:01:47</time>
			</trkpt>
			<trkpt lat="48.85472998023033" lon="2.9274699557572603">
				<ele>52.0</ele>
				<time>2019-08-29T08:01:48</time>
			</trkpt>
			<trkpt lat="48.8546899985522" lon="2.927459981292486">
				<ele>52.0</ele>
				<time>2019-08-29T08:01:48</time>
			</trkpt>
			<trkpt lat="48.85464993305504" lon="2.927439948543906">
				<ele>51.0</ele>
				<time>2019-08-29T08:01:49</time>
			</trkpt>
			<trkpt lat="48.85455999523401" lon="2.927429974079132">
				<ele>51.0</ele>
				<time>2019-08-29T08:01:51</time>
			</trkpt>
			<trkpt lat="48.85411994531751" lon="2.927419999614358">
				<ele>51.0</ele>
				<time>2019-08-29T08:02:00</time>
			</trkpt>
			<trkpt lat="48.853539917618036" lon="2.927379934117198">
				<ele>50.0</ele>
				<time>2019-08-29T08:02:11</time>
			</trkpt>
			<trkpt lat="48.853319976478815" lon="2.927369959652424">
				<ele>50.0</ele>
				<time>2019-08-29T08:02:16</time>
			</trkpt>
			<trkpt lat="48.853149991482496" lon="2.927369959652424">
				<ele>50.0</ele>
				<time>2019-08-29T08:02:19</time>
			</trkpt>
			<trkpt lat="48.85304999537766" lon="2.927389992401004">
				<ele>50.0</ele>
				<time>2019-08-29T08:02:21</time>
			</trkpt>
			<trkpt lat="48.852999955415726" lon="2.927409941330552">
				<ele>50.0</ele>
				<time>2019-08-29T08:02:22</time>
			</trkpt>
			<trkpt lat="48.85281999595463" lon="2.9274999629706144">
				<ele>50.0</ele>
				<time>2019-08-29T08:02:26</time>
			</trkpt>
			<trkpt lat="48.85263995267451" lon="2.927629966288805">
				<ele>50.0</ele>
				<time>2019-08-29T08:02:30</time>
			</trkpt>
			<trkpt lat="48.85242998600006" lon="2.927779918536544">
				<ele>50.0</ele>
				<time>2019-08-29T08:02:35</time>
			</trkpt>
			<trkpt lat="48.852329989895225" lon="2.927859965711832">
				<ele>50.0</ele>
				<time>2019-08-29T08:02:37</time>
			</trkpt>
			<trkpt lat="48.85223996825516" lon="2.9278999473899603">
				<ele>50.0</ele>
				<time>2019-08-29T08:02:39</time>
			</trkpt>
			<trkpt lat="48.85218992829323" lon="2.9279199801385403">
				<ele>50.0</ele>
				<time>2019-08-29T08:02:40</time>
			</trkpt>
			<trkpt lat="48.85208993218839" lon="2.9279499873518944">
				<ele>50.0</ele>
				<time>2019-08-29T08:02:42</time>
			</trkpt>
			<trkpt lat="48.85203997604549" lon="2.9279599618166685">
				<ele>50.0</ele>
				<time>2019-08-29T08:02:43</time>
			</trkpt>
			<trkpt lat="48.851989936083555" lon="2.9279599618166685">
				<ele>49.0</ele>
				<time>2019-08-29T08:02:44</time>
			</trkpt>
			<trkpt lat="48.85193997994065" lon="2.9279699362814426">
				<ele>49.0</ele>
				<time>2019-08-29T08:02:45</time>
			</trkpt>
			<trkpt lat="48.85188993997872" lon="2.9279699362814426">
				<ele>49.0</ele>
				<time>2019-08-29T08:02:46</time>
			</trkpt>
			<trkpt lat="48.85175993666053" lon="2.9279499873518944">
				<ele>50.0</ele>
				<time>2019-08-29T08:02:49</time>
			</trkpt>
			<trkpt lat="48.85162993334234" lon="2.9279199801385403">
				<ele>50.0</ele>
				<time>2019-08-29T08:02:51</time>
			</trkpt>
			<trkpt lat="48.8515299372375" lon="2.927879998460412">
				<ele>50.0</ele>
				<time>2019-08-29T08:02:53</time>
			</trkpt>
			<trkpt lat="48.85143999941647" lon="2.927839932963252">
				<ele>50.0</ele>
				<time>2019-08-29T08:02:55</time>
			</trkpt>
			<trkpt lat="48.85122994892299" lon="2.9277299623936415">
				<ele>51.0</ele>
				<time>2019-08-29T08:03:00</time>
			</trkpt>
			<trkpt lat="48.85105996392667" lon="2.927629966288805">
				<ele>51.0</ele>
				<time>2019-08-29T08:03:03</time>
			</trkpt>
			<trkpt lat="48.850849997252226" lon="2.9275199957191944">
				<ele>51.0</ele>
				<time>2019-08-29T08:03:08</time>
			</trkpt>
			<trkpt lat="48.8504799362272" lon="2.9273199196904898">
				<ele>51.0</ele>
				<time>2019-08-29T08:03:16</time>
			</trkpt>
			<trkpt lat="48.85035999119282" lon="2.9272399563342333">
				<ele>51.0</ele>
				<time>2019-08-29T08:03:18</time>
			</trkpt>
			<trkpt lat="48.85018992237747" lon="2.9271299857646227">
				<ele>50.0</ele>
				<time>2019-08-29T08:03:22</time>
			</trkpt>
			<trkpt lat="48.85003997012973" lon="2.926979949697852">
				<ele>50.0</ele>
				<time>2019-08-29T08:03:25</time>
			</trkpt>
			<trkpt lat="48.849859926849604" lon="2.926799990236759">
				<ele>50.0</ele>
				<time>2019-08-29T08:03:30</time>
			</trkpt>
			<trkpt lat="48.849559938535094" lon="2.9263999219983816">
				<ele>50.0</ele>
				<time>2019-08-29T08:03:38</time>
			</trkpt>
			<trkpt lat="48.849389953538775" lon="2.9261899553239346">
				<ele>50.0</ele>
				<time>2019-08-29T08:03:42</time>
			</trkpt>
			<trkpt lat="48.84916992858052" lon="2.9260099958628416">
				<ele>50.0</ele>
				<time>2019-08-29T08:03:47</time>
			</trkpt>
			<trkpt lat="48.84898996911943" lon="2.925879992544651">
				<ele>50.0</ele>
				<time>2019-08-29T08:03:51</time>
			</trkpt>
			<trkpt lat="48.84874999523163" lon="2.9257199820131063">
				<ele>50.0</ele>
				<time>2019-08-29T08:03:56</time>
			</trkpt>
			<trkpt lat="48.84857992641628" lon="2.9255899786949158">
				<ele>50.0</ele>
				<time>2019-08-29T08:04:00</time>
			</trkpt>
			<trkpt lat="48.84843994863331" lon="2.9254799243062735">
				<ele>50.0</ele>
				<time>2019-08-29T08:04:03</time>
			</trkpt>
			<trkpt lat="48.8483299780637" lon="2.925389986485243">
				<ele>50.0</ele>
				<time>2019-08-29T08:04:06</time>
			</trkpt>
			<trkpt lat="48.848249930888414" lon="2.9253099393099546">
				<ele>49.0</ele>
				<time>2019-08-29T08:04:08</time>
			</trkpt>
			<trkpt lat="48.84816996753216" lon="2.9252199176698923">
				<ele>49.0</ele>
				<time>2019-08-29T08:04:10</time>
			</trkpt>
			<trkpt lat="48.847969975322485" lon="2.924969969317317">
				<ele>49.0</ele>
				<time>2019-08-29T08:04:15</time>
			</trkpt>
			<trkpt lat="48.847799990326166" lon="2.92473996989429">
				<ele>49.0</ele>
				<time>2019-08-29T08:04:19</time>
			</trkpt>
			<trkpt lat="48.84769999422133" lon="2.924569984897971">
				<ele>49.0</ele>
				<time>2019-08-29T08:04:22</time>
			</trkpt>
			<trkpt lat="48.84763997979462" lon="2.924459930509329">
				<ele>49.0</ele>
				<time>2019-08-29T08:04:24</time>
			</trkpt>
			<trkpt lat="48.84758993983269" lon="2.924339985474944">
				<ele>49.0</ele>
				<time>2019-08-29T08:04:26</time>
			</trkpt>
			<trkpt lat="48.847539983689785" lon="2.9242099821567535">
				<ele>49.0</ele>
				<time>2019-08-29T08:04:28</time>
			</trkpt>
			<trkpt lat="48.847499918192625" lon="2.924089953303337">
				<ele>49.0</ele>
				<time>2019-08-29T08:04:30</time>
			</trkpt>
			<trkpt lat="48.8474599365145" lon="2.9239399172365665">
				<ele>50.0</ele>
				<time>2019-08-29T08:04:32</time>
			</trkpt>
			<trkpt lat="48.84744996204972" lon="2.92387998662889">
				<ele>50.0</ele>
				<time>2019-08-29T08:04:33</time>
			</trkpt>
			<trkpt lat="48.84741995483637" lon="2.923599947243929">
				<ele>50.0</ele>
				<time>2019-08-29T08:04:37</time>
			</trkpt>
			<trkpt lat="48.847409980371594" lon="2.9232499189674854">
				<ele>49.0</ele>
				<time>2019-08-29T08:04:41</time>
			</trkpt>
			<trkpt lat="48.847369998693466" lon="2.922769971191883">
				<ele>49.0</ele>
				<time>2019-08-29T08:04:48</time>
			</trkpt>
			<trkpt lat="48.84733999148011" lon="2.922459924593568">
				<ele>49.0</ele>
				<time>2019-08-29T08:04:52</time>
			</trkpt>
			<trkpt lat="48.84729992598295" lon="2.9222699906677008">
				<ele>49.0</ele>
				<time>2019-08-29T08:04:54</time>
			</trkpt>
			<trkpt lat="48.847259944304824" lon="2.9221499618142843">
				<ele>49.0</ele>
				<time>2019-08-29T08:04:56</time>
			</trkpt>
			<trkpt lat="48.847199929878116" lon="2.9219999257475138">
				<ele>50.0</ele>
				<time>2019-08-29T08:04:58</time>
			</trkpt>
			<trkpt lat="48.84711996652186" lon="2.921849973499775">
				<ele>50.0</ele>
				<time>2019-08-29T08:05:01</time>
			</trkpt>
			<trkpt lat="48.84705995209515" lon="2.9217199701815844">
				<ele>50.0</ele>
				<time>2019-08-29T08:05:03</time>
			</trkpt>
			<trkpt lat="48.84700999595225" lon="2.9215799923986197">
				<ele>49.0</ele>
				<time>2019-08-29T08:05:05</time>
			</trkpt>
			<trkpt lat="48.846959955990314" lon="2.9213499929755926">
				<ele>49.0</ele>
				<time>2019-08-29T08:05:08</time>
			</trkpt>
			<trkpt lat="48.84688996709883" lon="2.920749932527542">
				<ele>49.0</ele>
				<time>2019-08-29T08:05:16</time>
			</trkpt>
			<trkpt lat="48.84669994935393" lon="2.919649975374341">
				<ele>50.0</ele>
				<time>2019-08-29T08:05:31</time>
			</trkpt>
			<trkpt lat="48.84662996046245" lon="2.919209925457835">
				<ele>50.0</ele>
				<time>2019-08-29T08:05:37</time>
			</trkpt>
			<trkpt lat="48.84658997878432" lon="2.9188999626785517">
				<ele>50.0</ele>
				<time>2019-08-29T08:05:42</time>
			</trkpt>
			<trkpt lat="48.846549997106194" lon="2.9184499382972717">
				<ele>49.0</ele>
				<time>2019-08-29T08:05:48</time>
			</trkpt>
			<trkpt lat="48.846529964357615" lon="2.918089935556054">
				<ele>49.0</ele>
				<time>2019-08-29T08:05:52</time>
			</trkpt>
			<trkpt lat="48.84649995714426" lon="2.917399937286973">
				<ele>51.0</ele>
				<time>2019-08-29T08:06:01</time>
			</trkpt>
			<trkpt lat="48.846419993788004" lon="2.9163999762386084">
				<ele>51.0</ele>
				<time>2019-08-29T08:06:15</time>
			</trkpt>
			<trkpt lat="48.846399961039424" lon="2.915619956329465">
				<ele>52.0</ele>
				<time>2019-08-29T08:06:25</time>
			</trkpt>
			<trkpt lat="48.846359979361296" lon="2.9151499830186367">
				<ele>52.0</ele>
				<time>2019-08-29T08:06:31</time>
			</trkpt>
			<trkpt lat="48.84624992497265" lon="2.9144499264657497">
				<ele>51.0</ele>
				<time>2019-08-29T08:06:41</time>
			</trkpt>
			<trkpt lat="48.84617993608117" lon="2.9140199348330498">
				<ele>52.0</ele>
				<time>2019-08-29T08:06:46</time>
			</trkpt>
			<trkpt lat="48.84612997993827" lon="2.9137499537318945">
				<ele>52.0</ele>
				<time>2019-08-29T08:06:50</time>
			</trkpt>
			<trkpt lat="48.84606996551156" lon="2.9134599398821592">
				<ele>52.0</ele>
				<time>2019-08-29T08:06:54</time>
			</trkpt>
			<trkpt lat="48.84602998383343" lon="2.9133499693125486">
				<ele>52.0</ele>
				<time>2019-08-29T08:06:56</time>
			</trkpt>
			<trkpt lat="48.8459799438715" lon="2.9132599476724863">
				<ele>52.0</ele>
				<time>2019-08-29T08:06:57</time>
			</trkpt>
			<trkpt lat="48.845909954980016" lon="2.91315995156765">
				<ele>52.0</ele>
				<time>2019-08-29T08:06:59</time>
			</trkpt>
			<trkpt lat="48.846019925549626" lon="2.9131299443542957">
				<ele>52.0</ele>
				<time>2019-08-29T08:07:02</time>
			</trkpt>
			<trkpt lat="48.84604993276298" lon="2.9131199698895216">
				<ele>52.0</ele>
				<time>2019-08-29T08:07:02</time>
			</trkpt>
			<trkpt lat="48.846079939976335" lon="2.9130999371409416">
				<ele>53.0</ele>
				<time>2019-08-29T08:07:03</time>
			</trkpt>
			<trkpt lat="48.84617993608117" lon="2.9130499809980392">
				<ele>55.0</ele>
				<time>2019-08-29T08:07:05</time>
			</trkpt>
			<trkpt lat="48.84628999046981" lon="2.913009999319911">
				<ele>57.0</ele>
				<time>2019-08-29T08:07:07</time>
			</trkpt>
			<trkpt lat="48.846339946612716" lon="2.912979992106557">
				<ele>58.0</ele>
				<time>2019-08-29T08:07:08</time>
			</trkpt>
			<trkpt lat="48.8464099355042" lon="2.912939926609397">
				<ele>59.0</ele>
				<time>2019-08-29T08:07:10</time>
			</trkpt>
			<trkpt lat="48.84631999768317" lon="2.9126399382948875">
				<ele>60.0</ele>
				<time>2019-08-29T08:07:14</time>
			</trkpt>
			<trkpt lat="48.84623995050788" lon="2.9124199971556664">
				<ele>59.0</ele>
				<time>2019-08-29T08:07:17</time>
			</trkpt>
			<trkpt lat="48.84613995440304" lon="2.9121899977326393">
				<ele>58.0</ele>
				<time>2019-08-29T08:07:21</time>
			</trkpt>
			<trkpt lat="48.846039958298206" lon="2.9119799472391605">
				<ele>56.0</ele>
				<time>2019-08-29T08:07:24</time>
			</trkpt>
			<trkpt lat="48.84589998051524" lon="2.9117199406027794">
				<ele>56.0</ele>
				<time>2019-08-29T08:07:29</time>
			</trkpt>
			<trkpt lat="48.84582999162376" lon="2.9115999955683947">
				<ele>56.0</ele>
				<time>2019-08-29T08:07:31</time>
			</trkpt>
			<trkpt lat="48.84567995555699" lon="2.9113299306482077">
				<ele>55.0</ele>
				<time>2019-08-29T08:07:36</time>
			</trkpt>
			<trkpt lat="48.845609966665506" lon="2.911179978400469">
				<ele>55.0</ele>
				<time>2019-08-29T08:07:38</time>
			</trkpt>
			<trkpt lat="48.84503999724984" lon="2.9101799335330725">
				<ele>54.0</ele>
				<time>2019-08-29T08:07:56</time>
			</trkpt>
			<trkpt lat="48.844679994508624" lon="2.9095799569040537">
				<ele>52.0</ele>
				<time>2019-08-29T08:08:06</time>
			</trkpt>
			<trkpt lat="48.8444999512285" lon="2.9093099758028984">
				<ele>51.0</ele>
				<time>2019-08-29T08:08:11</time>
			</trkpt>
			<trkpt lat="48.84428998455405" lon="2.909019961953163">
				<ele>51.0</ele>
				<time>2019-08-29T08:08:17</time>
			</trkpt>
			<trkpt lat="48.8438799418509" lon="2.908519981428981">
				<ele>53.0</ele>
				<time>2019-08-29T08:08:27</time>
			</trkpt>
			<trkpt lat="48.84372998960316" lon="2.908329963684082">
				<ele>53.0</ele>
				<time>2019-08-29T08:08:31</time>
			</trkpt>
			<trkpt lat="48.84327996522188" lon="2.9077299870550632">
				<ele>55.0</ele>
				<time>2019-08-29T08:08:43</time>
			</trkpt>
			<trkpt lat="48.843049965798855" lon="2.907439973205328">
				<ele>55.0</ele>
				<time>2019-08-29T08:08:49</time>
			</trkpt>
			<trkpt lat="48.842899929732084" lon="2.9072599299252033">
				<ele>56.0</ele>
				<time>2019-08-29T08:08:53</time>
			</trkpt>
			<trkpt lat="48.84273991920054" lon="2.9071299266070127">
				<ele>55.0</ele>
				<time>2019-08-29T08:08:57</time>
			</trkpt>
			<trkpt lat="48.84255995973945" lon="2.9069699998945">
				<ele>55.0</ele>
				<time>2019-08-29T08:09:01</time>
			</trkpt>
			<trkpt lat="48.842359967529774" lon="2.906839996576309">
				<ele>55.0</ele>
				<time>2019-08-29T08:09:05</time>
			</trkpt>
			<trkpt lat="48.84228997863829" lon="2.906789956614375">
				<ele>55.0</ele>
				<time>2019-08-29T08:09:07</time>
			</trkpt>
			<trkpt lat="48.842149917036295" lon="2.9067099932581186">
				<ele>55.0</ele>
				<time>2019-08-29T08:09:10</time>
			</trkpt>
			<trkpt lat="48.84194992482662" lon="2.9066199716180563">
				<ele>54.0</ele>
				<time>2019-08-29T08:09:14</time>
			</trkpt>
			<trkpt lat="48.84178999811411" lon="2.906559957191348">
				<ele>54.0</ele>
				<time>2019-08-29T08:09:17</time>
			</trkpt>
			<trkpt lat="48.84163996204734" lon="2.90651997551322">
				<ele>53.0</ele>
				<time>2019-08-29T08:09:20</time>
			</trkpt>
			<trkpt lat="48.841069992631674" lon="2.906379997730255">
				<ele>53.0</ele>
				<time>2019-08-29T08:09:32</time>
			</trkpt>
			<trkpt lat="48.84077997878194" lon="2.906329957768321">
				<ele>52.0</ele>
				<time>2019-08-29T08:09:38</time>
			</trkpt>
			<trkpt lat="48.840449983254075" lon="2.9062399361282587">
				<ele>52.0</ele>
				<time>2019-08-29T08:09:44</time>
			</trkpt>
			<trkpt lat="48.83931993506849" lon="2.9059799294918776">
				<ele>52.0</ele>
				<time>2019-08-29T08:10:07</time>
			</trkpt>
			<trkpt lat="48.83907996118069" lon="2.905909940600395">
				<ele>52.0</ele>
				<time>2019-08-29T08:10:12</time>
			</trkpt>
			<trkpt lat="48.83861996233463" lon="2.9058099444955587">
				<ele>53.0</ele>
				<time>2019-08-29T08:10:22</time>
			</trkpt>
			<trkpt lat="48.837829967960715" lon="2.905629985034466">
				<ele>51.0</ele>
				<time>2019-08-29T08:10:38</time>
			</trkpt>
			<trkpt lat="48.83701994083822" lon="2.9054599162191153">
				<ele>52.0</ele>
				<time>2019-08-29T08:10:54</time>
			</trkpt>
			<trkpt lat="48.836409989744425" lon="2.9053199384361506">
				<ele>52.0</ele>
				<time>2019-08-29T08:11:06</time>
			</trkpt>
			<trkpt lat="48.836149983108044" lon="2.905249949544668">
				<ele>52.0</ele>
				<time>2019-08-29T08:11:12</time>
			</trkpt>
			<trkpt lat="48.83601997978985" lon="2.905219942331314">
				<ele>52.0</ele>
				<time>2019-08-29T08:11:14</time>
			</trkpt>
			<trkpt lat="48.83581998758018" lon="2.9051299206912518">
				<ele>52.0</ele>
				<time>2019-08-29T08:11:18</time>
			</trkpt>
			<trkpt lat="48.83553994819522" lon="2.904979968443513">
				<ele>52.0</ele>
				<time>2019-08-29T08:11:24</time>
			</trkpt>
			<trkpt lat="48.83471994660795" lon="2.9045099951326847">
				<ele>51.0</ele>
				<time>2019-08-29T08:11:42</time>
			</trkpt>
			<trkpt lat="48.833619989454746" lon="2.90387992747128">
				<ele>52.0</ele>
				<time>2019-08-29T08:12:05</time>
			</trkpt>
			<trkpt lat="48.83324992842972" lon="2.903639953583479">
				<ele>52.0</ele>
				<time>2019-08-29T08:12:13</time>
			</trkpt>
			<trkpt lat="48.83276998065412" lon="2.9033199325203896">
				<ele>52.0</ele>
				<time>2019-08-29T08:12:24</time>
			</trkpt>
			<trkpt lat="48.83214997127652" lon="2.9029199481010437">
				<ele>55.0</ele>
				<time>2019-08-29T08:12:37</time>
			</trkpt>
			<trkpt lat="48.83184998296201" lon="2.9027199558913708">
				<ele>56.0</ele>
				<time>2019-08-29T08:12:44</time>
			</trkpt>
			<trkpt lat="48.83155996911228" lon="2.902529938146472">
				<ele>56.0</ele>
				<time>2019-08-29T08:12:50</time>
			</trkpt>
			<trkpt lat="48.83130993694067" lon="2.902359953150153">
				<ele>56.0</ele>
				<time>2019-08-29T08:12:56</time>
			</trkpt>
			<trkpt lat="48.83093995973468" lon="2.9021399281919003">
				<ele>56.0</ele>
				<time>2019-08-29T08:13:04</time>
			</trkpt>
			<trkpt lat="48.83057995699346" lon="2.901899954304099">
				<ele>55.0</ele>
				<time>2019-08-29T08:13:12</time>
			</trkpt>
			<trkpt lat="48.830349957570434" lon="2.9017299693077803">
				<ele>55.0</ele>
				<time>2019-08-29T08:13:17</time>
			</trkpt>
			<trkpt lat="48.83025993593037" lon="2.901669954881072">
				<ele>54.0</ele>
				<time>2019-08-29T08:13:19</time>
			</trkpt>
			<trkpt lat="48.82982994429767" lon="2.901419922709465">
				<ele>56.0</ele>
				<time>2019-08-29T08:13:28</time>
			</trkpt>
			<trkpt lat="48.829749980941415" lon="2.901409948244691">
				<ele>56.0</ele>
				<time>2019-08-29T08:13:29</time>
			</trkpt>
			<trkpt lat="48.82971997372806" lon="2.9013999737799168">
				<ele>56.0</ele>
				<time>2019-08-29T08:13:30</time>
			</trkpt>
			<trkpt lat="48.829629952088" lon="2.9013699665665627">
				<ele>56.0</ele>
				<time>2019-08-29T08:13:32</time>
			</trkpt>
			<trkpt lat="48.82935997098684" lon="2.9013099521398544">
				<ele>57.0</ele>
				<time>2019-08-29T08:13:37</time>
			</trkpt>
			<trkpt lat="48.82928998209536" lon="2.9012899193912745">
				<ele>57.0</ele>
				<time>2019-08-29T08:13:39</time>
			</trkpt>
			<trkpt lat="48.82921999320388" lon="2.9012899193912745">
				<ele>58.0</ele>
				<time>2019-08-29T08:13:40</time>
			</trkpt>
			<trkpt lat="48.82913994602859" lon="2.9012799449265003">
				<ele>59.0</ele>
				<time>2019-08-29T08:13:42</time>
			</trkpt>
			<trkpt lat="48.82904992438853" lon="2.9012799449265003">
				<ele>59.0</ele>
				<time>2019-08-29T08:13:44</time>
			</trkpt>
			<trkpt lat="48.82889997214079" lon="2.9012999776750803">
				<ele>60.0</ele>
				<time>2019-08-29T08:13:47</time>
			</trkpt>
			<trkpt lat="48.82879997603595" lon="2.9013099521398544">
				<ele>60.0</ele>
				<time>2019-08-29T08:13:49</time>
			</trkpt>
			<trkpt lat="48.828629991039634" lon="2.9013499338179827">
				<ele>60.0</ele>
				<time>2019-08-29T08:13:52</time>
			</trkpt>
			<trkpt lat="48.82847995497286" lon="2.9013999737799168">
				<ele>60.0</ele>
				<time>2019-08-29T08:13:55</time>
			</trkpt>
			<trkpt lat="48.82818994112313" lon="2.901459988206625">
				<ele>61.0</ele>
				<time>2019-08-29T08:14:01</time>
			</trkpt>
			<trkpt lat="48.8279599417001" lon="2.9015199188143015">
				<ele>60.0</ele>
				<time>2019-08-29T08:14:06</time>
			</trkpt>
			<trkpt lat="48.82784997113049" lon="2.9015299770981073">
				<ele>61.0</ele>
				<time>2019-08-29T08:14:08</time>
			</trkpt>
			<trkpt lat="48.82758996449411" lon="2.9015899915248156">
				<ele>60.0</ele>
				<time>2019-08-29T08:14:13</time>
			</trkpt>
			<trkpt lat="48.82745996117592" lon="2.901629973202944">
				<ele>60.0</ele>
				<time>2019-08-29T08:14:16</time>
			</trkpt>
			<trkpt lat="48.82741997949779" lon="2.901639947667718">
				<ele>60.0</ele>
				<time>2019-08-29T08:14:17</time>
			</trkpt>
			<trkpt lat="48.82715997286141" lon="2.901699962094426">
				<ele>59.0</ele>
				<time>2019-08-29T08:14:22</time>
			</trkpt>
			<trkpt lat="48.82704991847277" lon="2.901719994843006">
				<ele>59.0</ele>
				<time>2019-08-29T08:14:24</time>
			</trkpt>
			<trkpt lat="48.82692997343838" lon="2.901719994843006">
				<ele>60.0</ele>
				<time>2019-08-29T08:14:27</time>
			</trkpt>
			<trkpt lat="48.82676996290684" lon="2.901719994843006">
				<ele>60.0</ele>
				<time>2019-08-29T08:14:30</time>
			</trkpt>
			<trkpt lat="48.82658991962671" lon="2.9017099365592003">
				<ele>60.0</ele>
				<time>2019-08-29T08:14:33</time>
			</trkpt>
			<trkpt lat="48.82655999623239" lon="2.9017099365592003">
				<ele>60.0</ele>
				<time>2019-08-29T08:14:34</time>
			</trkpt>
			<trkpt lat="48.826489923521876" lon="2.9017099365592003">
				<ele>60.0</ele>
				<time>2019-08-29T08:14:35</time>
			</trkpt>
			<trkpt lat="48.825839990749955" lon="2.901669954881072">
				<ele>64.0</ele>
				<time>2019-08-29T08:14:48</time>
			</trkpt>
			<trkpt lat="48.82563999854028" lon="2.901669954881072">
				<ele>65.0</ele>
				<time>2019-08-29T08:14:52</time>
			</trkpt>
			<trkpt lat="48.825189974159" lon="2.901719994843006">
				<ele>68.0</ele>
				<time>2019-08-29T08:15:01</time>
			</trkpt>
			<trkpt lat="48.82502996362746" lon="2.9017299693077803">
				<ele>68.0</ele>
				<time>2019-08-29T08:15:05</time>
			</trkpt>
			<trkpt lat="48.824939941987395" lon="2.9017499182373285">
				<ele>68.0</ele>
				<time>2019-08-29T08:15:06</time>
			</trkpt>
			<trkpt lat="48.82485997863114" lon="2.9017799254506826">
				<ele>67.0</ele>
				<time>2019-08-29T08:15:08</time>
			</trkpt>
			<trkpt lat="48.82478998973966" lon="2.9018299654126167">
				<ele>67.0</ele>
				<time>2019-08-29T08:15:10</time>
			</trkpt>
			<trkpt lat="48.82466996088624" lon="2.901919987052679">
				<ele>65.0</ele>
				<time>2019-08-29T08:15:12</time>
			</trkpt>
			<trkpt lat="48.82449997588992" lon="2.9020499903708696">
				<ele>64.0</ele>
				<time>2019-08-29T08:15:16</time>
			</trkpt>
			<trkpt lat="48.82444993592799" lon="2.902099946513772">
				<ele>63.0</ele>
				<time>2019-08-29T08:15:17</time>
			</trkpt>
			<trkpt lat="48.82433996535838" lon="2.9022299498319626">
				<ele>62.0</ele>
				<time>2019-08-29T08:15:20</time>
			</trkpt>
			<trkpt lat="48.824269976466894" lon="2.902319971472025">
				<ele>61.0</ele>
				<time>2019-08-29T08:15:22</time>
			</trkpt>
			<trkpt lat="48.824189929291606" lon="2.9023899603635073">
				<ele>60.0</ele>
				<time>2019-08-29T08:15:24</time>
			</trkpt>
			<trkpt lat="48.82412999868393" lon="2.9024099931120872">
				<ele>60.0</ele>
				<time>2019-08-29T08:15:25</time>
			</trkpt>
			<trkpt lat="48.82406998425722" lon="2.9024099931120872">
				<ele>60.0</ele>
				<time>2019-08-29T08:15:26</time>
			</trkpt>
			<trkpt lat="48.82385993376374" lon="2.9023999348282814">
				<ele>61.0</ele>
				<time>2019-08-29T08:15:30</time>
			</trkpt>
			<trkpt lat="48.82356991991401" lon="2.9024299420416355">
				<ele>60.0</ele>
				<time>2019-08-29T08:15:36</time>
			</trkpt>
			<trkpt lat="48.82342994213104" lon="2.9024699237197638">
				<ele>60.0</ele>
				<time>2019-08-29T08:15:39</time>
			</trkpt>
			<trkpt lat="48.823259957134724" lon="2.902499930933118">
				<ele>62.0</ele>
				<time>2019-08-29T08:15:42</time>
			</trkpt>
			<trkpt lat="48.823089972138405" lon="2.902549970895052">
				<ele>63.0</ele>
				<time>2019-08-29T08:15:46</time>
			</trkpt>
			<trkpt lat="48.82288997992873" lon="2.9026499669998884">
				<ele>64.0</ele>
				<time>2019-08-29T08:15:50</time>
			</trkpt>
			<trkpt lat="48.82279995828867" lon="2.9027199558913708">
				<ele>64.0</ele>
				<time>2019-08-29T08:15:52</time>
			</trkpt>
			<trkpt lat="48.822749918326735" lon="2.902769995853305">
				<ele>63.0</ele>
				<time>2019-08-29T08:15:53</time>
			</trkpt>
			<trkpt lat="48.822639947757125" lon="2.9028699919581413">
				<ele>62.0</ele>
				<time>2019-08-29T08:15:56</time>
			</trkpt>
			<trkpt lat="48.821969982236624" lon="2.9035799391567707">
				<ele>61.0</ele>
				<time>2019-08-29T08:16:12</time>
			</trkpt>
			<trkpt lat="48.82184995338321" lon="2.903689993545413">
				<ele>61.0</ele>
				<time>2019-08-29T08:16:15</time>
			</trkpt>
			<trkpt lat="48.821799997240305" lon="2.9037399496883154">
				<ele>61.0</ele>
				<time>2019-08-29T08:16:16</time>
			</trkpt>
			<trkpt lat="48.82161995396018" lon="2.9039399418979883">
				<ele>61.0</ele>
				<time>2019-08-29T08:16:21</time>
			</trkpt>
			<trkpt lat="48.821199936792254" lon="2.904359959065914">
				<ele>61.0</ele>
				<time>2019-08-29T08:16:31</time>
			</trkpt>
			<trkpt lat="48.821139922365546" lon="2.9044299479573965">
				<ele>61.0</ele>
				<time>2019-08-29T08:16:32</time>
			</trkpt>
			<trkpt lat="48.820639941841364" lon="2.904959935694933">
				<ele>62.0</ele>
				<time>2019-08-29T08:16:45</time>
			</trkpt>
			<trkpt lat="48.82051999680698" lon="2.9050699900835752">
				<ele>62.0</ele>
				<time>2019-08-29T08:16:47</time>
			</trkpt>
			<trkpt lat="48.82043994963169" lon="2.905179960653186">
				<ele>61.0</ele>
				<time>2019-08-29T08:16:50</time>
			</trkpt>
			<trkpt lat="48.82038999348879" lon="2.9052599240094423">
				<ele>61.0</ele>
				<time>2019-08-29T08:16:51</time>
			</trkpt>
			<trkpt lat="48.8203099463135" lon="2.9053699783980846">
				<ele>60.0</ele>
				<time>2019-08-29T08:16:53</time>
			</trkpt>
			<trkpt lat="48.82024993188679" lon="2.9055099561810493">
				<ele>60.0</ele>
				<time>2019-08-29T08:16:55</time>
			</trkpt>
			<trkpt lat="48.82017994299531" lon="2.905679941177368">
				<ele>58.0</ele>
				<time>2019-08-29T08:16:58</time>
			</trkpt>
			<trkpt lat="48.820149935781956" lon="2.9057899955660105">
				<ele>57.0</ele>
				<time>2019-08-29T08:17:00</time>
			</trkpt>
			<trkpt lat="48.82012998685241" lon="2.905899966135621">
				<ele>57.0</ele>
				<time>2019-08-29T08:17:01</time>
			</trkpt>
			<trkpt lat="48.82008992135525" lon="2.906099958345294">
				<ele>57.0</ele>
				<time>2019-08-29T08:17:04</time>
			</trkpt>
			<trkpt lat="48.8200699724257" lon="2.9062499944120646">
				<ele>56.0</ele>
				<time>2019-08-29T08:17:06</time>
			</trkpt>
			<trkpt lat="48.820039965212345" lon="2.906509917229414">
				<ele>56.0</ele>
				<time>2019-08-29T08:17:09</time>
			</trkpt>
			<trkpt lat="48.81995991803706" lon="2.9073299188166857">
				<ele>54.0</ele>
				<time>2019-08-29T08:17:20</time>
			</trkpt>
			<trkpt lat="48.81994994357228" lon="2.9075199365615845">
				<ele>54.0</ele>
				<time>2019-08-29T08:17:23</time>
			</trkpt>
			<trkpt lat="48.81989998742938" lon="2.908119997009635">
				<ele>53.0</ele>
				<time>2019-08-29T08:17:31</time>
			</trkpt>
			<trkpt lat="48.819889929145575" lon="2.9081699531525373">
				<ele>53.0</ele>
				<time>2019-08-29T08:17:31</time>
			</trkpt>
			<trkpt lat="48.81985992193222" lon="2.9084499925374985">
				<ele>53.0</ele>
				<time>2019-08-29T08:17:35</time>
			</trkpt>
			<trkpt lat="48.8198299985379" lon="2.908739922568202">
				<ele>53.0</ele>
				<time>2019-08-29T08:17:39</time>
			</trkpt>
			<trkpt lat="48.819799991324544" lon="2.909019961953163">
				<ele>53.0</ele>
				<time>2019-08-29T08:17:43</time>
			</trkpt>
			<trkpt lat="48.819759925827384" lon="2.90924996137619">
				<ele>54.0</ele>
				<time>2019-08-29T08:17:46</time>
			</trkpt>
			<trkpt lat="48.81974995136261" lon="2.9093399830162525">
				<ele>54.0</ele>
				<time>2019-08-29T08:17:47</time>
			</trkpt>
			<trkpt lat="48.81962992250919" lon="2.9098299890756607">
				<ele>56.0</ele>
				<time>2019-08-29T08:17:54</time>
			</trkpt>
			<trkpt lat="48.81956999190152" lon="2.9099999740719795">
				<ele>57.0</ele>
				<time>2019-08-29T08:17:57</time>
			</trkpt>
			<trkpt lat="48.819349966943264" lon="2.91055996902287">
				<ele>58.0</ele>
				<time>2019-08-29T08:18:05</time>
			</trkpt>
			<trkpt lat="48.81897998973727" lon="2.911449959501624">
				<ele>57.0</ele>
				<time>2019-08-29T08:18:19</time>
			</trkpt>
			<trkpt lat="48.818919975310564" lon="2.9115799628198147">
				<ele>57.0</ele>
				<time>2019-08-29T08:18:21</time>
			</trkpt>
			<trkpt lat="48.81880992092192" lon="2.91184994392097">
				<ele>56.0</ele>
				<time>2019-08-29T08:18:25</time>
			</trkpt>
			<trkpt lat="48.818469950929284" lon="2.9126399382948875">
				<ele>57.0</ele>
				<time>2019-08-29T08:18:38</time>
			</trkpt>
			<trkpt lat="48.818279933184385" lon="2.9131199698895216">
				<ele>58.0</ele>
				<time>2019-08-29T08:18:45</time>
			</trkpt>
			<trkpt lat="48.817719938233495" lon="2.9144599847495556">
				<ele>59.0</ele>
				<time>2019-08-29T08:19:06</time>
			</trkpt>
			<trkpt lat="48.81701996549964" lon="2.9161699768155813">
				<ele>62.0</ele>
				<time>2019-08-29T08:19:33</time>
			</trkpt>
			<trkpt lat="48.816239945590496" lon="2.9180599283427">
				<ele>66.0</ele>
				<time>2019-08-29T08:20:02</time>
			</trkpt>
			<trkpt lat="48.81619996391237" lon="2.9181499499827623">
				<ele>66.0</ele>
				<time>2019-08-29T08:20:03</time>
			</trkpt>
			<trkpt lat="48.81594993174076" lon="2.918749926611781">
				<ele>68.0</ele>
				<time>2019-08-29T08:20:13</time>
			</trkpt>
			<trkpt lat="48.815659917891026" lon="2.9194399248808622">
				<ele>70.0</ele>
				<time>2019-08-29T08:20:24</time>
			</trkpt>
			<trkpt lat="48.81519991904497" lon="2.920509958639741">
				<ele>75.0</ele>
				<time>2019-08-29T08:20:40</time>
			</trkpt>
			<trkpt lat="48.815119955688715" lon="2.920689918100834">
				<ele>76.0</ele>
				<time>2019-08-29T08:20:43</time>
			</trkpt>
			<trkpt lat="48.815009985119104" lon="2.920969957485795">
				<ele>79.0</ele>
				<time>2019-08-29T08:20:48</time>
			</trkpt>
			<trkpt lat="48.81484997458756" lon="2.9213299602270126">
				<ele>82.0</ele>
				<time>2019-08-29T08:20:53</time>
			</trkpt>
			<trkpt lat="48.81482994183898" lon="2.921379916369915">
				<ele>82.0</ele>
				<time>2019-08-29T08:20:54</time>
			</trkpt>
			<trkpt lat="48.81476992741227" lon="2.921459963545203">
				<ele>83.0</ele>
				<time>2019-08-29T08:20:56</time>
			</trkpt>
			<trkpt lat="48.81464998237789" lon="2.921619974076748">
				<ele>83.0</ele>
				<time>2019-08-29T08:20:59</time>
			</trkpt>
			<trkpt lat="48.81459994241595" lon="2.921679988503456">
				<ele>83.0</ele>
				<time>2019-08-29T08:21:00</time>
			</trkpt>
			<trkpt lat="48.81446993909776" lon="2.921829940751195">
				<ele>84.0</ele>
				<time>2019-08-29T08:21:03</time>
			</trkpt>
			<trkpt lat="48.81345991976559" lon="2.9228099528700113">
				<ele>90.0</ele>
				<time>2019-08-29T08:21:27</time>
			</trkpt>
			<trkpt lat="48.8132799603045" lon="2.922989996150136">
				<ele>90.0</ele>
				<time>2019-08-29T08:21:32</time>
			</trkpt>
			<trkpt lat="48.81245995871723" lon="2.9237699322402477">
				<ele>91.0</ele>
				<time>2019-08-29T08:21:51</time>
			</trkpt>
			<trkpt lat="48.81190993823111" lon="2.92430997826159">
				<ele>91.0</ele>
				<time>2019-08-29T08:22:04</time>
			</trkpt>
			<trkpt lat="48.81183994933963" lon="2.9243699926882982">
				<ele>91.0</ele>
				<time>2019-08-29T08:22:06</time>
			</trkpt>
			<trkpt lat="48.81166996434331" lon="2.924539977684617">
				<ele>91.0</ele>
				<time>2019-08-29T08:22:10</time>
			</trkpt>
			<trkpt lat="48.81102992221713" lon="2.925159987062216">
				<ele>95.0</ele>
				<time>2019-08-29T08:22:25</time>
			</trkpt>
			<trkpt lat="48.81068995222449" lon="2.9255099315196276">
				<ele>97.0</ele>
				<time>2019-08-29T08:22:33</time>
			</trkpt>
			<trkpt lat="48.81059993058443" lon="2.9255899786949158">
				<ele>98.0</ele>
				<time>2019-08-29T08:22:35</time>
			</trkpt>
			<trkpt lat="48.81052994169295" lon="2.925659967586398">
				<ele>98.0</ele>
				<time>2019-08-29T08:22:37</time>
			</trkpt>
			<trkpt lat="48.81041997112334" lon="2.9257599636912346">
				<ele>99.0</ele>
				<time>2019-08-29T08:22:40</time>
			</trkpt>
			<trkpt lat="48.81023992784321" lon="2.9259399231523275">
				<ele>100.0</ele>
				<time>2019-08-29T08:22:44</time>
			</trkpt>
			<trkpt lat="48.80985997617245" lon="2.926309984177351">
				<ele>101.0</ele>
				<time>2019-08-29T08:22:53</time>
			</trkpt>
			<trkpt lat="48.80968999117613" lon="2.92647996917367">
				<ele>102.0</ele>
				<time>2019-08-29T08:22:57</time>
			</trkpt>
			<trkpt lat="48.809149945154786" lon="2.9270199313759804">
				<ele>105.0</ele>
				<time>2019-08-29T08:23:10</time>
			</trkpt>
			<trkpt lat="48.80892992019653" lon="2.927229981869459">
				<ele>105.0</ele>
				<time>2019-08-29T08:23:15</time>
			</trkpt>
			<trkpt lat="48.808719953522086" lon="2.927439948543906">
				<ele>107.0</ele>
				<time>2019-08-29T08:23:20</time>
			</trkpt>
			<trkpt lat="48.808459946885705" lon="2.9276899807155132">
				<ele>109.0</ele>
				<time>2019-08-29T08:23:26</time>
			</trkpt>
			<trkpt lat="48.80799994803965" lon="2.9281299468129873">
				<ele>114.0</ele>
				<time>2019-08-29T08:23:37</time>
			</trkpt>
			<trkpt lat="48.80764991976321" lon="2.928479975089431">
				<ele>117.0</ele>
				<time>2019-08-29T08:23:46</time>
			</trkpt>
			<trkpt lat="48.80743995308876" lon="2.9286799672991037">
				<ele>119.0</ele>
				<time>2019-08-29T08:23:51</time>
			</trkpt>
			<trkpt lat="48.80706997588277" lon="2.9290399700403214">
				<ele>123.0</ele>
				<time>2019-08-29T08:23:59</time>
			</trkpt>
			<trkpt lat="48.80651995539665" lon="2.929569957777858">
				<ele>125.0</ele>
				<time>2019-08-29T08:24:12</time>
			</trkpt>
			<trkpt lat="48.8060599565506" lon="2.930009923875332">
				<ele>126.0</ele>
				<time>2019-08-29T08:24:23</time>
			</trkpt>
			<trkpt lat="48.80582995712757" lon="2.9302199743688107">
				<ele>128.0</ele>
				<time>2019-08-29T08:24:29</time>
			</trkpt>
			<trkpt lat="48.805729961022735" lon="2.930309996008873">
				<ele>128.0</ele>
				<time>2019-08-29T08:24:31</time>
			</trkpt>
			<trkpt lat="48.80563993938267" lon="2.9303699266165495">
				<ele>129.0</ele>
				<time>2019-08-29T08:24:33</time>
			</trkpt>
			<trkpt lat="48.80552996881306" lon="2.930459948256612">
				<ele>129.0</ele>
				<time>2019-08-29T08:24:35</time>
			</trkpt>
			<trkpt lat="48.8053899910301" lon="2.930529937148094">
				<ele>130.0</ele>
				<time>2019-08-29T08:24:38</time>
			</trkpt>
			<trkpt lat="48.805109951645136" lon="2.9306699987500906">
				<ele>130.0</ele>
				<time>2019-08-29T08:24:44</time>
			</trkpt>
			<trkpt lat="48.80474994890392" lon="2.9307999182492495">
				<ele>131.0</ele>
				<time>2019-08-29T08:24:52</time>
			</trkpt>
			<trkpt lat="48.80318999290466" lon="2.9313199315220118">
				<ele>133.0</ele>
				<time>2019-08-29T08:25:24</time>
			</trkpt>
			<trkpt lat="48.80294993519783" lon="2.931409953162074">
				<ele>134.0</ele>
				<time>2019-08-29T08:25:29</time>
			</trkpt>
			<trkpt lat="48.80236999131739" lon="2.931619919836521">
				<ele>133.0</ele>
				<time>2019-08-29T08:25:41</time>
			</trkpt>
			<trkpt lat="48.801799938082695" lon="2.93180993758142">
				<ele>133.0</ele>
				<time>2019-08-29T08:25:52</time>
			</trkpt>
			<trkpt lat="48.80086996592581" lon="2.932119984179735">
				<ele>134.0</ele>
				<time>2019-08-29T08:26:11</time>
			</trkpt>
			<trkpt lat="48.799819964915514" lon="2.932469928637147">
				<ele>134.0</ele>
				<time>2019-08-29T08:26:33</time>
			</trkpt>
			<trkpt lat="48.798769963905215" lon="2.9328199569135904">
				<ele>134.0</ele>
				<time>2019-08-29T08:26:54</time>
			</trkpt>
			<trkpt lat="48.79771996289492" lon="2.933169985190034">
				<ele>135.0</ele>
				<time>2019-08-29T08:27:16</time>
			</trkpt>
			<trkpt lat="48.79669996909797" lon="2.9335099551826715">
				<ele>134.0</ele>
				<time>2019-08-29T08:27:37</time>
			</trkpt>
			<trkpt lat="48.79490992985666" lon="2.934099957346916">
				<ele>135.0</ele>
				<time>2019-08-29T08:28:13</time>
			</trkpt>
			<trkpt lat="48.79422998987138" lon="2.9343299567699432">
				<ele>136.0</ele>
				<time>2019-08-29T08:28:27</time>
			</trkpt>
			<trkpt lat="48.792559979483485" lon="2.9348799772560596">
				<ele>136.0</ele>
				<time>2019-08-29T08:29:02</time>
			</trkpt>
			<trkpt lat="48.79136991687119" lon="2.9350499622523785">
				<ele>135.0</ele>
				<time>2019-08-29T08:29:25</time>
			</trkpt>
			<trkpt lat="48.79030994139612" lon="2.935199998319149">
				<ele>135.0</ele>
				<time>2019-08-29T08:29:47</time>
			</trkpt>
			<trkpt lat="48.78925994038582" lon="2.935349950566888">
				<ele>133.0</ele>
				<time>2019-08-29T08:30:08</time>
			</trkpt>
			<trkpt lat="48.788199964910746" lon="2.9354999866336584">
				<ele>130.0</ele>
				<time>2019-08-29T08:30:29</time>
			</trkpt>
			<trkpt lat="48.78683991730213" lon="2.9356799460947514">
				<ele>129.0</ele>
				<time>2019-08-29T08:30:57</time>
			</trkpt>
			<trkpt lat="48.78547995351255" lon="2.935859989374876">
				<ele>127.0</ele>
				<time>2019-08-29T08:31:24</time>
			</trkpt>
			<trkpt lat="48.78410993143916" lon="2.936039948835969">
				<ele>125.0</ele>
				<time>2019-08-29T08:31:51</time>
			</trkpt>
			<trkpt lat="48.78257998265326" lon="2.93627992272377">
				<ele>123.0</ele>
				<time>2019-08-29T08:32:22</time>
			</trkpt>
			<trkpt lat="48.7822999432683" lon="2.9363299626857042">
				<ele>122.0</ele>
				<time>2019-08-29T08:32:28</time>
			</trkpt>
			<trkpt lat="48.78144993446767" lon="2.936439933255315">
				<ele>123.0</ele>
				<time>2019-08-29T08:32:45</time>
			</trkpt>
			<trkpt lat="48.78133996389806" lon="2.9364299587905407">
				<ele>123.0</ele>
				<time>2019-08-29T08:32:47</time>
			</trkpt>
			<trkpt lat="48.78101994283497" lon="2.937349956482649">
				<ele>122.0</ele>
				<time>2019-08-29T08:33:01</time>
			</trkpt>
			<trkpt lat="48.78090997226536" lon="2.9377699736505747">
				<ele>123.0</ele>
				<time>2019-08-29T08:33:07</time>
			</trkpt>
			<trkpt lat="48.78085993230343" lon="2.9381299763917923">
				<ele>124.0</ele>
				<time>2019-08-29T08:33:12</time>
			</trkpt>
			<trkpt lat="48.78088993951678" lon="2.9386499896645546">
				<ele>125.0</ele>
				<time>2019-08-29T08:33:18</time>
			</trkpt>
			<trkpt lat="48.780829925090075" lon="2.938869930803776">
				<ele>125.0</ele>
				<time>2019-08-29T08:33:22</time>
			</trkpt>
			<trkpt lat="48.78077996894717" lon="2.938949977979064">
				<ele>126.0</ele>
				<time>2019-08-29T08:33:23</time>
			</trkpt>
			<trkpt lat="48.780679972842336" lon="2.9390399996191263">
				<ele>126.0</ele>
				<time>2019-08-29T08:33:25</time>
			</trkpt>
			<trkpt lat="48.780309995636344" lon="2.9392399918287992">
				<ele>126.0</ele>
				<time>2019-08-29T08:33:33</time>
			</trkpt>
			<trkpt lat="48.780099945142865" lon="2.93934996239841">
				<ele>126.0</ele>
				<time>2019-08-29T08:33:38</time>
			</trkpt>
			<trkpt lat="48.77993993461132" lon="2.939439984038472">
				<ele>126.0</ele>
				<time>2019-08-29T08:33:41</time>
			</trkpt>
			<trkpt lat="48.77929997630417" lon="2.939809961244464">
				<ele>125.0</ele>
				<time>2019-08-29T08:33:55</time>
			</trkpt>
			<trkpt lat="48.779219929128885" lon="2.9398599173873663">
				<ele>125.0</ele>
				<time>2019-08-29T08:33:57</time>
			</trkpt>
			<trkpt lat="48.77917994745076" lon="2.9399299900978804">
				<ele>124.0</ele>
				<time>2019-08-29T08:33:58</time>
			</trkpt>
			<trkpt lat="48.77915999852121" lon="2.939989920705557">
				<ele>124.0</ele>
				<time>2019-08-29T08:33:59</time>
			</trkpt>
			<trkpt lat="48.7791499402374" lon="2.940049935132265">
				<ele>124.0</ele>
				<time>2019-08-29T08:33:59</time>
			</trkpt>
			<trkpt lat="48.7791499402374" lon="2.940099975094199">
				<ele>124.0</ele>
				<time>2019-08-29T08:34:00</time>
			</trkpt>
			<trkpt lat="48.77915999852121" lon="2.940219920128584">
				<ele>124.0</ele>
				<time>2019-08-29T08:34:02</time>
			</trkpt>
			<trkpt lat="48.779389997944236" lon="2.941849948838353">
				<ele>121.0</ele>
				<time>2019-08-29T08:34:24</time>
			</trkpt>
			<trkpt lat="48.779479935765266" lon="2.942259991541505">
				<ele>121.0</ele>
				<time>2019-08-29T08:34:29</time>
			</trkpt>
			<trkpt lat="48.77988997846842" lon="2.9439599253237247">
				<ele>122.0</ele>
				<time>2019-08-29T08:34:53</time>
			</trkpt>
			<trkpt lat="48.779949992895126" lon="2.9441999830305576">
				<ele>123.0</ele>
				<time>2019-08-29T08:34:57</time>
			</trkpt>
			<trkpt lat="48.78034997731447" lon="2.945799920707941">
				<ele>124.0</ele>
				<time>2019-08-29T08:35:19</time>
			</trkpt>
			<trkpt lat="48.780399933457375" lon="2.9461099673062563">
				<ele>124.0</ele>
				<time>2019-08-29T08:35:23</time>
			</trkpt>
			<trkpt lat="48.78040999174118" lon="2.946249945089221">
				<ele>124.0</ele>
				<time>2019-08-29T08:35:25</time>
			</trkpt>
			<trkpt lat="48.78042994067073" lon="2.9469999577850103">
				<ele>123.0</ele>
				<time>2019-08-29T08:35:35</time>
			</trkpt>
			<trkpt lat="48.78048995509744" lon="2.9479399882256985">
				<ele>122.0</ele>
				<time>2019-08-29T08:35:48</time>
			</trkpt>
			<trkpt lat="48.78047998063266" lon="2.948059933260083">
				<ele>122.0</ele>
				<time>2019-08-29T08:35:49</time>
			</trkpt>
			<trkpt lat="48.78046992234886" lon="2.9481199476867914">
				<ele>122.0</ele>
				<time>2019-08-29T08:35:50</time>
			</trkpt>
			<trkpt lat="48.780439998954535" lon="2.9481899365782738">
				<ele>122.0</ele>
				<time>2019-08-29T08:35:51</time>
			</trkpt>
			<trkpt lat="48.780359951779246" lon="2.9482899326831102">
				<ele>122.0</ele>
				<time>2019-08-29T08:35:53</time>
			</trkpt>
			<trkpt lat="48.78023992292583" lon="2.9483399726450443">
				<ele>122.0</ele>
				<time>2019-08-29T08:35:56</time>
			</trkpt>
			<trkpt lat="48.77993993461132" lon="2.948419936001301">
				<ele>122.0</ele>
				<time>2019-08-29T08:36:02</time>
			</trkpt>
			<trkpt lat="48.7795799318701" lon="2.948529990389943">
				<ele>121.0</ele>
				<time>2019-08-29T08:36:09</time>
			</trkpt>
			<trkpt lat="48.77941992133856" lon="2.9485799465328455">
				<ele>121.0</ele>
				<time>2019-08-29T08:36:12</time>
			</trkpt>
			<trkpt lat="48.778699999675155" lon="2.9488199204206467">
				<ele>122.0</ele>
				<time>2019-08-29T08:36:27</time>
			</trkpt>
			<trkpt lat="48.77864995971322" lon="2.9488299787044525">
				<ele>122.0</ele>
				<time>2019-08-29T08:36:28</time>
			</trkpt>
			<trkpt lat="48.77765997312963" lon="2.9491799231618643">
				<ele>120.0</ele>
				<time>2019-08-29T08:36:49</time>
			</trkpt>
			<trkpt lat="48.77743994817138" lon="2.9492699448019266">
				<ele>119.0</ele>
				<time>2019-08-29T08:36:53</time>
			</trkpt>
			<trkpt lat="48.77730994485319" lon="2.949349991977215">
				<ele>119.0</ele>
				<time>2019-08-29T08:36:56</time>
			</trkpt>
			<trkpt lat="48.77729997038841" lon="2.949359966441989">
				<ele>119.0</ele>
				<time>2019-08-29T08:36:56</time>
			</trkpt>
			<trkpt lat="48.777239955961704" lon="2.9494099225848913">
				<ele>119.0</ele>
				<time>2019-08-29T08:36:58</time>
			</trkpt>
			<trkpt lat="48.77715999260545" lon="2.9494799952954054">
				<ele>119.0</ele>
				<time>2019-08-29T08:36:59</time>
			</trkpt>
			<trkpt lat="48.77697994932532" lon="2.949589965865016">
				<ele>118.0</ele>
				<time>2019-08-29T08:37:03</time>
			</trkpt>
			<trkpt lat="48.77652992494404" lon="2.949799932539463">
				<ele>116.0</ele>
				<time>2019-08-29T08:37:13</time>
			</trkpt>
			<trkpt lat="48.77638994716108" lon="2.9498799797147512">
				<ele>116.0</ele>
				<time>2019-08-29T08:37:16</time>
			</trkpt>
			<trkpt lat="48.776339991018176" lon="2.9499399941414595">
				<ele>116.0</ele>
				<time>2019-08-29T08:37:17</time>
			</trkpt>
			<trkpt lat="48.77630998380482" lon="2.950009983032942">
				<ele>116.0</ele>
				<time>2019-08-29T08:37:18</time>
			</trkpt>
			<trkpt lat="48.776299925521016" lon="2.950079971924424">
				<ele>116.0</ele>
				<time>2019-08-29T08:37:19</time>
			</trkpt>
			<trkpt lat="48.776299925521016" lon="2.950199916958809">
				<ele>116.0</ele>
				<time>2019-08-29T08:37:21</time>
			</trkpt>
			<trkpt lat="48.77632993273437" lon="2.950489930808544">
				<ele>117.0</ele>
				<time>2019-08-29T08:37:24</time>
			</trkpt>
			<trkpt lat="48.77636999823153" lon="2.9507799446582794">
				<ele>117.0</ele>
				<time>2019-08-29T08:37:28</time>
			</trkpt>
			<trkpt lat="48.776379972696304" lon="2.9509499296545982">
				<ele>117.0</ele>
				<time>2019-08-29T08:37:31</time>
			</trkpt>
			<trkpt lat="48.776379972696304" lon="2.9511199984699488">
				<ele>118.0</ele>
				<time>2019-08-29T08:37:33</time>
			</trkpt>
			<trkpt lat="48.77636999823153" lon="2.9512499179691076">
				<ele>118.0</ele>
				<time>2019-08-29T08:37:35</time>
			</trkpt>
			<trkpt lat="48.776339991018176" lon="2.9514299612492323">
				<ele>117.0</ele>
				<time>2019-08-29T08:37:37</time>
			</trkpt>
			<trkpt lat="48.77632993273437" lon="2.9515299573540688">
				<ele>117.0</ele>
				<time>2019-08-29T08:37:38</time>
			</trkpt>
			<trkpt lat="48.77632993273437" lon="2.951579997316003">
				<ele>117.0</ele>
				<time>2019-08-29T08:37:39</time>
			</trkpt>
			<trkpt lat="48.776319958269596" lon="2.951629953458905">
				<ele>117.0</ele>
				<time>2019-08-29T08:37:40</time>
			</trkpt>
			<trkpt lat="48.776339991018176" lon="2.951739924028516">
				<ele>117.0</ele>
				<time>2019-08-29T08:37:41</time>
			</trkpt>
			<trkpt lat="48.776359939947724" lon="2.9518699273467064">
				<ele>117.0</ele>
				<time>2019-08-29T08:37:43</time>
			</trkpt>
			<trkpt lat="48.77639992162585" lon="2.952079977840185">
				<ele>118.0</ele>
				<time>2019-08-29T08:37:46</time>
			</trkpt>
			<trkpt lat="48.77642992883921" lon="2.952229930087924">
				<ele>118.0</ele>
				<time>2019-08-29T08:37:48</time>
			</trkpt>
			<trkpt lat="48.776489943265915" lon="2.952469987794757">
				<ele>119.0</ele>
				<time>2019-08-29T08:37:51</time>
			</trkpt>
			<trkpt lat="48.7765599321574" lon="2.9528599977493286">
				<ele>119.0</ele>
				<time>2019-08-29T08:37:57</time>
			</trkpt>
			<trkpt lat="48.776639979332685" lon="2.953139953315258">
				<ele>119.0</ele>
				<time>2019-08-29T08:38:01</time>
			</trkpt>
			<trkpt lat="48.776679961010814" lon="2.953309938311577">
				<ele>119.0</ele>
				<time>2019-08-29T08:38:03</time>
			</trkpt>
			<trkpt lat="48.77670996822417" lon="2.9534099344164133">
				<ele>119.0</ele>
				<time>2019-08-29T08:38:05</time>
			</trkpt>
			<trkpt lat="48.77673997543752" lon="2.9534999560564756">
				<ele>119.0</ele>
				<time>2019-08-29T08:38:06</time>
			</trkpt>
			<trkpt lat="48.776749949902296" lon="2.953539937734604">
				<ele>119.0</ele>
				<time>2019-08-29T08:38:06</time>
			</trkpt>
			<trkpt lat="48.77675992436707" lon="2.953559970483184">
				<ele>119.0</ele>
				<time>2019-08-29T08:38:07</time>
			</trkpt>
			<trkpt lat="48.776809964329004" lon="2.953739929944277">
				<ele>119.0</ele>
				<time>2019-08-29T08:38:09</time>
			</trkpt>
			<trkpt lat="48.77692999318242" lon="2.9541699215769768">
				<ele>119.0</ele>
				<time>2019-08-29T08:38:15</time>
			</trkpt>
			<trkpt lat="48.7769999820739" lon="2.954469993710518">
				<ele>119.0</ele>
				<time>2019-08-29T08:38:20</time>
			</trkpt>
			<trkpt lat="48.777219923213124" lon="2.955369958654046">
				<ele>120.0</ele>
				<time>2019-08-29T08:38:32</time>
			</trkpt>
			<trkpt lat="48.77737993374467" lon="2.956029949709773">
				<ele>120.0</ele>
				<time>2019-08-29T08:38:42</time>
			</trkpt>
			<trkpt lat="48.77786993980408" lon="2.9580699373036623">
				<ele>120.0</ele>
				<time>2019-08-29T08:39:10</time>
			</trkpt>
			<trkpt lat="48.778059957548976" lon="2.95889999717474">
				<ele>120.0</ele>
				<time>2019-08-29T08:39:22</time>
			</trkpt>
			<trkpt lat="48.777969935908914" lon="2.958969986066222">
				<ele>120.0</ele>
				<time>2019-08-29T08:39:24</time>
			</trkpt>
			<trkpt lat="48.77765997312963" lon="2.959119938313961">
				<ele>119.0</ele>
				<time>2019-08-29T08:39:30</time>
			</trkpt>
			<trkpt lat="48.77688992768526" lon="2.9594699665904045">
				<ele>117.0</ele>
				<time>2019-08-29T08:39:46</time>
			</trkpt>
			<trkpt lat="48.77604997716844" lon="2.9598599765449762">
				<ele>117.0</ele>
				<time>2019-08-29T08:40:04</time>
			</trkpt>
			<trkpt lat="48.77468992955983" lon="2.9605399165302515">
				<ele>115.0</ele>
				<time>2019-08-29T08:40:33</time>
			</trkpt>
			<trkpt lat="48.774189949035645" lon="2.9608099814504385">
				<ele>115.0</ele>
				<time>2019-08-29T08:40:43</time>
			</trkpt>
			<trkpt lat="48.773779990151525" lon="2.9610399808734655">
				<ele>115.0</ele>
				<time>2019-08-29T08:40:52</time>
			</trkpt>
			<trkpt lat="48.7735499907285" lon="2.9611799586564302">
				<ele>116.0</ele>
				<time>2019-08-29T08:40:57</time>
			</trkpt>
			<trkpt lat="48.77333994023502" lon="2.961309961974621">
				<ele>116.0</ele>
				<time>2019-08-29T08:41:02</time>
			</trkpt>
			<trkpt lat="48.773309933021665" lon="2.961319936439395">
				<ele>116.0</ele>
				<time>2019-08-29T08:41:02</time>
			</trkpt>
			<trkpt lat="48.772839959710836" lon="2.9616499319672585">
				<ele>116.0</ele>
				<time>2019-08-29T08:41:13</time>
			</trkpt>
			<trkpt lat="48.77241994254291" lon="2.961949920281768">
				<ele>115.0</ele>
				<time>2019-08-29T08:41:22</time>
			</trkpt>
			<trkpt lat="48.77234995365143" lon="2.962009934708476">
				<ele>115.0</ele>
				<time>2019-08-29T08:41:23</time>
			</trkpt>
			<trkpt lat="48.7723099719733" lon="2.962029967457056">
				<ele>115.0</ele>
				<time>2019-08-29T08:41:24</time>
			</trkpt>
			<trkpt lat="48.77155995927751" lon="2.9625599551945925">
				<ele>114.0</ele>
				<time>2019-08-29T08:41:41</time>
			</trkpt>
			<trkpt lat="48.77067994326353" lon="2.9631799645721912">
				<ele>115.0</ele>
				<time>2019-08-29T08:42:00</time>
			</trkpt>
			<trkpt lat="48.77050995826721" lon="2.9632999934256077">
				<ele>115.0</ele>
				<time>2019-08-29T08:42:04</time>
			</trkpt>
			<trkpt lat="48.77018993720412" lon="2.963519934564829">
				<ele>115.0</ele>
				<time>2019-08-29T08:42:11</time>
			</trkpt>
			<trkpt lat="48.76985994167626" lon="2.9637599922716618">
				<ele>114.0</ele>
				<time>2019-08-29T08:42:18</time>
			</trkpt>
			<trkpt lat="48.76947999000549" lon="2.964019998908043">
				<ele>113.0</ele>
				<time>2019-08-29T08:42:27</time>
			</trkpt>
			<trkpt lat="48.76945995725691" lon="2.964029973372817">
				<ele>113.0</ele>
				<time>2019-08-29T08:42:27</time>
			</trkpt>
			<trkpt lat="48.76942995004356" lon="2.9640499223023653">
				<ele>113.0</ele>
				<time>2019-08-29T08:42:28</time>
			</trkpt>
			<trkpt lat="48.76940991729498" lon="2.964059980586171">
				<ele>113.0</ele>
				<time>2019-08-29T08:42:28</time>
			</trkpt>
			<trkpt lat="48.76923993229866" lon="2.964179925620556">
				<ele>113.0</ele>
				<time>2019-08-29T08:42:32</time>
			</trkpt>
			<trkpt lat="48.76900993287563" lon="2.9643499944359064">
				<ele>113.0</ele>
				<time>2019-08-29T08:42:37</time>
			</trkpt>
			<trkpt lat="48.768859980627894" lon="2.964469939470291">
				<ele>113.0</ele>
				<time>2019-08-29T08:42:41</time>
			</trkpt>
			<trkpt lat="48.768799966201186" lon="2.9645199794322252">
				<ele>114.0</ele>
				<time>2019-08-29T08:42:42</time>
			</trkpt>
			<trkpt lat="48.76874992623925" lon="2.9645699355751276">
				<ele>114.0</ele>
				<time>2019-08-29T08:42:43</time>
			</trkpt>
			<trkpt lat="48.76837994903326" lon="2.964899931102991">
				<ele>114.0</ele>
				<time>2019-08-29T08:42:52</time>
			</trkpt>
			<trkpt lat="48.768349941819906" lon="2.964919963851571">
				<ele>115.0</ele>
				<time>2019-08-29T08:42:52</time>
			</trkpt>
			<trkpt lat="48.76802992075682" lon="2.9651999194175005">
				<ele>115.0</ele>
				<time>2019-08-29T08:43:00</time>
			</trkpt>
			<trkpt lat="48.767809979617596" lon="2.965399995446205">
				<ele>116.0</ele>
				<time>2019-08-29T08:43:05</time>
			</trkpt>
			<trkpt lat="48.76768995076418" lon="2.96551994048059">
				<ele>117.0</ele>
				<time>2019-08-29T08:43:08</time>
			</trkpt>
			<trkpt lat="48.767509991303086" lon="2.9657099582254887">
				<ele>117.0</ele>
				<time>2019-08-29T08:43:12</time>
			</trkpt>
			<trkpt lat="48.76727999188006" lon="2.9659199248999357">
				<ele>116.0</ele>
				<time>2019-08-29T08:43:17</time>
			</trkpt>
			<trkpt lat="48.76685997471213" lon="2.966199964284897">
				<ele>116.0</ele>
				<time>2019-08-29T08:43:27</time>
			</trkpt>
			<trkpt lat="48.76644993200898" lon="2.966489978134632">
				<ele>116.0</ele>
				<time>2019-08-29T08:43:36</time>
			</trkpt>
			<trkpt lat="48.765769992023706" lon="2.9670099914073944">
				<ele>116.0</ele>
				<time>2019-08-29T08:43:51</time>
			</trkpt>
			<trkpt lat="48.765639988705516" lon="2.9670799802988768">
				<ele>117.0</ele>
				<time>2019-08-29T08:43:54</time>
			</trkpt>
			<trkpt lat="48.765119975432754" lon="2.9674099758267403">
				<ele>116.0</ele>
				<time>2019-08-29T08:44:05</time>
			</trkpt>
			<trkpt lat="48.764689983800054" lon="2.9676999896764755">
				<ele>116.0</ele>
				<time>2019-08-29T08:44:14</time>
			</trkpt>
			<trkpt lat="48.76410995610058" lon="2.9680899996310472">
				<ele>116.0</ele>
				<time>2019-08-29T08:44:27</time>
			</trkpt>
			<trkpt lat="48.76402999274433" lon="2.9681399557739496">
				<ele>116.0</ele>
				<time>2019-08-29T08:44:29</time>
			</trkpt>
			<trkpt lat="48.76381994225085" lon="2.9682999663054943">
				<ele>116.0</ele>
				<time>2019-08-29T08:44:34</time>
			</trkpt>
			<trkpt lat="48.76336991786957" lon="2.9686199873685837">
				<ele>116.0</ele>
				<time>2019-08-29T08:44:44</time>
			</trkpt>
			<trkpt lat="48.76323999837041" lon="2.968689976260066">
				<ele>116.0</ele>
				<time>2019-08-29T08:44:46</time>
			</trkpt>
			<trkpt lat="48.76311996951699" lon="2.9687799979001284">
				<ele>115.0</ele>
				<time>2019-08-29T08:44:49</time>
			</trkpt>
			<trkpt lat="48.76272995956242" lon="2.969039920717478">
				<ele>115.0</ele>
				<time>2019-08-29T08:44:57</time>
			</trkpt>
			<trkpt lat="48.762119924649596" lon="2.9694899450987577">
				<ele>115.0</ele>
				<time>2019-08-29T08:45:11</time>
			</trkpt>
			<trkpt lat="48.76134996302426" lon="2.9700299911201">
				<ele>113.0</ele>
				<time>2019-08-29T08:45:28</time>
			</trkpt>
			<trkpt lat="48.761209985241294" lon="2.9701299872249365">
				<ele>113.0</ele>
				<time>2019-08-29T08:45:31</time>
			</trkpt>
			<trkpt lat="48.75980995595455" lon="2.9711399227380753">
				<ele>112.0</ele>
				<time>2019-08-29T08:46:02</time>
			</trkpt>
			<trkpt lat="48.75975999981165" lon="2.9711699299514294">
				<ele>112.0</ele>
				<time>2019-08-29T08:46:03</time>
			</trkpt>
			<trkpt lat="48.759169997647405" lon="2.971589947119355">
				<ele>114.0</ele>
				<time>2019-08-29T08:46:16</time>
			</trkpt>
			<trkpt lat="48.758099963888526" lon="2.9723699670284986">
				<ele>113.0</ele>
				<time>2019-08-29T08:46:40</time>
			</trkpt>
			<trkpt lat="48.75673991627991" lon="2.973339920863509">
				<ele>112.0</ele>
				<time>2019-08-29T08:47:10</time>
			</trkpt>
			<trkpt lat="48.75580994412303" lon="2.974009970203042">
				<ele>113.0</ele>
				<time>2019-08-29T08:47:31</time>
			</trkpt>
			<trkpt lat="48.755409959703684" lon="2.9742999840527773">
				<ele>112.0</ele>
				<time>2019-08-29T08:47:40</time>
			</trkpt>
			<trkpt lat="48.75511994585395" lon="2.9744799435138702">
				<ele>112.0</ele>
				<time>2019-08-29T08:47:46</time>
			</trkpt>
			<trkpt lat="48.754939986392856" lon="2.9745799396187067">
				<ele>112.0</ele>
				<time>2019-08-29T08:47:50</time>
			</trkpt>
			<trkpt lat="48.75325991772115" lon="2.9754499811679125">
				<ele>112.0</ele>
				<time>2019-08-29T08:48:25</time>
			</trkpt>
			<trkpt lat="48.75311993993819" lon="2.975519970059395">
				<ele>113.0</ele>
				<time>2019-08-29T08:48:28</time>
			</trkpt>
			<trkpt lat="48.7521299533546" lon="2.9760499577969313">
				<ele>113.0</ele>
				<time>2019-08-29T08:48:49</time>
			</trkpt>
			<trkpt lat="48.75127994455397" lon="2.9764799494296312">
				<ele>113.0</ele>
				<time>2019-08-29T08:49:07</time>
			</trkpt>
			<trkpt lat="48.75118992291391" lon="2.9765299893915653">
				<ele>113.0</ele>
				<time>2019-08-29T08:49:09</time>
			</trkpt>
			<trkpt lat="48.75108992680907" lon="2.9765799455344677">
				<ele>113.0</ele>
				<time>2019-08-29T08:49:11</time>
			</trkpt>
			<trkpt lat="48.750859927386045" lon="2.976699974387884">
				<ele>113.0</ele>
				<time>2019-08-29T08:49:16</time>
			</trkpt>
			<trkpt lat="48.7504099868238" lon="2.976929973810911">
				<ele>112.0</ele>
				<time>2019-08-29T08:49:26</time>
			</trkpt>
			<trkpt lat="48.7502199690789" lon="2.9770299699157476">
				<ele>112.0</ele>
				<time>2019-08-29T08:49:30</time>
			</trkpt>
			<trkpt lat="48.750169929116964" lon="2.9770599771291018">
				<ele>111.0</ele>
				<time>2019-08-29T08:49:31</time>
			</trkpt>
			<trkpt lat="48.750079991295934" lon="2.977109933272004">
				<ele>111.0</ele>
				<time>2019-08-29T08:49:33</time>
			</trkpt>
			<trkpt lat="48.74957992695272" lon="2.977379998192191">
				<ele>111.0</ele>
				<time>2019-08-29T08:49:43</time>
			</trkpt>
			<trkpt lat="48.74946995638311" lon="2.9774299543350935">
				<ele>111.0</ele>
				<time>2019-08-29T08:49:45</time>
			</trkpt>
			<trkpt lat="48.748819939792156" lon="2.977759949862957">
				<ele>111.0</ele>
				<time>2019-08-29T08:49:59</time>
			</trkpt>
			<trkpt lat="48.747999938204885" lon="2.978189941495657">
				<ele>110.0</ele>
				<time>2019-08-29T08:50:17</time>
			</trkpt>
			<trkpt lat="48.74772995710373" lon="2.9783399775624275">
				<ele>110.0</ele>
				<time>2019-08-29T08:50:22</time>
			</trkpt>
			<trkpt lat="48.747459976002574" lon="2.9785099625587463">
				<ele>109.0</ele>
				<time>2019-08-29T08:50:28</time>
			</trkpt>
			<trkpt lat="48.74704993329942" lon="2.9787599947303534">
				<ele>109.0</ele>
				<time>2019-08-29T08:50:37</time>
			</trkpt>
			<trkpt lat="48.74686997383833" lon="2.978869965299964">
				<ele>109.0</ele>
				<time>2019-08-29T08:50:41</time>
			</trkpt>
			<trkpt lat="48.74616991728544" lon="2.979319989681244">
				<ele>109.0</ele>
				<time>2019-08-29T08:50:56</time>
			</trkpt>
			<trkpt lat="48.745639929547906" lon="2.9796599596738815">
				<ele>109.0</ele>
				<time>2019-08-29T08:51:08</time>
			</trkpt>
			<trkpt lat="48.744669975712895" lon="2.9802599363029003">
				<ele>108.0</ele>
				<time>2019-08-29T08:51:29</time>
			</trkpt>
			<trkpt lat="48.74439999461174" lon="2.980429921299219">
				<ele>108.0</ele>
				<time>2019-08-29T08:51:34</time>
			</trkpt>
			<trkpt lat="48.74405994080007" lon="2.9806899279356003">
				<ele>109.0</ele>
				<time>2019-08-29T08:51:42</time>
			</trkpt>
			<trkpt lat="48.743249997496605" lon="2.981359977275133">
				<ele>107.0</ele>
				<time>2019-08-29T08:52:01</time>
			</trkpt>
			<trkpt lat="48.74201995320618" lon="2.982409978285432">
				<ele>108.0</ele>
				<time>2019-08-29T08:52:29</time>
			</trkpt>
			<trkpt lat="48.74152994714677" lon="2.9827999882400036">
				<ele>108.0</ele>
				<time>2019-08-29T08:52:40</time>
			</trkpt>
			<trkpt lat="48.74143992550671" lon="2.98287995159626">
				<ele>108.0</ele>
				<time>2019-08-29T08:52:42</time>
			</trkpt>
			<trkpt lat="48.74038992449641" lon="2.983729960396886">
				<ele>108.0</ele>
				<time>2019-08-29T08:53:06</time>
			</trkpt>
			<trkpt lat="48.740159925073385" lon="2.983929952606559">
				<ele>109.0</ele>
				<time>2019-08-29T08:53:11</time>
			</trkpt>
			<trkpt lat="48.740049954503775" lon="2.9840399231761694">
				<ele>109.0</ele>
				<time>2019-08-29T08:53:14</time>
			</trkpt>
			<trkpt lat="48.73996999114752" lon="2.9841499775648117">
				<ele>110.0</ele>
				<time>2019-08-29T08:53:16</time>
			</trkpt>
			<trkpt lat="48.739879969507456" lon="2.9842699225991964">
				<ele>110.0</ele>
				<time>2019-08-29T08:53:18</time>
			</trkpt>
			<trkpt lat="48.73927999287844" lon="2.985109956935048">
				<ele>111.0</ele>
				<time>2019-08-29T08:53:35</time>
			</trkpt>
			<trkpt lat="48.739039935171604" lon="2.98549996688962">
				<ele>111.0</ele>
				<time>2019-08-29T08:53:42</time>
			</trkpt>
			<trkpt lat="48.73894999735057" lon="2.9856599774211645">
				<ele>111.0</ele>
				<time>2019-08-29T08:53:44</time>
			</trkpt>
			<trkpt lat="48.73889995738864" lon="2.985789980739355">
				<ele>111.0</ele>
				<time>2019-08-29T08:53:46</time>
			</trkpt>
			<trkpt lat="48.738869950175285" lon="2.9859199840575457">
				<ele>111.0</ele>
				<time>2019-08-29T08:53:48</time>
			</trkpt>
			<trkpt lat="48.738849917426705" lon="2.9860499873757362">
				<ele>111.0</ele>
				<time>2019-08-29T08:53:50</time>
			</trkpt>
			<trkpt lat="48.73882996849716" lon="2.9862999357283115">
				<ele>111.0</ele>
				<time>2019-08-29T08:53:53</time>
			</trkpt>
			<trkpt lat="48.73880993574858" lon="2.9864899534732103">
				<ele>110.0</ele>
				<time>2019-08-29T08:53:56</time>
			</trkpt>
			<trkpt lat="48.73878998681903" lon="2.986619956791401">
				<ele>110.0</ele>
				<time>2019-08-29T08:53:58</time>
			</trkpt>
			<trkpt lat="48.738759979605675" lon="2.9867199528962374">
				<ele>110.0</ele>
				<time>2019-08-29T08:53:59</time>
			</trkpt>
			<trkpt lat="48.73871999792755" lon="2.986799916252494">
				<ele>110.0</ele>
				<time>2019-08-29T08:54:00</time>
			</trkpt>
			<trkpt lat="48.73865998350084" lon="2.986859930679202">
				<ele>109.0</ele>
				<time>2019-08-29T08:54:02</time>
			</trkpt>
			<trkpt lat="48.738589994609356" lon="2.986909970641136">
				<ele>109.0</ele>
				<time>2019-08-29T08:54:03</time>
			</trkpt>
			<trkpt lat="48.738479940220714" lon="2.9869399778544903">
				<ele>109.0</ele>
				<time>2019-08-29T08:54:06</time>
			</trkpt>
			<trkpt lat="48.73833996243775" lon="2.9869699850678444">
				<ele>108.0</ele>
				<time>2019-08-29T08:54:08</time>
			</trkpt>
			<trkpt lat="48.73822999186814" lon="2.9869899339973927">
				<ele>108.0</ele>
				<time>2019-08-29T08:54:11</time>
			</trkpt>
			<trkpt lat="48.7379399780184" lon="2.9870399739593267">
				<ele>108.0</ele>
				<time>2019-08-29T08:54:17</time>
			</trkpt>
			<trkpt lat="48.73769992031157" lon="2.987089930102229">
				<ele>108.0</ele>
				<time>2019-08-29T08:54:21</time>
			</trkpt>
			<trkpt lat="48.73762993142009" lon="2.987109962850809">
				<ele>108.0</ele>
				<time>2019-08-29T08:54:23</time>
			</trkpt>
			<trkpt lat="48.73735995031893" lon="2.9871899262070656">
				<ele>108.0</ele>
				<time>2019-08-29T08:54:28</time>
			</trkpt>
			<trkpt lat="48.737319968640804" lon="2.9871999844908714">
				<ele>108.0</ele>
				<time>2019-08-29T08:54:29</time>
			</trkpt>
			<trkpt lat="48.737279986962676" lon="2.9872199334204197">
				<ele>108.0</ele>
				<time>2019-08-29T08:54:30</time>
			</trkpt>
			<trkpt lat="48.737239921465516" lon="2.9872299917042255">
				<ele>108.0</ele>
				<time>2019-08-29T08:54:31</time>
			</trkpt>
			<trkpt lat="48.73692995868623" lon="2.987309955060482">
				<ele>108.0</ele>
				<time>2019-08-29T08:54:37</time>
			</trkpt>
			<trkpt lat="48.73672996647656" lon="2.987359995022416">
				<ele>109.0</ele>
				<time>2019-08-29T08:54:41</time>
			</trkpt>
			<trkpt lat="48.73657993040979" lon="2.9873999767005444">
				<ele>109.0</ele>
				<time>2019-08-29T08:54:44</time>
			</trkpt>
			<trkpt lat="48.73648999258876" lon="2.9874199256300926">
				<ele>109.0</ele>
				<time>2019-08-29T08:54:46</time>
			</trkpt>
			<trkpt lat="48.736399970948696" lon="2.9874699655920267">
				<ele>110.0</ele>
				<time>2019-08-29T08:54:48</time>
			</trkpt>
			<trkpt lat="48.73635998927057" lon="2.987509947270155">
				<ele>110.0</ele>
				<time>2019-08-29T08:54:49</time>
			</trkpt>
			<trkpt lat="48.736329982057214" lon="2.987539954483509">
				<ele>110.0</ele>
				<time>2019-08-29T08:54:50</time>
			</trkpt>
			<trkpt lat="48.73631992377341" lon="2.987559987232089">
				<ele>110.0</ele>
				<time>2019-08-29T08:54:50</time>
			</trkpt>
			<trkpt lat="48.73629997484386" lon="2.9876099433749914">
				<ele>111.0</ele>
				<time>2019-08-29T08:54:51</time>
			</trkpt>
			<trkpt lat="48.73625999316573" lon="2.9876899905502796">
				<ele>111.0</ele>
				<time>2019-08-29T08:54:52</time>
			</trkpt>
			<trkpt lat="48.73618992045522" lon="2.9878599755465984">
				<ele>111.0</ele>
				<time>2019-08-29T08:54:55</time>
			</trkpt>
			<trkpt lat="48.73610995709896" lon="2.9881199821829796">
				<ele>111.0</ele>
				<time>2019-08-29T08:54:58</time>
			</trkpt>
			<trkpt lat="48.73603996820748" lon="2.9883099999278784">
				<ele>111.0</ele>
				<time>2019-08-29T08:55:01</time>
			</trkpt>
			<trkpt lat="48.73599998652935" lon="2.988399937748909">
				<ele>110.0</ele>
				<time>2019-08-29T08:55:03</time>
			</trkpt>
			<trkpt lat="48.735949946567416" lon="2.9884899593889713">
				<ele>111.0</ele>
				<time>2019-08-29T08:55:04</time>
			</trkpt>
			<trkpt lat="48.73590996488929" lon="2.9885599482804537">
				<ele>111.0</ele>
				<time>2019-08-29T08:55:06</time>
			</trkpt>
			<trkpt lat="48.735839975997806" lon="2.988629937171936">
				<ele>111.0</ele>
				<time>2019-08-29T08:55:07</time>
			</trkpt>
			<trkpt lat="48.73575992882252" lon="2.98867997713387">
				<ele>111.0</ele>
				<time>2019-08-29T08:55:09</time>
			</trkpt>
			<trkpt lat="48.73569999821484" lon="2.9887199588119984">
				<ele>111.0</ele>
				<time>2019-08-29T08:55:10</time>
			</trkpt>
			<trkpt lat="48.73560997657478" lon="2.9887699987739325">
				<ele>111.0</ele>
				<time>2019-08-29T08:55:12</time>
			</trkpt>
			<trkpt lat="48.735539987683296" lon="2.988819954916835">
				<ele>111.0</ele>
				<time>2019-08-29T08:55:14</time>
			</trkpt>
			<trkpt lat="48.73529992997646" lon="2.9887399915605783">
				<ele>111.0</ele>
				<time>2019-08-29T08:55:19</time>
			</trkpt>
			<trkpt lat="48.73523999936879" lon="2.9886899515986443">
				<ele>111.0</ele>
				<time>2019-08-29T08:55:20</time>
			</trkpt>
			<trkpt lat="48.7351599521935" lon="2.988599929958582">
				<ele>111.0</ele>
				<time>2019-08-29T08:55:22</time>
			</trkpt>
			<trkpt lat="48.7351599521935" lon="2.9886699188500643">
				<ele>111.0</ele>
				<time>2019-08-29T08:55:23</time>
			</trkpt>
			<trkpt lat="48.73520999215543" lon="2.991139981895685">
				<ele>111.0</ele>
				<time>2019-08-29T08:55:56</time>
			</trkpt>
			<trkpt lat="48.73520999215543" lon="2.9913999885320663">
				<ele>111.0</ele>
				<time>2019-08-29T08:55:59</time>
			</trkpt>
			<trkpt lat="48.73521996662021" lon="2.991999965161085">
				<ele>110.0</ele>
				<time>2019-08-29T08:56:07</time>
			</trkpt>
			<trkpt lat="48.73524997383356" lon="2.994229970499873">
				<ele>110.0</ele>
				<time>2019-08-29T08:56:36</time>
			</trkpt>
			<trkpt lat="48.73524997383356" lon="2.994859954342246">
				<ele>109.0</ele>
				<time>2019-08-29T08:56:45</time>
			</trkpt>
			<trkpt lat="48.73526992276311" lon="2.9958799481391907">
				<ele>109.0</ele>
				<time>2019-08-29T08:56:58</time>
			</trkpt>
			<trkpt lat="48.73526992276311" lon="2.995979944244027">
				<ele>109.0</ele>
				<time>2019-08-29T08:56:59</time>
			</trkpt>
			<trkpt lat="48.735279981046915" lon="2.996849985793233">
				<ele>110.0</ele>
				<time>2019-08-29T08:57:11</time>
			</trkpt>
			<trkpt lat="48.73529992997646" lon="2.9984799306839705">
				<ele>108.0</ele>
				<time>2019-08-29T08:57:32</time>
			</trkpt>
			<trkpt lat="48.73530998826027" lon="2.999499924480915">
				<ele>108.0</ele>
				<time>2019-08-29T08:57:46</time>
			</trkpt>
			<trkpt lat="48.73535994440317" lon="3.0035899579524994">
				<ele>109.0</ele>
				<time>2019-08-29T08:58:40</time>
			</trkpt>
			<trkpt lat="48.735369918867946" lon="3.004609951749444">
				<ele>110.0</ele>
				<time>2019-08-29T08:58:53</time>
			</trkpt>
			<trkpt lat="48.73537997715175" lon="3.0051899794489145">
				<ele>111.0</ele>
				<time>2019-08-29T08:59:01</time>
			</trkpt>
			<trkpt lat="48.7353999260813" lon="3.006179966032505">
				<ele>112.0</ele>
				<time>2019-08-29T08:59:14</time>
			</trkpt>
			<trkpt lat="48.735409984365106" lon="3.0067199282348156">
				<ele>113.0</ele>
				<time>2019-08-29T08:59:21</time>
			</trkpt>
			<trkpt lat="48.735429933294654" lon="3.007709998637438">
				<ele>113.0</ele>
				<time>2019-08-29T08:59:34</time>
			</trkpt>
			<trkpt lat="48.73543999157846" lon="3.0084599275141954">
				<ele>114.0</ele>
				<time>2019-08-29T08:59:44</time>
			</trkpt>
			<trkpt lat="48.735449966043234" lon="3.0086899269372225">
				<ele>114.0</ele>
				<time>2019-08-29T08:59:47</time>
			</trkpt>
			<trkpt lat="48.73543999157846" lon="3.0088799446821213">
				<ele>115.0</ele>
				<time>2019-08-29T08:59:50</time>
			</trkpt>
			<trkpt lat="48.73543999157846" lon="3.009039955213666">
				<ele>115.0</ele>
				<time>2019-08-29T08:59:52</time>
			</trkpt>
			<trkpt lat="48.73541995882988" lon="3.0091999657452106">
				<ele>115.0</ele>
				<time>2019-08-29T08:59:54</time>
			</trkpt>
			<trkpt lat="48.735369918867946" lon="3.0095599684864283">
				<ele>115.0</ele>
				<time>2019-08-29T08:59:59</time>
			</trkpt>
			<trkpt lat="48.73531996272504" lon="3.0099099967628717">
				<ele>113.0</ele>
				<time>2019-08-29T09:00:04</time>
			</trkpt>
			<trkpt lat="48.73530998826027" lon="3.0099999345839024">
				<ele>113.0</ele>
				<time>2019-08-29T09:00:05</time>
			</trkpt>
			<trkpt lat="48.73530998826027" lon="3.0100599490106106">
				<ele>113.0</ele>
				<time>2019-08-29T09:00:06</time>
			</trkpt>
			<trkpt lat="48.73529992997646" lon="3.010139996185899">
				<ele>113.0</ele>
				<time>2019-08-29T09:00:07</time>
			</trkpt>
			<trkpt lat="48.73529992997646" lon="3.0102499667555094">
				<ele>113.0</ele>
				<time>2019-08-29T09:00:08</time>
			</trkpt>
			<trkpt lat="48.73528995551169" lon="3.010589936748147">
				<ele>112.0</ele>
				<time>2019-08-29T09:00:13</time>
			</trkpt>
			<trkpt lat="48.73528995551169" lon="3.0109399650245905">
				<ele>112.0</ele>
				<time>2019-08-29T09:00:17</time>
			</trkpt>
			<trkpt lat="48.73529992997646" lon="3.011049935594201">
				<ele>112.0</ele>
				<time>2019-08-29T09:00:19</time>
			</trkpt>
			<trkpt lat="48.73529992997646" lon="3.011299967765808">
				<ele>113.0</ele>
				<time>2019-08-29T09:00:22</time>
			</trkpt>
			<trkpt lat="48.73554996214807" lon="3.011329974979162">
				<ele>113.0</ele>
				<time>2019-08-29T09:00:27</time>
			</trkpt>
			<trkpt lat="48.73579999431968" lon="3.0113599821925163">
				<ele>114.0</ele>
				<time>2019-08-29T09:00:32</time>
			</trkpt>
			<trkpt lat="48.736139964312315" lon="3.0113999638706446">
				<ele>116.0</ele>
				<time>2019-08-29T09:00:39</time>
			</trkpt>
			<trkpt lat="48.73642997816205" lon="3.011449920013547">
				<ele>116.0</ele>
				<time>2019-08-29T09:00:45</time>
			</trkpt>
			<trkpt lat="48.736679926514626" lon="3.011479927226901">
				<ele>116.0</ele>
				<time>2019-08-29T09:00:50</time>
			</trkpt>
			<trkpt lat="48.737079994753" lon="3.011519992724061">
				<ele>115.0</ele>
				<time>2019-08-29T09:00:58</time>
			</trkpt>
			<trkpt lat="48.737769993022084" lon="3.0115399416536093">
				<ele>110.0</ele>
				<time>2019-08-29T09:01:12</time>
			</trkpt>
			<trkpt lat="48.73791994526982" lon="3.0115399416536093">
				<ele>109.0</ele>
				<time>2019-08-29T09:01:15</time>
			</trkpt>
			<trkpt lat="48.73808993026614" lon="3.011549999937415">
				<ele>109.0</ele>
				<time>2019-08-29T09:01:18</time>
			</trkpt>
			<trkpt lat="48.73863995075226" lon="3.0115799233317375">
				<ele>107.0</ele>
				<time>2019-08-29T09:01:29</time>
			</trkpt>
			<trkpt lat="48.73891999013722" lon="3.0115999560803175">
				<ele>107.0</ele>
				<time>2019-08-29T09:01:35</time>
			</trkpt>
			<trkpt lat="48.73912995681167" lon="3.0116099305450916">
				<ele>107.0</ele>
				<time>2019-08-29T09:01:39</time>
			</trkpt>
			<trkpt lat="48.73943991959095" lon="3.01168997772038">
				<ele>107.0</ele>
				<time>2019-08-29T09:01:45</time>
			</trkpt>
			<trkpt lat="48.739989940077066" lon="3.0118299555033445">
				<ele>107.0</ele>
				<time>2019-08-29T09:01:56</time>
			</trkpt>
			<trkpt lat="48.7404699716717" lon="3.011989966034889">
				<ele>107.0</ele>
				<time>2019-08-29T09:02:06</time>
			</trkpt>
			<trkpt lat="48.74068999662995" lon="3.0120699293911457">
				<ele>108.0</ele>
				<time>2019-08-29T09:02:11</time>
			</trkpt>
			<trkpt lat="48.740759985521436" lon="3.0120999366045">
				<ele>108.0</ele>
				<time>2019-08-29T09:02:12</time>
			</trkpt>
			<trkpt lat="48.74082997441292" lon="3.01211996935308">
				<ele>108.0</ele>
				<time>2019-08-29T09:02:14</time>
			</trkpt>
			<trkpt lat="48.74107992276549" lon="3.0122399982064962">
				<ele>109.0</ele>
				<time>2019-08-29T09:02:19</time>
			</trkpt>
			<trkpt lat="48.741729939356446" lon="3.0125399865210056">
				<ele>110.0</ele>
				<time>2019-08-29T09:02:32</time>
			</trkpt>
			<trkpt lat="48.74209991656244" lon="3.0127299204468727">
				<ele>110.0</ele>
				<time>2019-08-29T09:02:40</time>
			</trkpt>
			<trkpt lat="48.74230996705592" lon="3.012839974835515">
				<ele>109.0</ele>
				<time>2019-08-29T09:02:45</time>
			</trkpt>
			<trkpt lat="48.742669969797134" lon="3.013079948723316">
				<ele>109.0</ele>
				<time>2019-08-29T09:02:53</time>
			</trkpt>
			<trkpt lat="48.7430499214679" lon="3.0133599881082773">
				<ele>109.0</ele>
				<time>2019-08-29T09:03:01</time>
			</trkpt>
			<trkpt lat="48.74357999302447" lon="3.0137899797409773">
				<ele>110.0</ele>
				<time>2019-08-29T09:03:13</time>
			</trkpt>
			<trkpt lat="48.74368996359408" lon="3.0138699430972338">
				<ele>110.0</ele>
				<time>2019-08-29T09:03:15</time>
			</trkpt>
			<trkpt lat="48.74444995075464" lon="3.0145699996501207">
				<ele>109.0</ele>
				<time>2019-08-29T09:03:33</time>
			</trkpt>
			<trkpt lat="48.74535997398198" lon="3.0154099501669407">
				<ele>108.0</ele>
				<time>2019-08-29T09:03:55</time>
			</trkpt>
			<trkpt lat="48.745399955660105" lon="3.015459990128875">
				<ele>108.0</ele>
				<time>2019-08-29T09:03:56</time>
			</trkpt>
			<trkpt lat="48.74555996619165" lon="3.0156399495899677">
				<ele>108.0</ele>
				<time>2019-08-29T09:04:00</time>
			</trkpt>
			<trkpt lat="48.745959950610995" lon="3.016129955649376">
				<ele>108.0</ele>
				<time>2019-08-29T09:04:10</time>
			</trkpt>
			<trkpt lat="48.746859999373555" lon="3.017239971086383">
				<ele>110.0</ele>
				<time>2019-08-29T09:04:33</time>
			</trkpt>
			<trkpt lat="48.74689998105168" lon="3.0172899272292852">
				<ele>110.0</ele>
				<time>2019-08-29T09:04:34</time>
			</trkpt>
			<trkpt lat="48.747099973261356" lon="3.0175399594008923">
				<ele>110.0</ele>
				<time>2019-08-29T09:04:39</time>
			</trkpt>
			<trkpt lat="48.74720994383097" lon="3.017679937183857">
				<ele>110.0</ele>
				<time>2019-08-29T09:04:42</time>
			</trkpt>
			<trkpt lat="48.747289991006255" lon="3.0177799332886934">
				<ele>110.0</ele>
				<time>2019-08-29T09:04:44</time>
			</trkpt>
			<trkpt lat="48.74740993604064" lon="3.017929969355464">
				<ele>110.0</ele>
				<time>2019-08-29T09:04:47</time>
			</trkpt>
			<trkpt lat="48.74747992493212" lon="3.0180299654603004">
				<ele>110.0</ele>
				<time>2019-08-29T09:04:49</time>
			</trkpt>
			<trkpt lat="48.74817998148501" lon="3.018999919295311">
				<ele>110.0</ele>
				<time>2019-08-29T09:05:08</time>
			</trkpt>
			<trkpt lat="48.74851995147765" lon="3.019469976425171">
				<ele>110.0</ele>
				<time>2019-08-29T09:05:18</time>
			</trkpt>
			<trkpt lat="48.74853998422623" lon="3.019499983638525">
				<ele>110.0</ele>
				<time>2019-08-29T09:05:18</time>
			</trkpt>
			<trkpt lat="48.74860997311771" lon="3.0195999797433615">
				<ele>111.0</ele>
				<time>2019-08-29T09:05:20</time>
			</trkpt>
			<trkpt lat="48.748839972540736" lon="3.019909942522645">
				<ele>113.0</ele>
				<time>2019-08-29T09:05:26</time>
			</trkpt>
			<trkpt lat="48.748859921470284" lon="3.0199499242007732">
				<ele>113.0</ele>
				<time>2019-08-29T09:05:27</time>
			</trkpt>
			<trkpt lat="48.749009957537055" lon="3.020159974694252">
				<ele>114.0</ele>
				<time>2019-08-29T09:05:31</time>
			</trkpt>
			<trkpt lat="48.74901993200183" lon="3.0201799236238003">
				<ele>113.0</ele>
				<time>2019-08-29T09:05:31</time>
			</trkpt>
			<trkpt lat="48.749139960855246" lon="3.020329959690571">
				<ele>114.0</ele>
				<time>2019-08-29T09:05:34</time>
			</trkpt>
			<trkpt lat="48.749269964173436" lon="3.0204099230468273">
				<ele>114.0</ele>
				<time>2019-08-29T09:05:37</time>
			</trkpt>
			<trkpt lat="48.7493599858135" lon="3.0204499885439873">
				<ele>115.0</ele>
				<time>2019-08-29T09:05:39</time>
			</trkpt>
			<trkpt lat="48.74970993027091" lon="3.020589966326952">
				<ele>115.0</ele>
				<time>2019-08-29T09:05:46</time>
			</trkpt>
			<trkpt lat="48.75103997066617" lon="3.0211099795997143">
				<ele>116.0</ele>
				<time>2019-08-29T09:06:14</time>
			</trkpt>
			<trkpt lat="48.75185997225344" lon="3.0213999934494495">
				<ele>116.0</ele>
				<time>2019-08-29T09:06:31</time>
			</trkpt>
			<trkpt lat="48.75198997557163" lon="3.021449949592352">
				<ele>116.0</ele>
				<time>2019-08-29T09:06:33</time>
			</trkpt>
			<trkpt lat="48.752729929983616" lon="3.021689923480153">
				<ele>117.0</ele>
				<time>2019-08-29T09:06:48</time>
			</trkpt>
			<trkpt lat="48.75399995595217" lon="3.0221199989318848">
				<ele>114.0</ele>
				<time>2019-08-29T09:07:15</time>
			</trkpt>
			<trkpt lat="48.75482993200421" lon="3.022379921749234">
				<ele>114.0</ele>
				<time>2019-08-29T09:07:31</time>
			</trkpt>
			<trkpt lat="48.7555799447" lon="3.022599946707487">
				<ele>114.0</ele>
				<time>2019-08-29T09:07:47</time>
			</trkpt>
			<trkpt lat="48.756229961290956" lon="3.02279993891716">
				<ele>114.0</ele>
				<time>2019-08-29T09:08:00</time>
			</trkpt>
			<trkpt lat="48.756289975717664" lon="3.02281997166574">
				<ele>114.0</ele>
				<time>2019-08-29T09:08:01</time>
			</trkpt>
			<trkpt lat="48.75634999014437" lon="3.022849978879094">
				<ele>114.0</ele>
				<time>2019-08-29T09:08:03</time>
			</trkpt>
			<trkpt lat="48.7564399279654" lon="3.0228999350219965">
				<ele>114.0</ele>
				<time>2019-08-29T09:08:04</time>
			</trkpt>
			<trkpt lat="48.75653992407024" lon="3.0229499749839306">
				<ele>114.0</ele>
				<time>2019-08-29T09:08:07</time>
			</trkpt>
			<trkpt lat="48.75661997124553" lon="3.023009989410639">
				<ele>114.0</ele>
				<time>2019-08-29T09:08:08</time>
			</trkpt>
			<trkpt lat="48.75668996013701" lon="3.0230699200183153">
				<ele>114.0</ele>
				<time>2019-08-29T09:08:10</time>
			</trkpt>
			<trkpt lat="48.75674997456372" lon="3.0231199599802494">
				<ele>114.0</ele>
				<time>2019-08-29T09:08:11</time>
			</trkpt>
			<trkpt lat="48.756789956241846" lon="3.0231799744069576">
				<ele>114.0</ele>
				<time>2019-08-29T09:08:12</time>
			</trkpt>
			<trkpt lat="48.756849970668554" lon="3.023259937763214">
				<ele>114.0</ele>
				<time>2019-08-29T09:08:14</time>
			</trkpt>
			<trkpt lat="48.75690998509526" lon="3.0233499594032764">
				<ele>114.0</ele>
				<time>2019-08-29T09:08:16</time>
			</trkpt>
			<trkpt lat="48.75694996677339" lon="3.0234399810433388">
				<ele>113.0</ele>
				<time>2019-08-29T09:08:17</time>
			</trkpt>
			<trkpt lat="48.7570099812001" lon="3.0235499516129494">
				<ele>113.0</ele>
				<time>2019-08-29T09:08:19</time>
			</trkpt>
			<trkpt lat="48.75709991902113" lon="3.0237699765712023">
				<ele>113.0</ele>
				<time>2019-08-29T09:08:22</time>
			</trkpt>
			<trkpt lat="48.75773996114731" lon="3.0253899469971657">
				<ele>112.0</ele>
				<time>2019-08-29T09:08:47</time>
			</trkpt>
			<trkpt lat="48.75788999721408" lon="3.025739975273609">
				<ele>112.0</ele>
				<time>2019-08-29T09:08:53</time>
			</trkpt>
			<trkpt lat="48.75792997889221" lon="3.0258399713784456">
				<ele>112.0</ele>
				<time>2019-08-29T09:08:54</time>
			</trkpt>
			<trkpt lat="48.75797993503511" lon="3.025929993018508">
				<ele>112.0</ele>
				<time>2019-08-29T09:08:56</time>
			</trkpt>
			<trkpt lat="48.758079931139946" lon="3.0260599963366985">
				<ele>112.0</ele>
				<time>2019-08-29T09:08:59</time>
			</trkpt>
			<trkpt lat="48.758159978315234" lon="3.026159992441535">
				<ele>112.0</ele>
				<time>2019-08-29T09:09:01</time>
			</trkpt>
			<trkpt lat="48.75821999274194" lon="3.0262099485844374">
				<ele>112.0</ele>
				<time>2019-08-29T09:09:02</time>
			</trkpt>
			<trkpt lat="48.75825997442007" lon="3.0262499302625656">
				<ele>112.0</ele>
				<time>2019-08-29T09:09:03</time>
			</trkpt>
			<trkpt lat="48.75831998884678" lon="3.0262899957597256">
				<ele>112.0</ele>
				<time>2019-08-29T09:09:04</time>
			</trkpt>
			<trkpt lat="48.75836994498968" lon="3.0262499302625656">
				<ele>112.0</ele>
				<time>2019-08-29T09:09:05</time>
			</trkpt>
			<trkpt lat="48.758679991588" lon="3.0260299891233444">
				<ele>112.0</ele>
				<time>2019-08-29T09:09:12</time>
			</trkpt>
			<trkpt lat="48.75964994542301" lon="3.0253299325704575">
				<ele>112.0</ele>
				<time>2019-08-29T09:09:34</time>
			</trkpt>
			<trkpt lat="48.75982998870313" lon="3.0251899547874928">
				<ele>112.0</ele>
				<time>2019-08-29T09:09:38</time>
			</trkpt>
			<trkpt lat="48.759899977594614" lon="3.0251299403607845">
				<ele>112.0</ele>
				<time>2019-08-29T09:09:39</time>
			</trkpt>
			<trkpt lat="48.76033994369209" lon="3.0247799959033728">
				<ele>113.0</ele>
				<time>2019-08-29T09:09:49</time>
			</trkpt>
			<trkpt lat="48.760419990867376" lon="3.0246999487280846">
				<ele>113.0</ele>
				<time>2019-08-29T09:09:51</time>
			</trkpt>
			<trkpt lat="48.76083992421627" lon="3.0245299637317657">
				<ele>114.0</ele>
				<time>2019-08-29T09:10:00</time>
			</trkpt>
			<trkpt lat="48.76113999634981" lon="3.0244399420917034">
				<ele>113.0</ele>
				<time>2019-08-29T09:10:06</time>
			</trkpt>
			<trkpt lat="48.76115994527936" lon="3.0244399420917034">
				<ele>113.0</ele>
				<time>2019-08-29T09:10:07</time>
			</trkpt>
			<trkpt lat="48.76117997802794" lon="3.0244399420917034">
				<ele>113.0</ele>
				<time>2019-08-29T09:10:07</time>
			</trkpt>
			<trkpt lat="48.76119992695749" lon="3.0244299676269293">
				<ele>113.0</ele>
				<time>2019-08-29T09:10:07</time>
			</trkpt>
			<trkpt lat="48.761209985241294" lon="3.0244299676269293">
				<ele>113.0</ele>
				<time>2019-08-29T09:10:08</time>
			</trkpt>
			<trkpt lat="48.76122993417084" lon="3.024419993162155">
				<ele>113.0</ele>
				<time>2019-08-29T09:10:08</time>
			</trkpt>
			<trkpt lat="48.76123999245465" lon="3.0244099348783493">
				<ele>113.0</ele>
				<time>2019-08-29T09:10:08</time>
			</trkpt>
			<trkpt lat="48.761259941384196" lon="3.024399960413575">
				<ele>113.0</ele>
				<time>2019-08-29T09:10:09</time>
			</trkpt>
			<trkpt lat="48.761269999668" lon="3.024389985948801">
				<ele>113.0</ele>
				<time>2019-08-29T09:10:09</time>
			</trkpt>
			<trkpt lat="48.761279974132776" lon="3.024379927664995">
				<ele>113.0</ele>
				<time>2019-08-29T09:10:09</time>
			</trkpt>
			<trkpt lat="48.76128994859755" lon="3.024359978735447">
				<ele>113.0</ele>
				<time>2019-08-29T09:10:09</time>
			</trkpt>
			<trkpt lat="48.761299923062325" lon="3.024349920451641">
				<ele>113.0</ele>
				<time>2019-08-29T09:10:10</time>
			</trkpt>
			<trkpt lat="48.76130998134613" lon="3.024329971522093">
				<ele>113.0</ele>
				<time>2019-08-29T09:10:10</time>
			</trkpt>
			<trkpt lat="48.761319955810905" lon="3.024309938773513">
				<ele>113.0</ele>
				<time>2019-08-29T09:10:10</time>
			</trkpt>
			<trkpt lat="48.76132993027568" lon="3.0242899898439646">
				<ele>113.0</ele>
				<time>2019-08-29T09:10:11</time>
			</trkpt>
			<trkpt lat="48.761339988559484" lon="3.0242699570953846">
				<ele>113.0</ele>
				<time>2019-08-29T09:10:11</time>
			</trkpt>
			<trkpt lat="48.761339988559484" lon="3.0242499243468046">
				<ele>113.0</ele>
				<time>2019-08-29T09:10:11</time>
			</trkpt>
			<trkpt lat="48.76134996302426" lon="3.0242299754172564">
				<ele>113.0</ele>
				<time>2019-08-29T09:10:12</time>
			</trkpt>
			<trkpt lat="48.76143998466432" lon="3.024079939350486">
				<ele>113.0</ele>
				<time>2019-08-29T09:10:14</time>
			</trkpt>
			<trkpt lat="48.761559929698706" lon="3.023899979889393">
				<ele>113.0</ele>
				<time>2019-08-29T09:10:18</time>
			</trkpt>
			<trkpt lat="48.76162991859019" lon="3.0238099582493305">
				<ele>113.0</ele>
				<time>2019-08-29T09:10:20</time>
			</trkpt>
			<trkpt lat="48.761729998514056" lon="3.023689929395914">
				<ele>113.0</ele>
				<time>2019-08-29T09:10:22</time>
			</trkpt>
			<trkpt lat="48.76178992912173" lon="3.0236099660396576">
				<ele>113.0</ele>
				<time>2019-08-29T09:10:24</time>
			</trkpt>
			<trkpt lat="48.76182999461889" lon="3.0235399771481752">
				<ele>113.0</ele>
				<time>2019-08-29T09:10:25</time>
			</trkpt>
			<trkpt lat="48.76234992407262" lon="3.023059945553541">
				<ele>111.0</ele>
				<time>2019-08-29T09:10:37</time>
			</trkpt>
			<trkpt lat="48.762889970093966" lon="3.022559965029359">
				<ele>110.0</ele>
				<time>2019-08-29T09:10:50</time>
			</trkpt>
			<trkpt lat="48.76370997168124" lon="3.0217799451202154">
				<ele>112.0</ele>
				<time>2019-08-29T09:11:09</time>
			</trkpt>
			<trkpt lat="48.764309948310256" lon="3.021229924634099">
				<ele>111.0</ele>
				<time>2019-08-29T09:11:23</time>
			</trkpt>
			<trkpt lat="48.764759972691536" lon="3.020809991285205">
				<ele>112.0</ele>
				<time>2019-08-29T09:11:34</time>
			</trkpt>
			<trkpt lat="48.76528996042907" lon="3.020309926941991">
				<ele>113.0</ele>
				<time>2019-08-29T09:11:46</time>
			</trkpt>
			<trkpt lat="48.76583998091519" lon="3.0197799392044544">
				<ele>112.0</ele>
				<time>2019-08-29T09:11:59</time>
			</trkpt>
			<trkpt lat="48.76590996980667" lon="3.019709950312972">
				<ele>112.0</ele>
				<time>2019-08-29T09:12:01</time>
			</trkpt>
			<trkpt lat="48.766089929267764" lon="3.0195599980652332">
				<ele>111.0</ele>
				<time>2019-08-29T09:12:05</time>
			</trkpt>
			<trkpt lat="48.76614994369447" lon="3.019499983638525">
				<ele>111.0</ele>
				<time>2019-08-29T09:12:06</time>
			</trkpt>
			<trkpt lat="48.766239965334535" lon="3.019419936463237">
				<ele>112.0</ele>
				<time>2019-08-29T09:12:09</time>
			</trkpt>
			<trkpt lat="48.76643995754421" lon="3.019239977002144">
				<ele>113.0</ele>
				<time>2019-08-29T09:12:13</time>
			</trkpt>
			<trkpt lat="48.766929963603616" lon="3.01877997815609">
				<ele>114.0</ele>
				<time>2019-08-29T09:12:25</time>
			</trkpt>
			<trkpt lat="48.76732994802296" lon="3.018399942666292">
				<ele>114.0</ele>
				<time>2019-08-29T09:12:34</time>
			</trkpt>
			<trkpt lat="48.767659943550825" lon="3.0180899798870087">
				<ele>115.0</ele>
				<time>2019-08-29T09:12:42</time>
			</trkpt>
			<trkpt lat="48.767959931865335" lon="3.0177999660372734">
				<ele>116.0</ele>
				<time>2019-08-29T09:12:49</time>
			</trkpt>
			<trkpt lat="48.768369974568486" lon="3.0174299888312817">
				<ele>116.0</ele>
				<time>2019-08-29T09:12:59</time>
			</trkpt>
			<trkpt lat="48.76846997067332" lon="3.017329992726445">
				<ele>116.0</ele>
				<time>2019-08-29T09:13:01</time>
			</trkpt>
			<trkpt lat="48.76860994845629" lon="3.0172099638730288">
				<ele>116.0</ele>
				<time>2019-08-29T09:13:04</time>
			</trkpt>
			<trkpt lat="48.76869997009635" lon="3.0171199422329664">
				<ele>116.0</ele>
				<time>2019-08-29T09:13:06</time>
			</trkpt>
			<trkpt lat="48.76878999173641" lon="3.017049953341484">
				<ele>115.0</ele>
				<time>2019-08-29T09:13:08</time>
			</trkpt>
			<trkpt lat="48.768859980627894" lon="3.0171599239110947">
				<ele>115.0</ele>
				<time>2019-08-29T09:13:10</time>
			</trkpt>
			<trkpt lat="48.76901999115944" lon="3.0173499416559935">
				<ele>113.0</ele>
				<time>2019-08-29T09:13:15</time>
			</trkpt>
			<trkpt lat="48.76921998336911" lon="3.017649929970503">
				<ele>111.0</ele>
				<time>2019-08-29T09:13:20</time>
			</trkpt>
			<trkpt lat="48.7693399284035" lon="3.0177999660372734">
				<ele>111.0</ele>
				<time>2019-08-29T09:13:23</time>
			</trkpt>
			<trkpt lat="48.76940991729498" lon="3.017909936606884">
				<ele>111.0</ele>
				<time>2019-08-29T09:13:25</time>
			</trkpt>
			<trkpt lat="48.76945995725691" lon="3.0179999582469463">
				<ele>111.0</ele>
				<time>2019-08-29T09:13:27</time>
			</trkpt>
			<trkpt lat="48.769529946148396" lon="3.018129961565137">
				<ele>111.0</ele>
				<time>2019-08-29T09:13:29</time>
			</trkpt>
			<trkpt lat="48.769589960575104" lon="3.0181999504566193">
				<ele>111.0</ele>
				<time>2019-08-29T09:13:31</time>
			</trkpt>
			<trkpt lat="48.769679982215166" lon="3.0182999465614557">
				<ele>111.0</ele>
				<time>2019-08-29T09:13:33</time>
			</trkpt>
			<trkpt lat="48.76978995278478" lon="3.0184099171310663">
				<ele>111.0</ele>
				<time>2019-08-29T09:13:35</time>
			</trkpt>
			<trkpt lat="48.76988994888961" lon="3.0184999387711287">
				<ele>110.0</ele>
				<time>2019-08-29T09:13:38</time>
			</trkpt>
			<trkpt lat="48.76992993056774" lon="3.018539920449257">
				<ele>110.0</ele>
				<time>2019-08-29T09:13:39</time>
			</trkpt>
			<trkpt lat="48.7699699960649" lon="3.018589960411191">
				<ele>109.0</ele>
				<time>2019-08-29T09:13:40</time>
			</trkpt>
			<trkpt lat="48.77000997774303" lon="3.018649974837899">
				<ele>109.0</ele>
				<time>2019-08-29T09:13:41</time>
			</trkpt>
			<trkpt lat="48.77005993388593" lon="3.0187299381941557">
				<ele>109.0</ele>
				<time>2019-08-29T09:13:42</time>
			</trkpt>
			<trkpt lat="48.770089941099286" lon="3.018809985369444">
				<ele>108.0</ele>
				<time>2019-08-29T09:13:44</time>
			</trkpt>
			<trkpt lat="48.770129922777414" lon="3.0188999231904745">
				<ele>108.0</ele>
				<time>2019-08-29T09:13:45</time>
			</trkpt>
			<trkpt lat="48.77017996273935" lon="3.018989944830537">
				<ele>107.0</ele>
				<time>2019-08-29T09:13:47</time>
			</trkpt>
			<trkpt lat="48.77023997716606" lon="3.019069992005825">
				<ele>107.0</ele>
				<time>2019-08-29T09:13:48</time>
			</trkpt>
			<trkpt lat="48.77030996605754" lon="3.0191299226135015">
				<ele>106.0</ele>
				<time>2019-08-29T09:13:50</time>
			</trkpt>
			<trkpt lat="48.77032999880612" lon="3.0191399808973074">
				<ele>106.0</ele>
				<time>2019-08-29T09:13:50</time>
			</trkpt>
			<trkpt lat="48.770389929413795" lon="3.0191799625754356">
				<ele>106.0</ele>
				<time>2019-08-29T09:13:51</time>
			</trkpt>
			<trkpt lat="48.770539965480566" lon="3.019229918718338">
				<ele>106.0</ele>
				<time>2019-08-29T09:13:55</time>
			</trkpt>
			<trkpt lat="48.77065999433398" lon="3.019269984215498">
				<ele>107.0</ele>
				<time>2019-08-29T09:13:57</time>
			</trkpt>
			<trkpt lat="48.77073995769024" lon="3.019299991428852">
				<ele>107.0</ele>
				<time>2019-08-29T09:13:59</time>
			</trkpt>
			<trkpt lat="48.77090994268656" lon="3.0193499475717545">
				<ele>107.0</ele>
				<time>2019-08-29T09:14:02</time>
			</trkpt>
			<trkpt lat="48.77127991989255" lon="3.019479950889945">
				<ele>105.0</ele>
				<time>2019-08-29T09:14:10</time>
			</trkpt>
			<trkpt lat="48.77135996706784" lon="3.019509958103299">
				<ele>105.0</ele>
				<time>2019-08-29T09:14:11</time>
			</trkpt>
			<trkpt lat="48.771699937060475" lon="3.0196199286729097">
				<ele>103.0</ele>
				<time>2019-08-29T09:14:18</time>
			</trkpt>
			<trkpt lat="48.77207997255027" lon="3.019759990274906">
				<ele>101.0</ele>
				<time>2019-08-29T09:14:26</time>
			</trkpt>
			<trkpt lat="48.772169994190335" lon="3.0197999719530344">
				<ele>101.0</ele>
				<time>2019-08-29T09:14:28</time>
			</trkpt>
			<trkpt lat="48.77213998697698" lon="3.019969956949353">
				<ele>100.0</ele>
				<time>2019-08-29T09:14:30</time>
			</trkpt>
			<trkpt lat="48.77210997976363" lon="3.0200699530541897">
				<ele>100.0</ele>
				<time>2019-08-29T09:14:32</time>
			</trkpt>
			<trkpt lat="48.77208994701505" lon="3.020139941945672">
				<ele>99.0</ele>
				<time>2019-08-29T09:14:33</time>
			</trkpt>
			<trkpt lat="48.77205993980169" lon="3.0202199891209602">
				<ele>99.0</ele>
				<time>2019-08-29T09:14:34</time>
			</trkpt>
			<trkpt lat="48.772039990872145" lon="3.020309926941991">
				<ele>99.0</ele>
				<time>2019-08-29T09:14:35</time>
			</trkpt>
			<trkpt lat="48.771999925374985" lon="3.0204799957573414">
				<ele>97.0</ele>
				<time>2019-08-29T09:14:38</time>
			</trkpt>
			<trkpt lat="48.77198995091021" lon="3.020609999075532">
				<ele>97.0</ele>
				<time>2019-08-29T09:14:39</time>
			</trkpt>
			<trkpt lat="48.77198995091021" lon="3.0207299441099167">
				<ele>96.0</ele>
				<time>2019-08-29T09:14:41</time>
			</trkpt>
			<trkpt lat="48.771999925374985" lon="3.020819965749979">
				<ele>95.0</ele>
				<time>2019-08-29T09:14:42</time>
			</trkpt>
			<trkpt lat="48.77202993258834" lon="3.021009983494878">
				<ele>94.0</ele>
				<time>2019-08-29T09:14:45</time>
			</trkpt>
			<trkpt lat="48.77210997976363" lon="3.0213499534875154">
				<ele>91.0</ele>
				<time>2019-08-29T09:14:50</time>
			</trkpt>
			<trkpt lat="48.77215993590653" lon="3.0215499456971884">
				<ele>90.0</ele>
				<time>2019-08-29T09:14:52</time>
			</trkpt>
			<trkpt lat="48.77224995754659" lon="3.021909948438406">
				<ele>86.0</ele>
				<time>2019-08-29T09:14:57</time>
			</trkpt>
			<trkpt lat="48.772299997508526" lon="3.0221199989318848">
				<ele>84.0</ele>
				<time>2019-08-29T09:15:00</time>
			</trkpt>
			<trkpt lat="48.77232992090285" lon="3.0222199950367212">
				<ele>83.0</ele>
				<time>2019-08-29T09:15:02</time>
			</trkpt>
			<trkpt lat="48.7723599281162" lon="3.0222999583929777">
				<ele>82.0</ele>
				<time>2019-08-29T09:15:03</time>
			</trkpt>
			<trkpt lat="48.77239999361336" lon="3.022359972819686">
				<ele>82.0</ele>
				<time>2019-08-29T09:15:04</time>
			</trkpt>
			<trkpt lat="48.772429917007685" lon="3.022379921749234">
				<ele>82.0</ele>
				<time>2019-08-29T09:15:05</time>
			</trkpt>
			<trkpt lat="48.772469982504845" lon="3.0224099289625883">
				<ele>81.0</ele>
				<time>2019-08-29T09:15:06</time>
			</trkpt>
			<trkpt lat="48.77251993864775" lon="3.0224099289625883">
				<ele>81.0</ele>
				<time>2019-08-29T09:15:07</time>
			</trkpt>
			<trkpt lat="48.77256997860968" lon="3.022419987246394">
				<ele>81.0</ele>
				<time>2019-08-29T09:15:08</time>
			</trkpt>
			<trkpt lat="48.77262999303639" lon="3.022419987246394">
				<ele>81.0</ele>
				<time>2019-08-29T09:15:09</time>
			</trkpt>
			<trkpt lat="48.77266997471452" lon="3.022419987246394">
				<ele>81.0</ele>
				<time>2019-08-29T09:15:10</time>
			</trkpt>
			<trkpt lat="48.77267994917929" lon="3.0224299617111683">
				<ele>81.0</ele>
				<time>2019-08-29T09:15:10</time>
			</trkpt>
			<trkpt lat="48.77269998192787" lon="3.0224399361759424">
				<ele>81.0</ele>
				<time>2019-08-29T09:15:10</time>
			</trkpt>
			<trkpt lat="48.77269998192787" lon="3.0224499944597483">
				<ele>81.0</ele>
				<time>2019-08-29T09:15:11</time>
			</trkpt>
			<trkpt lat="48.772709956392646" lon="3.0224599689245224">
				<ele>81.0</ele>
				<time>2019-08-29T09:15:11</time>
			</trkpt>
			<trkpt lat="48.77271993085742" lon="3.0224799178540707">
				<ele>81.0</ele>
				<time>2019-08-29T09:15:11</time>
			</trkpt>
			<trkpt lat="48.77271993085742" lon="3.0225099250674248">
				<ele>80.0</ele>
				<time>2019-08-29T09:15:11</time>
			</trkpt>
			<trkpt lat="48.772729989141226" lon="3.022579997777939">
				<ele>80.0</ele>
				<time>2019-08-29T09:15:12</time>
			</trkpt>
			<trkpt lat="48.77271993085742" lon="3.0226699355989695">
				<ele>79.0</ele>
				<time>2019-08-29T09:15:14</time>
			</trkpt>
			<trkpt lat="48.77269998192787" lon="3.022759957239032">
				<ele>79.0</ele>
				<time>2019-08-29T09:15:15</time>
			</trkpt>
			<trkpt lat="48.77282998524606" lon="3.02279993891716">
				<ele>79.0</ele>
				<time>2019-08-29T09:15:18</time>
			</trkpt>
			<trkpt lat="48.77303995192051" lon="3.022829946130514">
				<ele>78.0</ele>
				<time>2019-08-29T09:15:22</time>
			</trkpt>
			<trkpt lat="48.773139948025346" lon="3.0228399205952883">
				<ele>78.0</ele>
				<time>2019-08-29T09:15:24</time>
			</trkpt>
			<trkpt lat="48.77322996966541" lon="3.022849978879094">
				<ele>78.0</ele>
				<time>2019-08-29T09:15:26</time>
			</trkpt>
			<trkpt lat="48.773269951343536" lon="3.022849978879094">
				<ele>78.0</ele>
				<time>2019-08-29T09:15:26</time>
			</trkpt>
			<trkpt lat="48.773349998518825" lon="3.022829946130514">
				<ele>78.0</ele>
				<time>2019-08-29T09:15:28</time>
			</trkpt>
			<trkpt lat="48.77342996187508" lon="3.022809997200966">
				<ele>78.0</ele>
				<time>2019-08-29T09:15:30</time>
			</trkpt>
			<trkpt lat="48.77357999794185" lon="3.022739924490452">
				<ele>79.0</ele>
				<time>2019-08-29T09:15:33</time>
			</trkpt>
			<trkpt lat="48.77370991744101" lon="3.0226799938827753">
				<ele>79.0</ele>
				<time>2019-08-29T09:15:35</time>
			</trkpt>
			<trkpt lat="48.7737899646163" lon="3.022629953920841">
				<ele>79.0</ele>
				<time>2019-08-29T09:15:37</time>
			</trkpt>
			<trkpt lat="48.77381997182965" lon="3.0226099211722612">
				<ele>79.0</ele>
				<time>2019-08-29T09:15:38</time>
			</trkpt>
			<trkpt lat="48.773869927972555" lon="3.022579997777939">
				<ele>78.0</ele>
				<time>2019-08-29T09:15:39</time>
			</trkpt>
			<trkpt lat="48.77394997514784" lon="3.0225199833512306">
				<ele>79.0</ele>
				<time>2019-08-29T09:15:41</time>
			</trkpt>
			<trkpt lat="48.774039996787906" lon="3.0224399361759424">
				<ele>79.0</ele>
				<time>2019-08-29T09:15:43</time>
			</trkpt>
			<trkpt lat="48.77408995293081" lon="3.02238998003304">
				<ele>79.0</ele>
				<time>2019-08-29T09:15:44</time>
			</trkpt>
			<trkpt lat="48.77417997457087" lon="3.022309932857752">
				<ele>79.0</ele>
				<time>2019-08-29T09:15:46</time>
			</trkpt>
			<trkpt lat="48.77428994514048" lon="3.0222099367529154">
				<ele>78.0</ele>
				<time>2019-08-29T09:15:49</time>
			</trkpt>
			<trkpt lat="48.77437996678054" lon="3.0221199989318848">
				<ele>78.0</ele>
				<time>2019-08-29T09:15:51</time>
			</trkpt>
			<trkpt lat="48.774469988420606" lon="3.0220399517565966">
				<ele>78.0</ele>
				<time>2019-08-29T09:15:53</time>
			</trkpt>
			<trkpt lat="48.774559926241636" lon="3.02195998840034">
				<ele>78.0</ele>
				<time>2019-08-29T09:15:55</time>
			</trkpt>
			<trkpt lat="48.77462999895215" lon="3.0218699667602777">
				<ele>79.0</ele>
				<time>2019-08-29T09:15:57</time>
			</trkpt>
			<trkpt lat="48.77465992234647" lon="3.0218199267983437">
				<ele>79.0</ele>
				<time>2019-08-29T09:15:58</time>
			</trkpt>
			<trkpt lat="48.77468992955983" lon="3.0217699706554413">
				<ele>80.0</ele>
				<time>2019-08-29T09:15:59</time>
			</trkpt>
			<trkpt lat="48.77470996230841" lon="3.021709956228733">
				<ele>80.0</ele>
				<time>2019-08-29T09:16:00</time>
			</trkpt>
			<trkpt lat="48.77471993677318" lon="3.021649941802025">
				<ele>80.0</ele>
				<time>2019-08-29T09:16:00</time>
			</trkpt>
			<trkpt lat="48.77472999505699" lon="3.0215899273753166">
				<ele>81.0</ele>
				<time>2019-08-29T09:16:01</time>
			</trkpt>
			<trkpt lat="48.77472999505699" lon="3.0215199384838343">
				<ele>81.0</ele>
				<time>2019-08-29T09:16:02</time>
			</trkpt>
			<trkpt lat="48.77472999505699" lon="3.021449949592352">
				<ele>82.0</ele>
				<time>2019-08-29T09:16:03</time>
			</trkpt>
			<trkpt lat="48.77471993677318" lon="3.0213799607008696">
				<ele>82.0</ele>
				<time>2019-08-29T09:16:04</time>
			</trkpt>
			<trkpt lat="48.77470996230841" lon="3.021279964596033">
				<ele>83.0</ele>
				<time>2019-08-29T09:16:05</time>
			</trkpt>
			<trkpt lat="48.77469998784363" lon="3.021219950169325">
				<ele>83.0</ele>
				<time>2019-08-29T09:16:06</time>
			</trkpt>
			<trkpt lat="48.77467995509505" lon="3.0211499612778425">
				<ele>83.0</ele>
				<time>2019-08-29T09:16:07</time>
			</trkpt>
			<trkpt lat="48.77466998063028" lon="3.021069997921586">
				<ele>83.0</ele>
				<time>2019-08-29T09:16:08</time>
			</trkpt>
			<trkpt lat="48.77465992234647" lon="3.020969917997718">
				<ele>83.0</ele>
				<time>2019-08-29T09:16:09</time>
			</trkpt>
			<trkpt lat="48.77465992234647" lon="3.0208599474281073">
				<ele>83.0</ele>
				<time>2019-08-29T09:16:11</time>
			</trkpt>
			<trkpt lat="48.77466998063028" lon="3.0207799840718508">
				<ele>83.0</ele>
				<time>2019-08-29T09:16:12</time>
			</trkpt>
			<trkpt lat="48.77467995509505" lon="3.0206999368965626">
				<ele>83.0</ele>
				<time>2019-08-29T09:16:13</time>
			</trkpt>
			<trkpt lat="48.77469998784363" lon="3.020619973540306">
				<ele>83.0</ele>
				<time>2019-08-29T09:16:14</time>
			</trkpt>
			<trkpt lat="48.77470996230841" lon="3.020539926365018">
				<ele>83.0</ele>
				<time>2019-08-29T09:16:15</time>
			</trkpt>
			<trkpt lat="48.77472999505699" lon="3.0204599630087614">
				<ele>83.0</ele>
				<time>2019-08-29T09:16:16</time>
			</trkpt>
			<trkpt lat="48.77475991845131" lon="3.020329959690571">
				<ele>82.0</ele>
				<time>2019-08-29T09:16:18</time>
			</trkpt>
			<trkpt lat="48.77477995119989" lon="3.0202099308371544">
				<ele>82.0</ele>
				<time>2019-08-29T09:16:20</time>
			</trkpt>
			<trkpt lat="48.77479998394847" lon="3.0200699530541897">
				<ele>81.0</ele>
				<time>2019-08-29T09:16:22</time>
			</trkpt>
			<trkpt lat="48.77479998394847" lon="3.0200099386274815">
				<ele>82.0</ele>
				<time>2019-08-29T09:16:23</time>
			</trkpt>
			<trkpt lat="48.77480995841324" lon="3.019929975271225">
				<ele>82.0</ele>
				<time>2019-08-29T09:16:24</time>
			</trkpt>
			<trkpt lat="48.77481993287802" lon="3.019879935309291">
				<ele>83.0</ele>
				<time>2019-08-29T09:16:24</time>
			</trkpt>
			<trkpt lat="48.77482999116182" lon="3.0198199208825827">
				<ele>83.0</ele>
				<time>2019-08-29T09:16:25</time>
			</trkpt>
			<trkpt lat="48.7748399656266" lon="3.0197699647396803">
				<ele>83.0</ele>
				<time>2019-08-29T09:16:26</time>
			</trkpt>
			<trkpt lat="48.77485999837518" lon="3.019719924777746">
				<ele>83.0</ele>
				<time>2019-08-29T09:16:27</time>
			</trkpt>
			<trkpt lat="48.7748899217695" lon="3.019649935886264">
				<ele>83.0</ele>
				<time>2019-08-29T09:16:28</time>
			</trkpt>
			<trkpt lat="48.77490995451808" lon="3.0196099542081356">
				<ele>83.0</ele>
				<time>2019-08-29T09:16:28</time>
			</trkpt>
			<trkpt lat="48.774959994480014" lon="3.019529990851879">
				<ele>83.0</ele>
				<time>2019-08-29T09:16:30</time>
			</trkpt>
			<trkpt lat="48.774989917874336" lon="3.019489925354719">
				<ele>83.0</ele>
				<time>2019-08-29T09:16:31</time>
			</trkpt>
			<trkpt lat="48.77503995783627" lon="3.019419936463237">
				<ele>82.0</ele>
				<time>2019-08-29T09:16:32</time>
			</trkpt>
			<trkpt lat="48.775069965049624" lon="3.0193699803203344">
				<ele>82.0</ele>
				<time>2019-08-29T09:16:33</time>
			</trkpt>
			<trkpt lat="48.77510994672775" lon="3.0193199403584003">
				<ele>82.0</ele>
				<time>2019-08-29T09:16:34</time>
			</trkpt>
			<trkpt lat="48.77514992840588" lon="3.019269984215498">
				<ele>81.0</ele>
				<time>2019-08-29T09:16:35</time>
			</trkpt>
			<trkpt lat="48.77520994283259" lon="3.0191999953240156">
				<ele>81.0</ele>
				<time>2019-08-29T09:16:36</time>
			</trkpt>
			<trkpt lat="48.77524992451072" lon="3.0191399808973074">
				<ele>81.0</ele>
				<time>2019-08-29T09:16:38</time>
			</trkpt>
			<trkpt lat="48.77529996447265" lon="3.019079966470599">
				<ele>80.0</ele>
				<time>2019-08-29T09:16:39</time>
			</trkpt>
			<trkpt lat="48.775349920615554" lon="3.019009977579117">
				<ele>80.0</ele>
				<time>2019-08-29T09:16:40</time>
			</trkpt>
			<trkpt lat="48.775389986112714" lon="3.0189299304038286">
				<ele>80.0</ele>
				<time>2019-08-29T09:16:42</time>
			</trkpt>
			<trkpt lat="48.77548998221755" lon="3.0187399964779615">
				<ele>80.0</ele>
				<time>2019-08-29T09:16:45</time>
			</trkpt>
			<trkpt lat="48.77568997442722" lon="3.018359960988164">
				<ele>80.0</ele>
				<time>2019-08-29T09:16:51</time>
			</trkpt>
			<trkpt lat="48.775699948892" lon="3.01830992102623">
				<ele>80.0</ele>
				<time>2019-08-29T09:16:52</time>
			</trkpt>
			<trkpt lat="48.77572995610535" lon="3.0182199832051992">
				<ele>80.0</ele>
				<time>2019-08-29T09:16:53</time>
			</trkpt>
			<trkpt lat="48.77576993778348" lon="3.018079921603203">
				<ele>81.0</ele>
				<time>2019-08-29T09:16:55</time>
			</trkpt>
			<trkpt lat="48.77582995221019" lon="3.017909936606884">
				<ele>81.0</ele>
				<time>2019-08-29T09:16:58</time>
			</trkpt>
			<trkpt lat="48.775909999385476" lon="3.017699969932437">
				<ele>81.0</ele>
				<time>2019-08-29T09:17:01</time>
			</trkpt>
			<trkpt lat="48.77595995552838" lon="3.0175399594008923">
				<ele>81.0</ele>
				<time>2019-08-29T09:17:03</time>
			</trkpt>
			<trkpt lat="48.77601996995509" lon="3.0174099560827017">
				<ele>82.0</ele>
				<time>2019-08-29T09:17:05</time>
			</trkpt>
			<trkpt lat="48.776079984381795" lon="3.017269978299737">
				<ele>82.0</ele>
				<time>2019-08-29T09:17:08</time>
			</trkpt>
			<trkpt lat="48.77614997327328" lon="3.0171399749815464">
				<ele>82.0</ele>
				<time>2019-08-29T09:17:10</time>
			</trkpt>
			<trkpt lat="48.77621996216476" lon="3.01703997887671">
				<ele>83.0</ele>
				<time>2019-08-29T09:17:12</time>
			</trkpt>
			<trkpt lat="48.77627997659147" lon="3.0169599317014217">
				<ele>83.0</ele>
				<time>2019-08-29T09:17:13</time>
			</trkpt>
			<trkpt lat="48.776339991018176" lon="3.0169099755585194">
				<ele>82.0</ele>
				<time>2019-08-29T09:17:15</time>
			</trkpt>
			<trkpt lat="48.77639992162585" lon="3.016849961131811">
				<ele>82.0</ele>
				<time>2019-08-29T09:17:16</time>
			</trkpt>
			<trkpt lat="48.77644996158779" lon="3.016799921169877">
				<ele>82.0</ele>
				<time>2019-08-29T09:17:17</time>
			</trkpt>
			<trkpt lat="48.77649991773069" lon="3.0167499650269747">
				<ele>81.0</ele>
				<time>2019-08-29T09:17:19</time>
			</trkpt>
			<trkpt lat="48.7765599321574" lon="3.0166799761354923">
				<ele>81.0</ele>
				<time>2019-08-29T09:17:20</time>
			</trkpt>
			<trkpt lat="48.77659999765456" lon="3.016639994457364">
				<ele>81.0</ele>
				<time>2019-08-29T09:17:21</time>
			</trkpt>
			<trkpt lat="48.77664995379746" lon="3.016599928960204">
				<ele>81.0</ele>
				<time>2019-08-29T09:17:22</time>
			</trkpt>
			<trkpt lat="48.77670996822417" lon="3.016559947282076">
				<ele>80.0</ele>
				<time>2019-08-29T09:17:23</time>
			</trkpt>
			<trkpt lat="48.776749949902296" lon="3.0165499728173018">
				<ele>80.0</ele>
				<time>2019-08-29T09:17:24</time>
			</trkpt>
			<trkpt lat="48.776789931580424" lon="3.0165399983525276">
				<ele>80.0</ele>
				<time>2019-08-29T09:17:25</time>
			</trkpt>
			<trkpt lat="48.776829997077584" lon="3.0165199656039476">
				<ele>79.0</ele>
				<time>2019-08-29T09:17:26</time>
			</trkpt>
			<trkpt lat="48.776919934898615" lon="3.0164999328553677">
				<ele>79.0</ele>
				<time>2019-08-29T09:17:28</time>
			</trkpt>
			<trkpt lat="48.77700995653868" lon="3.0164799839258194">
				<ele>79.0</ele>
				<time>2019-08-29T09:17:30</time>
			</trkpt>
			<trkpt lat="48.77709997817874" lon="3.0164799839258194">
				<ele>79.0</ele>
				<time>2019-08-29T09:17:31</time>
			</trkpt>
			<trkpt lat="48.7771899998188" lon="3.0164999328553677">
				<ele>79.0</ele>
				<time>2019-08-29T09:17:33</time>
			</trkpt>
			<trkpt lat="48.77726996317506" lon="3.0165099911391735">
				<ele>79.0</ele>
				<time>2019-08-29T09:17:35</time>
			</trkpt>
			<trkpt lat="48.777369959279895" lon="3.0165099911391735">
				<ele>78.0</ele>
				<time>2019-08-29T09:17:37</time>
			</trkpt>
			<trkpt lat="48.777479929849505" lon="3.0164899583905935">
				<ele>78.0</ele>
				<time>2019-08-29T09:17:39</time>
			</trkpt>
			<trkpt lat="48.777609933167696" lon="3.016419969499111">
				<ele>79.0</ele>
				<time>2019-08-29T09:17:42</time>
			</trkpt>
			<trkpt lat="48.777669947594404" lon="3.016379987820983">
				<ele>79.0</ele>
				<time>2019-08-29T09:17:43</time>
			</trkpt>
			<trkpt lat="48.77771998755634" lon="3.016329947859049">
				<ele>79.0</ele>
				<time>2019-08-29T09:17:44</time>
			</trkpt>
			<trkpt lat="48.777949986979365" lon="3.016149988397956">
				<ele>79.0</ele>
				<time>2019-08-29T09:17:49</time>
			</trkpt>
			<trkpt lat="48.77815995365381" lon="3.0159699451178312">
				<ele>79.0</ele>
				<time>2019-08-29T09:17:54</time>
			</trkpt>
			<trkpt lat="48.77833999693394" lon="3.0158299673348665">
				<ele>80.0</ele>
				<time>2019-08-29T09:17:58</time>
			</trkpt>
			<trkpt lat="48.778419960290194" lon="3.0157899856567383">
				<ele>80.0</ele>
				<time>2019-08-29T09:18:00</time>
			</trkpt>
			<trkpt lat="48.778529930859804" lon="3.0157499201595783">
				<ele>79.0</ele>
				<time>2019-08-29T09:18:02</time>
			</trkpt>
			<trkpt lat="48.7786699924618" lon="3.01570993848145">
				<ele>79.0</ele>
				<time>2019-08-29T09:18:05</time>
			</trkpt>
			<trkpt lat="48.77884995192289" lon="3.0156599823385477">
				<ele>78.0</ele>
				<time>2019-08-29T09:18:09</time>
			</trkpt>
			<trkpt lat="48.77892999909818" lon="3.0156299751251936">
				<ele>78.0</ele>
				<time>2019-08-29T09:18:10</time>
			</trkpt>
			<trkpt lat="48.778999987989664" lon="3.0155899934470654">
				<ele>78.0</ele>
				<time>2019-08-29T09:18:12</time>
			</trkpt>
			<trkpt lat="48.779069976881146" lon="3.0155599862337112">
				<ele>78.0</ele>
				<time>2019-08-29T09:18:13</time>
			</trkpt>
			<trkpt lat="48.77915999852121" lon="3.015489997342229">
				<ele>78.0</ele>
				<time>2019-08-29T09:18:15</time>
			</trkpt>
			<trkpt lat="48.77935999073088" lon="3.01527994684875">
				<ele>78.0</ele>
				<time>2019-08-29T09:18:20</time>
			</trkpt>
			<trkpt lat="48.779409946873784" lon="3.0152299907058477">
				<ele>79.0</ele>
				<time>2019-08-29T09:18:21</time>
			</trkpt>
			<trkpt lat="48.779499968513846" lon="3.0151699762791395">
				<ele>79.0</ele>
				<time>2019-08-29T09:18:23</time>
			</trkpt>
			<trkpt lat="48.7795799318701" lon="3.0151299946010113">
				<ele>80.0</ele>
				<time>2019-08-29T09:18:25</time>
			</trkpt>
			<trkpt lat="48.77961999736726" lon="3.0151199363172054">
				<ele>80.0</ele>
				<time>2019-08-29T09:18:26</time>
			</trkpt>
			<trkpt lat="48.77967992797494" lon="3.0151099618524313">
				<ele>80.0</ele>
				<time>2019-08-29T09:18:27</time>
			</trkpt>
			<trkpt lat="48.77975997515023" lon="3.015099987387657">
				<ele>80.0</ele>
				<time>2019-08-29T09:18:29</time>
			</trkpt>
			<trkpt lat="48.78002995625138" lon="3.0151099618524313">
				<ele>81.0</ele>
				<time>2019-08-29T09:18:34</time>
			</trkpt>
			<trkpt lat="48.78027998842299" lon="3.0151499435305595">
				<ele>81.0</ele>
				<time>2019-08-29T09:18:39</time>
			</trkpt>
			<trkpt lat="48.78046992234886" lon="3.015189925208688">
				<ele>82.0</ele>
				<time>2019-08-29T09:18:43</time>
			</trkpt>
			<trkpt lat="48.78058995120227" lon="3.015219932422042">
				<ele>83.0</ele>
				<time>2019-08-29T09:18:45</time>
			</trkpt>
			<trkpt lat="48.7808199506253" lon="3.01529997959733">
				<ele>83.0</ele>
				<time>2019-08-29T09:18:50</time>
			</trkpt>
			<trkpt lat="48.781089931726456" lon="3.0153999757021666">
				<ele>84.0</ele>
				<time>2019-08-29T09:18:56</time>
			</trkpt>
			<trkpt lat="48.781249942258" lon="3.015459990128875">
				<ele>84.0</ele>
				<time>2019-08-29T09:18:59</time>
			</trkpt>
			<trkpt lat="48.78132998943329" lon="3.015479939058423">
				<ele>85.0</ele>
				<time>2019-08-29T09:19:01</time>
			</trkpt>
			<trkpt lat="48.781429985538125" lon="3.015489997342229">
				<ele>85.0</ele>
				<time>2019-08-29T09:19:03</time>
			</trkpt>
			<trkpt lat="48.781539956107736" lon="3.015489997342229">
				<ele>86.0</ele>
				<time>2019-08-29T09:19:05</time>
			</trkpt>
			<trkpt lat="48.78169996663928" lon="3.015479939058423">
				<ele>87.0</ele>
				<time>2019-08-29T09:19:08</time>
			</trkpt>
			<trkpt lat="48.78173994831741" lon="3.015469964593649">
				<ele>87.0</ele>
				<time>2019-08-29T09:19:09</time>
			</trkpt>
			<trkpt lat="48.78184991888702" lon="3.015449931845069">
				<ele>87.0</ele>
				<time>2019-08-29T09:19:11</time>
			</trkpt>
			<trkpt lat="48.781969947740436" lon="3.0154099501669407">
				<ele>88.0</ele>
				<time>2019-08-29T09:19:14</time>
			</trkpt>
			<trkpt lat="48.782029962167144" lon="3.0153799429535866">
				<ele>89.0</ele>
				<time>2019-08-29T09:19:15</time>
			</trkpt>
			<trkpt lat="48.782139932736754" lon="3.015329986810684">
				<ele>90.0</ele>
				<time>2019-08-29T09:19:17</time>
			</trkpt>
			<trkpt lat="48.782569924369454" lon="3.0151299946010113">
				<ele>93.0</ele>
				<time>2019-08-29T09:19:26</time>
			</trkpt>
			<trkpt lat="48.782729934901" lon="3.015029998496175">
				<ele>95.0</ele>
				<time>2019-08-29T09:19:30</time>
			</trkpt>
			<trkpt lat="48.78294995985925" lon="3.0149199441075325">
				<ele>95.0</ele>
				<time>2019-08-29T09:19:34</time>
			</trkpt>
			<trkpt lat="48.782999999821186" lon="3.0148899368941784">
				<ele>96.0</ele>
				<time>2019-08-29T09:19:35</time>
			</trkpt>
			<trkpt lat="48.78311994485557" lon="3.0148599296808243">
				<ele>96.0</ele>
				<time>2019-08-29T09:19:38</time>
			</trkpt>
			<trkpt lat="48.78332999534905" lon="3.014819948002696">
				<ele>96.0</ele>
				<time>2019-08-29T09:19:42</time>
			</trkpt>
			<trkpt lat="48.78341993317008" lon="3.0147999990731478">
				<ele>96.0</ele>
				<time>2019-08-29T09:19:44</time>
			</trkpt>
			<trkpt lat="48.78350995481014" lon="3.0147699918597937">
				<ele>96.0</ele>
				<time>2019-08-29T09:19:46</time>
			</trkpt>
			<trkpt lat="48.78355999477208" lon="3.0147499591112137">
				<ele>96.0</ele>
				<time>2019-08-29T09:19:47</time>
			</trkpt>
			<trkpt lat="48.78362998366356" lon="3.0147099774330854">
				<ele>96.0</ele>
				<time>2019-08-29T09:19:48</time>
			</trkpt>
			<trkpt lat="48.78368999809027" lon="3.0146599374711514">
				<ele>97.0</ele>
				<time>2019-08-29T09:19:50</time>
			</trkpt>
			<trkpt lat="48.783749928697944" lon="3.014609981328249">
				<ele>97.0</ele>
				<time>2019-08-29T09:19:51</time>
			</trkpt>
			<trkpt lat="48.78379996865988" lon="3.0145699996501207">
				<ele>97.0</ele>
				<time>2019-08-29T09:19:52</time>
			</trkpt>
			<trkpt lat="48.78431998193264" lon="3.01443999633193">
				<ele>101.0</ele>
				<time>2019-08-29T09:20:03</time>
			</trkpt>
			<trkpt lat="48.78444998525083" lon="3.01441996358335">
				<ele>101.0</ele>
				<time>2019-08-29T09:20:05</time>
			</trkpt>
			<trkpt lat="48.7846399191767" lon="3.014369923621416">
				<ele>102.0</ele>
				<time>2019-08-29T09:20:09</time>
			</trkpt>
			<trkpt lat="48.78474997356534" lon="3.0142799858003855">
				<ele>102.0</ele>
				<time>2019-08-29T09:20:12</time>
			</trkpt>
			<trkpt lat="48.78484996967018" lon="3.014159956946969">
				<ele>102.0</ele>
				<time>2019-08-29T09:20:14</time>
			</trkpt>
			<trkpt lat="48.784869918599725" lon="3.014129949733615">
				<ele>102.0</ele>
				<time>2019-08-29T09:20:15</time>
			</trkpt>
			<trkpt lat="48.78492993302643" lon="3.0140499863773584">
				<ele>103.0</ele>
				<time>2019-08-29T09:20:16</time>
			</trkpt>
			<trkpt lat="48.784999921917915" lon="3.0138699430972338">
				<ele>103.0</ele>
				<time>2019-08-29T09:20:19</time>
			</trkpt>
			<trkpt lat="48.78504996187985" lon="3.013759972527623">
				<ele>103.0</ele>
				<time>2019-08-29T09:20:21</time>
			</trkpt>
			<trkpt lat="48.78506999462843" lon="3.013649918138981">
				<ele>104.0</ele>
				<time>2019-08-29T09:20:22</time>
			</trkpt>
			<trkpt lat="48.78509991802275" lon="3.0135399475693703">
				<ele>104.0</ele>
				<time>2019-08-29T09:20:24</time>
			</trkpt>
			<trkpt lat="48.785129925236106" lon="3.0133499298244715">
				<ele>105.0</ele>
				<time>2019-08-29T09:20:26</time>
			</trkpt>
			<trkpt lat="48.78515993244946" lon="3.0131699703633785">
				<ele>105.0</ele>
				<time>2019-08-29T09:20:29</time>
			</trkpt>
			<trkpt lat="48.78519999794662" lon="3.012779960408807">
				<ele>106.0</ele>
				<time>2019-08-29T09:20:34</time>
			</trkpt>
			<trkpt lat="48.785209972411394" lon="3.0125499609857798">
				<ele>107.0</ele>
				<time>2019-08-29T09:20:37</time>
			</trkpt>
			<trkpt lat="48.78521994687617" lon="3.012349968776107">
				<ele>107.0</ele>
				<time>2019-08-29T09:20:40</time>
			</trkpt>
			<trkpt lat="48.78522992134094" lon="3.011729959398508">
				<ele>110.0</ele>
				<time>2019-08-29T09:20:48</time>
			</trkpt>
			<trkpt lat="48.78524995408952" lon="3.01121992059052">
				<ele>112.0</ele>
				<time>2019-08-29T09:20:55</time>
			</trkpt>
			<trkpt lat="48.78524995408952" lon="3.011049935594201">
				<ele>113.0</ele>
				<time>2019-08-29T09:20:57</time>
			</trkpt>
			<trkpt lat="48.78523997962475" lon="3.0108599178493023">
				<ele>114.0</ele>
				<time>2019-08-29T09:20:59</time>
			</trkpt>
			<trkpt lat="48.785189939662814" lon="3.0104799661785364">
				<ele>115.0</ele>
				<time>2019-08-29T09:21:05</time>
			</trkpt>
			<trkpt lat="48.78515993244946" lon="3.010329930111766">
				<ele>115.0</ele>
				<time>2019-08-29T09:21:07</time>
			</trkpt>
			<trkpt lat="48.78511995077133" lon="3.0099699273705482">
				<ele>116.0</ele>
				<time>2019-08-29T09:21:11</time>
			</trkpt>
			<trkpt lat="48.78509991802275" lon="3.0095799174159765">
				<ele>117.0</ele>
				<time>2019-08-29T09:21:17</time>
			</trkpt>
			<trkpt lat="48.7850799690932" lon="3.0093799252063036">
				<ele>117.0</ele>
				<time>2019-08-29T09:21:19</time>
			</trkpt>
			<trkpt lat="48.78504996187985" lon="3.0091599840670824">
				<ele>117.0</ele>
				<time>2019-08-29T09:21:22</time>
			</trkpt>
			<trkpt lat="48.7852599285543" lon="3.0089399591088295">
				<ele>117.0</ele>
				<time>2019-08-29T09:21:27</time>
			</trkpt>
			<trkpt lat="48.78567994572222" lon="3.0085499491542578">
				<ele>117.0</ele>
				<time>2019-08-29T09:21:37</time>
			</trkpt>
			<trkpt lat="48.7858899962157" lon="3.0083399824798107">
				<ele>117.0</ele>
				<time>2019-08-29T09:21:42</time>
			</trkpt>
			<trkpt lat="48.78597993403673" lon="3.0082599353045225">
				<ele>117.0</ele>
				<time>2019-08-29T09:21:44</time>
			</trkpt>
			<trkpt lat="48.786089988425374" lon="3.008139990270138">
				<ele>117.0</ele>
				<time>2019-08-29T09:21:47</time>
			</trkpt>
			<trkpt lat="48.78610993735492" lon="3.0081099830567837">
				<ele>117.0</ele>
				<time>2019-08-29T09:21:48</time>
			</trkpt>
			<trkpt lat="48.7861299701035" lon="3.0080799758434296">
				<ele>117.0</ele>
				<time>2019-08-29T09:21:48</time>
			</trkpt>
			<trkpt lat="48.78614991903305" lon="3.0080299358814955">
				<ele>117.0</ele>
				<time>2019-08-29T09:21:49</time>
			</trkpt>
			<trkpt lat="48.786159977316856" lon="3.0079899542033672">
				<ele>118.0</ele>
				<time>2019-08-29T09:21:49</time>
			</trkpt>
			<trkpt lat="48.786179926246405" lon="3.007919965311885">
				<ele>118.0</ele>
				<time>2019-08-29T09:21:51</time>
			</trkpt>
			<trkpt lat="48.786179926246405" lon="3.0078599508851767">
				<ele>118.0</ele>
				<time>2019-08-29T09:21:51</time>
			</trkpt>
			<trkpt lat="48.786179926246405" lon="3.0077899619936943">
				<ele>118.0</ele>
				<time>2019-08-29T09:21:52</time>
			</trkpt>
			<trkpt lat="48.786159977316856" lon="3.0076599586755037">
				<ele>118.0</ele>
				<time>2019-08-29T09:21:54</time>
			</trkpt>
			<trkpt lat="48.78614991903305" lon="3.0075699370354414">
				<ele>118.0</ele>
				<time>2019-08-29T09:21:55</time>
			</trkpt>
			<trkpt lat="48.786009941250086" lon="3.0069399531930685">
				<ele>119.0</ele>
				<time>2019-08-29T09:22:04</time>
			</trkpt>
			<trkpt lat="48.78582998178899" lon="3.0060199555009604">
				<ele>121.0</ele>
				<time>2019-08-29T09:22:17</time>
			</trkpt>
			<trkpt lat="48.78567994572222" lon="3.0051799211651087">
				<ele>121.0</ele>
				<time>2019-08-29T09:22:28</time>
			</trkpt>
			<trkpt lat="48.78562998957932" lon="3.0049599800258875">
				<ele>122.0</ele>
				<time>2019-08-29T09:22:31</time>
			</trkpt>
			<trkpt lat="48.78532991744578" lon="3.0034099984914064">
				<ele>123.0</ele>
				<time>2019-08-29T09:22:52</time>
			</trkpt>
			<trkpt lat="48.78521994687617" lon="3.00285997800529">
				<ele>123.0</ele>
				<time>2019-08-29T09:23:00</time>
			</trkpt>
			<trkpt lat="48.785169990733266" lon="3.0026499275118113">
				<ele>123.0</ele>
				<time>2019-08-29T09:23:03</time>
			</trkpt>
			<trkpt lat="48.78511995077133" lon="3.0024899169802666">
				<ele>122.0</ele>
				<time>2019-08-29T09:23:05</time>
			</trkpt>
			<trkpt lat="48.78506999462843" lon="3.002349939197302">
				<ele>122.0</ele>
				<time>2019-08-29T09:23:07</time>
			</trkpt>
			<trkpt lat="48.78493999131024" lon="3.0020699836313725">
				<ele>122.0</ele>
				<time>2019-08-29T09:23:12</time>
			</trkpt>
			<trkpt lat="48.784869918599725" lon="3.0018499586731195">
				<ele>123.0</ele>
				<time>2019-08-29T09:23:15</time>
			</trkpt>
			<trkpt lat="48.7848299369216" lon="3.0016799736768007">
				<ele>122.0</ele>
				<time>2019-08-29T09:23:18</time>
			</trkpt>
			<trkpt lat="48.78476992249489" lon="3.001469923183322">
				<ele>122.0</ele>
				<time>2019-08-29T09:23:21</time>
			</trkpt>
			<trkpt lat="48.784719966351986" lon="3.001239923760295">
				<ele>122.0</ele>
				<time>2019-08-29T09:23:24</time>
			</trkpt>
			<trkpt lat="48.78468995913863" lon="3.001079997047782">
				<ele>121.0</ele>
				<time>2019-08-29T09:23:26</time>
			</trkpt>
			<trkpt lat="48.784649977460504" lon="3.0009099282324314">
				<ele>121.0</ele>
				<time>2019-08-29T09:23:28</time>
			</trkpt>
			<trkpt lat="48.78452994860709" lon="3.0003299843519926">
				<ele>121.0</ele>
				<time>2019-08-29T09:23:36</time>
			</trkpt>
			<trkpt lat="48.78442995250225" lon="2.9998299200087786">
				<ele>121.0</ele>
				<time>2019-08-29T09:23:43</time>
			</trkpt>
			<trkpt lat="48.78436993807554" lon="2.999519957229495">
				<ele>121.0</ele>
				<time>2019-08-29T09:23:47</time>
			</trkpt>
			<trkpt lat="48.78431998193264" lon="2.9991899617016315">
				<ele>121.0</ele>
				<time>2019-08-29T09:23:52</time>
			</trkpt>
			<trkpt lat="48.78427991643548" lon="2.998869940638542">
				<ele>120.0</ele>
				<time>2019-08-29T09:23:56</time>
			</trkpt>
			<trkpt lat="48.784269941970706" lon="2.9986899811774492">
				<ele>120.0</ele>
				<time>2019-08-29T09:23:59</time>
			</trkpt>
			<trkpt lat="48.78424999304116" lon="2.998599959537387">
				<ele>120.0</ele>
				<time>2019-08-29T09:24:00</time>
			</trkpt>
			<trkpt lat="48.78424999304116" lon="2.9985599778592587">
				<ele>120.0</ele>
				<time>2019-08-29T09:24:00</time>
			</trkpt>
			<trkpt lat="48.78423993475735" lon="2.9983099456876516">
				<ele>120.0</ele>
				<time>2019-08-29T09:24:04</time>
			</trkpt>
			<trkpt lat="48.784219985827804" lon="2.997979950159788">
				<ele>120.0</ele>
				<time>2019-08-29T09:24:08</time>
			</trkpt>
			<trkpt lat="48.78418997861445" lon="2.997499918565154">
				<ele>120.0</ele>
				<time>2019-08-29T09:24:14</time>
			</trkpt>
			<trkpt lat="48.784179920330644" lon="2.9971599485725164">
				<ele>120.0</ele>
				<time>2019-08-29T09:24:19</time>
			</trkpt>
			<trkpt lat="48.784179920330644" lon="2.9969199746847153">
				<ele>120.0</ele>
				<time>2019-08-29T09:24:22</time>
			</trkpt>
			<trkpt lat="48.78418997861445" lon="2.9966099280864">
				<ele>121.0</ele>
				<time>2019-08-29T09:24:26</time>
			</trkpt>
			<trkpt lat="48.784209927544" lon="2.9963199980556965">
				<ele>121.0</ele>
				<time>2019-08-29T09:24:30</time>
			</trkpt>
			<trkpt lat="48.784269941970706" lon="2.995779952034354">
				<ele>122.0</ele>
				<time>2019-08-29T09:24:37</time>
			</trkpt>
			<trkpt lat="48.78431998193264" lon="2.995479963719845">
				<ele>122.0</ele>
				<time>2019-08-29T09:24:41</time>
			</trkpt>
			<trkpt lat="48.78440991975367" lon="2.9950399976223707">
				<ele>122.0</ele>
				<time>2019-08-29T09:24:47</time>
			</trkpt>
			<trkpt lat="48.78448996692896" lon="2.9947599582374096">
				<ele>122.0</ele>
				<time>2019-08-29T09:24:51</time>
			</trkpt>
			<trkpt lat="48.78457998856902" lon="2.99443993717432">
				<ele>122.0</ele>
				<time>2019-08-29T09:24:56</time>
			</trkpt>
			<trkpt lat="48.78487997688353" lon="2.993739964440465">
				<ele>123.0</ele>
				<time>2019-08-29T09:25:07</time>
			</trkpt>
			<trkpt lat="48.78508994355798" lon="2.993289940059185">
				<ele>123.0</ele>
				<time>2019-08-29T09:25:14</time>
			</trkpt>
			<trkpt lat="48.78542999736965" lon="2.992619974538684">
				<ele>124.0</ele>
				<time>2019-08-29T09:25:25</time>
			</trkpt>
			<trkpt lat="48.78554994240403" lon="2.992389975115657">
				<ele>124.0</ele>
				<time>2019-08-29T09:25:29</time>
			</trkpt>
			<trkpt lat="48.78575999289751" lon="2.9918999690562487">
				<ele>124.0</ele>
				<time>2019-08-29T09:25:37</time>
			</trkpt>
			<trkpt lat="48.78586996346712" lon="2.9916999768465757">
				<ele>124.0</ele>
				<time>2019-08-29T09:25:40</time>
			</trkpt>
			<trkpt lat="48.78590994514525" lon="2.9916199296712875">
				<ele>124.0</ele>
				<time>2019-08-29T09:25:42</time>
			</trkpt>
			<trkpt lat="48.78624999895692" lon="2.9909399896860123">
				<ele>123.0</ele>
				<time>2019-08-29T09:25:53</time>
			</trkpt>
			<trkpt lat="48.7863699439913" lon="2.990659950301051">
				<ele>123.0</ele>
				<time>2019-08-29T09:25:57</time>
			</trkpt>
			<trkpt lat="48.78641998395324" lon="2.990449983626604">
				<ele>123.0</ele>
				<time>2019-08-29T09:26:00</time>
			</trkpt>
			<trkpt lat="48.786439932882786" lon="2.9902599658817053">
				<ele>123.0</ele>
				<time>2019-08-29T09:26:03</time>
			</trkpt>
			<trkpt lat="48.786459965631366" lon="2.9900699481368065">
				<ele>123.0</ele>
				<time>2019-08-29T09:26:05</time>
			</trkpt>
			<trkpt lat="48.78646994009614" lon="2.989909937605262">
				<ele>123.0</ele>
				<time>2019-08-29T09:26:08</time>
			</trkpt>
			<trkpt lat="48.786609917879105" lon="2.986649964004755">
				<ele>125.0</ele>
				<time>2019-08-29T09:26:51</time>
			</trkpt>
			<trkpt lat="48.78695994615555" lon="2.9867199528962374">
				<ele>125.0</ele>
				<time>2019-08-29T09:26:58</time>
			</trkpt>
			<trkpt lat="48.787769973278046" lon="2.9869499523192644">
				<ele>125.0</ele>
				<time>2019-08-29T09:27:14</time>
			</trkpt>
			<trkpt lat="48.788089994341135" lon="2.987079955637455">
				<ele>125.0</ele>
				<time>2019-08-29T09:27:21</time>
			</trkpt>
			<trkpt lat="48.788479920476675" lon="2.987269973382354">
				<ele>125.0</ele>
				<time>2019-08-29T09:27:29</time>
			</trkpt>
			<trkpt lat="48.789119962602854" lon="2.9876399505883455">
				<ele>125.0</ele>
				<time>2019-08-29T09:27:43</time>
			</trkpt>
			<trkpt lat="48.78933998756111" lon="2.9877799283713102">
				<ele>125.0</ele>
				<time>2019-08-29T09:27:48</time>
			</trkpt>
			<trkpt lat="48.78984994255006" lon="2.987989978864789">
				<ele>125.0</ele>
				<time>2019-08-29T09:27:58</time>
			</trkpt>
			<trkpt lat="48.79026995971799" lon="2.9881099238991737">
				<ele>125.0</ele>
				<time>2019-08-29T09:28:07</time>
			</trkpt>
			<trkpt lat="48.79113991744816" lon="2.9882799927145243">
				<ele>125.0</ele>
				<time>2019-08-29T09:28:24</time>
			</trkpt>
			<trkpt lat="48.79136991687119" lon="2.9883599560707808">
				<ele>125.0</ele>
				<time>2019-08-29T09:28:29</time>
			</trkpt>
			<trkpt lat="48.79181994125247" lon="2.98867997713387">
				<ele>125.0</ele>
				<time>2019-08-29T09:28:39</time>
			</trkpt>
			<trkpt lat="48.79233995452523" lon="2.98908993601799">
				<ele>125.0</ele>
				<time>2019-08-29T09:28:51</time>
			</trkpt>
			<trkpt lat="48.7924799323082" lon="2.9891699831932783">
				<ele>125.0</ele>
				<time>2019-08-29T09:28:54</time>
			</trkpt>
			<trkpt lat="48.792669950053096" lon="2.989249946549535">
				<ele>125.0</ele>
				<time>2019-08-29T09:28:58</time>
			</trkpt>
			<trkpt lat="48.79363998770714" lon="2.989509953185916">
				<ele>125.0</ele>
				<time>2019-08-29T09:29:17</time>
			</trkpt>
			<trkpt lat="48.793869987130165" lon="2.989569967612624">
				<ele>125.0</ele>
				<time>2019-08-29T09:29:22</time>
			</trkpt>
			<trkpt lat="48.794109961017966" lon="2.9896099492907524">
				<ele>125.0</ele>
				<time>2019-08-29T09:29:27</time>
			</trkpt>
			<trkpt lat="48.79433996044099" lon="2.9896399565041065">
				<ele>125.0</ele>
				<time>2019-08-29T09:29:31</time>
			</trkpt>
			<trkpt lat="48.79464992322028" lon="2.9896799381822348">
				<ele>125.0</ele>
				<time>2019-08-29T09:29:38</time>
			</trkpt>
			<trkpt lat="48.79474991932511" lon="2.989709945395589">
				<ele>125.0</ele>
				<time>2019-08-29T09:29:40</time>
			</trkpt>
			<trkpt lat="48.79484999924898" lon="2.9897799342870712">
				<ele>125.0</ele>
				<time>2019-08-29T09:29:42</time>
			</trkpt>
			<trkpt lat="48.79505996592343" lon="2.9901299625635147">
				<ele>125.0</ele>
				<time>2019-08-29T09:29:48</time>
			</trkpt>
			<trkpt lat="48.795179994776845" lon="2.99039994366467">
				<ele>125.0</ele>
				<time>2019-08-29T09:29:52</time>
			</trkpt>
			<trkpt lat="48.7952599581331" lon="2.9906699247658253">
				<ele>125.0</ele>
				<time>2019-08-29T09:29:56</time>
			</trkpt>
			<trkpt lat="48.795289965346456" lon="2.990799928084016">
				<ele>125.0</ele>
				<time>2019-08-29T09:29:58</time>
			</trkpt>
			<trkpt lat="48.79523992538452" lon="2.991319941356778">
				<ele>125.0</ele>
				<time>2019-08-29T09:30:05</time>
			</trkpt>
			<trkpt lat="48.79508997313678" lon="2.992389975115657">
				<ele>125.0</ele>
				<time>2019-08-29T09:30:20</time>
			</trkpt>
			<trkpt lat="48.79509994760156" lon="2.9925399273633957">
				<ele>125.0</ele>
				<time>2019-08-29T09:30:21</time>
			</trkpt>
			<trkpt lat="48.79512995481491" lon="2.9926699306815863">
				<ele>125.0</ele>
				<time>2019-08-29T09:30:23</time>
			</trkpt>
			<trkpt lat="48.79519994370639" lon="2.9927899595350027">
				<ele>125.0</ele>
				<time>2019-08-29T09:30:25</time>
			</trkpt>
			<trkpt lat="48.795449975878" lon="2.993059940636158">
				<ele>125.0</ele>
				<time>2019-08-29T09:30:32</time>
			</trkpt>
			<trkpt lat="48.795719956979156" lon="2.993299998342991">
				<ele>125.0</ele>
				<time>2019-08-29T09:30:38</time>
			</trkpt>
			<trkpt lat="48.79600997082889" lon="2.9935999866575003">
				<ele>125.0</ele>
				<time>2019-08-29T09:30:45</time>
			</trkpt>
			<trkpt lat="48.7960699852556" lon="2.9936699755489826">
				<ele>126.0</ele>
				<time>2019-08-29T09:30:46</time>
			</trkpt>
			<trkpt lat="48.79667993634939" lon="2.9943399410694838">
				<ele>126.0</ele>
				<time>2019-08-29T09:31:01</time>
			</trkpt>
			<trkpt lat="48.79685997962952" lon="2.9945599660277367">
				<ele>126.0</ele>
				<time>2019-08-29T09:31:06</time>
			</trkpt>
			<trkpt lat="48.79701999016106" lon="2.9946899693459272">
				<ele>126.0</ele>
				<time>2019-08-29T09:31:10</time>
			</trkpt>
			<trkpt lat="48.797179916873574" lon="2.9948099981993437">
				<ele>126.0</ele>
				<time>2019-08-29T09:31:13</time>
			</trkpt>
			<trkpt lat="48.797309920191765" lon="2.9948999360203743">
				<ele>126.0</ele>
				<time>2019-08-29T09:31:16</time>
			</trkpt>
			<trkpt lat="48.79748996347189" lon="2.9950199648737907">
				<ele>126.0</ele>
				<time>2019-08-29T09:31:20</time>
			</trkpt>
			<trkpt lat="48.79780998453498" lon="2.9951899498701096">
				<ele>126.0</ele>
				<time>2019-08-29T09:31:27</time>
			</trkpt>
			<trkpt lat="48.797929929569364" lon="2.995229931548238">
				<ele>126.0</ele>
				<time>2019-08-29T09:31:29</time>
			</trkpt>
			<trkpt lat="48.79800997674465" lon="2.9952699970453978">
				<ele>126.0</ele>
				<time>2019-08-29T09:31:31</time>
			</trkpt>
			<trkpt lat="48.79815992899239" lon="2.9953499604016542">
				<ele>126.0</ele>
				<time>2019-08-29T09:31:34</time>
			</trkpt>
			<trkpt lat="48.79811994731426" lon="2.9955799598246813">
				<ele>126.0</ele>
				<time>2019-08-29T09:31:37</time>
			</trkpt>
			<trkpt lat="48.798019951209426" lon="2.9960199259221554">
				<ele>127.0</ele>
				<time>2019-08-29T09:31:43</time>
			</trkpt>
			<trkpt lat="48.797929929569364" lon="2.996389986947179">
				<ele>128.0</ele>
				<time>2019-08-29T09:31:49</time>
			</trkpt>
			<trkpt lat="48.79785994067788" lon="2.9966799169778824">
				<ele>129.0</ele>
				<time>2019-08-29T09:31:53</time>
			</trkpt>
			<trkpt lat="48.79779992625117" lon="2.9969099164009094">
				<ele>129.0</ele>
				<time>2019-08-29T09:31:56</time>
			</trkpt>
			<trkpt lat="48.797759944573045" lon="2.997089959681034">
				<ele>129.0</ele>
				<time>2019-08-29T09:31:58</time>
			</trkpt>
			<trkpt lat="48.79789992235601" lon="2.99705995246768">
				<ele>129.0</ele>
				<time>2019-08-29T09:32:01</time>
			</trkpt>
			<trkpt lat="48.79791995510459" lon="2.997049978002906">
				<ele>129.0</ele>
				<time>2019-08-29T09:32:02</time>
			</trkpt>
			<trkpt lat="48.79798994399607" lon="2.997049978002906">
				<ele>129.0</ele>
				<time>2019-08-29T09:32:03</time>
			</trkpt>
			<trkpt lat="48.79815992899239" lon="2.99707998521626">
				<ele>129.0</ele>
				<time>2019-08-29T09:32:07</time>
			</trkpt>
			<trkpt lat="48.79836997948587" lon="2.9971599485725164">
				<ele>129.0</ele>
				<time>2019-08-29T09:32:11</time>
			</trkpt>
			<trkpt lat="48.79873995669186" lon="2.997309984639287">
				<ele>129.0</ele>
				<time>2019-08-29T09:32:19</time>
			</trkpt>
			<trkpt lat="48.798959981650114" lon="2.9973999224603176">
				<ele>129.0</ele>
				<time>2019-08-29T09:32:23</time>
			</trkpt>
			<trkpt lat="48.79913994111121" lon="2.997459936887026">
				<ele>129.0</ele>
				<time>2019-08-29T09:32:27</time>
			</trkpt>
			<trkpt lat="48.79923993721604" lon="2.9974099807441235">
				<ele>128.0</ele>
				<time>2019-08-29T09:32:29</time>
			</trkpt>
			<trkpt lat="48.79935996606946" lon="2.9973499663174152">
				<ele>128.0</ele>
				<time>2019-08-29T09:32:31</time>
			</trkpt>
			<trkpt lat="48.79935996606946" lon="2.9971599485725164">
				<ele>128.0</ele>
				<time>2019-08-29T09:32:34</time>
			</trkpt>
			<trkpt lat="48.79935996606946" lon="2.996799945831299">
				<ele>127.0</ele>
				<time>2019-08-29T09:32:39</time>
			</trkpt>
			<trkpt lat="48.79937999881804" lon="2.9965899791568518">
				<ele>126.0</ele>
				<time>2019-08-29T09:32:41</time>
			</trkpt>
			<trkpt lat="48.79939994774759" lon="2.996399961411953">
				<ele>127.0</ele>
				<time>2019-08-29T09:32:44</time>
			</trkpt>
			<trkpt lat="48.79942995496094" lon="2.996209943667054">
				<ele>127.0</ele>
				<time>2019-08-29T09:32:47</time>
			</trkpt>
			<trkpt lat="48.799459962174296" lon="2.9960599914193153">
				<ele>127.0</ele>
				<time>2019-08-29T09:32:49</time>
			</trkpt>
			<trkpt lat="48.79956993274391" lon="2.9954199492931366">
				<ele>126.0</ele>
				<time>2019-08-29T09:32:57</time>
			</trkpt>
			<trkpt lat="48.799649979919195" lon="2.9949799831956625">
				<ele>127.0</ele>
				<time>2019-08-29T09:33:03</time>
			</trkpt>
			<trkpt lat="48.79971996881068" lon="2.9945399332791567">
				<ele>127.0</ele>
				<time>2019-08-29T09:33:09</time>
			</trkpt>
			<trkpt lat="48.79978995770216" lon="2.994169956073165">
				<ele>127.0</ele>
				<time>2019-08-29T09:33:14</time>
			</trkpt>
			<trkpt lat="48.799839997664094" lon="2.9939299821853638">
				<ele>127.0</ele>
				<time>2019-08-29T09:33:18</time>
			</trkpt>
			<trkpt lat="48.799929935485125" lon="2.9934199433773756">
				<ele>126.0</ele>
				<time>2019-08-29T09:33:25</time>
			</trkpt>
			<trkpt lat="48.80000998266041" lon="2.9930399917066097">
				<ele>126.0</ele>
				<time>2019-08-29T09:33:30</time>
			</trkpt>
			<trkpt lat="48.800229923799634" lon="2.992169950157404">
				<ele>125.0</ele>
				<time>2019-08-29T09:33:42</time>
			</trkpt>
			<trkpt lat="48.800269989296794" lon="2.991999965161085">
				<ele>125.0</ele>
				<time>2019-08-29T09:33:45</time>
			</trkpt>
			<trkpt lat="48.80045992322266" lon="2.991289934143424">
				<ele>125.0</ele>
				<time>2019-08-29T09:33:55</time>
			</trkpt>
			<trkpt lat="48.80057995207608" lon="2.9907599464058876">
				<ele>125.0</ele>
				<time>2019-08-29T09:34:02</time>
			</trkpt>
			<trkpt lat="48.80062999203801" lon="2.9905299469828606">
				<ele>125.0</ele>
				<time>2019-08-29T09:34:05</time>
			</trkpt>
			<trkpt lat="48.80062999203801" lon="2.9904399253427982">
				<ele>126.0</ele>
				<time>2019-08-29T09:34:07</time>
			</trkpt>
			<trkpt lat="48.80072998814285" lon="2.9903399292379618">
				<ele>126.0</ele>
				<time>2019-08-29T09:34:09</time>
			</trkpt>
			<trkpt lat="48.800959987565875" lon="2.990229958668351">
				<ele>125.0</ele>
				<time>2019-08-29T09:34:14</time>
			</trkpt>
			<trkpt lat="48.80107993260026" lon="2.990139937028289">
				<ele>125.0</ele>
				<time>2019-08-29T09:34:16</time>
			</trkpt>
			<trkpt lat="48.801129972562194" lon="2.9900999553501606">
				<ele>125.0</ele>
				<time>2019-08-29T09:34:18</time>
			</trkpt>
			<trkpt lat="48.80114992149174" lon="2.989939944818616">
				<ele>126.0</ele>
				<time>2019-08-29T09:34:20</time>
			</trkpt>
			<trkpt lat="48.80114992149174" lon="2.9899199958890676">
				<ele>126.0</ele>
				<time>2019-08-29T09:34:20</time>
			</trkpt>
			<trkpt lat="48.80115997977555" lon="2.9898799303919077">
				<ele>126.0</ele>
				<time>2019-08-29T09:34:21</time>
			</trkpt>
			<trkpt lat="48.80115997977555" lon="2.9898399487137794">
				<ele>126.0</ele>
				<time>2019-08-29T09:34:21</time>
			</trkpt>
			<trkpt lat="48.80116995424032" lon="2.989739952608943">
				<ele>126.0</ele>
				<time>2019-08-29T09:34:22</time>
			</trkpt>
			<trkpt lat="48.80116995424032" lon="2.9895899165421724">
				<ele>126.0</ele>
				<time>2019-08-29T09:34:24</time>
			</trkpt>
			<trkpt lat="48.801179928705096" lon="2.989329993724823">
				<ele>126.0</ele>
				<time>2019-08-29T09:34:28</time>
			</trkpt>
			<trkpt lat="48.801179928705096" lon="2.9889399837702513">
				<ele>127.0</ele>
				<time>2019-08-29T09:34:33</time>
			</trkpt>
			<trkpt lat="48.8011899869889" lon="2.988829929381609">
				<ele>127.0</ele>
				<time>2019-08-29T09:34:34</time>
			</trkpt>
			<trkpt lat="48.8011899869889" lon="2.9887799732387066">
				<ele>127.0</ele>
				<time>2019-08-29T09:34:35</time>
			</trkpt>
			<trkpt lat="48.801199961453676" lon="2.9887299332767725">
				<ele>127.0</ele>
				<time>2019-08-29T09:34:36</time>
			</trkpt>
			<trkpt lat="48.80120993591845" lon="2.9886699188500643">
				<ele>127.0</ele>
				<time>2019-08-29T09:34:37</time>
			</trkpt>
			<trkpt lat="48.80122996866703" lon="2.9885799810290337">
				<ele>127.0</ele>
				<time>2019-08-29T09:34:38</time>
			</trkpt>
			<trkpt lat="48.80124991759658" lon="2.9884699266403913">
				<ele>127.0</ele>
				<time>2019-08-29T09:34:39</time>
			</trkpt>
			<trkpt lat="48.80128998309374" lon="2.9883499816060066">
				<ele>127.0</ele>
				<time>2019-08-29T09:34:41</time>
			</trkpt>
			<trkpt lat="48.80133993923664" lon="2.988139931112528">
				<ele>127.0</ele>
				<time>2019-08-29T09:34:44</time>
			</trkpt>
			<trkpt lat="48.80137992091477" lon="2.9880099277943373">
				<ele>126.0</ele>
				<time>2019-08-29T09:34:46</time>
			</trkpt>
			<trkpt lat="48.80139995366335" lon="2.987909931689501">
				<ele>126.0</ele>
				<time>2019-08-29T09:34:47</time>
			</trkpt>
			<trkpt lat="48.80140992812812" lon="2.9878299683332443">
				<ele>126.0</ele>
				<time>2019-08-29T09:34:48</time>
			</trkpt>
			<trkpt lat="48.8014299608767" lon="2.987749921157956">
				<ele>126.0</ele>
				<time>2019-08-29T09:34:50</time>
			</trkpt>
			<trkpt lat="48.80159994587302" lon="2.9870399739593267">
				<ele>126.0</ele>
				<time>2019-08-29T09:34:59</time>
			</trkpt>
			<trkpt lat="48.80163992755115" lon="2.986899996176362">
				<ele>126.0</ele>
				<time>2019-08-29T09:35:01</time>
			</trkpt>
			<trkpt lat="48.80165996029973" lon="2.9868099745362997">
				<ele>125.0</ele>
				<time>2019-08-29T09:35:03</time>
			</trkpt>
			<trkpt lat="48.80176993086934" lon="2.9863599501550198">
				<ele>125.0</ele>
				<time>2019-08-29T09:35:09</time>
			</trkpt>
			<trkpt lat="48.80186992697418" lon="2.985959965735674">
				<ele>125.0</ele>
				<time>2019-08-29T09:35:15</time>
			</trkpt>
			<trkpt lat="48.80191996693611" lon="2.985749999061227">
				<ele>124.0</ele>
				<time>2019-08-29T09:35:18</time>
			</trkpt>
			<trkpt lat="48.80193999968469" lon="2.9856699518859386">
				<ele>124.0</ele>
				<time>2019-08-29T09:35:19</time>
			</trkpt>
			<trkpt lat="48.80195994861424" lon="2.985529974102974">
				<ele>124.0</ele>
				<time>2019-08-29T09:35:21</time>
			</trkpt>
			<trkpt lat="48.80219992250204" lon="2.98459991812706">
				<ele>123.0</ele>
				<time>2019-08-29T09:35:34</time>
			</trkpt>
			<trkpt lat="48.80227996967733" lon="2.984239999204874">
				<ele>123.0</ele>
				<time>2019-08-29T09:35:39</time>
			</trkpt>
			<trkpt lat="48.80233998410404" lon="2.9840299487113953">
				<ele>122.0</ele>
				<time>2019-08-29T09:35:42</time>
			</trkpt>
			<trkpt lat="48.80242992192507" lon="2.9836499970406294">
				<ele>123.0</ele>
				<time>2019-08-29T09:35:47</time>
			</trkpt>
			<trkpt lat="48.80246998742223" lon="2.983479928225279">
				<ele>123.0</ele>
				<time>2019-08-29T09:35:50</time>
			</trkpt>
			<trkpt lat="48.802479961887" lon="2.9833999648690224">
				<ele>123.0</ele>
				<time>2019-08-29T09:35:51</time>
			</trkpt>
			<trkpt lat="48.802489936351776" lon="2.983279936015606">
				<ele>122.0</ele>
				<time>2019-08-29T09:35:52</time>
			</trkpt>
			<trkpt lat="48.80249999463558" lon="2.9831699654459953">
				<ele>122.0</ele>
				<time>2019-08-29T09:35:54</time>
			</trkpt>
			<trkpt lat="48.80249999463558" lon="2.983139958232641">
				<ele>122.0</ele>
				<time>2019-08-29T09:35:54</time>
			</trkpt>
			<trkpt lat="48.802509969100356" lon="2.983099976554513">
				<ele>122.0</ele>
				<time>2019-08-29T09:35:55</time>
			</trkpt>
			<trkpt lat="48.802509969100356" lon="2.9829999804496765">
				<ele>122.0</ele>
				<time>2019-08-29T09:35:56</time>
			</trkpt>
			<trkpt lat="48.802509969100356" lon="2.98285991884768">
				<ele>121.0</ele>
				<time>2019-08-29T09:35:58</time>
			</trkpt>
			<trkpt lat="48.80249999463558" lon="2.982819937169552">
				<ele>121.0</ele>
				<time>2019-08-29T09:35:58</time>
			</trkpt>
			<trkpt lat="48.802489936351776" lon="2.982649952173233">
				<ele>121.0</ele>
				<time>2019-08-29T09:36:01</time>
			</trkpt>
			<trkpt lat="48.80246998742223" lon="2.982399920001626">
				<ele>121.0</ele>
				<time>2019-08-29T09:36:04</time>
			</trkpt>
			<trkpt lat="48.80245992913842" lon="2.9822899494320154">
				<ele>121.0</ele>
				<time>2019-08-29T09:36:05</time>
			</trkpt>
			<trkpt lat="48.80242992192507" lon="2.9820399172604084">
				<ele>121.0</ele>
				<time>2019-08-29T09:36:09</time>
			</trkpt>
			<trkpt lat="48.802399998530746" lon="2.981709921732545">
				<ele>121.0</ele>
				<time>2019-08-29T09:36:13</time>
			</trkpt>
			<trkpt lat="48.802359933033586" lon="2.9813799262046814">
				<ele>121.0</ele>
				<time>2019-08-29T09:36:18</time>
			</trkpt>
			<trkpt lat="48.80231995135546" lon="2.980909952893853">
				<ele>121.0</ele>
				<time>2019-08-29T09:36:24</time>
			</trkpt>
			<trkpt lat="48.8022899441421" lon="2.980639971792698">
				<ele>121.0</ele>
				<time>2019-08-29T09:36:27</time>
			</trkpt>
			<trkpt lat="48.802269995212555" lon="2.980429921299219">
				<ele>122.0</ele>
				<time>2019-08-29T09:36:30</time>
			</trkpt>
			<trkpt lat="48.802249962463975" lon="2.980219954624772">
				<ele>122.0</ele>
				<time>2019-08-29T09:36:33</time>
			</trkpt>
			<trkpt lat="48.8022399879992" lon="2.9801299329847097">
				<ele>122.0</ele>
				<time>2019-08-29T09:36:34</time>
			</trkpt>
			<trkpt lat="48.802229929715395" lon="2.979969922453165">
				<ele>123.0</ele>
				<time>2019-08-29T09:36:36</time>
			</trkpt>
			<trkpt lat="48.802229929715395" lon="2.9798699263483286">
				<ele>123.0</ele>
				<time>2019-08-29T09:36:38</time>
			</trkpt>
			<trkpt lat="48.80221995525062" lon="2.9797099996358156">
				<ele>124.0</ele>
				<time>2019-08-29T09:36:40</time>
			</trkpt>
			<trkpt lat="48.80221995525062" lon="2.979559963569045">
				<ele>124.0</ele>
				<time>2019-08-29T09:36:42</time>
			</trkpt>
			<trkpt lat="48.80221995525062" lon="2.9794699419289827">
				<ele>124.0</ele>
				<time>2019-08-29T09:36:43</time>
			</trkpt>
			<trkpt lat="48.8022399879992" lon="2.9789199214428663">
				<ele>125.0</ele>
				<time>2019-08-29T09:36:50</time>
			</trkpt>
			<trkpt lat="48.8022399879992" lon="2.9787599947303534">
				<ele>125.0</ele>
				<time>2019-08-29T09:36:52</time>
			</trkpt>
			<trkpt lat="48.80225993692875" lon="2.9781699925661087">
				<ele>125.0</ele>
				<time>2019-08-29T09:37:00</time>
			</trkpt>
			<trkpt lat="48.802269995212555" lon="2.9776699282228947">
				<ele>125.0</ele>
				<time>2019-08-29T09:37:07</time>
			</trkpt>
			<trkpt lat="48.80227996967733" lon="2.977359965443611">
				<ele>125.0</ele>
				<time>2019-08-29T09:37:11</time>
			</trkpt>
			<trkpt lat="48.80229991860688" lon="2.9765699710696936">
				<ele>126.0</ele>
				<time>2019-08-29T09:37:21</time>
			</trkpt>
			<trkpt lat="48.80229991860688" lon="2.9756899550557137">
				<ele>127.0</ele>
				<time>2019-08-29T09:37:33</time>
			</trkpt>
			<trkpt lat="48.80229991860688" lon="2.9755099955946207">
				<ele>127.0</ele>
				<time>2019-08-29T09:37:35</time>
			</trkpt>
			<trkpt lat="48.80230997689068" lon="2.9754699300974607">
				<ele>127.0</ele>
				<time>2019-08-29T09:37:36</time>
			</trkpt>
			<trkpt lat="48.80230997689068" lon="2.9754099994897842">
				<ele>127.0</ele>
				<time>2019-08-29T09:37:37</time>
			</trkpt>
			<trkpt lat="48.80229991860688" lon="2.975349985063076">
				<ele>127.0</ele>
				<time>2019-08-29T09:37:37</time>
			</trkpt>
			<trkpt lat="48.80231995135546" lon="2.9749399423599243">
				<ele>127.0</ele>
				<time>2019-08-29T09:37:43</time>
			</trkpt>
			<trkpt lat="48.80232992582023" lon="2.9745499324053526">
				<ele>127.0</ele>
				<time>2019-08-29T09:37:48</time>
			</trkpt>
			<trkpt lat="48.80232992582023" lon="2.974389921873808">
				<ele>127.0</ele>
				<time>2019-08-29T09:37:50</time>
			</trkpt>
			<trkpt lat="48.80233998410404" lon="2.974239969626069">
				<ele>127.0</ele>
				<time>2019-08-29T09:37:52</time>
			</trkpt>
			<trkpt lat="48.802359933033586" lon="2.974039977416396">
				<ele>127.0</ele>
				<time>2019-08-29T09:37:55</time>
			</trkpt>
			<trkpt lat="48.80236999131739" lon="2.9738599341362715">
				<ele>127.0</ele>
				<time>2019-08-29T09:37:57</time>
			</trkpt>
			<trkpt lat="48.802379965782166" lon="2.973769996315241">
				<ele>127.0</ele>
				<time>2019-08-29T09:37:58</time>
			</trkpt>
			<trkpt lat="48.80240997299552" lon="2.973569920286536">
				<ele>127.0</ele>
				<time>2019-08-29T09:38:01</time>
			</trkpt>
			<trkpt lat="48.802439980208874" lon="2.973359953612089">
				<ele>127.0</ele>
				<time>2019-08-29T09:38:04</time>
			</trkpt>
			<trkpt lat="48.80246998742223" lon="2.9730799980461597">
				<ele>126.0</ele>
				<time>2019-08-29T09:38:08</time>
			</trkpt>
			<trkpt lat="48.80249999463558" lon="2.9728099331259727">
				<ele>125.0</ele>
				<time>2019-08-29T09:38:11</time>
			</trkpt>
			<trkpt lat="48.802549950778484" lon="2.972449930384755">
				<ele>124.0</ele>
				<time>2019-08-29T09:38:16</time>
			</trkpt>
			<trkpt lat="48.80257995799184" lon="2.972229989245534">
				<ele>123.0</ele>
				<time>2019-08-29T09:38:19</time>
			</trkpt>
			<trkpt lat="48.80260996520519" lon="2.972029997035861">
				<ele>122.0</ele>
				<time>2019-08-29T09:38:22</time>
			</trkpt>
			<trkpt lat="48.80263997241855" lon="2.971809972077608">
				<ele>121.0</ele>
				<time>2019-08-29T09:38:25</time>
			</trkpt>
			<trkpt lat="48.80264994688332" lon="2.9716599360108376">
				<ele>121.0</ele>
				<time>2019-08-29T09:38:27</time>
			</trkpt>
			<trkpt lat="48.802659921348095" lon="2.971549965441227">
				<ele>121.0</ele>
				<time>2019-08-29T09:38:28</time>
			</trkpt>
			<trkpt lat="48.802659921348095" lon="2.9713899549096823">
				<ele>121.0</ele>
				<time>2019-08-29T09:38:30</time>
			</trkpt>
			<trkpt lat="48.8026699796319" lon="2.971149981021881">
				<ele>121.0</ele>
				<time>2019-08-29T09:38:33</time>
			</trkpt>
			<trkpt lat="48.8026699796319" lon="2.9709599632769823">
				<ele>121.0</ele>
				<time>2019-08-29T09:38:36</time>
			</trkpt>
			<trkpt lat="48.8026699796319" lon="2.9707299638539553">
				<ele>121.0</ele>
				<time>2019-08-29T09:38:39</time>
			</trkpt>
			<trkpt lat="48.802679954096675" lon="2.9705299716442823">
				<ele>121.0</ele>
				<time>2019-08-29T09:38:42</time>
			</trkpt>
			<trkpt lat="48.802679954096675" lon="2.970409942790866">
				<ele>121.0</ele>
				<time>2019-08-29T09:38:43</time>
			</trkpt>
			<trkpt lat="48.80268992856145" lon="2.9703599866479635">
				<ele>121.0</ele>
				<time>2019-08-29T09:38:44</time>
			</trkpt>
			<trkpt lat="48.80268992856145" lon="2.9702999722212553">
				<ele>121.0</ele>
				<time>2019-08-29T09:38:45</time>
			</trkpt>
			<trkpt lat="48.802699986845255" lon="2.970199976116419">
				<ele>121.0</ele>
				<time>2019-08-29T09:38:46</time>
			</trkpt>
			<trkpt lat="48.80270996131003" lon="2.9701099544763565">
				<ele>121.0</ele>
				<time>2019-08-29T09:38:47</time>
			</trkpt>
			<trkpt lat="48.8027199357748" lon="2.97000995837152">
				<ele>120.0</ele>
				<time>2019-08-29T09:38:48</time>
			</trkpt>
			<trkpt lat="48.80272999405861" lon="2.9698599223047495">
				<ele>120.0</ele>
				<time>2019-08-29T09:38:50</time>
			</trkpt>
			<trkpt lat="48.80273996852338" lon="2.9696799628436565">
				<ele>120.0</ele>
				<time>2019-08-29T09:38:53</time>
			</trkpt>
			<trkpt lat="48.80274994298816" lon="2.9694199562072754">
				<ele>119.0</ele>
				<time>2019-08-29T09:38:56</time>
			</trkpt>
			<trkpt lat="48.80276997573674" lon="2.9692799784243107">
				<ele>119.0</ele>
				<time>2019-08-29T09:38:58</time>
			</trkpt>
			<trkpt lat="48.80276997573674" lon="2.9691999312490225">
				<ele>119.0</ele>
				<time>2019-08-29T09:38:59</time>
			</trkpt>
			<trkpt lat="48.802789924666286" lon="2.9690799862146378">
				<ele>119.0</ele>
				<time>2019-08-29T09:39:01</time>
			</trkpt>
			<trkpt lat="48.80281993187964" lon="2.9687599651515484">
				<ele>119.0</ele>
				<time>2019-08-29T09:39:05</time>
			</trkpt>
			<trkpt lat="48.80283996462822" lon="2.9685999546200037">
				<ele>119.0</ele>
				<time>2019-08-29T09:39:07</time>
			</trkpt>
			<trkpt lat="48.802849939092994" lon="2.968439944088459">
				<ele>119.0</ele>
				<time>2019-08-29T09:39:09</time>
			</trkpt>
			<trkpt lat="48.802869971841574" lon="2.9681899957358837">
				<ele>119.0</ele>
				<time>2019-08-29T09:39:13</time>
			</trkpt>
			<trkpt lat="48.80288992077112" lon="2.9678499419242144">
				<ele>118.0</ele>
				<time>2019-08-29T09:39:17</time>
			</trkpt>
			<trkpt lat="48.8029099535197" lon="2.9676499497145414">
				<ele>118.0</ele>
				<time>2019-08-29T09:39:20</time>
			</trkpt>
			<trkpt lat="48.80292998626828" lon="2.9674999974668026">
				<ele>117.0</ele>
				<time>2019-08-29T09:39:22</time>
			</trkpt>
			<trkpt lat="48.802999975159764" lon="2.9670099914073944">
				<ele>116.0</ele>
				<time>2019-08-29T09:39:29</time>
			</trkpt>
			<trkpt lat="48.80302998237312" lon="2.9667999409139156">
				<ele>116.0</ele>
				<time>2019-08-29T09:39:31</time>
			</trkpt>
			<trkpt lat="48.80304993130267" lon="2.966649988666177">
				<ele>116.0</ele>
				<time>2019-08-29T09:39:33</time>
			</trkpt>
			<trkpt lat="48.80306996405125" lon="2.9665099270641804">
				<ele>116.0</ele>
				<time>2019-08-29T09:39:35</time>
			</trkpt>
			<trkpt lat="48.803109945729375" lon="2.966259978711605">
				<ele>116.0</ele>
				<time>2019-08-29T09:39:39</time>
			</trkpt>
			<trkpt lat="48.803129978477955" lon="2.9661499243229628">
				<ele>116.0</ele>
				<time>2019-08-29T09:39:40</time>
			</trkpt>
			<trkpt lat="48.8031499274075" lon="2.9660899937152863">
				<ele>116.0</ele>
				<time>2019-08-29T09:39:41</time>
			</trkpt>
			<trkpt lat="48.80315998569131" lon="2.96598999761045">
				<ele>117.0</ele>
				<time>2019-08-29T09:39:42</time>
			</trkpt>
			<trkpt lat="48.80319996736944" lon="2.9658199287950993">
				<ele>117.0</ele>
				<time>2019-08-29T09:39:45</time>
			</trkpt>
			<trkpt lat="48.80320994183421" lon="2.9657099582254887">
				<ele>117.0</ele>
				<time>2019-08-29T09:39:46</time>
			</trkpt>
			<trkpt lat="48.803219916298985" lon="2.9656399693340063">
				<ele>117.0</ele>
				<time>2019-08-29T09:39:47</time>
			</trkpt>
			<trkpt lat="48.80322997458279" lon="2.965569980442524">
				<ele>117.0</ele>
				<time>2019-08-29T09:39:48</time>
			</trkpt>
			<trkpt lat="48.80324992351234" lon="2.965549947693944">
				<ele>117.0</ele>
				<time>2019-08-29T09:39:49</time>
			</trkpt>
			<trkpt lat="48.803259981796145" lon="2.96553997322917">
				<ele>117.0</ele>
				<time>2019-08-29T09:39:49</time>
			</trkpt>
			<trkpt lat="48.803279930725694" lon="2.9654999915510416">
				<ele>117.0</ele>
				<time>2019-08-29T09:39:49</time>
			</trkpt>
			<trkpt lat="48.803319996222854" lon="2.965399995446205">
				<ele>117.0</ele>
				<time>2019-08-29T09:39:51</time>
			</trkpt>
			<trkpt lat="48.8033399451524" lon="2.965359929949045">
				<ele>117.0</ele>
				<time>2019-08-29T09:39:52</time>
			</trkpt>
			<trkpt lat="48.80335997790098" lon="2.965309973806143">
				<ele>116.0</ele>
				<time>2019-08-29T09:39:52</time>
			</trkpt>
			<trkpt lat="48.80337992683053" lon="2.9652599338442087">
				<ele>116.0</ele>
				<time>2019-08-29T09:39:53</time>
			</trkpt>
			<trkpt lat="48.80339995957911" lon="2.9652099777013063">
				<ele>116.0</ele>
				<time>2019-08-29T09:39:54</time>
			</trkpt>
			<trkpt lat="48.80341999232769" lon="2.9651599377393723">
				<ele>116.0</ele>
				<time>2019-08-29T09:39:55</time>
			</trkpt>
			<trkpt lat="48.80343994125724" lon="2.96510998159647">
				<ele>116.0</ele>
				<time>2019-08-29T09:39:56</time>
			</trkpt>
			<trkpt lat="48.80345997400582" lon="2.965059941634536">
				<ele>116.0</ele>
				<time>2019-08-29T09:39:56</time>
			</trkpt>
			<trkpt lat="48.80347992293537" lon="2.9649999272078276">
				<ele>116.0</ele>
				<time>2019-08-29T09:39:57</time>
			</trkpt>
			<trkpt lat="48.80348998121917" lon="2.964949971064925">
				<ele>116.0</ele>
				<time>2019-08-29T09:39:58</time>
			</trkpt>
			<trkpt lat="48.80349995568395" lon="2.964899931102991">
				<ele>116.0</ele>
				<time>2019-08-29T09:39:59</time>
			</trkpt>
			<trkpt lat="48.80351998843253" lon="2.964839916676283">
				<ele>115.0</ele>
				<time>2019-08-29T09:39:59</time>
			</trkpt>
			<trkpt lat="48.80354999564588" lon="2.9647299461066723">
				<ele>115.0</ele>
				<time>2019-08-29T09:40:01</time>
			</trkpt>
			<trkpt lat="48.80361998453736" lon="2.964469939470291">
				<ele>114.0</ele>
				<time>2019-08-29T09:40:05</time>
			</trkpt>
			<trkpt lat="48.80363993346691" lon="2.9643699433654547">
				<ele>114.0</ele>
				<time>2019-08-29T09:40:06</time>
			</trkpt>
			<trkpt lat="48.803669940680265" lon="2.964259972795844">
				<ele>114.0</ele>
				<time>2019-08-29T09:40:08</time>
			</trkpt>
			<trkpt lat="48.80369994789362" lon="2.9641499184072018">
				<ele>113.0</ele>
				<time>2019-08-29T09:40:09</time>
			</trkpt>
			<trkpt lat="48.803729955106974" lon="2.9640799295157194">
				<ele>113.0</ele>
				<time>2019-08-29T09:40:10</time>
			</trkpt>
			<trkpt lat="48.803749987855554" lon="2.963989991694689">
				<ele>113.0</ele>
				<time>2019-08-29T09:40:12</time>
			</trkpt>
			<trkpt lat="48.80375996232033" lon="2.9639299772679806">
				<ele>113.0</ele>
				<time>2019-08-29T09:40:12</time>
			</trkpt>
			<trkpt lat="48.80377999506891" lon="2.9638799373060465">
				<ele>113.0</ele>
				<time>2019-08-29T09:40:13</time>
			</trkpt>
			<trkpt lat="48.80380991846323" lon="2.963769966736436">
				<ele>113.0</ele>
				<time>2019-08-29T09:40:15</time>
			</trkpt>
			<trkpt lat="48.803859958425164" lon="2.9636399634182453">
				<ele>113.0</ele>
				<time>2019-08-29T09:40:17</time>
			</trkpt>
			<trkpt lat="48.803989961743355" lon="2.9632799606770277">
				<ele>113.0</ele>
				<time>2019-08-29T09:40:22</time>
			</trkpt>
			<trkpt lat="48.80401996895671" lon="2.963199997320771">
				<ele>113.0</ele>
				<time>2019-08-29T09:40:23</time>
			</trkpt>
			<trkpt lat="48.80420998670161" lon="2.962699932977557">
				<ele>114.0</ele>
				<time>2019-08-29T09:40:31</time>
			</trkpt>
			<trkpt lat="48.804269917309284" lon="2.9625499807298183">
				<ele>115.0</ele>
				<time>2019-08-29T09:40:33</time>
			</trkpt>
			<trkpt lat="48.804309982806444" lon="2.962459959089756">
				<ele>115.0</ele>
				<time>2019-08-29T09:40:35</time>
			</trkpt>
			<trkpt lat="48.8043399900198" lon="2.9623699374496937">
				<ele>115.0</ele>
				<time>2019-08-29T09:40:36</time>
			</trkpt>
			<trkpt lat="48.804439986124635" lon="2.9620999563485384">
				<ele>115.0</ele>
				<time>2019-08-29T09:40:40</time>
			</trkpt>
			<trkpt lat="48.80459999665618" lon="2.9616599902510643">
				<ele>115.0</ele>
				<time>2019-08-29T09:40:47</time>
			</trkpt>
			<trkpt lat="48.80463997833431" lon="2.961569968611002">
				<ele>115.0</ele>
				<time>2019-08-29T09:40:48</time>
			</trkpt>
			<trkpt lat="48.80470996722579" lon="2.961369976401329">
				<ele>116.0</ele>
				<time>2019-08-29T09:40:51</time>
			</trkpt>
			<trkpt lat="48.80475992336869" lon="2.9612399730831385">
				<ele>116.0</ele>
				<time>2019-08-29T09:40:53</time>
			</trkpt>
			<trkpt lat="48.8047699816525" lon="2.9612099658697844">
				<ele>116.0</ele>
				<time>2019-08-29T09:40:54</time>
			</trkpt>
			<trkpt lat="48.80478993058205" lon="2.9611799586564302">
				<ele>116.0</ele>
				<time>2019-08-29T09:40:54</time>
			</trkpt>
			<trkpt lat="48.80479998886585" lon="2.961149951443076">
				<ele>116.0</ele>
				<time>2019-08-29T09:40:55</time>
			</trkpt>
			<trkpt lat="48.80480996333063" lon="2.961119944229722">
				<ele>116.0</ele>
				<time>2019-08-29T09:40:55</time>
			</trkpt>
			<trkpt lat="48.8048199377954" lon="2.961089937016368">
				<ele>117.0</ele>
				<time>2019-08-29T09:40:56</time>
			</trkpt>
			<trkpt lat="48.80483997054398" lon="2.961059929803014">
				<ele>117.0</ele>
				<time>2019-08-29T09:40:56</time>
			</trkpt>
			<trkpt lat="48.80485991947353" lon="2.9610299225896597">
				<ele>117.0</ele>
				<time>2019-08-29T09:40:57</time>
			</trkpt>
			<trkpt lat="48.804869977757335" lon="2.9610099736601114">
				<ele>117.0</ele>
				<time>2019-08-29T09:40:57</time>
			</trkpt>
			<trkpt lat="48.80490995943546" lon="2.9609599336981773">
				<ele>117.0</ele>
				<time>2019-08-29T09:40:58</time>
			</trkpt>
			<trkpt lat="48.80494994111359" lon="2.960919952020049">
				<ele>117.0</ele>
				<time>2019-08-29T09:40:59</time>
			</trkpt>
			<trkpt lat="48.80503996275365" lon="2.9608299303799868">
				<ele>117.0</ele>
				<time>2019-08-29T09:41:01</time>
			</trkpt>
			<trkpt lat="48.805089918896556" lon="2.9607699997723103">
				<ele>117.0</ele>
				<time>2019-08-29T09:41:02</time>
			</trkpt>
			<trkpt lat="48.8051999732852" lon="2.960669919848442">
				<ele>118.0</ele>
				<time>2019-08-29T09:41:05</time>
			</trkpt>
			<trkpt lat="48.8052499294281" lon="2.9606199637055397">
				<ele>118.0</ele>
				<time>2019-08-29T09:41:06</time>
			</trkpt>
			<trkpt lat="48.805279936641455" lon="2.9605799820274115">
				<ele>118.0</ele>
				<time>2019-08-29T09:41:07</time>
			</trkpt>
			<trkpt lat="48.80531991831958" lon="2.9605399165302515">
				<ele>119.0</ele>
				<time>2019-08-29T09:41:08</time>
			</trkpt>
			<trkpt lat="48.80541999824345" lon="2.960439920425415">
				<ele>119.0</ele>
				<time>2019-08-29T09:41:10</time>
			</trkpt>
			<trkpt lat="48.80548998713493" lon="2.9603599570691586">
				<ele>120.0</ele>
				<time>2019-08-29T09:41:12</time>
			</trkpt>
			<trkpt lat="48.80565997213125" lon="2.9601599648594856">
				<ele>120.0</ele>
				<time>2019-08-29T09:41:16</time>
			</trkpt>
			<trkpt lat="48.805749993771315" lon="2.960059968754649">
				<ele>120.0</ele>
				<time>2019-08-29T09:41:19</time>
			</trkpt>
			<trkpt lat="48.805859964340925" lon="2.9599299654364586">
				<ele>120.0</ele>
				<time>2019-08-29T09:41:21</time>
			</trkpt>
			<trkpt lat="48.8060599565506" lon="2.9596899915486574">
				<ele>120.0</ele>
				<time>2019-08-29T09:41:26</time>
			</trkpt>
			<trkpt lat="48.80620999261737" lon="2.959519922733307">
				<ele>119.0</ele>
				<time>2019-08-29T09:41:30</time>
			</trkpt>
			<trkpt lat="48.80634997040033" lon="2.959359996020794">
				<ele>120.0</ele>
				<time>2019-08-29T09:41:34</time>
			</trkpt>
			<trkpt lat="48.80649992264807" lon="2.9591799527406693">
				<ele>122.0</ele>
				<time>2019-08-29T09:41:38</time>
			</trkpt>
			<trkpt lat="48.80663998425007" lon="2.9590299166738987">
				<ele>124.0</ele>
				<time>2019-08-29T09:41:41</time>
			</trkpt>
			<trkpt lat="48.8066799659282" lon="2.9589799605309963">
				<ele>124.0</ele>
				<time>2019-08-29T09:41:42</time>
			</trkpt>
			<trkpt lat="48.8067299220711" lon="2.9589299205690622">
				<ele>124.0</ele>
				<time>2019-08-29T09:41:43</time>
			</trkpt>
			<trkpt lat="48.80674995481968" lon="2.95889999717474">
				<ele>124.0</ele>
				<time>2019-08-29T09:41:44</time>
			</trkpt>
			<trkpt lat="48.80676998756826" lon="2.958889938890934">
				<ele>124.0</ele>
				<time>2019-08-29T09:41:44</time>
			</trkpt>
			<trkpt lat="48.80678993649781" lon="2.9588699899613857">
				<ele>125.0</ele>
				<time>2019-08-29T09:41:45</time>
			</trkpt>
			<trkpt lat="48.80681994371116" lon="2.9588499572128057">
				<ele>125.0</ele>
				<time>2019-08-29T09:41:45</time>
			</trkpt>
			<trkpt lat="48.80683997645974" lon="2.9588299244642258">
				<ele>125.0</ele>
				<time>2019-08-29T09:41:46</time>
			</trkpt>
			<trkpt lat="48.806869983673096" lon="2.9588199499994516">
				<ele>125.0</ele>
				<time>2019-08-29T09:41:46</time>
			</trkpt>
			<trkpt lat="48.806889932602644" lon="2.9588099755346775">
				<ele>125.0</ele>
				<time>2019-08-29T09:41:47</time>
			</trkpt>
			<trkpt lat="48.806919939816" lon="2.9587999172508717">
				<ele>125.0</ele>
				<time>2019-08-29T09:41:47</time>
			</trkpt>
			<trkpt lat="48.80696997977793" lon="2.9587999172508717">
				<ele>124.0</ele>
				<time>2019-08-29T09:41:48</time>
			</trkpt>
			<trkpt lat="48.80702999420464" lon="2.9587999172508717">
				<ele>124.0</ele>
				<time>2019-08-29T09:41:50</time>
			</trkpt>
			<trkpt lat="48.80707995034754" lon="2.9587999172508717">
				<ele>123.0</ele>
				<time>2019-08-29T09:41:51</time>
			</trkpt>
			<trkpt lat="48.80713996477425" lon="2.9588199499994516">
				<ele>123.0</ele>
				<time>2019-08-29T09:41:52</time>
			</trkpt>
			<trkpt lat="48.80718992091715" lon="2.9588299244642258">
				<ele>122.0</ele>
				<time>2019-08-29T09:41:53</time>
			</trkpt>
			<trkpt lat="48.80724993534386" lon="2.9588399827480316">
				<ele>122.0</ele>
				<time>2019-08-29T09:41:54</time>
			</trkpt>
			<trkpt lat="48.80726996809244" lon="2.9588399827480316">
				<ele>122.0</ele>
				<time>2019-08-29T09:41:55</time>
			</trkpt>
			<trkpt lat="48.807299975305796" lon="2.9588399827480316">
				<ele>121.0</ele>
				<time>2019-08-29T09:41:55</time>
			</trkpt>
			<trkpt lat="48.807359989732504" lon="2.9588399827480316">
				<ele>121.0</ele>
				<time>2019-08-29T09:41:56</time>
			</trkpt>
			<trkpt lat="48.80741992034018" lon="2.9588199499994516">
				<ele>121.0</ele>
				<time>2019-08-29T09:41:58</time>
			</trkpt>
			<trkpt lat="48.807449927553535" lon="2.9588099755346775">
				<ele>122.0</ele>
				<time>2019-08-29T09:41:58</time>
			</trkpt>
			<trkpt lat="48.80752997472882" lon="2.9587599355727434">
				<ele>122.0</ele>
				<time>2019-08-29T09:42:00</time>
			</trkpt>
			<trkpt lat="48.807579930871725" lon="2.958719953894615">
				<ele>122.0</ele>
				<time>2019-08-29T09:42:01</time>
			</trkpt>
			<trkpt lat="48.80762997083366" lon="2.958679972216487">
				<ele>123.0</ele>
				<time>2019-08-29T09:42:02</time>
			</trkpt>
			<trkpt lat="48.80767992697656" lon="2.9586399905383587">
				<ele>123.0</ele>
				<time>2019-08-29T09:42:03</time>
			</trkpt>
			<trkpt lat="48.807729966938496" lon="2.9585899505764246">
				<ele>123.0</ele>
				<time>2019-08-29T09:42:05</time>
			</trkpt>
			<trkpt lat="48.807789981365204" lon="2.9585399944335222">
				<ele>124.0</ele>
				<time>2019-08-29T09:42:06</time>
			</trkpt>
			<trkpt lat="48.807839937508106" lon="2.958479980006814">
				<ele>124.0</ele>
				<time>2019-08-29T09:42:07</time>
			</trkpt>
			<trkpt lat="48.807859970256686" lon="2.95844997279346">
				<ele>124.0</ele>
				<time>2019-08-29T09:42:08</time>
			</trkpt>
			<trkpt lat="48.807879919186234" lon="2.958419965580106">
				<ele>124.0</ele>
				<time>2019-08-29T09:42:08</time>
			</trkpt>
			<trkpt lat="48.80792995914817" lon="2.9583599511533976">
				<ele>123.0</ele>
				<time>2019-08-29T09:42:10</time>
			</trkpt>
			<trkpt lat="48.8079699408263" lon="2.958289962261915">
				<ele>123.0</ele>
				<time>2019-08-29T09:42:11</time>
			</trkpt>
			<trkpt lat="48.80801998078823" lon="2.958219973370433">
				<ele>123.0</ele>
				<time>2019-08-29T09:42:12</time>
			</trkpt>
			<trkpt lat="48.80805996246636" lon="2.9581499844789505">
				<ele>122.0</ele>
				<time>2019-08-29T09:42:13</time>
			</trkpt>
			<trkpt lat="48.80808996967971" lon="2.958079995587468">
				<ele>122.0</ele>
				<time>2019-08-29T09:42:14</time>
			</trkpt>
			<trkpt lat="48.80812995135784" lon="2.95799994841218">
				<ele>122.0</ele>
				<time>2019-08-29T09:42:16</time>
			</trkpt>
			<trkpt lat="48.808159958571196" lon="2.9579299595206976">
				<ele>123.0</ele>
				<time>2019-08-29T09:42:17</time>
			</trkpt>
			<trkpt lat="48.808199940249324" lon="2.957849996164441">
				<ele>123.0</ele>
				<time>2019-08-29T09:42:18</time>
			</trkpt>
			<trkpt lat="48.80822994746268" lon="2.957769948989153">
				<ele>124.0</ele>
				<time>2019-08-29T09:42:19</time>
			</trkpt>
			<trkpt lat="48.808269929140806" lon="2.9576999600976706">
				<ele>125.0</ele>
				<time>2019-08-29T09:42:21</time>
			</trkpt>
			<trkpt lat="48.80829993635416" lon="2.957619996741414">
				<ele>125.0</ele>
				<time>2019-08-29T09:42:22</time>
			</trkpt>
			<trkpt lat="48.80833991803229" lon="2.9575499240309">
				<ele>125.0</ele>
				<time>2019-08-29T09:42:23</time>
			</trkpt>
			<trkpt lat="48.80837998352945" lon="2.9574699606746435">
				<ele>125.0</ele>
				<time>2019-08-29T09:42:24</time>
			</trkpt>
			<trkpt lat="48.80841996520758" lon="2.957399971783161">
				<ele>125.0</ele>
				<time>2019-08-29T09:42:26</time>
			</trkpt>
			<trkpt lat="48.80854996852577" lon="2.957169972360134">
				<ele>126.0</ele>
				<time>2019-08-29T09:42:30</time>
			</trkpt>
			<trkpt lat="48.80861995741725" lon="2.9570399690419436">
				<ele>126.0</ele>
				<time>2019-08-29T09:42:32</time>
			</trkpt>
			<trkpt lat="48.80867997184396" lon="2.956929998472333">
				<ele>125.0</ele>
				<time>2019-08-29T09:42:34</time>
			</trkpt>
			<trkpt lat="48.80880997516215" lon="2.9566899407655">
				<ele>125.0</ele>
				<time>2019-08-29T09:42:38</time>
			</trkpt>
			<trkpt lat="48.80885993130505" lon="2.9565899446606636">
				<ele>124.0</ele>
				<time>2019-08-29T09:42:39</time>
			</trkpt>
			<trkpt lat="48.80893997848034" lon="2.956449966877699">
				<ele>124.0</ele>
				<time>2019-08-29T09:42:42</time>
			</trkpt>
			<trkpt lat="48.80902991630137" lon="2.956289956346154">
				<ele>124.0</ele>
				<time>2019-08-29T09:42:45</time>
			</trkpt>
			<trkpt lat="48.809149945154786" lon="2.956049982458353">
				<ele>125.0</ele>
				<time>2019-08-29T09:42:49</time>
			</trkpt>
			<trkpt lat="48.80924994125962" lon="2.9558799974620342">
				<ele>126.0</ele>
				<time>2019-08-29T09:42:52</time>
			</trkpt>
			<trkpt lat="48.80937994457781" lon="2.9556399397552013">
				<ele>126.0</ele>
				<time>2019-08-29T09:42:56</time>
			</trkpt>
			<trkpt lat="48.809449933469296" lon="2.9555099364370108">
				<ele>125.0</ele>
				<time>2019-08-29T09:42:58</time>
			</trkpt>
			<trkpt lat="48.80951992236078" lon="2.95537993311882">
				<ele>124.0</ele>
				<time>2019-08-29T09:43:00</time>
			</trkpt>
			<trkpt lat="48.809619918465614" lon="2.955189999192953">
				<ele>123.0</ele>
				<time>2019-08-29T09:43:03</time>
			</trkpt>
			<trkpt lat="48.809659983962774" lon="2.955129984766245">
				<ele>123.0</ele>
				<time>2019-08-29T09:43:05</time>
			</trkpt>
			<trkpt lat="48.80968999117613" lon="2.9550699703395367">
				<ele>122.0</ele>
				<time>2019-08-29T09:43:06</time>
			</trkpt>
			<trkpt lat="48.80973994731903" lon="2.9549899231642485">
				<ele>122.0</ele>
				<time>2019-08-29T09:43:07</time>
			</trkpt>
			<trkpt lat="48.80980993621051" lon="2.954889927059412">
				<ele>121.0</ele>
				<time>2019-08-29T09:43:09</time>
			</trkpt>
			<trkpt lat="48.80984991788864" lon="2.9548399709165096">
				<ele>120.0</ele>
				<time>2019-08-29T09:43:10</time>
			</trkpt>
			<trkpt lat="48.8098899833858" lon="2.9547699820250273">
				<ele>120.0</ele>
				<time>2019-08-29T09:43:11</time>
			</trkpt>
			<trkpt lat="48.80999995395541" lon="2.9545899387449026">
				<ele>119.0</ele>
				<time>2019-08-29T09:43:14</time>
			</trkpt>
			<trkpt lat="48.81005996838212" lon="2.954479968175292">
				<ele>119.0</ele>
				<time>2019-08-29T09:43:16</time>
			</trkpt>
			<trkpt lat="48.81009995006025" lon="2.954399921000004">
				<ele>119.0</ele>
				<time>2019-08-29T09:43:18</time>
			</trkpt>
			<trkpt lat="48.81018997170031" lon="2.954239994287491">
				<ele>119.0</ele>
				<time>2019-08-29T09:43:20</time>
			</trkpt>
			<trkpt lat="48.81029994226992" lon="2.954079983755946">
				<ele>117.0</ele>
				<time>2019-08-29T09:43:23</time>
			</trkpt>
			<trkpt lat="48.810349982231855" lon="2.953999936580658">
				<ele>117.0</ele>
				<time>2019-08-29T09:43:25</time>
			</trkpt>
			<trkpt lat="48.81039993837476" lon="2.9539199732244015">
				<ele>116.0</ele>
				<time>2019-08-29T09:43:26</time>
			</trkpt>
			<trkpt lat="48.81041997112334" lon="2.9538699332624674">
				<ele>116.0</ele>
				<time>2019-08-29T09:43:27</time>
			</trkpt>
			<trkpt lat="48.810439920052886" lon="2.9538399260491133">
				<ele>116.0</ele>
				<time>2019-08-29T09:43:28</time>
			</trkpt>
			<trkpt lat="48.81044997833669" lon="2.953829951584339">
				<ele>116.0</ele>
				<time>2019-08-29T09:43:28</time>
			</trkpt>
			<trkpt lat="48.81046992726624" lon="2.953819977119565">
				<ele>115.0</ele>
				<time>2019-08-29T09:43:28</time>
			</trkpt>
			<trkpt lat="48.810479985550046" lon="2.953819977119565">
				<ele>115.0</ele>
				<time>2019-08-29T09:43:29</time>
			</trkpt>
			<trkpt lat="48.81048996001482" lon="2.953819977119565">
				<ele>115.0</ele>
				<time>2019-08-29T09:43:29</time>
			</trkpt>
			<trkpt lat="48.81054997444153" lon="2.953809918835759">
				<ele>114.0</ele>
				<time>2019-08-29T09:43:30</time>
			</trkpt>
			<trkpt lat="48.8105599489063" lon="2.9536799993366003">
				<ele>114.0</ele>
				<time>2019-08-29T09:43:32</time>
			</trkpt>
			<trkpt lat="48.8105599489063" lon="2.9535199888050556">
				<ele>114.0</ele>
				<time>2019-08-29T09:43:34</time>
			</trkpt>
			<trkpt lat="48.81054997444153" lon="2.953379927203059">
				<ele>114.0</ele>
				<time>2019-08-29T09:43:36</time>
			</trkpt>
			<trkpt lat="48.81054997444153" lon="2.953339945524931">
				<ele>114.0</ele>
				<time>2019-08-29T09:43:36</time>
			</trkpt>
			<trkpt lat="48.810539999976754" lon="2.9532899893820286">
				<ele>115.0</ele>
				<time>2019-08-29T09:43:37</time>
			</trkpt>
			<trkpt lat="48.810539999976754" lon="2.9532199166715145">
				<ele>115.0</ele>
				<time>2019-08-29T09:43:38</time>
			</trkpt>
			<trkpt lat="48.810479985550046" lon="2.952879946678877">
				<ele>116.0</ele>
				<time>2019-08-29T09:43:42</time>
			</trkpt>
			<trkpt lat="48.81042994558811" lon="2.952509969472885">
				<ele>117.0</ele>
				<time>2019-08-29T09:43:47</time>
			</trkpt>
			<trkpt lat="48.81039993837476" lon="2.9522999189794064">
				<ele>117.0</ele>
				<time>2019-08-29T09:43:50</time>
			</trkpt>
			<trkpt lat="48.81037998944521" lon="2.9521899484097958">
				<ele>117.0</ele>
				<time>2019-08-29T09:43:52</time>
			</trkpt>
			<trkpt lat="48.810349982231855" lon="2.951969923451543">
				<ele>117.0</ele>
				<time>2019-08-29T09:43:55</time>
			</trkpt>
			<trkpt lat="48.8103199750185" lon="2.95180999673903">
				<ele>117.0</ele>
				<time>2019-08-29T09:43:57</time>
			</trkpt>
			<trkpt lat="48.81027999334037" lon="2.9515099246054888">
				<ele>118.0</ele>
				<time>2019-08-29T09:44:01</time>
			</trkpt>
			<trkpt lat="48.81025996059179" lon="2.951399954035878">
				<ele>118.0</ele>
				<time>2019-08-29T09:44:02</time>
			</trkpt>
			<trkpt lat="48.81024998612702" lon="2.951329965144396">
				<ele>118.0</ele>
				<time>2019-08-29T09:44:03</time>
			</trkpt>
			<trkpt lat="48.810219978913665" lon="2.951189987361431">
				<ele>118.0</ele>
				<time>2019-08-29T09:44:05</time>
			</trkpt>
			<trkpt lat="48.81014999002218" lon="2.9510299768298864">
				<ele>119.0</ele>
				<time>2019-08-29T09:44:08</time>
			</trkpt>
			<trkpt lat="48.810089975595474" lon="2.9509499296545982">
				<ele>119.0</ele>
				<time>2019-08-29T09:44:09</time>
			</trkpt>
			<trkpt lat="48.80990993231535" lon="2.9508399590849876">
				<ele>121.0</ele>
				<time>2019-08-29T09:44:13</time>
			</trkpt>
			<trkpt lat="48.80932998843491" lon="2.9505599197000265">
				<ele>125.0</ele>
				<time>2019-08-29T09:44:25</time>
			</trkpt>
			<trkpt lat="48.80854996852577" lon="2.9501599352806807">
				<ele>130.0</ele>
				<time>2019-08-29T09:44:42</time>
			</trkpt>
			<trkpt lat="48.80849992856383" lon="2.9501199536025524">
				<ele>130.0</ele>
				<time>2019-08-29T09:44:43</time>
			</trkpt>
			<trkpt lat="48.8084099907428" lon="2.95004996471107">
				<ele>130.0</ele>
				<time>2019-08-29T09:44:45</time>
			</trkpt>
			<trkpt lat="48.80835995078087" lon="2.949989950284362">
				<ele>130.0</ele>
				<time>2019-08-29T09:44:46</time>
			</trkpt>
			<trkpt lat="48.807729966938496" lon="2.9492799192667007">
				<ele>132.0</ele>
				<time>2019-08-29T09:45:02</time>
			</trkpt>
			<trkpt lat="48.80741992034018" lon="2.948919916525483">
				<ele>132.0</ele>
				<time>2019-08-29T09:45:10</time>
			</trkpt>
			<trkpt lat="48.807359989732504" lon="2.948849927634001">
				<ele>133.0</ele>
				<time>2019-08-29T09:45:11</time>
			</trkpt>
			<trkpt lat="48.807279942557216" lon="2.9487499315291643">
				<ele>133.0</ele>
				<time>2019-08-29T09:45:13</time>
			</trkpt>
			<trkpt lat="48.806739980354905" lon="2.947999918833375">
				<ele>134.0</ele>
				<time>2019-08-29T09:45:28</time>
			</trkpt>
			<trkpt lat="48.806589944288135" lon="2.947769919410348">
				<ele>134.0</ele>
				<time>2019-08-29T09:45:32</time>
			</trkpt>
			<trkpt lat="48.80649992264807" lon="2.947599934414029">
				<ele>133.0</ele>
				<time>2019-08-29T09:45:35</time>
			</trkpt>
			<trkpt lat="48.80634997040033" lon="2.947309920564294">
				<ele>134.0</ele>
				<time>2019-08-29T09:45:40</time>
			</trkpt>
			<trkpt lat="48.80621996708214" lon="2.9470599722117186">
				<ele>135.0</ele>
				<time>2019-08-29T09:45:44</time>
			</trkpt>
			<trkpt lat="48.806159952655435" lon="2.946959976106882">
				<ele>135.0</ele>
				<time>2019-08-29T09:45:46</time>
			</trkpt>
			<trkpt lat="48.80610999651253" lon="2.9468699544668198">
				<ele>135.0</ele>
				<time>2019-08-29T09:45:48</time>
			</trkpt>
			<trkpt lat="48.80597999319434" lon="2.946699969470501">
				<ele>136.0</ele>
				<time>2019-08-29T09:45:51</time>
			</trkpt>
			<trkpt lat="48.8058699388057" lon="2.9465699661523104">
				<ele>136.0</ele>
				<time>2019-08-29T09:45:54</time>
			</trkpt>
			<trkpt lat="48.80579994991422" lon="2.946499977260828">
				<ele>136.0</ele>
				<time>2019-08-29T09:45:56</time>
			</trkpt>
			<trkpt lat="48.805539943277836" lon="2.946249945089221">
				<ele>137.0</ele>
				<time>2019-08-29T09:46:02</time>
			</trkpt>
			<trkpt lat="48.80526996217668" lon="2.94600997120142">
				<ele>137.0</ele>
				<time>2019-08-29T09:46:08</time>
			</trkpt>
			<trkpt lat="48.80509997718036" lon="2.945869993418455">
				<ele>137.0</ele>
				<time>2019-08-29T09:46:12</time>
			</trkpt>
			<trkpt lat="48.80496997386217" lon="2.945759939029813">
				<ele>137.0</ele>
				<time>2019-08-29T09:46:15</time>
			</trkpt>
			<trkpt lat="48.80523995496333" lon="2.9449799191206694">
				<ele>138.0</ele>
				<time>2019-08-29T09:46:26</time>
			</trkpt>
			<trkpt lat="48.8052499294281" lon="2.944949995726347">
				<ele>138.0</ele>
				<time>2019-08-29T09:46:27</time>
			</trkpt>
			<trkpt lat="48.80530994385481" lon="2.9448099341243505">
				<ele>138.0</ele>
				<time>2019-08-29T09:46:29</time>
			</trkpt>
			<trkpt lat="48.80539996549487" lon="2.9445799347013235">
				<ele>138.0</ele>
				<time>2019-08-29T09:46:33</time>
			</trkpt>
			<trkpt lat="48.805539943277836" lon="2.944279946386814">
				<ele>138.0</ele>
				<time>2019-08-29T09:46:37</time>
			</trkpt>
			<trkpt lat="48.805579924955964" lon="2.944239964708686">
				<ele>138.0</ele>
				<time>2019-08-29T09:46:38</time>
			</trkpt>
			<trkpt lat="48.80560993216932" lon="2.944189924746752">
				<ele>138.0</ele>
				<time>2019-08-29T09:46:39</time>
			</trkpt>
			<trkpt lat="48.80563993938267" lon="2.9441499430686235">
				<ele>138.0</ele>
				<time>2019-08-29T09:46:40</time>
			</trkpt>
			<trkpt lat="48.80565997213125" lon="2.9441299941390753">
				<ele>138.0</ele>
				<time>2019-08-29T09:46:41</time>
			</trkpt>
			<trkpt lat="48.805669946596026" lon="2.944049946963787">
				<ele>138.0</ele>
				<time>2019-08-29T09:46:42</time>
			</trkpt>
			<trkpt lat="48.80565997213125" lon="2.9439999908208847">
				<ele>138.0</ele>
				<time>2019-08-29T09:46:42</time>
			</trkpt>
			<trkpt lat="48.80564999766648" lon="2.9439799580723047">
				<ele>138.0</ele>
				<time>2019-08-29T09:46:43</time>
			</trkpt>
			<trkpt lat="48.80563993938267" lon="2.9439599253237247">
				<ele>138.0</ele>
				<time>2019-08-29T09:46:43</time>
			</trkpt>
			<trkpt lat="48.805619990453124" lon="2.9439399763941765">
				<ele>138.0</ele>
				<time>2019-08-29T09:46:44</time>
			</trkpt>
			<trkpt lat="48.805539943277836" lon="2.9438999947160482">
				<ele>138.0</ele>
				<time>2019-08-29T09:46:45</time>
			</trkpt>
			<trkpt lat="48.80552996881306" lon="2.9438899364322424">
				<ele>138.0</ele>
				<time>2019-08-29T09:46:45</time>
			</trkpt>
			<trkpt lat="48.805279936641455" lon="2.9437999986112118">
				<ele>138.0</ele>
				<time>2019-08-29T09:46:51</time>
			</trkpt>
			<trkpt lat="48.80490995943546" lon="2.9436799697577953">
				<ele>138.0</ele>
				<time>2019-08-29T09:46:58</time>
			</trkpt>
			<trkpt lat="48.80472999997437" lon="2.943619955331087">
				<ele>138.0</ele>
				<time>2019-08-29T09:47:02</time>
			</trkpt>
			<trkpt lat="48.80459999665618" lon="2.943579973652959">
				<ele>138.0</ele>
				<time>2019-08-29T09:47:04</time>
			</trkpt>
			<trkpt lat="48.804529923945665" lon="2.943559940904379">
				<ele>138.0</ele>
				<time>2019-08-29T09:47:06</time>
			</trkpt>
			<trkpt lat="48.80445993505418" lon="2.9435399919748306">
				<ele>138.0</ele>
				<time>2019-08-29T09:47:07</time>
			</trkpt>
			<trkpt lat="48.80436999723315" lon="2.943529933691025">
				<ele>138.0</ele>
				<time>2019-08-29T09:47:09</time>
			</trkpt>
			<trkpt lat="48.80435993894935" lon="2.9430499859154224">
				<ele>138.0</ele>
				<time>2019-08-29T09:47:15</time>
			</trkpt>
			<trkpt lat="48.80435993894935" lon="2.9430199787020683">
				<ele>138.0</ele>
				<time>2019-08-29T09:47:16</time>
			</trkpt>
			<trkpt lat="48.80434996448457" lon="2.94295996427536">
				<ele>138.0</ele>
				<time>2019-08-29T09:47:17</time>
			</trkpt>
			<trkpt lat="48.80432993173599" lon="2.9428899753838778">
				<ele>138.0</ele>
				<time>2019-08-29T09:47:18</time>
			</trkpt>
			<trkpt lat="48.804309982806444" lon="2.9428299609571695">
				<ele>138.0</ele>
				<time>2019-08-29T09:47:19</time>
			</trkpt>
			<trkpt lat="48.80427997559309" lon="2.9427699465304613">
				<ele>138.0</ele>
				<time>2019-08-29T09:47:20</time>
			</trkpt>
			<trkpt lat="48.80425994284451" lon="2.942729964852333">
				<ele>138.0</ele>
				<time>2019-08-29T09:47:20</time>
			</trkpt>
			<trkpt lat="48.804229935631156" lon="2.942679924890399">
				<ele>138.0</ele>
				<time>2019-08-29T09:47:21</time>
			</trkpt>
			<trkpt lat="48.80418995395303" lon="2.9425999615341425">
				<ele>138.0</ele>
				<time>2019-08-29T09:47:22</time>
			</trkpt>
			<trkpt lat="48.804139997810125" lon="2.942489990964532">
				<ele>138.0</ele>
				<time>2019-08-29T09:47:24</time>
			</trkpt>
			<trkpt lat="48.804119965061545" lon="2.9424299765378237">
				<ele>138.0</ele>
				<time>2019-08-29T09:47:25</time>
			</trkpt>
			<trkpt lat="48.80410999059677" lon="2.9423599876463413">
				<ele>138.0</ele>
				<time>2019-08-29T09:47:26</time>
			</trkpt>
			<trkpt lat="48.804099932312965" lon="2.942299973219633">
				<ele>138.0</ele>
				<time>2019-08-29T09:47:27</time>
			</trkpt>
			<trkpt lat="48.80408995784819" lon="2.942249933257699">
				<ele>138.0</ele>
				<time>2019-08-29T09:47:28</time>
			</trkpt>
			<trkpt lat="48.80408995784819" lon="2.9421599954366684">
				<ele>138.0</ele>
				<time>2019-08-29T09:47:29</time>
			</trkpt>
			<trkpt lat="48.804099932312965" lon="2.942049941048026">
				<ele>138.0</ele>
				<time>2019-08-29T09:47:30</time>
			</trkpt>
			<trkpt lat="48.804099932312965" lon="2.941529927775264">
				<ele>137.0</ele>
				<time>2019-08-29T09:47:37</time>
			</trkpt>
			<trkpt lat="48.804099932312965" lon="2.941379975527525">
				<ele>137.0</ele>
				<time>2019-08-29T09:47:39</time>
			</trkpt>
			<trkpt lat="48.80408995784819" lon="2.9400899168103933">
				<ele>135.0</ele>
				<time>2019-08-29T09:47:56</time>
			</trkpt>
			<trkpt lat="48.80407998338342" lon="2.9394999984651804">
				<ele>136.0</ele>
				<time>2019-08-29T09:48:04</time>
			</trkpt>
			<trkpt lat="48.80407998338342" lon="2.93891997076571">
				<ele>136.0</ele>
				<time>2019-08-29T09:48:11</time>
			</trkpt>
			<trkpt lat="48.80405995063484" lon="2.9377199336886406">
				<ele>135.0</ele>
				<time>2019-08-29T09:48:27</time>
			</trkpt>
			<trkpt lat="48.80403991788626" lon="2.9361299704760313">
				<ele>134.0</ele>
				<time>2019-08-29T09:48:48</time>
			</trkpt>
			<trkpt lat="48.80402994342148" lon="2.9359199199825525">
				<ele>134.0</ele>
				<time>2019-08-29T09:48:51</time>
			</trkpt>
			<trkpt lat="48.804009994491935" lon="2.9357499349862337">
				<ele>134.0</ele>
				<time>2019-08-29T09:48:53</time>
			</trkpt>
			<trkpt lat="48.803989961743355" lon="2.935629989951849">
				<ele>134.0</ele>
				<time>2019-08-29T09:48:55</time>
			</trkpt>
			<trkpt lat="48.803969928994775" lon="2.9355299938470125">
				<ele>134.0</ele>
				<time>2019-08-29T09:48:56</time>
			</trkpt>
			<trkpt lat="48.80394998006523" lon="2.9354699794203043">
				<ele>134.0</ele>
				<time>2019-08-29T09:48:57</time>
			</trkpt>
			<trkpt lat="48.80393992178142" lon="2.93541993945837">
				<ele>134.0</ele>
				<time>2019-08-29T09:48:58</time>
			</trkpt>
			<trkpt lat="48.8039099983871" lon="2.9352999944239855">
				<ele>134.0</ele>
				<time>2019-08-29T09:49:00</time>
			</trkpt>
			<trkpt lat="48.80367999896407" lon="2.9346299450844526">
				<ele>133.0</ele>
				<time>2019-08-29T09:49:10</time>
			</trkpt>
			<trkpt lat="48.80361998453736" lon="2.9344299528747797">
				<ele>133.0</ele>
				<time>2019-08-29T09:49:12</time>
			</trkpt>
			<trkpt lat="48.80356994457543" lon="2.9342499934136868">
				<ele>133.0</ele>
				<time>2019-08-29T09:49:15</time>
			</trkpt>
			<trkpt lat="48.803559970110655" lon="2.934239935129881">
				<ele>133.0</ele>
				<time>2019-08-29T09:49:15</time>
			</trkpt>
			<trkpt lat="48.803539937362075" lon="2.9341299645602703">
				<ele>132.0</ele>
				<time>2019-08-29T09:49:17</time>
			</trkpt>
			<trkpt lat="48.80351998843253" lon="2.934049917384982">
				<ele>132.0</ele>
				<time>2019-08-29T09:49:18</time>
			</trkpt>
			<trkpt lat="48.80346994847059" lon="2.933819917961955">
				<ele>132.0</ele>
				<time>2019-08-29T09:49:21</time>
			</trkpt>
			<trkpt lat="48.80343994125724" lon="2.933609951287508">
				<ele>131.0</ele>
				<time>2019-08-29T09:49:24</time>
			</trkpt>
			<trkpt lat="48.803299963474274" lon="2.9323999397456646">
				<ele>131.0</ele>
				<time>2019-08-29T09:49:40</time>
			</trkpt>
			<trkpt lat="48.80318999290466" lon="2.9313199315220118">
				<ele>133.0</ele>
				<time>2019-08-29T09:49:55</time>
			</trkpt>
			<trkpt lat="48.80474994890392" lon="2.9307999182492495">
				<ele>131.0</ele>
				<time>2019-08-29T09:50:26</time>
			</trkpt>
			<trkpt lat="48.805109951645136" lon="2.9306699987500906">
				<ele>130.0</ele>
				<time>2019-08-29T09:50:34</time>
			</trkpt>
			<trkpt lat="48.8053899910301" lon="2.930529937148094">
				<ele>130.0</ele>
				<time>2019-08-29T09:50:40</time>
			</trkpt>
			<trkpt lat="48.80552996881306" lon="2.930459948256612">
				<ele>129.0</ele>
				<time>2019-08-29T09:50:43</time>
			</trkpt>
			<trkpt lat="48.80563993938267" lon="2.9303699266165495">
				<ele>129.0</ele>
				<time>2019-08-29T09:50:45</time>
			</trkpt>
			<trkpt lat="48.805729961022735" lon="2.930309996008873">
				<ele>128.0</ele>
				<time>2019-08-29T09:50:47</time>
			</trkpt>
			<trkpt lat="48.80582995712757" lon="2.9302199743688107">
				<ele>128.0</ele>
				<time>2019-08-29T09:50:50</time>
			</trkpt>
			<trkpt lat="48.8060599565506" lon="2.930009923875332">
				<ele>126.0</ele>
				<time>2019-08-29T09:50:55</time>
			</trkpt>
			<trkpt lat="48.80651995539665" lon="2.929569957777858">
				<ele>125.0</ele>
				<time>2019-08-29T09:51:06</time>
			</trkpt>
			<trkpt lat="48.80706997588277" lon="2.9290399700403214">
				<ele>123.0</ele>
				<time>2019-08-29T09:51:19</time>
			</trkpt>
			<trkpt lat="48.80743995308876" lon="2.9286799672991037">
				<ele>119.0</ele>
				<time>2019-08-29T09:51:28</time>
			</trkpt>
			<trkpt lat="48.80764991976321" lon="2.928479975089431">
				<ele>117.0</ele>
				<time>2019-08-29T09:51:33</time>
			</trkpt>
			<trkpt lat="48.80799994803965" lon="2.9281299468129873">
				<ele>114.0</ele>
				<time>2019-08-29T09:51:41</time>
			</trkpt>
			<trkpt lat="48.808459946885705" lon="2.9276899807155132">
				<ele>109.0</ele>
				<time>2019-08-29T09:51:52</time>
			</trkpt>
			<trkpt lat="48.808719953522086" lon="2.927439948543906">
				<ele>107.0</ele>
				<time>2019-08-29T09:51:58</time>
			</trkpt>
			<trkpt lat="48.80892992019653" lon="2.927229981869459">
				<ele>105.0</ele>
				<time>2019-08-29T09:52:03</time>
			</trkpt>
			<trkpt lat="48.809149945154786" lon="2.9270199313759804">
				<ele>105.0</ele>
				<time>2019-08-29T09:52:08</time>
			</trkpt>
			<trkpt lat="48.80968999117613" lon="2.92647996917367">
				<ele>102.0</ele>
				<time>2019-08-29T09:52:21</time>
			</trkpt>
			<trkpt lat="48.80985997617245" lon="2.926309984177351">
				<ele>101.0</ele>
				<time>2019-08-29T09:52:25</time>
			</trkpt>
			<trkpt lat="48.81023992784321" lon="2.9259399231523275">
				<ele>100.0</ele>
				<time>2019-08-29T09:52:34</time>
			</trkpt>
			<trkpt lat="48.81041997112334" lon="2.9257599636912346">
				<ele>99.0</ele>
				<time>2019-08-29T09:52:39</time>
			</trkpt>
			<trkpt lat="48.81052994169295" lon="2.925659967586398">
				<ele>98.0</ele>
				<time>2019-08-29T09:52:41</time>
			</trkpt>
			<trkpt lat="48.81059993058443" lon="2.9255899786949158">
				<ele>98.0</ele>
				<time>2019-08-29T09:52:43</time>
			</trkpt>
			<trkpt lat="48.81068995222449" lon="2.9255099315196276">
				<ele>97.0</ele>
				<time>2019-08-29T09:52:45</time>
			</trkpt>
			<trkpt lat="48.81102992221713" lon="2.925159987062216">
				<ele>95.0</ele>
				<time>2019-08-29T09:52:53</time>
			</trkpt>
			<trkpt lat="48.81166996434331" lon="2.924539977684617">
				<ele>91.0</ele>
				<time>2019-08-29T09:53:08</time>
			</trkpt>
			<trkpt lat="48.81183994933963" lon="2.9243699926882982">
				<ele>91.0</ele>
				<time>2019-08-29T09:53:12</time>
			</trkpt>
			<trkpt lat="48.81190993823111" lon="2.92430997826159">
				<ele>91.0</ele>
				<time>2019-08-29T09:53:14</time>
			</trkpt>
			<trkpt lat="48.81245995871723" lon="2.9237699322402477">
				<ele>91.0</ele>
				<time>2019-08-29T09:53:27</time>
			</trkpt>
			<trkpt lat="48.8132799603045" lon="2.922989996150136">
				<ele>90.0</ele>
				<time>2019-08-29T09:53:47</time>
			</trkpt>
			<trkpt lat="48.81345991976559" lon="2.9228099528700113">
				<ele>90.0</ele>
				<time>2019-08-29T09:53:51</time>
			</trkpt>
			<trkpt lat="48.81446993909776" lon="2.921829940751195">
				<ele>84.0</ele>
				<time>2019-08-29T09:54:15</time>
			</trkpt>
			<trkpt lat="48.81459994241595" lon="2.921679988503456">
				<ele>83.0</ele>
				<time>2019-08-29T09:54:18</time>
			</trkpt>
			<trkpt lat="48.81464998237789" lon="2.921619974076748">
				<ele>83.0</ele>
				<time>2019-08-29T09:54:19</time>
			</trkpt>
			<trkpt lat="48.81476992741227" lon="2.921459963545203">
				<ele>83.0</ele>
				<time>2019-08-29T09:54:23</time>
			</trkpt>
			<trkpt lat="48.81482994183898" lon="2.921379916369915">
				<ele>82.0</ele>
				<time>2019-08-29T09:54:24</time>
			</trkpt>
			<trkpt lat="48.81484997458756" lon="2.9213299602270126">
				<ele>82.0</ele>
				<time>2019-08-29T09:54:25</time>
			</trkpt>
			<trkpt lat="48.815009985119104" lon="2.920969957485795">
				<ele>79.0</ele>
				<time>2019-08-29T09:54:31</time>
			</trkpt>
			<trkpt lat="48.815119955688715" lon="2.920689918100834">
				<ele>76.0</ele>
				<time>2019-08-29T09:54:35</time>
			</trkpt>
			<trkpt lat="48.81519991904497" lon="2.920509958639741">
				<ele>75.0</ele>
				<time>2019-08-29T09:54:38</time>
			</trkpt>
			<trkpt lat="48.815659917891026" lon="2.9194399248808622">
				<ele>70.0</ele>
				<time>2019-08-29T09:54:55</time>
			</trkpt>
			<trkpt lat="48.81594993174076" lon="2.918749926611781">
				<ele>68.0</ele>
				<time>2019-08-29T09:55:05</time>
			</trkpt>
			<trkpt lat="48.81619996391237" lon="2.9181499499827623">
				<ele>66.0</ele>
				<time>2019-08-29T09:55:15</time>
			</trkpt>
			<trkpt lat="48.816239945590496" lon="2.9180599283427">
				<ele>66.0</ele>
				<time>2019-08-29T09:55:16</time>
			</trkpt>
			<trkpt lat="48.81701996549964" lon="2.9161699768155813">
				<ele>62.0</ele>
				<time>2019-08-29T09:55:46</time>
			</trkpt>
			<trkpt lat="48.817719938233495" lon="2.9144599847495556">
				<ele>59.0</ele>
				<time>2019-08-29T09:56:12</time>
			</trkpt>
			<trkpt lat="48.818279933184385" lon="2.9131199698895216">
				<ele>58.0</ele>
				<time>2019-08-29T09:56:33</time>
			</trkpt>
			<trkpt lat="48.818469950929284" lon="2.9126399382948875">
				<ele>57.0</ele>
				<time>2019-08-29T09:56:40</time>
			</trkpt>
			<trkpt lat="48.81880992092192" lon="2.91184994392097">
				<ele>56.0</ele>
				<time>2019-08-29T09:56:53</time>
			</trkpt>
			<trkpt lat="48.818919975310564" lon="2.9115799628198147">
				<ele>57.0</ele>
				<time>2019-08-29T09:56:57</time>
			</trkpt>
			<trkpt lat="48.81897998973727" lon="2.911449959501624">
				<ele>57.0</ele>
				<time>2019-08-29T09:56:59</time>
			</trkpt>
			<trkpt lat="48.819349966943264" lon="2.91055996902287">
				<ele>58.0</ele>
				<time>2019-08-29T09:57:13</time>
			</trkpt>
			<trkpt lat="48.81956999190152" lon="2.9099999740719795">
				<ele>57.0</ele>
				<time>2019-08-29T09:57:22</time>
			</trkpt>
			<trkpt lat="48.81962992250919" lon="2.9098299890756607">
				<ele>56.0</ele>
				<time>2019-08-29T09:57:24</time>
			</trkpt>
			<trkpt lat="48.81974995136261" lon="2.9093399830162525">
				<ele>54.0</ele>
				<time>2019-08-29T09:57:31</time>
			</trkpt>
			<trkpt lat="48.819759925827384" lon="2.90924996137619">
				<ele>54.0</ele>
				<time>2019-08-29T09:57:32</time>
			</trkpt>
			<trkpt lat="48.819799991324544" lon="2.909019961953163">
				<ele>53.0</ele>
				<time>2019-08-29T09:57:35</time>
			</trkpt>
			<trkpt lat="48.8198299985379" lon="2.908739922568202">
				<ele>53.0</ele>
				<time>2019-08-29T09:57:39</time>
			</trkpt>
			<trkpt lat="48.81985992193222" lon="2.9084499925374985">
				<ele>53.0</ele>
				<time>2019-08-29T09:57:43</time>
			</trkpt>
			<trkpt lat="48.819889929145575" lon="2.9081699531525373">
				<ele>53.0</ele>
				<time>2019-08-29T09:57:47</time>
			</trkpt>
			<trkpt lat="48.81989998742938" lon="2.908119997009635">
				<ele>53.0</ele>
				<time>2019-08-29T09:57:47</time>
			</trkpt>
			<trkpt lat="48.81994994357228" lon="2.9075199365615845">
				<ele>54.0</ele>
				<time>2019-08-29T09:57:55</time>
			</trkpt>
			<trkpt lat="48.81995991803706" lon="2.9073299188166857">
				<ele>54.0</ele>
				<time>2019-08-29T09:57:58</time>
			</trkpt>
			<trkpt lat="48.820039965212345" lon="2.906509917229414">
				<ele>56.0</ele>
				<time>2019-08-29T09:58:09</time>
			</trkpt>
			<trkpt lat="48.8200699724257" lon="2.9062499944120646">
				<ele>56.0</ele>
				<time>2019-08-29T09:58:12</time>
			</trkpt>
			<trkpt lat="48.82008992135525" lon="2.906099958345294">
				<ele>57.0</ele>
				<time>2019-08-29T09:58:14</time>
			</trkpt>
			<trkpt lat="48.82012998685241" lon="2.905899966135621">
				<ele>57.0</ele>
				<time>2019-08-29T09:58:17</time>
			</trkpt>
			<trkpt lat="48.820149935781956" lon="2.9057899955660105">
				<ele>57.0</ele>
				<time>2019-08-29T09:58:19</time>
			</trkpt>
			<trkpt lat="48.82017994299531" lon="2.905679941177368">
				<ele>58.0</ele>
				<time>2019-08-29T09:58:20</time>
			</trkpt>
			<trkpt lat="48.82024993188679" lon="2.9055099561810493">
				<ele>60.0</ele>
				<time>2019-08-29T09:58:23</time>
			</trkpt>
			<trkpt lat="48.8203099463135" lon="2.9053699783980846">
				<ele>60.0</ele>
				<time>2019-08-29T09:58:25</time>
			</trkpt>
			<trkpt lat="48.82038999348879" lon="2.9052599240094423">
				<ele>61.0</ele>
				<time>2019-08-29T09:58:27</time>
			</trkpt>
			<trkpt lat="48.82043994963169" lon="2.905179960653186">
				<ele>61.0</ele>
				<time>2019-08-29T09:58:29</time>
			</trkpt>
			<trkpt lat="48.82051999680698" lon="2.9050699900835752">
				<ele>62.0</ele>
				<time>2019-08-29T09:58:31</time>
			</trkpt>
			<trkpt lat="48.820639941841364" lon="2.904959935694933">
				<ele>62.0</ele>
				<time>2019-08-29T09:58:34</time>
			</trkpt>
			<trkpt lat="48.821139922365546" lon="2.9044299479573965">
				<ele>61.0</ele>
				<time>2019-08-29T09:58:46</time>
			</trkpt>
			<trkpt lat="48.821199936792254" lon="2.904359959065914">
				<ele>61.0</ele>
				<time>2019-08-29T09:58:47</time>
			</trkpt>
			<trkpt lat="48.82161995396018" lon="2.9039399418979883">
				<ele>61.0</ele>
				<time>2019-08-29T09:58:57</time>
			</trkpt>
			<trkpt lat="48.821799997240305" lon="2.9037399496883154">
				<ele>61.0</ele>
				<time>2019-08-29T09:59:02</time>
			</trkpt>
			<trkpt lat="48.82184995338321" lon="2.903689993545413">
				<ele>61.0</ele>
				<time>2019-08-29T09:59:03</time>
			</trkpt>
			<trkpt lat="48.821969982236624" lon="2.9035799391567707">
				<ele>61.0</ele>
				<time>2019-08-29T09:59:06</time>
			</trkpt>
			<trkpt lat="48.822639947757125" lon="2.9028699919581413">
				<ele>62.0</ele>
				<time>2019-08-29T09:59:22</time>
			</trkpt>
			<trkpt lat="48.822749918326735" lon="2.902769995853305">
				<ele>63.0</ele>
				<time>2019-08-29T09:59:25</time>
			</trkpt>
			<trkpt lat="48.82279995828867" lon="2.9027199558913708">
				<ele>64.0</ele>
				<time>2019-08-29T09:59:26</time>
			</trkpt>
			<trkpt lat="48.82288997992873" lon="2.9026499669998884">
				<ele>64.0</ele>
				<time>2019-08-29T09:59:28</time>
			</trkpt>
			<trkpt lat="48.823089972138405" lon="2.902549970895052">
				<ele>63.0</ele>
				<time>2019-08-29T09:59:32</time>
			</trkpt>
			<trkpt lat="48.823259957134724" lon="2.902499930933118">
				<ele>62.0</ele>
				<time>2019-08-29T09:59:36</time>
			</trkpt>
			<trkpt lat="48.82342994213104" lon="2.9024699237197638">
				<ele>60.0</ele>
				<time>2019-08-29T09:59:39</time>
			</trkpt>
			<trkpt lat="48.82356991991401" lon="2.9024299420416355">
				<ele>60.0</ele>
				<time>2019-08-29T09:59:42</time>
			</trkpt>
			<trkpt lat="48.82385993376374" lon="2.9023999348282814">
				<ele>61.0</ele>
				<time>2019-08-29T09:59:48</time>
			</trkpt>
			<trkpt lat="48.82406998425722" lon="2.9024099931120872">
				<ele>60.0</ele>
				<time>2019-08-29T09:59:52</time>
			</trkpt>
			<trkpt lat="48.82412999868393" lon="2.9024099931120872">
				<ele>60.0</ele>
				<time>2019-08-29T09:59:53</time>
			</trkpt>
			<trkpt lat="48.824189929291606" lon="2.9023899603635073">
				<ele>60.0</ele>
				<time>2019-08-29T09:59:54</time>
			</trkpt>
			<trkpt lat="48.824269976466894" lon="2.902319971472025">
				<ele>61.0</ele>
				<time>2019-08-29T09:59:56</time>
			</trkpt>
			<trkpt lat="48.82433996535838" lon="2.9022299498319626">
				<ele>62.0</ele>
				<time>2019-08-29T09:59:58</time>
			</trkpt>
			<trkpt lat="48.82444993592799" lon="2.902099946513772">
				<ele>63.0</ele>
				<time>2019-08-29T10:00:01</time>
			</trkpt>
			<trkpt lat="48.82449997588992" lon="2.9020499903708696">
				<ele>64.0</ele>
				<time>2019-08-29T10:00:02</time>
			</trkpt>
			<trkpt lat="48.82466996088624" lon="2.901919987052679">
				<ele>65.0</ele>
				<time>2019-08-29T10:00:06</time>
			</trkpt>
			<trkpt lat="48.82478998973966" lon="2.9018299654126167">
				<ele>67.0</ele>
				<time>2019-08-29T10:00:09</time>
			</trkpt>
			<trkpt lat="48.82485997863114" lon="2.9017799254506826">
				<ele>67.0</ele>
				<time>2019-08-29T10:00:10</time>
			</trkpt>
			<trkpt lat="48.824939941987395" lon="2.9017499182373285">
				<ele>68.0</ele>
				<time>2019-08-29T10:00:12</time>
			</trkpt>
			<trkpt lat="48.82502996362746" lon="2.9017299693077803">
				<ele>68.0</ele>
				<time>2019-08-29T10:00:14</time>
			</trkpt>
			<trkpt lat="48.825189974159" lon="2.901719994843006">
				<ele>68.0</ele>
				<time>2019-08-29T10:00:17</time>
			</trkpt>
			<trkpt lat="48.82563999854028" lon="2.901669954881072">
				<ele>65.0</ele>
				<time>2019-08-29T10:00:26</time>
			</trkpt>
			<trkpt lat="48.825839990749955" lon="2.901669954881072">
				<ele>64.0</ele>
				<time>2019-08-29T10:00:30</time>
			</trkpt>
			<trkpt lat="48.826489923521876" lon="2.9017099365592003">
				<ele>60.0</ele>
				<time>2019-08-29T10:00:43</time>
			</trkpt>
			<trkpt lat="48.82655999623239" lon="2.9017099365592003">
				<ele>60.0</ele>
				<time>2019-08-29T10:00:44</time>
			</trkpt>
			<trkpt lat="48.82658991962671" lon="2.9017099365592003">
				<ele>60.0</ele>
				<time>2019-08-29T10:00:45</time>
			</trkpt>
			<trkpt lat="48.82676996290684" lon="2.901719994843006">
				<ele>60.0</ele>
				<time>2019-08-29T10:00:48</time>
			</trkpt>
			<trkpt lat="48.82692997343838" lon="2.901719994843006">
				<ele>60.0</ele>
				<time>2019-08-29T10:00:52</time>
			</trkpt>
			<trkpt lat="48.82704991847277" lon="2.901719994843006">
				<ele>59.0</ele>
				<time>2019-08-29T10:00:54</time>
			</trkpt>
			<trkpt lat="48.82715997286141" lon="2.901699962094426">
				<ele>59.0</ele>
				<time>2019-08-29T10:00:56</time>
			</trkpt>
			<trkpt lat="48.82741997949779" lon="2.901639947667718">
				<ele>60.0</ele>
				<time>2019-08-29T10:01:02</time>
			</trkpt>
			<trkpt lat="48.82745996117592" lon="2.901629973202944">
				<ele>60.0</ele>
				<time>2019-08-29T10:01:02</time>
			</trkpt>
			<trkpt lat="48.82758996449411" lon="2.9015899915248156">
				<ele>60.0</ele>
				<time>2019-08-29T10:01:05</time>
			</trkpt>
			<trkpt lat="48.82784997113049" lon="2.9015299770981073">
				<ele>61.0</ele>
				<time>2019-08-29T10:01:10</time>
			</trkpt>
			<trkpt lat="48.8279599417001" lon="2.9015199188143015">
				<ele>60.0</ele>
				<time>2019-08-29T10:01:12</time>
			</trkpt>
			<trkpt lat="48.82818994112313" lon="2.901459988206625">
				<ele>61.0</ele>
				<time>2019-08-29T10:01:17</time>
			</trkpt>
			<trkpt lat="48.82847995497286" lon="2.9013999737799168">
				<ele>60.0</ele>
				<time>2019-08-29T10:01:23</time>
			</trkpt>
			<trkpt lat="48.828629991039634" lon="2.9013499338179827">
				<ele>60.0</ele>
				<time>2019-08-29T10:01:26</time>
			</trkpt>
			<trkpt lat="48.82879997603595" lon="2.9013099521398544">
				<ele>60.0</ele>
				<time>2019-08-29T10:01:30</time>
			</trkpt>
			<trkpt lat="48.82889997214079" lon="2.9012999776750803">
				<ele>60.0</ele>
				<time>2019-08-29T10:01:32</time>
			</trkpt>
			<trkpt lat="48.82904992438853" lon="2.9012799449265003">
				<ele>59.0</ele>
				<time>2019-08-29T10:01:35</time>
			</trkpt>
			<trkpt lat="48.82913994602859" lon="2.9012799449265003">
				<ele>59.0</ele>
				<time>2019-08-29T10:01:36</time>
			</trkpt>
			<trkpt lat="48.82921999320388" lon="2.9012899193912745">
				<ele>58.0</ele>
				<time>2019-08-29T10:01:38</time>
			</trkpt>
			<trkpt lat="48.82928998209536" lon="2.9012899193912745">
				<ele>57.0</ele>
				<time>2019-08-29T10:01:39</time>
			</trkpt>
			<trkpt lat="48.82935997098684" lon="2.9013099521398544">
				<ele>57.0</ele>
				<time>2019-08-29T10:01:41</time>
			</trkpt>
			<trkpt lat="48.829629952088" lon="2.9013699665665627">
				<ele>56.0</ele>
				<time>2019-08-29T10:01:46</time>
			</trkpt>
			<trkpt lat="48.82971997372806" lon="2.9013999737799168">
				<ele>56.0</ele>
				<time>2019-08-29T10:01:48</time>
			</trkpt>
			<trkpt lat="48.829749980941415" lon="2.901409948244691">
				<ele>56.0</ele>
				<time>2019-08-29T10:01:49</time>
			</trkpt>
			<trkpt lat="48.82982994429767" lon="2.901419922709465">
				<ele>56.0</ele>
				<time>2019-08-29T10:01:50</time>
			</trkpt>
			<trkpt lat="48.83025993593037" lon="2.901669954881072">
				<ele>54.0</ele>
				<time>2019-08-29T10:02:00</time>
			</trkpt>
			<trkpt lat="48.830349957570434" lon="2.9017299693077803">
				<ele>55.0</ele>
				<time>2019-08-29T10:02:01</time>
			</trkpt>
			<trkpt lat="48.83057995699346" lon="2.901899954304099">
				<ele>55.0</ele>
				<time>2019-08-29T10:02:07</time>
			</trkpt>
			<trkpt lat="48.83093995973468" lon="2.9021399281919003">
				<ele>56.0</ele>
				<time>2019-08-29T10:02:14</time>
			</trkpt>
			<trkpt lat="48.83130993694067" lon="2.902359953150153">
				<ele>56.0</ele>
				<time>2019-08-29T10:02:22</time>
			</trkpt>
			<trkpt lat="48.83155996911228" lon="2.902529938146472">
				<ele>56.0</ele>
				<time>2019-08-29T10:02:28</time>
			</trkpt>
			<trkpt lat="48.83184998296201" lon="2.9027199558913708">
				<ele>56.0</ele>
				<time>2019-08-29T10:02:34</time>
			</trkpt>
			<trkpt lat="48.83214997127652" lon="2.9029199481010437">
				<ele>55.0</ele>
				<time>2019-08-29T10:02:41</time>
			</trkpt>
			<trkpt lat="48.83276998065412" lon="2.9033199325203896">
				<ele>52.0</ele>
				<time>2019-08-29T10:02:54</time>
			</trkpt>
			<trkpt lat="48.83324992842972" lon="2.903639953583479">
				<ele>52.0</ele>
				<time>2019-08-29T10:03:05</time>
			</trkpt>
			<trkpt lat="48.833619989454746" lon="2.90387992747128">
				<ele>52.0</ele>
				<time>2019-08-29T10:03:13</time>
			</trkpt>
			<trkpt lat="48.83471994660795" lon="2.9045099951326847">
				<ele>51.0</ele>
				<time>2019-08-29T10:03:36</time>
			</trkpt>
			<trkpt lat="48.83553994819522" lon="2.904979968443513">
				<ele>52.0</ele>
				<time>2019-08-29T10:03:54</time>
			</trkpt>
			<trkpt lat="48.83581998758018" lon="2.9051299206912518">
				<ele>52.0</ele>
				<time>2019-08-29T10:04:00</time>
			</trkpt>
			<trkpt lat="48.83601997978985" lon="2.905219942331314">
				<ele>52.0</ele>
				<time>2019-08-29T10:04:04</time>
			</trkpt>
			<trkpt lat="48.836149983108044" lon="2.905249949544668">
				<ele>52.0</ele>
				<time>2019-08-29T10:04:07</time>
			</trkpt>
			<trkpt lat="48.836409989744425" lon="2.9053199384361506">
				<ele>52.0</ele>
				<time>2019-08-29T10:04:12</time>
			</trkpt>
			<trkpt lat="48.83701994083822" lon="2.9054599162191153">
				<ele>52.0</ele>
				<time>2019-08-29T10:04:24</time>
			</trkpt>
			<trkpt lat="48.837829967960715" lon="2.905629985034466">
				<ele>51.0</ele>
				<time>2019-08-29T10:04:41</time>
			</trkpt>
			<trkpt lat="48.83861996233463" lon="2.9058099444955587">
				<ele>53.0</ele>
				<time>2019-08-29T10:04:57</time>
			</trkpt>
			<trkpt lat="48.83907996118069" lon="2.905909940600395">
				<ele>52.0</ele>
				<time>2019-08-29T10:05:06</time>
			</trkpt>
			<trkpt lat="48.83931993506849" lon="2.9059799294918776">
				<ele>52.0</ele>
				<time>2019-08-29T10:05:11</time>
			</trkpt>
			<trkpt lat="48.840449983254075" lon="2.9062399361282587">
				<ele>52.0</ele>
				<time>2019-08-29T10:05:34</time>
			</trkpt>
			<trkpt lat="48.84077997878194" lon="2.906329957768321">
				<ele>52.0</ele>
				<time>2019-08-29T10:05:40</time>
			</trkpt>
			<trkpt lat="48.841069992631674" lon="2.906379997730255">
				<ele>53.0</ele>
				<time>2019-08-29T10:05:46</time>
			</trkpt>
			<trkpt lat="48.84163996204734" lon="2.90651997551322">
				<ele>53.0</ele>
				<time>2019-08-29T10:05:58</time>
			</trkpt>
			<trkpt lat="48.84178999811411" lon="2.906559957191348">
				<ele>54.0</ele>
				<time>2019-08-29T10:06:01</time>
			</trkpt>
			<trkpt lat="48.84194992482662" lon="2.9066199716180563">
				<ele>54.0</ele>
				<time>2019-08-29T10:06:04</time>
			</trkpt>
			<trkpt lat="48.842149917036295" lon="2.9067099932581186">
				<ele>55.0</ele>
				<time>2019-08-29T10:06:08</time>
			</trkpt>
			<trkpt lat="48.84228997863829" lon="2.906789956614375">
				<ele>55.0</ele>
				<time>2019-08-29T10:06:11</time>
			</trkpt>
			<trkpt lat="48.842359967529774" lon="2.906839996576309">
				<ele>55.0</ele>
				<time>2019-08-29T10:06:13</time>
			</trkpt>
			<trkpt lat="48.84255995973945" lon="2.9069699998945">
				<ele>55.0</ele>
				<time>2019-08-29T10:06:17</time>
			</trkpt>
			<trkpt lat="48.84273991920054" lon="2.9071299266070127">
				<ele>55.0</ele>
				<time>2019-08-29T10:06:21</time>
			</trkpt>
			<trkpt lat="48.842899929732084" lon="2.9072599299252033">
				<ele>56.0</ele>
				<time>2019-08-29T10:06:25</time>
			</trkpt>
			<trkpt lat="48.843049965798855" lon="2.907439973205328">
				<ele>55.0</ele>
				<time>2019-08-29T10:06:29</time>
			</trkpt>
			<trkpt lat="48.84327996522188" lon="2.9077299870550632">
				<ele>55.0</ele>
				<time>2019-08-29T10:06:35</time>
			</trkpt>
			<trkpt lat="48.84372998960316" lon="2.908329963684082">
				<ele>53.0</ele>
				<time>2019-08-29T10:06:47</time>
			</trkpt>
			<trkpt lat="48.8438799418509" lon="2.908519981428981">
				<ele>53.0</ele>
				<time>2019-08-29T10:06:51</time>
			</trkpt>
			<trkpt lat="48.84428998455405" lon="2.909019961953163">
				<ele>51.0</ele>
				<time>2019-08-29T10:07:01</time>
			</trkpt>
			<trkpt lat="48.8444999512285" lon="2.9093099758028984">
				<ele>51.0</ele>
				<time>2019-08-29T10:07:07</time>
			</trkpt>
			<trkpt lat="48.844679994508624" lon="2.9095799569040537">
				<ele>52.0</ele>
				<time>2019-08-29T10:07:12</time>
			</trkpt>
			<trkpt lat="48.84503999724984" lon="2.9101799335330725">
				<ele>54.0</ele>
				<time>2019-08-29T10:07:23</time>
			</trkpt>
			<trkpt lat="48.845609966665506" lon="2.911179978400469">
				<ele>55.0</ele>
				<time>2019-08-29T10:07:40</time>
			</trkpt>
			<trkpt lat="48.84567995555699" lon="2.9113299306482077">
				<ele>55.0</ele>
				<time>2019-08-29T10:07:43</time>
			</trkpt>
			<trkpt lat="48.84582999162376" lon="2.9115999955683947">
				<ele>56.0</ele>
				<time>2019-08-29T10:07:47</time>
			</trkpt>
			<trkpt lat="48.84589998051524" lon="2.9117199406027794">
				<ele>56.0</ele>
				<time>2019-08-29T10:07:49</time>
			</trkpt>
			<trkpt lat="48.846039958298206" lon="2.9119799472391605">
				<ele>56.0</ele>
				<time>2019-08-29T10:07:54</time>
			</trkpt>
			<trkpt lat="48.84613995440304" lon="2.9121899977326393">
				<ele>58.0</ele>
				<time>2019-08-29T10:07:57</time>
			</trkpt>
			<trkpt lat="48.84623995050788" lon="2.9124199971556664">
				<ele>59.0</ele>
				<time>2019-08-29T10:08:01</time>
			</trkpt>
			<trkpt lat="48.84631999768317" lon="2.9126399382948875">
				<ele>60.0</ele>
				<time>2019-08-29T10:08:04</time>
			</trkpt>
			<trkpt lat="48.8464099355042" lon="2.912939926609397">
				<ele>59.0</ele>
				<time>2019-08-29T10:08:08</time>
			</trkpt>
			<trkpt lat="48.84645997546613" lon="2.91313991881907">
				<ele>60.0</ele>
				<time>2019-08-29T10:08:11</time>
			</trkpt>
			<trkpt lat="48.84668997488916" lon="2.914299974218011">
				<ele>58.0</ele>
				<time>2019-08-29T10:08:27</time>
			</trkpt>
			<trkpt lat="48.84681997820735" lon="2.9150499869138002">
				<ele>57.0</ele>
				<time>2019-08-29T10:08:37</time>
			</trkpt>
			<trkpt lat="48.84688996709883" lon="2.9155299346894026">
				<ele>56.0</ele>
				<time>2019-08-29T10:08:44</time>
			</trkpt>
			<trkpt lat="48.84692994877696" lon="2.9157699923962355">
				<ele>56.0</ele>
				<time>2019-08-29T10:08:47</time>
			</trkpt>
			<trkpt lat="48.84696993045509" lon="2.916099987924099">
				<ele>56.0</ele>
				<time>2019-08-29T10:08:52</time>
			</trkpt>
			<trkpt lat="48.8470299448818" lon="2.916499972343445">
				<ele>57.0</ele>
				<time>2019-08-29T10:08:57</time>
			</trkpt>
			<trkpt lat="48.847069926559925" lon="2.916799960657954">
				<ele>57.0</ele>
				<time>2019-08-29T10:09:01</time>
			</trkpt>
			<trkpt lat="48.847109992057085" lon="2.9170099273324013">
				<ele>58.0</ele>
				<time>2019-08-29T10:09:04</time>
			</trkpt>
			<trkpt lat="48.84713999927044" lon="2.9172399267554283">
				<ele>58.0</ele>
				<time>2019-08-29T10:09:07</time>
			</trkpt>
			<trkpt lat="48.84718995541334" lon="2.917459951713681">
				<ele>59.0</ele>
				<time>2019-08-29T10:09:10</time>
			</trkpt>
			<trkpt lat="48.847219962626696" lon="2.917569922283292">
				<ele>60.0</ele>
				<time>2019-08-29T10:09:12</time>
			</trkpt>
			<trkpt lat="48.84724996984005" lon="2.917659943923354">
				<ele>60.0</ele>
				<time>2019-08-29T10:09:13</time>
			</trkpt>
			<trkpt lat="48.847349965944886" lon="2.917909976094961">
				<ele>60.0</ele>
				<time>2019-08-29T10:09:17</time>
			</trkpt>
			<trkpt lat="48.84757996536791" lon="2.91850995272398">
				<ele>62.0</ele>
				<time>2019-08-29T10:09:26</time>
			</trkpt>
			<trkpt lat="48.84771994315088" lon="2.9188399482518435">
				<ele>63.0</ele>
				<time>2019-08-29T10:09:31</time>
			</trkpt>
			<trkpt lat="48.847839972004294" lon="2.9191499948501587">
				<ele>62.0</ele>
				<time>2019-08-29T10:09:36</time>
			</trkpt>
			<trkpt lat="48.847899986431" lon="2.919249990954995">
				<ele>63.0</ele>
				<time>2019-08-29T10:09:38</time>
			</trkpt>
			<trkpt lat="48.84793996810913" lon="2.9193199798464775">
				<ele>63.0</ele>
				<time>2019-08-29T10:09:39</time>
			</trkpt>
			<trkpt lat="48.84798992425203" lon="2.9193799942731857">
				<ele>63.0</ele>
				<time>2019-08-29T10:09:40</time>
			</trkpt>
			<trkpt lat="48.84802998974919" lon="2.919429950416088">
				<ele>63.0</ele>
				<time>2019-08-29T10:09:41</time>
			</trkpt>
			<trkpt lat="48.84806997142732" lon="2.919459957629442">
				<ele>63.0</ele>
				<time>2019-08-29T10:09:42</time>
			</trkpt>
			<trkpt lat="48.848139960318804" lon="2.9195099975913763">
				<ele>64.0</ele>
				<time>2019-08-29T10:09:44</time>
			</trkpt>
			<trkpt lat="48.8483199197799" lon="2.919649975374341">
				<ele>65.0</ele>
				<time>2019-08-29T10:09:48</time>
			</trkpt>
			<trkpt lat="48.84843994863331" lon="2.9197299387305975">
				<ele>66.0</ele>
				<time>2019-08-29T10:09:50</time>
			</trkpt>
			<trkpt lat="48.848509937524796" lon="2.91979992762208">
				<ele>67.0</ele>
				<time>2019-08-29T10:09:52</time>
			</trkpt>
			<trkpt lat="48.84853994473815" lon="2.91983999311924">
				<ele>67.0</ele>
				<time>2019-08-29T10:09:53</time>
			</trkpt>
			<trkpt lat="48.848589984700084" lon="2.919889949262142">
				<ele>67.0</ele>
				<time>2019-08-29T10:09:54</time>
			</trkpt>
			<trkpt lat="48.84877991862595" lon="2.920089941471815">
				<ele>68.0</ele>
				<time>2019-08-29T10:09:59</time>
			</trkpt>
			<trkpt lat="48.84890992194414" lon="2.9202399775385857">
				<ele>68.0</ele>
				<time>2019-08-29T10:10:02</time>
			</trkpt>
			<trkpt lat="48.84926992468536" lon="2.9205899219959974">
				<ele>70.0</ele>
				<time>2019-08-29T10:10:10</time>
			</trkpt>
			<trkpt lat="48.84934997186065" lon="2.9206599947065115">
				<ele>70.0</ele>
				<time>2019-08-29T10:10:12</time>
			</trkpt>
			<trkpt lat="48.84971994906664" lon="2.920929975807667">
				<ele>71.0</ele>
				<time>2019-08-29T10:10:20</time>
			</trkpt>
			<trkpt lat="48.85021992959082" lon="2.9212799202650785">
				<ele>71.0</ele>
				<time>2019-08-29T10:10:31</time>
			</trkpt>
			<trkpt lat="48.85091998614371" lon="2.9217699263244867">
				<ele>69.0</ele>
				<time>2019-08-29T10:10:47</time>
			</trkpt>
			<trkpt lat="48.85153999552131" lon="2.9221899434924126">
				<ele>66.0</ele>
				<time>2019-08-29T10:11:00</time>
			</trkpt>
			<trkpt lat="48.85223996825516" lon="2.9226599168032408">
				<ele>63.0</ele>
				<time>2019-08-29T10:11:16</time>
			</trkpt>
			<trkpt lat="48.85294999927282" lon="2.9231299739331007">
				<ele>59.0</ele>
				<time>2019-08-29T10:11:31</time>
			</trkpt>
			<trkpt lat="48.853299943730235" lon="2.923369947820902">
				<ele>58.0</ele>
				<time>2019-08-29T10:11:39</time>
			</trkpt>
			<trkpt lat="48.85347998701036" lon="2.9234899766743183">
				<ele>57.0</ele>
				<time>2019-08-29T10:11:43</time>
			</trkpt>
			<trkpt lat="48.85370998643339" lon="2.923639928922057">
				<ele>57.0</ele>
				<time>2019-08-29T10:11:48</time>
			</trkpt>
			<trkpt lat="48.853749968111515" lon="2.923659961670637">
				<ele>57.0</ele>
				<time>2019-08-29T10:11:49</time>
			</trkpt>
			<trkpt lat="48.85382993146777" lon="2.9236999433487654">
				<ele>56.0</ele>
				<time>2019-08-29T10:11:50</time>
			</trkpt>
			<trkpt lat="48.85397996753454" lon="2.9236999433487654">
				<ele>56.0</ele>
				<time>2019-08-29T10:11:53</time>
			</trkpt>
			<trkpt lat="48.85426998138428" lon="2.923649987205863">
				<ele>55.0</ele>
				<time>2019-08-29T10:11:59</time>
			</trkpt>
			<trkpt lat="48.854419933632016" lon="2.923629954457283">
				<ele>55.0</ele>
				<time>2019-08-29T10:12:02</time>
			</trkpt>
			<trkpt lat="48.854459999129176" lon="2.923599947243929">
				<ele>55.0</ele>
				<time>2019-08-29T10:12:03</time>
			</trkpt>
			<trkpt lat="48.85453996248543" lon="2.9235499911010265">
				<ele>54.0</ele>
				<time>2019-08-29T10:12:05</time>
			</trkpt>
			<trkpt lat="48.854589918628335" lon="2.9234899766743183">
				<ele>54.0</ele>
				<time>2019-08-29T10:12:06</time>
			</trkpt>
			<trkpt lat="48.854629984125495" lon="2.923419987782836">
				<ele>54.0</ele>
				<time>2019-08-29T10:12:07</time>
			</trkpt>
			<trkpt lat="48.85466996580362" lon="2.9233399406075478">
				<ele>54.0</ele>
				<time>2019-08-29T10:12:09</time>
			</trkpt>
			<trkpt lat="48.85494992136955" lon="2.9226099606603384">
				<ele>53.0</ele>
				<time>2019-08-29T10:12:20</time>
			</trkpt>
			<trkpt lat="48.85502996854484" lon="2.9223899357020855">
				<ele>53.0</ele>
				<time>2019-08-29T10:12:23</time>
			</trkpt>
			<trkpt lat="48.85506995022297" lon="2.9221799690276384">
				<ele>53.0</ele>
				<time>2019-08-29T10:12:26</time>
			</trkpt>
			<trkpt lat="48.85509995743632" lon="2.9219199623912573">
				<ele>52.0</ele>
				<time>2019-08-29T10:12:30</time>
			</trkpt>
			<trkpt lat="48.85513993911445" lon="2.9215599596500397">
				<ele>52.0</ele>
				<time>2019-08-29T10:12:34</time>
			</trkpt>
			<trkpt lat="48.85515997186303" lon="2.921199956908822">
				<ele>51.0</ele>
				<time>2019-08-29T10:12:39</time>
			</trkpt>
			<trkpt lat="48.85515997186303" lon="2.9206499364227057">
				<ele>51.0</ele>
				<time>2019-08-29T10:12:46</time>
			</trkpt>
			<trkpt lat="48.85517992079258" lon="2.9191299621015787">
				<ele>51.0</ele>
				<time>2019-08-29T10:13:06</time>
			</trkpt>
			<trkpt lat="48.855189979076385" lon="2.918539959937334">
				<ele>50.0</ele>
				<time>2019-08-29T10:13:14</time>
			</trkpt>
			<trkpt lat="48.855209928005934" lon="2.9172399267554283">
				<ele>50.0</ele>
				<time>2019-08-29T10:13:31</time>
			</trkpt>
			<trkpt lat="48.85521998628974" lon="2.9167199973016977">
				<ele>51.0</ele>
				<time>2019-08-29T10:13:38</time>
			</trkpt>
			<trkpt lat="48.85521998628974" lon="2.916509946808219">
				<ele>51.0</ele>
				<time>2019-08-29T10:13:41</time>
			</trkpt>
			<trkpt lat="48.85521998628974" lon="2.9163699690252542">
				<ele>51.0</ele>
				<time>2019-08-29T10:13:43</time>
			</trkpt>
			<trkpt lat="48.855209928005934" lon="2.9161899257451296">
				<ele>51.0</ele>
				<time>2019-08-29T10:13:45</time>
			</trkpt>
			<trkpt lat="48.855189979076385" lon="2.916069980710745">
				<ele>51.0</ele>
				<time>2019-08-29T10:13:47</time>
			</trkpt>
			<trkpt lat="48.85517992079258" lon="2.9159499518573284">
				<ele>51.0</ele>
				<time>2019-08-29T10:13:48</time>
			</trkpt>
			<trkpt lat="48.85507992468774" lon="2.9154599457979202">
				<ele>51.0</ele>
				<time>2019-08-29T10:13:55</time>
			</trkpt>
			<trkpt lat="48.85502996854484" lon="2.915219971910119">
				<ele>51.0</ele>
				<time>2019-08-29T10:13:58</time>
			</trkpt>
			<trkpt lat="48.85499996133149" lon="2.9150899685919285">
				<ele>51.0</ele>
				<time>2019-08-29T10:14:00</time>
			</trkpt>
			<trkpt lat="48.854459999129176" lon="2.9124199971556664">
				<ele>58.0</ele>
				<time>2019-08-29T10:14:37</time>
			</trkpt>
			<trkpt lat="48.85440995916724" lon="2.9121899977326393">
				<ele>59.0</ele>
				<time>2019-08-29T10:14:40</time>
			</trkpt>
			<trkpt lat="48.85437995195389" lon="2.9120299872010946">
				<ele>59.0</ele>
				<time>2019-08-29T10:14:42</time>
			</trkpt>
			<trkpt lat="48.854349944740534" lon="2.911859918385744">
				<ele>60.0</ele>
				<time>2019-08-29T10:14:45</time>
			</trkpt>
			<trkpt lat="48.85433997027576" lon="2.9117799550294876">
				<ele>60.0</ele>
				<time>2019-08-29T10:14:46</time>
			</trkpt>
			<trkpt lat="48.854329995810986" lon="2.911699991673231">
				<ele>61.0</ele>
				<time>2019-08-29T10:14:47</time>
			</trkpt>
			<trkpt lat="48.854329995810986" lon="2.911629918962717">
				<ele>61.0</ele>
				<time>2019-08-29T10:14:48</time>
			</trkpt>
			<trkpt lat="48.854329995810986" lon="2.9115599300712347">
				<ele>61.0</ele>
				<time>2019-08-29T10:14:49</time>
			</trkpt>
			<trkpt lat="48.85435991920531" lon="2.91141995228827">
				<ele>60.0</ele>
				<time>2019-08-29T10:14:51</time>
			</trkpt>
			<trkpt lat="48.85437995195389" lon="2.9112999234348536">
				<ele>59.0</ele>
				<time>2019-08-29T10:14:52</time>
			</trkpt>
			<trkpt lat="48.854439966380596" lon="2.9110499750822783">
				<ele>58.0</ele>
				<time>2019-08-29T10:14:56</time>
			</trkpt>
			<trkpt lat="48.854459999129176" lon="2.9109099972993135">
				<ele>58.0</ele>
				<time>2019-08-29T10:14:58</time>
			</trkpt>
			<trkpt lat="48.854499980807304" lon="2.9106099251657724">
				<ele>58.0</ele>
				<time>2019-08-29T10:15:02</time>
			</trkpt>
			<trkpt lat="48.85452998802066" lon="2.910359976813197">
				<ele>58.0</ele>
				<time>2019-08-29T10:15:05</time>
			</trkpt>
			<trkpt lat="48.85454993695021" lon="2.910249922424555">
				<ele>59.0</ele>
				<time>2019-08-29T10:15:07</time>
			</trkpt>
			<trkpt lat="48.854589918628335" lon="2.910159984603524">
				<ele>58.0</ele>
				<time>2019-08-29T10:15:08</time>
			</trkpt>
			<trkpt lat="48.85463995859027" lon="2.910079937428236">
				<ele>58.0</ele>
				<time>2019-08-29T10:15:09</time>
			</trkpt>
			<trkpt lat="48.85466996580362" lon="2.910019923001528">
				<ele>58.0</ele>
				<time>2019-08-29T10:15:10</time>
			</trkpt>
			<trkpt lat="48.85470994748175" lon="2.909929985180497">
				<ele>57.0</ele>
				<time>2019-08-29T10:15:12</time>
			</trkpt>
			<trkpt lat="48.85472998023033" lon="2.9099199268966913">
				<ele>57.0</ele>
				<time>2019-08-29T10:15:12</time>
			</trkpt>
			<trkpt lat="48.854739954695106" lon="2.909899977967143">
				<ele>57.0</ele>
				<time>2019-08-29T10:15:13</time>
			</trkpt>
			<trkpt lat="48.854849925264716" lon="2.909849938005209">
				<ele>56.0</ele>
				<time>2019-08-29T10:15:15</time>
			</trkpt>
			<trkpt lat="48.85487993247807" lon="2.909859996289015">
				<ele>55.0</ele>
				<time>2019-08-29T10:15:15</time>
			</trkpt>
			<trkpt lat="48.85493994690478" lon="2.909869970753789">
				<ele>55.0</ele>
				<time>2019-08-29T10:15:17</time>
			</trkpt>
			<trkpt lat="48.85500993579626" lon="2.909879945218563">
				<ele>54.0</ele>
				<time>2019-08-29T10:15:18</time>
			</trkpt>
			<trkpt lat="48.85512996464968" lon="2.909859996289015">
				<ele>53.0</ele>
				<time>2019-08-29T10:15:21</time>
			</trkpt>
			<trkpt lat="48.85521998628974" lon="2.909849938005209">
				<ele>51.0</ele>
				<time>2019-08-29T10:15:22</time>
			</trkpt>
			<trkpt lat="48.855299949645996" lon="2.909819930791855">
				<ele>51.0</ele>
				<time>2019-08-29T10:15:24</time>
			</trkpt>
			<trkpt lat="48.855379996821284" lon="2.9098099563270807">
				<ele>51.0</ele>
				<time>2019-08-29T10:15:26</time>
			</trkpt>
			<trkpt lat="48.85541997849941" lon="2.9098099563270807">
				<ele>51.0</ele>
				<time>2019-08-29T10:15:26</time>
			</trkpt>
			<trkpt lat="48.85543992742896" lon="2.9098099563270807">
				<ele>51.0</ele>
				<time>2019-08-29T10:15:27</time>
			</trkpt>
			<trkpt lat="48.855469934642315" lon="2.909819930791855">
				<ele>51.0</ele>
				<time>2019-08-29T10:15:27</time>
			</trkpt>
			<trkpt lat="48.85549994185567" lon="2.9098299890756607">
				<ele>51.0</ele>
				<time>2019-08-29T10:15:28</time>
			</trkpt>
			<trkpt lat="48.85552994906902" lon="2.909859996289015">
				<ele>51.0</ele>
				<time>2019-08-29T10:15:29</time>
			</trkpt>
			<trkpt lat="48.85555995628238" lon="2.909889919683337">
				<ele>51.0</ele>
				<time>2019-08-29T10:15:29</time>
			</trkpt>
			<trkpt lat="48.85557998903096" lon="2.9099199268966913">
				<ele>51.0</ele>
				<time>2019-08-29T10:15:30</time>
			</trkpt>
			<trkpt lat="48.855599937960505" lon="2.9099599923938513">
				<ele>51.0</ele>
				<time>2019-08-29T10:15:31</time>
			</trkpt>
			<trkpt lat="48.85560999624431" lon="2.9099899996072054">
				<ele>51.0</ele>
				<time>2019-08-29T10:15:31</time>
			</trkpt>
			<trkpt lat="48.855619970709085" lon="2.9100099485367537">
				<ele>51.0</ele>
				<time>2019-08-29T10:15:31</time>
			</trkpt>
			<trkpt lat="48.85564997792244" lon="2.91010994464159">
				<ele>51.0</ele>
				<time>2019-08-29T10:15:33</time>
			</trkpt>
			<trkpt lat="48.85566992685199" lon="2.9101799335330725">
				<ele>51.0</ele>
				<time>2019-08-29T10:15:34</time>
			</trkpt>
			<trkpt lat="48.855679985135794" lon="2.9102399479597807">
				<ele>51.0</ele>
				<time>2019-08-29T10:15:35</time>
			</trkpt>
			<trkpt lat="48.85569993406534" lon="2.910279929637909">
				<ele>51.0</ele>
				<time>2019-08-29T10:15:35</time>
			</trkpt>
			<trkpt lat="48.85571996681392" lon="2.910319995135069">
				<ele>51.0</ele>
				<time>2019-08-29T10:15:36</time>
			</trkpt>
			<trkpt lat="48.8557399995625" lon="2.910359976813197">
				<ele>51.0</ele>
				<time>2019-08-29T10:15:37</time>
			</trkpt>
			<trkpt lat="48.85577998124063" lon="2.9104099329560995">
				<ele>51.0</ele>
				<time>2019-08-29T10:15:38</time>
			</trkpt>
			<trkpt lat="48.85588995181024" lon="2.91053993627429">
				<ele>51.0</ele>
				<time>2019-08-29T10:15:41</time>
			</trkpt>
			<trkpt lat="48.85600998066366" lon="2.9106899723410606">
				<ele>51.0</ele>
				<time>2019-08-29T10:15:44</time>
			</trkpt>
			<trkpt lat="48.856089944019914" lon="2.910779993981123">
				<ele>51.0</ele>
				<time>2019-08-29T10:15:46</time>
			</trkpt>
			<trkpt lat="48.856179965659976" lon="2.9108999390155077">
				<ele>51.0</ele>
				<time>2019-08-29T10:15:48</time>
			</trkpt>
			<trkpt lat="48.856199998408556" lon="2.9109199717640877">
				<ele>51.0</ele>
				<time>2019-08-29T10:15:49</time>
			</trkpt>
			<trkpt lat="48.856219947338104" lon="2.910959953442216">
				<ele>51.0</ele>
				<time>2019-08-29T10:15:49</time>
			</trkpt>
			<trkpt lat="48.85629999451339" lon="2.9111299384385347">
				<ele>51.0</ele>
				<time>2019-08-29T10:15:52</time>
			</trkpt>
			<trkpt lat="48.85631994344294" lon="2.911229934543371">
				<ele>51.0</ele>
				<time>2019-08-29T10:15:53</time>
			</trkpt>
			<trkpt lat="48.85638993233442" lon="2.911479966714978">
				<ele>51.0</ele>
				<time>2019-08-29T10:15:57</time>
			</trkpt>
			<trkpt lat="48.85638993233442" lon="2.9115199483931065">
				<ele>51.0</ele>
				<time>2019-08-29T10:15:57</time>
			</trkpt>
			<trkpt lat="48.85648992843926" lon="2.911859918385744">
				<ele>51.0</ele>
				<time>2019-08-29T10:16:02</time>
			</trkpt>
			<trkpt lat="48.856539968401194" lon="2.912099976092577">
				<ele>52.0</ele>
				<time>2019-08-29T10:16:06</time>
			</trkpt>
			<trkpt lat="48.8565999828279" lon="2.9123999644070864">
				<ele>52.0</ele>
				<time>2019-08-29T10:16:10</time>
			</trkpt>
			<trkpt lat="48.856649938970804" lon="2.9126299638301134">
				<ele>52.0</ele>
				<time>2019-08-29T10:16:13</time>
			</trkpt>
			<trkpt lat="48.856669971719384" lon="2.9126699455082417">
				<ele>52.0</ele>
				<time>2019-08-29T10:16:14</time>
			</trkpt>
			<trkpt lat="48.85667994618416" lon="2.91270992718637">
				<ele>52.0</ele>
				<time>2019-08-29T10:16:14</time>
			</trkpt>
			<trkpt lat="48.85670995339751" lon="2.912789974361658">
				<ele>52.0</ele>
				<time>2019-08-29T10:16:15</time>
			</trkpt>
			<trkpt lat="48.85673996061087" lon="2.9128399305045605">
				<ele>52.0</ele>
				<time>2019-08-29T10:16:16</time>
			</trkpt>
			<trkpt lat="48.85678991675377" lon="2.912909919396043">
				<ele>52.0</ele>
				<time>2019-08-29T10:16:18</time>
			</trkpt>
			<trkpt lat="48.856949927285314" lon="2.9130799882113934">
				<ele>52.0</ele>
				<time>2019-08-29T10:16:22</time>
			</trkpt>
			<trkpt lat="48.85710993781686" lon="2.9132699221372604">
				<ele>52.0</ele>
				<time>2019-08-29T10:16:26</time>
			</trkpt>
			<trkpt lat="48.8572199922055" lon="2.913419958204031">
				<ele>52.0</ele>
				<time>2019-08-29T10:16:29</time>
			</trkpt>
			<trkpt lat="48.857249999418855" lon="2.913439990952611">
				<ele>52.0</ele>
				<time>2019-08-29T10:16:29</time>
			</trkpt>
			<trkpt lat="48.85736994445324" lon="2.9135099798440933">
				<ele>52.0</ele>
				<time>2019-08-29T10:16:32</time>
			</trkpt>
			<trkpt lat="48.85772994719446" lon="2.9135699942708015">
				<ele>51.0</ele>
				<time>2019-08-29T10:16:39</time>
			</trkpt>
			<trkpt lat="48.857889957726" lon="2.913599917665124">
				<ele>51.0</ele>
				<time>2019-08-29T10:16:42</time>
			</trkpt>
			<trkpt lat="48.858049968257546" lon="2.91360997594893">
				<ele>51.0</ele>
				<time>2019-08-29T10:16:45</time>
			</trkpt>
			<trkpt lat="48.85809992440045" lon="2.913629924878478">
				<ele>51.0</ele>
				<time>2019-08-29T10:16:46</time>
			</trkpt>
			<trkpt lat="48.8581299316138" lon="2.913639983162284">
				<ele>51.0</ele>
				<time>2019-08-29T10:16:47</time>
			</trkpt>
			<trkpt lat="48.85818994604051" lon="2.913679964840412">
				<ele>51.0</ele>
				<time>2019-08-29T10:16:48</time>
			</trkpt>
			<trkpt lat="48.858239986002445" lon="2.9137199465185404">
				<ele>51.0</ele>
				<time>2019-08-29T10:16:50</time>
			</trkpt>
			<trkpt lat="48.8582699932158" lon="2.9137499537318945">
				<ele>51.0</ele>
				<time>2019-08-29T10:16:50</time>
			</trkpt>
			<trkpt lat="48.85830997489393" lon="2.9137899354100227">
				<ele>51.0</ele>
				<time>2019-08-29T10:16:51</time>
			</trkpt>
			<trkpt lat="48.85844995267689" lon="2.9139199387282133">
				<ele>51.0</ele>
				<time>2019-08-29T10:16:55</time>
			</trkpt>
			<trkpt lat="48.858539974316955" lon="2.9140099603682756">
				<ele>51.0</ele>
				<time>2019-08-29T10:16:57</time>
			</trkpt>
			<trkpt lat="48.85875999927521" lon="2.9142599925398827">
				<ele>51.0</ele>
				<time>2019-08-29T10:17:02</time>
			</trkpt>
			<trkpt lat="48.858859995380044" lon="2.9143699631094933">
				<ele>52.0</ele>
				<time>2019-08-29T10:17:05</time>
			</trkpt>
			<trkpt lat="48.858889918774366" lon="2.9143999703228474">
				<ele>52.0</ele>
				<time>2019-08-29T10:17:05</time>
			</trkpt>
			<trkpt lat="48.8589399587363" lon="2.9144699592143297">
				<ele>52.0</ele>
				<time>2019-08-29T10:17:07</time>
			</trkpt>
			<trkpt lat="48.859229972586036" lon="2.9147999547421932">
				<ele>53.0</ele>
				<time>2019-08-29T10:17:14</time>
			</trkpt>
			<trkpt lat="48.859289987012744" lon="2.9148699436336756">
				<ele>53.0</ele>
				<time>2019-08-29T10:17:15</time>
			</trkpt>
			<trkpt lat="48.859339943155646" lon="2.9150999430567026">
				<ele>53.0</ele>
				<time>2019-08-29T10:17:19</time>
			</trkpt>
			<trkpt lat="48.859359975904226" lon="2.915169931948185">
				<ele>54.0</ele>
				<time>2019-08-29T10:17:20</time>
			</trkpt>
			<trkpt lat="48.859399957582355" lon="2.9153499752283096">
				<ele>54.0</ele>
				<time>2019-08-29T10:17:22</time>
			</trkpt>
			<trkpt lat="48.859339943155646" lon="2.915859930217266">
				<ele>55.0</ele>
				<time>2019-08-29T10:17:29</time>
			</trkpt>
			<trkpt lat="48.85929996147752" lon="2.9161599185317755">
				<ele>55.0</ele>
				<time>2019-08-29T10:17:33</time>
			</trkpt>
			<trkpt lat="48.85925997979939" lon="2.9164399579167366">
				<ele>56.0</ele>
				<time>2019-08-29T10:17:37</time>
			</trkpt>
			<trkpt lat="48.85916995815933" lon="2.9171299561858177">
				<ele>56.0</ele>
				<time>2019-08-29T10:17:46</time>
			</trkpt>
			<trkpt lat="48.8591799326241" lon="2.917249985039234">
				<ele>57.0</ele>
				<time>2019-08-29T10:17:48</time>
			</trkpt>
			<trkpt lat="48.85902998037636" lon="2.9179999977350235">
				<ele>56.0</ele>
				<time>2019-08-29T10:17:58</time>
			</trkpt>
			<trkpt lat="48.8589399587363" lon="2.918549934402108">
				<ele>55.0</ele>
				<time>2019-08-29T10:18:05</time>
			</trkpt>
			<trkpt lat="48.858819929882884" lon="2.9192999470978975">
				<ele>54.0</ele>
				<time>2019-08-29T10:18:16</time>
			</trkpt>
			<trkpt lat="48.858649944886565" lon="2.920259926468134">
				<ele>54.0</ele>
				<time>2019-08-29T10:18:29</time>
			</trkpt>
			<trkpt lat="48.858459927141666" lon="2.921389974653721">
				<ele>54.0</ele>
				<time>2019-08-29T10:18:44</time>
			</trkpt>
			<trkpt lat="48.85842991992831" lon="2.9215599596500397">
				<ele>54.0</ele>
				<time>2019-08-29T10:18:46</time>
			</trkpt>
			<trkpt lat="48.858409970998764" lon="2.921659955754876">
				<ele>54.0</ele>
				<time>2019-08-29T10:18:48</time>
			</trkpt>
			<trkpt lat="48.85839999653399" lon="2.9217699263244867">
				<ele>55.0</ele>
				<time>2019-08-29T10:18:49</time>
			</trkpt>
			<trkpt lat="48.858389938250184" lon="2.921849973499775">
				<ele>54.0</ele>
				<time>2019-08-29T10:18:50</time>
			</trkpt>
			<trkpt lat="48.858369989320636" lon="2.9219899512827396">
				<ele>54.0</ele>
				<time>2019-08-29T10:18:52</time>
			</trkpt>
			<trkpt lat="48.85833998210728" lon="2.9223999939858913">
				<ele>53.0</ele>
				<time>2019-08-29T10:18:58</time>
			</trkpt>
			<trkpt lat="48.85830997489393" lon="2.9228299856185913">
				<ele>53.0</ele>
				<time>2019-08-29T10:19:03</time>
			</trkpt>
			<trkpt lat="48.85829991661012" lon="2.922949930652976">
				<ele>53.0</ele>
				<time>2019-08-29T10:19:05</time>
			</trkpt>
			<trkpt lat="48.85828994214535" lon="2.923369947820902">
				<ele>54.0</ele>
				<time>2019-08-29T10:19:10</time>
			</trkpt>
			<trkpt lat="48.85827996768057" lon="2.923609921708703">
				<ele>54.0</ele>
				<time>2019-08-29T10:19:14</time>
			</trkpt>
			<trkpt lat="48.8582699932158" lon="2.923799939453602">
				<ele>55.0</ele>
				<time>2019-08-29T10:19:16</time>
			</trkpt>
			<trkpt lat="48.8582699932158" lon="2.9239799827337265">
				<ele>55.0</ele>
				<time>2019-08-29T10:19:18</time>
			</trkpt>
			<trkpt lat="48.85830997489393" lon="2.92428994551301">
				<ele>55.0</ele>
				<time>2019-08-29T10:19:23</time>
			</trkpt>
			<trkpt lat="48.858349956572056" lon="2.9246199410408735">
				<ele>54.0</ele>
				<time>2019-08-29T10:19:27</time>
			</trkpt>
			<trkpt lat="48.858389938250184" lon="2.924909954890609">
				<ele>54.0</ele>
				<time>2019-08-29T10:19:31</time>
			</trkpt>
			<trkpt lat="48.85843997821212" lon="2.9252599831670523">
				<ele>54.0</ele>
				<time>2019-08-29T10:19:36</time>
			</trkpt>
			<trkpt lat="48.85844995267689" lon="2.925379928201437">
				<ele>54.0</ele>
				<time>2019-08-29T10:19:37</time>
			</trkpt>
			<trkpt lat="48.85844995267689" lon="2.925389986485243">
				<ele>54.0</ele>
				<time>2019-08-29T10:19:37</time>
			</trkpt>
		</trkseg>
	</trk>
</gpx>
