<?xml version="1.0" encoding="UTF-8"?>
<gpx creator="Garmin Connect" version="1.1"
  xsi:schemaLocation="http://www.topografix.com/GPX/1/1 http://www.topografix.com/GPX/11.xsd"
  xmlns:ns3="http://www.garmin.com/xmlschemas/TrackPointExtension/v1"
  xmlns="http://www.topografix.com/GPX/1/1"
  xmlns:xsi="http://www.w3.org/2001/XMLSchema-instance" xmlns:ns2="http://www.garmin.com/xmlschemas/GpxExtensions/v3">
  <metadata>
    <name>Route CrécyVélo77 - 86km 2026.4</name>
    <link href="connect.garmin.com">
      <text>Garmin Connect</text>
    </link>
    <time>2026-08-24T09:08:19.000Z</time>
  </metadata>
  <wpt lat="48.74555761925876" lon="3.0624068621546">
    <ele>0.0</ele>
    <name>Ravito</name>
    <type>FOOD</type>
  </wpt>
  <wpt lat="48.74069702501428" lon="3.10903268567786">
    <ele>0.0</ele>
    <name>Signaleur</name>
    <cmt>Traversée D209</cmt>
    <type>INFO</type>
  </wpt>
  <wpt lat="48.78907674374219" lon="3.2302975040689">
    <ele>0.0</ele>
    <name>Signaleur</name>
    <cmt>Traversée D934</cmt>
    <type>INFO</type>
  </wpt>
  <wpt lat="48.85050273500383" lon="3.14224767498672">
    <ele>0.0</ele>
    <name>Ravito</name>
    <type>FOOD</type>
  </wpt>
  <wpt lat="48.86426242218223" lon="2.99126580538794">
    <ele>0.0</ele>
    <name>Signaleur</name>
    <cmt>Signaleur</cmt>
    <type>INFO</type>
  </wpt>
  <trk>
    <name>Route CrécyVélo77 - 86km 2026.4</name>
    <trkseg>
      <trkpt lat="48.85847761295736" lon="2.9162468388676643">
        <ele>53.74</ele>
      </trkpt>
      <trkpt lat="48.8587760925293" lon="2.9163765907287598">
        <ele>53.88</ele>
      </trkpt>
      <trkpt lat="48.85886192321777" lon="2.916076183319092">
        <ele>54.03</ele>
      </trkpt>
      <trkpt lat="48.85890483856201" lon="2.9160547256469727">
        <ele>54.16</ele>
      </trkpt>
      <trkpt lat="48.859097957611084" lon="2.9161190148442984">
        <ele>54.37</ele>
      </trkpt>
      <trkpt lat="48.85929116047919" lon="2.9161834716796875">
        <ele>54.72</ele>
      </trkpt>
      <trkpt lat="48.859221171587706" lon="2.916645985096693">
        <ele>54.91</ele>
      </trkpt>
      <trkpt lat="48.859151266515255" lon="2.9171084985136986">
        <ele>55.11</ele>
      </trkpt>
      <trkpt lat="48.859081361442804" lon="2.917571011930704">
        <ele>55.27</ele>
      </trkpt>
      <trkpt lat="48.85901221074164" lon="2.9180288314819336">
        <ele>55.26</ele>
      </trkpt>
      <trkpt lat="48.85896191932261" lon="2.918394533917308">
        <ele>55.22</ele>
      </trkpt>
      <trkpt lat="48.85891171172261" lon="2.918760236352682">
        <ele>55.22</ele>
      </trkpt>
      <trkpt lat="48.85886192321777" lon="2.9191231727600098">
        <ele>55.18</ele>
      </trkpt>
      <trkpt lat="48.858840465545654" lon="2.9192519187927246">
        <ele>55.12</ele>
      </trkpt>
      <trkpt lat="48.858840549364686" lon="2.9192519187927246">
        <ele>55.08</ele>
      </trkpt>
      <trkpt lat="48.85878313332796" lon="2.9195888713002205">
        <ele>54.97</ele>
      </trkpt>
      <trkpt lat="48.85872580111027" lon="2.919925907626748">
        <ele>54.86</ele>
      </trkpt>
      <trkpt lat="48.85866888798773" lon="2.920260429382324">
        <ele>54.87</ele>
      </trkpt>
      <trkpt lat="48.85860434733331" lon="2.9206261318176985">
        <ele>55.01</ele>
      </trkpt>
      <trkpt lat="48.85853980667889" lon="2.9209918342530727">
        <ele>55.19</ele>
      </trkpt>
      <trkpt lat="48.85847576893866" lon="2.9213547706604004">
        <ele>55.25</ele>
      </trkpt>
      <trkpt lat="48.85842187330127" lon="2.921731201931834">
        <ele>55.22</ele>
      </trkpt>
      <trkpt lat="48.85836839675903" lon="2.9221057891845703">
        <ele>55.25</ele>
      </trkpt>
      <trkpt lat="48.858368480578065" lon="2.9221057891845703">
        <ele>55.3</ele>
      </trkpt>
      <trkpt lat="48.858347022905946" lon="2.9224705696105957">
        <ele>55.34</ele>
      </trkpt>
      <trkpt lat="48.85832757689059" lon="2.9229292273521423">
        <ele>55.39</ele>
      </trkpt>
      <trkpt lat="48.858307879418135" lon="2.92338989675045">
        <ele>55.5</ele>
      </trkpt>
      <trkpt lat="48.858307963237166" lon="2.92338989675045">
        <ele>55.59</ele>
      </trkpt>
      <trkpt lat="48.8583080470562" lon="2.923388723284006">
        <ele>55.7</ele>
      </trkpt>
      <trkpt lat="48.85830813087523" lon="2.923387633636594">
        <ele>55.81</ele>
      </trkpt>
      <trkpt lat="48.85830813087523" lon="2.923387549817562">
        <ele>55.94</ele>
      </trkpt>
      <trkpt lat="48.85830821469426" lon="2.9233865439891815">
        <ele>56.07</ele>
      </trkpt>
      <trkpt lat="48.85830829851329" lon="2.923385454341769">
        <ele>56.21</ele>
      </trkpt>
      <trkpt lat="48.85829539038241" lon="2.9236905556172132">
        <ele>56.41</ele>
      </trkpt>
      <trkpt lat="48.85828264988959" lon="2.9239940643310547">
        <ele>56.65</ele>
      </trkpt>
      <trkpt lat="48.85833998210728" lon="2.924460181966424">
        <ele>56.82</ele>
      </trkpt>
      <trkpt lat="48.858397314324975" lon="2.9249262996017933">
        <ele>56.87</ele>
      </trkpt>
      <trkpt lat="48.85845422744751" lon="2.925388813018799">
        <ele>56.97</ele>
      </trkpt>
      <trkpt lat="48.85845422744751" lon="2.925560474395752">
        <ele>57.09</ele>
      </trkpt>
      <trkpt lat="48.85838985443115" lon="2.92586088180542">
        <ele>57.19</ele>
      </trkpt>
      <trkpt lat="48.8582715857774" lon="2.92616187594831">
        <ele>57.32</ele>
      </trkpt>
      <trkpt lat="48.85815390385687" lon="2.926461696624756">
        <ele>57.54</ele>
      </trkpt>
      <trkpt lat="48.85813236236572" lon="2.9265260696411133">
        <ele>57.7</ele>
      </trkpt>
      <trkpt lat="48.857960449531674" lon="2.926740814000368">
        <ele>57.94</ele>
      </trkpt>
      <trkpt lat="48.85778862051666" lon="2.9269556421786547">
        <ele>58.18</ele>
      </trkpt>
      <trkpt lat="48.85761737823486" lon="2.9271697998046875">
        <ele>58.42</ele>
      </trkpt>
      <trkpt lat="48.857596004381776" lon="2.927062511444092">
        <ele>58.46</ele>
      </trkpt>
      <trkpt lat="48.85751008987427" lon="2.9270410537719727">
        <ele>58.48</ele>
      </trkpt>
      <trkpt lat="48.857316970825195" lon="2.9271483421325684">
        <ele>58.51</ele>
      </trkpt>
      <trkpt lat="48.857061909511685" lon="2.9274033196270466">
        <ele>58.51</ele>
      </trkpt>
      <trkpt lat="48.85680693201721" lon="2.927658297121525">
        <ele>58.42</ele>
      </trkpt>
      <trkpt lat="48.85655195452273" lon="2.927913274616003">
        <ele>58.37</ele>
      </trkpt>
      <trkpt lat="48.85629697702825" lon="2.928168335929513">
        <ele>58.32</ele>
      </trkpt>
      <trkpt lat="48.85604199953377" lon="2.928423313423991">
        <ele>58.22</ele>
      </trkpt>
      <trkpt lat="48.855787022039294" lon="2.9286782909184694">
        <ele>58.08</ele>
      </trkpt>
      <trkpt lat="48.855531960725784" lon="2.9289332684129477">
        <ele>57.97</ele>
      </trkpt>
      <trkpt lat="48.85527849197388" lon="2.9291868209838867">
        <ele>57.93</ele>
      </trkpt>
      <trkpt lat="48.855106914415956" lon="2.9291653633117676">
        <ele>57.64</ele>
      </trkpt>
      <trkpt lat="48.855042457580566" lon="2.9289937019348145">
        <ele>57.24</ele>
      </trkpt>
      <trkpt lat="48.85499224998057" lon="2.9285920411348343">
        <ele>56.72</ele>
      </trkpt>
      <trkpt lat="48.85494204238057" lon="2.928190464153886">
        <ele>56.25</ele>
      </trkpt>
      <trkpt lat="48.85489225387573" lon="2.9277920722961426">
        <ele>55.8</ele>
      </trkpt>
      <trkpt lat="48.854849338531494" lon="2.927534580230713">
        <ele>55.35</ele>
      </trkpt>
      <trkpt lat="48.85476350784302" lon="2.927427291870117">
        <ele>54.9</ele>
      </trkpt>
      <trkpt lat="48.8546347618103" lon="2.927405834197998">
        <ele>54.47</ele>
      </trkpt>
      <trkpt lat="48.854344077408314" lon="2.9273889865726233">
        <ele>54.05</ele>
      </trkpt>
      <trkpt lat="48.85405347682536" lon="2.9273721389472485">
        <ele>53.55</ele>
      </trkpt>
      <trkpt lat="48.85376497171819" lon="2.9273553751409054">
        <ele>53.12</ele>
      </trkpt>
      <trkpt lat="48.85376337915659" lon="2.9273552913218737">
        <ele>52.73</ele>
      </trkpt>
      <trkpt lat="48.85376329533756" lon="2.9273552913218737">
        <ele>52.37</ele>
      </trkpt>
      <trkpt lat="48.853763127699494" lon="2.9273552913218737">
        <ele>52.03</ele>
      </trkpt>
      <trkpt lat="48.85376304388046" lon="2.927355207502842">
        <ele>51.72</ele>
      </trkpt>
      <trkpt lat="48.85376304388046" lon="2.9273552913218737">
        <ele>51.44</ele>
      </trkpt>
      <trkpt lat="48.8537628762424" lon="2.9273552913218737">
        <ele>51.19</ele>
      </trkpt>
      <trkpt lat="48.853762708604336" lon="2.9273552913218737">
        <ele>50.96</ele>
      </trkpt>
      <trkpt lat="48.85345844551921" lon="2.9273376055061817">
        <ele>50.76</ele>
      </trkpt>
      <trkpt lat="48.85315418243408" lon="2.9273200035095215">
        <ele>50.63</ele>
      </trkpt>
      <trkpt lat="48.85290733538568" lon="2.9274380207061768">
        <ele>50.46</ele>
      </trkpt>
      <trkpt lat="48.85266065597534" lon="2.927556037902832">
        <ele>50.34</ele>
      </trkpt>
      <trkpt lat="48.85244591161609" lon="2.927727699279785">
        <ele>50.21</ele>
      </trkpt>
      <trkpt lat="48.85223150253296" lon="2.9278993606567383">
        <ele>50.08</ele>
      </trkpt>
      <trkpt lat="48.85195255279541" lon="2.9278992768377066">
        <ele>49.96</ele>
      </trkpt>
      <trkpt lat="48.85167360305786" lon="2.9278993606567383">
        <ele>49.89</ele>
      </trkpt>
      <trkpt lat="48.85138920508325" lon="2.9277544375509024">
        <ele>49.83</ele>
      </trkpt>
      <trkpt lat="48.85110489092767" lon="2.927609598264098">
        <ele>49.83</ele>
      </trkpt>
      <trkpt lat="48.85082049295306" lon="2.927464758977294">
        <ele>49.87</ele>
      </trkpt>
      <trkpt lat="48.85053634643555" lon="2.9273200035095215">
        <ele>49.86</ele>
      </trkpt>
      <trkpt lat="48.85035026818514" lon="2.927169715985656">
        <ele>49.84</ele>
      </trkpt>
      <trkpt lat="48.85016418993473" lon="2.92701942846179">
        <ele>49.85</ele>
      </trkpt>
      <trkpt lat="48.84997844696045" lon="2.9268693923950195">
        <ele>49.82</ele>
      </trkpt>
      <trkpt lat="48.84997853077948" lon="2.9268693923950195">
        <ele>49.83</ele>
      </trkpt>
      <trkpt lat="48.84978532791138" lon="2.9267191886901855">
        <ele>49.78</ele>
      </trkpt>
      <trkpt lat="48.849584832787514" lon="2.9264900274574757">
        <ele>49.74</ele>
      </trkpt>
      <trkpt lat="48.84938442148268" lon="2.9262609500437975">
        <ele>49.78</ele>
      </trkpt>
      <trkpt lat="48.84918451309204" lon="2.926032543182373">
        <ele>49.85</ele>
      </trkpt>
      <trkpt lat="48.84890539571643" lon="2.925817798823118">
        <ele>49.96</ele>
      </trkpt>
      <trkpt lat="48.84862636215985" lon="2.925603138282895">
        <ele>50.02</ele>
      </trkpt>
      <trkpt lat="48.848347663879395" lon="2.925388813018799">
        <ele>49.99</ele>
      </trkpt>
      <trkpt lat="48.84814716875553" lon="2.9251453187316656">
        <ele>49.95</ele>
      </trkpt>
      <trkpt lat="48.84794667363167" lon="2.924901908263564">
        <ele>50.02</ele>
      </trkpt>
      <trkpt lat="48.84774684906006" lon="2.924659252166748">
        <ele>50.06</ele>
      </trkpt>
      <trkpt lat="48.84760703891516" lon="2.924293717369437">
        <ele>50.09</ele>
      </trkpt>
      <trkpt lat="48.84746789932251" lon="2.9239296913146973">
        <ele>50.13</ele>
      </trkpt>
      <trkpt lat="48.84746798314154" lon="2.9239296913146973">
        <ele>50.17</ele>
      </trkpt>
      <trkpt lat="48.8474356289953" lon="2.9235639050602913">
        <ele>50.21</ele>
      </trkpt>
      <trkpt lat="48.84740335866809" lon="2.9231981188058853">
        <ele>50.26</ele>
      </trkpt>
      <trkpt lat="48.84737108834088" lon="2.9228323325514793">
        <ele>50.3</ele>
      </trkpt>
      <trkpt lat="48.847339153289795" lon="2.9224705696105957">
        <ele>50.38</ele>
      </trkpt>
      <trkpt lat="48.8472318649292" lon="2.922062873840332">
        <ele>50.47</ele>
      </trkpt>
      <trkpt lat="48.84712432511151" lon="2.9218586906790733">
        <ele>50.54</ele>
      </trkpt>
      <trkpt lat="48.84701728820801" lon="2.9216551780700684">
        <ele>50.59</ele>
      </trkpt>
      <trkpt lat="48.84695274755359" lon="2.921232059597969">
        <ele>50.63</ele>
      </trkpt>
      <trkpt lat="48.846888206899166" lon="2.9208089411258698">
        <ele>50.68</ele>
      </trkpt>
      <trkpt lat="48.846823666244745" lon="2.9203858226537704">
        <ele>50.8</ele>
      </trkpt>
      <trkpt lat="48.846759125590324" lon="2.919962704181671">
        <ele>50.93</ele>
      </trkpt>
      <trkpt lat="48.8466945849359" lon="2.9195396695286036">
        <ele>51.04</ele>
      </trkpt>
      <trkpt lat="48.84663105010986" lon="2.9191231727600098">
        <ele>51.15</ele>
      </trkpt>
      <trkpt lat="48.84659517556429" lon="2.9186569713056087">
        <ele>51.22</ele>
      </trkpt>
      <trkpt lat="48.846559301018715" lon="2.9181907698512077">
        <ele>51.38</ele>
      </trkpt>
      <trkpt lat="48.84652342647314" lon="2.9177245683968067">
        <ele>51.59</ele>
      </trkpt>
      <trkpt lat="48.84648755192757" lon="2.9172584507614374">
        <ele>51.77</ele>
      </trkpt>
      <trkpt lat="48.846451761201024" lon="2.9167922493070364">
        <ele>51.96</ele>
      </trkpt>
      <trkpt lat="48.84641647338867" lon="2.9163336753845215">
        <ele>52.24</ele>
      </trkpt>
      <trkpt lat="48.84640205651522" lon="2.9159320145845413">
        <ele>52.43</ele>
      </trkpt>
      <trkpt lat="48.84638772346079" lon="2.915530353784561">
        <ele>52.65</ele>
      </trkpt>
      <trkpt lat="48.846373558044434" lon="2.9151320457458496">
        <ele>52.9</ele>
      </trkpt>
      <trkpt lat="48.84630356915295" lon="2.914733989164233">
        <ele>53.17</ele>
      </trkpt>
      <trkpt lat="48.8462336640805" lon="2.9143360164016485">
        <ele>53.4</ele>
      </trkpt>
      <trkpt lat="48.84616375900805" lon="2.913938043639064">
        <ele>53.67</ele>
      </trkpt>
      <trkpt lat="48.846094608306885" lon="2.913544178009033">
        <ele>53.97</ele>
      </trkpt>
      <trkpt lat="48.84594440460205" lon="2.913222312927246">
        <ele>54.2</ele>
      </trkpt>
      <trkpt lat="48.84603031910956" lon="2.9131364822387695">
        <ele>54.46</ele>
      </trkpt>
      <trkpt lat="48.84630926884711" lon="2.9129862785339355">
        <ele>54.9</ele>
      </trkpt>
      <trkpt lat="48.84641647338867" lon="2.912921905517578">
        <ele>55.23</ele>
      </trkpt>
      <trkpt lat="48.84628739207983" lon="2.9125778283923864">
        <ele>55.43</ele>
      </trkpt>
      <trkpt lat="48.84615898132324" lon="2.9122352600097656">
        <ele>55.57</ele>
      </trkpt>
      <trkpt lat="48.84601565077901" lon="2.9119558073580265">
        <ele>55.67</ele>
      </trkpt>
      <trkpt lat="48.84587240405381" lon="2.911676438525319">
        <ele>55.72</ele>
      </trkpt>
      <trkpt lat="48.84572982788086" lon="2.911398410797119">
        <ele>55.77</ele>
      </trkpt>
      <trkpt lat="48.845601165667176" lon="2.9111623764038086">
        <ele>55.83</ele>
      </trkpt>
      <trkpt lat="48.84539480321109" lon="2.910814192146063">
        <ele>55.82</ele>
      </trkpt>
      <trkpt lat="48.84518852457404" lon="2.910466091707349">
        <ele>55.8</ele>
      </trkpt>
      <trkpt lat="48.84498224593699" lon="2.910117991268635">
        <ele>55.75</ele>
      </trkpt>
      <trkpt lat="48.84477588348091" lon="2.9097698908299208">
        <ele>55.7</ele>
      </trkpt>
      <trkpt lat="48.844571113586426" lon="2.909424304962158">
        <ele>55.65</ele>
      </trkpt>
      <trkpt lat="48.84436550550163" lon="2.909154240041971">
        <ele>55.56</ele>
      </trkpt>
      <trkpt lat="48.84415989741683" lon="2.908884175121784">
        <ele>55.48</ele>
      </trkpt>
      <trkpt lat="48.84395428933203" lon="2.908614110201597">
        <ele>55.47</ele>
      </trkpt>
      <trkpt lat="48.843748681247234" lon="2.90834404528141">
        <ele>55.44</ele>
      </trkpt>
      <trkpt lat="48.84354307316244" lon="2.908073980361223">
        <ele>55.45</ele>
      </trkpt>
      <trkpt lat="48.84333746507764" lon="2.907803999260068">
        <ele>55.41</ele>
      </trkpt>
      <trkpt lat="48.84313344955444" lon="2.907536029815674">
        <ele>55.36</ele>
      </trkpt>
      <trkpt lat="48.84288643486798" lon="2.907278286293149">
        <ele>55.26</ele>
      </trkpt>
      <trkpt lat="48.8426399230957" lon="2.9070210456848145">
        <ele>55.09</ele>
      </trkpt>
      <trkpt lat="48.84235016070306" lon="2.9068493004888296">
        <ele>54.93</ele>
      </trkpt>
      <trkpt lat="48.842060565948486" lon="2.906677722930908">
        <ele>54.85</ele>
      </trkpt>
      <trkpt lat="48.8418888207525" lon="2.9066025372594595">
        <ele>54.74</ele>
      </trkpt>
      <trkpt lat="48.84171724319458" lon="2.906527519226074">
        <ele>54.63</ele>
      </trkpt>
      <trkpt lat="48.84142396040261" lon="2.906460715457797">
        <ele>54.45</ele>
      </trkpt>
      <trkpt lat="48.84113076142967" lon="2.9063939955085516">
        <ele>54.23</ele>
      </trkpt>
      <trkpt lat="48.84083756245673" lon="2.9063271917402744">
        <ele>54.04</ele>
      </trkpt>
      <trkpt lat="48.84054436348379" lon="2.906260471791029">
        <ele>53.87</ele>
      </trkpt>
      <trkpt lat="48.840251164510846" lon="2.9061937518417835">
        <ele>53.73</ele>
      </trkpt>
      <trkpt lat="48.839957965537906" lon="2.9061269480735064">
        <ele>53.58</ele>
      </trkpt>
      <trkpt lat="48.83966468274593" lon="2.906060228124261">
        <ele>53.44</ele>
      </trkpt>
      <trkpt lat="48.83937148377299" lon="2.9059934243559837">
        <ele>53.34</ele>
      </trkpt>
      <trkpt lat="48.83907803334296" lon="2.9059267044067383">
        <ele>53.27</ele>
      </trkpt>
      <trkpt lat="48.83878407999873" lon="2.9058579728007317">
        <ele>53.17</ele>
      </trkpt>
      <trkpt lat="48.838490126654506" lon="2.9057893250137568">
        <ele>53.02</ele>
      </trkpt>
      <trkpt lat="48.83819617331028" lon="2.905720677226782">
        <ele>52.88</ele>
      </trkpt>
      <trkpt lat="48.837902219966054" lon="2.905652029439807">
        <ele>52.74</ele>
      </trkpt>
      <trkpt lat="48.83760826662183" lon="2.905583381652832">
        <ele>52.67</ele>
      </trkpt>
      <trkpt lat="48.837314397096634" lon="2.905514733865857">
        <ele>52.64</ele>
      </trkpt>
      <trkpt lat="48.83702044375241" lon="2.905446086078882">
        <ele>52.59</ele>
      </trkpt>
      <trkpt lat="48.83672649040818" lon="2.9053773544728756">
        <ele>52.56</ele>
      </trkpt>
      <trkpt lat="48.836432537063956" lon="2.9053087066859007">
        <ele>52.55</ele>
      </trkpt>
      <trkpt lat="48.836138332262635" lon="2.905240058898926">
        <ele>52.56</ele>
      </trkpt>
      <trkpt lat="48.83596658706665" lon="2.905186414718628">
        <ele>52.56</ele>
      </trkpt>
      <trkpt lat="48.8357949256897" lon="2.90513277053833">
        <ele>52.59</ele>
      </trkpt>
      <trkpt lat="48.83550055325031" lon="2.9049641266465187">
        <ele>52.67</ele>
      </trkpt>
      <trkpt lat="48.83520618081093" lon="2.9047954827547073">
        <ele>52.76</ele>
      </trkpt>
      <trkpt lat="48.834911892190576" lon="2.904626838862896">
        <ele>52.81</ele>
      </trkpt>
      <trkpt lat="48.83461751975119" lon="2.9044581949710846">
        <ele>52.84</ele>
      </trkpt>
      <trkpt lat="48.83432323113084" lon="2.9042895510792732">
        <ele>52.96</ele>
      </trkpt>
      <trkpt lat="48.834028858691454" lon="2.904120907187462">
        <ele>53.13</ele>
      </trkpt>
      <trkpt lat="48.83373498916626" lon="2.9039525985717773">
        <ele>53.31</ele>
      </trkpt>
      <trkpt lat="48.83345947600901" lon="2.903771884739399">
        <ele>53.51</ele>
      </trkpt>
      <trkpt lat="48.833184046670794" lon="2.9035912547260523">
        <ele>53.68</ele>
      </trkpt>
      <trkpt lat="48.83290861733258" lon="2.903410540893674">
        <ele>53.91</ele>
      </trkpt>
      <trkpt lat="48.83263310417533" lon="2.9032299108803272">
        <ele>54.17</ele>
      </trkpt>
      <trkpt lat="48.83235767483711" lon="2.9030492808669806">
        <ele>54.4</ele>
      </trkpt>
      <trkpt lat="48.832082245498896" lon="2.902868567034602">
        <ele>54.68</ele>
      </trkpt>
      <trkpt lat="48.83180681616068" lon="2.9026879370212555">
        <ele>54.99</ele>
      </trkpt>
      <trkpt lat="48.83153130300343" lon="2.902507307007909">
        <ele>55.26</ele>
      </trkpt>
      <trkpt lat="48.831255873665214" lon="2.9023265931755304">
        <ele>55.48</ele>
      </trkpt>
      <trkpt lat="48.830980444327" lon="2.9021459631621838">
        <ele>55.73</ele>
      </trkpt>
      <trkpt lat="48.83070501498878" lon="2.901965333148837">
        <ele>55.93</ele>
      </trkpt>
      <trkpt lat="48.83043050765991" lon="2.901785373687744">
        <ele>56.13</ele>
      </trkpt>
      <trkpt lat="48.830344676971436" lon="2.9016780853271484">
        <ele>56.43</ele>
      </trkpt>
      <trkpt lat="48.830194221809506" lon="2.901301821693778">
        <ele>56.89</ele>
      </trkpt>
      <trkpt lat="48.8300443533808" lon="2.9009270668029785">
        <ele>57.3</ele>
      </trkpt>
      <trkpt lat="48.83004426956177" lon="2.9009270668029785">
        <ele>57.59</ele>
      </trkpt>
      <trkpt lat="48.83000135421753" lon="2.901163101196289">
        <ele>57.75</ele>
      </trkpt>
      <trkpt lat="48.82993698120117" lon="2.901291847229004">
        <ele>57.96</ele>
      </trkpt>
      <trkpt lat="48.829829692840576" lon="2.9013776779174805">
        <ele>58.2</ele>
      </trkpt>
      <trkpt lat="48.82976531982422" lon="2.9013991355895996">
        <ele>58.49</ele>
      </trkpt>
      <trkpt lat="48.82957220077515" lon="2.9013454914093018">
        <ele>58.8</ele>
      </trkpt>
      <trkpt lat="48.829379081726074" lon="2.901291847229004">
        <ele>59.14</ele>
      </trkpt>
      <trkpt lat="48.829100131988525" lon="2.9013024922460318">
        <ele>59.5</ele>
      </trkpt>
      <trkpt lat="48.82882118225098" lon="2.901313304901123">
        <ele>59.92</ele>
      </trkpt>
      <trkpt lat="48.82856008596718" lon="2.9013740736991167">
        <ele>60.25</ele>
      </trkpt>
      <trkpt lat="48.82829907350242" lon="2.9014348424971104">
        <ele>60.58</ele>
      </trkpt>
      <trkpt lat="48.82803806103766" lon="2.901495611295104">
        <ele>60.89</ele>
      </trkpt>
      <trkpt lat="48.827776964753866" lon="2.9015564639121294">
        <ele>61.28</ele>
      </trkpt>
      <trkpt lat="48.827515952289104" lon="2.901617232710123">
        <ele>61.64</ele>
      </trkpt>
      <trkpt lat="48.82725477218628" lon="2.9016780853271484">
        <ele>61.9</ele>
      </trkpt>
      <trkpt lat="48.827093839645386" lon="2.901699459180236">
        <ele>62.22</ele>
      </trkpt>
      <trkpt lat="48.82693290710449" lon="2.9017210006713867">
        <ele>62.55</ele>
      </trkpt>
      <trkpt lat="48.82675051689148" lon="2.901710271835327">
        <ele>62.91</ele>
      </trkpt>
      <trkpt lat="48.82656812667847" lon="2.9016995429992676">
        <ele>63.18</ele>
      </trkpt>
      <trkpt lat="48.8265682104975" lon="2.9016995429992676">
        <ele>63.45</ele>
      </trkpt>
      <trkpt lat="48.82648237980902" lon="2.9016995429992676">
        <ele>63.68</ele>
      </trkpt>
      <trkpt lat="48.8262605946511" lon="2.90169233456254">
        <ele>63.88</ele>
      </trkpt>
      <trkpt lat="48.826038893312216" lon="2.9016852099448442">
        <ele>64.17</ele>
      </trkpt>
      <trkpt lat="48.8258171081543" lon="2.9016780853271484">
        <ele>64.49</ele>
      </trkpt>
      <trkpt lat="48.82553815841675" lon="2.901699459180236">
        <ele>64.71</ele>
      </trkpt>
      <trkpt lat="48.82525929249823" lon="2.901720916852355">
        <ele>64.93</ele>
      </trkpt>
      <trkpt lat="48.82498025894165" lon="2.901742458343506">
        <ele>65.13</ele>
      </trkpt>
      <trkpt lat="48.824830055236816" lon="2.9018068313598633">
        <ele>65.19</ele>
      </trkpt>
      <trkpt lat="48.82466903887689" lon="2.9019248485565186">
        <ele>65.04</ele>
      </trkpt>
      <trkpt lat="48.82450827397406" lon="2.902042865753174">
        <ele>65.0</ele>
      </trkpt>
      <trkpt lat="48.82436863146722" lon="2.902203882113099">
        <ele>64.81</ele>
      </trkpt>
      <trkpt lat="48.82422924041748" lon="2.902364730834961">
        <ele>64.66</ele>
      </trkpt>
      <trkpt lat="48.82405766285956" lon="2.902407646179199">
        <ele>64.52</ele>
      </trkpt>
      <trkpt lat="48.823864459991455" lon="2.90238618850708">
        <ele>64.37</ele>
      </trkpt>
      <trkpt lat="48.82355332374573" lon="2.902439748868346">
        <ele>64.18</ele>
      </trkpt>
      <trkpt lat="48.8232421875" lon="2.902493476867676">
        <ele>64.07</ele>
      </trkpt>
      <trkpt lat="48.823081171140075" lon="2.902557849884033">
        <ele>63.86</ele>
      </trkpt>
      <trkpt lat="48.82292032241821" lon="2.9026222229003906">
        <ele>63.64</ele>
      </trkpt>
      <trkpt lat="48.82266283035278" lon="2.902836799621582">
        <ele>63.36</ele>
      </trkpt>
      <trkpt lat="48.82245881482959" lon="2.903051543980837">
        <ele>62.99</ele>
      </trkpt>
      <trkpt lat="48.82225479930639" lon="2.90326620452106">
        <ele>62.61</ele>
      </trkpt>
      <trkpt lat="48.8220507837832" lon="2.903480948880315">
        <ele>62.23</ele>
      </trkpt>
      <trkpt lat="48.821847438812256" lon="2.9036951065063477">
        <ele>61.84</ele>
      </trkpt>
      <trkpt lat="48.82184752263129" lon="2.9036951065063477">
        <ele>61.46</ele>
      </trkpt>
      <trkpt lat="48.8217830657959" lon="2.903738021850586">
        <ele>61.05</ele>
      </trkpt>
      <trkpt lat="48.82178314961493" lon="2.903738021850586">
        <ele>60.64</ele>
      </trkpt>
      <trkpt lat="48.82153831422329" lon="2.9039999563246965">
        <ele>60.23</ele>
      </trkpt>
      <trkpt lat="48.82129347883165" lon="2.904261974617839">
        <ele>59.79</ele>
      </trkpt>
      <trkpt lat="48.82104864344001" lon="2.904523992910981">
        <ele>59.4</ele>
      </trkpt>
      <trkpt lat="48.8208038918674" lon="2.904785927385092">
        <ele>59.04</ele>
      </trkpt>
      <trkpt lat="48.82056006230414" lon="2.9050469398498535">
        <ele>58.67</ele>
      </trkpt>
      <trkpt lat="48.82043123245239" lon="2.9051971435546875">
        <ele>58.24</ele>
      </trkpt>
      <trkpt lat="48.82030248641968" lon="2.9053688049316406">
        <ele>57.77</ele>
      </trkpt>
      <trkpt lat="48.82019519805908" lon="2.9056906700134277">
        <ele>57.23</ele>
      </trkpt>
      <trkpt lat="48.820087909698486" lon="2.906055450439453">
        <ele>56.76</ele>
      </trkpt>
      <trkpt lat="48.82004499435425" lon="2.906484603881836">
        <ele>56.37</ele>
      </trkpt>
      <trkpt lat="48.820001911371946" lon="2.9069041181355715">
        <ele>56.02</ele>
      </trkpt>
      <trkpt lat="48.819958912208676" lon="2.907323632389307">
        <ele>55.64</ele>
      </trkpt>
      <trkpt lat="48.819915829226375" lon="2.9077432304620743">
        <ele>55.32</ele>
      </trkpt>
      <trkpt lat="48.819873332977295" lon="2.908158302307129">
        <ele>55.06</ele>
      </trkpt>
      <trkpt lat="48.81983024999499" lon="2.9085312131792307">
        <ele>54.84</ele>
      </trkpt>
      <trkpt lat="48.81978725083172" lon="2.9089041240513325">
        <ele>54.72</ele>
      </trkpt>
      <trkpt lat="48.81974467076361" lon="2.909274101257324">
        <ele>54.65</ele>
      </trkpt>
      <trkpt lat="48.81964777596295" lon="2.9096504487097263">
        <ele>54.68</ele>
      </trkpt>
      <trkpt lat="48.81955146789551" lon="2.910025119781494">
        <ele>54.8</ele>
      </trkpt>
      <trkpt lat="48.81955155171454" lon="2.910025119781494">
        <ele>54.86</ele>
      </trkpt>
      <trkpt lat="48.819397911429405" lon="2.910399790853262">
        <ele>55.08</ele>
      </trkpt>
      <trkpt lat="48.8192443549633" lon="2.9107744619250298">
        <ele>55.26</ele>
      </trkpt>
      <trkpt lat="48.8190907984972" lon="2.9111492168158293">
        <ele>55.43</ele>
      </trkpt>
      <trkpt lat="48.8189372420311" lon="2.911523887887597">
        <ele>55.63</ele>
      </trkpt>
      <trkpt lat="48.818783685564995" lon="2.911898558959365">
        <ele>55.91</ele>
      </trkpt>
      <trkpt lat="48.81863012909889" lon="2.9122733138501644">
        <ele>56.24</ele>
      </trkpt>
      <trkpt lat="48.81847866810858" lon="2.9126429557800293">
        <ele>56.64</ele>
      </trkpt>
      <trkpt lat="48.81838185712695" lon="2.9128794092684984">
        <ele>57.13</ele>
      </trkpt>
      <trkpt lat="48.81828546524048" lon="2.9131150245666504">
        <ele>57.65</ele>
      </trkpt>
      <trkpt lat="48.81812687963247" lon="2.913496568799019">
        <ele>58.27</ele>
      </trkpt>
      <trkpt lat="48.81796829402447" lon="2.913878196850419">
        <ele>58.89</ele>
      </trkpt>
      <trkpt lat="48.817809792235494" lon="2.9142598249018192">
        <ele>59.51</ele>
      </trkpt>
      <trkpt lat="48.81765120662749" lon="2.9146414529532194">
        <ele>60.15</ele>
      </trkpt>
      <trkpt lat="48.817492704838514" lon="2.915022997185588">
        <ele>60.9</ele>
      </trkpt>
      <trkpt lat="48.81733411923051" lon="2.915404625236988">
        <ele>61.69</ele>
      </trkpt>
      <trkpt lat="48.817175617441535" lon="2.9157862532883883">
        <ele>62.48</ele>
      </trkpt>
      <trkpt lat="48.81701946258545" lon="2.9161620140075684">
        <ele>63.3</ele>
      </trkpt>
      <trkpt lat="48.81701954640448" lon="2.9161620140075684">
        <ele>64.13</ele>
      </trkpt>
      <trkpt lat="48.81686590611935" lon="2.9165274649858475">
        <ele>65.02</ele>
      </trkpt>
      <trkpt lat="48.816712349653244" lon="2.9168929159641266">
        <ele>65.9</ele>
      </trkpt>
      <trkpt lat="48.81655879318714" lon="2.9172584507614374">
        <ele>66.83</ele>
      </trkpt>
      <trkpt lat="48.81640523672104" lon="2.9176239017397165">
        <ele>67.73</ele>
      </trkpt>
      <trkpt lat="48.816251680254936" lon="2.9179893527179956">
        <ele>68.67</ele>
      </trkpt>
      <trkpt lat="48.816098123788834" lon="2.9183548036962748">
        <ele>69.63</ele>
      </trkpt>
      <trkpt lat="48.81594657897949" lon="2.918715476989746">
        <ele>70.52</ele>
      </trkpt>
      <trkpt lat="48.815946662798524" lon="2.918715476989746">
        <ele>71.39</ele>
      </trkpt>
      <trkpt lat="48.815791849046946" lon="2.9190938360989094">
        <ele>72.3</ele>
      </trkpt>
      <trkpt lat="48.81563703529537" lon="2.9194721952080727">
        <ele>73.2</ele>
      </trkpt>
      <trkpt lat="48.81548222154379" lon="2.9198506381362677">
        <ele>74.01</ele>
      </trkpt>
      <trkpt lat="48.81532749161124" lon="2.920228997245431">
        <ele>74.87</ele>
      </trkpt>
      <trkpt lat="48.815174186602235" lon="2.9206037521362305">
        <ele>75.73</ele>
      </trkpt>
      <trkpt lat="48.815012918785214" lon="2.9209583904594183">
        <ele>76.54</ele>
      </trkpt>
      <trkpt lat="48.81500009447336" lon="2.920985883101821">
        <ele>77.19</ele>
      </trkpt>
      <trkpt lat="48.814999256283045" lon="2.920987894758582">
        <ele>77.78</ele>
      </trkpt>
      <trkpt lat="48.814999256283045" lon="2.9209880623966455">
        <ele>78.31</ele>
      </trkpt>
      <trkpt lat="48.81499917246401" lon="2.9209883138537407">
        <ele>78.79</ele>
      </trkpt>
      <trkpt lat="48.81499917246401" lon="2.9209883976727724">
        <ele>79.21</ele>
      </trkpt>
      <trkpt lat="48.81499917246401" lon="2.920988481491804">
        <ele>79.56</ele>
      </trkpt>
      <trkpt lat="48.81499917246401" lon="2.920988565310836">
        <ele>79.86</ele>
      </trkpt>
      <trkpt lat="48.81484997458756" lon="2.9213299602270126">
        <ele>80.19</ele>
      </trkpt>
      <trkpt lat="48.81453808397055" lon="2.921265671029687">
        <ele>80.44</ele>
      </trkpt>
      <trkpt lat="48.814226277172565" lon="2.921201381832361">
        <ele>80.55</ele>
      </trkpt>
      <trkpt lat="48.81391438655555" lon="2.9211370926350355">
        <ele>80.65</ele>
      </trkpt>
      <trkpt lat="48.81360257975757" lon="2.9210728872567415">
        <ele>80.68</ele>
      </trkpt>
      <trkpt lat="48.81353996694088" lon="2.9210599791258574">
        <ele>80.64</ele>
      </trkpt>
      <trkpt lat="48.813240230083466" lon="2.9209144692867994">
        <ele>80.51</ele>
      </trkpt>
      <trkpt lat="48.81294049322605" lon="2.9207690432667732">
        <ele>80.3</ele>
      </trkpt>
      <trkpt lat="48.81264084018767" lon="2.920623617246747">
        <ele>80.03</ele>
      </trkpt>
      <trkpt lat="48.812341103330255" lon="2.920478191226721">
        <ele>79.8</ele>
      </trkpt>
      <trkpt lat="48.812179919332266" lon="2.9203999880701303">
        <ele>79.56</ele>
      </trkpt>
      <trkpt lat="48.811870543286204" lon="2.920312564820051">
        <ele>79.32</ele>
      </trkpt>
      <trkpt lat="48.81171992048621" lon="2.9202699847519398">
        <ele>79.07</ele>
      </trkpt>
      <trkpt lat="48.81144993938506" lon="2.920259926468134">
        <ele>78.82</ele>
      </trkpt>
      <trkpt lat="48.81121993996203" lon="2.920309966430068">
        <ele>78.59</ele>
      </trkpt>
      <trkpt lat="48.8109140843153" lon="2.9204222839325666">
        <ele>78.33</ele>
      </trkpt>
      <trkpt lat="48.81072993390262" lon="2.920489925891161">
        <ele>78.1</ele>
      </trkpt>
      <trkpt lat="48.81046992726624" lon="2.920529991388321">
        <ele>77.88</ele>
      </trkpt>
      <trkpt lat="48.81024998612702" lon="2.920479951426387">
        <ele>77.68</ele>
      </trkpt>
      <trkpt lat="48.810089975595474" lon="2.9203899297863245">
        <ele>77.51</ele>
      </trkpt>
      <trkpt lat="48.80977808497846" lon="2.9203259758651257">
        <ele>77.41</ele>
      </trkpt>
      <trkpt lat="48.8096999656409" lon="2.920309966430068">
        <ele>77.36</ele>
      </trkpt>
      <trkpt lat="48.80953257903457" lon="2.9202901013195515">
        <ele>77.37</ele>
      </trkpt>
      <trkpt lat="48.809530986472964" lon="2.920289933681488">
        <ele>77.45</ele>
      </trkpt>
      <trkpt lat="48.8095308188349" lon="2.920289933681488">
        <ele>77.58</ele>
      </trkpt>
      <trkpt lat="48.809530567377806" lon="2.920289933681488">
        <ele>77.78</ele>
      </trkpt>
      <trkpt lat="48.809530483558774" lon="2.920289933681488">
        <ele>78.05</ele>
      </trkpt>
      <trkpt lat="48.809529980644584" lon="2.920289933681488">
        <ele>78.39</ele>
      </trkpt>
      <trkpt lat="48.80930995568633" lon="2.9202399775385857">
        <ele>78.79</ele>
      </trkpt>
      <trkpt lat="48.80927994847298" lon="2.9202199447900057">
        <ele>79.28</ele>
      </trkpt>
      <trkpt lat="48.809191938489676" lon="2.9206774290651083">
        <ele>79.97</ele>
      </trkpt>
      <trkpt lat="48.80917995236814" lon="2.920739958062768">
        <ele>80.61</ele>
      </trkpt>
      <trkpt lat="48.80905623547733" lon="2.9211780801415443">
        <ele>81.43</ele>
      </trkpt>
      <trkpt lat="48.80893997848034" lon="2.921589966863394">
        <ele>82.29</ele>
      </trkpt>
      <trkpt lat="48.808879209682345" lon="2.9220575094223022">
        <ele>83.22</ele>
      </trkpt>
      <trkpt lat="48.80881835706532" lon="2.9225250519812107">
        <ele>84.28</ele>
      </trkpt>
      <trkpt lat="48.80880997516215" lon="2.9225899279117584">
        <ele>85.24</ele>
      </trkpt>
      <trkpt lat="48.80883453413844" lon="2.9230650141835213">
        <ele>86.41</ele>
      </trkpt>
      <trkpt lat="48.8088399823755" lon="2.923169955611229">
        <ele>87.47</ele>
      </trkpt>
      <trkpt lat="48.80878994241357" lon="2.92344999499619">
        <ele>88.58</ele>
      </trkpt>
      <trkpt lat="48.80867997184396" lon="2.9236699361354113">
        <ele>89.65</ele>
      </trkpt>
      <trkpt lat="48.80863999016583" lon="2.9237499833106995">
        <ele>90.77</ele>
      </trkpt>
      <trkpt lat="48.808629931882024" lon="2.923889961093664">
        <ele>91.92</ele>
      </trkpt>
      <trkpt lat="48.808671003207564" lon="2.924362365156412">
        <ele>93.12</ele>
      </trkpt>
      <trkpt lat="48.80868994630873" lon="2.9245799593627453">
        <ele>94.37</ele>
      </trkpt>
      <trkpt lat="48.80869556218386" lon="2.9250563867390156">
        <ele>95.77</ele>
      </trkpt>
      <trkpt lat="48.808696484193206" lon="2.925150180235505">
        <ele>97.09</ele>
      </trkpt>
      <trkpt lat="48.80869656801224" lon="2.925152527168393">
        <ele>98.43</ele>
      </trkpt>
      <trkpt lat="48.80869665183127" lon="2.9251527786254883">
        <ele>99.79</ele>
      </trkpt>
      <trkpt lat="48.808699920773506" lon="2.925429968163371">
        <ele>101.23</ele>
      </trkpt>
      <trkpt lat="48.8083912152797" lon="2.9253373481333256">
        <ele>102.67</ele>
      </trkpt>
      <trkpt lat="48.80808250978589" lon="2.92524472810328">
        <ele>104.1</ele>
      </trkpt>
      <trkpt lat="48.80777380429208" lon="2.9251521080732346">
        <ele>105.55</ele>
      </trkpt>
      <trkpt lat="48.80746501497924" lon="2.925059488043189">
        <ele>107.08</ele>
      </trkpt>
      <trkpt lat="48.80719997920096" lon="2.924979943782091">
        <ele>108.64</ele>
      </trkpt>
      <trkpt lat="48.80694994702935" lon="2.9248499404639006">
        <ele>110.18</ele>
      </trkpt>
      <trkpt lat="48.80667820572853" lon="2.924609547480941">
        <ele>111.72</ele>
      </trkpt>
      <trkpt lat="48.80640646442771" lon="2.924369154497981">
        <ele>113.32</ele>
      </trkpt>
      <trkpt lat="48.80616992712021" lon="2.9241599421948195">
        <ele>114.93</ele>
      </trkpt>
      <trkpt lat="48.805901454761624" lon="2.9239113349467516">
        <ele>116.57</ele>
      </trkpt>
      <trkpt lat="48.80563298240304" lon="2.9236627276986837">
        <ele>118.07</ele>
      </trkpt>
      <trkpt lat="48.805364510044456" lon="2.923414036631584">
        <ele>119.44</ele>
      </trkpt>
      <trkpt lat="48.80509603768587" lon="2.9231654293835163">
        <ele>120.81</ele>
      </trkpt>
      <trkpt lat="48.80482756532729" lon="2.9229167383164167">
        <ele>122.13</ele>
      </trkpt>
      <trkpt lat="48.8045590929687" lon="2.922668131068349">
        <ele>123.32</ele>
      </trkpt>
      <trkpt lat="48.80429062061012" lon="2.922419523820281">
        <ele>124.41</ele>
      </trkpt>
      <trkpt lat="48.80402214825153" lon="2.9221708327531815">
        <ele>125.46</ele>
      </trkpt>
      <trkpt lat="48.80386993288994" lon="2.922029932960868">
        <ele>126.46</ele>
      </trkpt>
      <trkpt lat="48.803601963445544" lon="2.921780152246356">
        <ele>127.42</ele>
      </trkpt>
      <trkpt lat="48.80333391018212" lon="2.921530371531844">
        <ele>128.31</ele>
      </trkpt>
      <trkpt lat="48.803065940737724" lon="2.9212805908173323">
        <ele>129.19</ele>
      </trkpt>
      <trkpt lat="48.8027978874743" lon="2.9210308101028204">
        <ele>129.97</ele>
      </trkpt>
      <trkpt lat="48.802529918029904" lon="2.9207810293883085">
        <ele>130.68</ele>
      </trkpt>
      <trkpt lat="48.802399998530746" lon="2.9206599947065115">
        <ele>131.32</ele>
      </trkpt>
      <trkpt lat="48.80211794748902" lon="2.920448435470462">
        <ele>131.91</ele>
      </trkpt>
      <trkpt lat="48.80195994861424" lon="2.920329999178648">
        <ele>132.42</ele>
      </trkpt>
      <trkpt lat="48.80173992365599" lon="2.9202099703252316">
        <ele>132.88</ele>
      </trkpt>
      <trkpt lat="48.801428116858006" lon="2.9201455134898424">
        <ele>133.17</ele>
      </trkpt>
      <trkpt lat="48.801116310060024" lon="2.920081140473485">
        <ele>133.4</ele>
      </trkpt>
      <trkpt lat="48.80080441944301" lon="2.920016683638096">
        <ele>133.62</ele>
      </trkpt>
      <trkpt lat="48.80049261264503" lon="2.9199523106217384">
        <ele>133.85</ele>
      </trkpt>
      <trkpt lat="48.80018072202802" lon="2.9198878537863493">
        <ele>134.03</ele>
      </trkpt>
      <trkpt lat="48.799868915230036" lon="2.919823480769992">
        <ele>134.18</ele>
      </trkpt>
      <trkpt lat="48.79955702461302" lon="2.9197591077536345">
        <ele>134.25</ele>
      </trkpt>
      <trkpt lat="48.79924521781504" lon="2.9196946509182453">
        <ele>134.27</ele>
      </trkpt>
      <trkpt lat="48.79893341101706" lon="2.919630277901888">
        <ele>134.22</ele>
      </trkpt>
      <trkpt lat="48.79868991672993" lon="2.9195799864828587">
        <ele>134.19</ele>
      </trkpt>
      <trkpt lat="48.79853996448219" lon="2.9195199720561504">
        <ele>134.13</ele>
      </trkpt>
      <trkpt lat="48.79824005998671" lon="2.919375551864505">
        <ele>134.03</ele>
      </trkpt>
      <trkpt lat="48.797999918460846" lon="2.9192599654197693">
        <ele>133.89</ele>
      </trkpt>
      <trkpt lat="48.79770982079208" lon="2.9190753120929003">
        <ele>133.74</ele>
      </trkpt>
      <trkpt lat="48.79766992293298" lon="2.9190499987453222">
        <ele>133.49</ele>
      </trkpt>
      <trkpt lat="48.79738896153867" lon="2.918835338205099">
        <ele>133.17</ele>
      </trkpt>
      <trkpt lat="48.79710800014436" lon="2.918620677664876">
        <ele>132.85</ele>
      </trkpt>
      <trkpt lat="48.79694991745055" lon="2.918499978259206">
        <ele>132.49</ele>
      </trkpt>
      <trkpt lat="48.79668823443353" lon="2.9182352777570486">
        <ele>132.06</ele>
      </trkpt>
      <trkpt lat="48.796426551416516" lon="2.917970661073923">
        <ele>131.59</ele>
      </trkpt>
      <trkpt lat="48.7961648683995" lon="2.9177060443907976">
        <ele>131.14</ele>
      </trkpt>
      <trkpt lat="48.79605992697179" lon="2.917599929496646">
        <ele>130.64</ele>
      </trkpt>
      <trkpt lat="48.79580243490636" lon="2.9173261765390635">
        <ele>130.13</ele>
      </trkpt>
      <trkpt lat="48.7955448590219" lon="2.9170523397624493">
        <ele>129.56</ele>
      </trkpt>
      <trkpt lat="48.79528728313744" lon="2.916778502985835">
        <ele>128.97</ele>
      </trkpt>
      <trkpt lat="48.79510992206633" lon="2.916589993983507">
        <ele>128.39</ele>
      </trkpt>
      <trkpt lat="48.79483960568905" lon="2.9163460806012154">
        <ele>127.83</ele>
      </trkpt>
      <trkpt lat="48.794599967077374" lon="2.916129995137453">
        <ele>127.31</ele>
      </trkpt>
      <trkpt lat="48.79433996044099" lon="2.9160399734973907">
        <ele>126.77</ele>
      </trkpt>
      <trkpt lat="48.79402622580528" lon="2.9160025902092457">
        <ele>126.24</ele>
      </trkpt>
      <trkpt lat="48.79391994327307" lon="2.9159899335354567">
        <ele>125.73</ele>
      </trkpt>
      <trkpt lat="48.7936057895422" lon="2.9160176776349545">
        <ele>125.24</ele>
      </trkpt>
      <trkpt lat="48.7932915519923" lon="2.9160454217344522">
        <ele>124.82</ele>
      </trkpt>
      <trkpt lat="48.79297739826143" lon="2.91607316583395">
        <ele>124.42</ele>
      </trkpt>
      <trkpt lat="48.79289994947612" lon="2.916079955175519">
        <ele>124.02</ele>
      </trkpt>
      <trkpt lat="48.7925867177546" lon="2.9161260556429625">
        <ele>123.64</ele>
      </trkpt>
      <trkpt lat="48.792559979483485" lon="2.916129995137453">
        <ele>123.28</ele>
      </trkpt>
      <trkpt lat="48.792245239019394" lon="2.9161357786506414">
        <ele>122.94</ele>
      </trkpt>
      <trkpt lat="48.79201993346214" lon="2.916139969602227">
        <ele>122.55</ele>
      </trkpt>
      <trkpt lat="48.791710725054145" lon="2.916051624342799">
        <ele>122.25</ele>
      </trkpt>
      <trkpt lat="48.79166998900473" lon="2.9160399734973907">
        <ele>121.97</ele>
      </trkpt>
      <trkpt lat="48.791480138897896" lon="2.9158901050686836">
        <ele>121.74</ele>
      </trkpt>
      <trkpt lat="48.79147997125983" lon="2.91588993743062">
        <ele>121.51</ele>
      </trkpt>
      <trkpt lat="48.79147904925048" lon="2.9158886801451445">
        <ele>121.3</ele>
      </trkpt>
      <trkpt lat="48.79147888161242" lon="2.915888512507081">
        <ele>121.12</ele>
      </trkpt>
      <trkpt lat="48.79132993519306" lon="2.9156999196857214">
        <ele>120.97</ele>
      </trkpt>
      <trkpt lat="48.79115995019674" lon="2.9153099935501814">
        <ele>120.79</ele>
      </trkpt>
      <trkpt lat="48.790856609120965" lon="2.91543697938323">
        <ele>120.63</ele>
      </trkpt>
      <trkpt lat="48.79072995856404" lon="2.9154899530112743">
        <ele>120.51</ele>
      </trkpt>
      <trkpt lat="48.79044237546623" lon="2.9156834073364735">
        <ele>120.44</ele>
      </trkpt>
      <trkpt lat="48.79017993807793" lon="2.915859930217266">
        <ele>120.4</ele>
      </trkpt>
      <trkpt lat="48.79003996029496" lon="2.9159199446439743">
        <ele>120.35</ele>
      </trkpt>
      <trkpt lat="48.78972664475441" lon="2.9159647040069103">
        <ele>120.32</ele>
      </trkpt>
      <trkpt lat="48.789619943127036" lon="2.9159799590706825">
        <ele>120.3</ele>
      </trkpt>
      <trkpt lat="48.789549954235554" lon="2.9160399734973907">
        <ele>120.29</ele>
      </trkpt>
      <trkpt lat="48.78945993259549" lon="2.9159799590706825">
        <ele>120.26</ele>
      </trkpt>
      <trkpt lat="48.789145443588495" lon="2.915963865816593">
        <ele>120.22</ele>
      </trkpt>
      <trkpt lat="48.78906992264092" lon="2.9159599263221025">
        <ele>120.22</ele>
      </trkpt>
      <trkpt lat="48.788819974288344" lon="2.9159999918192625">
        <ele>120.18</ele>
      </trkpt>
      <trkpt lat="48.7887099198997" lon="2.916049947962165">
        <ele>120.17</ele>
      </trkpt>
      <trkpt lat="48.78853993490338" lon="2.9161599185317755">
        <ele>120.18</ele>
      </trkpt>
      <trkpt lat="48.788261990994215" lon="2.916383296251297">
        <ele>120.2</ele>
      </trkpt>
      <trkpt lat="48.787983963266015" lon="2.916606590151787">
        <ele>120.25</ele>
      </trkpt>
      <trkpt lat="48.78792998380959" lon="2.9166499245911837">
        <ele>120.29</ele>
      </trkpt>
      <trkpt lat="48.787643406540155" lon="2.9168469831347466">
        <ele>120.33</ele>
      </trkpt>
      <trkpt lat="48.7876099627465" lon="2.9168699495494366">
        <ele>120.39</ele>
      </trkpt>
      <trkpt lat="48.7873699888587" lon="2.9170099273324013">
        <ele>120.46</ele>
      </trkpt>
      <trkpt lat="48.78709992393851" lon="2.9170799162238836">
        <ele>120.56</ele>
      </trkpt>
      <trkpt lat="48.786869924515486" lon="2.9170699417591095">
        <ele>120.63</ele>
      </trkpt>
      <trkpt lat="48.78656515851617" lon="2.916951421648264">
        <ele>120.64</ele>
      </trkpt>
      <trkpt lat="48.78650992177427" lon="2.916929963976145">
        <ele>120.68</ele>
      </trkpt>
      <trkpt lat="48.78621881827712" lon="2.9167489986866713">
        <ele>120.75</ele>
      </trkpt>
      <trkpt lat="48.786139944568276" lon="2.9166999645531178">
        <ele>120.81</ele>
      </trkpt>
      <trkpt lat="48.78584112972021" lon="2.916550515219569">
        <ele>120.86</ele>
      </trkpt>
      <trkpt lat="48.7856999784708" lon="2.916479939594865">
        <ele>120.89</ele>
      </trkpt>
      <trkpt lat="48.78564968705177" lon="2.916950164362788">
        <ele>120.93</ele>
      </trkpt>
      <trkpt lat="48.785599395632744" lon="2.91742030531168">
        <ele>121.04</ele>
      </trkpt>
      <trkpt lat="48.785549104213715" lon="2.9178904462605715">
        <ele>121.08</ele>
      </trkpt>
      <trkpt lat="48.78549998626113" lon="2.9183499421924353">
        <ele>121.15</ele>
      </trkpt>
      <trkpt lat="48.78540962934494" lon="2.918806169182062">
        <ele>121.22</ele>
      </trkpt>
      <trkpt lat="48.78531927242875" lon="2.919262396171689">
        <ele>121.19</ele>
      </trkpt>
      <trkpt lat="48.78529999405146" lon="2.9193599615246058">
        <ele>121.22</ele>
      </trkpt>
      <trkpt lat="48.78526872955263" lon="2.9198338743299246">
        <ele>121.26</ele>
      </trkpt>
      <trkpt lat="48.78523997962475" lon="2.9202699847519398">
        <ele>121.28</ele>
      </trkpt>
      <trkpt lat="48.78517996519804" lon="2.9204499442130327">
        <ele>121.3</ele>
      </trkpt>
      <trkpt lat="48.7850799690932" lon="2.9206299874931574">
        <ele>121.34</ele>
      </trkpt>
      <trkpt lat="48.78489992581308" lon="2.9208299797028303">
        <ele>121.36</ele>
      </trkpt>
      <trkpt lat="48.784649977460504" lon="2.920939950272441">
        <ele>121.37</ele>
      </trkpt>
      <trkpt lat="48.78455995582044" lon="2.920949924737215">
        <ele>121.34</ele>
      </trkpt>
      <trkpt lat="48.78424655646086" lon="2.9209062550216913">
        <ele>121.32</ele>
      </trkpt>
      <trkpt lat="48.78412996418774" lon="2.9208899941295385">
        <ele>121.28</ele>
      </trkpt>
      <trkpt lat="48.78381782211363" lon="2.9208284709602594">
        <ele>121.2</ele>
      </trkpt>
      <trkpt lat="48.78350576385856" lon="2.9207669477909803">
        <ele>121.16</ele>
      </trkpt>
      <trkpt lat="48.78319370560348" lon="2.920705508440733">
        <ele>121.18</ele>
      </trkpt>
      <trkpt lat="48.78288156352937" lon="2.920643985271454">
        <ele>121.19</ele>
      </trkpt>
      <trkpt lat="48.782569505274296" lon="2.9205824621021748">
        <ele>121.11</ele>
      </trkpt>
      <trkpt lat="48.78225736320019" lon="2.9205209389328957">
        <ele>121.03</ele>
      </trkpt>
      <trkpt lat="48.782099951058626" lon="2.920489925891161">
        <ele>120.95</ele>
      </trkpt>
      <trkpt lat="48.781969947740436" lon="2.920509958639741">
        <ele>120.87</ele>
      </trkpt>
      <trkpt lat="48.7818199954927" lon="2.9206999763846397">
        <ele>120.8</ele>
      </trkpt>
      <trkpt lat="48.781689992174506" lon="2.9211099352687597">
        <ele>120.79</ele>
      </trkpt>
      <trkpt lat="48.78158966079354" lon="2.921561384573579">
        <ele>120.78</ele>
      </trkpt>
      <trkpt lat="48.78152998164296" lon="2.921829940751195">
        <ele>120.73</ele>
      </trkpt>
      <trkpt lat="48.781476924195886" lon="2.922299411147833">
        <ele>120.68</ele>
      </trkpt>
      <trkpt lat="48.78145999275148" lon="2.9224499501287937">
        <ele>120.64</ele>
      </trkpt>
      <trkpt lat="48.78145228140056" lon="2.922926042228937">
        <ele>120.55</ele>
      </trkpt>
      <trkpt lat="48.78144457004964" lon="2.9234021343290806">
        <ele>120.52</ele>
      </trkpt>
      <trkpt lat="48.78143694251776" lon="2.9238783102482557">
        <ele>120.54</ele>
      </trkpt>
      <trkpt lat="48.78142923116684" lon="2.924354402348399">
        <ele>120.57</ele>
      </trkpt>
      <trkpt lat="48.78142151981592" lon="2.9248304944485426">
        <ele>120.51</ele>
      </trkpt>
      <trkpt lat="48.78141992725432" lon="2.9249299876391888">
        <ele>120.49</ele>
      </trkpt>
      <trkpt lat="48.78139997832477" lon="2.925119921565056">
        <ele>120.48</ele>
      </trkpt>
      <trkpt lat="48.78131783567369" lon="2.9255797527730465">
        <ele>120.47</ele>
      </trkpt>
      <trkpt lat="48.781249942258" lon="2.9259599559009075">
        <ele>120.47</ele>
      </trkpt>
      <trkpt lat="48.78116084262729" lon="2.9264166858047247">
        <ele>120.52</ele>
      </trkpt>
      <trkpt lat="48.781089931726456" lon="2.926779957488179">
        <ele>120.55</ele>
      </trkpt>
      <trkpt lat="48.78101994283497" lon="2.927189916372299">
        <ele>120.6</ele>
      </trkpt>
      <trkpt lat="48.78099161200225" lon="2.9276642482727766">
        <ele>120.63</ele>
      </trkpt>
      <trkpt lat="48.780979961156845" lon="2.927859965711832">
        <ele>120.65</ele>
      </trkpt>
      <trkpt lat="48.780979961156845" lon="2.928336225450039">
        <ele>120.69</ele>
      </trkpt>
      <trkpt lat="48.780979961156845" lon="2.9283699207007885">
        <ele>120.77</ele>
      </trkpt>
      <trkpt lat="48.780999993905425" lon="2.928749956190586">
        <ele>120.87</ele>
      </trkpt>
      <trkpt lat="48.781076269224286" lon="2.9292119666934013">
        <ele>121.02</ele>
      </trkpt>
      <trkpt lat="48.78115262836218" lon="2.9296739771962166">
        <ele>121.09</ele>
      </trkpt>
      <trkpt lat="48.78122898750007" lon="2.9301360715180635">
        <ele>121.15</ele>
      </trkpt>
      <trkpt lat="48.78130526281893" lon="2.930598082020879">
        <ele>121.27</ele>
      </trkpt>
      <trkpt lat="48.78137994557619" lon="2.9310499504208565">
        <ele>121.45</ele>
      </trkpt>
      <trkpt lat="48.78145940601826" lon="2.9315107874572277">
        <ele>121.66</ele>
      </trkpt>
      <trkpt lat="48.78147994168103" lon="2.931629978120327">
        <ele>121.8</ele>
      </trkpt>
      <trkpt lat="48.78163433633745" lon="2.93204496614635">
        <ele>121.96</ele>
      </trkpt>
      <trkpt lat="48.78163995221257" lon="2.932059969753027">
        <ele>122.1</ele>
      </trkpt>
      <trkpt lat="48.78180365078151" lon="2.9324667435139418">
        <ele>122.21</ele>
      </trkpt>
      <trkpt lat="48.78196726553142" lon="2.9328735172748566">
        <ele>122.36</ele>
      </trkpt>
      <trkpt lat="48.78213096410036" lon="2.9332802910357714">
        <ele>122.52</ele>
      </trkpt>
      <trkpt lat="48.7822946626693" lon="2.933687064796686">
        <ele>122.67</ele>
      </trkpt>
      <trkpt lat="48.78231997601688" lon="2.9337499290704727">
        <ele>122.82</ele>
      </trkpt>
      <trkpt lat="48.78235995769501" lon="2.9339999612420797">
        <ele>122.98</ele>
      </trkpt>
      <trkpt lat="48.78234998323023" lon="2.9342299606651068">
        <ele>123.17</ele>
      </trkpt>
      <trkpt lat="48.782269936054945" lon="2.9344499856233597">
        <ele>123.33</ele>
      </trkpt>
      <trkpt lat="48.78208268433809" lon="2.934832703322172">
        <ele>123.52</ele>
      </trkpt>
      <trkpt lat="48.78189534880221" lon="2.9352154210209846">
        <ele>123.69</ele>
      </trkpt>
      <trkpt lat="48.78170809708536" lon="2.935598138719797">
        <ele>123.81</ele>
      </trkpt>
      <trkpt lat="48.781579937785864" lon="2.935859989374876">
        <ele>123.97</ele>
      </trkpt>
      <trkpt lat="48.781410874798894" lon="2.936261650174856">
        <ele>124.08</ele>
      </trkpt>
      <trkpt lat="48.78133996389806" lon="2.9364299587905407">
        <ele>124.21</ele>
      </trkpt>
      <trkpt lat="48.781249942258" lon="2.9366797395050526">
        <ele>124.33</ele>
      </trkpt>
      <trkpt lat="48.781249942258" lon="2.9366799909621477">
        <ele>124.48</ele>
      </trkpt>
      <trkpt lat="48.78124935552478" lon="2.936681332066655">
        <ele>124.63</ele>
      </trkpt>
      <trkpt lat="48.78124927170575" lon="2.9366817511618137">
        <ele>124.78</ele>
      </trkpt>
      <trkpt lat="48.781191101297736" lon="2.936849556863308">
        <ele>124.91</ele>
      </trkpt>
      <trkpt lat="48.78104215487838" lon="2.937269154936075">
        <ele>125.07</ele>
      </trkpt>
      <trkpt lat="48.7810099683702" lon="2.937359930947423">
        <ele>125.21</ele>
      </trkpt>
      <trkpt lat="48.78090997226536" lon="2.9377699736505747">
        <ele>125.4</ele>
      </trkpt>
      <trkpt lat="48.78085993230343" lon="2.9381299763917923">
        <ele>125.64</ele>
      </trkpt>
      <trkpt lat="48.7808873411268" lon="2.9386043921113014">
        <ele>125.83</ele>
      </trkpt>
      <trkpt lat="48.78088993951678" lon="2.9386499896645546">
        <ele>125.96</ele>
      </trkpt>
      <trkpt lat="48.780829925090075" lon="2.938869930803776">
        <ele>126.11</ele>
      </trkpt>
      <trkpt lat="48.78077996894717" lon="2.938949977979064">
        <ele>126.22</ele>
      </trkpt>
      <trkpt lat="48.780679972842336" lon="2.9390399996191263">
        <ele>126.34</ele>
      </trkpt>
      <trkpt lat="48.78038451075554" lon="2.939204117283225">
        <ele>126.45</ele>
      </trkpt>
      <trkpt lat="48.78008904866874" lon="2.939368234947324">
        <ele>126.52</ele>
      </trkpt>
      <trkpt lat="48.779793586581945" lon="2.9395323526114225">
        <ele>126.53</ele>
      </trkpt>
      <trkpt lat="48.77959996461868" lon="2.939639976248145">
        <ele>126.57</ele>
      </trkpt>
      <trkpt lat="48.77930601127446" lon="2.9398101288825274">
        <ele>126.58</ele>
      </trkpt>
      <trkpt lat="48.779219929128885" lon="2.9398599173873663">
        <ele>126.55</ele>
      </trkpt>
      <trkpt lat="48.77915999852121" lon="2.939989920705557">
        <ele>126.47</ele>
      </trkpt>
      <trkpt lat="48.7791499402374" lon="2.940099975094199">
        <ele>126.43</ele>
      </trkpt>
      <trkpt lat="48.77921716310084" lon="2.9405651707202196">
        <ele>126.3</ele>
      </trkpt>
      <trkpt lat="48.77928430214524" lon="2.9410304501652718">
        <ele>126.23</ele>
      </trkpt>
      <trkpt lat="48.77935144118965" lon="2.941495729610324">
        <ele>126.2</ele>
      </trkpt>
      <trkpt lat="48.77941866405308" lon="2.9419609252363443">
        <ele>126.09</ele>
      </trkpt>
      <trkpt lat="48.77941992133856" lon="2.9419699776917696">
        <ele>126.0</ele>
      </trkpt>
      <trkpt lat="48.779527796432376" lon="2.9424173198640347">
        <ele>125.94</ele>
      </trkpt>
      <trkpt lat="48.779635671526194" lon="2.9428647458553314">
        <ele>125.8</ele>
      </trkpt>
      <trkpt lat="48.77974346280098" lon="2.943312171846628">
        <ele>125.62</ele>
      </trkpt>
      <trkpt lat="48.7798513378948" lon="2.943759597837925">
        <ele>125.49</ele>
      </trkpt>
      <trkpt lat="48.77995912916958" lon="2.94420694001019">
        <ele>125.54</ele>
      </trkpt>
      <trkpt lat="48.7800670042634" lon="2.944654366001487">
        <ele>125.46</ele>
      </trkpt>
      <trkpt lat="48.78015995956957" lon="2.9450399335473776">
        <ele>125.34</ele>
      </trkpt>
      <trkpt lat="48.78027135506272" lon="2.945485347881913">
        <ele>125.23</ele>
      </trkpt>
      <trkpt lat="48.78034997731447" lon="2.945799920707941">
        <ele>125.11</ele>
      </trkpt>
      <trkpt lat="48.78040999174118" lon="2.946249945089221">
        <ele>125.02</ele>
      </trkpt>
      <trkpt lat="48.78042264841497" lon="2.9467257857322693">
        <ele>124.83</ele>
      </trkpt>
      <trkpt lat="48.78042994067073" lon="2.9469999577850103">
        <ele>124.65</ele>
      </trkpt>
      <trkpt lat="48.78046019934118" lon="2.947473954409361">
        <ele>124.44</ele>
      </trkpt>
      <trkpt lat="48.78048995509744" lon="2.9479399882256985">
        <ele>124.27</ele>
      </trkpt>
      <trkpt lat="48.78046992234886" lon="2.9481199476867914">
        <ele>124.14</ele>
      </trkpt>
      <trkpt lat="48.780439998954535" lon="2.9481899365782738">
        <ele>124.01</ele>
      </trkpt>
      <trkpt lat="48.780359951779246" lon="2.9482899326831102">
        <ele>123.89</ele>
      </trkpt>
      <trkpt lat="48.78010991960764" lon="2.9483799543231726">
        <ele>123.73</ele>
      </trkpt>
      <trkpt lat="48.779801381751895" lon="2.948473496362567">
        <ele>123.53</ele>
      </trkpt>
      <trkpt lat="48.77949276007712" lon="2.9485669545829296">
        <ele>123.39</ele>
      </trkpt>
      <trkpt lat="48.77918413840234" lon="2.948660496622324">
        <ele>123.21</ele>
      </trkpt>
      <trkpt lat="48.77912202849984" lon="2.948679020628333">
        <ele>123.06</ele>
      </trkpt>
      <trkpt lat="48.7791206035763" lon="2.9486795235425234">
        <ele>122.91</ele>
      </trkpt>
      <trkpt lat="48.77912051975727" lon="2.948679607361555">
        <ele>122.77</ele>
      </trkpt>
      <trkpt lat="48.77912051975727" lon="2.948679691180587">
        <ele>122.62</ele>
      </trkpt>
      <trkpt lat="48.77912010066211" lon="2.9486797749996185">
        <ele>122.48</ele>
      </trkpt>
      <trkpt lat="48.77911993302405" lon="2.948679942637682">
        <ele>122.34</ele>
      </trkpt>
      <trkpt lat="48.77911951392889" lon="2.948713218793273">
        <ele>122.21</ele>
      </trkpt>
      <trkpt lat="48.77911934629083" lon="2.9487133026123047">
        <ele>122.07</ele>
      </trkpt>
      <trkpt lat="48.77883989363909" lon="2.948804832994938">
        <ele>121.96</ele>
      </trkpt>
      <trkpt lat="48.77855993807316" lon="2.948897872120142">
        <ele>121.83</ele>
      </trkpt>
      <trkpt lat="48.77827998250723" lon="2.948990911245346">
        <ele>121.71</ele>
      </trkpt>
      <trkpt lat="48.7780000269413" lon="2.9490838665515184">
        <ele>121.55</ele>
      </trkpt>
      <trkpt lat="48.77772007137537" lon="2.9491769056767225">
        <ele>121.4</ele>
      </trkpt>
      <trkpt lat="48.77743994817138" lon="2.9492699448019266">
        <ele>121.26</ele>
      </trkpt>
      <trkpt lat="48.77715731039643" lon="2.9494549334049225">
        <ele>121.09</ele>
      </trkpt>
      <trkpt lat="48.77687475644052" lon="2.94964000582695">
        <ele>120.95</ele>
      </trkpt>
      <trkpt lat="48.776592118665576" lon="2.949824994429946">
        <ele>120.86</ele>
      </trkpt>
      <trkpt lat="48.77630989998579" lon="2.95000989921391">
        <ele>120.8</ele>
      </trkpt>
      <trkpt lat="48.77632792107761" lon="2.9504249710589647">
        <ele>120.77</ele>
      </trkpt>
      <trkpt lat="48.77634594216943" lon="2.950840126723051">
        <ele>120.72</ele>
      </trkpt>
      <trkpt lat="48.77636404708028" lon="2.9512552823871374">
        <ele>120.68</ele>
      </trkpt>
      <trkpt lat="48.7763820681721" lon="2.9516704380512238">
        <ele>120.62</ele>
      </trkpt>
      <trkpt lat="48.77639992162585" lon="2.952079977840185">
        <ele>120.56</ele>
      </trkpt>
      <trkpt lat="48.77650385722518" lon="2.9525072034448385">
        <ele>120.55</ele>
      </trkpt>
      <trkpt lat="48.77660787664354" lon="2.952934429049492">
        <ele>120.58</ele>
      </trkpt>
      <trkpt lat="48.7767118960619" lon="2.9533616546541452">
        <ele>120.57</ele>
      </trkpt>
      <trkpt lat="48.776815915480256" lon="2.9537889640778303">
        <ele>120.46</ele>
      </trkpt>
      <trkpt lat="48.776919934898615" lon="2.9542161896824837">
        <ele>120.42</ele>
      </trkpt>
      <trkpt lat="48.777023954316974" lon="2.954643415287137">
        <ele>120.49</ele>
      </trkpt>
      <trkpt lat="48.77712797373533" lon="2.955070724710822">
        <ele>120.49</ele>
      </trkpt>
      <trkpt lat="48.77723199315369" lon="2.9554979503154755">
        <ele>120.45</ele>
      </trkpt>
      <trkpt lat="48.77733601257205" lon="2.955925175920129">
        <ele>120.43</ele>
      </trkpt>
      <trkpt lat="48.77743994817138" lon="2.956352485343814">
        <ele>120.37</ele>
      </trkpt>
      <trkpt lat="48.777543967589736" lon="2.9567797109484673">
        <ele>120.29</ele>
      </trkpt>
      <trkpt lat="48.777647987008095" lon="2.9572070203721523">
        <ele>120.21</ele>
      </trkpt>
      <trkpt lat="48.777752006426454" lon="2.9576342459768057">
        <ele>120.06</ele>
      </trkpt>
      <trkpt lat="48.77785602584481" lon="2.958061471581459">
        <ele>119.9</ele>
      </trkpt>
      <trkpt lat="48.77796004526317" lon="2.958488781005144">
        <ele>119.74</ele>
      </trkpt>
      <trkpt lat="48.778059957548976" lon="2.95889999717474">
        <ele>119.6</ele>
      </trkpt>
      <trkpt lat="48.77776298671961" lon="2.9590512067079544">
        <ele>119.51</ele>
      </trkpt>
      <trkpt lat="48.77746609970927" lon="2.9592025000602007">
        <ele>119.34</ele>
      </trkpt>
      <trkpt lat="48.77716921269894" lon="2.959353793412447">
        <ele>119.16</ele>
      </trkpt>
      <trkpt lat="48.77687224186957" lon="2.9595050029456615">
        <ele>118.96</ele>
      </trkpt>
      <trkpt lat="48.77657535485923" lon="2.959656296297908">
        <ele>118.77</ele>
      </trkpt>
      <trkpt lat="48.7762784678489" lon="2.959807589650154">
        <ele>118.57</ele>
      </trkpt>
      <trkpt lat="48.77598158083856" lon="2.9599587991833687">
        <ele>118.4</ele>
      </trkpt>
      <trkpt lat="48.77568461000919" lon="2.960110092535615">
        <ele>118.23</ele>
      </trkpt>
      <trkpt lat="48.77538772299886" lon="2.9602613858878613">
        <ele>118.06</ele>
      </trkpt>
      <trkpt lat="48.77509083598852" lon="2.960412595421076">
        <ele>117.85</ele>
      </trkpt>
      <trkpt lat="48.774793948978186" lon="2.960563888773322">
        <ele>117.69</ele>
      </trkpt>
      <trkpt lat="48.77449697814882" lon="2.9607151821255684">
        <ele>117.54</ele>
      </trkpt>
      <trkpt lat="48.77420009113848" lon="2.960866391658783">
        <ele>117.34</ele>
      </trkpt>
      <trkpt lat="48.773903204128146" lon="2.9610176850110292">
        <ele>117.24</ele>
      </trkpt>
      <trkpt lat="48.77360631711781" lon="2.961168894544244">
        <ele>117.17</ele>
      </trkpt>
      <trkpt lat="48.773309933021665" lon="2.9613198526203632">
        <ele>117.05</ele>
      </trkpt>
      <trkpt lat="48.77304104156792" lon="2.96150928363204">
        <ele>116.96</ele>
      </trkpt>
      <trkpt lat="48.77277223393321" lon="2.961698714643717">
        <ele>116.85</ele>
      </trkpt>
      <trkpt lat="48.77250334247947" lon="2.9618882294744253">
        <ele>116.72</ele>
      </trkpt>
      <trkpt lat="48.772234534844756" lon="2.962077660486102">
        <ele>116.61</ele>
      </trkpt>
      <trkpt lat="48.77196564339101" lon="2.962267091497779">
        <ele>116.54</ele>
      </trkpt>
      <trkpt lat="48.7716968357563" lon="2.9624566063284874">
        <ele>116.49</ele>
      </trkpt>
      <trkpt lat="48.77142794430256" lon="2.962646037340164">
        <ele>116.46</ele>
      </trkpt>
      <trkpt lat="48.77115913666785" lon="2.962835468351841">
        <ele>116.43</ele>
      </trkpt>
      <trkpt lat="48.770890329033136" lon="2.9630249831825495">
        <ele>116.44</ele>
      </trkpt>
      <trkpt lat="48.77062143757939" lon="2.9632144141942263">
        <ele>116.47</ele>
      </trkpt>
      <trkpt lat="48.77035262994468" lon="2.963403845205903">
        <ele>116.48</ele>
      </trkpt>
      <trkpt lat="48.77008373849094" lon="2.96359327621758">
        <ele>116.48</ele>
      </trkpt>
      <trkpt lat="48.76981493085623" lon="2.9637827910482883">
        <ele>116.44</ele>
      </trkpt>
      <trkpt lat="48.769546039402485" lon="2.963972222059965">
        <ele>116.48</ele>
      </trkpt>
      <trkpt lat="48.769277231767774" lon="2.964161653071642">
        <ele>116.53</ele>
      </trkpt>
      <trkpt lat="48.7690098490566" lon="2.9643499944359064">
        <ele>116.58</ele>
      </trkpt>
      <trkpt lat="48.76876249909401" lon="2.9645743779838085">
        <ele>116.7</ele>
      </trkpt>
      <trkpt lat="48.76851523295045" lon="2.9647987615317106">
        <ele>116.79</ele>
      </trkpt>
      <trkpt lat="48.76826796680689" lon="2.9650232288986444">
        <ele>116.85</ele>
      </trkpt>
      <trkpt lat="48.76802070066333" lon="2.9652476124465466">
        <ele>116.93</ele>
      </trkpt>
      <trkpt lat="48.76777343451977" lon="2.9654719959944487">
        <ele>117.07</ele>
      </trkpt>
      <trkpt lat="48.76752616837621" lon="2.9656963795423508">
        <ele>117.22</ele>
      </trkpt>
      <trkpt lat="48.76727999188006" lon="2.9659199248999357">
        <ele>117.28</ele>
      </trkpt>
      <trkpt lat="48.76699727028608" lon="2.96611949801445">
        <ele>117.33</ele>
      </trkpt>
      <trkpt lat="48.76671454869211" lon="2.966319154947996">
        <ele>117.37</ele>
      </trkpt>
      <trkpt lat="48.76643182709813" lon="2.966518811881542">
        <ele>117.41</ele>
      </trkpt>
      <trkpt lat="48.766149105504155" lon="2.9667184688150883">
        <ele>117.44</ele>
      </trkpt>
      <trkpt lat="48.76586638391018" lon="2.9669180419296026">
        <ele>117.47</ele>
      </trkpt>
      <trkpt lat="48.7655836623162" lon="2.9671176988631487">
        <ele>117.46</ele>
      </trkpt>
      <trkpt lat="48.76530094072223" lon="2.9673173557966948">
        <ele>117.5</ele>
      </trkpt>
      <trkpt lat="48.76501821912825" lon="2.967517012730241">
        <ele>117.53</ele>
      </trkpt>
      <trkpt lat="48.76473558135331" lon="2.967716585844755">
        <ele>117.51</ele>
      </trkpt>
      <trkpt lat="48.76445285975933" lon="2.9679162427783012">
        <ele>117.48</ele>
      </trkpt>
      <trkpt lat="48.764170138165355" lon="2.9681158997118473">
        <ele>117.43</ele>
      </trkpt>
      <trkpt lat="48.76388741657138" lon="2.9683154728263617">
        <ele>117.38</ele>
      </trkpt>
      <trkpt lat="48.7636046949774" lon="2.9685151297599077">
        <ele>117.29</ele>
      </trkpt>
      <trkpt lat="48.76332197338343" lon="2.968714786693454">
        <ele>117.14</ele>
      </trkpt>
      <trkpt lat="48.76303925178945" lon="2.968914359807968">
        <ele>117.02</ele>
      </trkpt>
      <trkpt lat="48.762756530195475" lon="2.969114016741514">
        <ele>116.91</ele>
      </trkpt>
      <trkpt lat="48.7624738086015" lon="2.9693136736750603">
        <ele>116.78</ele>
      </trkpt>
      <trkpt lat="48.762191170826554" lon="2.9695132467895746">
        <ele>116.62</ele>
      </trkpt>
      <trkpt lat="48.76190844923258" lon="2.9697129037231207">
        <ele>116.49</ele>
      </trkpt>
      <trkpt lat="48.7616257276386" lon="2.969912476837635">
        <ele>116.37</ele>
      </trkpt>
      <trkpt lat="48.761343006044626" lon="2.970112133771181">
        <ele>116.25</ele>
      </trkpt>
      <trkpt lat="48.76106028445065" lon="2.9703117068856955">
        <ele>116.08</ele>
      </trkpt>
      <trkpt lat="48.760777562856674" lon="2.9705113638192415">
        <ele>115.96</ele>
      </trkpt>
      <trkpt lat="48.7604948412627" lon="2.970710936933756">
        <ele>115.82</ele>
      </trkpt>
      <trkpt lat="48.76021211966872" lon="2.970910593867302">
        <ele>115.7</ele>
      </trkpt>
      <trkpt lat="48.759929398074746" lon="2.9711101669818163">
        <ele>115.61</ele>
      </trkpt>
      <trkpt lat="48.7596467602998" lon="2.9713098239153624">
        <ele>115.51</ele>
      </trkpt>
      <trkpt lat="48.759364038705826" lon="2.9715093970298767">
        <ele>115.43</ele>
      </trkpt>
      <trkpt lat="48.75908131711185" lon="2.9717090539634228">
        <ele>115.35</ele>
      </trkpt>
      <trkpt lat="48.758798595517874" lon="2.971908627077937">
        <ele>115.26</ele>
      </trkpt>
      <trkpt lat="48.7585158739239" lon="2.972108284011483">
        <ele>115.16</ele>
      </trkpt>
      <trkpt lat="48.75823315232992" lon="2.9723078571259975">
        <ele>115.07</ele>
      </trkpt>
      <trkpt lat="48.757950430735946" lon="2.972507430240512">
        <ele>114.98</ele>
      </trkpt>
      <trkpt lat="48.75766770914197" lon="2.972707087174058">
        <ele>114.9</ele>
      </trkpt>
      <trkpt lat="48.757384987547994" lon="2.9729066602885723">
        <ele>114.84</ele>
      </trkpt>
      <trkpt lat="48.75710234977305" lon="2.9731062334030867">
        <ele>114.77</ele>
      </trkpt>
      <trkpt lat="48.75681962817907" lon="2.9733058903366327">
        <ele>114.71</ele>
      </trkpt>
      <trkpt lat="48.7565369065851" lon="2.973505463451147">
        <ele>114.66</ele>
      </trkpt>
      <trkpt lat="48.75625418499112" lon="2.9737050365656614">
        <ele>114.62</ele>
      </trkpt>
      <trkpt lat="48.755971463397145" lon="2.9739046934992075">
        <ele>114.6</ele>
      </trkpt>
      <trkpt lat="48.75568874180317" lon="2.974104266613722">
        <ele>114.58</ele>
      </trkpt>
      <trkpt lat="48.755409959703684" lon="2.9742999840527773">
        <ele>114.53</ele>
      </trkpt>
      <trkpt lat="48.75511449761689" lon="2.9744553845375776">
        <ele>114.45</ele>
      </trkpt>
      <trkpt lat="48.75481903553009" lon="2.974610785022378">
        <ele>114.41</ele>
      </trkpt>
      <trkpt lat="48.754523657262325" lon="2.9747661855071783">
        <ele>114.39</ele>
      </trkpt>
      <trkpt lat="48.75422819517553" lon="2.9749216698110104">
        <ele>114.36</ele>
      </trkpt>
      <trkpt lat="48.75393281690776" lon="2.9750770702958107">
        <ele>114.26</ele>
      </trkpt>
      <trkpt lat="48.75363735482097" lon="2.975232470780611">
        <ele>114.19</ele>
      </trkpt>
      <trkpt lat="48.7533419765532" lon="2.975387955084443">
        <ele>114.16</ele>
      </trkpt>
      <trkpt lat="48.753046514466405" lon="2.9755433555692434">
        <ele>114.12</ele>
      </trkpt>
      <trkpt lat="48.75275113619864" lon="2.9756987560540438">
        <ele>114.07</ele>
      </trkpt>
      <trkpt lat="48.75245567411184" lon="2.975854156538844">
        <ele>113.99</ele>
      </trkpt>
      <trkpt lat="48.75216029584408" lon="2.9760095570236444">
        <ele>113.9</ele>
      </trkpt>
      <trkpt lat="48.75186483375728" lon="2.9761650413274765">
        <ele>113.8</ele>
      </trkpt>
      <trkpt lat="48.751569371670485" lon="2.976320441812277">
        <ele>113.73</ele>
      </trkpt>
      <trkpt lat="48.75127399340272" lon="2.976475842297077">
        <ele>113.68</ele>
      </trkpt>
      <trkpt lat="48.75097853131592" lon="2.9766312427818775">
        <ele>113.53</ele>
      </trkpt>
      <trkpt lat="48.75068315304816" lon="2.976786643266678">
        <ele>113.38</ele>
      </trkpt>
      <trkpt lat="48.75038769096136" lon="2.976942043751478">
        <ele>113.22</ele>
      </trkpt>
      <trkpt lat="48.750092312693596" lon="2.9770975280553102">
        <ele>113.11</ele>
      </trkpt>
      <trkpt lat="48.7497968506068" lon="2.9772529285401106">
        <ele>112.98</ele>
      </trkpt>
      <trkpt lat="48.749501472339034" lon="2.977408329024911">
        <ele>112.79</ele>
      </trkpt>
      <trkpt lat="48.74920601025224" lon="2.9775637295097113">
        <ele>112.64</ele>
      </trkpt>
      <trkpt lat="48.74891063198447" lon="2.9777191299945116">
        <ele>112.49</ele>
      </trkpt>
      <trkpt lat="48.748615169897676" lon="2.977874530479312">
        <ele>112.35</ele>
      </trkpt>
      <trkpt lat="48.74831970781088" lon="2.9780299309641123">
        <ele>112.23</ele>
      </trkpt>
      <trkpt lat="48.748024329543114" lon="2.9781853314489126">
        <ele>112.02</ele>
      </trkpt>
      <trkpt lat="48.7477298732847" lon="2.9783399775624275">
        <ele>111.82</ele>
      </trkpt>
      <trkpt lat="48.747452264651656" lon="2.978514153510332">
        <ele>111.65</ele>
      </trkpt>
      <trkpt lat="48.74717473983765" lon="2.9786883294582367">
        <ele>111.5</ele>
      </trkpt>
      <trkpt lat="48.746897131204605" lon="2.978862589225173">
        <ele>111.37</ele>
      </trkpt>
      <trkpt lat="48.746619606390595" lon="2.9790367651730776">
        <ele>111.24</ele>
      </trkpt>
      <trkpt lat="48.746341997757554" lon="2.979211024940014">
        <ele>111.11</ele>
      </trkpt>
      <trkpt lat="48.746064472943544" lon="2.9793852008879185">
        <ele>110.96</ele>
      </trkpt>
      <trkpt lat="48.7457868643105" lon="2.979559376835823">
        <ele>110.86</ele>
      </trkpt>
      <trkpt lat="48.74550933949649" lon="2.9797336366027594">
        <ele>110.77</ele>
      </trkpt>
      <trkpt lat="48.745231814682484" lon="2.979907812550664">
        <ele>110.71</ele>
      </trkpt>
      <trkpt lat="48.74495420604944" lon="2.9800820723176003">
        <ele>110.64</ele>
      </trkpt>
      <trkpt lat="48.74467668123543" lon="2.980256248265505">
        <ele>110.59</ele>
      </trkpt>
      <trkpt lat="48.74439991079271" lon="2.980429921299219">
        <ele>110.57</ele>
      </trkpt>
      <trkpt lat="48.74412783421576" lon="2.9806556459516287">
        <ele>110.55</ele>
      </trkpt>
      <trkpt lat="48.743855841457844" lon="2.9808813706040382">
        <ele>110.52</ele>
      </trkpt>
      <trkpt lat="48.74358384869993" lon="2.9811071790754795">
        <ele>110.51</ele>
      </trkpt>
      <trkpt lat="48.74331185594201" lon="2.981332903727889">
        <ele>110.46</ele>
      </trkpt>
      <trkpt lat="48.743039863184094" lon="2.9815586283802986">
        <ele>110.46</ele>
      </trkpt>
      <trkpt lat="48.74276787042618" lon="2.981784353032708">
        <ele>110.5</ele>
      </trkpt>
      <trkpt lat="48.74249587766826" lon="2.9820101615041494">
        <ele>110.52</ele>
      </trkpt>
      <trkpt lat="48.742223884910345" lon="2.982235886156559">
        <ele>110.55</ele>
      </trkpt>
      <trkpt lat="48.7419518083334" lon="2.9824616108089685">
        <ele>110.64</ele>
      </trkpt>
      <trkpt lat="48.74167981557548" lon="2.982687335461378">
        <ele>110.75</ele>
      </trkpt>
      <trkpt lat="48.741407822817564" lon="2.9829131439328194">
        <ele>110.81</ele>
      </trkpt>
      <trkpt lat="48.74113583005965" lon="2.983138868585229">
        <ele>110.89</ele>
      </trkpt>
      <trkpt lat="48.74086383730173" lon="2.9833645932376385">
        <ele>110.97</ele>
      </trkpt>
      <trkpt lat="48.740591844543815" lon="2.983590317890048">
        <ele>111.05</ele>
      </trkpt>
      <trkpt lat="48.7403198517859" lon="2.9838160425424576">
        <ele>111.08</ele>
      </trkpt>
      <trkpt lat="48.740049954503775" lon="2.9840399231761694">
        <ele>111.2</ele>
      </trkpt>
      <trkpt lat="48.73982967808843" lon="2.984364302828908">
        <ele>111.36</ele>
      </trkpt>
      <trkpt lat="48.73960940167308" lon="2.9846886824816465">
        <ele>111.43</ele>
      </trkpt>
      <trkpt lat="48.73938912525773" lon="2.985013062134385">
        <ele>111.52</ele>
      </trkpt>
      <trkpt lat="48.73916884884238" lon="2.9853374417871237">
        <ele>111.6</ele>
      </trkpt>
      <trkpt lat="48.73894999735057" lon="2.985659893602133">
        <ele>111.75</ele>
      </trkpt>
      <trkpt lat="48.73885301873088" lon="2.9860608000308275">
        <ele>111.81</ele>
      </trkpt>
      <trkpt lat="48.738756123930216" lon="2.9864617064595222">
        <ele>111.81</ele>
      </trkpt>
      <trkpt lat="48.73865989968181" lon="2.9868598468601704">
        <ele>111.81</ele>
      </trkpt>
      <trkpt lat="48.73834993690252" lon="2.986939810216427">
        <ele>111.75</ele>
      </trkpt>
      <trkpt lat="48.73803997412324" lon="2.9870197735726833">
        <ele>111.74</ele>
      </trkpt>
      <trkpt lat="48.737730011343956" lon="2.9870998207479715">
        <ele>111.79</ele>
      </trkpt>
      <trkpt lat="48.73742004856467" lon="2.987179784104228">
        <ele>111.83</ele>
      </trkpt>
      <trkpt lat="48.73711008578539" lon="2.9872597474604845">
        <ele>111.83</ele>
      </trkpt>
      <trkpt lat="48.736800123006105" lon="2.9873397946357727">
        <ele>111.85</ele>
      </trkpt>
      <trkpt lat="48.73648999258876" lon="2.987419841811061">
        <ele>111.96</ele>
      </trkpt>
      <trkpt lat="48.736327132210135" lon="2.9877227637916803">
        <ele>111.99</ele>
      </trkpt>
      <trkpt lat="48.736164355650544" lon="2.9880257695913315">
        <ele>112.0</ele>
      </trkpt>
      <trkpt lat="48.73600157909095" lon="2.9883287753909826">
        <ele>111.99</ele>
      </trkpt>
      <trkpt lat="48.735839892178774" lon="2.988629937171936">
        <ele>112.02</ele>
      </trkpt>
      <trkpt lat="48.735689856112" lon="2.9887249041348696">
        <ele>112.05</ele>
      </trkpt>
      <trkpt lat="48.735539987683296" lon="2.988819871097803">
        <ele>112.06</ele>
      </trkpt>
      <trkpt lat="48.735349886119366" lon="2.988709816709161">
        <ele>112.06</ele>
      </trkpt>
      <trkpt lat="48.7351599521935" lon="2.98859984613955">
        <ele>112.03</ele>
      </trkpt>
      <trkpt lat="48.735164729878306" lon="2.9890742618590593">
        <ele>112.04</ele>
      </trkpt>
      <trkpt lat="48.735169591382146" lon="2.9895487613976">
        <ele>112.03</ele>
      </trkpt>
      <trkpt lat="48.735174452885985" lon="2.990023260936141">
        <ele>112.01</ele>
      </trkpt>
      <trkpt lat="48.735179314389825" lon="2.990497760474682">
        <ele>111.97</ele>
      </trkpt>
      <trkpt lat="48.735184175893664" lon="2.9909722600132227">
        <ele>111.93</ele>
      </trkpt>
      <trkpt lat="48.735189037397504" lon="2.9914467595517635">
        <ele>111.92</ele>
      </trkpt>
      <trkpt lat="48.73519389890134" lon="2.9919212590903044">
        <ele>111.92</ele>
      </trkpt>
      <trkpt lat="48.73519876040518" lon="2.992395758628845">
        <ele>111.93</ele>
      </trkpt>
      <trkpt lat="48.73520362190902" lon="2.992870258167386">
        <ele>111.91</ele>
      </trkpt>
      <trkpt lat="48.73520848341286" lon="2.993344757705927">
        <ele>111.9</ele>
      </trkpt>
      <trkpt lat="48.7352133449167" lon="2.993819173425436">
        <ele>111.94</ele>
      </trkpt>
      <trkpt lat="48.73521820642054" lon="2.994293672963977">
        <ele>111.9</ele>
      </trkpt>
      <trkpt lat="48.73522306792438" lon="2.9947681725025177">
        <ele>111.86</ele>
      </trkpt>
      <trkpt lat="48.73522792942822" lon="2.9952426720410585">
        <ele>111.81</ele>
      </trkpt>
      <trkpt lat="48.73523279093206" lon="2.9957171715795994">
        <ele>111.83</ele>
      </trkpt>
      <trkpt lat="48.7352376524359" lon="2.99619167111814">
        <ele>111.9</ele>
      </trkpt>
      <trkpt lat="48.73524251393974" lon="2.996666170656681">
        <ele>111.97</ele>
      </trkpt>
      <trkpt lat="48.73524737544358" lon="2.997140670195222">
        <ele>112.03</ele>
      </trkpt>
      <trkpt lat="48.73525223694742" lon="2.9976151697337627">
        <ele>112.09</ele>
      </trkpt>
      <trkpt lat="48.73525709845126" lon="2.9980896692723036">
        <ele>112.19</ele>
      </trkpt>
      <trkpt lat="48.735261959955096" lon="2.9985641688108444">
        <ele>112.29</ele>
      </trkpt>
      <trkpt lat="48.735266821458936" lon="2.9990385845303535">
        <ele>112.41</ele>
      </trkpt>
      <trkpt lat="48.735271682962775" lon="2.9995130840688944">
        <ele>112.5</ele>
      </trkpt>
      <trkpt lat="48.735276544466615" lon="2.9999875836074352">
        <ele>112.64</ele>
      </trkpt>
      <trkpt lat="48.735281405970454" lon="3.000462083145976">
        <ele>112.73</ele>
      </trkpt>
      <trkpt lat="48.735286267474294" lon="3.000936582684517">
        <ele>112.93</ele>
      </trkpt>
      <trkpt lat="48.73529112897813" lon="3.0014110822230577">
        <ele>113.15</ele>
      </trkpt>
      <trkpt lat="48.73529599048197" lon="3.0018855817615986">
        <ele>113.32</ele>
      </trkpt>
      <trkpt lat="48.73530085198581" lon="3.0023600813001394">
        <ele>113.48</ele>
      </trkpt>
      <trkpt lat="48.73530571348965" lon="3.0028345808386803">
        <ele>113.67</ele>
      </trkpt>
      <trkpt lat="48.73531057499349" lon="3.003309080377221">
        <ele>113.87</ele>
      </trkpt>
      <trkpt lat="48.73531543649733" lon="3.003783579915762">
        <ele>114.08</ele>
      </trkpt>
      <trkpt lat="48.73532029800117" lon="3.004257995635271">
        <ele>114.31</ele>
      </trkpt>
      <trkpt lat="48.73532515950501" lon="3.004732495173812">
        <ele>114.57</ele>
      </trkpt>
      <trkpt lat="48.73533002100885" lon="3.0052069947123528">
        <ele>114.77</ele>
      </trkpt>
      <trkpt lat="48.73533488251269" lon="3.0056814942508936">
        <ele>114.89</ele>
      </trkpt>
      <trkpt lat="48.73533974401653" lon="3.0061559937894344">
        <ele>115.12</ele>
      </trkpt>
      <trkpt lat="48.73534460552037" lon="3.0066304933279753">
        <ele>115.27</ele>
      </trkpt>
      <trkpt lat="48.73534946702421" lon="3.007104992866516">
        <ele>115.4</ele>
      </trkpt>
      <trkpt lat="48.73535432852805" lon="3.007579492405057">
        <ele>115.5</ele>
      </trkpt>
      <trkpt lat="48.735359190031886" lon="3.008053991943598">
        <ele>115.61</ele>
      </trkpt>
      <trkpt lat="48.735364051535726" lon="3.0085284914821386">
        <ele>115.63</ele>
      </trkpt>
      <trkpt lat="48.735368913039565" lon="3.0090029910206795">
        <ele>115.57</ele>
      </trkpt>
      <trkpt lat="48.735373774543405" lon="3.0094774905592203">
        <ele>115.43</ele>
      </trkpt>
      <trkpt lat="48.735378636047244" lon="3.009951990097761">
        <ele>115.24</ele>
      </trkpt>
      <trkpt lat="48.735383497551084" lon="3.0104264058172703">
        <ele>115.02</ele>
      </trkpt>
      <trkpt lat="48.73538835905492" lon="3.010900905355811">
        <ele>114.81</ele>
      </trkpt>
      <trkpt lat="48.73539322055876" lon="3.011375404894352">
        <ele>114.54</ele>
      </trkpt>
      <trkpt lat="48.7353980820626" lon="3.011849904432893">
        <ele>114.25</ele>
      </trkpt>
      <trkpt lat="48.7353999260813" lon="3.012259863317013">
        <ele>113.87</ele>
      </trkpt>
      <trkpt lat="48.73532474040985" lon="3.012505369260907">
        <ele>113.42</ele>
      </trkpt>
      <trkpt lat="48.73524997383356" lon="3.012749869376421">
        <ele>112.93</ele>
      </trkpt>
      <trkpt lat="48.73506490141153" lon="3.0128899309784174">
        <ele>112.4</ele>
      </trkpt>
      <trkpt lat="48.73487999662757" lon="3.013029908761382">
        <ele>111.83</ele>
      </trkpt>
      <trkpt lat="48.73474219813943" lon="3.0134282168000937">
        <ele>111.2</ele>
      </trkpt>
      <trkpt lat="48.73460439965129" lon="3.013826524838805">
        <ele>110.55</ele>
      </trkpt>
      <trkpt lat="48.73446660116315" lon="3.0142248328775167">
        <ele>109.91</ele>
      </trkpt>
      <trkpt lat="48.73432997614145" lon="3.0146198719739914">
        <ele>109.21</ele>
      </trkpt>
      <trkpt lat="48.7342447321862" lon="3.0150584131479263">
        <ele>108.5</ele>
      </trkpt>
      <trkpt lat="48.734159488230944" lon="3.015497038140893">
        <ele>107.81</ele>
      </trkpt>
      <trkpt lat="48.73407432809472" lon="3.0159356631338596">
        <ele>107.14</ele>
      </trkpt>
      <trkpt lat="48.733989084139466" lon="3.0163742881268263">
        <ele>106.45</ele>
      </trkpt>
      <trkpt lat="48.73390392400324" lon="3.016812913119793">
        <ele>105.81</ele>
      </trkpt>
      <trkpt lat="48.73381868004799" lon="3.017251454293728">
        <ele>105.19</ele>
      </trkpt>
      <trkpt lat="48.733733436092734" lon="3.0176900792866945">
        <ele>104.55</ele>
      </trkpt>
      <trkpt lat="48.73364827595651" lon="3.018128704279661">
        <ele>103.98</ele>
      </trkpt>
      <trkpt lat="48.73356303200126" lon="3.018567329272628">
        <ele>103.45</ele>
      </trkpt>
      <trkpt lat="48.733477871865034" lon="3.0190058704465628">
        <ele>102.99</ele>
      </trkpt>
      <trkpt lat="48.73339262790978" lon="3.0194444954395294">
        <ele>102.59</ele>
      </trkpt>
      <trkpt lat="48.733307383954525" lon="3.019883120432496">
        <ele>102.18</ele>
      </trkpt>
      <trkpt lat="48.7332222238183" lon="3.020321661606431">
        <ele>101.85</ele>
      </trkpt>
      <trkpt lat="48.73313697986305" lon="3.0207602865993977">
        <ele>101.54</ele>
      </trkpt>
      <trkpt lat="48.733051819726825" lon="3.0211989115923643">
        <ele>101.25</ele>
      </trkpt>
      <trkpt lat="48.73296984471381" lon="3.021619850769639">
        <ele>101.01</ele>
      </trkpt>
      <trkpt lat="48.73299700208008" lon="3.022069623693824">
        <ele>100.81</ele>
      </trkpt>
      <trkpt lat="48.73302424326539" lon="3.0225193966180086">
        <ele>100.66</ele>
      </trkpt>
      <trkpt lat="48.7330514844507" lon="3.0229691695421934">
        <ele>100.62</ele>
      </trkpt>
      <trkpt lat="48.733078725636005" lon="3.023418942466378">
        <ele>100.69</ele>
      </trkpt>
      <trkpt lat="48.73310588300228" lon="3.0238687992095947">
        <ele>100.78</ele>
      </trkpt>
      <trkpt lat="48.73313312418759" lon="3.0243185721337795">
        <ele>100.93</ele>
      </trkpt>
      <trkpt lat="48.733159862458706" lon="3.024759879335761">
        <ele>101.15</ele>
      </trkpt>
      <trkpt lat="48.73333755880594" lon="3.025022652000189">
        <ele>101.46</ele>
      </trkpt>
      <trkpt lat="48.73351533897221" lon="3.0252855084836483">
        <ele>101.82</ele>
      </trkpt>
      <trkpt lat="48.73369303531945" lon="3.025548281148076">
        <ele>102.23</ele>
      </trkpt>
      <trkpt lat="48.7338699772954" lon="3.02580988034606">
        <ele>102.61</ele>
      </trkpt>
      <trkpt lat="48.733986150473356" lon="3.026180611923337">
        <ele>103.01</ele>
      </trkpt>
      <trkpt lat="48.734102407470345" lon="3.026551427319646">
        <ele>103.41</ele>
      </trkpt>
      <trkpt lat="48.7342185806483" lon="3.026922242715955">
        <ele>103.83</ele>
      </trkpt>
      <trkpt lat="48.73433483764529" lon="3.0272930581122637">
        <ele>104.27</ele>
      </trkpt>
      <trkpt lat="48.734449837356806" lon="3.0276598501950502">
        <ele>104.72</ele>
      </trkpt>
      <trkpt lat="48.734453693032265" lon="3.0281102936714888">
        <ele>105.14</ele>
      </trkpt>
      <trkpt lat="48.734457548707724" lon="3.0285607371479273">
        <ele>105.59</ele>
      </trkpt>
      <trkpt lat="48.73446140438318" lon="3.029011180624366">
        <ele>105.99</ele>
      </trkpt>
      <trkpt lat="48.73446534387767" lon="3.0294616241008043">
        <ele>106.38</ele>
      </trkpt>
      <trkpt lat="48.73446919955313" lon="3.029912067577243">
        <ele>106.74</ele>
      </trkpt>
      <trkpt lat="48.73447305522859" lon="3.030362594872713">
        <ele>107.03</ele>
      </trkpt>
      <trkpt lat="48.73447691090405" lon="3.0308130383491516">
        <ele>107.35</ele>
      </trkpt>
      <trkpt lat="48.73448085039854" lon="3.03126348182559">
        <ele>107.75</ele>
      </trkpt>
      <trkpt lat="48.734484706074" lon="3.0317139253020287">
        <ele>108.02</ele>
      </trkpt>
      <trkpt lat="48.73448856174946" lon="3.032164368778467">
        <ele>108.31</ele>
      </trkpt>
      <trkpt lat="48.73449241742492" lon="3.0326148960739374">
        <ele>108.63</ele>
      </trkpt>
      <trkpt lat="48.73449635691941" lon="3.033065339550376">
        <ele>108.89</ele>
      </trkpt>
      <trkpt lat="48.73449996113777" lon="3.0334998574107885">
        <ele>109.13</ele>
      </trkpt>
      <trkpt lat="48.734409688040614" lon="3.0339523125439882">
        <ele>109.38</ele>
      </trkpt>
      <trkpt lat="48.73431949876249" lon="3.034404767677188">
        <ele>109.61</ele>
      </trkpt>
      <trkpt lat="48.73422930948436" lon="3.0348572228103876">
        <ele>109.77</ele>
      </trkpt>
      <trkpt lat="48.734139036387205" lon="3.0353096779435873">
        <ele>109.9</ele>
      </trkpt>
      <trkpt lat="48.73404884710908" lon="3.035762133076787">
        <ele>110.05</ele>
      </trkpt>
      <trkpt lat="48.733958657830954" lon="3.0362146720290184">
        <ele>110.18</ele>
      </trkpt>
      <trkpt lat="48.73386846855283" lon="3.036667127162218">
        <ele>110.33</ele>
      </trkpt>
      <trkpt lat="48.73377819545567" lon="3.037119582295418">
        <ele>110.41</ele>
      </trkpt>
      <trkpt lat="48.733688006177545" lon="3.0375720374286175">
        <ele>110.47</ele>
      </trkpt>
      <trkpt lat="48.73359781689942" lon="3.038024492561817">
        <ele>110.54</ele>
      </trkpt>
      <trkpt lat="48.73350754380226" lon="3.038476947695017">
        <ele>110.61</ele>
      </trkpt>
      <trkpt lat="48.733417354524136" lon="3.0389294028282166">
        <ele>110.63</ele>
      </trkpt>
      <trkpt lat="48.73332716524601" lon="3.0393818579614162">
        <ele>110.59</ele>
      </trkpt>
      <trkpt lat="48.733236975967884" lon="3.0398343969136477">
        <ele>110.5</ele>
      </trkpt>
      <trkpt lat="48.73314997181296" lon="3.040269836783409">
        <ele>110.51</ele>
      </trkpt>
      <trkpt lat="48.73317084275186" lon="3.0407243873924017">
        <ele>110.57</ele>
      </trkpt>
      <trkpt lat="48.73319171369076" lon="3.0411789380013943">
        <ele>110.57</ele>
      </trkpt>
      <trkpt lat="48.733212584629655" lon="3.041633488610387">
        <ele>110.51</ele>
      </trkpt>
      <trkpt lat="48.73323345556855" lon="3.0420880392193794">
        <ele>110.48</ele>
      </trkpt>
      <trkpt lat="48.73325441032648" lon="3.042542589828372">
        <ele>110.46</ele>
      </trkpt>
      <trkpt lat="48.73327528126538" lon="3.0429972242563963">
        <ele>110.49</ele>
      </trkpt>
      <trkpt lat="48.733296152204275" lon="3.043451774865389">
        <ele>110.49</ele>
      </trkpt>
      <trkpt lat="48.73331702314317" lon="3.0439063254743814">
        <ele>110.56</ele>
      </trkpt>
      <trkpt lat="48.73333789408207" lon="3.044360876083374">
        <ele>110.62</ele>
      </trkpt>
      <trkpt lat="48.73335884884" lon="3.0448154266923666">
        <ele>110.74</ele>
      </trkpt>
      <trkpt lat="48.733379719778895" lon="3.045270061120391">
        <ele>110.81</ele>
      </trkpt>
      <trkpt lat="48.73339983634651" lon="3.0457098595798016">
        <ele>110.93</ele>
      </trkpt>
      <trkpt lat="48.73334971256554" lon="3.04615980014205">
        <ele>111.0</ele>
      </trkpt>
      <trkpt lat="48.733299588784575" lon="3.046609740704298">
        <ele>111.12</ele>
      </trkpt>
      <trkpt lat="48.73324946500361" lon="3.0470596812665462">
        <ele>111.22</ele>
      </trkpt>
      <trkpt lat="48.733199341222644" lon="3.047509705647826">
        <ele>111.32</ele>
      </trkpt>
      <trkpt lat="48.73314921744168" lon="3.0479596462100744">
        <ele>111.42</ele>
      </trkpt>
      <trkpt lat="48.73309909366071" lon="3.0484095867723227">
        <ele>111.54</ele>
      </trkpt>
      <trkpt lat="48.733048969879746" lon="3.048859527334571">
        <ele>111.63</ele>
      </trkpt>
      <trkpt lat="48.73299993574619" lon="3.0492999963462353">
        <ele>111.74</ele>
      </trkpt>
      <trkpt lat="48.732889629900455" lon="3.049709117040038">
        <ele>111.84</ele>
      </trkpt>
      <trkpt lat="48.73277940787375" lon="3.050118237733841">
        <ele>112.07</ele>
      </trkpt>
      <trkpt lat="48.73266910202801" lon="3.0505273584276438">
        <ele>112.23</ele>
      </trkpt>
      <trkpt lat="48.73255888000131" lon="3.0509364791214466">
        <ele>112.36</ele>
      </trkpt>
      <trkpt lat="48.73244857415557" lon="3.0513455998152494">
        <ele>112.49</ele>
      </trkpt>
      <trkpt lat="48.73233835212886" lon="3.0517547205090523">
        <ele>112.64</ele>
      </trkpt>
      <trkpt lat="48.73222813010216" lon="3.052163841202855">
        <ele>112.87</ele>
      </trkpt>
      <trkpt lat="48.73211782425642" lon="3.052572961896658">
        <ele>113.16</ele>
      </trkpt>
      <trkpt lat="48.732007602229714" lon="3.0529820825904608">
        <ele>113.43</ele>
      </trkpt>
      <trkpt lat="48.73189729638398" lon="3.0533912032842636">
        <ele>113.6</ele>
      </trkpt>
      <trkpt lat="48.73178984038532" lon="3.053789846599102">
        <ele>113.86</ele>
      </trkpt>
      <trkpt lat="48.73175664804876" lon="3.054234255105257">
        <ele>114.13</ele>
      </trkpt>
      <trkpt lat="48.7317234557122" lon="3.0546787474304438">
        <ele>114.37</ele>
      </trkpt>
      <trkpt lat="48.73169034719467" lon="3.0551232397556305">
        <ele>114.57</ele>
      </trkpt>
      <trkpt lat="48.73165715485811" lon="3.0555677320808172">
        <ele>114.83</ele>
      </trkpt>
      <trkpt lat="48.731624046340585" lon="3.0560121405869722">
        <ele>115.06</ele>
      </trkpt>
      <trkpt lat="48.731590854004025" lon="3.056456632912159">
        <ele>115.4</ele>
      </trkpt>
      <trkpt lat="48.7315577454865" lon="3.0569011252373457">
        <ele>115.65</ele>
      </trkpt>
      <trkpt lat="48.73152455314994" lon="3.0573456175625324">
        <ele>115.96</ele>
      </trkpt>
      <trkpt lat="48.73149144463241" lon="3.0577900260686874">
        <ele>116.19</ele>
      </trkpt>
      <trkpt lat="48.73145825229585" lon="3.058234518393874">
        <ele>116.37</ele>
      </trkpt>
      <trkpt lat="48.731425143778324" lon="3.058679010719061">
        <ele>116.58</ele>
      </trkpt>
      <trkpt lat="48.731391951441765" lon="3.0591235030442476">
        <ele>116.76</ele>
      </trkpt>
      <trkpt lat="48.731358759105206" lon="3.0595679115504026">
        <ele>116.97</ele>
      </trkpt>
      <trkpt lat="48.73132565058768" lon="3.0600124038755894">
        <ele>117.19</ele>
      </trkpt>
      <trkpt lat="48.73129245825112" lon="3.060456896200776">
        <ele>117.38</ele>
      </trkpt>
      <trkpt lat="48.73126060701907" lon="3.0608821939677">
        <ele>117.52</ele>
      </trkpt>
      <trkpt lat="48.7312606908381" lon="3.0608821939677">
        <ele>117.64</ele>
      </trkpt>
      <trkpt lat="48.73126077465713" lon="3.0608821939677">
        <ele>117.74</ele>
      </trkpt>
      <trkpt lat="48.73126211576164" lon="3.060865346342325">
        <ele>117.82</ele>
      </trkpt>
      <trkpt lat="48.731263456866145" lon="3.0608484987169504">
        <ele>117.88</ele>
      </trkpt>
      <trkpt lat="48.73126479797065" lon="3.0608316510915756">
        <ele>117.92</ele>
      </trkpt>
      <trkpt lat="48.73122992925346" lon="3.0612999480217695">
        <ele>117.92</ele>
      </trkpt>
      <trkpt lat="48.73149152845144" lon="3.0612699408084154">
        <ele>117.96</ele>
      </trkpt>
      <trkpt lat="48.73175312764943" lon="3.0612399335950613">
        <ele>117.9</ele>
      </trkpt>
      <trkpt lat="48.73201472684741" lon="3.061209926381707">
        <ele>117.86</ele>
      </trkpt>
      <trkpt lat="48.732276326045394" lon="3.061179919168353">
        <ele>117.77</ele>
      </trkpt>
      <trkpt lat="48.73253792524338" lon="3.0611499957740307">
        <ele>117.7</ele>
      </trkpt>
      <trkpt lat="48.73279985971749" lon="3.0611199885606766">
        <ele>117.62</ele>
      </trkpt>
      <trkpt lat="48.7330824136734" lon="3.06091982871294">
        <ele>117.53</ele>
      </trkpt>
      <trkpt lat="48.733365051448345" lon="3.0607197526842356">
        <ele>117.42</ele>
      </trkpt>
      <trkpt lat="48.73364760540426" lon="3.060519676655531">
        <ele>117.27</ele>
      </trkpt>
      <trkpt lat="48.733929907903075" lon="3.0603198520839214">
        <ele>117.13</ele>
      </trkpt>
      <trkpt lat="48.73410986736417" lon="3.0602948740124702">
        <ele>117.02</ele>
      </trkpt>
      <trkpt lat="48.73428991064429" lon="3.060269895941019">
        <ele>116.88</ele>
      </trkpt>
      <trkpt lat="48.73456483706832" lon="3.060377351939678">
        <ele>116.74</ele>
      </trkpt>
      <trkpt lat="48.73483984731138" lon="3.0604848079383373">
        <ele>116.57</ele>
      </trkpt>
      <trkpt lat="48.735114857554436" lon="3.060592347756028">
        <ele>116.42</ele>
      </trkpt>
      <trkpt lat="48.735389867797494" lon="3.060699887573719">
        <ele>116.27</ele>
      </trkpt>
      <trkpt lat="48.7356935441494" lon="3.0607273802161217">
        <ele>116.12</ele>
      </trkpt>
      <trkpt lat="48.735997220501304" lon="3.0607548728585243">
        <ele>115.98</ele>
      </trkpt>
      <trkpt lat="48.73630089685321" lon="3.060782365500927">
        <ele>115.85</ele>
      </trkpt>
      <trkpt lat="48.736604657024145" lon="3.0608098581433296">
        <ele>115.71</ele>
      </trkpt>
      <trkpt lat="48.73690833337605" lon="3.0608373507857323">
        <ele>115.55</ele>
      </trkpt>
      <trkpt lat="48.737212009727955" lon="3.060864843428135">
        <ele>115.41</ele>
      </trkpt>
      <trkpt lat="48.73751576989889" lon="3.0608923360705376">
        <ele>115.3</ele>
      </trkpt>
      <trkpt lat="48.73781994916499" lon="3.060919912531972">
        <ele>115.24</ele>
      </trkpt>
      <trkpt lat="48.73809847980738" lon="3.0610027257353067">
        <ele>115.19</ele>
      </trkpt>
      <trkpt lat="48.73837701044977" lon="3.0610855389386415">
        <ele>115.1</ele>
      </trkpt>
      <trkpt lat="48.73865554109216" lon="3.0611683521419764">
        <ele>115.02</ele>
      </trkpt>
      <trkpt lat="48.73893407173455" lon="3.061251249164343">
        <ele>114.95</ele>
      </trkpt>
      <trkpt lat="48.73921260237694" lon="3.0613340623676777">
        <ele>114.86</ele>
      </trkpt>
      <trkpt lat="48.73949113301933" lon="3.0614168755710125">
        <ele>114.8</ele>
      </trkpt>
      <trkpt lat="48.73976991511881" lon="3.0614998564124107">
        <ele>114.8</ele>
      </trkpt>
      <trkpt lat="48.74008105136454" lon="3.061503544449806">
        <ele>114.76</ele>
      </trkpt>
      <trkpt lat="48.7403922714293" lon="3.0615073163062334">
        <ele>114.78</ele>
      </trkpt>
      <trkpt lat="48.74070340767503" lon="3.0615110881626606">
        <ele>114.77</ele>
      </trkpt>
      <trkpt lat="48.74101462773979" lon="3.061514860019088">
        <ele>114.79</ele>
      </trkpt>
      <trkpt lat="48.741325847804546" lon="3.061518631875515">
        <ele>114.92</ele>
      </trkpt>
      <trkpt lat="48.741636984050274" lon="3.061522403731942">
        <ele>115.11</ele>
      </trkpt>
      <trkpt lat="48.74194820411503" lon="3.0615261755883694">
        <ele>115.33</ele>
      </trkpt>
      <trkpt lat="48.74225992709398" lon="3.0615299474447966">
        <ele>115.54</ele>
      </trkpt>
      <trkpt lat="48.742539966478944" lon="3.0616849288344383">
        <ele>115.69</ele>
      </trkpt>
      <trkpt lat="48.742820005863905" lon="3.061839994043112">
        <ele>115.95</ele>
      </trkpt>
      <trkpt lat="48.743100045248866" lon="3.0619949754327536">
        <ele>116.28</ele>
      </trkpt>
      <trkpt lat="48.743379916995764" lon="3.0621499568223953">
        <ele>116.61</ele>
      </trkpt>
      <trkpt lat="48.74368317425251" lon="3.0622465163469315">
        <ele>116.96</ele>
      </trkpt>
      <trkpt lat="48.74398651532829" lon="3.0623431596904993">
        <ele>117.34</ele>
      </trkpt>
      <trkpt lat="48.744267309084535" lon="3.062432510778308">
        <ele>117.76</ele>
      </trkpt>
      <trkpt lat="48.74426865018904" lon="3.062433013692498">
        <ele>118.18</ele>
      </trkpt>
      <trkpt lat="48.744268817827106" lon="3.06243309751153">
        <ele>118.63</ele>
      </trkpt>
      <trkpt lat="48.744269236922264" lon="3.0624331813305616">
        <ele>119.1</ele>
      </trkpt>
      <trkpt lat="48.7442899402231" lon="3.062439886853099">
        <ele>119.58</ele>
      </trkpt>
      <trkpt lat="48.74429061077535" lon="3.062439803034067">
        <ele>120.07</ele>
      </trkpt>
      <trkpt lat="48.744290778413415" lon="3.062439803034067">
        <ele>120.56</ele>
      </trkpt>
      <trkpt lat="48.74429102987051" lon="3.062439803034067">
        <ele>121.04</ele>
      </trkpt>
      <trkpt lat="48.744543408975005" lon="3.0624332651495934">
        <ele>121.58</ele>
      </trkpt>
      <trkpt lat="48.74479687772691" lon="3.062426643446088">
        <ele>122.17</ele>
      </trkpt>
      <trkpt lat="48.74505034647882" lon="3.0624200217425823">
        <ele>122.7</ele>
      </trkpt>
      <trkpt lat="48.74530381523073" lon="3.062413400039077">
        <ele>123.28</ele>
      </trkpt>
      <trkpt lat="48.74555761925876" lon="3.062406862154603">
        <ele>123.82</ele>
      </trkpt>
      <trkpt lat="48.74584193341434" lon="3.062399486079812">
        <ele>124.23</ele>
      </trkpt>
      <trkpt lat="48.74612633138895" lon="3.062392110005021">
        <ele>124.52</ele>
      </trkpt>
      <trkpt lat="48.74641072936356" lon="3.06238473393023">
        <ele>124.71</ele>
      </trkpt>
      <trkpt lat="48.74669512733817" lon="3.062377357855439">
        <ele>124.83</ele>
      </trkpt>
      <trkpt lat="48.74697986058891" lon="3.0623699817806482">
        <ele>124.88</ele>
      </trkpt>
      <trkpt lat="48.74726836569607" lon="3.062385655939579">
        <ele>124.92</ele>
      </trkpt>
      <trkpt lat="48.74755687080324" lon="3.06240133009851">
        <ele>124.94</ele>
      </trkpt>
      <trkpt lat="48.74784545972943" lon="3.0624170880764723">
        <ele>124.9</ele>
      </trkpt>
      <trkpt lat="48.7481339648366" lon="3.062432762235403">
        <ele>124.74</ele>
      </trkpt>
      <trkpt lat="48.74842246994376" lon="3.062448436394334">
        <ele>124.44</ele>
      </trkpt>
      <trkpt lat="48.74871105886996" lon="3.0624641943722963">
        <ele>124.16</ele>
      </trkpt>
      <trkpt lat="48.74899998307228" lon="3.062479952350259">
        <ele>123.81</ele>
      </trkpt>
      <trkpt lat="48.74927993863821" lon="3.062537368386984">
        <ele>123.31</ele>
      </trkpt>
      <trkpt lat="48.74955989420414" lon="3.0625948682427406">
        <ele>122.8</ele>
      </trkpt>
      <trkpt lat="48.74983984977007" lon="3.0626523680984974">
        <ele>122.29</ele>
      </trkpt>
      <trkpt lat="48.75011997297406" lon="3.062709951773286">
        <ele>121.64</ele>
      </trkpt>
      <trkpt lat="48.75005308538675" lon="3.063134327530861">
        <ele>121.14</ele>
      </trkpt>
      <trkpt lat="48.749986281618476" lon="3.0635587871074677">
        <ele>120.57</ele>
      </trkpt>
      <trkpt lat="48.74991998076439" lon="3.0639799777418375">
        <ele>119.93</ele>
      </trkpt>
      <trkpt lat="48.74978260137141" lon="3.064397145062685">
        <ele>119.28</ele>
      </trkpt>
      <trkpt lat="48.749645221978426" lon="3.0648143123835325">
        <ele>118.61</ele>
      </trkpt>
      <trkpt lat="48.749507842585444" lon="3.06523147970438">
        <ele>118.01</ele>
      </trkpt>
      <trkpt lat="48.74937046319246" lon="3.0656486470252275">
        <ele>117.39</ele>
      </trkpt>
      <trkpt lat="48.74923308379948" lon="3.066065814346075">
        <ele>116.81</ele>
      </trkpt>
      <trkpt lat="48.7490957044065" lon="3.0664829816669226">
        <ele>116.22</ele>
      </trkpt>
      <trkpt lat="48.74895840883255" lon="3.06690014898777">
        <ele>115.65</ele>
      </trkpt>
      <trkpt lat="48.74882102943957" lon="3.0673173163086176">
        <ele>115.13</ele>
      </trkpt>
      <trkpt lat="48.74868365004659" lon="3.067734567448497">
        <ele>114.59</ele>
      </trkpt>
      <trkpt lat="48.748546270653605" lon="3.0681517347693443">
        <ele>114.04</ele>
      </trkpt>
      <trkpt lat="48.748408891260624" lon="3.068568902090192">
        <ele>113.56</ele>
      </trkpt>
      <trkpt lat="48.74827151186764" lon="3.0689860694110394">
        <ele>113.12</ele>
      </trkpt>
      <trkpt lat="48.74813413247466" lon="3.069403236731887">
        <ele>112.72</ele>
      </trkpt>
      <trkpt lat="48.74799683690071" lon="3.0698204040527344">
        <ele>112.37</ele>
      </trkpt>
      <trkpt lat="48.74785945750773" lon="3.070237571373582">
        <ele>112.05</ele>
      </trkpt>
      <trkpt lat="48.74772207811475" lon="3.0706547386944294">
        <ele>111.73</ele>
      </trkpt>
      <trkpt lat="48.74758469872177" lon="3.071071906015277">
        <ele>111.52</ele>
      </trkpt>
      <trkpt lat="48.747447319328785" lon="3.0714890733361244">
        <ele>111.32</ele>
      </trkpt>
      <trkpt lat="48.7473099399358" lon="3.07190615683794">
        <ele>111.12</ele>
      </trkpt>
      <trkpt lat="48.74717256054282" lon="3.0723233241587877">
        <ele>111.03</ele>
      </trkpt>
      <trkpt lat="48.74703526496887" lon="3.0727404914796352">
        <ele>110.98</ele>
      </trkpt>
      <trkpt lat="48.74689788557589" lon="3.0731576588004827">
        <ele>110.96</ele>
      </trkpt>
      <trkpt lat="48.74676050618291" lon="3.0735748261213303">
        <ele>110.97</ele>
      </trkpt>
      <trkpt lat="48.746629916131496" lon="3.0739699490368366">
        <ele>110.94</ele>
      </trkpt>
      <trkpt lat="48.746626982465386" lon="3.0744390841573477">
        <ele>110.9</ele>
      </trkpt>
      <trkpt lat="48.746624048799276" lon="3.0749083030968904">
        <ele>110.91</ele>
      </trkpt>
      <trkpt lat="48.746621115133166" lon="3.075377522036433">
        <ele>111.06</ele>
      </trkpt>
      <trkpt lat="48.74661826528609" lon="3.0758466571569443">
        <ele>111.23</ele>
      </trkpt>
      <trkpt lat="48.74661533161998" lon="3.076315876096487">
        <ele>111.32</ele>
      </trkpt>
      <trkpt lat="48.74661239795387" lon="3.07678509503603">
        <ele>111.36</ele>
      </trkpt>
      <trkpt lat="48.74660954810679" lon="3.077254230156541">
        <ele>111.44</ele>
      </trkpt>
      <trkpt lat="48.74660661444068" lon="3.0777234490960836">
        <ele>111.45</ele>
      </trkpt>
      <trkpt lat="48.74660368077457" lon="3.0781926680356264">
        <ele>111.53</ele>
      </trkpt>
      <trkpt lat="48.74660083092749" lon="3.078661886975169">
        <ele>111.66</ele>
      </trkpt>
      <trkpt lat="48.74659789726138" lon="3.0791310220956802">
        <ele>111.82</ele>
      </trkpt>
      <trkpt lat="48.74659496359527" lon="3.079600241035223">
        <ele>111.95</ele>
      </trkpt>
      <trkpt lat="48.74659211374819" lon="3.0800694599747658">
        <ele>112.16</ele>
      </trkpt>
      <trkpt lat="48.74658918008208" lon="3.080538595095277">
        <ele>112.37</ele>
      </trkpt>
      <trkpt lat="48.74658624641597" lon="3.0810078140348196">
        <ele>112.57</ele>
      </trkpt>
      <trkpt lat="48.746583396568894" lon="3.0814770329743624">
        <ele>112.78</ele>
      </trkpt>
      <trkpt lat="48.746580462902784" lon="3.0819461680948734">
        <ele>112.98</ele>
      </trkpt>
      <trkpt lat="48.746577529236674" lon="3.082415387034416">
        <ele>113.18</ele>
      </trkpt>
      <trkpt lat="48.746574679389596" lon="3.082884605973959">
        <ele>113.36</ele>
      </trkpt>
      <trkpt lat="48.746571745723486" lon="3.08335374109447">
        <ele>113.57</ele>
      </trkpt>
      <trkpt lat="48.746568812057376" lon="3.083822960034013">
        <ele>113.79</ele>
      </trkpt>
      <trkpt lat="48.7465659622103" lon="3.0842921789735556">
        <ele>114.04</ele>
      </trkpt>
      <trkpt lat="48.74656302854419" lon="3.0847613979130983">
        <ele>114.33</ele>
      </trkpt>
      <trkpt lat="48.74655984342098" lon="3.0851998552680016">
        <ele>114.56</ele>
      </trkpt>
      <trkpt lat="48.74650368466973" lon="3.0856480356305838">
        <ele>114.8</ele>
      </trkpt>
      <trkpt lat="48.746447525918484" lon="3.086096215993166">
        <ele>115.11</ele>
      </trkpt>
      <trkpt lat="48.746391367167234" lon="3.086544396355748">
        <ele>115.39</ele>
      </trkpt>
      <trkpt lat="48.746335208415985" lon="3.0869925767183304">
        <ele>115.68</ele>
      </trkpt>
      <trkpt lat="48.74627913348377" lon="3.0874407570809126">
        <ele>116.0</ele>
      </trkpt>
      <trkpt lat="48.74622297473252" lon="3.087888937443495">
        <ele>116.36</ele>
      </trkpt>
      <trkpt lat="48.74616681598127" lon="3.088337117806077">
        <ele>116.72</ele>
      </trkpt>
      <trkpt lat="48.74611065723002" lon="3.088785298168659">
        <ele>117.07</ele>
      </trkpt>
      <trkpt lat="48.7460545822978" lon="3.0892334785312414">
        <ele>117.43</ele>
      </trkpt>
      <trkpt lat="48.74599984847009" lon="3.0896698404103518">
        <ele>117.91</ele>
      </trkpt>
      <trkpt lat="48.74588116072118" lon="3.090103268623352">
        <ele>118.42</ele>
      </trkpt>
      <trkpt lat="48.745762472972274" lon="3.090536780655384">
        <ele>118.98</ele>
      </trkpt>
      <trkpt lat="48.745643785223365" lon="3.090970292687416">
        <ele>119.53</ele>
      </trkpt>
      <trkpt lat="48.745525097474456" lon="3.091403804719448">
        <ele>120.1</ele>
      </trkpt>
      <trkpt lat="48.74540640972555" lon="3.09183731675148">
        <ele>120.67</ele>
      </trkpt>
      <trkpt lat="48.74528772197664" lon="3.092270828783512">
        <ele>121.23</ele>
      </trkpt>
      <trkpt lat="48.74516903422773" lon="3.092704340815544">
        <ele>121.76</ele>
      </trkpt>
      <trkpt lat="48.74505034647882" lon="3.093137852847576">
        <ele>122.35</ele>
      </trkpt>
      <trkpt lat="48.74493165872991" lon="3.0935712810605764">
        <ele>122.99</ele>
      </trkpt>
      <trkpt lat="48.744812970981" lon="3.0940047930926085">
        <ele>123.59</ele>
      </trkpt>
      <trkpt lat="48.74469428323209" lon="3.0944383051246405">
        <ele>124.21</ele>
      </trkpt>
      <trkpt lat="48.744575595483184" lon="3.0948718171566725">
        <ele>124.82</ele>
      </trkpt>
      <trkpt lat="48.744456907734275" lon="3.0953053291887045">
        <ele>125.42</ele>
      </trkpt>
      <trkpt lat="48.744338219985366" lon="3.095738757401705">
        <ele>125.98</ele>
      </trkpt>
      <trkpt lat="48.74421953223646" lon="3.096172269433737">
        <ele>126.6</ele>
      </trkpt>
      <trkpt lat="48.74410084448755" lon="3.096605781465769">
        <ele>127.17</ele>
      </trkpt>
      <trkpt lat="48.74398215673864" lon="3.097039293497801">
        <ele>127.69</ele>
      </trkpt>
      <trkpt lat="48.74386346898973" lon="3.097472721710801">
        <ele>128.18</ele>
      </trkpt>
      <trkpt lat="48.74374478124082" lon="3.097906233742833">
        <ele>128.67</ele>
      </trkpt>
      <trkpt lat="48.74362609349191" lon="3.098339745774865">
        <ele>129.18</ele>
      </trkpt>
      <trkpt lat="48.743507405743" lon="3.0987731739878654">
        <ele>129.66</ele>
      </trkpt>
      <trkpt lat="48.743388717994094" lon="3.0992066860198975">
        <ele>130.1</ele>
      </trkpt>
      <trkpt lat="48.743270030245185" lon="3.0996401980519295">
        <ele>130.51</ele>
      </trkpt>
      <trkpt lat="48.743151342496276" lon="3.1000736262649298">
        <ele>130.94</ele>
      </trkpt>
      <trkpt lat="48.74303265474737" lon="3.100507138296962">
        <ele>131.41</ele>
      </trkpt>
      <trkpt lat="48.74291396699846" lon="3.100940650328994">
        <ele>131.81</ele>
      </trkpt>
      <trkpt lat="48.74279536306858" lon="3.101374078541994">
        <ele>132.14</ele>
      </trkpt>
      <trkpt lat="48.74267667531967" lon="3.101807590574026">
        <ele>132.53</ele>
      </trkpt>
      <trkpt lat="48.74255798757076" lon="3.102241102606058">
        <ele>132.88</ele>
      </trkpt>
      <trkpt lat="48.742439299821854" lon="3.1026745308190584">
        <ele>133.19</ele>
      </trkpt>
      <trkpt lat="48.742320612072945" lon="3.1031080428510904">
        <ele>133.48</ele>
      </trkpt>
      <trkpt lat="48.742201924324036" lon="3.1035414710640907">
        <ele>133.74</ele>
      </trkpt>
      <trkpt lat="48.74208323657513" lon="3.1039749830961227">
        <ele>134.02</ele>
      </trkpt>
      <trkpt lat="48.74196454882622" lon="3.104408411309123">
        <ele>134.28</ele>
      </trkpt>
      <trkpt lat="48.74184586107731" lon="3.104841923341155">
        <ele>134.5</ele>
      </trkpt>
      <trkpt lat="48.7417271733284" lon="3.1052753515541553">
        <ele>134.71</ele>
      </trkpt>
      <trkpt lat="48.74160848557949" lon="3.1057088635861874">
        <ele>134.87</ele>
      </trkpt>
      <trkpt lat="48.74148979783058" lon="3.1061422917991877">
        <ele>135.04</ele>
      </trkpt>
      <trkpt lat="48.74137111008167" lon="3.1065758038312197">
        <ele>135.21</ele>
      </trkpt>
      <trkpt lat="48.741252422332764" lon="3.10700923204422">
        <ele>135.39</ele>
      </trkpt>
      <trkpt lat="48.741133734583855" lon="3.107442744076252">
        <ele>135.47</ele>
      </trkpt>
      <trkpt lat="48.741015046834946" lon="3.1078761722892523">
        <ele>135.51</ele>
      </trkpt>
      <trkpt lat="48.74089635908604" lon="3.108309516683221">
        <ele>135.57</ele>
      </trkpt>
      <trkpt lat="48.74077767133713" lon="3.1087431125342846">
        <ele>135.6</ele>
      </trkpt>
      <trkpt lat="48.74071028083563" lon="3.108984846621752">
        <ele>135.63</ele>
      </trkpt>
      <trkpt lat="48.740696953609586" lon="3.1090326234698296">
        <ele>135.61</ele>
      </trkpt>
      <trkpt lat="48.74066996388137" lon="3.1091298535466194">
        <ele>135.57</ele>
      </trkpt>
      <trkpt lat="48.74065848067403" lon="3.1095162592828274">
        <ele>135.53</ele>
      </trkpt>
      <trkpt lat="48.740647081285715" lon="3.109902748838067">
        <ele>135.42</ele>
      </trkpt>
      <trkpt lat="48.7406356818974" lon="3.1102892383933067">
        <ele>135.29</ele>
      </trkpt>
      <trkpt lat="48.74062445014715" lon="3.1106715369969606">
        <ele>135.03</ele>
      </trkpt>
      <trkpt lat="48.74062336049974" lon="3.1107053998857737">
        <ele>134.76</ele>
      </trkpt>
      <trkpt lat="48.74062344431877" lon="3.1107053998857737">
        <ele>134.45</ele>
      </trkpt>
      <trkpt lat="48.74062336049974" lon="3.1107054837048054">
        <ele>134.09</ele>
      </trkpt>
      <trkpt lat="48.740610368549824" lon="3.1111459527164698">
        <ele>133.65</ele>
      </trkpt>
      <trkpt lat="48.74059737659991" lon="3.111586421728134">
        <ele>133.13</ele>
      </trkpt>
      <trkpt lat="48.740584468469024" lon="3.1120269745588303">
        <ele>132.67</ele>
      </trkpt>
      <trkpt lat="48.74057147651911" lon="3.1124674435704947">
        <ele>132.13</ele>
      </trkpt>
      <trkpt lat="48.74055848456919" lon="3.1129079964011908">
        <ele>131.52</ele>
      </trkpt>
      <trkpt lat="48.74054557643831" lon="3.113348465412855">
        <ele>130.8</ele>
      </trkpt>
      <trkpt lat="48.74053258448839" lon="3.1137890182435513">
        <ele>130.01</ele>
      </trkpt>
      <trkpt lat="48.7405199278146" lon="3.1142199318856">
        <ele>129.24</ele>
      </trkpt>
      <trkpt lat="48.74046603217721" lon="3.114667274057865">
        <ele>128.42</ele>
      </trkpt>
      <trkpt lat="48.74041213653982" lon="3.115114700049162">
        <ele>127.56</ele>
      </trkpt>
      <trkpt lat="48.740358240902424" lon="3.1155621260404587">
        <ele>126.71</ele>
      </trkpt>
      <trkpt lat="48.74030434526503" lon="3.1160095520317554">
        <ele>125.74</ele>
      </trkpt>
      <trkpt lat="48.74025044962764" lon="3.116456978023052">
        <ele>124.8</ele>
      </trkpt>
      <trkpt lat="48.740196553990245" lon="3.116904404014349">
        <ele>123.9</ele>
      </trkpt>
      <trkpt lat="48.74014265835285" lon="3.1173518300056458">
        <ele>123.07</ele>
      </trkpt>
      <trkpt lat="48.7400899361819" lon="3.1177898682653904">
        <ele>122.06</ele>
      </trkpt>
      <trkpt lat="48.74013637192547" lon="3.1182392220944166">
        <ele>120.96</ele>
      </trkpt>
      <trkpt lat="48.740182891488075" lon="3.118688575923443">
        <ele>119.93</ele>
      </trkpt>
      <trkpt lat="48.74022941105068" lon="3.119137929752469">
        <ele>118.97</ele>
      </trkpt>
      <trkpt lat="48.74027593061328" lon="3.119587367400527">
        <ele>118.11</ele>
      </trkpt>
      <trkpt lat="48.74032236635685" lon="3.1200367212295532">
        <ele>117.33</ele>
      </trkpt>
      <trkpt lat="48.74036888591945" lon="3.1204860750585794">
        <ele>116.5</ele>
      </trkpt>
      <trkpt lat="48.740415405482054" lon="3.1209354288876057">
        <ele>115.45</ele>
      </trkpt>
      <trkpt lat="48.740461925044656" lon="3.1213848665356636">
        <ele>114.32</ele>
      </trkpt>
      <trkpt lat="48.740508360788226" lon="3.12183422036469">
        <ele>113.29</ele>
      </trkpt>
      <trkpt lat="48.74055488035083" lon="3.122283574193716">
        <ele>112.36</ele>
      </trkpt>
      <trkpt lat="48.74059997498989" lon="3.1227199360728264">
        <ele>111.46</ele>
      </trkpt>
      <trkpt lat="48.74069016426802" lon="3.1231448985636234">
        <ele>110.63</ele>
      </trkpt>
      <trkpt lat="48.74078035354614" lon="3.123569944873452">
        <ele>109.86</ele>
      </trkpt>
      <trkpt lat="48.7408706266433" lon="3.123994991183281">
        <ele>109.06</ele>
      </trkpt>
      <trkpt lat="48.740960815921426" lon="3.1244200374931097">
        <ele>108.28</ele>
      </trkpt>
      <trkpt lat="48.74104999937117" lon="3.124839887022972">
        <ele>107.47</ele>
      </trkpt>
      <trkpt lat="48.7409898173064" lon="3.1252659391611814">
        <ele>106.83</ele>
      </trkpt>
      <trkpt lat="48.74092963524163" lon="3.1256920751184225">
        <ele>106.22</ele>
      </trkpt>
      <trkpt lat="48.74086953699589" lon="3.1261182110756636">
        <ele>105.71</ele>
      </trkpt>
      <trkpt lat="48.740809354931116" lon="3.1265443470329046">
        <ele>105.28</ele>
      </trkpt>
      <trkpt lat="48.740749172866344" lon="3.126970399171114">
        <ele>104.93</ele>
      </trkpt>
      <trkpt lat="48.74068999662995" lon="3.1273899134248495">
        <ele>104.65</ele>
      </trkpt>
      <trkpt lat="48.7409345805645" lon="3.1276311445981264">
        <ele>104.43</ele>
      </trkpt>
      <trkpt lat="48.741179164499044" lon="3.1278723757714033">
        <ele>104.28</ele>
      </trkpt>
      <trkpt lat="48.74142374843359" lon="3.128113690763712">
        <ele>104.2</ele>
      </trkpt>
      <trkpt lat="48.74166841618717" lon="3.128354921936989">
        <ele>104.24</ele>
      </trkpt>
      <trkpt lat="48.74191300012171" lon="3.1285962369292974">
        <ele>104.34</ele>
      </trkpt>
      <trkpt lat="48.74215758405626" lon="3.1288374681025743">
        <ele>104.49</ele>
      </trkpt>
      <trkpt lat="48.742402251809835" lon="3.1290786992758512">
        <ele>104.73</ele>
      </trkpt>
      <trkpt lat="48.74264683574438" lon="3.12932001426816">
        <ele>105.11</ele>
      </trkpt>
      <trkpt lat="48.74288999475539" lon="3.1295599043369293">
        <ele>105.53</ele>
      </trkpt>
      <trkpt lat="48.74306492507458" lon="3.1296649295836687">
        <ele>106.03</ele>
      </trkpt>
      <trkpt lat="48.7432399392128" lon="3.129769954830408">
        <ele>106.64</ele>
      </trkpt>
      <trkpt lat="48.74331998638809" lon="3.129589995369315">
        <ele>107.28</ele>
      </trkpt>
      <trkpt lat="48.74351997859776" lon="3.12972997315228">
        <ele>108.06</ele>
      </trkpt>
      <trkpt lat="48.74375727027655" lon="3.1300245132297277">
        <ele>108.98</ele>
      </trkpt>
      <trkpt lat="48.743994645774364" lon="3.1303190533071756">
        <ele>109.97</ele>
      </trkpt>
      <trkpt lat="48.74423202127218" lon="3.1306136772036552">
        <ele>111.04</ele>
      </trkpt>
      <trkpt lat="48.74446939677" lon="3.130908217281103">
        <ele>112.18</ele>
      </trkpt>
      <trkpt lat="48.74470677226782" lon="3.131202757358551">
        <ele>113.38</ele>
      </trkpt>
      <trkpt lat="48.744944147765636" lon="3.1314973812550306">
        <ele>114.62</ele>
      </trkpt>
      <trkpt lat="48.74517993070185" lon="3.131789993494749">
        <ele>115.94</ele>
      </trkpt>
      <trkpt lat="48.74548184685409" lon="3.1318949349224567">
        <ele>117.36</ele>
      </trkpt>
      <trkpt lat="48.74578384682536" lon="3.131999960169196">
        <ele>118.89</ele>
      </trkpt>
      <trkpt lat="48.74608584679663" lon="3.132104901596904">
        <ele>120.48</ele>
      </trkpt>
      <trkpt lat="48.7463878467679" lon="3.132209926843643">
        <ele>122.1</ele>
      </trkpt>
      <trkpt lat="48.74668984673917" lon="3.132314868271351">
        <ele>123.74</ele>
      </trkpt>
      <trkpt lat="48.74699176289141" lon="3.1324198935180902">
        <ele>125.47</ele>
      </trkpt>
      <trkpt lat="48.74729376286268" lon="3.1325249187648296">
        <ele>127.24</ele>
      </trkpt>
      <trkpt lat="48.74759576283395" lon="3.1326298601925373">
        <ele>128.88</ele>
      </trkpt>
      <trkpt lat="48.74789776280522" lon="3.1327348854392767">
        <ele>130.38</ele>
      </trkpt>
      <trkpt lat="48.74819993041456" lon="3.132839994505048">
        <ele>132.0</ele>
      </trkpt>
      <trkpt lat="48.748461278155446" lon="3.1330462731420994">
        <ele>133.6</ele>
      </trkpt>
      <trkpt lat="48.748722625896335" lon="3.1332526355981827">
        <ele>135.1</ele>
      </trkpt>
      <trkpt lat="48.74898397363722" lon="3.1334589142352343">
        <ele>136.48</ele>
      </trkpt>
      <trkpt lat="48.74924532137811" lon="3.1336652766913176">
        <ele>137.76</ele>
      </trkpt>
      <trkpt lat="48.74950675293803" lon="3.133871639147401">
        <ele>138.93</ele>
      </trkpt>
      <trkpt lat="48.74976810067892" lon="3.1340779177844524">
        <ele>140.07</ele>
      </trkpt>
      <trkpt lat="48.75002944841981" lon="3.1342842802405357">
        <ele>141.22</ele>
      </trkpt>
      <trkpt lat="48.75028995797038" lon="3.1344899721443653">
        <ele>142.28</ele>
      </trkpt>
      <trkpt lat="48.75040269456804" lon="3.134813094511628">
        <ele>143.23</ele>
      </trkpt>
      <trkpt lat="48.750515431165695" lon="3.1351363006979227">
        <ele>144.12</ele>
      </trkpt>
      <trkpt lat="48.75062816776335" lon="3.1354594230651855">
        <ele>144.95</ele>
      </trkpt>
      <trkpt lat="48.75073998235166" lon="3.135779947042465">
        <ele>145.68</ele>
      </trkpt>
      <trkpt lat="48.750970819965005" lon="3.136089574545622">
        <ele>146.32</ele>
      </trkpt>
      <trkpt lat="48.75120174139738" lon="3.1363992020487785">
        <ele>146.9</ele>
      </trkpt>
      <trkpt lat="48.75143266282976" lon="3.136708829551935">
        <ele>147.4</ele>
      </trkpt>
      <trkpt lat="48.75166358426213" lon="3.137018457055092">
        <ele>147.77</ele>
      </trkpt>
      <trkpt lat="48.75189450569451" lon="3.1373280845582485">
        <ele>148.08</ele>
      </trkpt>
      <trkpt lat="48.752125427126884" lon="3.137637795880437">
        <ele>148.32</ele>
      </trkpt>
      <trkpt lat="48.75235634855926" lon="3.1379474233835936">
        <ele>148.52</ele>
      </trkpt>
      <trkpt lat="48.752587269991636" lon="3.13825705088675">
        <ele>148.68</ele>
      </trkpt>
      <trkpt lat="48.75281819142401" lon="3.138566678389907">
        <ele>148.81</ele>
      </trkpt>
      <trkpt lat="48.75304911285639" lon="3.1388763897120953">
        <ele>148.79</ele>
      </trkpt>
      <trkpt lat="48.75327995046973" lon="3.139186017215252">
        <ele>148.76</ele>
      </trkpt>
      <trkpt lat="48.75351087190211" lon="3.1394956447184086">
        <ele>148.75</ele>
      </trkpt>
      <trkpt lat="48.753741793334484" lon="3.139805356040597">
        <ele>148.67</ele>
      </trkpt>
      <trkpt lat="48.75397271476686" lon="3.1401149835437536">
        <ele>148.55</ele>
      </trkpt>
      <trkpt lat="48.75419986434281" lon="3.1404198333621025">
        <ele>148.46</ele>
      </trkpt>
      <trkpt lat="48.75447118654847" lon="3.1406248547136784">
        <ele>148.34</ele>
      </trkpt>
      <trkpt lat="48.754742508754134" lon="3.140829959884286">
        <ele>148.25</ele>
      </trkpt>
      <trkpt lat="48.75501391477883" lon="3.1410350650548935">
        <ele>148.13</ele>
      </trkpt>
      <trkpt lat="48.75528523698449" lon="3.1412400864064693">
        <ele>147.97</ele>
      </trkpt>
      <trkpt lat="48.755556559190154" lon="3.141445191577077">
        <ele>147.86</ele>
      </trkpt>
      <trkpt lat="48.75582796521485" lon="3.1416502967476845">
        <ele>147.78</ele>
      </trkpt>
      <trkpt lat="48.75609928742051" lon="3.141855401918292">
        <ele>147.71</ele>
      </trkpt>
      <trkpt lat="48.75636985525489" lon="3.1420599203556776">
        <ele>147.64</ele>
      </trkpt>
      <trkpt lat="48.756645284593105" lon="3.1421880796551704">
        <ele>147.6</ele>
      </trkpt>
      <trkpt lat="48.756920797750354" lon="3.1423162389546633">
        <ele>147.56</ele>
      </trkpt>
      <trkpt lat="48.75719622708857" lon="3.142444398254156">
        <ele>147.55</ele>
      </trkpt>
      <trkpt lat="48.75747174024582" lon="3.142572557553649">
        <ele>147.59</ele>
      </trkpt>
      <trkpt lat="48.757747169584036" lon="3.1427008006721735">
        <ele>147.69</ele>
      </trkpt>
      <trkpt lat="48.758022682741284" lon="3.1428289599716663">
        <ele>147.85</ele>
      </trkpt>
      <trkpt lat="48.7582981120795" lon="3.142957119271159">
        <ele>147.97</ele>
      </trkpt>
      <trkpt lat="48.75857362523675" lon="3.143085278570652">
        <ele>148.09</ele>
      </trkpt>
      <trkpt lat="48.758849138394" lon="3.143213437870145">
        <ele>148.3</ele>
      </trkpt>
      <trkpt lat="48.759124567732215" lon="3.1433416809886694">
        <ele>148.54</ele>
      </trkpt>
      <trkpt lat="48.7593999132514" lon="3.1434698402881622">
        <ele>148.78</ele>
      </trkpt>
      <trkpt lat="48.75962371006608" lon="3.1437601055949926">
        <ele>149.0</ele>
      </trkpt>
      <trkpt lat="48.75984759069979" lon="3.144050370901823">
        <ele>149.24</ele>
      </trkpt>
      <trkpt lat="48.760071471333504" lon="3.144340720027685">
        <ele>149.46</ele>
      </trkpt>
      <trkpt lat="48.760295351967216" lon="3.1446309853345156">
        <ele>149.71</ele>
      </trkpt>
      <trkpt lat="48.76051923260093" lon="3.1449213344603777">
        <ele>150.06</ele>
      </trkpt>
      <trkpt lat="48.76074302941561" lon="3.145211599767208">
        <ele>150.34</ele>
      </trkpt>
      <trkpt lat="48.76096691004932" lon="3.14550194889307">
        <ele>150.55</ele>
      </trkpt>
      <trkpt lat="48.76119079068303" lon="3.1457922141999006">
        <ele>150.7</ele>
      </trkpt>
      <trkpt lat="48.76141467131674" lon="3.1460825633257627">
        <ele>150.87</ele>
      </trkpt>
      <trkpt lat="48.761638551950455" lon="3.146372912451625">
        <ele>150.98</ele>
      </trkpt>
      <trkpt lat="48.76185983419418" lon="3.14665999263525">
        <ele>151.07</ele>
      </trkpt>
      <trkpt lat="48.7620401289314" lon="3.147030556574464">
        <ele>151.2</ele>
      </trkpt>
      <trkpt lat="48.7622198369354" lon="3.147399863228202">
        <ele>151.32</ele>
      </trkpt>
      <trkpt lat="48.76225738786161" lon="3.1477683316916227">
        <ele>151.36</ele>
      </trkpt>
      <trkpt lat="48.76229502260685" lon="3.1481368001550436">
        <ele>151.39</ele>
      </trkpt>
      <trkpt lat="48.76233265735209" lon="3.148505352437496">
        <ele>151.46</ele>
      </trkpt>
      <trkpt lat="48.7623699568212" lon="3.148869965225458">
        <ele>151.56</ele>
      </trkpt>
      <trkpt lat="48.76250021159649" lon="3.1492674350738525">
        <ele>151.58</ele>
      </trkpt>
      <trkpt lat="48.762630466371775" lon="3.149664904922247">
        <ele>151.68</ele>
      </trkpt>
      <trkpt lat="48.762759966775775" lon="3.15005986019969">
        <ele>151.76</ele>
      </trkpt>
      <trkpt lat="48.763019973412156" lon="3.1501099839806557">
        <ele>151.83</ele>
      </trkpt>
      <trkpt lat="48.76326656900346" lon="3.149973191320896">
        <ele>151.87</ele>
      </trkpt>
      <trkpt lat="48.7635132484138" lon="3.1498364824801683">
        <ele>151.87</ele>
      </trkpt>
      <trkpt lat="48.76375984400511" lon="3.1496998574584723">
        <ele>151.85</ele>
      </trkpt>
      <trkpt lat="48.76397651620209" lon="3.1497898790985346">
        <ele>151.86</ele>
      </trkpt>
      <trkpt lat="48.76419318839908" lon="3.149879900738597">
        <ele>151.89</ele>
      </trkpt>
      <trkpt lat="48.76440994441509" lon="3.1499699223786592">
        <ele>151.93</ele>
      </trkpt>
      <trkpt lat="48.764719907194376" lon="3.149919966235757">
        <ele>151.99</ele>
      </trkpt>
      <trkpt lat="48.76495996490121" lon="3.1497115083038807">
        <ele>152.01</ele>
      </trkpt>
      <trkpt lat="48.76520010642707" lon="3.1495030503720045">
        <ele>152.04</ele>
      </trkpt>
      <trkpt lat="48.76544024795294" lon="3.1492945924401283">
        <ele>152.09</ele>
      </trkpt>
      <trkpt lat="48.76568030565977" lon="3.149086134508252">
        <ele>152.1</ele>
      </trkpt>
      <trkpt lat="48.765920447185636" lon="3.1488777603954077">
        <ele>152.08</ele>
      </trkpt>
      <trkpt lat="48.766159834340215" lon="3.148669973015785">
        <ele>152.12</ele>
      </trkpt>
      <trkpt lat="48.76640995033085" lon="3.148669973015785">
        <ele>152.09</ele>
      </trkpt>
      <trkpt lat="48.766622599214315" lon="3.148937691003084">
        <ele>152.03</ele>
      </trkpt>
      <trkpt lat="48.76683533191681" lon="3.149205408990383">
        <ele>151.94</ele>
      </trkpt>
      <trkpt lat="48.7670480646193" lon="3.149473126977682">
        <ele>151.85</ele>
      </trkpt>
      <trkpt lat="48.76725995913148" lon="3.1497398391366005">
        <ele>151.73</ele>
      </trkpt>
      <trkpt lat="48.76733673736453" lon="3.1500806473195553">
        <ele>151.6</ele>
      </trkpt>
      <trkpt lat="48.767413599416614" lon="3.150421539321542">
        <ele>151.41</ele>
      </trkpt>
      <trkpt lat="48.767489874735475" lon="3.150759916752577">
        <ele>151.18</ele>
      </trkpt>
      <trkpt lat="48.767756670713425" lon="3.15100341103971">
        <ele>150.96</ele>
      </trkpt>
      <trkpt lat="48.76802355051041" lon="3.1512469053268433">
        <ele>150.64</ele>
      </trkpt>
      <trkpt lat="48.7682899273932" lon="3.151489980518818">
        <ele>150.31</ele>
      </trkpt>
      <trkpt lat="48.76850844360888" lon="3.1517819222062826">
        <ele>149.94</ele>
      </trkpt>
      <trkpt lat="48.768727043643594" lon="3.1520738638937473">
        <ele>149.57</ele>
      </trkpt>
      <trkpt lat="48.76894564367831" lon="3.152365805581212">
        <ele>149.17</ele>
      </trkpt>
      <trkpt lat="48.76916415989399" lon="3.1526577472686768">
        <ele>148.71</ele>
      </trkpt>
      <trkpt lat="48.7693827599287" lon="3.152949772775173">
        <ele>148.25</ele>
      </trkpt>
      <trkpt lat="48.76959993503988" lon="3.15323987044394">
        <ele>147.79</ele>
      </trkpt>
      <trkpt lat="48.769754162058234" lon="3.153574476018548">
        <ele>147.24</ele>
      </trkpt>
      <trkpt lat="48.76990838907659" lon="3.153909081593156">
        <ele>146.64</ele>
      </trkpt>
      <trkpt lat="48.77006269991398" lon="3.1542436871677637">
        <ele>146.01</ele>
      </trkpt>
      <trkpt lat="48.770216926932335" lon="3.1545782927423716">
        <ele>145.38</ele>
      </trkpt>
      <trkpt lat="48.770369896665215" lon="3.1549099646508694">
        <ele>144.66</ele>
      </trkpt>
      <trkpt lat="48.7706399615854" lon="3.1551130581647158">
        <ele>143.97</ele>
      </trkpt>
      <trkpt lat="48.77091011032462" lon="3.155316235497594">
        <ele>143.24</ele>
      </trkpt>
      <trkpt lat="48.77118017524481" lon="3.1555193290114403">
        <ele>142.54</ele>
      </trkpt>
      <trkpt lat="48.77145032398403" lon="3.1557225063443184">
        <ele>141.87</ele>
      </trkpt>
      <trkpt lat="48.771720388904214" lon="3.155925599858165">
        <ele>141.09</ele>
      </trkpt>
      <trkpt lat="48.77199053764343" lon="3.156128777191043">
        <ele>140.3</ele>
      </trkpt>
      <trkpt lat="48.77226060256362" lon="3.156331954523921">
        <ele>139.44</ele>
      </trkpt>
      <trkpt lat="48.77253075130284" lon="3.1565350480377674">
        <ele>138.55</ele>
      </trkpt>
      <trkpt lat="48.77280090004206" lon="3.1567382253706455">
        <ele>137.71</ele>
      </trkpt>
      <trkpt lat="48.773070964962244" lon="3.156941318884492">
        <ele>136.91</ele>
      </trkpt>
      <trkpt lat="48.77334111370146" lon="3.15714449621737">
        <ele>136.08</ele>
      </trkpt>
      <trkpt lat="48.77361117862165" lon="3.157347673550248">
        <ele>135.23</ele>
      </trkpt>
      <trkpt lat="48.77387998625636" lon="3.1575499288737774">
        <ele>134.33</ele>
      </trkpt>
      <trkpt lat="48.773851823061705" lon="3.1580051500350237">
        <ele>133.48</ele>
      </trkpt>
      <trkpt lat="48.77382374368608" lon="3.15846037119627">
        <ele>132.67</ele>
      </trkpt>
      <trkpt lat="48.773795664310455" lon="3.1589155923575163">
        <ele>131.82</ele>
      </trkpt>
      <trkpt lat="48.77376758493483" lon="3.1593708973377943">
        <ele>130.92</ele>
      </trkpt>
      <trkpt lat="48.773739924654365" lon="3.1598199997097254">
        <ele>130.12</ele>
      </trkpt>
      <trkpt lat="48.77385517582297" lon="3.1602057348936796">
        <ele>129.35</ele>
      </trkpt>
      <trkpt lat="48.77396992407739" lon="3.1605898775160313">
        <ele>128.62</ele>
      </trkpt>
      <trkpt lat="48.77395709976554" lon="3.161032861098647">
        <ele>127.94</ele>
      </trkpt>
      <trkpt lat="48.77394435927272" lon="3.1614759285002947">
        <ele>127.22</ele>
      </trkpt>
      <trkpt lat="48.7739316187799" lon="3.1619189120829105">
        <ele>126.52</ele>
      </trkpt>
      <trkpt lat="48.77391887828708" lon="3.162361979484558">
        <ele>125.91</ele>
      </trkpt>
      <trkpt lat="48.773906053975224" lon="3.162804963067174">
        <ele>125.37</ele>
      </trkpt>
      <trkpt lat="48.773893313482404" lon="3.1632480304688215">
        <ele>124.86</ele>
      </trkpt>
      <trkpt lat="48.77388057298958" lon="3.1636910140514374">
        <ele>124.38</ele>
      </trkpt>
      <trkpt lat="48.77386783249676" lon="3.164134081453085">
        <ele>123.92</ele>
      </trkpt>
      <trkpt lat="48.77385500818491" lon="3.164577065035701">
        <ele>123.52</ele>
      </trkpt>
      <trkpt lat="48.77384226769209" lon="3.1650201324373484">
        <ele>123.13</ele>
      </trkpt>
      <trkpt lat="48.773829862475395" lon="3.165449872612953">
        <ele>122.83</ele>
      </trkpt>
      <trkpt lat="48.77366482280195" lon="3.1655248906463385">
        <ele>122.6</ele>
      </trkpt>
      <trkpt lat="48.77349995076656" lon="3.1655999924987555">
        <ele>122.43</ele>
      </trkpt>
      <trkpt lat="48.77338293939829" lon="3.165900483727455">
        <ele>122.26</ele>
      </trkpt>
      <trkpt lat="48.773266011849046" lon="3.1662010587751865">
        <ele>122.17</ele>
      </trkpt>
      <trkpt lat="48.77314983867109" lon="3.166499873623252">
        <ele>122.07</ele>
      </trkpt>
      <trkpt lat="48.77296828664839" lon="3.1668177992105484">
        <ele>122.06</ele>
      </trkpt>
      <trkpt lat="48.77278681844473" lon="3.1671358086168766">
        <ele>122.04</ele>
      </trkpt>
      <trkpt lat="48.77260526642203" lon="3.167453818023205">
        <ele>122.09</ele>
      </trkpt>
      <trkpt lat="48.77242379821837" lon="3.1677717436105013">
        <ele>122.12</ele>
      </trkpt>
      <trkpt lat="48.772242246195674" lon="3.1680897530168295">
        <ele>122.14</ele>
      </trkpt>
      <trkpt lat="48.77206077799201" lon="3.1684077624231577">
        <ele>122.07</ele>
      </trkpt>
      <trkpt lat="48.771879225969315" lon="3.168725688010454">
        <ele>122.01</ele>
      </trkpt>
      <trkpt lat="48.771699937060475" lon="3.169039925560355">
        <ele>121.93</ele>
      </trkpt>
      <trkpt lat="48.771483013406396" lon="3.16926003433764">
        <ele>121.88</ele>
      </trkpt>
      <trkpt lat="48.77126617357135" lon="3.1694801431149244">
        <ele>121.78</ele>
      </trkpt>
      <trkpt lat="48.77104983665049" lon="3.1696998327970505">
        <ele>121.66</ele>
      </trkpt>
      <trkpt lat="48.771181935444474" lon="3.170106103643775">
        <ele>121.41</ele>
      </trkpt>
      <trkpt lat="48.77131403423846" lon="3.170512458309531">
        <ele>121.11</ele>
      </trkpt>
      <trkpt lat="48.77144613303244" lon="3.1709188129752874">
        <ele>120.86</ele>
      </trkpt>
      <trkpt lat="48.771578315645456" lon="3.171325083822012">
        <ele>120.66</ele>
      </trkpt>
      <trkpt lat="48.77171041443944" lon="3.171731438487768">
        <ele>120.43</ele>
      </trkpt>
      <trkpt lat="48.77184251323342" lon="3.1721377931535244">
        <ele>120.09</ele>
      </trkpt>
      <trkpt lat="48.77197469584644" lon="3.172544064000249">
        <ele>119.64</ele>
      </trkpt>
      <trkpt lat="48.77210679464042" lon="3.172950418666005">
        <ele>119.26</ele>
      </trkpt>
      <trkpt lat="48.772238893434405" lon="3.1733567733317614">
        <ele>119.0</ele>
      </trkpt>
      <trkpt lat="48.77237099222839" lon="3.1737631279975176">
        <ele>118.75</ele>
      </trkpt>
      <trkpt lat="48.7724999897182" lon="3.1741599272936583">
        <ele>118.48</ele>
      </trkpt>
      <trkpt lat="48.77229714766145" lon="3.174467794597149">
        <ele>118.29</ele>
      </trkpt>
      <trkpt lat="48.77209438942373" lon="3.1747756619006395">
        <ele>118.15</ele>
      </trkpt>
      <trkpt lat="48.77189163118601" lon="3.17508352920413">
        <ele>118.03</ele>
      </trkpt>
      <trkpt lat="48.7716899625957" lon="3.17538988776505">
        <ele>117.99</ele>
      </trkpt>
      <trkpt lat="48.77156632952392" lon="3.1757104955613613">
        <ele>117.94</ele>
      </trkpt>
      <trkpt lat="48.77144269645214" lon="3.1760311871767044">
        <ele>117.95</ele>
      </trkpt>
      <trkpt lat="48.77131990157068" lon="3.176349950954318">
        <ele>118.01</ele>
      </trkpt>
      <trkpt lat="48.77122711390257" lon="3.1767759192734957">
        <ele>118.16</ele>
      </trkpt>
      <trkpt lat="48.77113441005349" lon="3.177201971411705">
        <ele>118.33</ele>
      </trkpt>
      <trkpt lat="48.771041706204414" lon="3.1776280235499144">
        <ele>118.46</ele>
      </trkpt>
      <trkpt lat="48.770949924364686" lon="3.1780499685555696">
        <ele>118.64</ele>
      </trkpt>
      <trkpt lat="48.77094321884215" lon="3.1784911081194878">
        <ele>118.9</ele>
      </trkpt>
      <trkpt lat="48.77093651331961" lon="3.178932247683406">
        <ele>119.16</ele>
      </trkpt>
      <trkpt lat="48.770929891616106" lon="3.179369866847992">
        <ele>119.36</ele>
      </trkpt>
      <trkpt lat="48.7707435619086" lon="3.1797434482723475">
        <ele>119.64</ele>
      </trkpt>
      <trkpt lat="48.7705572322011" lon="3.1801171135157347">
        <ele>119.94</ele>
      </trkpt>
      <trkpt lat="48.770370902493596" lon="3.180490778759122">
        <ele>120.31</ele>
      </trkpt>
      <trkpt lat="48.77018457278609" lon="3.1808643601834774">
        <ele>120.76</ele>
      </trkpt>
      <trkpt lat="48.76999832689762" lon="3.1812380254268646">
        <ele>121.21</ele>
      </trkpt>
      <trkpt lat="48.76981199719012" lon="3.181611690670252">
        <ele>121.73</ele>
      </trkpt>
      <trkpt lat="48.769625667482615" lon="3.1819852720946074">
        <ele>122.22</ele>
      </trkpt>
      <trkpt lat="48.76943933777511" lon="3.1823589373379946">
        <ele>122.62</ele>
      </trkpt>
      <trkpt lat="48.76925309188664" lon="3.182732602581382">
        <ele>123.04</ele>
      </trkpt>
      <trkpt lat="48.76906986348331" lon="3.1830998975783587">
        <ele>123.5</ele>
      </trkpt>
      <trkpt lat="48.76898587681353" lon="3.1835535261780024">
        <ele>123.89</ele>
      </trkpt>
      <trkpt lat="48.76890189014375" lon="3.184007154777646">
        <ele>124.25</ele>
      </trkpt>
      <trkpt lat="48.768817987293005" lon="3.1844607833772898">
        <ele>124.56</ele>
      </trkpt>
      <trkpt lat="48.768734000623226" lon="3.1849144119769335">
        <ele>124.78</ele>
      </trkpt>
      <trkpt lat="48.76865009777248" lon="3.185368124395609">
        <ele>124.92</ele>
      </trkpt>
      <trkpt lat="48.7685661111027" lon="3.1858217529952526">
        <ele>125.08</ele>
      </trkpt>
      <trkpt lat="48.76848212443292" lon="3.1862753815948963">
        <ele>125.22</ele>
      </trkpt>
      <trkpt lat="48.76839989796281" lon="3.186719873920083">
        <ele>125.28</ele>
      </trkpt>
      <trkpt lat="48.76824558712542" lon="3.187084486708045">
        <ele>125.35</ele>
      </trkpt>
      <trkpt lat="48.76809127628803" lon="3.1874491833150387">
        <ele>125.38</ele>
      </trkpt>
      <trkpt lat="48.767937049269676" lon="3.1878138799220324">
        <ele>125.38</ele>
      </trkpt>
      <trkpt lat="48.76778273843229" lon="3.188178576529026">
        <ele>125.31</ele>
      </trkpt>
      <trkpt lat="48.76762993633747" lon="3.1885398365557194">
        <ele>125.27</ele>
      </trkpt>
      <trkpt lat="48.76740965992212" lon="3.188800010830164">
        <ele>125.26</ele>
      </trkpt>
      <trkpt lat="48.76718946732581" lon="3.1890602689236403">
        <ele>125.24</ele>
      </trkpt>
      <trkpt lat="48.76696986146271" lon="3.189319856464863">
        <ele>125.22</ele>
      </trkpt>
      <trkpt lat="48.76702803187072" lon="3.1897529494017363">
        <ele>125.09</ele>
      </trkpt>
      <trkpt lat="48.76708620227873" lon="3.1901861261576414">
        <ele>125.03</ele>
      </trkpt>
      <trkpt lat="48.767144372686744" lon="3.1906193029135466">
        <ele>125.01</ele>
      </trkpt>
      <trkpt lat="48.767202543094754" lon="3.19105239585042">
        <ele>125.07</ele>
      </trkpt>
      <trkpt lat="48.76725995913148" lon="3.1914799567312">
        <ele>125.25</ele>
      </trkpt>
      <trkpt lat="48.76701973378658" lon="3.191684978082776">
        <ele>125.37</ele>
      </trkpt>
      <trkpt lat="48.76677984371781" lon="3.19188991561532">
        <ele>125.5</ele>
      </trkpt>
      <trkpt lat="48.766629891470075" lon="3.1922299694269896">
        <ele>125.72</ele>
      </trkpt>
      <trkpt lat="48.7667150516063" lon="3.192490478977561">
        <ele>126.04</ele>
      </trkpt>
      <trkpt lat="48.76679987646639" lon="3.19274989888072">
        <ele>126.32</ele>
      </trkpt>
      <trkpt lat="48.767039850354195" lon="3.1927898805588484">
        <ele>126.58</ele>
      </trkpt>
      <trkpt lat="48.76727999188006" lon="3.1928299460560083">
        <ele>126.88</ele>
      </trkpt>
      <trkpt lat="48.76743438653648" lon="3.1930663157254457">
        <ele>127.27</ele>
      </trkpt>
      <trkpt lat="48.767435224726796" lon="3.1930674891918898">
        <ele>127.62</ele>
      </trkpt>
      <trkpt lat="48.76743539236486" lon="3.193067656829953">
        <ele>128.0</ele>
      </trkpt>
      <trkpt lat="48.767435643821955" lon="3.1930680759251118">
        <ele>128.4</ele>
      </trkpt>
      <trkpt lat="48.76744997687638" lon="3.1930899526923895">
        <ele>128.84</ele>
      </trkpt>
      <trkpt lat="48.76744997687638" lon="3.193091880530119">
        <ele>129.3</ele>
      </trkpt>
      <trkpt lat="48.76744997687638" lon="3.193092131987214">
        <ele>129.79</ele>
      </trkpt>
      <trkpt lat="48.76744997687638" lon="3.1930925510823727">
        <ele>130.3</ele>
      </trkpt>
      <trkpt lat="48.76745190471411" lon="3.193513071164489">
        <ele>130.92</ele>
      </trkpt>
      <trkpt lat="48.76745391637087" lon="3.193936189636588">
        <ele>131.54</ele>
      </trkpt>
      <trkpt lat="48.76745592802763" lon="3.1943593081086874">
        <ele>132.2</ele>
      </trkpt>
      <trkpt lat="48.76745793968439" lon="3.1947824265807867">
        <ele>132.79</ele>
      </trkpt>
      <trkpt lat="48.76745995134115" lon="3.1951998453587294">
        <ele>133.41</ele>
      </trkpt>
      <trkpt lat="48.76759816892445" lon="3.195614665746689">
        <ele>134.01</ele>
      </trkpt>
      <trkpt lat="48.76773647032678" lon="3.19602956995368">
        <ele>134.7</ele>
      </trkpt>
      <trkpt lat="48.76787477172911" lon="3.1964444741606712">
        <ele>135.43</ele>
      </trkpt>
      <trkpt lat="48.76801307313144" lon="3.1968592945486307">
        <ele>136.11</ele>
      </trkpt>
      <trkpt lat="48.7681498657912" lon="3.1972698401659727">
        <ele>136.74</ele>
      </trkpt>
      <trkpt lat="48.76833007670939" lon="3.1975301820784807">
        <ele>137.39</ele>
      </trkpt>
      <trkpt lat="48.76850995235145" lon="3.1977899372577667">
        <ele>138.03</ele>
      </trkpt>
      <trkpt lat="48.76878655515611" lon="3.197863195091486">
        <ele>138.73</ele>
      </trkpt>
      <trkpt lat="48.76906315796077" lon="3.197936536744237">
        <ele>139.38</ele>
      </trkpt>
      <trkpt lat="48.7693399284035" lon="3.1980099622160196">
        <ele>140.05</ele>
      </trkpt>
      <trkpt lat="48.769179582595825" lon="3.1983330007642508">
        <ele>140.64</ele>
      </trkpt>
      <trkpt lat="48.769019320607185" lon="3.198656039312482">
        <ele>141.21</ele>
      </trkpt>
      <trkpt lat="48.768859058618546" lon="3.198979077860713">
        <ele>141.72</ele>
      </trkpt>
      <trkpt lat="48.76869988627732" lon="3.1992999371141195">
        <ele>142.23</ele>
      </trkpt>
      <trkpt lat="48.768954277038574" lon="3.1995314452797174">
        <ele>142.87</ele>
      </trkpt>
      <trkpt lat="48.76920875161886" lon="3.199763037264347">
        <ele>143.59</ele>
      </trkpt>
      <trkpt lat="48.76946314238012" lon="3.199994545429945">
        <ele>144.3</ele>
      </trkpt>
      <trkpt lat="48.769717616960406" lon="3.2002261374145746">
        <ele>145.0</ele>
      </trkpt>
      <trkpt lat="48.769972091540694" lon="3.2004576455801725">
        <ele>145.65</ele>
      </trkpt>
      <trkpt lat="48.77022648230195" lon="3.200689237564802">
        <ele>146.29</ele>
      </trkpt>
      <trkpt lat="48.77047995105386" lon="3.200919907540083">
        <ele>146.94</ele>
      </trkpt>
      <trkpt lat="48.770623449236155" lon="3.2011969294399023">
        <ele>147.56</ele>
      </trkpt>
      <trkpt lat="48.77076703123748" lon="3.2014740351587534">
        <ele>148.16</ele>
      </trkpt>
      <trkpt lat="48.77090994268656" lon="3.2017498835921288">
        <ele>148.76</ele>
      </trkpt>
      <trkpt lat="48.77100683748722" lon="3.202151879668236">
        <ele>149.32</ele>
      </trkpt>
      <trkpt lat="48.771103732287884" lon="3.2025539595633745">
        <ele>149.88</ele>
      </trkpt>
      <trkpt lat="48.77120062708855" lon="3.2029560394585133">
        <ele>150.45</ele>
      </trkpt>
      <trkpt lat="48.77129752188921" lon="3.203358119353652">
        <ele>151.01</ele>
      </trkpt>
      <trkpt lat="48.77139441668987" lon="3.2037601992487907">
        <ele>151.51</ele>
      </trkpt>
      <trkpt lat="48.771491311490536" lon="3.2041621953248978">
        <ele>152.05</ele>
      </trkpt>
      <trkpt lat="48.77158829011023" lon="3.2045642752200365">
        <ele>152.59</ele>
      </trkpt>
      <trkpt lat="48.77168518491089" lon="3.2049663551151752">
        <ele>153.09</ele>
      </trkpt>
      <trkpt lat="48.77177998423576" lon="3.205359885469079">
        <ele>153.55</ele>
      </trkpt>
      <trkpt lat="48.7716296967119" lon="3.2056168746203184">
        <ele>154.0</ele>
      </trkpt>
      <trkpt lat="48.771479493007064" lon="3.2058739475905895">
        <ele>154.39</ele>
      </trkpt>
      <trkpt lat="48.771329959854484" lon="3.2061299309134483">
        <ele>154.75</ele>
      </trkpt>
      <trkpt lat="48.77124723047018" lon="3.2064756844192743">
        <ele>155.08</ele>
      </trkpt>
      <trkpt lat="48.77116450108588" lon="3.206821521744132">
        <ele>155.38</ele>
      </trkpt>
      <trkpt lat="48.771081771701574" lon="3.207167275249958">
        <ele>155.67</ele>
      </trkpt>
      <trkpt lat="48.77099988050759" lon="3.207509843632579">
        <ele>155.89</ele>
      </trkpt>
      <trkpt lat="48.771139942109585" lon="3.2076398469507694">
        <ele>156.14</ele>
      </trkpt>
      <trkpt lat="48.77127983607352" lon="3.20776985026896">
        <ele>156.3</ele>
      </trkpt>
      <trkpt lat="48.77156482078135" lon="3.2078598719090223">
        <ele>156.4</ele>
      </trkpt>
      <trkpt lat="48.771849889308214" lon="3.2079499773681164">
        <ele>156.44</ele>
      </trkpt>
      <trkpt lat="48.77202180214226" lon="3.2082871813327074">
        <ele>156.44</ele>
      </trkpt>
      <trkpt lat="48.77219379879534" lon="3.2086243852972984">
        <ele>156.39</ele>
      </trkpt>
      <trkpt lat="48.77236571162939" lon="3.2089615892618895">
        <ele>156.33</ele>
      </trkpt>
      <trkpt lat="48.77253770828247" lon="3.2092987932264805">
        <ele>156.24</ele>
      </trkpt>
      <trkpt lat="48.77264088951051" lon="3.2095013838261366">
        <ele>156.12</ele>
      </trkpt>
      <trkpt lat="48.77264189533889" lon="3.209503311663866">
        <ele>155.98</ele>
      </trkpt>
      <trkpt lat="48.772641979157925" lon="3.2095033954828978">
        <ele>155.8</ele>
      </trkpt>
      <trkpt lat="48.77274247817695" lon="3.2097325567156076">
        <ele>155.59</ele>
      </trkpt>
      <trkpt lat="48.77285965718329" lon="3.2099390029907227">
        <ele>155.36</ele>
      </trkpt>
      <trkpt lat="48.77263946458697" lon="3.2101752050220966">
        <ele>155.1</ele>
      </trkpt>
      <trkpt lat="48.77241935580969" lon="3.2104114070534706">
        <ele>154.85</ele>
      </trkpt>
      <trkpt lat="48.772199247032404" lon="3.2106476090848446">
        <ele>154.52</ele>
      </trkpt>
      <trkpt lat="48.77197980880737" lon="3.210883140563965">
        <ele>154.21</ele>
      </trkpt>
      <trkpt lat="48.771786354482174" lon="3.2112054247409105">
        <ele>153.85</ele>
      </trkpt>
      <trkpt lat="48.77159298397601" lon="3.211527792736888">
        <ele>153.5</ele>
      </trkpt>
      <trkpt lat="48.77139961346984" lon="3.2118500769138336">
        <ele>153.14</ele>
      </trkpt>
      <trkpt lat="48.77120624296367" lon="3.212172444909811">
        <ele>152.72</ele>
      </trkpt>
      <trkpt lat="48.77101278863847" lon="3.2124947290867567">
        <ele>152.34</ele>
      </trkpt>
      <trkpt lat="48.770819418132305" lon="3.212817097082734">
        <ele>151.97</ele>
      </trkpt>
      <trkpt lat="48.77062797546387" lon="3.2131361961364746">
        <ele>151.6</ele>
      </trkpt>
      <trkpt lat="48.77042739652097" lon="3.213422605767846">
        <ele>151.26</ele>
      </trkpt>
      <trkpt lat="48.77022690139711" lon="3.2137090153992176">
        <ele>150.95</ele>
      </trkpt>
      <trkpt lat="48.77002716064453" lon="3.2139945030212402">
        <ele>150.63</ele>
      </trkpt>
      <trkpt lat="48.76988751813769" lon="3.2141340617090464">
        <ele>150.33</ele>
      </trkpt>
      <trkpt lat="48.76974821090698" lon="3.214273452758789">
        <ele>150.03</ele>
      </trkpt>
      <trkpt lat="48.769467333331704" lon="3.214446874335408">
        <ele>149.8</ele>
      </trkpt>
      <trkpt lat="48.76918653957546" lon="3.214620379731059">
        <ele>149.6</ele>
      </trkpt>
      <trkpt lat="48.76890574581921" lon="3.21479388512671">
        <ele>149.46</ele>
      </trkpt>
      <trkpt lat="48.768624952062964" lon="3.214967390522361">
        <ele>149.35</ele>
      </trkpt>
      <trkpt lat="48.76834415830672" lon="3.2151408959180117">
        <ele>149.23</ele>
      </trkpt>
      <trkpt lat="48.76806336455047" lon="3.2153144013136625">
        <ele>149.12</ele>
      </trkpt>
      <trkpt lat="48.767782570794225" lon="3.2154879067093134">
        <ele>149.05</ele>
      </trkpt>
      <trkpt lat="48.76750177703798" lon="3.2156614121049643">
        <ele>149.03</ele>
      </trkpt>
      <trkpt lat="48.76722098328173" lon="3.215834917500615">
        <ele>148.98</ele>
      </trkpt>
      <trkpt lat="48.766940189525485" lon="3.2160083390772343">
        <ele>148.92</ele>
      </trkpt>
      <trkpt lat="48.76665931195021" lon="3.216181844472885">
        <ele>148.92</ele>
      </trkpt>
      <trkpt lat="48.76637935638428" lon="3.2163548469543457">
        <ele>148.94</ele>
      </trkpt>
      <trkpt lat="48.76609495840967" lon="3.2164782285690308">
        <ele>149.01</ele>
      </trkpt>
      <trkpt lat="48.76581064425409" lon="3.216601610183716">
        <ele>149.08</ele>
      </trkpt>
      <trkpt lat="48.76552633009851" lon="3.216724991798401">
        <ele>149.16</ele>
      </trkpt>
      <trkpt lat="48.76524209976196" lon="3.216848373413086">
        <ele>149.24</ele>
      </trkpt>
      <trkpt lat="48.7650918122381" lon="3.2169342041015625">
        <ele>149.34</ele>
      </trkpt>
      <trkpt lat="48.764941692352295" lon="3.217020034790039">
        <ele>149.42</ele>
      </trkpt>
      <trkpt lat="48.764920234680176" lon="3.217041492462158">
        <ele>149.5</ele>
      </trkpt>
      <trkpt lat="48.76469484530389" lon="3.217170238494873">
        <ele>149.54</ele>
      </trkpt>
      <trkpt lat="48.764469623565674" lon="3.217298984527588">
        <ele>149.59</ele>
      </trkpt>
      <trkpt lat="48.764721751213074" lon="3.217449188232422">
        <ele>149.73</ele>
      </trkpt>
      <trkpt lat="48.764973962679505" lon="3.217599391937256">
        <ele>149.85</ele>
      </trkpt>
      <trkpt lat="48.765226090326905" lon="3.2177496794611216">
        <ele>149.95</ele>
      </trkpt>
      <trkpt lat="48.76547813415527" lon="3.217899799346924">
        <ele>150.05</ele>
      </trkpt>
      <trkpt lat="48.765708887949586" lon="3.2180821895599365">
        <ele>150.14</ele>
      </trkpt>
      <trkpt lat="48.7659396417439" lon="3.218264663591981">
        <ele>150.22</ele>
      </trkpt>
      <trkpt lat="48.76617039553821" lon="3.2184471376240253">
        <ele>150.36</ele>
      </trkpt>
      <trkpt lat="48.7664008140564" lon="3.2186293601989746">
        <ele>150.5</ele>
      </trkpt>
      <trkpt lat="48.76661011017859" lon="3.2188279274851084">
        <ele>150.61</ele>
      </trkpt>
      <trkpt lat="48.766819490119815" lon="3.219026494771242">
        <ele>150.7</ele>
      </trkpt>
      <trkpt lat="48.76702878624201" lon="3.2192251458764076">
        <ele>150.78</ele>
      </trkpt>
      <trkpt lat="48.76723766326904" lon="3.219423294067383">
        <ele>150.92</ele>
      </trkpt>
      <trkpt lat="48.767495239153504" lon="3.2196092884987593">
        <ele>151.05</ele>
      </trkpt>
      <trkpt lat="48.767752815037966" lon="3.2197952829301357">
        <ele>151.11</ele>
      </trkpt>
      <trkpt lat="48.76801013946533" lon="3.2199811935424805">
        <ele>151.2</ele>
      </trkpt>
      <trkpt lat="48.76830333843827" lon="3.2199811935424805">
        <ele>151.31</ele>
      </trkpt>
      <trkpt lat="48.76859653741121" lon="3.2199811935424805">
        <ele>151.39</ele>
      </trkpt>
      <trkpt lat="48.76888990402222" lon="3.2199811935424805">
        <ele>151.47</ele>
      </trkpt>
      <trkpt lat="48.769136583432555" lon="3.2199597358703613">
        <ele>151.56</ele>
      </trkpt>
      <trkpt lat="48.769383262842894" lon="3.219938278198242">
        <ele>151.64</ele>
      </trkpt>
      <trkpt lat="48.769630026072264" lon="3.219916820526123">
        <ele>151.72</ele>
      </trkpt>
      <trkpt lat="48.7698769569397" lon="3.219895362854004">
        <ele>151.84</ele>
      </trkpt>
      <trkpt lat="48.77017728053033" lon="3.2198309898376465">
        <ele>151.94</ele>
      </trkpt>
      <trkpt lat="48.77047768794" lon="3.219766616821289">
        <ele>152.01</ele>
      </trkpt>
      <trkpt lat="48.7707781791687" lon="3.2197022438049316">
        <ele>152.16</ele>
      </trkpt>
      <trkpt lat="48.7710821069777" lon="3.2195877470076084">
        <ele>152.31</ele>
      </trkpt>
      <trkpt lat="48.77138611860573" lon="3.219473334029317">
        <ele>152.46</ele>
      </trkpt>
      <trkpt lat="48.77169004641473" lon="3.2193589210510254">
        <ele>152.65</ele>
      </trkpt>
      <trkpt lat="48.771994058042765" lon="3.219244424253702">
        <ele>152.84</ele>
      </trkpt>
      <trkpt lat="48.772297985851765" lon="3.2191300112754107">
        <ele>153.04</ele>
      </trkpt>
      <trkpt lat="48.77260208129883" lon="3.219015598297119">
        <ele>153.26</ele>
      </trkpt>
      <trkpt lat="48.77284876070917" lon="3.218994140625">
        <ele>153.43</ele>
      </trkpt>
      <trkpt lat="48.773095440119505" lon="3.218972682952881">
        <ele>153.61</ele>
      </trkpt>
      <trkpt lat="48.773342203348875" lon="3.2189512252807617">
        <ele>153.78</ele>
      </trkpt>
      <trkpt lat="48.77358913421631" lon="3.2189297676086426">
        <ele>153.99</ele>
      </trkpt>
      <trkpt lat="48.77386531792581" lon="3.219002103433013">
        <ele>154.2</ele>
      </trkpt>
      <trkpt lat="48.774141585454345" lon="3.219074523076415">
        <ele>154.41</ele>
      </trkpt>
      <trkpt lat="48.77441776916385" lon="3.219146942719817">
        <ele>154.58</ele>
      </trkpt>
      <trkpt lat="48.77469403669238" lon="3.2192193623632193">
        <ele>154.74</ele>
      </trkpt>
      <trkpt lat="48.774970304220915" lon="3.2192917820066214">
        <ele>154.88</ele>
      </trkpt>
      <trkpt lat="48.77524648793042" lon="3.2193642016500235">
        <ele>155.0</ele>
      </trkpt>
      <trkpt lat="48.77552275545895" lon="3.2194366212934256">
        <ele>155.15</ele>
      </trkpt>
      <trkpt lat="48.77579927444458" lon="3.2195091247558594">
        <ele>155.27</ele>
      </trkpt>
      <trkpt lat="48.775906562805176" lon="3.219637870788574">
        <ele>155.37</ele>
      </trkpt>
      <trkpt lat="48.77597822807729" lon="3.2200106978416443">
        <ele>155.44</ele>
      </trkpt>
      <trkpt lat="48.77604989334941" lon="3.2203835248947144">
        <ele>155.5</ele>
      </trkpt>
      <trkpt lat="48.77612113952637" lon="3.2207536697387695">
        <ele>155.54</ele>
      </trkpt>
      <trkpt lat="48.77625013701618" lon="3.2211568392813206">
        <ele>155.54</ele>
      </trkpt>
      <trkpt lat="48.77637913450599" lon="3.2215600088238716">
        <ele>155.58</ele>
      </trkpt>
      <trkpt lat="48.77650821581483" lon="3.2219632621854544">
        <ele>155.62</ele>
      </trkpt>
      <trkpt lat="48.77663612365723" lon="3.222362995147705">
        <ele>155.66</ele>
      </trkpt>
      <trkpt lat="48.776727486401796" lon="3.222760884091258">
        <ele>155.65</ele>
      </trkpt>
      <trkpt lat="48.7768189329654" lon="3.223158773034811">
        <ele>155.67</ele>
      </trkpt>
      <trkpt lat="48.77691029570997" lon="3.2235567457973957">
        <ele>155.67</ele>
      </trkpt>
      <trkpt lat="48.77700090408325" lon="3.2239508628845215">
        <ele>155.68</ele>
      </trkpt>
      <trkpt lat="48.77709947526455" lon="3.224246660247445">
        <ele>155.67</ele>
      </trkpt>
      <trkpt lat="48.777151107788086" lon="3.2244014739990234">
        <ele>155.66</ele>
      </trkpt>
      <trkpt lat="48.777301562950015" lon="3.224752591922879">
        <ele>155.64</ele>
      </trkpt>
      <trkpt lat="48.777452018111944" lon="3.225103709846735">
        <ele>155.64</ele>
      </trkpt>
      <trkpt lat="48.77760171890259" lon="3.2254528999328613">
        <ele>155.65</ele>
      </trkpt>
      <trkpt lat="48.77773608081043" lon="3.225823799148202">
        <ele>155.7</ele>
      </trkpt>
      <trkpt lat="48.77787044271827" lon="3.2261946983635426">
        <ele>155.7</ele>
      </trkpt>
      <trkpt lat="48.77800480462611" lon="3.226565597578883">
        <ele>155.67</ele>
      </trkpt>
      <trkpt lat="48.778138160705566" lon="3.226933479309082">
        <ele>155.67</ele>
      </trkpt>
      <trkpt lat="48.778003714978695" lon="3.2265624962747097">
        <ele>155.68</ele>
      </trkpt>
      <trkpt lat="48.777869353070855" lon="3.226191597059369">
        <ele>155.73</ele>
      </trkpt>
      <trkpt lat="48.777734991163015" lon="3.2258206978440285">
        <ele>155.74</ele>
      </trkpt>
      <trkpt lat="48.77760171890259" lon="3.2254528999328613">
        <ele>155.65</ele>
      </trkpt>
      <trkpt lat="48.77745117992163" lon="3.225101698189974">
        <ele>155.71</ele>
      </trkpt>
      <trkpt lat="48.7773007247597" lon="3.224750580266118">
        <ele>155.72</ele>
      </trkpt>
      <trkpt lat="48.777151107788086" lon="3.2244014739990234">
        <ele>155.66</ele>
      </trkpt>
      <trkpt lat="48.77710081636906" lon="3.224250851199031">
        <ele>155.76</ele>
      </trkpt>
      <trkpt lat="48.7771001458168" lon="3.2242486719042063">
        <ele>155.76</ele>
      </trkpt>
      <trkpt lat="48.77709947526455" lon="3.224246660247445">
        <ele>155.67</ele>
      </trkpt>
      <trkpt lat="48.777151107788086" lon="3.2244014739990234">
        <ele>155.66</ele>
      </trkpt>
      <trkpt lat="48.777301562950015" lon="3.224752591922879">
        <ele>155.64</ele>
      </trkpt>
      <trkpt lat="48.777452018111944" lon="3.225103709846735">
        <ele>155.64</ele>
      </trkpt>
      <trkpt lat="48.77760171890259" lon="3.2254528999328613">
        <ele>155.65</ele>
      </trkpt>
      <trkpt lat="48.77773608081043" lon="3.225823799148202">
        <ele>155.7</ele>
      </trkpt>
      <trkpt lat="48.77787044271827" lon="3.2261946983635426">
        <ele>155.7</ele>
      </trkpt>
      <trkpt lat="48.77800480462611" lon="3.226565597578883">
        <ele>155.67</ele>
      </trkpt>
      <trkpt lat="48.778138160705566" lon="3.226933479309082">
        <ele>155.67</ele>
      </trkpt>
      <trkpt lat="48.77835273742676" lon="3.227255344390869">
        <ele>155.18</ele>
      </trkpt>
      <trkpt lat="48.7785352114588" lon="3.227427089586854">
        <ele>155.07</ele>
      </trkpt>
      <trkpt lat="48.778717601671815" lon="3.2275986671447754">
        <ele>154.91</ele>
      </trkpt>
      <trkpt lat="48.77886772155762" lon="3.227663040161133">
        <ele>154.71</ele>
      </trkpt>
      <trkpt lat="48.77907517366111" lon="3.2277774531394243">
        <ele>154.51</ele>
      </trkpt>
      <trkpt lat="48.77928262576461" lon="3.2278919499367476">
        <ele>154.31</ele>
      </trkpt>
      <trkpt lat="48.77948999404907" lon="3.228006362915039">
        <ele>154.06</ele>
      </trkpt>
      <trkpt lat="48.779704570770264" lon="3.2281494420021772">
        <ele>153.77</ele>
      </trkpt>
      <trkpt lat="48.77991923131049" lon="3.2282925210893154">
        <ele>153.46</ele>
      </trkpt>
      <trkpt lat="48.78013372421265" lon="3.228435516357422">
        <ele>153.12</ele>
      </trkpt>
      <trkpt lat="48.780355425551534" lon="3.22853559628129">
        <ele>152.76</ele>
      </trkpt>
      <trkpt lat="48.78057712689042" lon="3.22863576002419">
        <ele>152.32</ele>
      </trkpt>
      <trkpt lat="48.78079891204834" lon="3.22873592376709">
        <ele>151.86</ele>
      </trkpt>
      <trkpt lat="48.78107777796686" lon="3.228807421401143">
        <ele>151.4</ele>
      </trkpt>
      <trkpt lat="48.781356727704406" lon="3.2288789190351963">
        <ele>151.01</ele>
      </trkpt>
      <trkpt lat="48.781635761260986" lon="3.2289505004882812">
        <ele>150.62</ele>
      </trkpt>
      <trkpt lat="48.781882440671325" lon="3.2289772387593985">
        <ele>150.17</ele>
      </trkpt>
      <trkpt lat="48.78212912008166" lon="3.2290040608495474">
        <ele>149.71</ele>
      </trkpt>
      <trkpt lat="48.78237588331103" lon="3.2290308829396963">
        <ele>149.27</ele>
      </trkpt>
      <trkpt lat="48.78262281417847" lon="3.229057788848877">
        <ele>148.83</ele>
      </trkpt>
      <trkpt lat="48.782890951260924" lon="3.229111349210143">
        <ele>148.38</ele>
      </trkpt>
      <trkpt lat="48.783159172162414" lon="3.229164993390441">
        <ele>147.98</ele>
      </trkpt>
      <trkpt lat="48.78342730924487" lon="3.229218637570739">
        <ele>147.58</ele>
      </trkpt>
      <trkpt lat="48.783695697784424" lon="3.2292723655700684">
        <ele>147.15</ele>
      </trkpt>
      <trkpt lat="48.783931732177734" lon="3.229385018348694">
        <ele>146.74</ele>
      </trkpt>
      <trkpt lat="48.784167766571045" lon="3.2294976711273193">
        <ele>146.41</ele>
      </trkpt>
      <trkpt lat="48.784403800964355" lon="3.229610323905945">
        <ele>146.09</ele>
      </trkpt>
      <trkpt lat="48.784639835357666" lon="3.2297229766845703">
        <ele>145.77</ele>
      </trkpt>
      <trkpt lat="48.784881150349975" lon="3.229792630299926">
        <ele>145.44</ele>
      </trkpt>
      <trkpt lat="48.785122549161315" lon="3.229862367734313">
        <ele>145.15</ele>
      </trkpt>
      <trkpt lat="48.785363947972655" lon="3.2299321051687">
        <ele>144.91</ele>
      </trkpt>
      <trkpt lat="48.78560543060303" lon="3.230001926422119">
        <ele>144.7</ele>
      </trkpt>
      <trkpt lat="48.785841381177306" lon="3.230001926422119">
        <ele>144.49</ele>
      </trkpt>
      <trkpt lat="48.786077331751585" lon="3.230001926422119">
        <ele>144.35</ele>
      </trkpt>
      <trkpt lat="48.78631353378296" lon="3.230001926422119">
        <ele>144.26</ele>
      </trkpt>
      <trkpt lat="48.78659541718662" lon="3.230001926422119">
        <ele>144.18</ele>
      </trkpt>
      <trkpt lat="48.78687738440931" lon="3.230001926422119">
        <ele>144.07</ele>
      </trkpt>
      <trkpt lat="48.787159351632" lon="3.230001926422119">
        <ele>144.01</ele>
      </trkpt>
      <trkpt lat="48.78744131885469" lon="3.230001926422119">
        <ele>143.98</ele>
      </trkpt>
      <trkpt lat="48.78772328607738" lon="3.230001926422119">
        <ele>143.99</ele>
      </trkpt>
      <trkpt lat="48.78800525330007" lon="3.230001926422119">
        <ele>144.05</ele>
      </trkpt>
      <trkpt lat="48.78828763961792" lon="3.230001926422119">
        <ele>144.16</ele>
      </trkpt>
      <trkpt lat="48.78851286135614" lon="3.2300554867833853">
        <ele>144.29</ele>
      </trkpt>
      <trkpt lat="48.78873825073242" lon="3.230109214782715">
        <ele>144.43</ele>
      </trkpt>
      <trkpt lat="48.78899574279785" lon="3.2302165031433105">
        <ele>144.6</ele>
      </trkpt>
      <trkpt lat="48.78907671198249" lon="3.2302974723279476">
        <ele>144.78</ele>
      </trkpt>
      <trkpt lat="48.78908157348633" lon="3.230302333831787">
        <ele>144.97</ele>
      </trkpt>
      <trkpt lat="48.78925323486328" lon="3.230431079864502">
        <ele>145.19</ele>
      </trkpt>
      <trkpt lat="48.789457166567445" lon="3.230624282732606">
        <ele>145.41</ele>
      </trkpt>
      <trkpt lat="48.789660930633545" lon="3.2308173179626465">
        <ele>145.66</ele>
      </trkpt>
      <trkpt lat="48.789929235354066" lon="3.231042707338929">
        <ele>145.96</ele>
      </trkpt>
      <trkpt lat="48.79019762389362" lon="3.231268096715212">
        <ele>146.23</ele>
      </trkpt>
      <trkpt lat="48.79046592861414" lon="3.2314934860914946">
        <ele>146.46</ele>
      </trkpt>
      <trkpt lat="48.7907338142395" lon="3.2317185401916504">
        <ele>146.7</ele>
      </trkpt>
      <trkpt lat="48.790894746780396" lon="3.231825828552246">
        <ele>146.94</ele>
      </trkpt>
      <trkpt lat="48.79105567932129" lon="3.231933116912842">
        <ele>147.17</ele>
      </trkpt>
      <trkpt lat="48.791316943243146" lon="3.2319806423038244">
        <ele>147.37</ele>
      </trkpt>
      <trkpt lat="48.79152774810791" lon="3.2320189476013184">
        <ele>147.57</ele>
      </trkpt>
      <trkpt lat="48.79176369868219" lon="3.2319653034210205">
        <ele>147.78</ele>
      </trkpt>
      <trkpt lat="48.79199981689453" lon="3.2319116592407227">
        <ele>147.98</ele>
      </trkpt>
      <trkpt lat="48.792150020599365" lon="3.231933116912842">
        <ele>148.17</ele>
      </trkpt>
      <trkpt lat="48.79225730895996" lon="3.232104778289795">
        <ele>148.37</ele>
      </trkpt>
      <trkpt lat="48.79230030812323" lon="3.2323413994163275">
        <ele>148.54</ele>
      </trkpt>
      <trkpt lat="48.79234313964844" lon="3.232576847076416">
        <ele>148.71</ele>
      </trkpt>
      <trkpt lat="48.792300056666136" lon="3.2323401421308517">
        <ele>148.87</ele>
      </trkpt>
      <trkpt lat="48.79225730895996" lon="3.232104778289795">
        <ele>148.37</ele>
      </trkpt>
      <trkpt lat="48.792150020599365" lon="3.231933116912842">
        <ele>148.17</ele>
      </trkpt>
      <trkpt lat="48.79199981689453" lon="3.2319116592407227">
        <ele>147.98</ele>
      </trkpt>
      <trkpt lat="48.79176378250122" lon="3.231965219601989">
        <ele>149.39</ele>
      </trkpt>
      <trkpt lat="48.79152774810791" lon="3.2320189476013184">
        <ele>147.57</ele>
      </trkpt>
      <trkpt lat="48.791316943243146" lon="3.2319806423038244">
        <ele>147.37</ele>
      </trkpt>
      <trkpt lat="48.79152774810791" lon="3.2320189476013184">
        <ele>147.57</ele>
      </trkpt>
      <trkpt lat="48.79176369868219" lon="3.2319653034210205">
        <ele>147.78</ele>
      </trkpt>
      <trkpt lat="48.79199981689453" lon="3.2319116592407227">
        <ele>147.98</ele>
      </trkpt>
      <trkpt lat="48.792150020599365" lon="3.231933116912842">
        <ele>148.17</ele>
      </trkpt>
      <trkpt lat="48.79225730895996" lon="3.232104778289795">
        <ele>148.37</ele>
      </trkpt>
      <trkpt lat="48.79230030812323" lon="3.2323413994163275">
        <ele>148.54</ele>
      </trkpt>
      <trkpt lat="48.79234313964844" lon="3.232576847076416">
        <ele>148.71</ele>
      </trkpt>
      <trkpt lat="48.792300056666136" lon="3.2323401421308517">
        <ele>148.87</ele>
      </trkpt>
      <trkpt lat="48.79225730895996" lon="3.232104778289795">
        <ele>148.37</ele>
      </trkpt>
      <trkpt lat="48.792150020599365" lon="3.231933116912842">
        <ele>148.17</ele>
      </trkpt>
      <trkpt lat="48.79199981689453" lon="3.2319116592407227">
        <ele>147.98</ele>
      </trkpt>
      <trkpt lat="48.79176378250122" lon="3.231965219601989">
        <ele>149.39</ele>
      </trkpt>
      <trkpt lat="48.79153110086918" lon="3.232018109411001">
        <ele>149.08</ele>
      </trkpt>
      <trkpt lat="48.791529508307576" lon="3.23201852850616">
        <ele>148.89</ele>
      </trkpt>
      <trkpt lat="48.79152774810791" lon="3.2320189476013184">
        <ele>147.57</ele>
      </trkpt>
      <trkpt lat="48.79176369868219" lon="3.2319653034210205">
        <ele>147.78</ele>
      </trkpt>
      <trkpt lat="48.79199981689453" lon="3.2319116592407227">
        <ele>147.98</ele>
      </trkpt>
      <trkpt lat="48.792150020599365" lon="3.231933116912842">
        <ele>148.17</ele>
      </trkpt>
      <trkpt lat="48.79225730895996" lon="3.232104778289795">
        <ele>148.37</ele>
      </trkpt>
      <trkpt lat="48.79230030812323" lon="3.2323413994163275">
        <ele>148.54</ele>
      </trkpt>
      <trkpt lat="48.79234313964844" lon="3.232576847076416">
        <ele>148.71</ele>
      </trkpt>
      <trkpt lat="48.792586382478476" lon="3.2323978934437037">
        <ele>146.51</ele>
      </trkpt>
      <trkpt lat="48.792829625308514" lon="3.232219023630023">
        <ele>146.11</ele>
      </trkpt>
      <trkpt lat="48.79307270050049" lon="3.2320404052734375">
        <ele>145.64</ele>
      </trkpt>
      <trkpt lat="48.79326581954956" lon="3.231954574584961">
        <ele>145.17</ele>
      </trkpt>
      <trkpt lat="48.79352859221399" lon="3.2318902015686035">
        <ele>144.69</ele>
      </trkpt>
      <trkpt lat="48.79379144869745" lon="3.231825828552246">
        <ele>144.16</ele>
      </trkpt>
      <trkpt lat="48.794054221361876" lon="3.2317614555358887">
        <ele>143.6</ele>
      </trkpt>
      <trkpt lat="48.7943172454834" lon="3.2316970825195312">
        <ele>143.05</ele>
      </trkpt>
      <trkpt lat="48.794617652893066" lon="3.2315683364868164">
        <ele>142.48</ele>
      </trkpt>
      <trkpt lat="48.79487874917686" lon="3.2314252573996782">
        <ele>141.94</ele>
      </trkpt>
      <trkpt lat="48.79513984546065" lon="3.23128217831254">
        <ele>141.52</ele>
      </trkpt>
      <trkpt lat="48.79540094174445" lon="3.231139099225402">
        <ele>140.98</ele>
      </trkpt>
      <trkpt lat="48.79566203802824" lon="3.2309960201382637">
        <ele>140.37</ele>
      </trkpt>
      <trkpt lat="48.795923134312034" lon="3.2308529410511255">
        <ele>139.76</ele>
      </trkpt>
      <trkpt lat="48.796184062957764" lon="3.230710029602051">
        <ele>139.19</ele>
      </trkpt>
      <trkpt lat="48.796141147613525" lon="3.230431079864502">
        <ele>138.66</ele>
      </trkpt>
      <trkpt lat="48.79605540074408" lon="3.230259418487549">
        <ele>138.17</ele>
      </trkpt>
      <trkpt lat="48.79592631943524" lon="3.229880891740322">
        <ele>137.69</ele>
      </trkpt>
      <trkpt lat="48.79579732194543" lon="3.229502448812127">
        <ele>137.24</ele>
      </trkpt>
      <trkpt lat="48.79566824063659" lon="3.229124005883932">
        <ele>136.7</ele>
      </trkpt>
      <trkpt lat="48.79553924314678" lon="3.228745562955737">
        <ele>136.09</ele>
      </trkpt>
      <trkpt lat="48.795411586761475" lon="3.2283711433410645">
        <ele>135.57</ele>
      </trkpt>
      <trkpt lat="48.79527546465397" lon="3.2281275652348995">
        <ele>135.04</ele>
      </trkpt>
      <trkpt lat="48.79513934254646" lon="3.2278839871287346">
        <ele>134.5</ele>
      </trkpt>
      <trkpt lat="48.79500389099121" lon="3.2276415824890137">
        <ele>133.86</ele>
      </trkpt>
      <trkpt lat="48.79493935033679" lon="3.2274156901985407">
        <ele>133.16</ele>
      </trkpt>
      <trkpt lat="48.794875144958496" lon="3.2271909713745117">
        <ele>132.43</ele>
      </trkpt>
      <trkpt lat="48.794789062812924" lon="3.2269221637398005">
        <ele>131.65</ele>
      </trkpt>
      <trkpt lat="48.79470348358154" lon="3.226654529571533">
        <ele>130.87</ele>
      </trkpt>
      <trkpt lat="48.79460306838155" lon="3.2262601610273123">
        <ele>130.05</ele>
      </trkpt>
      <trkpt lat="48.794502737000585" lon="3.225865876302123">
        <ele>129.19</ele>
      </trkpt>
      <trkpt lat="48.794403076171875" lon="3.2254743576049805">
        <ele>128.26</ele>
      </trkpt>
      <trkpt lat="48.794628381729126" lon="3.225366985425353">
        <ele>127.22</ele>
      </trkpt>
      <trkpt lat="48.79485368728638" lon="3.2252596970647573">
        <ele>126.1</ele>
      </trkpt>
      <trkpt lat="48.79507899284363" lon="3.2251524087041616">
        <ele>124.88</ele>
      </trkpt>
      <trkpt lat="48.79530429840088" lon="3.2250452041625977">
        <ele>123.67</ele>
      </trkpt>
      <trkpt lat="48.79545450210571" lon="3.224959373474121">
        <ele>122.45</ele>
      </trkpt>
      <trkpt lat="48.79558324813843" lon="3.224766254425049">
        <ele>121.12</ele>
      </trkpt>
      <trkpt lat="48.7957763671875" lon="3.2244443893432617">
        <ele>119.72</ele>
      </trkpt>
      <trkpt lat="48.795883655548096" lon="3.224186897277832">
        <ele>118.36</ele>
      </trkpt>
      <trkpt lat="48.79597677849233" lon="3.2238642778247595">
        <ele>117.0</ele>
      </trkpt>
      <trkpt lat="48.7960699852556" lon="3.223541658371687">
        <ele>115.63</ele>
      </trkpt>
      <trkpt lat="48.796162605285645" lon="3.2232213020324707">
        <ele>114.22</ele>
      </trkpt>
      <trkpt lat="48.79628079012036" lon="3.2229848485440016">
        <ele>112.78</ele>
      </trkpt>
      <trkpt lat="48.796398639678955" lon="3.2227492332458496">
        <ele>111.29</ele>
      </trkpt>
      <trkpt lat="48.79644155502319" lon="3.222663402557373">
        <ele>109.81</ele>
      </trkpt>
      <trkpt lat="48.79660248756409" lon="3.222545301541686">
        <ele>108.21</ele>
      </trkpt>
      <trkpt lat="48.79676342010498" lon="3.2224273681640625">
        <ele>106.65</ele>
      </trkpt>
      <trkpt lat="48.79696366377175" lon="3.2223272044211626">
        <ele>105.11</ele>
      </trkpt>
      <trkpt lat="48.79716399125755" lon="3.2222270406782627">
        <ele>103.6</ele>
      </trkpt>
      <trkpt lat="48.797364234924316" lon="3.2221269607543945">
        <ele>102.11</ele>
      </trkpt>
      <trkpt lat="48.79752525128424" lon="3.2219874020665884">
        <ele>100.66</ele>
      </trkpt>
      <trkpt lat="48.7976861000061" lon="3.2218480110168457">
        <ele>99.18</ele>
      </trkpt>
      <trkpt lat="48.797889947891235" lon="3.2218265533447266">
        <ele>97.7</ele>
      </trkpt>
      <trkpt lat="48.7980938795954" lon="3.2218050956726074">
        <ele>96.3</ele>
      </trkpt>
      <trkpt lat="48.79824408330023" lon="3.221719181165099">
        <ele>95.0</ele>
      </trkpt>
      <trkpt lat="48.79839428700507" lon="3.2216334342956543">
        <ele>93.8</ele>
      </trkpt>
      <trkpt lat="48.79846000112593" lon="3.221617005765438">
        <ele>92.64</ele>
      </trkpt>
      <trkpt lat="48.79839428700507" lon="3.2216334342956543">
        <ele>93.8</ele>
      </trkpt>
      <trkpt lat="48.79846000112593" lon="3.221617005765438">
        <ele>92.64</ele>
      </trkpt>
      <trkpt lat="48.798667285591364" lon="3.221578784286976">
        <ele>89.44</ele>
      </trkpt>
      <trkpt lat="48.79866887815297" lon="3.2215785328298807">
        <ele>88.53</ele>
      </trkpt>
      <trkpt lat="48.798769963905215" lon="3.22155992500484">
        <ele>87.65</ele>
      </trkpt>
      <trkpt lat="48.79908445291221" lon="3.2215408980846405">
        <ele>86.8</ele>
      </trkpt>
      <trkpt lat="48.79909995943308" lon="3.2215399760752916">
        <ele>86.07</ele>
      </trkpt>
      <trkpt lat="48.799349991604686" lon="3.22155992500484">
        <ele>85.39</ele>
      </trkpt>
      <trkpt lat="48.79956993274391" lon="3.221639972180128">
        <ele>84.77</ele>
      </trkpt>
      <trkpt lat="48.79960999824107" lon="3.2217299938201904">
        <ele>84.21</ele>
      </trkpt>
      <trkpt lat="48.7996999360621" lon="3.2221599854528904">
        <ele>83.65</ele>
      </trkpt>
      <trkpt lat="48.79972994327545" lon="3.222239948809147">
        <ele>83.18</ele>
      </trkpt>
      <trkpt lat="48.799819964915514" lon="3.222259981557727">
        <ele>82.77</ele>
      </trkpt>
      <trkpt lat="48.80002993158996" lon="3.222279930487275">
        <ele>82.38</ele>
      </trkpt>
      <trkpt lat="48.80015993490815" lon="3.2223399449139833">
        <ele>82.06</ele>
      </trkpt>
      <trkpt lat="48.80044089630246" lon="3.22255477309227">
        <ele>81.79</ele>
      </trkpt>
      <trkpt lat="48.80049998871982" lon="3.2225999515503645">
        <ele>81.57</ele>
      </trkpt>
      <trkpt lat="48.800810035318136" lon="3.2226818427443504">
        <ele>81.44</ele>
      </trkpt>
      <trkpt lat="48.80102997645736" lon="3.222739929333329">
        <ele>81.34</ele>
      </trkpt>
      <trkpt lat="48.80133465863764" lon="3.22285920381546">
        <ele>81.26</ele>
      </trkpt>
      <trkpt lat="48.80148997530341" lon="3.222919972613454">
        <ele>81.19</ele>
      </trkpt>
      <trkpt lat="48.801689967513084" lon="3.2229699287563562">
        <ele>81.09</ele>
      </trkpt>
      <trkpt lat="48.801663648337126" lon="3.2224951777607203">
        <ele>81.08</ele>
      </trkpt>
      <trkpt lat="48.801637245342135" lon="3.2220204267650843">
        <ele>81.03</ele>
      </trkpt>
      <trkpt lat="48.80161092616618" lon="3.2215456757694483">
        <ele>80.93</ele>
      </trkpt>
      <trkpt lat="48.80158460699022" lon="3.2210709247738123">
        <ele>80.84</ele>
      </trkpt>
      <trkpt lat="48.80155828781426" lon="3.2205960899591446">
        <ele>80.77</ele>
      </trkpt>
      <trkpt lat="48.80153188481927" lon="3.2201213389635086">
        <ele>80.74</ele>
      </trkpt>
      <trkpt lat="48.80150556564331" lon="3.2196465879678726">
        <ele>80.73</ele>
      </trkpt>
      <trkpt lat="48.80147924646735" lon="3.2191718369722366">
        <ele>80.7</ele>
      </trkpt>
      <trkpt lat="48.80145292729139" lon="3.2186970859766006">
        <ele>80.7</ele>
      </trkpt>
      <trkpt lat="48.801426608115435" lon="3.2182223349809647">
        <ele>80.72</ele>
      </trkpt>
      <trkpt lat="48.801400288939476" lon="3.217747500166297">
        <ele>80.76</ele>
      </trkpt>
      <trkpt lat="48.80137396976352" lon="3.217272749170661">
        <ele>80.8</ele>
      </trkpt>
      <trkpt lat="48.80134999752045" lon="3.2168399915099144">
        <ele>80.83</ele>
      </trkpt>
      <trkpt lat="48.80134999752045" lon="3.216363564133644">
        <ele>80.89</ele>
      </trkpt>
      <trkpt lat="48.80134999752045" lon="3.2163099199533463">
        <ele>81.0</ele>
      </trkpt>
      <trkpt lat="48.80135997198522" lon="3.216029964387417">
        <ele>81.13</ele>
      </trkpt>
      <trkpt lat="48.80137899890542" lon="3.2157137989997864">
        <ele>81.32</ele>
      </trkpt>
      <trkpt lat="48.801379166543484" lon="3.2157114520668983">
        <ele>81.5</ele>
      </trkpt>
      <trkpt lat="48.80138863809407" lon="3.215555464848876">
        <ele>81.71</ele>
      </trkpt>
      <trkpt lat="48.801417304202914" lon="3.215081049129367">
        <ele>81.98</ele>
      </trkpt>
      <trkpt lat="48.80144597031176" lon="3.2146066334098577">
        <ele>82.24</ele>
      </trkpt>
      <trkpt lat="48.80146994255483" lon="3.214209917932749">
        <ele>82.52</ele>
      </trkpt>
      <trkpt lat="48.80150757730007" lon="3.213736927136779">
        <ele>82.83</ele>
      </trkpt>
      <trkpt lat="48.801539931446314" lon="3.2133299857378006">
        <ele>83.14</ele>
      </trkpt>
      <trkpt lat="48.80161989480257" lon="3.2128691487014294">
        <ele>83.55</ele>
      </trkpt>
      <trkpt lat="48.80169985815883" lon="3.212408311665058">
        <ele>84.0</ele>
      </trkpt>
      <trkpt lat="48.80177973769605" lon="3.211947474628687">
        <ele>84.47</ele>
      </trkpt>
      <trkpt lat="48.80185970105231" lon="3.2114867214113474">
        <ele>85.01</ele>
      </trkpt>
      <trkpt lat="48.80187998525798" lon="3.211369961500168">
        <ele>85.51</ele>
      </trkpt>
      <trkpt lat="48.801586870104074" lon="3.211196204647422">
        <ele>86.0</ele>
      </trkpt>
      <trkpt lat="48.8012938387692" lon="3.211022363975644">
        <ele>86.46</ele>
      </trkpt>
      <trkpt lat="48.80101991817355" lon="3.2108599226921797">
        <ele>86.98</ele>
      </trkpt>
      <trkpt lat="48.80072613246739" lon="3.2106891833245754">
        <ele>87.57</ele>
      </trkpt>
      <trkpt lat="48.80043234676123" lon="3.210518443956971">
        <ele>88.18</ele>
      </trkpt>
      <trkpt lat="48.80013847723603" lon="3.210347704589367">
        <ele>88.87</ele>
      </trkpt>
      <trkpt lat="48.79984469152987" lon="3.2101769652217627">
        <ele>89.61</ele>
      </trkpt>
      <trkpt lat="48.799550822004676" lon="3.2100062258541584">
        <ele>90.3</ele>
      </trkpt>
      <trkpt lat="48.79925703629851" lon="3.2098354026675224">
        <ele>91.08</ele>
      </trkpt>
      <trkpt lat="48.79910993389785" lon="3.2097499910742044">
        <ele>91.9</ele>
      </trkpt>
      <trkpt lat="48.79898998886347" lon="3.209599955007434">
        <ele>92.73</ele>
      </trkpt>
      <trkpt lat="48.798919999971986" lon="3.209419995546341">
        <ele>93.53</ele>
      </trkpt>
      <trkpt lat="48.79887188784778" lon="3.208949100226164">
        <ele>94.35</ele>
      </trkpt>
      <trkpt lat="48.79886996001005" lon="3.2089299894869328">
        <ele>95.06</ele>
      </trkpt>
      <trkpt lat="48.79883266054094" lon="3.208456914871931">
        <ele>95.85</ele>
      </trkpt>
      <trkpt lat="48.798795361071825" lon="3.2079838402569294">
        <ele>96.64</ele>
      </trkpt>
      <trkpt lat="48.79875806160271" lon="3.2075107656419277">
        <ele>97.35</ele>
      </trkpt>
      <trkpt lat="48.79872084595263" lon="3.2070377748459578">
        <ele>97.95</ele>
      </trkpt>
      <trkpt lat="48.79868354648352" lon="3.206564700230956">
        <ele>98.52</ele>
      </trkpt>
      <trkpt lat="48.7986462470144" lon="3.2060916256159544">
        <ele>99.08</ele>
      </trkpt>
      <trkpt lat="48.79860903136432" lon="3.2056185510009527">
        <ele>99.46</ele>
      </trkpt>
      <trkpt lat="48.79857994616032" lon="3.2052499987185">
        <ele>99.72</ele>
      </trkpt>
      <trkpt lat="48.79855815321207" lon="3.204774660989642">
        <ele>99.93</ele>
      </trkpt>
      <trkpt lat="48.798536444082856" lon="3.204299407079816">
        <ele>100.14</ele>
      </trkpt>
      <trkpt lat="48.79851993173361" lon="3.2039399910718203">
        <ele>100.2</ele>
      </trkpt>
      <trkpt lat="48.79851993173361" lon="3.20346356369555">
        <ele>100.16</ele>
      </trkpt>
      <trkpt lat="48.79851993173361" lon="3.2029871363192797">
        <ele>100.04</ele>
      </trkpt>
      <trkpt lat="48.79851993173361" lon="3.202969953417778">
        <ele>99.86</ele>
      </trkpt>
      <trkpt lat="48.798557817935944" lon="3.2024970464408398">
        <ele>99.57</ele>
      </trkpt>
      <trkpt lat="48.79859562031925" lon="3.20202405564487">
        <ele>99.18</ele>
      </trkpt>
      <trkpt lat="48.798599978908896" lon="3.2019699923694134">
        <ele>98.79</ele>
      </trkpt>
      <trkpt lat="48.79860995337367" lon="3.201679978519678">
        <ele>98.32</ele>
      </trkpt>
      <trkpt lat="48.79866560921073" lon="3.2012110110372305">
        <ele>97.72</ele>
      </trkpt>
      <trkpt lat="48.79872118122876" lon="3.2007421273738146">
        <ele>97.11</ele>
      </trkpt>
      <trkpt lat="48.798749931156635" lon="3.200499974191189">
        <ele>96.56</ele>
      </trkpt>
      <trkpt lat="48.798789996653795" lon="3.200339963659644">
        <ele>95.96</ele>
      </trkpt>
      <trkpt lat="48.79890994168818" lon="3.2001799531280994">
        <ele>95.36</ele>
      </trkpt>
      <trkpt lat="48.79920112900436" lon="3.199998987838626">
        <ele>94.71</ele>
      </trkpt>
      <trkpt lat="48.79927991889417" lon="3.1999499537050724">
        <ele>94.1</ele>
      </trkpt>
      <trkpt lat="48.79944998770952" lon="3.1998099759221077">
        <ele>93.45</ele>
      </trkpt>
      <trkpt lat="48.79958996549249" lon="3.1996099837124348">
        <ele>92.8</ele>
      </trkpt>
      <trkpt lat="48.79974897019565" lon="3.199198767542839">
        <ele>92.16</ele>
      </trkpt>
      <trkpt lat="48.79987997934222" lon="3.1988599710166454">
        <ele>91.63</ele>
      </trkpt>
      <trkpt lat="48.800043342635036" lon="3.198452778160572">
        <ele>91.21</ele>
      </trkpt>
      <trkpt lat="48.80020670592785" lon="3.1980455853044987">
        <ele>90.79</ele>
      </trkpt>
      <trkpt lat="48.800370153039694" lon="3.1976383924484253">
        <ele>90.48</ele>
      </trkpt>
      <trkpt lat="48.800509963184595" lon="3.1972899567335844">
        <ele>90.27</ele>
      </trkpt>
      <trkpt lat="48.800667291507125" lon="3.1968773156404495">
        <ele>90.14</ele>
      </trkpt>
      <trkpt lat="48.800824619829655" lon="3.1964647583663464">
        <ele>90.09</ele>
      </trkpt>
      <trkpt lat="48.800959987565875" lon="3.196109952405095">
        <ele>90.1</ele>
      </trkpt>
      <trkpt lat="48.801121255382895" lon="3.1957008317112923">
        <ele>90.23</ele>
      </trkpt>
      <trkpt lat="48.801282523199916" lon="3.1952917110174894">
        <ele>90.48</ele>
      </trkpt>
      <trkpt lat="48.801443791016936" lon="3.194882506504655">
        <ele>90.72</ele>
      </trkpt>
      <trkpt lat="48.801499949768186" lon="3.194739930331707">
        <ele>90.96</ele>
      </trkpt>
      <trkpt lat="48.801609920337796" lon="3.194519989192486">
        <ele>91.28</ele>
      </trkpt>
      <trkpt lat="48.801843356341124" lon="3.1942003034055233">
        <ele>91.65</ele>
      </trkpt>
      <trkpt lat="48.80206991918385" lon="3.193889921531081">
        <ele>92.05</ele>
      </trkpt>
      <trkpt lat="48.80215994082391" lon="3.1936899293214083">
        <ele>92.48</ele>
      </trkpt>
      <trkpt lat="48.802229929715395" lon="3.1933399848639965">
        <ele>92.95</ele>
      </trkpt>
      <trkpt lat="48.802283154800534" lon="3.192870346829295">
        <ele>93.5</ele>
      </trkpt>
      <trkpt lat="48.8022899441421" lon="3.19280999712646">
        <ele>94.0</ele>
      </trkpt>
      <trkpt lat="48.80238994024694" lon="3.192529957741499">
        <ele>94.56</ele>
      </trkpt>
      <trkpt lat="48.80259965546429" lon="3.192174732685089">
        <ele>95.08</ele>
      </trkpt>
      <trkpt lat="48.80280937068164" lon="3.1918194238096476">
        <ele>95.61</ele>
      </trkpt>
      <trkpt lat="48.80287994630635" lon="3.191699981689453">
        <ele>96.15</ele>
      </trkpt>
      <trkpt lat="48.802999975159764" lon="3.191419942304492">
        <ele>96.73</ele>
      </trkpt>
      <trkpt lat="48.80306996405125" lon="3.1911699939519167">
        <ele>97.31</ele>
      </trkpt>
      <trkpt lat="48.80305998958647" lon="3.1908899545669556">
        <ele>97.88</ele>
      </trkpt>
      <trkpt lat="48.80302998237312" lon="3.190539926290512">
        <ele>98.49</ele>
      </trkpt>
      <trkpt lat="48.80296996794641" lon="3.1901999562978745">
        <ele>99.11</ele>
      </trkpt>
      <trkpt lat="48.80294993519783" lon="3.1900299713015556">
        <ele>99.7</ele>
      </trkpt>
      <trkpt lat="48.80294993519783" lon="3.1895999796688557">
        <ele>100.31</ele>
      </trkpt>
      <trkpt lat="48.80295622162521" lon="3.189282724633813">
        <ele>100.82</ele>
      </trkpt>
      <trkpt lat="48.80295630544424" lon="3.189280293881893">
        <ele>101.36</ele>
      </trkpt>
      <trkpt lat="48.802959490567446" lon="3.189123719930649">
        <ele>101.88</ele>
      </trkpt>
      <trkpt lat="48.80296896211803" lon="3.188647460192442">
        <ele>102.36</ele>
      </trkpt>
      <trkpt lat="48.802978517487645" lon="3.188171284273267">
        <ele>102.89</ele>
      </trkpt>
      <trkpt lat="48.802979942411184" lon="3.188099954277277">
        <ele>103.42</ele>
      </trkpt>
      <trkpt lat="48.80302604287863" lon="3.1876286398619413">
        <ele>103.96</ele>
      </trkpt>
      <trkpt lat="48.8030722271651" lon="3.1871573254466057">
        <ele>104.51</ele>
      </trkpt>
      <trkpt lat="48.803118327632546" lon="3.18668601103127">
        <ele>105.04</ele>
      </trkpt>
      <trkpt lat="48.80316442809999" lon="3.1862146966159344">
        <ele>105.63</ele>
      </trkpt>
      <trkpt lat="48.803210612386465" lon="3.1857434660196304">
        <ele>106.22</ele>
      </trkpt>
      <trkpt lat="48.80325671285391" lon="3.1852721516042948">
        <ele>106.74</ele>
      </trkpt>
      <trkpt lat="48.803302897140384" lon="3.184800837188959">
        <ele>107.32</ele>
      </trkpt>
      <trkpt lat="48.80334899760783" lon="3.1843295227736235">
        <ele>107.88</ele>
      </trkpt>
      <trkpt lat="48.803349919617176" lon="3.184319967404008">
        <ele>108.44</ele>
      </trkpt>
      <trkpt lat="48.80337783135474" lon="3.1838453840464354">
        <ele>109.03</ele>
      </trkpt>
      <trkpt lat="48.8034057430923" lon="3.183370800688863">
        <ele>109.59</ele>
      </trkpt>
      <trkpt lat="48.80343365482986" lon="3.1828962173312902">
        <ele>110.14</ele>
      </trkpt>
      <trkpt lat="48.80346156656742" lon="3.1824216339737177">
        <ele>110.7</ele>
      </trkpt>
      <trkpt lat="48.80348947830498" lon="3.181947050616145">
        <ele>111.29</ele>
      </trkpt>
      <trkpt lat="48.80351739004254" lon="3.1814724672585726">
        <ele>111.93</ele>
      </trkpt>
      <trkpt lat="48.803545301780105" lon="3.180997883901">
        <ele>112.6</ele>
      </trkpt>
      <trkpt lat="48.803573213517666" lon="3.1805233005434275">
        <ele>113.25</ele>
      </trkpt>
      <trkpt lat="48.80360120907426" lon="3.1800488010048866">
        <ele>113.83</ele>
      </trkpt>
      <trkpt lat="48.80362912081182" lon="3.179574217647314">
        <ele>114.37</ele>
      </trkpt>
      <trkpt lat="48.80365703254938" lon="3.1790996342897415">
        <ele>114.98</ele>
      </trkpt>
      <trkpt lat="48.803669940680265" lon="3.1788799446076155">
        <ele>115.56</ele>
      </trkpt>
      <trkpt lat="48.8037199806422" lon="3.178599989041686">
        <ele>116.1</ele>
      </trkpt>
      <trkpt lat="48.80378996953368" lon="3.1784099712967873">
        <ele>116.48</ele>
      </trkpt>
      <trkpt lat="48.80396632477641" lon="3.1780152674764395">
        <ele>116.77</ele>
      </trkpt>
      <trkpt lat="48.80399993620813" lon="3.177939997985959">
        <ele>117.08</ele>
      </trkpt>
      <trkpt lat="48.80419733002782" lon="3.1775687634944916">
        <ele>117.27</ele>
      </trkpt>
      <trkpt lat="48.80439464002848" lon="3.177197612822056">
        <ele>117.51</ele>
      </trkpt>
      <trkpt lat="48.804591950029135" lon="3.17682646214962">
        <ele>117.69</ele>
      </trkpt>
      <trkpt lat="48.804789343848825" lon="3.1764552276581526">
        <ele>117.86</ele>
      </trkpt>
      <trkpt lat="48.80498665384948" lon="3.176084076985717">
        <ele>118.12</ele>
      </trkpt>
      <trkpt lat="48.80518396385014" lon="3.175712926313281">
        <ele>118.36</ele>
      </trkpt>
      <trkpt lat="48.80538135766983" lon="3.1753417756408453">
        <ele>118.52</ele>
      </trkpt>
      <trkpt lat="48.80557866767049" lon="3.174970541149378">
        <ele>118.76</ele>
      </trkpt>
      <trkpt lat="48.80577606149018" lon="3.174599390476942">
        <ele>119.04</ele>
      </trkpt>
      <trkpt lat="48.805973371490836" lon="3.1742282398045063">
        <ele>119.22</ele>
      </trkpt>
      <trkpt lat="48.806170681491494" lon="3.1738570891320705">
        <ele>119.35</ele>
      </trkpt>
      <trkpt lat="48.80634997040033" lon="3.1735199689865112">
        <ele>119.5</ele>
      </trkpt>
      <trkpt lat="48.80657468922436" lon="3.1731864530593157">
        <ele>119.69</ele>
      </trkpt>
      <trkpt lat="48.80665993317962" lon="3.173059970140457">
        <ele>119.88</ele>
      </trkpt>
      <trkpt lat="48.80687995813787" lon="3.17280993796885">
        <ele>120.07</ele>
      </trkpt>
      <trkpt lat="48.8070475962013" lon="3.1726205069571733">
        <ele>120.23</ele>
      </trkpt>
      <trkpt lat="48.807048853486776" lon="3.172619165852666">
        <ele>120.44</ele>
      </trkpt>
      <trkpt lat="48.80713225342333" lon="3.172525204718113">
        <ele>120.66</ele>
      </trkpt>
      <trkpt lat="48.80738463252783" lon="3.172240387648344">
        <ele>120.89</ele>
      </trkpt>
      <trkpt lat="48.807579930871725" lon="3.1720199435949326">
        <ele>121.14</ele>
      </trkpt>
      <trkpt lat="48.80775997415185" lon="3.1717799697071314">
        <ele>121.35</ele>
      </trkpt>
      <trkpt lat="48.807859970256686" lon="3.1715899519622326">
        <ele>121.55</ele>
      </trkpt>
      <trkpt lat="48.80794999189675" lon="3.1713699270039797">
        <ele>121.73</ele>
      </trkpt>
      <trkpt lat="48.808049988001585" lon="3.170999949797988">
        <ele>121.87</ele>
      </trkpt>
      <trkpt lat="48.80811628885567" lon="3.1705341674387455">
        <ele>122.03</ele>
      </trkpt>
      <trkpt lat="48.80818267352879" lon="3.170068385079503">
        <ele>122.22</ele>
      </trkpt>
      <trkpt lat="48.80824905820191" lon="3.1696026027202606">
        <ele>122.38</ele>
      </trkpt>
      <trkpt lat="48.808315359055996" lon="3.169136820361018">
        <ele>122.53</ele>
      </trkpt>
      <trkpt lat="48.808381743729115" lon="3.1686710380017757">
        <ele>122.58</ele>
      </trkpt>
      <trkpt lat="48.80844812840223" lon="3.1682052556425333">
        <ele>122.52</ele>
      </trkpt>
      <trkpt lat="48.80851451307535" lon="3.167739473283291">
        <ele>122.46</ele>
      </trkpt>
      <trkpt lat="48.80857997573912" lon="3.167279977351427">
        <ele>122.33</ele>
      </trkpt>
      <trkpt lat="48.808889938518405" lon="3.1673399917781353">
        <ele>122.01</ele>
      </trkpt>
      <trkpt lat="48.80899999290705" lon="3.167399922385812">
        <ele>121.74</ele>
      </trkpt>
      <trkpt lat="48.80915991961956" lon="3.1675599329173565">
        <ele>121.4</ele>
      </trkpt>
      <trkpt lat="48.80940601229668" lon="3.1678570713847876">
        <ele>121.01</ele>
      </trkpt>
      <trkpt lat="48.80965210497379" lon="3.1681542098522186">
        <ele>120.55</ele>
      </trkpt>
      <trkpt lat="48.80968999117613" lon="3.1681999750435352">
        <ele>120.05</ele>
      </trkpt>
      <trkpt lat="48.80984991788864" lon="3.168309945613146">
        <ele>119.47</ele>
      </trkpt>
      <trkpt lat="48.810069942846894" lon="3.16835998557508">
        <ele>118.81</ele>
      </trkpt>
      <trkpt lat="48.810382252559066" lon="3.168418910354376">
        <ele>118.09</ele>
      </trkpt>
      <trkpt lat="48.81059993058443" lon="3.1684599816799164">
        <ele>117.31</ele>
      </trkpt>
      <trkpt lat="48.81084996275604" lon="3.1684399489313364">
        <ele>116.47</ele>
      </trkpt>
      <trkpt lat="48.81114584393799" lon="3.1682776752859354">
        <ele>115.52</ele>
      </trkpt>
      <trkpt lat="48.81115992553532" lon="3.1682699639350176">
        <ele>114.62</ele>
      </trkpt>
      <trkpt lat="48.81144440732896" lon="3.1680661160498857">
        <ele>113.57</ele>
      </trkpt>
      <trkpt lat="48.81172897294164" lon="3.1678623519837856">
        <ele>112.48</ele>
      </trkpt>
      <trkpt lat="48.811829974874854" lon="3.1677899323403835">
        <ele>111.43</ele>
      </trkpt>
      <trkpt lat="48.81212962791324" lon="3.1676444225013256">
        <ele>110.35</ele>
      </trkpt>
      <trkpt lat="48.812179919332266" lon="3.1676199473440647">
        <ele>109.23</ele>
      </trkpt>
      <trkpt lat="48.81242995150387" lon="3.1675599329173565">
        <ele>108.09</ele>
      </trkpt>
      <trkpt lat="48.812744691967964" lon="3.1675599329173565">
        <ele>106.85</ele>
      </trkpt>
      <trkpt lat="48.81276992149651" lon="3.1675599329173565">
        <ele>105.65</ele>
      </trkpt>
      <trkpt lat="48.81308348849416" lon="3.1676020938903093">
        <ele>104.37</ele>
      </trkpt>
      <trkpt lat="48.81339697167277" lon="3.167644254863262">
        <ele>103.04</ele>
      </trkpt>
      <trkpt lat="48.81371045485139" lon="3.167686415836215">
        <ele>101.7</ele>
      </trkpt>
      <trkpt lat="48.814023938030005" lon="3.1677286606281996">
        <ele>100.36</ele>
      </trkpt>
      <trkpt lat="48.81433742120862" lon="3.1677708216011524">
        <ele>99.12</ele>
      </trkpt>
      <trkpt lat="48.81447999738157" lon="3.1677899323403835">
        <ele>97.85</ele>
      </trkpt>
      <trkpt lat="48.81472994573414" lon="3.1677499506622553">
        <ele>96.58</ele>
      </trkpt>
      <trkpt lat="48.81495994515717" lon="3.1680199317634106">
        <ele>95.28</ele>
      </trkpt>
      <trkpt lat="48.81504996679723" lon="3.1682199239730835">
        <ele>94.03</ele>
      </trkpt>
      <trkpt lat="48.81507997401059" lon="3.1684099417179823">
        <ele>92.79</ele>
      </trkpt>
      <trkpt lat="48.81508441641927" lon="3.1688864529132843">
        <ele>91.59</ele>
      </trkpt>
      <trkpt lat="48.81508894264698" lon="3.1693629641085863">
        <ele>90.49</ele>
      </trkpt>
      <trkpt lat="48.81508994847536" lon="3.169469917193055">
        <ele>89.41</ele>
      </trkpt>
      <trkpt lat="48.81507536396384" lon="3.1699460092931986">
        <ele>88.31</ele>
      </trkpt>
      <trkpt lat="48.815060779452324" lon="3.170422101393342">
        <ele>87.15</ele>
      </trkpt>
      <trkpt lat="48.81505994126201" lon="3.1704499293118715">
        <ele>86.19</ele>
      </trkpt>
      <trkpt lat="48.81506999954581" lon="3.170829964801669">
        <ele>85.12</ele>
      </trkpt>
      <trkpt lat="48.815099922940135" lon="3.1709599681198597">
        <ele>84.23</ele>
      </trkpt>
      <trkpt lat="48.81517997011542" lon="3.1711299531161785">
        <ele>83.4</ele>
      </trkpt>
      <trkpt lat="48.81541986018419" lon="3.171438407152891">
        <ele>82.58</ele>
      </trkpt>
      <trkpt lat="48.81545992568135" lon="3.171489955857396">
        <ele>81.86</ele>
      </trkpt>
      <trkpt lat="48.81558992899954" lon="3.1715999264270067">
        <ele>81.17</ele>
      </trkpt>
      <trkpt lat="48.815719932317734" lon="3.1716399919241667">
        <ele>80.57</ele>
      </trkpt>
      <trkpt lat="48.816033666953444" lon="3.1716785486787558">
        <ele>80.04</ele>
      </trkpt>
      <trkpt lat="48.81634731777012" lon="3.1717171892523766">
        <ele>79.57</ele>
      </trkpt>
      <trkpt lat="48.81636994890869" lon="3.171719955280423">
        <ele>79.15</ele>
      </trkpt>
      <trkpt lat="48.816539933905005" lon="3.1717999186366796">
        <ele>78.78</ele>
      </trkpt>
      <trkpt lat="48.81662995554507" lon="3.171889940276742">
        <ele>78.46</ele>
      </trkpt>
      <trkpt lat="48.816689969971776" lon="3.1719999946653843">
        <ele>78.18</ele>
      </trkpt>
      <trkpt lat="48.81673992611468" lon="3.1722799502313137">
        <ele>77.96</ele>
      </trkpt>
      <trkpt lat="48.81677571684122" lon="3.172753443941474">
        <ele>77.88</ele>
      </trkpt>
      <trkpt lat="48.81677999161184" lon="3.17280993796885">
        <ele>77.7</ele>
      </trkpt>
      <trkpt lat="48.81679994054139" lon="3.1729599740356207">
        <ele>77.55</ele>
      </trkpt>
      <trkpt lat="48.81706254556775" lon="3.1726972851902246">
        <ele>77.44</ele>
      </trkpt>
      <trkpt lat="48.81724996492267" lon="3.1725099496543407">
        <ele>77.29</ele>
      </trkpt>
      <trkpt lat="48.817480467259884" lon="3.1721854861825705">
        <ele>77.13</ele>
      </trkpt>
      <trkpt lat="48.81751994602382" lon="3.172129997983575">
        <ele>77.03</ele>
      </trkpt>
      <trkpt lat="48.81767995655537" lon="3.1718399841338396">
        <ele>76.91</ele>
      </trkpt>
      <trkpt lat="48.81790501065552" lon="3.171506803482771">
        <ele>76.81</ele>
      </trkpt>
      <trkpt lat="48.81813006475568" lon="3.1711736228317022">
        <ele>76.72</ele>
      </trkpt>
      <trkpt lat="48.818355118855834" lon="3.1708404421806335">
        <ele>76.73</ele>
      </trkpt>
      <trkpt lat="48.818449918180704" lon="3.1706999614834785">
        <ele>76.71</ele>
      </trkpt>
      <trkpt lat="48.81864286959171" lon="3.1703233625739813">
        <ele>76.69</ele>
      </trkpt>
      <trkpt lat="48.81865996867418" lon="3.170289918780327">
        <ele>76.61</ele>
      </trkpt>
      <trkpt lat="48.8187799975276" lon="3.1699899304658175">
        <ele>76.56</ele>
      </trkpt>
      <trkpt lat="48.818899942561984" lon="3.1695499643683434">
        <ele>76.48</ele>
      </trkpt>
      <trkpt lat="48.818968841806054" lon="3.1690849363803864">
        <ele>76.29</ele>
      </trkpt>
      <trkpt lat="48.81897998973727" lon="3.169009918347001">
        <ele>76.21</ele>
      </trkpt>
      <trkpt lat="48.81902977824211" lon="3.168539358302951">
        <ele>76.1</ele>
      </trkpt>
      <trkpt lat="48.81907965056598" lon="3.1680687982589006">
        <ele>76.02</ele>
      </trkpt>
      <trkpt lat="48.819125248119235" lon="3.1676385551691055">
        <ele>75.97</ele>
      </trkpt>
      <trkpt lat="48.81912952288985" lon="3.1675982382148504">
        <ele>75.94</ele>
      </trkpt>
      <trkpt lat="48.819139916449785" lon="3.1674999184906483">
        <ele>75.94</ele>
      </trkpt>
      <trkpt lat="48.81915969774127" lon="3.1673260778188705">
        <ele>75.98</ele>
      </trkpt>
      <trkpt lat="48.8191600330174" lon="3.167323647066951">
        <ele>76.03</ele>
      </trkpt>
      <trkpt lat="48.81919372826815" lon="3.1670303642749786">
        <ele>76.08</ele>
      </trkpt>
      <trkpt lat="48.81924754008651" lon="3.166560810059309">
        <ele>76.18</ele>
      </trkpt>
      <trkpt lat="48.81924997083843" lon="3.166539939120412">
        <ele>76.33</ele>
      </trkpt>
      <trkpt lat="48.8193014357239" lon="3.1660697981715202">
        <ele>76.48</ele>
      </trkpt>
      <trkpt lat="48.819352900609374" lon="3.165599573403597">
        <ele>76.81</ele>
      </trkpt>
      <trkpt lat="48.819399923086166" lon="3.1651699170470238">
        <ele>77.22</ele>
      </trkpt>
      <trkpt lat="48.819399923086166" lon="3.1647199764847755">
        <ele>77.59</ele>
      </trkpt>
      <trkpt lat="48.81935994140804" lon="3.1642499193549156">
        <ele>77.91</ele>
      </trkpt>
      <trkpt lat="48.819316271692514" lon="3.1637779343873262">
        <ele>78.34</ele>
      </trkpt>
      <trkpt lat="48.81927251815796" lon="3.163305949419737">
        <ele>78.87</ele>
      </trkpt>
      <trkpt lat="48.8192599453032" lon="3.1631699949502945">
        <ele>79.48</ele>
      </trkpt>
      <trkpt lat="48.81921702995896" lon="3.1626978423446417">
        <ele>80.19</ele>
      </trkpt>
      <trkpt lat="48.819174114614725" lon="3.162225689738989">
        <ele>80.85</ele>
      </trkpt>
      <trkpt lat="48.81913119927049" lon="3.161753537133336">
        <ele>81.63</ele>
      </trkpt>
      <trkpt lat="48.81912994198501" lon="3.161739958450198">
        <ele>82.45</ele>
      </trkpt>
      <trkpt lat="48.81906934082508" lon="3.1612722482532263">
        <ele>83.39</ele>
      </trkpt>
      <trkpt lat="48.81905995309353" lon="3.1611999962478876">
        <ele>84.35</ele>
      </trkpt>
      <trkpt lat="48.81894428282976" lon="3.160756677389145">
        <ele>85.34</ele>
      </trkpt>
      <trkpt lat="48.81893992424011" lon="3.1607399974018335">
        <ele>86.4</ele>
      </trkpt>
      <trkpt lat="48.81879081018269" lon="3.160320231691003">
        <ele>87.42</ele>
      </trkpt>
      <trkpt lat="48.81866994313896" lon="3.1599799264222383">
        <ele>88.54</ele>
      </trkpt>
      <trkpt lat="48.8189784809947" lon="3.1598858814686537">
        <ele>89.95</ele>
      </trkpt>
      <trkpt lat="48.819287018850446" lon="3.159791836515069">
        <ele>91.42</ele>
      </trkpt>
      <trkpt lat="48.81948994472623" lon="3.159729978069663">
        <ele>92.84</ele>
      </trkpt>
      <trkpt lat="48.81970996968448" lon="3.1595599930733442">
        <ele>94.28</ele>
      </trkpt>
      <trkpt lat="48.81995807401836" lon="3.159266710281372">
        <ele>95.86</ele>
      </trkpt>
      <trkpt lat="48.820149935781956" lon="3.159039979800582">
        <ele>97.34</ele>
      </trkpt>
      <trkpt lat="48.820279939100146" lon="3.1589299254119396">
        <ele>98.73</ele>
      </trkpt>
      <trkpt lat="48.82058051414788" lon="3.1587885227054358">
        <ele>100.08</ele>
      </trkpt>
      <trkpt lat="48.820789977908134" lon="3.1586899515241385">
        <ele>101.47</ele>
      </trkpt>
      <trkpt lat="48.82107596844435" lon="3.158490965142846">
        <ele>102.85</ele>
      </trkpt>
      <trkpt lat="48.82124997675419" lon="3.158369930461049">
        <ele>104.19</ele>
      </trkpt>
      <trkpt lat="48.8215412478894" lon="3.1581896357238293">
        <ele>105.52</ele>
      </trkpt>
      <trkpt lat="48.821669993922114" lon="3.158109923824668">
        <ele>106.76</ele>
      </trkpt>
      <trkpt lat="48.82163998670876" lon="3.1578699499368668">
        <ele>107.95</ele>
      </trkpt>
      <trkpt lat="48.82160771638155" lon="3.1575566343963146">
        <ele>109.11</ele>
      </trkpt>
      <trkpt lat="48.821607548743486" lon="3.157554203644395">
        <ele>110.17</ele>
      </trkpt>
      <trkpt lat="48.82159170694649" lon="3.157398970797658">
        <ele>111.19</ele>
      </trkpt>
      <trkpt lat="48.821543511003256" lon="3.156927991658449">
        <ele>112.2</ele>
      </trkpt>
      <trkpt lat="48.82150998339057" lon="3.156599923968315">
        <ele>113.09</ele>
      </trkpt>
      <trkpt lat="48.82146991789341" lon="3.1562299467623234">
        <ele>113.96</ele>
      </trkpt>
      <trkpt lat="48.82140101864934" lon="3.1557649187743664">
        <ele>114.76</ele>
      </trkpt>
      <trkpt lat="48.821349972859025" lon="3.155419919639826">
        <ele>115.52</ele>
      </trkpt>
      <trkpt lat="48.82131996564567" lon="3.155009960755706">
        <ele>116.18</ele>
      </trkpt>
      <trkpt lat="48.82135500200093" lon="3.154536299407482">
        <ele>116.8</ele>
      </trkpt>
      <trkpt lat="48.8213599473238" lon="3.1544699985533953">
        <ele>117.31</ele>
      </trkpt>
      <trkpt lat="48.8213099911809" lon="3.1541999336332083">
        <ele>117.74</ele>
      </trkpt>
      <trkpt lat="48.821175461634994" lon="3.1537690199911594">
        <ele>118.13</ele>
      </trkpt>
      <trkpt lat="48.82104101590812" lon="3.1533381063491106">
        <ele>118.48</ele>
      </trkpt>
      <trkpt lat="48.820919981226325" lon="3.1529499404132366">
        <ele>118.78</ele>
      </trkpt>
      <trkpt lat="48.820789977908134" lon="3.1527199409902096">
        <ele>118.95</ele>
      </trkpt>
      <trkpt lat="48.82055268622935" lon="3.1524068769067526">
        <ele>119.09</ele>
      </trkpt>
      <trkpt lat="48.82031539455056" lon="3.152093729004264">
        <ele>119.19</ele>
      </trkpt>
      <trkpt lat="48.820078102871776" lon="3.151780664920807">
        <ele>119.25</ele>
      </trkpt>
      <trkpt lat="48.8200699724257" lon="3.1517699360847473">
        <ele>119.29</ele>
      </trkpt>
      <trkpt lat="48.819909961894155" lon="3.151479922235012">
        <ele>119.28</ele>
      </trkpt>
      <trkpt lat="48.819869980216026" lon="3.1513699516654015">
        <ele>119.27</ele>
      </trkpt>
      <trkpt lat="48.81983997300267" lon="3.1511999666690826">
        <ele>119.22</ele>
      </trkpt>
      <trkpt lat="48.81979336962104" lon="3.1507285684347153">
        <ele>119.15</ele>
      </trkpt>
      <trkpt lat="48.819759925827384" lon="3.150389939546585">
        <ele>119.1</ele>
      </trkpt>
      <trkpt lat="48.81968541070819" lon="3.1499269232153893">
        <ele>118.95</ele>
      </trkpt>
      <trkpt lat="48.81961994804442" lon="3.149519981816411">
        <ele>118.85</ele>
      </trkpt>
      <trkpt lat="48.819589940831065" lon="3.149079931899905">
        <ele>118.81</ele>
      </trkpt>
      <trkpt lat="48.819609973579645" lon="3.14880995079875">
        <ele>118.73</ele>
      </trkpt>
      <trkpt lat="48.81961843930185" lon="3.148767203092575">
        <ele>118.61</ele>
      </trkpt>
      <trkpt lat="48.81961894221604" lon="3.1487649399787188">
        <ele>118.46</ele>
      </trkpt>
      <trkpt lat="48.8196899369359" lon="3.148409966379404">
        <ele>118.39</ele>
      </trkpt>
      <trkpt lat="48.81975322030485" lon="3.1479430943727493">
        <ele>118.22</ele>
      </trkpt>
      <trkpt lat="48.81976998411119" lon="3.1478199642151594">
        <ele>118.03</ele>
      </trkpt>
      <trkpt lat="48.819874338805676" lon="3.147370358929038">
        <ele>117.81</ele>
      </trkpt>
      <trkpt lat="48.81989998742938" lon="3.147259969264269">
        <ele>117.62</ele>
      </trkpt>
      <trkpt lat="48.81999998353422" lon="3.1469499226659536">
        <ele>117.46</ele>
      </trkpt>
      <trkpt lat="48.8201630115509" lon="3.1465423107147217">
        <ele>117.31</ele>
      </trkpt>
      <trkpt lat="48.82017994299531" lon="3.1464999821037054">
        <ele>117.12</ele>
      </trkpt>
      <trkpt lat="48.820229982957244" lon="3.1463199388235807">
        <ele>116.94</ele>
      </trkpt>
      <trkpt lat="48.82026996463537" lon="3.145949961617589">
        <ele>116.69</ele>
      </trkpt>
      <trkpt lat="48.820259822532535" lon="3.1454736180603504">
        <ele>116.43</ele>
      </trkpt>
      <trkpt lat="48.82024993188679" lon="3.145009931176901">
        <ele>116.19</ele>
      </trkpt>
      <trkpt lat="48.820189917460084" lon="3.1446999683976173">
        <ele>115.93</ele>
      </trkpt>
      <trkpt lat="48.82010232657194" lon="3.1442422326654196">
        <ele>115.73</ele>
      </trkpt>
      <trkpt lat="48.82009997963905" lon="3.144229995086789">
        <ele>115.55</ele>
      </trkpt>
      <trkpt lat="48.82005228661001" lon="3.143758848309517">
        <ele>115.4</ele>
      </trkpt>
      <trkpt lat="48.82000995799899" lon="3.1433399207890034">
        <ele>115.24</ele>
      </trkpt>
      <trkpt lat="48.81997995078564" lon="3.1431599613279104">
        <ele>115.11</ele>
      </trkpt>
      <trkpt lat="48.81997366435826" lon="3.143029371276498">
        <ele>115.03</ele>
      </trkpt>
      <trkpt lat="48.81997358053923" lon="3.143026940524578">
        <ele>114.95</ele>
      </trkpt>
      <trkpt lat="48.819957319647074" lon="3.1426846235990524">
        <ele>114.92</ele>
      </trkpt>
      <trkpt lat="48.81994994357228" lon="3.1425299774855375">
        <ele>114.9</ele>
      </trkpt>
      <trkpt lat="48.81998992525041" lon="3.1420799531042576">
        <ele>114.85</ele>
      </trkpt>
      <trkpt lat="48.820039965212345" lon="3.141759932041168">
        <ele>114.81</ele>
      </trkpt>
      <trkpt lat="48.82013451308012" lon="3.1413053814321756">
        <ele>114.88</ele>
      </trkpt>
      <trkpt lat="48.82022914476693" lon="3.140850830823183">
        <ele>115.0</ele>
      </trkpt>
      <trkpt lat="48.82032377645373" lon="3.1403961963951588">
        <ele>115.18</ele>
      </trkpt>
      <trkpt lat="48.82039996795356" lon="3.140029991045594">
        <ele>115.4</ele>
      </trkpt>
      <trkpt lat="48.82048739120364" lon="3.139572087675333">
        <ele>115.66</ele>
      </trkpt>
      <trkpt lat="48.82057481445372" lon="3.1391142681241035">
        <ele>115.92</ele>
      </trkpt>
      <trkpt lat="48.82060993462801" lon="3.1389299500733614">
        <ele>116.27</ele>
      </trkpt>
      <trkpt lat="48.82062996737659" lon="3.1385299656540155">
        <ele>116.64</ele>
      </trkpt>
      <trkpt lat="48.820617562159896" lon="3.1380537059158087">
        <ele>117.07</ele>
      </trkpt>
      <trkpt lat="48.820605240762234" lon="3.137577446177602">
        <ele>117.54</ele>
      </trkpt>
      <trkpt lat="48.82059283554554" lon="3.137101186439395">
        <ele>118.02</ele>
      </trkpt>
      <trkpt lat="48.82058998569846" lon="3.1369899585843086">
        <ele>118.53</ele>
      </trkpt>
      <trkpt lat="48.8209040556103" lon="3.13696070574224">
        <ele>119.16</ele>
      </trkpt>
      <trkpt lat="48.82101997733116" lon="3.1369499769061804">
        <ele>119.78</ele>
      </trkpt>
      <trkpt lat="48.82124997675419" lon="3.1368999369442463">
        <ele>120.43</ele>
      </trkpt>
      <trkpt lat="48.82140998728573" lon="3.137139994651079">
        <ele>121.13</ele>
      </trkpt>
      <trkpt lat="48.8215499650687" lon="3.1371899507939816">
        <ele>121.82</ele>
      </trkpt>
      <trkpt lat="48.82186462171376" lon="3.137195985764265">
        <ele>122.53</ele>
      </trkpt>
      <trkpt lat="48.82217936217785" lon="3.1372020207345486">
        <ele>123.26</ele>
      </trkpt>
      <trkpt lat="48.82249410264194" lon="3.1372079718858004">
        <ele>123.96</ele>
      </trkpt>
      <trkpt lat="48.822808759287" lon="3.137214006856084">
        <ele>124.71</ele>
      </trkpt>
      <trkpt lat="48.82311997935176" lon="3.1372199580073357">
        <ele>125.45</ele>
      </trkpt>
      <trkpt lat="48.82343463599682" lon="3.1372135877609253">
        <ele>126.16</ele>
      </trkpt>
      <trkpt lat="48.82374937646091" lon="3.1372073013335466">
        <ele>126.84</ele>
      </trkpt>
      <trkpt lat="48.82406403310597" lon="3.1372009310871363">
        <ele>127.48</ele>
      </trkpt>
      <trkpt lat="48.82437877357006" lon="3.1371946446597576">
        <ele>128.13</ele>
      </trkpt>
      <trkpt lat="48.82460994645953" lon="3.1371899507939816">
        <ele>128.71</ele>
      </trkpt>
      <trkpt lat="48.824809938669205" lon="3.1372291781008244">
        <ele>129.26</ele>
      </trkpt>
      <trkpt lat="48.82460542023182" lon="3.1372240651398897">
        <ele>129.79</ele>
      </trkpt>
      <trkpt lat="48.824400901794434" lon="3.137218952178955">
        <ele>130.28</ele>
      </trkpt>
      <trkpt lat="48.824809938669205" lon="3.1372291781008244">
        <ele>129.26</ele>
      </trkpt>
      <trkpt lat="48.82460542023182" lon="3.1372240651398897">
        <ele>129.79</ele>
      </trkpt>
      <trkpt lat="48.824400901794434" lon="3.137218952178955">
        <ele>130.28</ele>
      </trkpt>
      <trkpt lat="48.82460877299309" lon="3.137213671579957">
        <ele>131.96</ele>
      </trkpt>
      <trkpt lat="48.82461044937372" lon="3.137213671579957">
        <ele>132.31</ele>
      </trkpt>
      <trkpt lat="48.824830977246165" lon="3.1372082233428955">
        <ele>132.63</ele>
      </trkpt>
      <trkpt lat="48.82483231835067" lon="3.137208139523864">
        <ele>132.93</ele>
      </trkpt>
      <trkpt lat="48.8248326536268" lon="3.137208139523864">
        <ele>133.19</ele>
      </trkpt>
      <trkpt lat="48.824832988902926" lon="3.1372082233428955">
        <ele>133.43</ele>
      </trkpt>
      <trkpt lat="48.825129959732294" lon="3.13720989972353">
        <ele>133.68</ele>
      </trkpt>
      <trkpt lat="48.825373286381364" lon="3.137316517531872">
        <ele>133.88</ele>
      </trkpt>
      <trkpt lat="48.825616613030434" lon="3.1374232191592455">
        <ele>134.05</ele>
      </trkpt>
      <trkpt lat="48.8258599396795" lon="3.137529920786619">
        <ele>134.2</ele>
      </trkpt>
      <trkpt lat="48.82614132016897" lon="3.137725219130516">
        <ele>134.37</ele>
      </trkpt>
      <trkpt lat="48.82642278447747" lon="3.1379206012934446">
        <ele>134.49</ele>
      </trkpt>
      <trkpt lat="48.82670416496694" lon="3.138115983456373">
        <ele>134.49</ele>
      </trkpt>
      <trkpt lat="48.82698562927544" lon="3.138311365619302">
        <ele>134.58</ele>
      </trkpt>
      <trkpt lat="48.82726700976491" lon="3.1385067477822304">
        <ele>134.74</ele>
      </trkpt>
      <trkpt lat="48.82754847407341" lon="3.1387020461261272">
        <ele>134.84</ele>
      </trkpt>
      <trkpt lat="48.82782985456288" lon="3.138897428289056">
        <ele>134.84</ele>
      </trkpt>
      <trkpt lat="48.82811131887138" lon="3.1390928104519844">
        <ele>134.84</ele>
      </trkpt>
      <trkpt lat="48.82839269936085" lon="3.139288192614913">
        <ele>134.84</ele>
      </trkpt>
      <trkpt lat="48.82867416366935" lon="3.1394835747778416">
        <ele>134.83</ele>
      </trkpt>
      <trkpt lat="48.828955544158816" lon="3.13967895694077">
        <ele>134.88</ele>
      </trkpt>
      <trkpt lat="48.82923700846732" lon="3.1398743391036987">
        <ele>134.89</ele>
      </trkpt>
      <trkpt lat="48.829518388956785" lon="3.1400697212666273">
        <ele>134.76</ele>
      </trkpt>
      <trkpt lat="48.829799853265285" lon="3.140265103429556">
        <ele>134.62</ele>
      </trkpt>
      <trkpt lat="48.830081233754754" lon="3.1404604855924845">
        <ele>134.54</ele>
      </trkpt>
      <trkpt lat="48.830362698063254" lon="3.140655867755413">
        <ele>134.42</ele>
      </trkpt>
      <trkpt lat="48.83064407855272" lon="3.1408512499183416">
        <ele>134.35</ele>
      </trkpt>
      <trkpt lat="48.83092554286122" lon="3.14104663208127">
        <ele>134.32</ele>
      </trkpt>
      <trkpt lat="48.83120692335069" lon="3.141242014244199">
        <ele>134.28</ele>
      </trkpt>
      <trkpt lat="48.83148838765919" lon="3.1414373964071274">
        <ele>134.2</ele>
      </trkpt>
      <trkpt lat="48.83176976814866" lon="3.141632778570056">
        <ele>134.09</ele>
      </trkpt>
      <trkpt lat="48.83205123245716" lon="3.1418281607329845">
        <ele>134.0</ele>
      </trkpt>
      <trkpt lat="48.83233261294663" lon="3.142023542895913">
        <ele>133.93</ele>
      </trkpt>
      <trkpt lat="48.83261407725513" lon="3.1422189250588417">
        <ele>133.88</ele>
      </trkpt>
      <trkpt lat="48.8328954577446" lon="3.1424143072217703">
        <ele>133.82</ele>
      </trkpt>
      <trkpt lat="48.8331769220531" lon="3.142609689384699">
        <ele>133.7</ele>
      </trkpt>
      <trkpt lat="48.83345830254257" lon="3.1428050715476274">
        <ele>133.6</ele>
      </trkpt>
      <trkpt lat="48.83373976685107" lon="3.143000453710556">
        <ele>133.55</ele>
      </trkpt>
      <trkpt lat="48.834021147340536" lon="3.1431958358734846">
        <ele>133.56</ele>
      </trkpt>
      <trkpt lat="48.83429984562099" lon="3.1433899607509375">
        <ele>133.55</ele>
      </trkpt>
      <trkpt lat="48.8345358800143" lon="3.143663629889488">
        <ele>133.52</ele>
      </trkpt>
      <trkpt lat="48.83477199822664" lon="3.1439373828470707">
        <ele>133.44</ele>
      </trkpt>
      <trkpt lat="48.835008116438985" lon="3.144211135804653">
        <ele>133.4</ele>
      </trkpt>
      <trkpt lat="48.83524423465133" lon="3.1444848887622356">
        <ele>133.36</ele>
      </trkpt>
      <trkpt lat="48.83548026904464" lon="3.144758641719818">
        <ele>133.33</ele>
      </trkpt>
      <trkpt lat="48.83571638725698" lon="3.1450323946774006">
        <ele>133.32</ele>
      </trkpt>
      <trkpt lat="48.83595250546932" lon="3.145306147634983">
        <ele>133.32</ele>
      </trkpt>
      <trkpt lat="48.836188623681664" lon="3.1455799005925655">
        <ele>133.27</ele>
      </trkpt>
      <trkpt lat="48.83642474189401" lon="3.145853653550148">
        <ele>133.26</ele>
      </trkpt>
      <trkpt lat="48.83666077628732" lon="3.1461274065077305">
        <ele>133.23</ele>
      </trkpt>
      <trkpt lat="48.83689689449966" lon="3.1464012432843447">
        <ele>133.19</ele>
      </trkpt>
      <trkpt lat="48.837133012712" lon="3.146674996241927">
        <ele>133.18</ele>
      </trkpt>
      <trkpt lat="48.837369130924344" lon="3.1469487491995096">
        <ele>133.2</ele>
      </trkpt>
      <trkpt lat="48.837605165317655" lon="3.147222502157092">
        <ele>133.19</ele>
      </trkpt>
      <trkpt lat="48.83784128353" lon="3.1474962551146746">
        <ele>133.24</ele>
      </trkpt>
      <trkpt lat="48.83807740174234" lon="3.147770008072257">
        <ele>133.32</ele>
      </trkpt>
      <trkpt lat="48.83830991573632" lon="3.1480399053543806">
        <ele>133.39</ele>
      </trkpt>
      <trkpt lat="48.83858995512128" lon="3.148235371336341">
        <ele>133.49</ele>
      </trkpt>
      <trkpt lat="48.83887007832527" lon="3.148430837318301">
        <ele>133.56</ele>
      </trkpt>
      <trkpt lat="48.83915011771023" lon="3.148626387119293">
        <ele>133.62</ele>
      </trkpt>
      <trkpt lat="48.839430240914226" lon="3.1488218531012535">
        <ele>133.68</ele>
      </trkpt>
      <trkpt lat="48.83971028029919" lon="3.1490174029022455">
        <ele>133.75</ele>
      </trkpt>
      <trkpt lat="48.83999040350318" lon="3.149212868884206">
        <ele>133.82</ele>
      </trkpt>
      <trkpt lat="48.84027044288814" lon="3.149408418685198">
        <ele>133.93</ele>
      </trkpt>
      <trkpt lat="48.84055056609213" lon="3.149603884667158">
        <ele>134.05</ele>
      </trkpt>
      <trkpt lat="48.840830689296126" lon="3.14979943446815">
        <ele>134.11</ele>
      </trkpt>
      <trkpt lat="48.84111072868109" lon="3.149994984269142">
        <ele>134.14</ele>
      </trkpt>
      <trkpt lat="48.8413898460567" lon="3.1501898635178804">
        <ele>134.22</ele>
      </trkpt>
      <trkpt lat="48.84166150353849" lon="3.1503181904554367">
        <ele>134.26</ele>
      </trkpt>
      <trkpt lat="48.84193324483931" lon="3.150446517392993">
        <ele>134.3</ele>
      </trkpt>
      <trkpt lat="48.8422049023211" lon="3.1505748443305492">
        <ele>134.34</ele>
      </trkpt>
      <trkpt lat="48.84247664362192" lon="3.1507032550871372">
        <ele>134.35</ele>
      </trkpt>
      <trkpt lat="48.84274830110371" lon="3.1508315820246935">
        <ele>134.31</ele>
      </trkpt>
      <trkpt lat="48.8430199585855" lon="3.1509599089622498">
        <ele>134.28</ele>
      </trkpt>
      <trkpt lat="48.843325562775135" lon="3.150951275601983">
        <ele>134.31</ele>
      </trkpt>
      <trkpt lat="48.8436312507838" lon="3.150942726060748">
        <ele>134.31</ele>
      </trkpt>
      <trkpt lat="48.843936854973435" lon="3.150934176519513">
        <ele>134.14</ele>
      </trkpt>
      <trkpt lat="48.8442425429821" lon="3.1509255431592464">
        <ele>133.94</ele>
      </trkpt>
      <trkpt lat="48.844548147171736" lon="3.1509169936180115">
        <ele>133.78</ele>
      </trkpt>
      <trkpt lat="48.8448538351804" lon="3.1509084440767765">
        <ele>133.63</ele>
      </trkpt>
      <trkpt lat="48.845159858465195" lon="3.1508998945355415">
        <ele>133.47</ele>
      </trkpt>
      <trkpt lat="48.84544584900141" lon="3.1510018184781075">
        <ele>133.28</ele>
      </trkpt>
      <trkpt lat="48.84573183953762" lon="3.151103826239705">
        <ele>132.99</ele>
      </trkpt>
      <trkpt lat="48.84601783007383" lon="3.1512058340013027">
        <ele>132.66</ele>
      </trkpt>
      <trkpt lat="48.846303820610046" lon="3.1513078417629004">
        <ele>132.31</ele>
      </trkpt>
      <trkpt lat="48.84658989496529" lon="3.1514099333435297">
        <ele>131.94</ele>
      </trkpt>
      <trkpt lat="48.846603222191334" lon="3.1509653571993113">
        <ele>131.56</ele>
      </trkpt>
      <trkpt lat="48.84661663323641" lon="3.150520781055093">
        <ele>131.15</ele>
      </trkpt>
      <trkpt lat="48.84662996046245" lon="3.15007989294827">
        <ele>130.73</ele>
      </trkpt>
      <trkpt lat="48.846855936571956" lon="3.1497551780194044">
        <ele>130.23</ele>
      </trkpt>
      <trkpt lat="48.84708191268146" lon="3.1494305469095707">
        <ele>129.68</ele>
      </trkpt>
      <trkpt lat="48.847307888790965" lon="3.149105915799737">
        <ele>129.21</ele>
      </trkpt>
      <trkpt lat="48.84753386490047" lon="3.1487812008708715">
        <ele>128.7</ele>
      </trkpt>
      <trkpt lat="48.847759841009974" lon="3.148456569761038">
        <ele>128.22</ele>
      </trkpt>
      <trkpt lat="48.84798581711948" lon="3.148131938651204">
        <ele>127.71</ele>
      </trkpt>
      <trkpt lat="48.848211793228984" lon="3.1478073075413704">
        <ele>127.26</ele>
      </trkpt>
      <trkpt lat="48.84843776933849" lon="3.147482592612505">
        <ele>126.82</ele>
      </trkpt>
      <trkpt lat="48.84866374544799" lon="3.1471579615026712">
        <ele>126.4</ele>
      </trkpt>
      <trkpt lat="48.8488897215575" lon="3.146833246573806">
        <ele>125.89</ele>
      </trkpt>
      <trkpt lat="48.849115697667" lon="3.146508615463972">
        <ele>125.38</ele>
      </trkpt>
      <trkpt lat="48.84934167377651" lon="3.1461839843541384">
        <ele>124.98</ele>
      </trkpt>
      <trkpt lat="48.84956764988601" lon="3.145859269425273">
        <ele>124.73</ele>
      </trkpt>
      <trkpt lat="48.84978985413909" lon="3.1455399189144373">
        <ele>124.57</ele>
      </trkpt>
      <trkpt lat="48.84992513805628" lon="3.1451691035181284">
        <ele>124.44</ele>
      </trkpt>
      <trkpt lat="48.85006042197347" lon="3.144798371940851">
        <ele>124.36</ele>
      </trkpt>
      <trkpt lat="48.850195705890656" lon="3.144427640363574">
        <ele>124.33</ele>
      </trkpt>
      <trkpt lat="48.850329983979464" lon="3.1440599262714386">
        <ele>124.34</ele>
      </trkpt>
      <trkpt lat="48.85037323459983" lon="3.143605627119541">
        <ele>124.46</ele>
      </trkpt>
      <trkpt lat="48.850416569039226" lon="3.1431513279676437">
        <ele>124.54</ele>
      </trkpt>
      <trkpt lat="48.85045981965959" lon="3.1426970288157463">
        <ele>124.61</ele>
      </trkpt>
      <trkpt lat="48.85050273500383" lon="3.14224767498672">
        <ele>124.68</ele>
      </trkpt>
      <trkpt lat="48.8505351729691" lon="3.1419074535369873">
        <ele>124.82</ele>
      </trkpt>
      <trkpt lat="48.85056761093438" lon="3.1415672320872545">
        <ele>125.05</ele>
      </trkpt>
      <trkpt lat="48.85059988126159" lon="3.1412298604846">
        <ele>125.32</ele>
      </trkpt>
      <trkpt lat="48.85068504139781" lon="3.140891483053565">
        <ele>125.68</ele>
      </trkpt>
      <trkpt lat="48.850770285353065" lon="3.1405531894415617">
        <ele>126.03</ele>
      </trkpt>
      <trkpt lat="48.85085552930832" lon="3.1402148958295584">
        <ele>126.41</ele>
      </trkpt>
      <trkpt lat="48.85093993507326" lon="3.139879871159792">
        <ele>126.85</ele>
      </trkpt>
      <trkpt lat="48.850879753008485" lon="3.1394712533801794">
        <ele>127.25</ele>
      </trkpt>
      <trkpt lat="48.85081957094371" lon="3.1390627194195986">
        <ele>127.67</ele>
      </trkpt>
      <trkpt lat="48.85075947269797" lon="3.138654101639986">
        <ele>128.1</ele>
      </trkpt>
      <trkpt lat="48.850699961185455" lon="3.1382498424500227">
        <ele>128.63</ele>
      </trkpt>
      <trkpt lat="48.850539615377784" lon="3.1378791108727455">
        <ele>129.14</ele>
      </trkpt>
      <trkpt lat="48.850379940122366" lon="3.137509888038039">
        <ele>129.68</ele>
      </trkpt>
      <trkpt lat="48.85038656182587" lon="3.1371455267071724">
        <ele>130.27</ele>
      </trkpt>
      <trkpt lat="48.85039326734841" lon="3.1367811653763056">
        <ele>130.83</ele>
      </trkpt>
      <trkpt lat="48.850399889051914" lon="3.1364199053496122">
        <ele>131.35</ele>
      </trkpt>
      <trkpt lat="48.85016167536378" lon="3.136141626164317">
        <ele>131.87</ele>
      </trkpt>
      <trkpt lat="48.849923461675644" lon="3.135863346979022">
        <ele>132.44</ele>
      </trkpt>
      <trkpt lat="48.84968524798751" lon="3.135585067793727">
        <ele>133.01</ele>
      </trkpt>
      <trkpt lat="48.849447034299374" lon="3.1353068724274635">
        <ele>133.53</ele>
      </trkpt>
      <trkpt lat="48.84920999407768" lon="3.135029934346676">
        <ele>134.05</ele>
      </trkpt>
      <trkpt lat="48.84892987087369" lon="3.1348798982799053">
        <ele>134.56</ele>
      </trkpt>
      <trkpt lat="48.84864983148873" lon="3.1347298622131348">
        <ele>135.05</ele>
      </trkpt>
      <trkpt lat="48.84836979210377" lon="3.134579826146364">
        <ele>135.49</ele>
      </trkpt>
      <trkpt lat="48.848089668899775" lon="3.1344297900795937">
        <ele>135.87</ele>
      </trkpt>
      <trkpt lat="48.84780988097191" lon="3.1342799216508865">
        <ele>136.21</ele>
      </trkpt>
      <trkpt lat="48.847579630091786" lon="3.1339695397764444">
        <ele>136.6</ele>
      </trkpt>
      <trkpt lat="48.847349379211664" lon="3.1336591579020023">
        <ele>136.96</ele>
      </trkpt>
      <trkpt lat="48.84711996652186" lon="3.1333498656749725">
        <ele>137.36</ele>
      </trkpt>
      <trkpt lat="48.846960961818695" lon="3.1329670641571283">
        <ele>137.79</ele>
      </trkpt>
      <trkpt lat="48.84680195711553" lon="3.132584346458316">
        <ele>138.14</ele>
      </trkpt>
      <trkpt lat="48.8466430362314" lon="3.1322016287595034">
        <ele>138.43</ele>
      </trkpt>
      <trkpt lat="48.846484031528234" lon="3.131818827241659">
        <ele>138.74</ele>
      </trkpt>
      <trkpt lat="48.8463251106441" lon="3.1314361095428467">
        <ele>139.06</ele>
      </trkpt>
      <trkpt lat="48.84616610594094" lon="3.131053391844034">
        <ele>139.37</ele>
      </trkpt>
      <trkpt lat="48.846007185056806" lon="3.1306706741452217">
        <ele>139.66</ele>
      </trkpt>
      <trkpt lat="48.84584818035364" lon="3.1302878726273775">
        <ele>139.96</ele>
      </trkpt>
      <trkpt lat="48.84568925946951" lon="3.129905154928565">
        <ele>140.2</ele>
      </trkpt>
      <trkpt lat="48.845530254766345" lon="3.1295224372297525">
        <ele>140.42</ele>
      </trkpt>
      <trkpt lat="48.84537133388221" lon="3.12913971953094">
        <ele>140.6</ele>
      </trkpt>
      <trkpt lat="48.84521232917905" lon="3.1287570018321276">
        <ele>140.74</ele>
      </trkpt>
      <trkpt lat="48.845053324475884" lon="3.1283742003142834">
        <ele>140.87</ele>
      </trkpt>
      <trkpt lat="48.84489440359175" lon="3.127991482615471">
        <ele>141.0</ele>
      </trkpt>
      <trkpt lat="48.8447399251163" lon="3.1276199966669083">
        <ele>141.08</ele>
      </trkpt>
      <trkpt lat="48.8447399251163" lon="3.1271787732839584">
        <ele>141.12</ele>
      </trkpt>
      <trkpt lat="48.8447399251163" lon="3.1267399806529284">
        <ele>141.18</ele>
      </trkpt>
      <trkpt lat="48.84488266892731" lon="3.126414343714714">
        <ele>141.18</ele>
      </trkpt>
      <trkpt lat="48.84502541273832" lon="3.1260887067764997">
        <ele>141.13</ele>
      </trkpt>
      <trkpt lat="48.845168240368366" lon="3.1257630698382854">
        <ele>140.98</ele>
      </trkpt>
      <trkpt lat="48.845309978351" lon="3.125439863651991">
        <ele>140.84</ele>
      </trkpt>
      <trkpt lat="48.84537007659674" lon="3.125062258914113">
        <ele>140.73</ele>
      </trkpt>
      <trkpt lat="48.84543025866151" lon="3.124684654176235">
        <ele>140.54</ele>
      </trkpt>
      <trkpt lat="48.84548993781209" lon="3.1243099831044674">
        <ele>140.32</ele>
      </trkpt>
      <trkpt lat="48.84535708464682" lon="3.1239153631031513">
        <ele>140.02</ele>
      </trkpt>
      <trkpt lat="48.845224315300584" lon="3.1235207431018353">
        <ele>139.64</ele>
      </trkpt>
      <trkpt lat="48.84509154595435" lon="3.123126123100519">
        <ele>139.21</ele>
      </trkpt>
      <trkpt lat="48.84495877660811" lon="3.122731503099203">
        <ele>138.81</ele>
      </trkpt>
      <trkpt lat="48.84482592344284" lon="3.122336883097887">
        <ele>138.42</ele>
      </trkpt>
      <trkpt lat="48.8446931540966" lon="3.121942263096571">
        <ele>137.95</ele>
      </trkpt>
      <trkpt lat="48.844560384750366" lon="3.121547643095255">
        <ele>137.42</ele>
      </trkpt>
      <trkpt lat="48.844429878517985" lon="3.1211598962545395">
        <ele>136.91</ele>
      </trkpt>
      <trkpt lat="48.84459516964853" lon="3.1207590736448765">
        <ele>136.44</ele>
      </trkpt>
      <trkpt lat="48.84476046077907" lon="3.120358334854245">
        <ele>135.9</ele>
      </trkpt>
      <trkpt lat="48.844925751909614" lon="3.119957596063614">
        <ele>135.34</ele>
      </trkpt>
      <trkpt lat="48.84508986957371" lon="3.119559958577156">
        <ele>134.78</ele>
      </trkpt>
      <trkpt lat="48.84502130560577" lon="3.119142120704055">
        <ele>134.23</ele>
      </trkpt>
      <trkpt lat="48.84495282545686" lon="3.1187243666499853">
        <ele>133.72</ele>
      </trkpt>
      <trkpt lat="48.844884345307946" lon="3.1183066964149475">
        <ele>133.21</ele>
      </trkpt>
      <trkpt lat="48.844815865159035" lon="3.117888942360878">
        <ele>132.67</ele>
      </trkpt>
      <trkpt lat="48.84474730119109" lon="3.1174711883068085">
        <ele>132.14</ele>
      </trkpt>
      <trkpt lat="48.84467991068959" lon="3.117059888318181">
        <ele>131.68</ele>
      </trkpt>
      <trkpt lat="48.844644790515304" lon="3.1166203413158655">
        <ele>131.22</ele>
      </trkpt>
      <trkpt lat="48.844609670341015" lon="3.1161808781325817">
        <ele>130.81</ele>
      </trkpt>
      <trkpt lat="48.844574550166726" lon="3.115741331130266">
        <ele>130.52</ele>
      </trkpt>
      <trkpt lat="48.84453951381147" lon="3.1153018679469824">
        <ele>130.17</ele>
      </trkpt>
      <trkpt lat="48.84450439363718" lon="3.114862320944667">
        <ele>129.83</ele>
      </trkpt>
      <trkpt lat="48.844469860196114" lon="3.114429982379079">
        <ele>129.65</ele>
      </trkpt>
      <trkpt lat="48.844538759440184" lon="3.114012647420168">
        <ele>129.52</ele>
      </trkpt>
      <trkpt lat="48.844607742503285" lon="3.113595312461257">
        <ele>129.5</ele>
      </trkpt>
      <trkpt lat="48.844676641747355" lon="3.113177977502346">
        <ele>129.49</ele>
      </trkpt>
      <trkpt lat="48.84474562481046" lon="3.112760642543435">
        <ele>129.51</ele>
      </trkpt>
      <trkpt lat="48.84481452405453" lon="3.112343307584524">
        <ele>129.58</ele>
      </trkpt>
      <trkpt lat="48.84488350711763" lon="3.111926056444645">
        <ele>129.78</ele>
      </trkpt>
      <trkpt lat="48.8449524063617" lon="3.111508721485734">
        <ele>130.01</ele>
      </trkpt>
      <trkpt lat="48.84501996450126" lon="3.111099936068058">
        <ele>130.28</ele>
      </trkpt>
      <trkpt lat="48.845175197348" lon="3.110786871984601">
        <ele>130.56</ele>
      </trkpt>
      <trkpt lat="48.845330430194736" lon="3.1104738917201757">
        <ele>130.84</ele>
      </trkpt>
      <trkpt lat="48.845485746860504" lon="3.1101608276367188">
        <ele>131.18</ele>
      </trkpt>
      <trkpt lat="48.84563997387886" lon="3.1098499428480864">
        <ele>131.59</ele>
      </trkpt>
      <trkpt lat="48.84566495195031" lon="3.1094688177108765">
        <ele>132.02</ele>
      </trkpt>
      <trkpt lat="48.84568993002176" lon="3.109089871868491">
        <ele>132.43</ele>
      </trkpt>
      <trkpt lat="48.84564475156367" lon="3.108698856085539">
        <ele>132.76</ele>
      </trkpt>
      <trkpt lat="48.845599656924605" lon="3.1083078403025866">
        <ele>133.13</ele>
      </trkpt>
      <trkpt lat="48.84555456228554" lon="3.1079168245196342">
        <ele>133.56</ele>
      </trkpt>
      <trkpt lat="48.84550997056067" lon="3.1075299996882677">
        <ele>134.03</ele>
      </trkpt>
      <trkpt lat="48.84532623924315" lon="3.1071592681109905">
        <ele>134.46</ele>
      </trkpt>
      <trkpt lat="48.84514259174466" lon="3.106788620352745">
        <ele>134.85</ele>
      </trkpt>
      <trkpt lat="48.84495995007455" lon="3.106419900432229">
        <ele>135.22</ele>
      </trkpt>
      <trkpt lat="48.84493731893599" lon="3.105999967083335">
        <ele>135.64</ele>
      </trkpt>
      <trkpt lat="48.84491477161646" lon="3.105580033734441">
        <ele>136.02</ele>
      </trkpt>
      <trkpt lat="48.84489222429693" lon="3.1051601842045784">
        <ele>136.39</ele>
      </trkpt>
      <trkpt lat="48.844869676977396" lon="3.104740334674716">
        <ele>136.78</ele>
      </trkpt>
      <trkpt lat="48.844847129657865" lon="3.104320401325822">
        <ele>137.12</ele>
      </trkpt>
      <trkpt lat="48.84482458233833" lon="3.1039005517959595">
        <ele>137.51</ele>
      </trkpt>
      <trkpt lat="48.8448020350188" lon="3.1034806184470654">
        <ele>137.82</ele>
      </trkpt>
      <trkpt lat="48.84477999061346" lon="3.10306990519166">
        <ele>138.08</ele>
      </trkpt>
      <trkpt lat="48.84459718130529" lon="3.102759439498186">
        <ele>138.29</ele>
      </trkpt>
      <trkpt lat="48.84441437199712" lon="3.1024489738047123">
        <ele>138.47</ele>
      </trkpt>
      <trkpt lat="48.84423156268895" lon="3.1021385081112385">
        <ele>138.59</ele>
      </trkpt>
      <trkpt lat="48.84404984302819" lon="3.1018298864364624">
        <ele>138.72</ele>
      </trkpt>
      <trkpt lat="48.84397566318512" lon="3.101367624476552">
        <ele>138.87</ele>
      </trkpt>
      <trkpt lat="48.84390148334205" lon="3.1009054463356733">
        <ele>138.95</ele>
      </trkpt>
      <trkpt lat="48.84382730349898" lon="3.1004432681947947">
        <ele>139.07</ele>
      </trkpt>
      <trkpt lat="48.843753123655915" lon="3.099981090053916">
        <ele>139.09</ele>
      </trkpt>
      <trkpt lat="48.84367894381285" lon="3.0995189119130373">
        <ele>139.08</ele>
      </trkpt>
      <trkpt lat="48.84360476396978" lon="3.099056649953127">
        <ele>139.1</ele>
      </trkpt>
      <trkpt lat="48.84353058412671" lon="3.0985944718122482">
        <ele>139.16</ele>
      </trkpt>
      <trkpt lat="48.84345640428364" lon="3.0981322936713696">
        <ele>139.07</ele>
      </trkpt>
      <trkpt lat="48.843382224440575" lon="3.097670115530491">
        <ele>138.91</ele>
      </trkpt>
      <trkpt lat="48.843309888616204" lon="3.0972199235111475">
        <ele>138.79</ele>
      </trkpt>
      <trkpt lat="48.84326973930001" lon="3.096841312944889">
        <ele>138.65</ele>
      </trkpt>
      <trkpt lat="48.84322967380285" lon="3.0964627861976624">
        <ele>138.47</ele>
      </trkpt>
      <trkpt lat="48.84318960830569" lon="3.0960842594504356">
        <ele>138.19</ele>
      </trkpt>
      <trkpt lat="48.84314996190369" lon="3.095709839835763">
        <ele>137.87</ele>
      </trkpt>
      <trkpt lat="48.843258172273636" lon="3.09529485180974">
        <ele>137.48</ele>
      </trkpt>
      <trkpt lat="48.84336638264358" lon="3.094879863783717">
        <ele>137.05</ele>
      </trkpt>
      <trkpt lat="48.84347467683256" lon="3.0944648757576942">
        <ele>136.6</ele>
      </trkpt>
      <trkpt lat="48.8435828872025" lon="3.094049971550703">
        <ele>136.15</ele>
      </trkpt>
      <trkpt lat="48.843689924106" lon="3.0936398450285196">
        <ele>135.66</ele>
      </trkpt>
      <trkpt lat="48.84359219111502" lon="3.093226281926036">
        <ele>135.16</ele>
      </trkpt>
      <trkpt lat="48.84349445812404" lon="3.092812802642584">
        <ele>134.6</ele>
      </trkpt>
      <trkpt lat="48.84339672513306" lon="3.092399323359132">
        <ele>133.95</ele>
      </trkpt>
      <trkpt lat="48.84329899214208" lon="3.09198584407568">
        <ele>133.34</ele>
      </trkpt>
      <trkpt lat="48.8432012591511" lon="3.0915723647922277">
        <ele>132.67</ele>
      </trkpt>
      <trkpt lat="48.84310352616012" lon="3.0911588855087757">
        <ele>131.97</ele>
      </trkpt>
      <trkpt lat="48.84300579316914" lon="3.0907454062253237">
        <ele>131.27</ele>
      </trkpt>
      <trkpt lat="48.84290998801589" lon="3.0903399735689163">
        <ele>130.66</ele>
      </trkpt>
      <trkpt lat="48.84299347177148" lon="3.08995901606977">
        <ele>130.02</ele>
      </trkpt>
      <trkpt lat="48.84307695552707" lon="3.0895780585706234">
        <ele>129.36</ele>
      </trkpt>
      <trkpt lat="48.843159936368465" lon="3.0891999509185553">
        <ele>128.74</ele>
      </trkpt>
      <trkpt lat="48.84331022389233" lon="3.088814551010728">
        <ele>128.33</ele>
      </trkpt>
      <trkpt lat="48.8434605114162" lon="3.088429234921932">
        <ele>127.98</ele>
      </trkpt>
      <trkpt lat="48.84361079894006" lon="3.088043835014105">
        <ele>127.56</ele>
      </trkpt>
      <trkpt lat="48.84376108646393" lon="3.0876584351062775">
        <ele>127.08</ele>
      </trkpt>
      <trkpt lat="48.843911373987794" lon="3.087273119017482">
        <ele>126.68</ele>
      </trkpt>
      <trkpt lat="48.84406166151166" lon="3.0868877191096544">
        <ele>126.35</ele>
      </trkpt>
      <trkpt lat="48.84421203285456" lon="3.0865024030208588">
        <ele>125.97</ele>
      </trkpt>
      <trkpt lat="48.84436232037842" lon="3.0861170031130314">
        <ele>125.68</ele>
      </trkpt>
      <trkpt lat="48.84451260790229" lon="3.0857316870242357">
        <ele>125.52</ele>
      </trkpt>
      <trkpt lat="48.844662895426154" lon="3.0853462871164083">
        <ele>125.39</ele>
      </trkpt>
      <trkpt lat="48.84481318295002" lon="3.084960887208581">
        <ele>125.29</ele>
      </trkpt>
      <trkpt lat="48.844963470473886" lon="3.0845755711197853">
        <ele>125.2</ele>
      </trkpt>
      <trkpt lat="48.84510990232229" lon="3.0841999780386686">
        <ele>125.08</ele>
      </trkpt>
      <trkpt lat="48.84518223814666" lon="3.0837509594857693">
        <ele>124.98</ele>
      </trkpt>
      <trkpt lat="48.845254657790065" lon="3.0833020247519016">
        <ele>124.9</ele>
      </trkpt>
      <trkpt lat="48.84532707743347" lon="3.082853090018034">
        <ele>124.94</ele>
      </trkpt>
      <trkpt lat="48.84539949707687" lon="3.0824041552841663">
        <ele>124.97</ele>
      </trkpt>
      <trkpt lat="48.84547191672027" lon="3.0819552205502987">
        <ele>124.95</ele>
      </trkpt>
      <trkpt lat="48.84554433636367" lon="3.081506285816431">
        <ele>124.96</ele>
      </trkpt>
      <trkpt lat="48.845616672188044" lon="3.0810573510825634">
        <ele>125.1</ele>
      </trkpt>
      <trkpt lat="48.845689091831446" lon="3.0806084163486958">
        <ele>125.24</ele>
      </trkpt>
      <trkpt lat="48.84575983509421" lon="3.080169875174761">
        <ele>125.37</ele>
      </trkpt>
      <trkpt lat="48.84603191167116" lon="3.0799797736108303">
        <ele>125.53</ele>
      </trkpt>
      <trkpt lat="48.84630398824811" lon="3.0797896720469">
        <ele>125.74</ele>
      </trkpt>
      <trkpt lat="48.84657614864409" lon="3.079599654302001">
        <ele>126.0</ele>
      </trkpt>
      <trkpt lat="48.84684822522104" lon="3.0794095527380705">
        <ele>126.32</ele>
      </trkpt>
      <trkpt lat="48.84711996652186" lon="3.0792198702692986">
        <ele>126.68</ele>
      </trkpt>
      <trkpt lat="48.84739321656525" lon="3.079173183068633">
        <ele>127.04</ele>
      </trkpt>
      <trkpt lat="48.84766646660864" lon="3.0791265796869993">
        <ele>127.48</ele>
      </trkpt>
      <trkpt lat="48.8479398842901" lon="3.0790799763053656">
        <ele>127.94</ele>
      </trkpt>
      <trkpt lat="48.848161082714796" lon="3.078808654099703">
        <ele>128.27</ele>
      </trkpt>
      <trkpt lat="48.84838228113949" lon="3.078537415713072">
        <ele>128.6</ele>
      </trkpt>
      <trkpt lat="48.84860347956419" lon="3.078266177326441">
        <ele>128.94</ele>
      </trkpt>
      <trkpt lat="48.84882467798889" lon="3.077994855120778">
        <ele>129.33</ele>
      </trkpt>
      <trkpt lat="48.849045876413584" lon="3.077723616734147">
        <ele>129.73</ele>
      </trkpt>
      <trkpt lat="48.84926715865731" lon="3.0774522945284843">
        <ele>130.16</ele>
      </trkpt>
      <trkpt lat="48.84948835708201" lon="3.0771810561418533">
        <ele>130.6</ele>
      </trkpt>
      <trkpt lat="48.849709555506706" lon="3.0769098177552223">
        <ele>131.13</ele>
      </trkpt>
      <trkpt lat="48.8499307539314" lon="3.0766384955495596">
        <ele>131.69</ele>
      </trkpt>
      <trkpt lat="48.85014985688031" lon="3.0763698555529118">
        <ele>132.23</ele>
      </trkpt>
      <trkpt lat="48.85035261511803" lon="3.076039357110858">
        <ele>132.65</ele>
      </trkpt>
      <trkpt lat="48.850555373355746" lon="3.075708942487836">
        <ele>133.08</ele>
      </trkpt>
      <trkpt lat="48.8507582154125" lon="3.075378527864814">
        <ele>133.55</ele>
      </trkpt>
      <trkpt lat="48.850959884002805" lon="3.0750499572604895">
        <ele>133.95</ele>
      </trkpt>
      <trkpt lat="48.85092979297042" lon="3.0745811574161053">
        <ele>134.4</ele>
      </trkpt>
      <trkpt lat="48.85089970193803" lon="3.074112357571721">
        <ele>134.92</ele>
      </trkpt>
      <trkpt lat="48.85086961090565" lon="3.0736436415463686">
        <ele>135.39</ele>
      </trkpt>
      <trkpt lat="48.85083985514939" lon="3.073179954662919">
        <ele>135.81</ele>
      </trkpt>
      <trkpt lat="48.85086793452501" lon="3.0727828200906515">
        <ele>136.28</ele>
      </trkpt>
      <trkpt lat="48.85089601390064" lon="3.0723857693374157">
        <ele>136.73</ele>
      </trkpt>
      <trkpt lat="48.85092409327626" lon="3.07198871858418">
        <ele>137.13</ele>
      </trkpt>
      <trkpt lat="48.85095217265189" lon="3.071591667830944">
        <ele>137.51</ele>
      </trkpt>
      <trkpt lat="48.850979916751385" lon="3.071199981495738">
        <ele>137.89</ele>
      </trkpt>
      <trkpt lat="48.85092602111399" lon="3.0707575008273125">
        <ele>138.25</ele>
      </trkpt>
      <trkpt lat="48.8508721254766" lon="3.0703151039779186">
        <ele>138.64</ele>
      </trkpt>
      <trkpt lat="48.850818229839206" lon="3.069872623309493">
        <ele>138.97</ele>
      </trkpt>
      <trkpt lat="48.85076433420181" lon="3.069430226460099">
        <ele>139.34</ele>
      </trkpt>
      <trkpt lat="48.85071043856442" lon="3.0689877457916737">
        <ele>139.66</ele>
      </trkpt>
      <trkpt lat="48.85065654292703" lon="3.06854534894228">
        <ele>139.95</ele>
      </trkpt>
      <trkpt lat="48.850602647289634" lon="3.0681028682738543">
        <ele>140.18</ele>
      </trkpt>
      <trkpt lat="48.850549925118685" lon="3.0676698591560125">
        <ele>140.44</ele>
      </trkpt>
      <trkpt lat="48.85056534782052" lon="3.0672295577824116">
        <ele>140.65</ele>
      </trkpt>
      <trkpt lat="48.85058085434139" lon="3.0667892564088106">
        <ele>140.85</ele>
      </trkpt>
      <trkpt lat="48.850596360862255" lon="3.0663489550352097">
        <ele>141.13</ele>
      </trkpt>
      <trkpt lat="48.85061186738312" lon="3.0659086536616087">
        <ele>141.36</ele>
      </trkpt>
      <trkpt lat="48.85062737390399" lon="3.0654684361070395">
        <ele>141.48</ele>
      </trkpt>
      <trkpt lat="48.85064288042486" lon="3.0650281347334385">
        <ele>141.54</ele>
      </trkpt>
      <trkpt lat="48.850658386945724" lon="3.0645878333598375">
        <ele>141.59</ele>
      </trkpt>
      <trkpt lat="48.85067389346659" lon="3.0641475319862366">
        <ele>141.69</ele>
      </trkpt>
      <trkpt lat="48.85068939998746" lon="3.0637073144316673">
        <ele>141.86</ele>
      </trkpt>
      <trkpt lat="48.85070490650833" lon="3.0632670130580664">
        <ele>141.93</ele>
      </trkpt>
      <trkpt lat="48.850719910115004" lon="3.0628399550914764">
        <ele>142.05</ele>
      </trkpt>
      <trkpt lat="48.85065637528896" lon="3.0624205246567726">
        <ele>142.11</ele>
      </trkpt>
      <trkpt lat="48.85059284046292" lon="3.062001094222069">
        <ele>142.12</ele>
      </trkpt>
      <trkpt lat="48.850529389455914" lon="3.061581663787365">
        <ele>142.11</ele>
      </trkpt>
      <trkpt lat="48.850465854629874" lon="3.061162233352661">
        <ele>142.14</ele>
      </trkpt>
      <trkpt lat="48.850402403622866" lon="3.0607428029179573">
        <ele>142.12</ele>
      </trkpt>
      <trkpt lat="48.850339874625206" lon="3.060329994186759">
        <ele>142.08</ele>
      </trkpt>
      <trkpt lat="48.85040500201285" lon="3.0599539820104837">
        <ele>142.03</ele>
      </trkpt>
      <trkpt lat="48.8504698779434" lon="3.0595799814909697">
        <ele>141.94</ele>
      </trkpt>
      <trkpt lat="48.850606083869934" lon="3.0592291988432407">
        <ele>141.91</ele>
      </trkpt>
      <trkpt lat="48.8507423736155" lon="3.0588785000145435">
        <ele>141.86</ele>
      </trkpt>
      <trkpt lat="48.85087866336107" lon="3.0585278011858463">
        <ele>141.79</ele>
      </trkpt>
      <trkpt lat="48.85101495310664" lon="3.0581770185381174">
        <ele>141.75</ele>
      </trkpt>
      <trkpt lat="48.8511499017477" lon="3.0578298401087523">
        <ele>141.79</ele>
      </trkpt>
      <trkpt lat="48.85122005827725" lon="3.0574200488626957">
        <ele>141.8</ele>
      </trkpt>
      <trkpt lat="48.851290214806795" lon="3.057010257616639">
        <ele>141.74</ele>
      </trkpt>
      <trkpt lat="48.85136037133634" lon="3.0566004663705826">
        <ele>141.67</ele>
      </trkpt>
      <trkpt lat="48.85143061168492" lon="3.056190675124526">
        <ele>141.65</ele>
      </trkpt>
      <trkpt lat="48.851500768214464" lon="3.0557808838784695">
        <ele>141.63</ele>
      </trkpt>
      <trkpt lat="48.85157092474401" lon="3.055371092632413">
        <ele>141.61</ele>
      </trkpt>
      <trkpt lat="48.85164116509259" lon="3.0549613013863564">
        <ele>141.6</ele>
      </trkpt>
      <trkpt lat="48.851709896698594" lon="3.0545598920434713">
        <ele>141.7</ele>
      </trkpt>
      <trkpt lat="48.85183126665652" lon="3.0541522800922394">
        <ele>141.76</ele>
      </trkpt>
      <trkpt lat="48.85195263661444" lon="3.053744751960039">
        <ele>141.81</ele>
      </trkpt>
      <trkpt lat="48.852074006572366" lon="3.053337140008807">
        <ele>141.86</ele>
      </trkpt>
      <trkpt lat="48.85219546034932" lon="3.052929611876607">
        <ele>141.92</ele>
      </trkpt>
      <trkpt lat="48.852316830307245" lon="3.052521999925375">
        <ele>142.04</ele>
      </trkpt>
      <trkpt lat="48.85243820026517" lon="3.0521144717931747">
        <ele>142.15</ele>
      </trkpt>
      <trkpt lat="48.852559654042125" lon="3.051706859841943">
        <ele>142.28</ele>
      </trkpt>
      <trkpt lat="48.85268102400005" lon="3.0512993317097425">
        <ele>142.44</ele>
      </trkpt>
      <trkpt lat="48.85279996320605" lon="3.0508999340236187">
        <ele>142.62</ele>
      </trkpt>
      <trkpt lat="48.85285000316799" lon="3.050428619608283">
        <ele>142.8</ele>
      </trkpt>
      <trkpt lat="48.85290012694895" lon="3.049957389011979">
        <ele>142.95</ele>
      </trkpt>
      <trkpt lat="48.85295025072992" lon="3.0494860745966434">
        <ele>143.09</ele>
      </trkpt>
      <trkpt lat="48.852999871596694" lon="3.0490198731422424">
        <ele>143.29</ele>
      </trkpt>
      <trkpt lat="48.85300884023309" lon="3.048560544848442">
        <ele>143.47</ele>
      </trkpt>
      <trkpt lat="48.85301789268851" lon="3.0481013003736734">
        <ele>143.69</ele>
      </trkpt>
      <trkpt lat="48.85302694514394" lon="3.047642055898905">
        <ele>143.89</ele>
      </trkpt>
      <trkpt lat="48.85303599759936" lon="3.047182811424136">
        <ele>144.02</ele>
      </trkpt>
      <trkpt lat="48.85304505005479" lon="3.0467235669493675">
        <ele>144.15</ele>
      </trkpt>
      <trkpt lat="48.853054102510214" lon="3.046264322474599">
        <ele>144.36</ele>
      </trkpt>
      <trkpt lat="48.85306315496564" lon="3.0458049941807985">
        <ele>144.57</ele>
      </trkpt>
      <trkpt lat="48.853072207421064" lon="3.04534574970603">
        <ele>144.72</ele>
      </trkpt>
      <trkpt lat="48.85308125987649" lon="3.0448865052312613">
        <ele>144.82</ele>
      </trkpt>
      <trkpt lat="48.85308997705579" lon="3.04443983361125">
        <ele>144.97</ele>
      </trkpt>
      <trkpt lat="48.85319014079869" lon="3.0440639052540064">
        <ele>145.11</ele>
      </trkpt>
      <trkpt lat="48.85329038836062" lon="3.0436880607157946">
        <ele>145.21</ele>
      </trkpt>
      <trkpt lat="48.85339055210352" lon="3.0433122161775827">
        <ele>145.3</ele>
      </trkpt>
      <trkpt lat="48.8534898776561" lon="3.042939892038703">
        <ele>145.43</ele>
      </trkpt>
      <trkpt lat="48.85367511771619" lon="3.0425591859966516">
        <ele>145.53</ele>
      </trkpt>
      <trkpt lat="48.853859854862094" lon="3.0421799048781395">
        <ele>145.53</ele>
      </trkpt>
      <trkpt lat="48.85415045544505" lon="3.042280487716198">
        <ele>145.57</ele>
      </trkpt>
      <trkpt lat="48.85444113984704" lon="3.042381154373288">
        <ele>145.56</ele>
      </trkpt>
      <trkpt lat="48.85473182424903" lon="3.0424818210303783">
        <ele>145.55</ele>
      </trkpt>
      <trkpt lat="48.85502250865102" lon="3.0425824876874685">
        <ele>145.56</ele>
      </trkpt>
      <trkpt lat="48.855313109233975" lon="3.0426831543445587">
        <ele>145.55</ele>
      </trkpt>
      <trkpt lat="48.855603793635964" lon="3.042783821001649">
        <ele>145.53</ele>
      </trkpt>
      <trkpt lat="48.85589447803795" lon="3.042884487658739">
        <ele>145.47</ele>
      </trkpt>
      <trkpt lat="48.85618516243994" lon="3.0429851543158293">
        <ele>145.44</ele>
      </trkpt>
      <trkpt lat="48.8564757630229" lon="3.0430858209729195">
        <ele>145.42</ele>
      </trkpt>
      <trkpt lat="48.85676644742489" lon="3.043186403810978">
        <ele>145.39</ele>
      </trkpt>
      <trkpt lat="48.85705713182688" lon="3.043287070468068">
        <ele>145.36</ele>
      </trkpt>
      <trkpt lat="48.85734781622887" lon="3.0433877371251583">
        <ele>145.31</ele>
      </trkpt>
      <trkpt lat="48.857638416811824" lon="3.0434884037822485">
        <ele>145.27</ele>
      </trkpt>
      <trkpt lat="48.85792910121381" lon="3.0435890704393387">
        <ele>145.27</ele>
      </trkpt>
      <trkpt lat="48.858219953253865" lon="3.0436899047344923">
        <ele>145.31</ele>
      </trkpt>
      <trkpt lat="48.85852354578674" lon="3.0436840374022722">
        <ele>145.29</ele>
      </trkpt>
      <trkpt lat="48.85882713831961" lon="3.043678253889084">
        <ele>145.28</ele>
      </trkpt>
      <trkpt lat="48.859130814671516" lon="3.0436724703758955">
        <ele>145.27</ele>
      </trkpt>
      <trkpt lat="48.85943440720439" lon="3.043666686862707">
        <ele>145.32</ele>
      </trkpt>
      <trkpt lat="48.859738083556294" lon="3.0436609033495188">
        <ele>145.36</ele>
      </trkpt>
      <trkpt lat="48.86004167608917" lon="3.0436551198363304">
        <ele>145.39</ele>
      </trkpt>
      <trkpt lat="48.86034526862204" lon="3.043649336323142">
        <ele>145.47</ele>
      </trkpt>
      <trkpt lat="48.860648944973946" lon="3.0436435528099537">
        <ele>145.51</ele>
      </trkpt>
      <trkpt lat="48.86095253750682" lon="3.0436377692967653">
        <ele>145.59</ele>
      </trkpt>
      <trkpt lat="48.861256213858724" lon="3.043631985783577">
        <ele>145.72</ele>
      </trkpt>
      <trkpt lat="48.8615598063916" lon="3.0436262022703886">
        <ele>145.83</ele>
      </trkpt>
      <trkpt lat="48.8618634827435" lon="3.0436203349381685">
        <ele>145.93</ele>
      </trkpt>
      <trkpt lat="48.862167075276375" lon="3.04361455142498">
        <ele>146.08</ele>
      </trkpt>
      <trkpt lat="48.86247066780925" lon="3.043608767911792">
        <ele>146.25</ele>
      </trkpt>
      <trkpt lat="48.86277434416115" lon="3.0436029843986034">
        <ele>146.4</ele>
      </trkpt>
      <trkpt lat="48.863077936694026" lon="3.043597200885415">
        <ele>146.43</ele>
      </trkpt>
      <trkpt lat="48.86338161304593" lon="3.0435914173722267">
        <ele>146.53</ele>
      </trkpt>
      <trkpt lat="48.863685205578804" lon="3.0435856338590384">
        <ele>146.66</ele>
      </trkpt>
      <trkpt lat="48.86398988775909" lon="3.04357985034585">
        <ele>146.8</ele>
      </trkpt>
      <trkpt lat="48.86429230682552" lon="3.043489409610629">
        <ele>146.95</ele>
      </trkpt>
      <trkpt lat="48.86459480971098" lon="3.04339905269444">
        <ele>147.16</ele>
      </trkpt>
      <trkpt lat="48.86489731259644" lon="3.043308611959219">
        <ele>147.33</ele>
      </trkpt>
      <trkpt lat="48.86519973166287" lon="3.04321825504303">
        <ele>147.53</ele>
      </trkpt>
      <trkpt lat="48.86550223454833" lon="3.043127814307809">
        <ele>147.71</ele>
      </trkpt>
      <trkpt lat="48.86580473743379" lon="3.043037373572588">
        <ele>147.81</ele>
      </trkpt>
      <trkpt lat="48.86610724031925" lon="3.0429470166563988">
        <ele>147.95</ele>
      </trkpt>
      <trkpt lat="48.86640965938568" lon="3.042856575921178">
        <ele>148.09</ele>
      </trkpt>
      <trkpt lat="48.86671216227114" lon="3.0427662190049887">
        <ele>148.23</ele>
      </trkpt>
      <trkpt lat="48.866795897483826" lon="3.042741073295474">
        <ele>148.36</ele>
      </trkpt>
      <trkpt lat="48.86679749004543" lon="3.0427406542003155">
        <ele>148.5</ele>
      </trkpt>
      <trkpt lat="48.86699312366545" lon="3.042682148516178">
        <ele>148.6</ele>
      </trkpt>
      <trkpt lat="48.866993291303515" lon="3.042682148516178">
        <ele>148.73</ele>
      </trkpt>
      <trkpt lat="48.866993291303515" lon="3.0426820646971464">
        <ele>148.86</ele>
      </trkpt>
      <trkpt lat="48.86699345894158" lon="3.0426819808781147">
        <ele>148.99</ele>
      </trkpt>
      <trkpt lat="48.8670146651566" lon="3.0426757782697678">
        <ele>149.12</ele>
      </trkpt>
      <trkpt lat="48.867015251889825" lon="3.0426755268126726">
        <ele>149.25</ele>
      </trkpt>
      <trkpt lat="48.86701550334692" lon="3.042675442993641">
        <ele>149.38</ele>
      </trkpt>
      <trkpt lat="48.86701592244208" lon="3.042675359174609">
        <ele>149.51</ele>
      </trkpt>
      <trkpt lat="48.86730719357729" lon="3.0425244010984898">
        <ele>149.65</ele>
      </trkpt>
      <trkpt lat="48.867606511339545" lon="3.0424369778484106">
        <ele>149.81</ele>
      </trkpt>
      <trkpt lat="48.86790591292083" lon="3.0423494707792997">
        <ele>150.02</ele>
      </trkpt>
      <trkpt lat="48.86820523068309" lon="3.0422620475292206">
        <ele>150.14</ele>
      </trkpt>
      <trkpt lat="48.868504632264376" lon="3.0421745404601097">
        <ele>150.21</ele>
      </trkpt>
      <trkpt lat="48.86880395002663" lon="3.0420871172100306">
        <ele>150.3</ele>
      </trkpt>
      <trkpt lat="48.86910335160792" lon="3.0419996939599514">
        <ele>150.45</ele>
      </trkpt>
      <trkpt lat="48.869402669370174" lon="3.0419121868908405">
        <ele>150.58</ele>
      </trkpt>
      <trkpt lat="48.86970207095146" lon="3.0418247636407614">
        <ele>150.64</ele>
      </trkpt>
      <trkpt lat="48.87000138871372" lon="3.0417372565716505">
        <ele>150.73</ele>
      </trkpt>
      <trkpt lat="48.87030070647597" lon="3.0416498333215714">
        <ele>150.8</ele>
      </trkpt>
      <trkpt lat="48.87060010805726" lon="3.0415623262524605">
        <ele>150.94</ele>
      </trkpt>
      <trkpt lat="48.87089976109564" lon="3.0414748191833496">
        <ele>151.01</ele>
      </trkpt>
      <trkpt lat="48.8711678981781" lon="3.041367447003722">
        <ele>151.08</ele>
      </trkpt>
      <trkpt lat="48.87143611907959" lon="3.041260242462158">
        <ele>151.18</ele>
      </trkpt>
      <trkpt lat="48.87170006521046" lon="3.0410884972661734">
        <ele>151.22</ele>
      </trkpt>
      <trkpt lat="48.871964095160365" lon="3.0409168358892202">
        <ele>151.24</ele>
      </trkpt>
      <trkpt lat="48.87222812511027" lon="3.0407450906932354">
        <ele>151.27</ele>
      </trkpt>
      <trkpt lat="48.87249215506017" lon="3.0405734293162823">
        <ele>151.32</ele>
      </trkpt>
      <trkpt lat="48.872756101191044" lon="3.0404016841202974">
        <ele>151.32</ele>
      </trkpt>
      <trkpt lat="48.87302013114095" lon="3.0402300227433443">
        <ele>151.34</ele>
      </trkpt>
      <trkpt lat="48.87328416109085" lon="3.0400582775473595">
        <ele>151.38</ele>
      </trkpt>
      <trkpt lat="48.873548191040754" lon="3.0398865323513746">
        <ele>151.38</ele>
      </trkpt>
      <trkpt lat="48.87381222099066" lon="3.0397148709744215">
        <ele>151.34</ele>
      </trkpt>
      <trkpt lat="48.874075496569276" lon="3.039543628692627">
        <ele>151.33</ele>
      </trkpt>
      <trkpt lat="48.874311530962586" lon="3.039404070004821">
        <ele>151.38</ele>
      </trkpt>
      <trkpt lat="48.8745475653559" lon="3.039264678955078">
        <ele>151.35</ele>
      </trkpt>
      <trkpt lat="48.874547481536865" lon="3.039264678955078">
        <ele>151.31</ele>
      </trkpt>
      <trkpt lat="48.8748168759048" lon="3.0391120444983244">
        <ele>151.23</ele>
      </trkpt>
      <trkpt lat="48.87508635409176" lon="3.0389594100415707">
        <ele>151.16</ele>
      </trkpt>
      <trkpt lat="48.87535583227873" lon="3.038806775584817">
        <ele>151.11</ele>
      </trkpt>
      <trkpt lat="48.87562531046569" lon="3.038654224947095">
        <ele>151.07</ele>
      </trkpt>
      <trkpt lat="48.87589478865266" lon="3.038501590490341">
        <ele>150.95</ele>
      </trkpt>
      <trkpt lat="48.87616418302059" lon="3.0383489560335875">
        <ele>150.92</ele>
      </trkpt>
      <trkpt lat="48.87643366120756" lon="3.0381963215768337">
        <ele>150.96</ele>
      </trkpt>
      <trkpt lat="48.87670313939452" lon="3.0380437709391117">
        <ele>150.92</ele>
      </trkpt>
      <trkpt lat="48.87697219848633" lon="3.037891387939453">
        <ele>150.85</ele>
      </trkpt>
      <trkpt lat="48.876864574849606" lon="3.0374683532863855">
        <ele>150.86</ele>
      </trkpt>
      <trkpt lat="48.876757035031915" lon="3.037045318633318">
        <ele>150.86</ele>
      </trkpt>
      <trkpt lat="48.87665033340454" lon="3.036625385284424">
        <ele>150.83</ele>
      </trkpt>
      <trkpt lat="48.876549918204546" lon="3.0361778754740953">
        <ele>150.85</ele>
      </trkpt>
      <trkpt lat="48.87644958682358" lon="3.0357304494827986">
        <ele>150.89</ele>
      </trkpt>
      <trkpt lat="48.87634917162359" lon="3.035283023491502">
        <ele>150.96</ele>
      </trkpt>
      <trkpt lat="48.876248840242624" lon="3.0348356813192368">
        <ele>151.01</ele>
      </trkpt>
      <trkpt lat="48.87614850886166" lon="3.03438825532794">
        <ele>151.08</ele>
      </trkpt>
      <trkpt lat="48.876048093661666" lon="3.033940829336643">
        <ele>151.14</ele>
      </trkpt>
      <trkpt lat="48.8759477622807" lon="3.0334934033453465">
        <ele>151.22</ele>
      </trkpt>
      <trkpt lat="48.87584734708071" lon="3.0330459773540497">
        <ele>151.29</ele>
      </trkpt>
      <trkpt lat="48.875747015699744" lon="3.032598551362753">
        <ele>151.37</ele>
      </trkpt>
      <trkpt lat="48.87564668431878" lon="3.032151125371456">
        <ele>151.48</ele>
      </trkpt>
      <trkpt lat="48.875546269118786" lon="3.0317036993801594">
        <ele>151.55</ele>
      </trkpt>
      <trkpt lat="48.87544593773782" lon="3.0312562733888626">
        <ele>151.63</ele>
      </trkpt>
      <trkpt lat="48.87534552253783" lon="3.030808847397566">
        <ele>151.67</ele>
      </trkpt>
      <trkpt lat="48.875245191156864" lon="3.030361421406269">
        <ele>151.69</ele>
      </trkpt>
      <trkpt lat="48.87514838017523" lon="3.029930591583252">
        <ele>151.81</ele>
      </trkpt>
      <trkpt lat="48.8750586938113" lon="3.029518285766244">
        <ele>151.98</ele>
      </trkpt>
      <trkpt lat="48.874969091266394" lon="3.029105979949236">
        <ele>152.04</ele>
      </trkpt>
      <trkpt lat="48.87487948872149" lon="3.028693674132228">
        <ele>152.06</ele>
      </trkpt>
      <trkpt lat="48.874789886176586" lon="3.02828136831522">
        <ele>152.07</ele>
      </trkpt>
      <trkpt lat="48.87470019981265" lon="3.0278691463172436">
        <ele>152.09</ele>
      </trkpt>
      <trkpt lat="48.874611938372254" lon="3.027462959289551">
        <ele>152.09</ele>
      </trkpt>
      <trkpt lat="48.874708665534854" lon="3.027049982920289">
        <ele>152.11</ele>
      </trkpt>
      <trkpt lat="48.874805476516485" lon="3.0266370065510273">
        <ele>152.12</ele>
      </trkpt>
      <trkpt lat="48.87490228749812" lon="3.0262240301817656">
        <ele>152.11</ele>
      </trkpt>
      <trkpt lat="48.87499909847975" lon="3.025811053812504">
        <ele>152.1</ele>
      </trkpt>
      <trkpt lat="48.87509590946138" lon="3.025398077443242">
        <ele>152.13</ele>
      </trkpt>
      <trkpt lat="48.87519272044301" lon="3.0249851010739803">
        <ele>152.1</ele>
      </trkpt>
      <trkpt lat="48.87528944760561" lon="3.0245721247047186">
        <ele>152.06</ele>
      </trkpt>
      <trkpt lat="48.87538625858724" lon="3.024159148335457">
        <ele>152.03</ele>
      </trkpt>
      <trkpt lat="48.87548306956887" lon="3.023746171966195">
        <ele>152.01</ele>
      </trkpt>
      <trkpt lat="48.875577533617616" lon="3.023343086242676">
        <ele>151.92</ele>
      </trkpt>
      <trkpt lat="48.875677194446325" lon="3.022926589474082">
        <ele>151.84</ele>
      </trkpt>
      <trkpt lat="48.87577693909407" lon="3.022510092705488">
        <ele>151.76</ele>
      </trkpt>
      <trkpt lat="48.87587668374181" lon="3.0220935959368944">
        <ele>151.64</ele>
      </trkpt>
      <trkpt lat="48.87597642838955" lon="3.0216770991683006">
        <ele>151.58</ele>
      </trkpt>
      <trkpt lat="48.87607617303729" lon="3.021260602399707">
        <ele>151.52</ele>
      </trkpt>
      <trkpt lat="48.87617591768503" lon="3.020844105631113">
        <ele>151.5</ele>
      </trkpt>
      <trkpt lat="48.87627557851374" lon="3.0204276088625193">
        <ele>151.42</ele>
      </trkpt>
      <trkpt lat="48.87637532316148" lon="3.0200111120939255">
        <ele>151.39</ele>
      </trkpt>
      <trkpt lat="48.876475067809224" lon="3.0195946153253317">
        <ele>151.36</ele>
      </trkpt>
      <trkpt lat="48.876574812456965" lon="3.019178118556738">
        <ele>151.35</ele>
      </trkpt>
      <trkpt lat="48.87667187489569" lon="3.018772602081299">
        <ele>151.32</ele>
      </trkpt>
      <trkpt lat="48.87674354016781" lon="3.0184714403003454">
        <ele>151.23</ele>
      </trkpt>
      <trkpt lat="48.876815205439925" lon="3.018170278519392">
        <ele>151.2</ele>
      </trkpt>
      <trkpt lat="48.87688645161688" lon="3.017871379852295">
        <ele>151.17</ele>
      </trkpt>
      <trkpt lat="48.876907909289" lon="3.0177855491638184">
        <ele>151.14</ele>
      </trkpt>
      <trkpt lat="48.877051239833236" lon="3.01736980676651">
        <ele>151.17</ele>
      </trkpt>
      <trkpt lat="48.87719457037747" lon="3.0169540643692017">
        <ele>151.17</ele>
      </trkpt>
      <trkpt lat="48.877337062731385" lon="3.016541004180908">
        <ele>151.23</ele>
      </trkpt>
      <trkpt lat="48.87737997807562" lon="3.0164551734924316">
        <ele>151.22</ele>
      </trkpt>
      <trkpt lat="48.87737989425659" lon="3.0164551734924316">
        <ele>151.21</ele>
      </trkpt>
      <trkpt lat="48.87752498500049" lon="3.016046555712819">
        <ele>151.17</ele>
      </trkpt>
      <trkpt lat="48.87767015956342" lon="3.0156380217522383">
        <ele>151.12</ele>
      </trkpt>
      <trkpt lat="48.87781525030732" lon="3.0152294877916574">
        <ele>151.11</ele>
      </trkpt>
      <trkpt lat="48.87795925140381" lon="3.014824390411377">
        <ele>151.21</ele>
      </trkpt>
      <trkpt lat="48.878045082092285" lon="3.014395236968994">
        <ele>151.22</ele>
      </trkpt>
      <trkpt lat="48.87808799743652" lon="3.014051914215088">
        <ele>151.18</ele>
      </trkpt>
      <trkpt lat="48.878045082092285" lon="3.013730049133301">
        <ele>151.16</ele>
      </trkpt>
      <trkpt lat="48.87796855531633" lon="3.0132687091827393">
        <ele>151.21</ele>
      </trkpt>
      <trkpt lat="48.877892112359405" lon="3.0128073692321777">
        <ele>151.28</ele>
      </trkpt>
      <trkpt lat="48.87781558558345" lon="3.012346029281616">
        <ele>151.37</ele>
      </trkpt>
      <trkpt lat="48.877739142626524" lon="3.0118846893310547">
        <ele>151.53</ele>
      </trkpt>
      <trkpt lat="48.87766261585057" lon="3.011423349380493">
        <ele>151.72</ele>
      </trkpt>
      <trkpt lat="48.87758617289364" lon="3.0109620094299316">
        <ele>151.89</ele>
      </trkpt>
      <trkpt lat="48.87750964611769" lon="3.01050066947937">
        <ele>152.02</ele>
      </trkpt>
      <trkpt lat="48.87743320316076" lon="3.0100393295288086">
        <ele>152.23</ele>
      </trkpt>
      <trkpt lat="48.87735843658447" lon="3.0095887184143066">
        <ele>152.47</ele>
      </trkpt>
      <trkpt lat="48.87735843658447" lon="3.0092453956604004">
        <ele>152.66</ele>
      </trkpt>
      <trkpt lat="48.87740135192871" lon="3.008902072906494">
        <ele>152.85</ele>
      </trkpt>
      <trkpt lat="48.87750864028931" lon="3.0086445808410645">
        <ele>153.04</ele>
      </trkpt>
      <trkpt lat="48.87772615067661" lon="3.0083062034100294">
        <ele>153.26</ele>
      </trkpt>
      <trkpt lat="48.87794366106391" lon="3.0079677421599627">
        <ele>153.47</ele>
      </trkpt>
      <trkpt lat="48.87816125527024" lon="3.0076293647289276">
        <ele>153.69</ele>
      </trkpt>
      <trkpt lat="48.878378765657544" lon="3.0072909872978926">
        <ele>153.95</ele>
      </trkpt>
      <trkpt lat="48.87859635986388" lon="3.0069526098668575">
        <ele>154.18</ele>
      </trkpt>
      <trkpt lat="48.87881387025118" lon="3.0066142324358225">
        <ele>154.44</ele>
      </trkpt>
      <trkpt lat="48.87903146445751" lon="3.0062758550047874">
        <ele>154.67</ele>
      </trkpt>
      <trkpt lat="48.87924897484481" lon="3.0059374775737524">
        <ele>154.92</ele>
      </trkpt>
      <trkpt lat="48.87946656905115" lon="3.0055991001427174">
        <ele>155.18</ele>
      </trkpt>
      <trkpt lat="48.87968407943845" lon="3.0052607227116823">
        <ele>155.42</ele>
      </trkpt>
      <trkpt lat="48.87990167364478" lon="3.0049223452806473">
        <ele>155.63</ele>
      </trkpt>
      <trkpt lat="48.88011918403208" lon="3.0045838840305805">
        <ele>155.86</ele>
      </trkpt>
      <trkpt lat="48.880336778238416" lon="3.0042455065995455">
        <ele>156.18</ele>
      </trkpt>
      <trkpt lat="48.88055428862572" lon="3.0039071291685104">
        <ele>156.44</ele>
      </trkpt>
      <trkpt lat="48.88059929944575" lon="3.0038368050009012">
        <ele>156.65</ele>
      </trkpt>
      <trkpt lat="48.880600556731224" lon="3.0038349609822035">
        <ele>156.84</ele>
      </trkpt>
      <trkpt lat="48.88073961250484" lon="3.0036184564232826">
        <ele>157.01</ele>
      </trkpt>
      <trkpt lat="48.88073969632387" lon="3.003618372604251">
        <ele>157.16</ele>
      </trkpt>
      <trkpt lat="48.8807397801429" lon="3.003618372604251">
        <ele>157.3</ele>
      </trkpt>
      <trkpt lat="48.880739863961935" lon="3.0036181211471558">
        <ele>157.41</ele>
      </trkpt>
      <trkpt lat="48.88075520284474" lon="3.003594484180212">
        <ele>157.51</ele>
      </trkpt>
      <trkpt lat="48.88075511902571" lon="3.003594735637307">
        <ele>157.6</ele>
      </trkpt>
      <trkpt lat="48.88097363524139" lon="3.0032595433294773">
        <ele>157.68</ele>
      </trkpt>
      <trkpt lat="48.88100992888212" lon="3.0031999479979277">
        <ele>157.72</ele>
      </trkpt>
      <trkpt lat="48.88084991835058" lon="3.003039937466383">
        <ele>157.75</ele>
      </trkpt>
      <trkpt lat="48.880591755732894" lon="3.0027670226991177">
        <ele>157.7</ele>
      </trkpt>
      <trkpt lat="48.880499973893166" lon="3.0026699602603912">
        <ele>157.68</ele>
      </trkpt>
      <trkpt lat="48.88027994893491" lon="3.0024999752640724">
        <ele>157.62</ele>
      </trkpt>
      <trkpt lat="48.87998381629586" lon="3.0023382045328617">
        <ele>157.6</ele>
      </trkpt>
      <trkpt lat="48.87968776747584" lon="3.0021765176206827">
        <ele>157.64</ele>
      </trkpt>
      <trkpt lat="48.87939163483679" lon="3.0020148307085037">
        <ele>157.61</ele>
      </trkpt>
      <trkpt lat="48.879095586016774" lon="3.001853059977293">
        <ele>157.48</ele>
      </trkpt>
      <trkpt lat="48.87897999957204" lon="3.0017899442464113">
        <ele>157.35</ele>
      </trkpt>
      <trkpt lat="48.87868143618107" lon="3.00163890235126">
        <ele>157.18</ele>
      </trkpt>
      <trkpt lat="48.8783828727901" lon="3.001487860456109">
        <ele>157.04</ele>
      </trkpt>
      <trkpt lat="48.87812999077141" lon="3.0013599526137114">
        <ele>156.92</ele>
      </trkpt>
      <trkpt lat="48.877879958599806" lon="3.001279989257455">
        <ele>156.82</ele>
      </trkpt>
      <trkpt lat="48.87758994475007" lon="3.001259956508875">
        <ele>156.68</ele>
      </trkpt>
      <trkpt lat="48.87737997807562" lon="3.001289963722229">
        <ele>156.53</ele>
      </trkpt>
      <trkpt lat="48.87706850655377" lon="3.001358527690172">
        <ele>156.37</ele>
      </trkpt>
      <trkpt lat="48.876757035031915" lon="3.001427175477147">
        <ele>156.21</ele>
      </trkpt>
      <trkpt lat="48.87644556351006" lon="3.0014957394450903">
        <ele>156.08</ele>
      </trkpt>
      <trkpt lat="48.876134091988206" lon="3.0015643034130335">
        <ele>155.86</ele>
      </trkpt>
      <trkpt lat="48.87582270428538" lon="3.0016328673809767">
        <ele>155.65</ele>
      </trkpt>
      <trkpt lat="48.87551123276353" lon="3.0017015151679516">
        <ele>155.48</ele>
      </trkpt>
      <trkpt lat="48.875199761241674" lon="3.0017700791358948">
        <ele>155.3</ele>
      </trkpt>
      <trkpt lat="48.87488828971982" lon="3.001838643103838">
        <ele>155.12</ele>
      </trkpt>
      <trkpt lat="48.87460992671549" lon="3.0018999986350536">
        <ele>154.9</ele>
      </trkpt>
      <trkpt lat="48.87435997836292" lon="3.0018699914216995">
        <ele>154.71</ele>
      </trkpt>
      <trkpt lat="48.874249923974276" lon="3.0018199514597654">
        <ele>154.54</ele>
      </trkpt>
      <trkpt lat="48.87403995729983" lon="3.0015899520367384">
        <ele>154.36</ele>
      </trkpt>
      <trkpt lat="48.87395999394357" lon="3.0014399997889996">
        <ele>154.21</ele>
      </trkpt>
      <trkpt lat="48.8737911824137" lon="3.001037249341607">
        <ele>154.07</ele>
      </trkpt>
      <trkpt lat="48.87362237088382" lon="3.0006345827132463">
        <ele>153.9</ele>
      </trkpt>
      <trkpt lat="48.87345355935395" lon="3.000231832265854">
        <ele>153.71</ele>
      </trkpt>
      <trkpt lat="48.87328474782407" lon="2.999829165637493">
        <ele>153.45</ele>
      </trkpt>
      <trkpt lat="48.873259937390685" lon="2.999769989401102">
        <ele>153.3</ele>
      </trkpt>
      <trkpt lat="48.87306095100939" lon="2.999400347471237">
        <ele>153.16</ele>
      </trkpt>
      <trkpt lat="48.87304997071624" lon="2.9993799794465303">
        <ele>153.03</ele>
      </trkpt>
      <trkpt lat="48.87286992743611" lon="2.9991899617016315">
        <ele>152.91</ele>
      </trkpt>
      <trkpt lat="48.87259307317436" lon="2.9989632312208414">
        <ele>152.79</ele>
      </trkpt>
      <trkpt lat="48.87231613509357" lon="2.9987364169210196">
        <ele>152.72</ele>
      </trkpt>
      <trkpt lat="48.87203919701278" lon="2.9985096864402294">
        <ele>152.62</ele>
      </trkpt>
      <trkpt lat="48.871762342751026" lon="2.9982829559594393">
        <ele>152.56</ele>
      </trkpt>
      <trkpt lat="48.87159998528659" lon="2.998149935156107">
        <ele>152.46</ele>
      </trkpt>
      <trkpt lat="48.87144994921982" lon="2.9979899246245623">
        <ele>152.36</ele>
      </trkpt>
      <trkpt lat="48.87135992757976" lon="2.9978399723768234">
        <ele>152.26</ele>
      </trkpt>
      <trkpt lat="48.87131994590163" lon="2.997749950736761">
        <ele>152.17</ele>
      </trkpt>
      <trkpt lat="48.87126998975873" lon="2.9973999224603176">
        <ele>152.04</ele>
      </trkpt>
      <trkpt lat="48.87124937027693" lon="2.996923914179206">
        <ele>151.9</ele>
      </trkpt>
      <trkpt lat="48.871228750795126" lon="2.9964478220790625">
        <ele>151.82</ele>
      </trkpt>
      <trkpt lat="48.871208131313324" lon="2.995971729978919">
        <ele>151.74</ele>
      </trkpt>
      <trkpt lat="48.87118751183152" lon="2.9954956378787756">
        <ele>151.63</ele>
      </trkpt>
      <trkpt lat="48.87116689234972" lon="2.995019629597664">
        <ele>151.56</ele>
      </trkpt>
      <trkpt lat="48.87115993537009" lon="2.994859954342246">
        <ele>151.5</ele>
      </trkpt>
      <trkpt lat="48.87112992815673" lon="2.9946999438107014">
        <ele>151.43</ele>
      </trkpt>
      <trkpt lat="48.87106999754906" lon="2.994619980454445">
        <ele>151.38</ele>
      </trkpt>
      <trkpt lat="48.87086992152035" lon="2.994599947705865">
        <ele>151.38</ele>
      </trkpt>
      <trkpt lat="48.87055526487529" lon="2.994610257446766">
        <ele>151.35</ele>
      </trkpt>
      <trkpt lat="48.87025997042656" lon="2.994619980454445">
        <ele>151.26</ele>
      </trkpt>
      <trkpt lat="48.869946487247944" lon="2.994577568024397">
        <ele>151.18</ele>
      </trkpt>
      <trkpt lat="48.86988999322057" lon="2.994569940492511">
        <ele>151.15</ele>
      </trkpt>
      <trkpt lat="48.86968991719186" lon="2.994599947705865">
        <ele>151.11</ele>
      </trkpt>
      <trkpt lat="48.86959997937083" lon="2.994659962132573">
        <ele>151.08</ele>
      </trkpt>
      <trkpt lat="48.869519932195544" lon="2.9947699327021837">
        <ele>151.02</ele>
      </trkpt>
      <trkpt lat="48.86937802657485" lon="2.995195733383298">
        <ele>150.99</ele>
      </trkpt>
      <trkpt lat="48.8693099655211" lon="2.9953999165445566">
        <ele>150.97</ele>
      </trkpt>
      <trkpt lat="48.869239976629615" lon="2.995549952611327">
        <ele>150.95</ele>
      </trkpt>
      <trkpt lat="48.86907996609807" lon="2.9957599192857742">
        <ele>150.95</ele>
      </trkpt>
      <trkpt lat="48.86894996277988" lon="2.9958099592477083">
        <ele>150.92</ele>
      </trkpt>
      <trkpt lat="48.86881995946169" lon="2.9957599192857742">
        <ele>150.91</ele>
      </trkpt>
      <trkpt lat="48.86874997057021" lon="2.9956799559295177">
        <ele>150.89</ele>
      </trkpt>
      <trkpt lat="48.868679981678724" lon="2.995519945397973">
        <ele>150.88</ele>
      </trkpt>
      <trkpt lat="48.86862994171679" lon="2.995309978723526">
        <ele>150.86</ele>
      </trkpt>
      <trkpt lat="48.8684999383986" lon="2.9949599504470825">
        <ele>150.84</ele>
      </trkpt>
      <trkpt lat="48.8684499822557" lon="2.99486992880702">
        <ele>150.81</ele>
      </trkpt>
      <trkpt lat="48.86839994229376" lon="2.9948099981993437">
        <ele>150.78</ele>
      </trkpt>
      <trkpt lat="48.86808763258159" lon="2.9947510734200478">
        <ele>150.74</ele>
      </trkpt>
      <trkpt lat="48.86777532286942" lon="2.9946922324597836">
        <ele>150.68</ele>
      </trkpt>
      <trkpt lat="48.86770994402468" lon="2.994679994881153">
        <ele>150.61</ele>
      </trkpt>
      <trkpt lat="48.867479944601655" lon="2.9945899732410908">
        <ele>150.55</ele>
      </trkpt>
      <trkpt lat="48.86737517081201" lon="2.994515122845769">
        <ele>150.49</ele>
      </trkpt>
      <trkpt lat="48.86737366206944" lon="2.9945140331983566">
        <ele>150.4</ele>
      </trkpt>
      <trkpt lat="48.86726997792721" lon="2.99443993717432">
        <ele>150.3</ele>
      </trkpt>
      <trkpt lat="48.86720443144441" lon="2.994358129799366">
        <ele>150.17</ele>
      </trkpt>
      <trkpt lat="48.86720426380634" lon="2.994357878342271">
        <ele>150.03</ele>
      </trkpt>
      <trkpt lat="48.86720417998731" lon="2.994357794523239">
        <ele>149.87</ele>
      </trkpt>
      <trkpt lat="48.86718993075192" lon="2.9943399410694838">
        <ele>149.7</ele>
      </trkpt>
      <trkpt lat="48.86718691326678" lon="2.9943364206701517">
        <ele>149.5</ele>
      </trkpt>
      <trkpt lat="48.86699999682605" lon="2.9941199999302626">
        <ele>149.28</ele>
      </trkpt>
      <trkpt lat="48.866762118414044" lon="2.9938075225800276">
        <ele>149.04</ele>
      </trkpt>
      <trkpt lat="48.86652432382107" lon="2.9934950452297926">
        <ele>148.78</ele>
      </trkpt>
      <trkpt lat="48.866489958018064" lon="2.9934499505907297">
        <ele>148.5</ele>
      </trkpt>
      <trkpt lat="48.866233387961984" lon="2.9931736830621958">
        <ele>148.2</ele>
      </trkpt>
      <trkpt lat="48.86609994806349" lon="2.993029933422804">
        <ele>147.87</ele>
      </trkpt>
      <trkpt lat="48.86611998081207" lon="2.9928999301046133">
        <ele>147.53</ele>
      </trkpt>
      <trkpt lat="48.86584874242544" lon="2.992657944560051">
        <ele>147.11</ele>
      </trkpt>
      <trkpt lat="48.86557750403881" lon="2.9924159590154886">
        <ele>146.71</ele>
      </trkpt>
      <trkpt lat="48.86530626565218" lon="2.992174057289958">
        <ele>146.29</ele>
      </trkpt>
      <trkpt lat="48.86509998701513" lon="2.991989990696311">
        <ele>145.86</ele>
      </trkpt>
      <trkpt lat="48.86482439003885" lon="2.991759404540062">
        <ele>145.45</ele>
      </trkpt>
      <trkpt lat="48.864802680909634" lon="2.9917412158101797">
        <ele>145.06</ele>
      </trkpt>
      <trkpt lat="48.86480117216706" lon="2.991739958524704">
        <ele>144.67</ele>
      </trkpt>
      <trkpt lat="48.864626409485936" lon="2.9915936943143606">
        <ele>144.25</ele>
      </trkpt>
      <trkpt lat="48.86462624184787" lon="2.991593526676297">
        <ele>143.86</ele>
      </trkpt>
      <trkpt lat="48.86460998095572" lon="2.9915799479931593">
        <ele>143.48</ele>
      </trkpt>
      <trkpt lat="48.86460671201348" lon="2.991577098146081">
        <ele>143.11</ele>
      </trkpt>
      <trkpt lat="48.86433765292168" lon="2.9913407284766436">
        <ele>142.67</ele>
      </trkpt>
      <trkpt lat="48.864279985427856" lon="2.991289934143424">
        <ele>142.3</ele>
      </trkpt>
      <trkpt lat="48.864262383431196" lon="2.99126579426229">
        <ele>141.96</ele>
      </trkpt>
      <trkpt lat="48.86419993825257" lon="2.9911799635738134">
        <ele>141.62</ele>
      </trkpt>
      <trkpt lat="48.864189963787794" lon="2.991069993004203">
        <ele>141.3</ele>
      </trkpt>
      <trkpt lat="48.86398997157812" lon="2.991139981895685">
        <ele>140.97</ele>
      </trkpt>
      <trkpt lat="48.86367573402822" lon="2.991167139261961">
        <ele>140.72</ele>
      </trkpt>
      <trkpt lat="48.86336149647832" lon="2.9911943804472685">
        <ele>140.53</ele>
      </trkpt>
      <trkpt lat="48.86304734274745" lon="2.991221621632576">
        <ele>140.35</ele>
      </trkpt>
      <trkpt lat="48.86273310519755" lon="2.9912487789988518">
        <ele>140.2</ele>
      </trkpt>
      <trkpt lat="48.86271994560957" lon="2.991249952465296">
        <ele>140.05</ele>
      </trkpt>
      <trkpt lat="48.86259589344263" lon="2.9908115789294243">
        <ele>139.87</ele>
      </trkpt>
      <trkpt lat="48.86256999336183" lon="2.9907199647277594">
        <ele>139.76</ele>
      </trkpt>
      <trkpt lat="48.86243999004364" lon="2.990449983626604">
        <ele>139.61</ele>
      </trkpt>
      <trkpt lat="48.86241995729506" lon="2.9903399292379618">
        <ele>139.54</ele>
      </trkpt>
      <trkpt lat="48.86240612715483" lon="2.9898634180426598">
        <ele>139.47</ele>
      </trkpt>
      <trkpt lat="48.86239992454648" lon="2.9896499309688807">
        <ele>139.49</ele>
      </trkpt>
      <trkpt lat="48.86244158260524" lon="2.989177107810974">
        <ele>139.6</ele>
      </trkpt>
      <trkpt lat="48.862483156844974" lon="2.9887042846530676">
        <ele>139.71</ele>
      </trkpt>
      <trkpt lat="48.86250997893512" lon="2.988399937748909">
        <ele>139.87</ele>
      </trkpt>
      <trkpt lat="48.86250000447035" lon="2.987923175096512">
        <ele>140.06</ele>
      </trkpt>
      <trkpt lat="48.86248994618654" lon="2.9874464124441147">
        <ele>140.22</ele>
      </trkpt>
      <trkpt lat="48.86247997172177" lon="2.9869696497917175">
        <ele>140.38</ele>
      </trkpt>
      <trkpt lat="48.862469997256994" lon="2.9864928871393204">
        <ele>140.56</ele>
      </trkpt>
      <trkpt lat="48.862469997256994" lon="2.9864899534732103">
        <ele>140.74</ele>
      </trkpt>
      <trkpt lat="48.86248097755015" lon="2.986013274639845">
        <ele>140.92</ele>
      </trkpt>
      <trkpt lat="48.862492041662335" lon="2.9855365119874477">
        <ele>141.09</ele>
      </trkpt>
      <trkpt lat="48.86250302195549" lon="2.9850598331540823">
        <ele>141.29</ele>
      </trkpt>
      <trkpt lat="48.86251408606768" lon="2.984583070501685">
        <ele>141.48</ele>
      </trkpt>
      <trkpt lat="48.8625199533999" lon="2.9843299370259047">
        <ele>141.67</ele>
      </trkpt>
      <trkpt lat="48.86253998614848" lon="2.9841099958866835">
        <ele>141.88</ele>
      </trkpt>
      <trkpt lat="48.86261357925832" lon="2.9836461413651705">
        <ele>142.15</ele>
      </trkpt>
      <trkpt lat="48.86263998225331" lon="2.983479928225279">
        <ele>142.45</ele>
      </trkpt>
      <trkpt lat="48.86269220151007" lon="2.983009535819292">
        <ele>142.68</ele>
      </trkpt>
      <trkpt lat="48.862729920074344" lon="2.982669984921813">
        <ele>143.0</ele>
      </trkpt>
      <trkpt lat="48.86278993450105" lon="2.9822699166834354">
        <ele>143.34</ele>
      </trkpt>
      <trkpt lat="48.86289529502392" lon="2.9818204790353775">
        <ele>143.68</ele>
      </trkpt>
      <trkpt lat="48.863000655546784" lon="2.981370957568288">
        <ele>144.05</ele>
      </trkpt>
      <trkpt lat="48.86308992281556" lon="2.9809899162501097">
        <ele>144.38</ele>
      </trkpt>
      <trkpt lat="48.86317768134177" lon="2.980531845241785">
        <ele>144.72</ele>
      </trkpt>
      <trkpt lat="48.86326543986797" lon="2.9800736904144287">
        <ele>145.07</ele>
      </trkpt>
      <trkpt lat="48.863269966095686" lon="2.9800499696284533">
        <ele>145.39</ele>
      </trkpt>
      <trkpt lat="48.86333995498717" lon="2.979589970782399">
        <ele>145.72</ele>
      </trkpt>
      <trkpt lat="48.86337750591338" lon="2.9791163094341755">
        <ele>146.02</ele>
      </trkpt>
      <trkpt lat="48.863415056839585" lon="2.9786427319049835">
        <ele>146.39</ele>
      </trkpt>
      <trkpt lat="48.863452607765794" lon="2.97816907055676">
        <ele>146.76</ele>
      </trkpt>
      <trkpt lat="48.863490158692" lon="2.977695493027568">
        <ele>147.05</ele>
      </trkpt>
      <trkpt lat="48.86352770961821" lon="2.977221915498376">
        <ele>147.29</ele>
      </trkpt>
      <trkpt lat="48.86356526054442" lon="2.976748254150152">
        <ele>147.6</ele>
      </trkpt>
      <trkpt lat="48.86360281147063" lon="2.9762746766209602">
        <ele>147.85</ele>
      </trkpt>
      <trkpt lat="48.863640362396836" lon="2.9758010152727365">
        <ele>148.07</ele>
      </trkpt>
      <trkpt lat="48.863677913323045" lon="2.9753274377435446">
        <ele>148.33</ele>
      </trkpt>
      <trkpt lat="48.86371546424925" lon="2.974853776395321">
        <ele>148.57</ele>
      </trkpt>
      <trkpt lat="48.86375309899449" lon="2.974380198866129">
        <ele>148.72</ele>
      </trkpt>
      <trkpt lat="48.8637906499207" lon="2.9739065375179052">
        <ele>148.89</ele>
      </trkpt>
      <trkpt lat="48.86382820084691" lon="2.9734329599887133">
        <ele>149.06</ele>
      </trkpt>
      <trkpt lat="48.86386575177312" lon="2.9729592986404896">
        <ele>149.17</ele>
      </trkpt>
      <trkpt lat="48.86390330269933" lon="2.9724857211112976">
        <ele>149.31</ele>
      </trkpt>
      <trkpt lat="48.86394093744457" lon="2.972012059763074">
        <ele>149.43</ele>
      </trkpt>
      <trkpt lat="48.863978488370776" lon="2.971538482233882">
        <ele>149.55</ele>
      </trkpt>
      <trkpt lat="48.864016039296985" lon="2.97106490470469">
        <ele>149.65</ele>
      </trkpt>
      <trkpt lat="48.864053674042225" lon="2.9705912433564663">
        <ele>149.78</ele>
      </trkpt>
      <trkpt lat="48.86409122496843" lon="2.9701176658272743">
        <ele>149.82</ele>
      </trkpt>
      <trkpt lat="48.864128859713674" lon="2.9696440044790506">
        <ele>149.78</ele>
      </trkpt>
      <trkpt lat="48.864129949361086" lon="2.9696299228817225">
        <ele>149.76</ele>
      </trkpt>
      <trkpt lat="48.86431669816375" lon="2.969246031716466">
        <ele>149.73</ele>
      </trkpt>
      <trkpt lat="48.86450353078544" lon="2.9688620567321777">
        <ele>149.72</ele>
      </trkpt>
      <trkpt lat="48.8646902795881" lon="2.9684780817478895">
        <ele>149.62</ele>
      </trkpt>
      <trkpt lat="48.8648771122098" lon="2.968094190582633">
        <ele>149.5</ele>
      </trkpt>
      <trkpt lat="48.86506386101246" lon="2.967710215598345">
        <ele>149.42</ele>
      </trkpt>
      <trkpt lat="48.86525060981512" lon="2.9673262406140566">
        <ele>149.31</ele>
      </trkpt>
      <trkpt lat="48.865437442436814" lon="2.9669423494488">
        <ele>149.2</ele>
      </trkpt>
      <trkpt lat="48.865624191239476" lon="2.966558374464512">
        <ele>149.11</ele>
      </trkpt>
      <trkpt lat="48.86581102386117" lon="2.9661744832992554">
        <ele>149.05</ele>
      </trkpt>
      <trkpt lat="48.86599777266383" lon="2.965790508314967">
        <ele>148.95</ele>
      </trkpt>
      <trkpt lat="48.86610992252827" lon="2.965559922158718">
        <ele>148.84</ele>
      </trkpt>
      <trkpt lat="48.866296000778675" lon="2.9651751928031445">
        <ele>148.76</ele>
      </trkpt>
      <trkpt lat="48.86648207902908" lon="2.964790463447571">
        <ele>148.69</ele>
      </trkpt>
      <trkpt lat="48.86666824109852" lon="2.964405734091997">
        <ele>148.64</ele>
      </trkpt>
      <trkpt lat="48.86684996075928" lon="2.964029973372817">
        <ele>148.57</ele>
      </trkpt>
      <trkpt lat="48.86700980365276" lon="2.9636190086603165">
        <ele>148.6</ele>
      </trkpt>
      <trkpt lat="48.86712991632521" lon="2.963309967890382">
        <ele>148.58</ele>
      </trkpt>
      <trkpt lat="48.86727651581168" lon="2.9628877714276314">
        <ele>148.65</ele>
      </trkpt>
      <trkpt lat="48.86742311529815" lon="2.9624656587839127">
        <ele>148.8</ele>
      </trkpt>
      <trkpt lat="48.86752746999264" lon="2.9621647484600544">
        <ele>148.94</ele>
      </trkpt>
      <trkpt lat="48.867528308182955" lon="2.962162485346198">
        <ele>149.06</ele>
      </trkpt>
      <trkpt lat="48.86756971478462" lon="2.9620434623211622">
        <ele>149.18</ele>
      </trkpt>
      <trkpt lat="48.867621095851064" lon="2.961895102635026">
        <ele>149.34</ele>
      </trkpt>
      <trkpt lat="48.867621179670095" lon="2.9618949349969625">
        <ele>149.52</ele>
      </trkpt>
      <trkpt lat="48.86762126348913" lon="2.9618949349969625">
        <ele>149.72</ele>
      </trkpt>
      <trkpt lat="48.867629980668426" lon="2.9618699569255114">
        <ele>149.93</ele>
      </trkpt>
      <trkpt lat="48.86763165704906" lon="2.96186501160264">
        <ele>150.16</ele>
      </trkpt>
      <trkpt lat="48.86777842417359" lon="2.961449269205332">
        <ele>150.35</ele>
      </trkpt>
      <trkpt lat="48.86792686767876" lon="2.961028665304184">
        <ele>150.64</ele>
      </trkpt>
      <trkpt lat="48.86807531118393" lon="2.9606079775840044">
        <ele>150.9</ele>
      </trkpt>
      <trkpt lat="48.86822383850813" lon="2.9601873736828566">
        <ele>151.17</ele>
      </trkpt>
      <trkpt lat="48.868229957297444" lon="2.9601699393242598">
        <ele>151.42</ele>
      </trkpt>
      <trkpt lat="48.86806315742433" lon="2.9597654286772013">
        <ele>151.69</ele>
      </trkpt>
      <trkpt lat="48.86789635755122" lon="2.959360834211111">
        <ele>151.92</ele>
      </trkpt>
      <trkpt lat="48.8677295576781" lon="2.958956239745021">
        <ele>152.1</ele>
      </trkpt>
      <trkpt lat="48.86756284162402" lon="2.9585517290979624">
        <ele>152.26</ele>
      </trkpt>
      <trkpt lat="48.86739604175091" lon="2.958147134631872">
        <ele>152.43</ele>
      </trkpt>
      <trkpt lat="48.867229241877794" lon="2.957742540165782">
        <ele>152.61</ele>
      </trkpt>
      <trkpt lat="48.86706244200468" lon="2.9573379456996918">
        <ele>152.71</ele>
      </trkpt>
      <trkpt lat="48.86689564213157" lon="2.9569334350526333">
        <ele>152.75</ele>
      </trkpt>
      <trkpt lat="48.866728926077485" lon="2.956528840586543">
        <ele>152.68</ele>
      </trkpt>
      <trkpt lat="48.86656212620437" lon="2.956124246120453">
        <ele>152.59</ele>
      </trkpt>
      <trkpt lat="48.86639532633126" lon="2.9557197354733944">
        <ele>152.42</ele>
      </trkpt>
      <trkpt lat="48.866228610277176" lon="2.955315141007304">
        <ele>152.18</ele>
      </trkpt>
      <trkpt lat="48.8662099186331" lon="2.9552699625492096">
        <ele>151.87</ele>
      </trkpt>
      <trkpt lat="48.866058541461825" lon="2.9548517893999815">
        <ele>151.46</ele>
      </trkpt>
      <trkpt lat="48.865999951958656" lon="2.954689934849739">
        <ele>150.97</ele>
      </trkpt>
      <trkpt lat="48.865916300565004" lon="2.9542300198227167">
        <ele>150.39</ele>
      </trkpt>
      <trkpt lat="48.86585997417569" lon="2.9539199732244015">
        <ele>149.7</ele>
      </trkpt>
      <trkpt lat="48.86579451151192" lon="2.953453352674842">
        <ele>148.9</ele>
      </trkpt>
      <trkpt lat="48.865729132667184" lon="2.9529867321252823">
        <ele>147.92</ele>
      </trkpt>
      <trkpt lat="48.865663753822446" lon="2.952520027756691">
        <ele>146.88</ele>
      </trkpt>
      <trkpt lat="48.86559837497771" lon="2.9520534072071314">
        <ele>145.76</ele>
      </trkpt>
      <trkpt lat="48.86553299613297" lon="2.951586786657572">
        <ele>144.54</ele>
      </trkpt>
      <trkpt lat="48.8654899969697" lon="2.9512799251824617">
        <ele>143.26</ele>
      </trkpt>
      <trkpt lat="48.86545001529157" lon="2.9508067667484283">
        <ele>141.81</ele>
      </trkpt>
      <trkpt lat="48.865419924259186" lon="2.950449949130416">
        <ele>140.31</ele>
      </trkpt>
      <trkpt lat="48.86540944688022" lon="2.9499731864780188">
        <ele>138.81</ele>
      </trkpt>
      <trkpt lat="48.865398885682225" lon="2.9494964238256216">
        <ele>137.3</ele>
      </trkpt>
      <trkpt lat="48.86538991704583" lon="2.9490899853408337">
        <ele>135.69</ele>
      </trkpt>
      <trkpt lat="48.86532713659108" lon="2.948622526600957">
        <ele>133.96</ele>
      </trkpt>
      <trkpt lat="48.86526427231729" lon="2.94815506786108">
        <ele>132.11</ele>
      </trkpt>
      <trkpt lat="48.86522999033332" lon="2.9478999227285385">
        <ele>130.24</ele>
      </trkpt>
      <trkpt lat="48.86515882797539" lon="2.9474352300167084">
        <ele>128.29</ele>
      </trkpt>
      <trkpt lat="48.865087665617466" lon="2.9469705373048782">
        <ele>126.36</ele>
      </trkpt>
      <trkpt lat="48.86501650325954" lon="2.946505844593048">
        <ele>124.47</ele>
      </trkpt>
      <trkpt lat="48.86494534090161" lon="2.9460412357002497">
        <ele>122.46</ele>
      </trkpt>
      <trkpt lat="48.86487426236272" lon="2.9455765429884195">
        <ele>120.37</ele>
      </trkpt>
      <trkpt lat="48.86480310000479" lon="2.9451118502765894">
        <ele>118.28</ele>
      </trkpt>
      <trkpt lat="48.86475993320346" lon="2.9448299668729305">
        <ele>116.24</ele>
      </trkpt>
      <trkpt lat="48.86469162069261" lon="2.94436426833272">
        <ele>114.25</ele>
      </trkpt>
      <trkpt lat="48.86462330818176" lon="2.943898653611541">
        <ele>112.34</ele>
      </trkpt>
      <trkpt lat="48.864554995670915" lon="2.94343295507133">
        <ele>110.53</ele>
      </trkpt>
      <trkpt lat="48.8644899521023" lon="2.942989971488714">
        <ele>108.95</ele>
      </trkpt>
      <trkpt lat="48.86440102010965" lon="2.94253240339458">
        <ele>107.41</ele>
      </trkpt>
      <trkpt lat="48.86431200429797" lon="2.9420748353004456">
        <ele>105.92</ele>
      </trkpt>
      <trkpt lat="48.864279985427856" lon="2.9419099632650614">
        <ele>104.49</ele>
      </trkpt>
      <trkpt lat="48.86416481807828" lon="2.941465973854065">
        <ele>103.11</ele>
      </trkpt>
      <trkpt lat="48.864049734547734" lon="2.9410219844430685">
        <ele>101.74</ele>
      </trkpt>
      <trkpt lat="48.863999946042895" lon="2.9408299550414085">
        <ele>100.55</ele>
      </trkpt>
      <trkpt lat="48.86388083919883" lon="2.940388396382332">
        <ele>99.47</ele>
      </trkpt>
      <trkpt lat="48.86382996104658" lon="2.9401999711990356">
        <ele>98.51</ele>
      </trkpt>
      <trkpt lat="48.86369769461453" lon="2.9397671297192574">
        <ele>97.64</ele>
      </trkpt>
      <trkpt lat="48.863609936088324" lon="2.9394799657166004">
        <ele>96.79</ele>
      </trkpt>
      <trkpt lat="48.863468281924725" lon="2.939053997397423">
        <ele>96.04</ele>
      </trkpt>
      <trkpt lat="48.86332671158016" lon="2.9386279452592134">
        <ele>95.37</ele>
      </trkpt>
      <trkpt lat="48.86318505741656" lon="2.938201976940036">
        <ele>94.8</ele>
      </trkpt>
      <trkpt lat="48.86304340325296" lon="2.937776008620858">
        <ele>94.25</ele>
      </trkpt>
      <trkpt lat="48.86290174908936" lon="2.9373500403016806">
        <ele>93.74</ele>
      </trkpt>
      <trkpt lat="48.86276017874479" lon="2.936923988163471">
        <ele>93.25</ele>
      </trkpt>
      <trkpt lat="48.862618524581194" lon="2.9364980198442936">
        <ele>92.77</ele>
      </trkpt>
      <trkpt lat="48.862476870417595" lon="2.936072051525116">
        <ele>92.41</ele>
      </trkpt>
      <trkpt lat="48.86241903528571" lon="2.9358981270343065">
        <ele>92.12</ele>
      </trkpt>
      <trkpt lat="48.862418280914426" lon="2.9358957801014185">
        <ele>91.9</ele>
      </trkpt>
      <trkpt lat="48.86233530007303" lon="2.9356460832059383">
        <ele>91.66</ele>
      </trkpt>
      <trkpt lat="48.86232851073146" lon="2.935625799000263">
        <ele>91.53</ele>
      </trkpt>
      <trkpt lat="48.86232842691243" lon="2.9356254637241364">
        <ele>91.42</ele>
      </trkpt>
      <trkpt lat="48.862319961190224" lon="2.935599982738495">
        <ele>91.34</ele>
      </trkpt>
      <trkpt lat="48.86231635697186" lon="2.9356009885668755">
        <ele>91.27</ele>
      </trkpt>
      <trkpt lat="48.86231577023864" lon="2.935601156204939">
        <ele>91.2</ele>
      </trkpt>
      <trkpt lat="48.8622522354126" lon="2.9354095458984375">
        <ele>91.13</ele>
      </trkpt>
      <trkpt lat="48.86214033700526" lon="2.9350482020527124">
        <ele>91.1</ele>
      </trkpt>
      <trkpt lat="48.86202852241695" lon="2.934686942026019">
        <ele>91.05</ele>
      </trkpt>
      <trkpt lat="48.86191670782864" lon="2.934325598180294">
        <ele>90.9</ele>
      </trkpt>
      <trkpt lat="48.86180489324033" lon="2.9339643381536007">
        <ele>90.71</ele>
      </trkpt>
      <trkpt lat="48.8616943359375" lon="2.9336071014404297">
        <ele>90.47</ele>
      </trkpt>
      <trkpt lat="48.86161898262799" lon="2.933169649913907">
        <ele>90.25</ele>
      </trkpt>
      <trkpt lat="48.86154371313751" lon="2.9327321983873844">
        <ele>90.0</ele>
      </trkpt>
      <trkpt lat="48.86146844364703" lon="2.932294746860862">
        <ele>89.61</ele>
      </trkpt>
      <trkpt lat="48.86139317415655" lon="2.931857379153371">
        <ele>89.18</ele>
      </trkpt>
      <trkpt lat="48.861317820847034" lon="2.931419927626848">
        <ele>88.84</ele>
      </trkpt>
      <trkpt lat="48.861243724823" lon="2.9309892654418945">
        <ele>88.45</ele>
      </trkpt>
      <trkpt lat="48.86118991300464" lon="2.9305616207420826">
        <ele>88.04</ele>
      </trkpt>
      <trkpt lat="48.861136101186275" lon="2.9301340598613024">
        <ele>87.67</ele>
      </trkpt>
      <trkpt lat="48.861082373186946" lon="2.9297064151614904">
        <ele>87.32</ele>
      </trkpt>
      <trkpt lat="48.861028561368585" lon="2.92927885428071">
        <ele>87.0</ele>
      </trkpt>
      <trkpt lat="48.860974833369255" lon="2.9288512095808983">
        <ele>86.66</ele>
      </trkpt>
      <trkpt lat="48.860921021550894" lon="2.928423648700118">
        <ele>86.24</ele>
      </trkpt>
      <trkpt lat="48.860867293551564" lon="2.927996004000306">
        <ele>85.66</ele>
      </trkpt>
      <trkpt lat="48.86081465519965" lon="2.927577495574951">
        <ele>85.04</ele>
      </trkpt>
      <trkpt lat="48.860809206962585" lon="2.927195532247424">
        <ele>84.45</ele>
      </trkpt>
      <trkpt lat="48.860803842544556" lon="2.926813652738929">
        <ele>83.74</ele>
      </trkpt>
      <trkpt lat="48.860798394307494" lon="2.9264316894114017">
        <ele>83.0</ele>
      </trkpt>
      <trkpt lat="48.860793113708496" lon="2.926054000854492">
        <ele>82.28</ele>
      </trkpt>
      <trkpt lat="48.86072882451117" lon="2.9256677627563477">
        <ele>81.48</ele>
      </trkpt>
      <trkpt lat="48.86065347120166" lon="2.9253450594842434">
        <ele>80.66</ele>
      </trkpt>
      <trkpt lat="48.860578536987305" lon="2.9250240325927734">
        <ele>79.81</ele>
      </trkpt>
      <trkpt lat="48.86040687561035" lon="2.924659252166748">
        <ele>78.8</ele>
      </trkpt>
      <trkpt lat="48.860256504267454" lon="2.92444434016943">
        <ele>77.74</ele>
      </trkpt>
      <trkpt lat="48.860106552019715" lon="2.9242300987243652">
        <ele>76.64</ele>
      </trkpt>
      <trkpt lat="48.85990605689585" lon="2.9239722713828087">
        <ele>75.54</ele>
      </trkpt>
      <trkpt lat="48.85970556177199" lon="2.923714527860284">
        <ele>74.44</ele>
      </trkpt>
      <trkpt lat="48.85950573720038" lon="2.923457622528076">
        <ele>73.3</ele>
      </trkpt>
      <trkpt lat="48.85946273803711" lon="2.9233932495117188">
        <ele>72.08</ele>
      </trkpt>
      <trkpt lat="48.85934798978269" lon="2.923092171549797">
        <ele>70.8</ele>
      </trkpt>
      <trkpt lat="48.859233325347304" lon="2.922791177406907">
        <ele>69.4</ele>
      </trkpt>
      <trkpt lat="48.8591194152832" lon="2.922492027282715">
        <ele>67.91</ele>
      </trkpt>
      <trkpt lat="48.85904406197369" lon="2.9221370536834">
        <ele>66.55</ele>
      </trkpt>
      <trkpt lat="48.85896921157837" lon="2.921783924102783">
        <ele>65.29</ele>
      </trkpt>
      <trkpt lat="48.85896384716034" lon="2.921385867521167">
        <ele>64.17</ele>
      </trkpt>
      <trkpt lat="48.85895848274231" lon="2.9209878109395504">
        <ele>62.93</ele>
      </trkpt>
      <trkpt lat="48.85895311832428" lon="2.920589754357934">
        <ele>61.83</ele>
      </trkpt>
      <trkpt lat="48.85894783772528" lon="2.920196056365967">
        <ele>60.85</ele>
      </trkpt>
      <trkpt lat="48.85894775390625" lon="2.9198312759399414">
        <ele>60.08</ele>
      </trkpt>
      <trkpt lat="48.85898538865149" lon="2.9194493126124144">
        <ele>59.42</ele>
      </trkpt>
      <trkpt lat="48.85902302339673" lon="2.919067433103919">
        <ele>58.75</ele>
      </trkpt>
      <trkpt lat="48.85906065814197" lon="2.9186855535954237">
        <ele>58.16</ele>
      </trkpt>
      <trkpt lat="48.859097957611084" lon="2.9183077812194824">
        <ele>57.55</ele>
      </trkpt>
      <trkpt lat="48.85905512608588" lon="2.918071746826172">
        <ele>56.95</ele>
      </trkpt>
      <trkpt lat="48.85911958292127" lon="2.917697411030531">
        <ele>56.51</ele>
      </trkpt>
      <trkpt lat="48.85918412357569" lon="2.91732307523489">
        <ele>55.99</ele>
      </trkpt>
      <trkpt lat="48.85924866423011" lon="2.916948739439249">
        <ele>55.4</ele>
      </trkpt>
      <trkpt lat="48.85931320488453" lon="2.916574403643608">
        <ele>54.84</ele>
      </trkpt>
      <trkpt lat="48.85937690734863" lon="2.9162049293518066">
        <ele>54.34</ele>
      </trkpt>
      <trkpt lat="48.85929116047919" lon="2.9161834716796875">
        <ele>54.72</ele>
      </trkpt>
      <trkpt lat="48.859097957611084" lon="2.91611909866333">
        <ele>53.07</ele>
      </trkpt>
      <trkpt lat="48.85890483856201" lon="2.9160547256469727">
        <ele>54.16</ele>
      </trkpt>
      <trkpt lat="48.85886192321777" lon="2.916076183319092">
        <ele>54.03</ele>
      </trkpt>
      <trkpt lat="48.8587760925293" lon="2.9163765907287598">
        <ele>53.88</ele>
      </trkpt>
      <trkpt lat="48.8587327580899" lon="2.916357647627592">
        <ele>51.97</ele>
      </trkpt>
    </trkseg>
  </trk>
</gpx>
