<?xml version="1.0" encoding="UTF-8"?>
<gpx creator="Garmin Connect" version="1.1" xsi:schemaLocation="http://www.topografix.com/GPX/1/1 http://www.topografix.com/GPX/11.xsd" xmlns:ns3="http://www.garmin.com/xmlschemas/TrackPointExtension/v1" xmlns="http://www.topografix.com/GPX/1/1" xmlns:xsi="http://www.w3.org/2001/XMLSchema-instance" xmlns:ns2="http://www.garmin.com/xmlschemas/GpxExtensions/v3">
	<metadata>
		<name>401-G1,G2-159 km-D 817 m-Fontainebleau</name>
		<link href="connect.garmin.com">
			<text>Garmin Connect</text>
		</link>
		<time>2025-04-30T08:00:00</time>
	</metadata>
	<trk>
		<name>401-G1,G2-159 km-D 817 m-Fontainebleau</name>
		<trkseg>
			<trkpt lat="48.85823965072632" lon="2.9070852510631084">
				<ele>51.06</ele>
				<time>2025-04-30T08:00:00</time>
			</trkpt>
			<trkpt lat="48.85821827687323" lon="2.907106876373291">
				<ele>51.06</ele>
				<time>2025-04-30T08:00:00</time>
			</trkpt>
			<trkpt lat="48.8582181930542" lon="2.9071712493896484">
				<ele>51.1</ele>
				<time>2025-04-30T08:00:01</time>
			</trkpt>
			<trkpt lat="48.858132446184754" lon="2.907278537750244">
				<ele>51.23</ele>
				<time>2025-04-30T08:00:03</time>
			</trkpt>
			<trkpt lat="48.8581109046936" lon="2.9073429107666016">
				<ele>51.31</ele>
				<time>2025-04-30T08:00:04</time>
			</trkpt>
			<trkpt lat="48.85802507400513" lon="2.9074931144714355">
				<ele>51.25</ele>
				<time>2025-04-30T08:00:06</time>
			</trkpt>
			<trkpt lat="48.85786380618811" lon="2.907815482467413">
				<ele>51.18</ele>
				<time>2025-04-30T08:00:10</time>
			</trkpt>
			<trkpt lat="48.85770320892334" lon="2.9081368446350098">
				<ele>51.1</ele>
				<time>2025-04-30T08:00:14</time>
			</trkpt>
			<trkpt lat="48.857638919726014" lon="2.9082870483398438">
				<ele>51.02</ele>
				<time>2025-04-30T08:00:16</time>
			</trkpt>
			<trkpt lat="48.857445465400815" lon="2.9086523316800594">
				<ele>51.07</ele>
				<time>2025-04-30T08:00:21</time>
			</trkpt>
			<trkpt lat="48.85725268162787" lon="2.9090166091918945">
				<ele>51.02</ele>
				<time>2025-04-30T08:00:26</time>
			</trkpt>
			<trkpt lat="48.85716676712036" lon="2.909080982208252">
				<ele>51.07</ele>
				<time>2025-04-30T08:00:28</time>
			</trkpt>
			<trkpt lat="48.857102394104004" lon="2.909209728240967">
				<ele>51.11</ele>
				<time>2025-04-30T08:00:29</time>
			</trkpt>
			<trkpt lat="48.856919668614864" lon="2.909521283581853">
				<ele>51.09</ele>
				<time>2025-04-30T08:00:34</time>
			</trkpt>
			<trkpt lat="48.85673761367798" lon="2.909832000732422">
				<ele>51.06</ele>
				<time>2025-04-30T08:00:38</time>
			</trkpt>
			<trkpt lat="48.85667324066162" lon="2.9099607467651367">
				<ele>51.05</ele>
				<time>2025-04-30T08:00:40</time>
			</trkpt>
			<trkpt lat="48.8566517829895" lon="2.909982204437256">
				<ele>51.08</ele>
				<time>2025-04-30T08:00:40</time>
			</trkpt>
			<trkpt lat="48.856565952301025" lon="2.91013240814209">
				<ele>51.12</ele>
				<time>2025-04-30T08:00:42</time>
			</trkpt>
			<trkpt lat="48.85654457844794" lon="2.9102182388305664">
				<ele>51.22</ele>
				<time>2025-04-30T08:00:43</time>
			</trkpt>
			<trkpt lat="48.85645866394043" lon="2.910432815551758">
				<ele>51.38</ele>
				<time>2025-04-30T08:00:46</time>
			</trkpt>
			<trkpt lat="48.85638339444995" lon="2.9106585402041674">
				<ele>51.61</ele>
				<time>2025-04-30T08:00:49</time>
			</trkpt>
			<trkpt lat="48.856308460235596" lon="2.9108834266662598">
				<ele>51.85</ele>
				<time>2025-04-30T08:00:51</time>
			</trkpt>
			<trkpt lat="48.85626554489136" lon="2.911055088043213">
				<ele>52.08</ele>
				<time>2025-04-30T08:00:53</time>
			</trkpt>
			<trkpt lat="48.8560508005321" lon="2.9108080733567476">
				<ele>52.29</ele>
				<time>2025-04-30T08:00:57</time>
			</trkpt>
			<trkpt lat="48.855836475268006" lon="2.9105615615844727">
				<ele>52.48</ele>
				<time>2025-04-30T08:01:02</time>
			</trkpt>
			<trkpt lat="48.85566473007202" lon="2.910325527191162">
				<ele>52.7</ele>
				<time>2025-04-30T08:01:05</time>
			</trkpt>
			<trkpt lat="48.85557898320258" lon="2.9100894927978516">
				<ele>52.93</ele>
				<time>2025-04-30T08:01:08</time>
			</trkpt>
			<trkpt lat="48.8554931525141" lon="2.9098963737487793">
				<ele>53.12</ele>
				<time>2025-04-30T08:01:11</time>
			</trkpt>
			<trkpt lat="48.855364406481385" lon="2.909853458404541">
				<ele>53.33</ele>
				<time>2025-04-30T08:01:13</time>
			</trkpt>
			<trkpt lat="48.855128372088075" lon="2.9098963737487793">
				<ele>53.65</ele>
				<time>2025-04-30T08:01:17</time>
			</trkpt>
			<trkpt lat="48.85512828826904" lon="2.9098963737487793">
				<ele>53.9</ele>
				<time>2025-04-30T08:01:17</time>
			</trkpt>
			<trkpt lat="48.854849338531494" lon="2.9099178314208984">
				<ele>54.24</ele>
				<time>2025-04-30T08:01:21</time>
			</trkpt>
			<trkpt lat="48.85476350784302" lon="2.90987491607666">
				<ele>54.51</ele>
				<time>2025-04-30T08:01:23</time>
			</trkpt>
			<trkpt lat="48.854570388793945" lon="2.910153865814209">
				<ele>54.84</ele>
				<time>2025-04-30T08:01:27</time>
			</trkpt>
			<trkpt lat="48.85450601577759" lon="2.910325527191162">
				<ele>55.08</ele>
				<time>2025-04-30T08:01:29</time>
			</trkpt>
			<trkpt lat="48.854462932795286" lon="2.9106912296265364">
				<ele>55.23</ele>
				<time>2025-04-30T08:01:33</time>
			</trkpt>
			<trkpt lat="48.85442018508911" lon="2.911055088043213">
				<ele>55.24</ele>
				<time>2025-04-30T08:01:37</time>
			</trkpt>
			<trkpt lat="48.85436637327075" lon="2.9113777074962854">
				<ele>55.35</ele>
				<time>2025-04-30T08:01:40</time>
			</trkpt>
			<trkpt lat="48.85431298054755" lon="2.911698818206787">
				<ele>55.47</ele>
				<time>2025-04-30T08:01:44</time>
			</trkpt>
			<trkpt lat="48.854312896728516" lon="2.911849021911621">
				<ele>55.39</ele>
				<time>2025-04-30T08:01:45</time>
			</trkpt>
			<trkpt lat="48.85439872741699" lon="2.9121923446655273">
				<ele>55.12</ele>
				<time>2025-04-30T08:01:49</time>
			</trkpt>
			<trkpt lat="48.85446310043335" lon="2.9125356674194336">
				<ele>54.72</ele>
				<time>2025-04-30T08:01:53</time>
			</trkpt>
			<trkpt lat="48.854545997455716" lon="2.9129628092050552">
				<ele>54.27</ele>
				<time>2025-04-30T08:01:58</time>
			</trkpt>
			<trkpt lat="48.854628978297114" lon="2.913389950990677">
				<ele>53.85</ele>
				<time>2025-04-30T08:02:02</time>
			</trkpt>
			<trkpt lat="48.85471195913851" lon="2.9138170927762985">
				<ele>53.49</ele>
				<time>2025-04-30T08:02:07</time>
			</trkpt>
			<trkpt lat="48.85479493997991" lon="2.91424423456192">
				<ele>53.03</ele>
				<time>2025-04-30T08:02:12</time>
			</trkpt>
			<trkpt lat="48.85487792082131" lon="2.914671376347542">
				<ele>52.43</ele>
				<time>2025-04-30T08:02:16</time>
			</trkpt>
			<trkpt lat="48.85496090166271" lon="2.9150985181331635">
				<ele>51.9</ele>
				<time>2025-04-30T08:02:21</time>
			</trkpt>
			<trkpt lat="48.855042457580566" lon="2.915518283843994">
				<ele>51.55</ele>
				<time>2025-04-30T08:02:26</time>
			</trkpt>
			<trkpt lat="48.8550425413996" lon="2.915518283843994">
				<ele>51.16</ele>
				<time>2025-04-30T08:02:26</time>
			</trkpt>
			<trkpt lat="48.85510699823499" lon="2.9158409032970667">
				<ele>50.8</ele>
				<time>2025-04-30T08:02:29</time>
			</trkpt>
			<trkpt lat="48.85517120361328" lon="2.9161620140075684">
				<ele>50.52</ele>
				<time>2025-04-30T08:02:33</time>
			</trkpt>
			<trkpt lat="48.8551926612854" lon="2.9165267944335938">
				<ele>50.26</ele>
				<time>2025-04-30T08:02:37</time>
			</trkpt>
			<trkpt lat="48.85518679395318" lon="2.9169942531734705">
				<ele>50.03</ele>
				<time>2025-04-30T08:02:42</time>
			</trkpt>
			<trkpt lat="48.85518092662096" lon="2.9174617119133472">
				<ele>49.77</ele>
				<time>2025-04-30T08:02:46</time>
			</trkpt>
			<trkpt lat="48.85517505928874" lon="2.9179292544722557">
				<ele>49.57</ele>
				<time>2025-04-30T08:02:51</time>
			</trkpt>
			<trkpt lat="48.85516919195652" lon="2.9183967132121325">
				<ele>49.44</ele>
				<time>2025-04-30T08:02:56</time>
			</trkpt>
			<trkpt lat="48.8551633246243" lon="2.918864255771041">
				<ele>49.51</ele>
				<time>2025-04-30T08:03:01</time>
			</trkpt>
			<trkpt lat="48.85515745729208" lon="2.9193317145109177">
				<ele>49.66</ele>
				<time>2025-04-30T08:03:06</time>
			</trkpt>
			<trkpt lat="48.85515158995986" lon="2.919799257069826">
				<ele>49.78</ele>
				<time>2025-04-30T08:03:11</time>
			</trkpt>
			<trkpt lat="48.85514572262764" lon="2.920266715809703">
				<ele>49.93</ele>
				<time>2025-04-30T08:03:16</time>
			</trkpt>
			<trkpt lat="48.85513985529542" lon="2.9207341745495796">
				<ele>50.16</ele>
				<time>2025-04-30T08:03:21</time>
			</trkpt>
			<trkpt lat="48.85513407178223" lon="2.921201717108488">
				<ele>50.45</ele>
				<time>2025-04-30T08:03:26</time>
			</trkpt>
			<trkpt lat="48.85512828826904" lon="2.9216551780700684">
				<ele>50.89</ele>
				<time>2025-04-30T08:03:31</time>
			</trkpt>
			<trkpt lat="48.85508520528674" lon="2.9219778813421726">
				<ele>51.32</ele>
				<time>2025-04-30T08:03:34</time>
			</trkpt>
			<trkpt lat="48.855042457580566" lon="2.9222989082336426">
				<ele>51.87</ele>
				<time>2025-04-30T08:03:38</time>
			</trkpt>
			<trkpt lat="48.85499954223633" lon="2.9224705696105957">
				<ele>52.39</ele>
				<time>2025-04-30T08:03:40</time>
			</trkpt>
			<trkpt lat="48.854870460927486" lon="2.9228002298623323">
				<ele>52.99</ele>
				<time>2025-04-30T08:03:44</time>
			</trkpt>
			<trkpt lat="48.854741463437676" lon="2.923129890114069">
				<ele>53.63</ele>
				<time>2025-04-30T08:03:48</time>
			</trkpt>
			<trkpt lat="48.854613304138184" lon="2.923457622528076">
				<ele>54.42</ele>
				<time>2025-04-30T08:03:52</time>
			</trkpt>
			<trkpt lat="48.85442018508911" lon="2.9236292839050293">
				<ele>55.35</ele>
				<time>2025-04-30T08:03:55</time>
			</trkpt>
			<trkpt lat="48.85420560836792" lon="2.92366499081254">
				<ele>56.42</ele>
				<time>2025-04-30T08:03:59</time>
			</trkpt>
			<trkpt lat="48.85399103164673" lon="2.9237007815390825">
				<ele>57.47</ele>
				<time>2025-04-30T08:04:02</time>
			</trkpt>
			<trkpt lat="48.85377645492554" lon="2.923736572265625">
				<ele>58.39</ele>
				<time>2025-04-30T08:04:06</time>
			</trkpt>
			<trkpt lat="48.853540336713195" lon="2.9235755559056997">
				<ele>59.43</ele>
				<time>2025-04-30T08:04:10</time>
			</trkpt>
			<trkpt lat="48.853304386138916" lon="2.923414707183838">
				<ele>60.52</ele>
				<time>2025-04-30T08:04:14</time>
			</trkpt>
			<trkpt lat="48.85303482413292" lon="2.9232357535511255">
				<ele>61.65</ele>
				<time>2025-04-30T08:04:19</time>
			</trkpt>
			<trkpt lat="48.852765345945954" lon="2.923056883737445">
				<ele>62.74</ele>
				<time>2025-04-30T08:04:23</time>
			</trkpt>
			<trkpt lat="48.85249586775899" lon="2.9228780139237642">
				<ele>63.89</ele>
				<time>2025-04-30T08:04:28</time>
			</trkpt>
			<trkpt lat="48.852226389572024" lon="2.9226991441100836">
				<ele>65.07</ele>
				<time>2025-04-30T08:04:33</time>
			</trkpt>
			<trkpt lat="48.85195691138506" lon="2.922520274296403">
				<ele>66.23</ele>
				<time>2025-04-30T08:04:37</time>
			</trkpt>
			<trkpt lat="48.851687433198094" lon="2.9223414044827223">
				<ele>67.34</ele>
				<time>2025-04-30T08:04:42</time>
			</trkpt>
			<trkpt lat="48.85141795501113" lon="2.9221625346690416">
				<ele>68.37</ele>
				<time>2025-04-30T08:04:47</time>
			</trkpt>
			<trkpt lat="48.851148476824164" lon="2.921983664855361">
				<ele>69.35</ele>
				<time>2025-04-30T08:04:52</time>
			</trkpt>
			<trkpt lat="48.850879753008485" lon="2.9218053817749023">
				<ele>70.2</ele>
				<time>2025-04-30T08:04:56</time>
			</trkpt>
			<trkpt lat="48.85061857290566" lon="2.9216156993061304">
				<ele>70.94</ele>
				<time>2025-04-30T08:05:01</time>
			</trkpt>
			<trkpt lat="48.850357392802835" lon="2.92142610065639">
				<ele>71.52</ele>
				<time>2025-04-30T08:05:05</time>
			</trkpt>
			<trkpt lat="48.85009621270001" lon="2.92123650200665">
				<ele>72.01</ele>
				<time>2025-04-30T08:05:10</time>
			</trkpt>
			<trkpt lat="48.849835032597184" lon="2.9210469033569098">
				<ele>72.38</ele>
				<time>2025-04-30T08:05:15</time>
			</trkpt>
			<trkpt lat="48.84957385249436" lon="2.920857220888138">
				<ele>72.57</ele>
				<time>2025-04-30T08:05:19</time>
			</trkpt>
			<trkpt lat="48.849313259124756" lon="2.920668125152588">
				<ele>72.61</ele>
				<time>2025-04-30T08:05:24</time>
			</trkpt>
			<trkpt lat="48.84907697327435" lon="2.9204247146844864">
				<ele>72.51</ele>
				<time>2025-04-30T08:05:29</time>
			</trkpt>
			<trkpt lat="48.848840771242976" lon="2.920181304216385">
				<ele>72.29</ele>
				<time>2025-04-30T08:05:33</time>
			</trkpt>
			<trkpt lat="48.848605155944824" lon="2.919938564300537">
				<ele>71.95</ele>
				<time>2025-04-30T08:05:38</time>
			</trkpt>
			<trkpt lat="48.848605239763856" lon="2.919938564300537">
				<ele>71.58</ele>
				<time>2025-04-30T08:05:38</time>
			</trkpt>
			<trkpt lat="48.84841203689575" lon="2.919745445251465">
				<ele>71.08</ele>
				<time>2025-04-30T08:05:41</time>
			</trkpt>
			<trkpt lat="48.848412120714784" lon="2.919745445251465">
				<ele>70.54</ele>
				<time>2025-04-30T08:05:41</time>
			</trkpt>
			<trkpt lat="48.84821883402765" lon="2.9196058865636587">
				<ele>69.85</ele>
				<time>2025-04-30T08:05:45</time>
			</trkpt>
			<trkpt lat="48.84802579879761" lon="2.919466495513916">
				<ele>69.09</ele>
				<time>2025-04-30T08:05:48</time>
			</trkpt>
			<trkpt lat="48.84787559509277" lon="2.9192304611206055">
				<ele>68.38</ele>
				<time>2025-04-30T08:05:52</time>
			</trkpt>
			<trkpt lat="48.8477379642427" lon="2.918890742585063">
				<ele>67.56</ele>
				<time>2025-04-30T08:05:56</time>
			</trkpt>
			<trkpt lat="48.84760033339262" lon="2.9185510240495205">
				<ele>66.83</ele>
				<time>2025-04-30T08:06:00</time>
			</trkpt>
			<trkpt lat="48.847462786361575" lon="2.918211305513978">
				<ele>65.99</ele>
				<time>2025-04-30T08:06:04</time>
			</trkpt>
			<trkpt lat="48.8473251555115" lon="2.9178716707974672">
				<ele>65.05</ele>
				<time>2025-04-30T08:06:09</time>
			</trkpt>
			<trkpt lat="48.84718894958496" lon="2.9175353050231934">
				<ele>64.08</ele>
				<time>2025-04-30T08:06:13</time>
			</trkpt>
			<trkpt lat="48.8471245765686" lon="2.917170524597168">
				<ele>63.27</ele>
				<time>2025-04-30T08:06:17</time>
			</trkpt>
			<trkpt lat="48.84706003591418" lon="2.916743801906705">
				<ele>62.51</ele>
				<time>2025-04-30T08:06:21</time>
			</trkpt>
			<trkpt lat="48.84699549525976" lon="2.916317079216242">
				<ele>61.75</ele>
				<time>2025-04-30T08:06:26</time>
			</trkpt>
			<trkpt lat="48.84693095460534" lon="2.9158904403448105">
				<ele>61.06</ele>
				<time>2025-04-30T08:06:31</time>
			</trkpt>
			<trkpt lat="48.84686641395092" lon="2.9154637176543474">
				<ele>60.42</ele>
				<time>2025-04-30T08:06:35</time>
			</trkpt>
			<trkpt lat="48.8468018732965" lon="2.915037078782916">
				<ele>59.87</ele>
				<time>2025-04-30T08:06:40</time>
			</trkpt>
			<trkpt lat="48.84673833847046" lon="2.9146170616149902">
				<ele>59.36</ele>
				<time>2025-04-30T08:06:44</time>
			</trkpt>
			<trkpt lat="48.84665762074292" lon="2.914192182943225">
				<ele>58.86</ele>
				<time>2025-04-30T08:06:49</time>
			</trkpt>
			<trkpt lat="48.84657698683441" lon="2.9137673042714596">
				<ele>58.48</ele>
				<time>2025-04-30T08:06:54</time>
			</trkpt>
			<trkpt lat="48.846496269106865" lon="2.9133424255996943">
				<ele>58.03</ele>
				<time>2025-04-30T08:06:58</time>
			</trkpt>
			<trkpt lat="48.84641647338867" lon="2.912921905517578">
				<ele>57.69</ele>
				<time>2025-04-30T08:07:03</time>
			</trkpt>
			<trkpt lat="48.84628739207983" lon="2.9125778283923864">
				<ele>57.3</ele>
				<time>2025-04-30T08:07:07</time>
			</trkpt>
			<trkpt lat="48.84615898132324" lon="2.9122352600097656">
				<ele>56.88</ele>
				<time>2025-04-30T08:07:11</time>
			</trkpt>
			<trkpt lat="48.84601565077901" lon="2.9119558073580265">
				<ele>56.45</ele>
				<time>2025-04-30T08:07:15</time>
			</trkpt>
			<trkpt lat="48.84587240405381" lon="2.911676438525319">
				<ele>56.01</ele>
				<time>2025-04-30T08:07:19</time>
			</trkpt>
			<trkpt lat="48.84572982788086" lon="2.911398410797119">
				<ele>55.63</ele>
				<time>2025-04-30T08:07:22</time>
			</trkpt>
			<trkpt lat="48.845601165667176" lon="2.9111623764038086">
				<ele>55.32</ele>
				<time>2025-04-30T08:07:26</time>
			</trkpt>
			<trkpt lat="48.84539480321109" lon="2.910814192146063">
				<ele>54.98</ele>
				<time>2025-04-30T08:07:31</time>
			</trkpt>
			<trkpt lat="48.84518852457404" lon="2.910466091707349">
				<ele>54.67</ele>
				<time>2025-04-30T08:07:35</time>
			</trkpt>
			<trkpt lat="48.84498224593699" lon="2.910117991268635">
				<ele>54.39</ele>
				<time>2025-04-30T08:07:40</time>
			</trkpt>
			<trkpt lat="48.84477588348091" lon="2.9097698908299208">
				<ele>54.17</ele>
				<time>2025-04-30T08:07:45</time>
			</trkpt>
			<trkpt lat="48.844571113586426" lon="2.909424304962158">
				<ele>54.04</ele>
				<time>2025-04-30T08:07:50</time>
			</trkpt>
			<trkpt lat="48.84436550550163" lon="2.909154240041971">
				<ele>53.88</ele>
				<time>2025-04-30T08:07:55</time>
			</trkpt>
			<trkpt lat="48.84415989741683" lon="2.908884175121784">
				<ele>53.83</ele>
				<time>2025-04-30T08:07:59</time>
			</trkpt>
			<trkpt lat="48.84395428933203" lon="2.908614110201597">
				<ele>53.91</ele>
				<time>2025-04-30T08:08:03</time>
			</trkpt>
			<trkpt lat="48.843748681247234" lon="2.90834404528141">
				<ele>54.01</ele>
				<time>2025-04-30T08:08:08</time>
			</trkpt>
			<trkpt lat="48.84354307316244" lon="2.908073980361223">
				<ele>54.18</ele>
				<time>2025-04-30T08:08:12</time>
			</trkpt>
			<trkpt lat="48.84333746507764" lon="2.907803999260068">
				<ele>54.32</ele>
				<time>2025-04-30T08:08:16</time>
			</trkpt>
			<trkpt lat="48.84313344955444" lon="2.907536029815674">
				<ele>54.45</ele>
				<time>2025-04-30T08:08:21</time>
			</trkpt>
			<trkpt lat="48.84288643486798" lon="2.907278286293149">
				<ele>54.51</ele>
				<time>2025-04-30T08:08:25</time>
			</trkpt>
			<trkpt lat="48.8426399230957" lon="2.9070210456848145">
				<ele>54.46</ele>
				<time>2025-04-30T08:08:30</time>
			</trkpt>
			<trkpt lat="48.84235016070306" lon="2.9068493004888296">
				<ele>54.44</ele>
				<time>2025-04-30T08:08:35</time>
			</trkpt>
			<trkpt lat="48.842060565948486" lon="2.906677722930908">
				<ele>54.52</ele>
				<time>2025-04-30T08:08:40</time>
			</trkpt>
			<trkpt lat="48.8418888207525" lon="2.9066025372594595">
				<ele>54.55</ele>
				<time>2025-04-30T08:08:43</time>
			</trkpt>
			<trkpt lat="48.84171724319458" lon="2.906527519226074">
				<ele>54.56</ele>
				<time>2025-04-30T08:08:46</time>
			</trkpt>
			<trkpt lat="48.84142396040261" lon="2.906460715457797">
				<ele>54.47</ele>
				<time>2025-04-30T08:08:51</time>
			</trkpt>
			<trkpt lat="48.84113076142967" lon="2.9063939955085516">
				<ele>54.28</ele>
				<time>2025-04-30T08:08:55</time>
			</trkpt>
			<trkpt lat="48.84083756245673" lon="2.9063271917402744">
				<ele>54.13</ele>
				<time>2025-04-30T08:09:00</time>
			</trkpt>
			<trkpt lat="48.84054436348379" lon="2.906260471791029">
				<ele>54.01</ele>
				<time>2025-04-30T08:09:05</time>
			</trkpt>
			<trkpt lat="48.840251164510846" lon="2.9061937518417835">
				<ele>53.91</ele>
				<time>2025-04-30T08:09:10</time>
			</trkpt>
			<trkpt lat="48.839957965537906" lon="2.9061269480735064">
				<ele>53.8</ele>
				<time>2025-04-30T08:09:14</time>
			</trkpt>
			<trkpt lat="48.83966468274593" lon="2.906060228124261">
				<ele>53.69</ele>
				<time>2025-04-30T08:09:19</time>
			</trkpt>
			<trkpt lat="48.83937148377299" lon="2.9059934243559837">
				<ele>53.62</ele>
				<time>2025-04-30T08:09:24</time>
			</trkpt>
			<trkpt lat="48.83907803334296" lon="2.9059267044067383">
				<ele>53.59</ele>
				<time>2025-04-30T08:09:29</time>
			</trkpt>
			<trkpt lat="48.83878407999873" lon="2.9058579728007317">
				<ele>53.49</ele>
				<time>2025-04-30T08:09:33</time>
			</trkpt>
			<trkpt lat="48.838490126654506" lon="2.9057893250137568">
				<ele>53.32</ele>
				<time>2025-04-30T08:09:38</time>
			</trkpt>
			<trkpt lat="48.83819617331028" lon="2.905720677226782">
				<ele>53.13</ele>
				<time>2025-04-30T08:09:43</time>
			</trkpt>
			<trkpt lat="48.837902219966054" lon="2.905652029439807">
				<ele>52.95</ele>
				<time>2025-04-30T08:09:48</time>
			</trkpt>
			<trkpt lat="48.83760826662183" lon="2.905583381652832">
				<ele>52.86</ele>
				<time>2025-04-30T08:09:52</time>
			</trkpt>
			<trkpt lat="48.8373143132776" lon="2.905514733865857">
				<ele>52.83</ele>
				<time>2025-04-30T08:09:57</time>
			</trkpt>
			<trkpt lat="48.837020359933376" lon="2.905446086078882">
				<ele>52.77</ele>
				<time>2025-04-30T08:10:02</time>
			</trkpt>
			<trkpt lat="48.83672640658915" lon="2.9053773544728756">
				<ele>52.72</ele>
				<time>2025-04-30T08:10:07</time>
			</trkpt>
			<trkpt lat="48.836432453244925" lon="2.9053087066859007">
				<ele>52.7</ele>
				<time>2025-04-30T08:10:12</time>
			</trkpt>
			<trkpt lat="48.8361382484436" lon="2.905240058898926">
				<ele>52.7</ele>
				<time>2025-04-30T08:10:16</time>
			</trkpt>
			<trkpt lat="48.836138332262635" lon="2.905240058898926">
				<ele>52.71</ele>
				<time>2025-04-30T08:10:16</time>
			</trkpt>
			<trkpt lat="48.83596658706665" lon="2.905186414718628">
				<ele>52.72</ele>
				<time>2025-04-30T08:10:19</time>
			</trkpt>
			<trkpt lat="48.8357949256897" lon="2.90513277053833">
				<ele>52.77</ele>
				<time>2025-04-30T08:10:22</time>
			</trkpt>
			<trkpt lat="48.83550055325031" lon="2.9049641266465187">
				<ele>52.88</ele>
				<time>2025-04-30T08:10:27</time>
			</trkpt>
			<trkpt lat="48.83520618081093" lon="2.9047954827547073">
				<ele>53.01</ele>
				<time>2025-04-30T08:10:32</time>
			</trkpt>
			<trkpt lat="48.834911892190576" lon="2.904626838862896">
				<ele>53.09</ele>
				<time>2025-04-30T08:10:37</time>
			</trkpt>
			<trkpt lat="48.83461751975119" lon="2.9044581949710846">
				<ele>53.13</ele>
				<time>2025-04-30T08:10:42</time>
			</trkpt>
			<trkpt lat="48.83432323113084" lon="2.9042895510792732">
				<ele>53.31</ele>
				<time>2025-04-30T08:10:47</time>
			</trkpt>
			<trkpt lat="48.834028858691454" lon="2.904120907187462">
				<ele>53.55</ele>
				<time>2025-04-30T08:10:52</time>
			</trkpt>
			<trkpt lat="48.83373498916626" lon="2.9039525985717773">
				<ele>53.81</ele>
				<time>2025-04-30T08:10:57</time>
			</trkpt>
			<trkpt lat="48.83345939218998" lon="2.9037718009203672">
				<ele>54.1</ele>
				<time>2025-04-30T08:11:02</time>
			</trkpt>
			<trkpt lat="48.83318387903273" lon="2.903591087087989">
				<ele>54.34</ele>
				<time>2025-04-30T08:11:07</time>
			</trkpt>
			<trkpt lat="48.83290836587548" lon="2.9034103732556105">
				<ele>54.65</ele>
				<time>2025-04-30T08:11:12</time>
			</trkpt>
			<trkpt lat="48.8326327688992" lon="2.903229659423232">
				<ele>55.0</ele>
				<time>2025-04-30T08:11:16</time>
			</trkpt>
			<trkpt lat="48.832357255741954" lon="2.9030489455908537">
				<ele>55.27</ele>
				<time>2025-04-30T08:11:21</time>
			</trkpt>
			<trkpt lat="48.832081742584705" lon="2.9028682317584753">
				<ele>55.58</ele>
				<time>2025-04-30T08:11:26</time>
			</trkpt>
			<trkpt lat="48.83180622942746" lon="2.902687517926097">
				<ele>55.93</ele>
				<time>2025-04-30T08:11:31</time>
			</trkpt>
			<trkpt lat="48.83153063245118" lon="2.9025068879127502">
				<ele>56.18</ele>
				<time>2025-04-30T08:11:36</time>
			</trkpt>
			<trkpt lat="48.831255957484245" lon="2.902326676994562">
				<ele>56.31</ele>
				<time>2025-04-30T08:11:40</time>
			</trkpt>
			<trkpt lat="48.831255873665214" lon="2.902326676994562">
				<ele>56.62</ele>
				<time>2025-04-30T08:11:40</time>
			</trkpt>
			<trkpt lat="48.83098061196506" lon="2.902146130800247">
				<ele>56.72</ele>
				<time>2025-04-30T08:11:45</time>
			</trkpt>
			<trkpt lat="48.83070543408394" lon="2.901965668424964">
				<ele>56.73</ele>
				<time>2025-04-30T08:11:50</time>
			</trkpt>
			<trkpt lat="48.83043050765991" lon="2.901785373687744">
				<ele>56.73</ele>
				<time>2025-04-30T08:11:55</time>
			</trkpt>
			<trkpt lat="48.830344676971436" lon="2.9016780853271484">
				<ele>56.86</ele>
				<time>2025-04-30T08:11:57</time>
			</trkpt>
			<trkpt lat="48.830194221809506" lon="2.901301821693778">
				<ele>57.22</ele>
				<time>2025-04-30T08:12:01</time>
			</trkpt>
			<trkpt lat="48.8300443533808" lon="2.9009270668029785">
				<ele>57.49</ele>
				<time>2025-04-30T08:12:06</time>
			</trkpt>
			<trkpt lat="48.83000135421753" lon="2.901163101196289">
				<ele>57.37</ele>
				<time>2025-04-30T08:12:08</time>
			</trkpt>
			<trkpt lat="48.82993698120117" lon="2.901291847229004">
				<ele>57.32</ele>
				<time>2025-04-30T08:12:10</time>
			</trkpt>
			<trkpt lat="48.829829692840576" lon="2.9013776779174805">
				<ele>57.32</ele>
				<time>2025-04-30T08:12:12</time>
			</trkpt>
			<trkpt lat="48.82976531982422" lon="2.9013991355895996">
				<ele>57.42</ele>
				<time>2025-04-30T08:12:13</time>
			</trkpt>
			<trkpt lat="48.82957220077515" lon="2.9013454914093018">
				<ele>57.56</ele>
				<time>2025-04-30T08:12:16</time>
			</trkpt>
			<trkpt lat="48.829379081726074" lon="2.901291847229004">
				<ele>57.76</ele>
				<time>2025-04-30T08:12:19</time>
			</trkpt>
			<trkpt lat="48.829100131988525" lon="2.9013024922460318">
				<ele>58.04</ele>
				<time>2025-04-30T08:12:24</time>
			</trkpt>
			<trkpt lat="48.82882118225098" lon="2.901313304901123">
				<ele>58.4</ele>
				<time>2025-04-30T08:12:28</time>
			</trkpt>
			<trkpt lat="48.82856008596718" lon="2.9013740736991167">
				<ele>58.68</ele>
				<time>2025-04-30T08:12:33</time>
			</trkpt>
			<trkpt lat="48.82829907350242" lon="2.9014348424971104">
				<ele>58.95</ele>
				<time>2025-04-30T08:12:37</time>
			</trkpt>
			<trkpt lat="48.82803806103766" lon="2.901495611295104">
				<ele>59.24</ele>
				<time>2025-04-30T08:12:41</time>
			</trkpt>
			<trkpt lat="48.827776964753866" lon="2.9015564639121294">
				<ele>59.66</ele>
				<time>2025-04-30T08:12:45</time>
			</trkpt>
			<trkpt lat="48.827515952289104" lon="2.901617232710123">
				<ele>60.07</ele>
				<time>2025-04-30T08:12:50</time>
			</trkpt>
			<trkpt lat="48.82725477218628" lon="2.9016780853271484">
				<ele>60.35</ele>
				<time>2025-04-30T08:12:54</time>
			</trkpt>
			<trkpt lat="48.827093839645386" lon="2.901699459180236">
				<ele>60.75</ele>
				<time>2025-04-30T08:12:56</time>
			</trkpt>
			<trkpt lat="48.82693290710449" lon="2.9017210006713867">
				<ele>61.19</ele>
				<time>2025-04-30T08:12:59</time>
			</trkpt>
			<trkpt lat="48.82675051689148" lon="2.901710271835327">
				<ele>61.71</ele>
				<time>2025-04-30T08:13:02</time>
			</trkpt>
			<trkpt lat="48.8265682104975" lon="2.9016995429992676">
				<ele>62.11</ele>
				<time>2025-04-30T08:13:05</time>
			</trkpt>
			<trkpt lat="48.82648229598999" lon="2.9016995429992676">
				<ele>62.52</ele>
				<time>2025-04-30T08:13:06</time>
			</trkpt>
			<trkpt lat="48.82648237980902" lon="2.9016995429992676">
				<ele>62.94</ele>
				<time>2025-04-30T08:13:06</time>
			</trkpt>
			<trkpt lat="48.8262605946511" lon="2.90169233456254">
				<ele>63.3</ele>
				<time>2025-04-30T08:13:10</time>
			</trkpt>
			<trkpt lat="48.826038893312216" lon="2.9016852099448442">
				<ele>63.81</ele>
				<time>2025-04-30T08:13:13</time>
			</trkpt>
			<trkpt lat="48.8258171081543" lon="2.9016780853271484">
				<ele>64.38</ele>
				<time>2025-04-30T08:13:17</time>
			</trkpt>
			<trkpt lat="48.82553815841675" lon="2.901699459180236">
				<ele>64.8</ele>
				<time>2025-04-30T08:13:21</time>
			</trkpt>
			<trkpt lat="48.82525929249823" lon="2.901720916852355">
				<ele>65.21</ele>
				<time>2025-04-30T08:13:26</time>
			</trkpt>
			<trkpt lat="48.82498025894165" lon="2.901742458343506">
				<ele>65.57</ele>
				<time>2025-04-30T08:13:30</time>
			</trkpt>
			<trkpt lat="48.824830055236816" lon="2.9018068313598633">
				<ele>65.7</ele>
				<time>2025-04-30T08:13:33</time>
			</trkpt>
			<trkpt lat="48.82466903887689" lon="2.9019248485565186">
				<ele>65.51</ele>
				<time>2025-04-30T08:13:36</time>
			</trkpt>
			<trkpt lat="48.82450827397406" lon="2.902042865753174">
				<ele>65.48</ele>
				<time>2025-04-30T08:13:38</time>
			</trkpt>
			<trkpt lat="48.82436863146722" lon="2.902203882113099">
				<ele>65.21</ele>
				<time>2025-04-30T08:13:41</time>
			</trkpt>
			<trkpt lat="48.82422924041748" lon="2.902364730834961">
				<ele>65.03</ele>
				<time>2025-04-30T08:13:44</time>
			</trkpt>
			<trkpt lat="48.82405766285956" lon="2.902407646179199">
				<ele>64.87</ele>
				<time>2025-04-30T08:13:47</time>
			</trkpt>
			<trkpt lat="48.823864459991455" lon="2.90238618850708">
				<ele>64.72</ele>
				<time>2025-04-30T08:13:50</time>
			</trkpt>
			<trkpt lat="48.82355332374573" lon="2.902439748868346">
				<ele>64.53</ele>
				<time>2025-04-30T08:13:55</time>
			</trkpt>
			<trkpt lat="48.8232421875" lon="2.902493476867676">
				<ele>64.49</ele>
				<time>2025-04-30T08:14:00</time>
			</trkpt>
			<trkpt lat="48.823081171140075" lon="2.902557849884033">
				<ele>64.31</ele>
				<time>2025-04-30T08:14:03</time>
			</trkpt>
			<trkpt lat="48.82292032241821" lon="2.9026222229003906">
				<ele>64.13</ele>
				<time>2025-04-30T08:14:05</time>
			</trkpt>
			<trkpt lat="48.82266283035278" lon="2.902836799621582">
				<ele>63.88</ele>
				<time>2025-04-30T08:14:10</time>
			</trkpt>
			<trkpt lat="48.82245881482959" lon="2.903051543980837">
				<ele>63.5</ele>
				<time>2025-04-30T08:14:14</time>
			</trkpt>
			<trkpt lat="48.82225479930639" lon="2.9032662883400917">
				<ele>63.1</ele>
				<time>2025-04-30T08:14:18</time>
			</trkpt>
			<trkpt lat="48.82205086760223" lon="2.903480948880315">
				<ele>62.72</ele>
				<time>2025-04-30T08:14:22</time>
			</trkpt>
			<trkpt lat="48.82184752263129" lon="2.9036951065063477">
				<ele>62.33</ele>
				<time>2025-04-30T08:14:26</time>
			</trkpt>
			<trkpt lat="48.82178314961493" lon="2.903738021850586">
				<ele>61.95</ele>
				<time>2025-04-30T08:14:27</time>
			</trkpt>
			<trkpt lat="48.82153831422329" lon="2.9039999563246965">
				<ele>61.56</ele>
				<time>2025-04-30T08:14:32</time>
			</trkpt>
			<trkpt lat="48.82129347883165" lon="2.904261974617839">
				<ele>61.13</ele>
				<time>2025-04-30T08:14:37</time>
			</trkpt>
			<trkpt lat="48.82104864344001" lon="2.904523992910981">
				<ele>60.77</ele>
				<time>2025-04-30T08:14:41</time>
			</trkpt>
			<trkpt lat="48.8208038918674" lon="2.904785927385092">
				<ele>60.41</ele>
				<time>2025-04-30T08:14:46</time>
			</trkpt>
			<trkpt lat="48.82056006230414" lon="2.9050469398498535">
				<ele>60.03</ele>
				<time>2025-04-30T08:14:51</time>
			</trkpt>
			<trkpt lat="48.82043123245239" lon="2.9051971435546875">
				<ele>59.53</ele>
				<time>2025-04-30T08:14:54</time>
			</trkpt>
			<trkpt lat="48.82030248641968" lon="2.9053688049316406">
				<ele>58.94</ele>
				<time>2025-04-30T08:14:56</time>
			</trkpt>
			<trkpt lat="48.82019519805908" lon="2.9056906700134277">
				<ele>58.2</ele>
				<time>2025-04-30T08:15:00</time>
			</trkpt>
			<trkpt lat="48.820087909698486" lon="2.906055450439453">
				<ele>57.57</ele>
				<time>2025-04-30T08:15:04</time>
			</trkpt>
			<trkpt lat="48.82004499435425" lon="2.906484603881836">
				<ele>57.04</ele>
				<time>2025-04-30T08:15:09</time>
			</trkpt>
			<trkpt lat="48.820001911371946" lon="2.9069041181355715">
				<ele>56.56</ele>
				<time>2025-04-30T08:15:13</time>
			</trkpt>
			<trkpt lat="48.819958912208676" lon="2.907323632389307">
				<ele>56.03</ele>
				<time>2025-04-30T08:15:18</time>
			</trkpt>
			<trkpt lat="48.819915829226375" lon="2.9077432304620743">
				<ele>55.59</ele>
				<time>2025-04-30T08:15:22</time>
			</trkpt>
			<trkpt lat="48.819873332977295" lon="2.908158302307129">
				<ele>55.24</ele>
				<time>2025-04-30T08:15:27</time>
			</trkpt>
			<trkpt lat="48.81983024999499" lon="2.9085312131792307">
				<ele>54.96</ele>
				<time>2025-04-30T08:15:31</time>
			</trkpt>
			<trkpt lat="48.81978725083172" lon="2.9089041240513325">
				<ele>54.83</ele>
				<time>2025-04-30T08:15:35</time>
			</trkpt>
			<trkpt lat="48.81974467076361" lon="2.909274101257324">
				<ele>54.77</ele>
				<time>2025-04-30T08:15:39</time>
			</trkpt>
			<trkpt lat="48.81964777596295" lon="2.9096504487097263">
				<ele>54.87</ele>
				<time>2025-04-30T08:15:43</time>
			</trkpt>
			<trkpt lat="48.81955146789551" lon="2.910025119781494">
				<ele>55.07</ele>
				<time>2025-04-30T08:15:47</time>
			</trkpt>
			<trkpt lat="48.819397911429405" lon="2.910399790853262">
				<ele>55.32</ele>
				<time>2025-04-30T08:15:52</time>
			</trkpt>
			<trkpt lat="48.8192443549633" lon="2.9107744619250298">
				<ele>55.48</ele>
				<time>2025-04-30T08:15:56</time>
			</trkpt>
			<trkpt lat="48.8190907984972" lon="2.9111492168158293">
				<ele>55.59</ele>
				<time>2025-04-30T08:16:01</time>
			</trkpt>
			<trkpt lat="48.8189372420311" lon="2.911523887887597">
				<ele>55.7</ele>
				<time>2025-04-30T08:16:06</time>
			</trkpt>
			<trkpt lat="48.818783685564995" lon="2.911898558959365">
				<ele>55.89</ele>
				<time>2025-04-30T08:16:10</time>
			</trkpt>
			<trkpt lat="48.81863012909889" lon="2.9122733138501644">
				<ele>56.12</ele>
				<time>2025-04-30T08:16:15</time>
			</trkpt>
			<trkpt lat="48.81847866810858" lon="2.9126429557800293">
				<ele>56.42</ele>
				<time>2025-04-30T08:16:20</time>
			</trkpt>
			<trkpt lat="48.81838185712695" lon="2.9128794092684984">
				<ele>56.82</ele>
				<time>2025-04-30T08:16:23</time>
			</trkpt>
			<trkpt lat="48.81828546524048" lon="2.9131150245666504">
				<ele>57.23</ele>
				<time>2025-04-30T08:16:26</time>
			</trkpt>
			<trkpt lat="48.81812687963247" lon="2.913496568799019">
				<ele>57.75</ele>
				<time>2025-04-30T08:16:30</time>
			</trkpt>
			<trkpt lat="48.81796829402447" lon="2.913878196850419">
				<ele>58.26</ele>
				<time>2025-04-30T08:16:35</time>
			</trkpt>
			<trkpt lat="48.817809792235494" lon="2.9142598249018192">
				<ele>58.73</ele>
				<time>2025-04-30T08:16:40</time>
			</trkpt>
			<trkpt lat="48.81765120662749" lon="2.9146414529532194">
				<ele>59.2</ele>
				<time>2025-04-30T08:16:45</time>
			</trkpt>
			<trkpt lat="48.817492704838514" lon="2.915022997185588">
				<ele>59.83</ele>
				<time>2025-04-30T08:16:49</time>
			</trkpt>
			<trkpt lat="48.81733411923051" lon="2.915404625236988">
				<ele>60.51</ele>
				<time>2025-04-30T08:16:54</time>
			</trkpt>
			<trkpt lat="48.817175617441535" lon="2.9157862532883883">
				<ele>61.19</ele>
				<time>2025-04-30T08:16:59</time>
			</trkpt>
			<trkpt lat="48.81701946258545" lon="2.9161620140075684">
				<ele>61.93</ele>
				<time>2025-04-30T08:17:04</time>
			</trkpt>
			<trkpt lat="48.81701954640448" lon="2.9161620140075684">
				<ele>62.68</ele>
				<time>2025-04-30T08:17:04</time>
			</trkpt>
			<trkpt lat="48.81686590611935" lon="2.9165274649858475">
				<ele>63.56</ele>
				<time>2025-04-30T08:17:08</time>
			</trkpt>
			<trkpt lat="48.816712349653244" lon="2.9168929159641266">
				<ele>64.43</ele>
				<time>2025-04-30T08:17:13</time>
			</trkpt>
			<trkpt lat="48.81655879318714" lon="2.9172584507614374">
				<ele>65.42</ele>
				<time>2025-04-30T08:17:17</time>
			</trkpt>
			<trkpt lat="48.81640523672104" lon="2.9176239017397165">
				<ele>66.39</ele>
				<time>2025-04-30T08:17:22</time>
			</trkpt>
			<trkpt lat="48.816251680254936" lon="2.9179893527179956">
				<ele>67.47</ele>
				<time>2025-04-30T08:17:26</time>
			</trkpt>
			<trkpt lat="48.816098123788834" lon="2.9183548036962748">
				<ele>68.62</ele>
				<time>2025-04-30T08:17:31</time>
			</trkpt>
			<trkpt lat="48.815946662798524" lon="2.918715476989746">
				<ele>69.72</ele>
				<time>2025-04-30T08:17:35</time>
			</trkpt>
			<trkpt lat="48.815791849046946" lon="2.9190938360989094">
				<ele>70.92</ele>
				<time>2025-04-30T08:17:40</time>
			</trkpt>
			<trkpt lat="48.81563703529537" lon="2.9194721952080727">
				<ele>72.16</ele>
				<time>2025-04-30T08:17:45</time>
			</trkpt>
			<trkpt lat="48.81548222154379" lon="2.9198506381362677">
				<ele>73.34</ele>
				<time>2025-04-30T08:17:50</time>
			</trkpt>
			<trkpt lat="48.81532749161124" lon="2.920228997245431">
				<ele>74.65</ele>
				<time>2025-04-30T08:17:54</time>
			</trkpt>
			<trkpt lat="48.815174186602235" lon="2.9206037521362305">
				<ele>76.02</ele>
				<time>2025-04-30T08:17:59</time>
			</trkpt>
			<trkpt lat="48.815012918785214" lon="2.9209583904594183">
				<ele>77.36</ele>
				<time>2025-04-30T08:18:03</time>
			</trkpt>
			<trkpt lat="48.814852237701416" lon="2.921311855316162">
				<ele>78.65</ele>
				<time>2025-04-30T08:18:08</time>
			</trkpt>
			<trkpt lat="48.815115010365844" lon="2.921392237767577">
				<ele>79.81</ele>
				<time>2025-04-30T08:18:12</time>
			</trkpt>
			<trkpt lat="48.8153778668493" lon="2.921472704038024">
				<ele>80.92</ele>
				<time>2025-04-30T08:18:17</time>
			</trkpt>
			<trkpt lat="48.81564072333276" lon="2.9215531703084707">
				<ele>82.0</ele>
				<time>2025-04-30T08:18:21</time>
			</trkpt>
			<trkpt lat="48.815903663635254" lon="2.921633720397949">
				<ele>83.09</ele>
				<time>2025-04-30T08:18:25</time>
			</trkpt>
			<trkpt lat="48.81608974188566" lon="2.9217911325395107">
				<ele>84.09</ele>
				<time>2025-04-30T08:18:29</time>
			</trkpt>
			<trkpt lat="48.81627582013607" lon="2.9219485446810722">
				<ele>85.02</ele>
				<time>2025-04-30T08:18:32</time>
			</trkpt>
			<trkpt lat="48.81646164692938" lon="2.9221057891845703">
				<ele>85.96</ele>
				<time>2025-04-30T08:18:35</time>
			</trkpt>
			<trkpt lat="48.81646156311035" lon="2.9221057891845703">
				<ele>86.83</ele>
				<time>2025-04-30T08:18:35</time>
			</trkpt>
			<trkpt lat="48.81650447845459" lon="2.9221701622009277">
				<ele>87.73</ele>
				<time>2025-04-30T08:18:36</time>
			</trkpt>
			<trkpt lat="48.81650456227362" lon="2.9222559928894043">
				<ele>88.61</ele>
				<time>2025-04-30T08:18:37</time>
			</trkpt>
			<trkpt lat="48.81652601994574" lon="2.92236328125">
				<ele>89.51</ele>
				<time>2025-04-30T08:18:38</time>
			</trkpt>
			<trkpt lat="48.81652601994574" lon="2.9224276542663574">
				<ele>90.38</ele>
				<time>2025-04-30T08:18:39</time>
			</trkpt>
			<trkpt lat="48.81652601994574" lon="2.922492027282715">
				<ele>91.25</ele>
				<time>2025-04-30T08:18:40</time>
			</trkpt>
			<trkpt lat="48.81656893528998" lon="2.9227716475725174">
				<ele>92.2</ele>
				<time>2025-04-30T08:18:43</time>
			</trkpt>
			<trkpt lat="48.816611766815186" lon="2.9230499267578125">
				<ele>93.13</ele>
				<time>2025-04-30T08:18:46</time>
			</trkpt>
			<trkpt lat="48.816601037979126" lon="2.923361901193857">
				<ele>94.09</ele>
				<time>2025-04-30T08:18:49</time>
			</trkpt>
			<trkpt lat="48.8165903929621" lon="2.9236721992492676">
				<ele>95.04</ele>
				<time>2025-04-30T08:18:52</time>
			</trkpt>
			<trkpt lat="48.81656885147095" lon="2.92386531829834">
				<ele>96.01</ele>
				<time>2025-04-30T08:18:54</time>
			</trkpt>
			<trkpt lat="48.816547309979796" lon="2.924209563061595">
				<ele>96.99</ele>
				<time>2025-04-30T08:18:58</time>
			</trkpt>
			<trkpt lat="48.81652585230768" lon="2.92455380782485">
				<ele>98.04</ele>
				<time>2025-04-30T08:19:02</time>
			</trkpt>
			<trkpt lat="48.81650456227362" lon="2.9248952865600586">
				<ele>99.0</ele>
				<time>2025-04-30T08:19:05</time>
			</trkpt>
			<trkpt lat="48.81647581234574" lon="2.925232322886586">
				<ele>99.88</ele>
				<time>2025-04-30T08:19:09</time>
			</trkpt>
			<trkpt lat="48.816447062417865" lon="2.925569359213114">
				<ele>100.8</ele>
				<time>2025-04-30T08:19:13</time>
			</trkpt>
			<trkpt lat="48.81641864776611" lon="2.925903797149658">
				<ele>101.67</ele>
				<time>2025-04-30T08:19:16</time>
			</trkpt>
			<trkpt lat="48.8163432944566" lon="2.926183333620429">
				<ele>102.44</ele>
				<time>2025-04-30T08:19:19</time>
			</trkpt>
			<trkpt lat="48.81626844406128" lon="2.926461696624756">
				<ele>103.16</ele>
				<time>2025-04-30T08:19:22</time>
			</trkpt>
			<trkpt lat="48.81615369580686" lon="2.9268558975309134">
				<ele>103.82</ele>
				<time>2025-04-30T08:19:27</time>
			</trkpt>
			<trkpt lat="48.816039031371474" lon="2.9272501822561026">
				<ele>104.5</ele>
				<time>2025-04-30T08:19:32</time>
			</trkpt>
			<trkpt lat="48.815925205126405" lon="2.9276418685913086">
				<ele>105.13</ele>
				<time>2025-04-30T08:19:36</time>
			</trkpt>
			<trkpt lat="48.81596803665161" lon="2.927727699279785">
				<ele>105.54</ele>
				<time>2025-04-30T08:19:37</time>
			</trkpt>
			<trkpt lat="48.81605386734009" lon="2.9277491569519043">
				<ele>105.86</ele>
				<time>2025-04-30T08:19:39</time>
			</trkpt>
			<trkpt lat="48.81635779514909" lon="2.927791988477111">
				<ele>106.08</ele>
				<time>2025-04-30T08:19:43</time>
			</trkpt>
			<trkpt lat="48.81666172295809" lon="2.927834903821349">
				<ele>106.26</ele>
				<time>2025-04-30T08:19:48</time>
			</trkpt>
			<trkpt lat="48.81696565076709" lon="2.9278778191655874">
				<ele>106.31</ele>
				<time>2025-04-30T08:19:53</time>
			</trkpt>
			<trkpt lat="48.81726966239512" lon="2.9279207345098257">
				<ele>106.18</ele>
				<time>2025-04-30T08:19:58</time>
			</trkpt>
			<trkpt lat="48.81757359020412" lon="2.927963649854064">
				<ele>105.94</ele>
				<time>2025-04-30T08:20:03</time>
			</trkpt>
			<trkpt lat="48.81787785328925" lon="2.928006649017334">
				<ele>105.73</ele>
				<time>2025-04-30T08:20:08</time>
			</trkpt>
			<trkpt lat="48.818156719207764" lon="2.9280495643615723">
				<ele>105.45</ele>
				<time>2025-04-30T08:20:12</time>
			</trkpt>
			<trkpt lat="48.81824254989624" lon="2.928135395050049">
				<ele>105.01</ele>
				<time>2025-04-30T08:20:14</time>
			</trkpt>
			<trkpt lat="48.818199634552" lon="2.9283499717712402">
				<ele>104.4</ele>
				<time>2025-04-30T08:20:16</time>
			</trkpt>
			<trkpt lat="48.8180061802268" lon="2.9287224635481834">
				<ele>103.67</ele>
				<time>2025-04-30T08:20:21</time>
			</trkpt>
			<trkpt lat="48.817812725901604" lon="2.9290950391441584">
				<ele>102.99</ele>
				<time>2025-04-30T08:20:26</time>
			</trkpt>
			<trkpt lat="48.817620277404785" lon="2.9294657707214355">
				<ele>102.34</ele>
				<time>2025-04-30T08:20:31</time>
			</trkpt>
			<trkpt lat="48.81739589385688" lon="2.929771291092038">
				<ele>101.6</ele>
				<time>2025-04-30T08:20:36</time>
			</trkpt>
			<trkpt lat="48.81717151030898" lon="2.9300768114626408">
				<ele>100.77</ele>
				<time>2025-04-30T08:20:41</time>
			</trkpt>
			<trkpt lat="48.81694712676108" lon="2.9303823318332434">
				<ele>100.02</ele>
				<time>2025-04-30T08:20:46</time>
			</trkpt>
			<trkpt lat="48.81672274321318" lon="2.930687852203846">
				<ele>99.3</ele>
				<time>2025-04-30T08:20:51</time>
			</trkpt>
			<trkpt lat="48.816498443484306" lon="2.9309933725744486">
				<ele>98.56</ele>
				<time>2025-04-30T08:20:56</time>
			</trkpt>
			<trkpt lat="48.816274059936404" lon="2.931298892945051">
				<ele>97.75</ele>
				<time>2025-04-30T08:21:00</time>
			</trkpt>
			<trkpt lat="48.8160496763885" lon="2.931604413315654">
				<ele>96.92</ele>
				<time>2025-04-30T08:21:05</time>
			</trkpt>
			<trkpt lat="48.8158252928406" lon="2.9319099336862564">
				<ele>96.09</ele>
				<time>2025-04-30T08:21:10</time>
			</trkpt>
			<trkpt lat="48.815603256225586" lon="2.9322123527526855">
				<ele>95.33</ele>
				<time>2025-04-30T08:21:15</time>
			</trkpt>
			<trkpt lat="48.815495716407895" lon="2.932427264750004">
				<ele>94.47</ele>
				<time>2025-04-30T08:21:18</time>
			</trkpt>
			<trkpt lat="48.815388679504395" lon="2.9326415061950684">
				<ele>93.72</ele>
				<time>2025-04-30T08:21:20</time>
			</trkpt>
			<trkpt lat="48.815281139686704" lon="2.93298558332026">
				<ele>92.91</ele>
				<time>2025-04-30T08:21:24</time>
			</trkpt>
			<trkpt lat="48.8151741027832" lon="2.933328151702881">
				<ele>92.08</ele>
				<time>2025-04-30T08:21:28</time>
			</trkpt>
			<trkpt lat="48.81510956212878" lon="2.933693854138255">
				<ele>91.31</ele>
				<time>2025-04-30T08:21:32</time>
			</trkpt>
			<trkpt lat="48.81504544056952" lon="2.9340577125549316">
				<ele>90.57</ele>
				<time>2025-04-30T08:21:36</time>
			</trkpt>
			<trkpt lat="48.81491635926068" lon="2.9344447050243616">
				<ele>89.87</ele>
				<time>2025-04-30T08:21:41</time>
			</trkpt>
			<trkpt lat="48.81478727795184" lon="2.9348317813128233">
				<ele>89.36</ele>
				<time>2025-04-30T08:21:46</time>
			</trkpt>
			<trkpt lat="48.814659118652344" lon="2.9352164268493652">
				<ele>88.87</ele>
				<time>2025-04-30T08:21:50</time>
			</trkpt>
			<trkpt lat="48.814565828070045" lon="2.9356465861201286">
				<ele>88.48</ele>
				<time>2025-04-30T08:21:55</time>
			</trkpt>
			<trkpt lat="48.81447262130678" lon="2.9360768292099237">
				<ele>88.11</ele>
				<time>2025-04-30T08:22:00</time>
			</trkpt>
			<trkpt lat="48.814380168914795" lon="2.9365038871765137">
				<ele>87.96</ele>
				<time>2025-04-30T08:22:04</time>
			</trkpt>
			<trkpt lat="48.8143299613148" lon="2.936826506629586">
				<ele>87.9</ele>
				<time>2025-04-30T08:22:08</time>
			</trkpt>
			<trkpt lat="48.8142797537148" lon="2.9371492099016905">
				<ele>87.98</ele>
				<time>2025-04-30T08:22:11</time>
			</trkpt>
			<trkpt lat="48.81422996520996" lon="2.937469482421875">
				<ele>88.2</ele>
				<time>2025-04-30T08:22:15</time>
			</trkpt>
			<trkpt lat="48.81414924748242" lon="2.937845913693309">
				<ele>88.61</ele>
				<time>2025-04-30T08:22:19</time>
			</trkpt>
			<trkpt lat="48.81406861357391" lon="2.9382223449647427">
				<ele>89.14</ele>
				<time>2025-04-30T08:22:23</time>
			</trkpt>
			<trkpt lat="48.81398789584637" lon="2.9385987762361765">
				<ele>89.91</ele>
				<time>2025-04-30T08:22:27</time>
			</trkpt>
			<trkpt lat="48.813908100128174" lon="2.938971519470215">
				<ele>90.78</ele>
				<time>2025-04-30T08:22:32</time>
			</trkpt>
			<trkpt lat="48.8137149810791" lon="2.9390358924865723">
				<ele>92.03</ele>
				<time>2025-04-30T08:22:35</time>
			</trkpt>
			<trkpt lat="48.81343603134155" lon="2.9389607906341553">
				<ele>93.4</ele>
				<time>2025-04-30T08:22:39</time>
			</trkpt>
			<trkpt lat="48.813157081604004" lon="2.9388856887817383">
				<ele>94.63</ele>
				<time>2025-04-30T08:22:44</time>
			</trkpt>
			<trkpt lat="48.81287100724876" lon="2.938821315765381">
				<ele>96.03</ele>
				<time>2025-04-30T08:22:48</time>
			</trkpt>
			<trkpt lat="48.812584932893515" lon="2.9387569427490234">
				<ele>97.55</ele>
				<time>2025-04-30T08:22:53</time>
			</trkpt>
			<trkpt lat="48.81229877471924" lon="2.938692569732666">
				<ele>99.22</ele>
				<time>2025-04-30T08:22:58</time>
			</trkpt>
			<trkpt lat="48.81209132261574" lon="2.9385851975530386">
				<ele>100.97</ele>
				<time>2025-04-30T08:23:01</time>
			</trkpt>
			<trkpt lat="48.81188387051225" lon="2.938477909192443">
				<ele>102.79</ele>
				<time>2025-04-30T08:23:05</time>
			</trkpt>
			<trkpt lat="48.81167650222778" lon="2.938370704650879">
				<ele>104.58</ele>
				<time>2025-04-30T08:23:08</time>
			</trkpt>
			<trkpt lat="48.81156921386719" lon="2.938392162322998">
				<ele>106.21</ele>
				<time>2025-04-30T08:23:10</time>
			</trkpt>
			<trkpt lat="48.811397552490234" lon="2.9384994506835938">
				<ele>107.85</ele>
				<time>2025-04-30T08:23:13</time>
			</trkpt>
			<trkpt lat="48.81124718114734" lon="2.93868200853467">
				<ele>109.46</ele>
				<time>2025-04-30T08:23:16</time>
			</trkpt>
			<trkpt lat="48.811097145080566" lon="2.938864231109619">
				<ele>111.01</ele>
				<time>2025-04-30T08:23:19</time>
			</trkpt>
			<trkpt lat="48.81094694137573" lon="2.9391860961914062">
				<ele>112.56</ele>
				<time>2025-04-30T08:23:23</time>
			</trkpt>
			<trkpt lat="48.8108501303941" lon="2.939594713971019">
				<ele>113.91</ele>
				<time>2025-04-30T08:23:28</time>
			</trkpt>
			<trkpt lat="48.81075382232666" lon="2.9400014877319336">
				<ele>115.11</ele>
				<time>2025-04-30T08:23:32</time>
			</trkpt>
			<trkpt lat="48.81057109683752" lon="2.940366854891181">
				<ele>116.18</ele>
				<time>2025-04-30T08:23:37</time>
			</trkpt>
			<trkpt lat="48.810389041900635" lon="2.9407310485839844">
				<ele>117.2</ele>
				<time>2025-04-30T08:23:42</time>
			</trkpt>
			<trkpt lat="48.81026029586792" lon="2.9409027099609375">
				<ele>118.23</ele>
				<time>2025-04-30T08:23:45</time>
			</trkpt>
			<trkpt lat="48.81012048572302" lon="2.9413112439215183">
				<ele>119.12</ele>
				<time>2025-04-30T08:23:50</time>
			</trkpt>
			<trkpt lat="48.80998134613037" lon="2.941718101501465">
				<ele>119.96</ele>
				<time>2025-04-30T08:23:54</time>
			</trkpt>
			<trkpt lat="48.80995980463922" lon="2.941986992955208">
				<ele>120.73</ele>
				<time>2025-04-30T08:23:57</time>
			</trkpt>
			<trkpt lat="48.80993843078613" lon="2.9422545433044434">
				<ele>121.62</ele>
				<time>2025-04-30T08:24:00</time>
			</trkpt>
			<trkpt lat="48.80998134613037" lon="2.942512035369873">
				<ele>122.45</ele>
				<time>2025-04-30T08:24:03</time>
			</trkpt>
			<trkpt lat="48.80997086875141" lon="2.9428674280643463">
				<ele>123.3</ele>
				<time>2025-04-30T08:24:07</time>
			</trkpt>
			<trkpt lat="48.80996030755341" lon="2.9432216472923756">
				<ele>123.99</ele>
				<time>2025-04-30T08:24:10</time>
			</trkpt>
			<trkpt lat="48.80996030755341" lon="2.9432217311114073">
				<ele>124.52</ele>
				<time>2025-04-30T08:24:10</time>
			</trkpt>
			<trkpt lat="48.80996039137244" lon="2.9432217311114073">
				<ele>125.0</ele>
				<time>2025-04-30T08:24:10</time>
			</trkpt>
			<trkpt lat="48.809960475191474" lon="2.943220976740122">
				<ele>125.41</ele>
				<time>2025-04-30T08:24:10</time>
			</trkpt>
			<trkpt lat="48.80995988845825" lon="2.943241596221924">
				<ele>125.78</ele>
				<time>2025-04-30T08:24:11</time>
			</trkpt>
			<trkpt lat="48.809895515441895" lon="2.9436492919921875">
				<ele>126.19</ele>
				<time>2025-04-30T08:24:15</time>
			</trkpt>
			<trkpt lat="48.8097882270813" lon="2.9439282417297363">
				<ele>126.51</ele>
				<time>2025-04-30T08:24:18</time>
			</trkpt>
			<trkpt lat="48.80953073501587" lon="2.944185733795166">
				<ele>126.83</ele>
				<time>2025-04-30T08:24:23</time>
			</trkpt>
			<trkpt lat="48.80946636199951" lon="2.9442930221557617">
				<ele>126.94</ele>
				<time>2025-04-30T08:24:25</time>
			</trkpt>
			<trkpt lat="48.80942327901721" lon="2.9446049127727747">
				<ele>126.88</ele>
				<time>2025-04-30T08:24:28</time>
			</trkpt>
			<trkpt lat="48.809380531311035" lon="2.944915294647217">
				<ele>126.79</ele>
				<time>2025-04-30T08:24:32</time>
			</trkpt>
			<trkpt lat="48.809358989819884" lon="2.945338413119316">
				<ele>126.75</ele>
				<time>2025-04-30T08:24:36</time>
			</trkpt>
			<trkpt lat="48.809337532147765" lon="2.9457615315914154">
				<ele>126.66</ele>
				<time>2025-04-30T08:24:41</time>
			</trkpt>
			<trkpt lat="48.80931624211371" lon="2.946181297302246">
				<ele>126.48</ele>
				<time>2025-04-30T08:24:45</time>
			</trkpt>
			<trkpt lat="48.80933769978583" lon="2.9466438107192516">
				<ele>126.26</ele>
				<time>2025-04-30T08:24:50</time>
			</trkpt>
			<trkpt lat="48.809359073638916" lon="2.947103977203369">
				<ele>126.13</ele>
				<time>2025-04-30T08:24:55</time>
			</trkpt>
			<trkpt lat="48.809423530474305" lon="2.9474373254925013">
				<ele>126.03</ele>
				<time>2025-04-30T08:24:58</time>
			</trkpt>
			<trkpt lat="48.80948781967163" lon="2.9477691650390625">
				<ele>125.85</ele>
				<time>2025-04-30T08:25:02</time>
			</trkpt>
			<trkpt lat="48.80956308916211" lon="2.9480487015098333">
				<ele>125.67</ele>
				<time>2025-04-30T08:25:05</time>
			</trkpt>
			<trkpt lat="48.8096381071955" lon="2.94832706451416">
				<ele>125.49</ele>
				<time>2025-04-30T08:25:08</time>
			</trkpt>
			<trkpt lat="48.809659481048584" lon="2.948734760284424">
				<ele>125.35</ele>
				<time>2025-04-30T08:25:13</time>
			</trkpt>
			<trkpt lat="48.80959510803223" lon="2.9489493370056152">
				<ele>125.15</ele>
				<time>2025-04-30T08:25:15</time>
			</trkpt>
			<trkpt lat="48.809616565704346" lon="2.949228957295418">
				<ele>124.9</ele>
				<time>2025-04-30T08:25:18</time>
			</trkpt>
			<trkpt lat="48.809638023376465" lon="2.949507236480713">
				<ele>124.59</ele>
				<time>2025-04-30T08:25:21</time>
			</trkpt>
			<trkpt lat="48.80945563316345" lon="2.9494965076446533">
				<ele>124.3</ele>
				<time>2025-04-30T08:25:24</time>
			</trkpt>
			<trkpt lat="48.80927324295044" lon="2.9494857788085938">
				<ele>124.0</ele>
				<time>2025-04-30T08:25:27</time>
			</trkpt>
			<trkpt lat="48.80920886993408" lon="2.9495716094970703">
				<ele>123.61</ele>
				<time>2025-04-30T08:25:28</time>
			</trkpt>
			<trkpt lat="48.80926259793341" lon="2.949905041605234">
				<ele>123.1</ele>
				<time>2025-04-30T08:25:32</time>
			</trkpt>
			<trkpt lat="48.80931615829468" lon="2.9502367973327637">
				<ele>122.54</ele>
				<time>2025-04-30T08:25:36</time>
			</trkpt>
			<trkpt lat="48.80933769978583" lon="2.9505372047424316">
				<ele>121.96</ele>
				<time>2025-04-30T08:25:39</time>
			</trkpt>
			<trkpt lat="48.80961664952338" lon="2.950676679611206">
				<ele>121.22</ele>
				<time>2025-04-30T08:25:44</time>
			</trkpt>
			<trkpt lat="48.809895599260926" lon="2.9508161544799805">
				<ele>120.47</ele>
				<time>2025-04-30T08:25:48</time>
			</trkpt>
			<trkpt lat="48.81008863449097" lon="2.950923442840576">
				<ele>119.77</ele>
				<time>2025-04-30T08:25:52</time>
			</trkpt>
			<trkpt lat="48.81019592285156" lon="2.95107364654541">
				<ele>119.08</ele>
				<time>2025-04-30T08:25:54</time>
			</trkpt>
			<trkpt lat="48.81023892201483" lon="2.9512667655944824">
				<ele>118.47</ele>
				<time>2025-04-30T08:25:56</time>
			</trkpt>
			<trkpt lat="48.81026037968695" lon="2.951374053955078">
				<ele>117.96</ele>
				<time>2025-04-30T08:25:57</time>
			</trkpt>
			<trkpt lat="48.81032056175172" lon="2.9517612140625715">
				<ele>117.57</ele>
				<time>2025-04-30T08:26:01</time>
			</trkpt>
			<trkpt lat="48.810380743816495" lon="2.9521484579890966">
				<ele>117.23</ele>
				<time>2025-04-30T08:26:06</time>
			</trkpt>
			<trkpt lat="48.8104410097003" lon="2.9525357019156218">
				<ele>117.01</ele>
				<time>2025-04-30T08:26:10</time>
			</trkpt>
			<trkpt lat="48.81050119176507" lon="2.952922945842147">
				<ele>116.82</ele>
				<time>2025-04-30T08:26:14</time>
			</trkpt>
			<trkpt lat="48.81056070327759" lon="2.953305244445801">
				<ele>116.84</ele>
				<time>2025-04-30T08:26:18</time>
			</trkpt>
			<trkpt lat="48.81058216094971" lon="2.9535412788391113">
				<ele>117.0</ele>
				<time>2025-04-30T08:26:21</time>
			</trkpt>
			<trkpt lat="48.81053924560547" lon="2.953798770904541">
				<ele>117.36</ele>
				<time>2025-04-30T08:26:23</time>
			</trkpt>
			<trkpt lat="48.81047487258911" lon="2.95382022857666">
				<ele>117.85</ele>
				<time>2025-04-30T08:26:24</time>
			</trkpt>
			<trkpt lat="48.810389041900635" lon="2.953927516937256">
				<ele>118.46</ele>
				<time>2025-04-30T08:26:26</time>
			</trkpt>
			<trkpt lat="48.81020992062986" lon="2.954257009550929">
				<ele>119.27</ele>
				<time>2025-04-30T08:26:31</time>
			</trkpt>
			<trkpt lat="48.81003079935908" lon="2.9545865021646023">
				<ele>120.09</ele>
				<time>2025-04-30T08:26:35</time>
			</trkpt>
			<trkpt lat="48.809852600097656" lon="2.9549145698547363">
				<ele>121.01</ele>
				<time>2025-04-30T08:26:40</time>
			</trkpt>
			<trkpt lat="48.80985268391669" lon="2.9549145698547363">
				<ele>121.78</ele>
				<time>2025-04-30T08:26:40</time>
			</trkpt>
			<trkpt lat="48.80966727621853" lon="2.955250348895788">
				<ele>122.68</ele>
				<time>2025-04-30T08:26:44</time>
			</trkpt>
			<trkpt lat="48.80948195233941" lon="2.95558612793684">
				<ele>123.58</ele>
				<time>2025-04-30T08:26:49</time>
			</trkpt>
			<trkpt lat="48.809296544641256" lon="2.955921906977892">
				<ele>124.35</ele>
				<time>2025-04-30T08:26:54</time>
			</trkpt>
			<trkpt lat="48.809111220762134" lon="2.9562577698379755">
				<ele>125.05</ele>
				<time>2025-04-30T08:26:58</time>
			</trkpt>
			<trkpt lat="48.80892581306398" lon="2.9565935488790274">
				<ele>125.63</ele>
				<time>2025-04-30T08:27:03</time>
			</trkpt>
			<trkpt lat="48.808740489184856" lon="2.9569293279200792">
				<ele>126.0</ele>
				<time>2025-04-30T08:27:07</time>
			</trkpt>
			<trkpt lat="48.8085550814867" lon="2.957265106961131">
				<ele>126.26</ele>
				<time>2025-04-30T08:27:12</time>
			</trkpt>
			<trkpt lat="48.808372020721436" lon="2.957596778869629">
				<ele>126.59</ele>
				<time>2025-04-30T08:27:17</time>
			</trkpt>
			<trkpt lat="48.808200024068356" lon="2.9579621460288763">
				<ele>126.79</ele>
				<time>2025-04-30T08:27:21</time>
			</trkpt>
			<trkpt lat="48.80802878178656" lon="2.9583263397216797">
				<ele>126.63</ele>
				<time>2025-04-30T08:27:26</time>
			</trkpt>
			<trkpt lat="48.807878410443664" lon="2.958487356081605">
				<ele>126.52</ele>
				<time>2025-04-30T08:27:29</time>
			</trkpt>
			<trkpt lat="48.80772829055786" lon="2.958648204803467">
				<ele>126.28</ele>
				<time>2025-04-30T08:27:32</time>
			</trkpt>
			<trkpt lat="48.80751371383667" lon="2.95881986618042">
				<ele>126.03</ele>
				<time>2025-04-30T08:27:36</time>
			</trkpt>
			<trkpt lat="48.807384967803955" lon="2.9588842391967773">
				<ele>125.76</ele>
				<time>2025-04-30T08:27:38</time>
			</trkpt>
			<trkpt lat="48.80720257759094" lon="2.9588735103607178">
				<ele>125.51</ele>
				<time>2025-04-30T08:27:41</time>
			</trkpt>
			<trkpt lat="48.80702018737793" lon="2.958862781524658">
				<ele>125.18</ele>
				<time>2025-04-30T08:27:44</time>
			</trkpt>
			<trkpt lat="48.80682706832886" lon="2.9589486122131348">
				<ele>124.64</ele>
				<time>2025-04-30T08:27:47</time>
			</trkpt>
			<trkpt lat="48.806593883782625" lon="2.959212390705943">
				<ele>123.95</ele>
				<time>2025-04-30T08:27:52</time>
			</trkpt>
			<trkpt lat="48.80636069923639" lon="2.959476253017783">
				<ele>123.13</ele>
				<time>2025-04-30T08:27:56</time>
			</trkpt>
			<trkpt lat="48.80612751469016" lon="2.9597401153296232">
				<ele>122.34</ele>
				<time>2025-04-30T08:28:01</time>
			</trkpt>
			<trkpt lat="48.80589433014393" lon="2.9600039776414633">
				<ele>121.68</ele>
				<time>2025-04-30T08:28:06</time>
			</trkpt>
			<trkpt lat="48.805661145597696" lon="2.9602678399533033">
				<ele>120.97</ele>
				<time>2025-04-30T08:28:10</time>
			</trkpt>
			<trkpt lat="48.805428044870496" lon="2.9605317022651434">
				<ele>120.25</ele>
				<time>2025-04-30T08:28:15</time>
			</trkpt>
			<trkpt lat="48.8051962852478" lon="2.960793972015381">
				<ele>119.35</ele>
				<time>2025-04-30T08:28:20</time>
			</trkpt>
			<trkpt lat="48.80505672656" lon="2.960911989212036">
				<ele>118.52</ele>
				<time>2025-04-30T08:28:22</time>
			</trkpt>
			<trkpt lat="48.804917335510254" lon="2.9610300064086914">
				<ele>117.81</ele>
				<time>2025-04-30T08:28:25</time>
			</trkpt>
			<trkpt lat="48.8047990668565" lon="2.9613094590604305">
				<ele>117.12</ele>
				<time>2025-04-30T08:28:28</time>
			</trkpt>
			<trkpt lat="48.80468130111694" lon="2.961587905883789">
				<ele>116.53</ele>
				<time>2025-04-30T08:28:32</time>
			</trkpt>
			<trkpt lat="48.80453076213598" lon="2.961960481479764">
				<ele>116.04</ele>
				<time>2025-04-30T08:28:36</time>
			</trkpt>
			<trkpt lat="48.80438030697405" lon="2.9623331408947706">
				<ele>115.62</ele>
				<time>2025-04-30T08:28:41</time>
			</trkpt>
			<trkpt lat="48.80423077382147" lon="2.9627037048339844">
				<ele>115.23</ele>
				<time>2025-04-30T08:28:46</time>
			</trkpt>
			<trkpt lat="48.80410881713033" lon="2.9630620311945677">
				<ele>114.76</ele>
				<time>2025-04-30T08:28:50</time>
			</trkpt>
			<trkpt lat="48.80398694425821" lon="2.9634204413741827">
				<ele>114.48</ele>
				<time>2025-04-30T08:28:54</time>
			</trkpt>
			<trkpt lat="48.803865909576416" lon="2.9637765884399414">
				<ele>114.29</ele>
				<time>2025-04-30T08:28:58</time>
			</trkpt>
			<trkpt lat="48.803758369758725" lon="2.964163664728403">
				<ele>114.14</ele>
				<time>2025-04-30T08:29:03</time>
			</trkpt>
			<trkpt lat="48.803650829941034" lon="2.9645508248358965">
				<ele>114.1</ele>
				<time>2025-04-30T08:29:07</time>
			</trkpt>
			<trkpt lat="48.80354412831366" lon="2.964935302734375">
				<ele>114.3</ele>
				<time>2025-04-30T08:29:12</time>
			</trkpt>
			<trkpt lat="48.80340431816876" lon="2.9652684833854437">
				<ele>114.5</ele>
				<time>2025-04-30T08:29:16</time>
			</trkpt>
			<trkpt lat="48.80326517857611" lon="2.9656004905700684">
				<ele>114.67</ele>
				<time>2025-04-30T08:29:20</time>
			</trkpt>
			<trkpt lat="48.80322209559381" lon="2.9658908396959305">
				<ele>114.86</ele>
				<time>2025-04-30T08:29:23</time>
			</trkpt>
			<trkpt lat="48.803179347887635" lon="2.966179847717285">
				<ele>115.1</ele>
				<time>2025-04-30T08:29:26</time>
			</trkpt>
			<trkpt lat="48.803157890215516" lon="2.9662656784057617">
				<ele>115.34</ele>
				<time>2025-04-30T08:29:27</time>
			</trkpt>
			<trkpt lat="48.803114807233214" lon="2.9665345698595047">
				<ele>115.56</ele>
				<time>2025-04-30T08:29:30</time>
			</trkpt>
			<trkpt lat="48.80307205952704" lon="2.9668021202087402">
				<ele>115.76</ele>
				<time>2025-04-30T08:29:33</time>
			</trkpt>
			<trkpt lat="48.8030291441828" lon="2.967038154602051">
				<ele>116.08</ele>
				<time>2025-04-30T08:29:36</time>
			</trkpt>
			<trkpt lat="48.802971728146076" lon="2.96750427223742">
				<ele>116.5</ele>
				<time>2025-04-30T08:29:41</time>
			</trkpt>
			<trkpt lat="48.80291439592838" lon="2.9679703898727894">
				<ele>117.02</ele>
				<time>2025-04-30T08:29:46</time>
			</trkpt>
			<trkpt lat="48.80285748280585" lon="2.968432903289795">
				<ele>117.54</ele>
				<time>2025-04-30T08:29:51</time>
			</trkpt>
			<trkpt lat="48.80283602513373" lon="2.968754768371582">
				<ele>118.08</ele>
				<time>2025-04-30T08:29:54</time>
			</trkpt>
			<trkpt lat="48.80281456746161" lon="2.969033718109131">
				<ele>118.71</ele>
				<time>2025-04-30T08:29:57</time>
			</trkpt>
			<trkpt lat="48.80281456746161" lon="2.9691410064697266">
				<ele>119.3</ele>
				<time>2025-04-30T08:29:58</time>
			</trkpt>
			<trkpt lat="48.80278221331537" lon="2.969506708905101">
				<ele>120.01</ele>
				<time>2025-04-30T08:30:02</time>
			</trkpt>
			<trkpt lat="48.80275019444525" lon="2.9698705673217773">
				<ele>120.65</ele>
				<time>2025-04-30T08:30:06</time>
			</trkpt>
			<trkpt lat="48.802707279101014" lon="2.97029972076416">
				<ele>121.35</ele>
				<time>2025-04-30T08:30:10</time>
			</trkpt>
			<trkpt lat="48.802707279101014" lon="2.9705142974853516">
				<ele>122.1</ele>
				<time>2025-04-30T08:30:13</time>
			</trkpt>
			<trkpt lat="48.80268037319183" lon="2.9709284473210573">
				<ele>122.86</ele>
				<time>2025-04-30T08:30:17</time>
			</trkpt>
			<trkpt lat="48.80265346728265" lon="2.971342597156763">
				<ele>123.59</ele>
				<time>2025-04-30T08:30:21</time>
			</trkpt>
			<trkpt lat="48.80262656137347" lon="2.9717568308115005">
				<ele>124.3</ele>
				<time>2025-04-30T08:30:26</time>
			</trkpt>
			<trkpt lat="48.80259999074042" lon="2.9721665382385254">
				<ele>125.09</ele>
				<time>2025-04-30T08:30:30</time>
			</trkpt>
			<trkpt lat="48.8025785330683" lon="2.972402572631836">
				<ele>125.82</ele>
				<time>2025-04-30T08:30:33</time>
			</trkpt>
			<trkpt lat="48.80252472124994" lon="2.9727790039032698">
				<ele>126.68</ele>
				<time>2025-04-30T08:30:37</time>
			</trkpt>
			<trkpt lat="48.802471244707704" lon="2.973153591156006">
				<ele>127.49</ele>
				<time>2025-04-30T08:30:41</time>
			</trkpt>
			<trkpt lat="48.8024281617254" lon="2.9734977521002293">
				<ele>128.21</ele>
				<time>2025-04-30T08:30:44</time>
			</trkpt>
			<trkpt lat="48.80238541401923" lon="2.9738402366638184">
				<ele>128.85</ele>
				<time>2025-04-30T08:30:48</time>
			</trkpt>
			<trkpt lat="48.80236395634711" lon="2.974097728729248">
				<ele>129.32</ele>
				<time>2025-04-30T08:30:51</time>
			</trkpt>
			<trkpt lat="48.80236395634711" lon="2.974226474761963">
				<ele>129.69</ele>
				<time>2025-04-30T08:30:52</time>
			</trkpt>
			<trkpt lat="48.80234249867499" lon="2.974398136138916">
				<ele>129.99</ele>
				<time>2025-04-30T08:30:54</time>
			</trkpt>
			<trkpt lat="48.80234241485596" lon="2.97454833984375">
				<ele>130.2</ele>
				<time>2025-04-30T08:30:56</time>
			</trkpt>
			<trkpt lat="48.8023316860199" lon="2.9749463126063347">
				<ele>130.43</ele>
				<time>2025-04-30T08:31:00</time>
			</trkpt>
			<trkpt lat="48.80232104100287" lon="2.975342273712158">
				<ele>130.59</ele>
				<time>2025-04-30T08:31:04</time>
			</trkpt>
			<trkpt lat="48.80232104100287" lon="2.9756855964660645">
				<ele>130.55</ele>
				<time>2025-04-30T08:31:08</time>
			</trkpt>
			<trkpt lat="48.80231022834778" lon="2.9761373810470104">
				<ele>130.44</ele>
				<time>2025-04-30T08:31:12</time>
			</trkpt>
			<trkpt lat="48.80229958333075" lon="2.9765868186950684">
				<ele>130.28</ele>
				<time>2025-04-30T08:31:17</time>
			</trkpt>
			<trkpt lat="48.802295392379165" lon="2.976730652153492">
				<ele>130.08</ele>
				<time>2025-04-30T08:31:19</time>
			</trkpt>
			<trkpt lat="48.802295392379165" lon="2.9767308197915554">
				<ele>129.82</ele>
				<time>2025-04-30T08:31:19</time>
			</trkpt>
			<trkpt lat="48.802295392379165" lon="2.976732412353158">
				<ele>129.51</ele>
				<time>2025-04-30T08:31:19</time>
			</trkpt>
			<trkpt lat="48.802295476198196" lon="2.976732160896063">
				<ele>129.16</ele>
				<time>2025-04-30T08:31:19</time>
			</trkpt>
			<trkpt lat="48.802283657714725" lon="2.9771508369594812">
				<ele>128.69</ele>
				<time>2025-04-30T08:31:23</time>
			</trkpt>
			<trkpt lat="48.802271923050284" lon="2.9775695968419313">
				<ele>128.21</ele>
				<time>2025-04-30T08:31:28</time>
			</trkpt>
			<trkpt lat="48.802260272204876" lon="2.9779882729053497">
				<ele>127.75</ele>
				<time>2025-04-30T08:31:32</time>
			</trkpt>
			<trkpt lat="48.802248537540436" lon="2.9784070327878">
				<ele>127.34</ele>
				<time>2025-04-30T08:31:36</time>
			</trkpt>
			<trkpt lat="48.802236802875996" lon="2.97882579267025">
				<ele>126.86</ele>
				<time>2025-04-30T08:31:41</time>
			</trkpt>
			<trkpt lat="48.80222515203059" lon="2.9792444687336683">
				<ele>126.31</ele>
				<time>2025-04-30T08:31:45</time>
			</trkpt>
			<trkpt lat="48.80221366882324" lon="2.9796552658081055">
				<ele>125.78</ele>
				<time>2025-04-30T08:31:50</time>
			</trkpt>
			<trkpt lat="48.8022243976593" lon="2.9799349699169397">
				<ele>125.27</ele>
				<time>2025-04-30T08:31:53</time>
			</trkpt>
			<trkpt lat="48.80223512649536" lon="2.980213165283203">
				<ele>124.82</ele>
				<time>2025-04-30T08:31:55</time>
			</trkpt>
			<trkpt lat="48.80227452144027" lon="2.980607533827424">
				<ele>124.41</ele>
				<time>2025-04-30T08:32:00</time>
			</trkpt>
			<trkpt lat="48.802314000204206" lon="2.9810019861906767">
				<ele>124.06</ele>
				<time>2025-04-30T08:32:04</time>
			</trkpt>
			<trkpt lat="48.80235339514911" lon="2.9813964385539293">
				<ele>123.67</ele>
				<time>2025-04-30T08:32:08</time>
			</trkpt>
			<trkpt lat="48.80239287391305" lon="2.981790890917182">
				<ele>123.41</ele>
				<time>2025-04-30T08:32:12</time>
			</trkpt>
			<trkpt lat="48.80243235267699" lon="2.9821853432804346">
				<ele>123.25</ele>
				<time>2025-04-30T08:32:16</time>
			</trkpt>
			<trkpt lat="48.80247116088867" lon="2.9825735092163086">
				<ele>123.19</ele>
				<time>2025-04-30T08:32:21</time>
			</trkpt>
			<trkpt lat="48.80247116088867" lon="2.9829284828156233">
				<ele>123.22</ele>
				<time>2025-04-30T08:32:24</time>
			</trkpt>
			<trkpt lat="48.80247116088867" lon="2.9832816123962402">
				<ele>123.4</ele>
				<time>2025-04-30T08:32:28</time>
			</trkpt>
			<trkpt lat="48.802449787035584" lon="2.9834747314453125">
				<ele>123.54</ele>
				<time>2025-04-30T08:32:30</time>
			</trkpt>
			<trkpt lat="48.80234216339886" lon="2.983904890716076">
				<ele>123.67</ele>
				<time>2025-04-30T08:32:35</time>
			</trkpt>
			<trkpt lat="48.80223521031439" lon="2.984333038330078">
				<ele>123.78</ele>
				<time>2025-04-30T08:32:40</time>
			</trkpt>
			<trkpt lat="48.802142003551126" lon="2.9847201984375715">
				<ele>124.0</ele>
				<time>2025-04-30T08:32:44</time>
			</trkpt>
			<trkpt lat="48.80204879678786" lon="2.985107358545065">
				<ele>124.3</ele>
				<time>2025-04-30T08:32:49</time>
			</trkpt>
			<trkpt lat="48.801956260576844" lon="2.9854917526245117">
				<ele>124.63</ele>
				<time>2025-04-30T08:32:53</time>
			</trkpt>
			<trkpt lat="48.80185584537685" lon="2.985929036512971">
				<ele>124.86</ele>
				<time>2025-04-30T08:32:58</time>
			</trkpt>
			<trkpt lat="48.801755430176854" lon="2.986366404220462">
				<ele>125.1</ele>
				<time>2025-04-30T08:33:03</time>
			</trkpt>
			<trkpt lat="48.801655853167176" lon="2.9868006706237793">
				<ele>125.43</ele>
				<time>2025-04-30T08:33:07</time>
			</trkpt>
			<trkpt lat="48.80159148015082" lon="2.987058162689209">
				<ele>125.75</ele>
				<time>2025-04-30T08:33:10</time>
			</trkpt>
			<trkpt lat="48.80159139633179" lon="2.987058162689209">
				<ele>126.01</ele>
				<time>2025-04-30T08:33:10</time>
			</trkpt>
			<trkpt lat="48.801483772695065" lon="2.987493686378002">
				<ele>126.34</ele>
				<time>2025-04-30T08:33:15</time>
			</trkpt>
			<trkpt lat="48.801376232877374" lon="2.9879292100667953">
				<ele>126.54</ele>
				<time>2025-04-30T08:33:20</time>
			</trkpt>
			<trkpt lat="48.80126869305968" lon="2.9883648175746202">
				<ele>126.78</ele>
				<time>2025-04-30T08:33:25</time>
			</trkpt>
			<trkpt lat="48.801162242889404" lon="2.9887962341308594">
				<ele>126.96</ele>
				<time>2025-04-30T08:33:30</time>
			</trkpt>
			<trkpt lat="48.801162242889404" lon="2.989169145002961">
				<ele>127.09</ele>
				<time>2025-04-30T08:33:34</time>
			</trkpt>
			<trkpt lat="48.801162242889404" lon="2.989542055875063">
				<ele>127.2</ele>
				<time>2025-04-30T08:33:38</time>
			</trkpt>
			<trkpt lat="48.801162242889404" lon="2.9899120330810547">
				<ele>127.22</ele>
				<time>2025-04-30T08:33:42</time>
			</trkpt>
			<trkpt lat="48.801119327545166" lon="2.990105152130127">
				<ele>127.28</ele>
				<time>2025-04-30T08:33:44</time>
			</trkpt>
			<trkpt lat="48.80107641220093" lon="2.9901480674743652">
				<ele>127.32</ele>
				<time>2025-04-30T08:33:45</time>
			</trkpt>
			<trkpt lat="48.8008189201355" lon="2.9903197288513184">
				<ele>127.38</ele>
				<time>2025-04-30T08:33:49</time>
			</trkpt>
			<trkpt lat="48.80069017410278" lon="2.9903626441955566">
				<ele>127.38</ele>
				<time>2025-04-30T08:33:51</time>
			</trkpt>
			<trkpt lat="48.800625801086426" lon="2.9903411865234375">
				<ele>127.36</ele>
				<time>2025-04-30T08:33:52</time>
			</trkpt>
			<trkpt lat="48.800625801086426" lon="2.9904699325561523">
				<ele>127.32</ele>
				<time>2025-04-30T08:33:54</time>
			</trkpt>
			<trkpt lat="48.800534354522824" lon="2.9908570926636457">
				<ele>127.21</ele>
				<time>2025-04-30T08:33:58</time>
			</trkpt>
			<trkpt lat="48.800442991778255" lon="2.991244252771139">
				<ele>127.16</ele>
				<time>2025-04-30T08:34:02</time>
			</trkpt>
			<trkpt lat="48.80035154521465" lon="2.9916314128786325">
				<ele>127.19</ele>
				<time>2025-04-30T08:34:07</time>
			</trkpt>
			<trkpt lat="48.80026110447943" lon="2.9920148849487305">
				<ele>127.25</ele>
				<time>2025-04-30T08:34:11</time>
			</trkpt>
			<trkpt lat="48.80018575116992" lon="2.992315962910652">
				<ele>127.28</ele>
				<time>2025-04-30T08:34:14</time>
			</trkpt>
			<trkpt lat="48.8001109007746" lon="2.9926156997680664">
				<ele>127.34</ele>
				<time>2025-04-30T08:34:18</time>
			</trkpt>
			<trkpt lat="48.800003612414" lon="2.99302339553833">
				<ele>127.42</ele>
				<time>2025-04-30T08:34:22</time>
			</trkpt>
			<trkpt lat="48.79992825910449" lon="2.993399826809764">
				<ele>127.53</ele>
				<time>2025-04-30T08:34:27</time>
			</trkpt>
			<trkpt lat="48.79985298961401" lon="2.9937762580811977">
				<ele>127.74</ele>
				<time>2025-04-30T08:34:31</time>
			</trkpt>
			<trkpt lat="48.79977772012353" lon="2.9941526893526316">
				<ele>127.96</ele>
				<time>2025-04-30T08:34:35</time>
			</trkpt>
			<trkpt lat="48.799703205004334" lon="2.99452543258667">
				<ele>128.14</ele>
				<time>2025-04-30T08:34:39</time>
			</trkpt>
			<trkpt lat="48.79961712285876" lon="2.994977133348584">
				<ele>128.34</ele>
				<time>2025-04-30T08:34:44</time>
			</trkpt>
			<trkpt lat="48.79953154362738" lon="2.995426654815674">
				<ele>128.56</ele>
				<time>2025-04-30T08:34:49</time>
			</trkpt>
			<trkpt lat="48.79947773180902" lon="2.9957492742687464">
				<ele>128.81</ele>
				<time>2025-04-30T08:34:52</time>
			</trkpt>
			<trkpt lat="48.799424255266786" lon="2.996070384979248">
				<ele>129.08</ele>
				<time>2025-04-30T08:34:56</time>
			</trkpt>
			<trkpt lat="48.79940279759467" lon="2.996199131011963">
				<ele>129.38</ele>
				<time>2025-04-30T08:34:57</time>
			</trkpt>
			<trkpt lat="48.799370443448424" lon="2.996468022465706">
				<ele>129.66</ele>
				<time>2025-04-30T08:35:00</time>
			</trkpt>
			<trkpt lat="48.79933842457831" lon="2.9967355728149414">
				<ele>130.0</ele>
				<time>2025-04-30T08:35:03</time>
			</trkpt>
			<trkpt lat="48.79934906959534" lon="2.997047547250986">
				<ele>130.37</ele>
				<time>2025-04-30T08:35:06</time>
			</trkpt>
			<trkpt lat="48.7993597984314" lon="2.9973578453063965">
				<ele>130.78</ele>
				<time>2025-04-30T08:35:10</time>
			</trkpt>
			<trkpt lat="48.799123764038086" lon="2.997465133666992">
				<ele>131.24</ele>
				<time>2025-04-30T08:35:14</time>
			</trkpt>
			<trkpt lat="48.79901647567749" lon="2.9978299140930176">
				<ele>131.73</ele>
				<time>2025-04-30T08:35:18</time>
			</trkpt>
			<trkpt lat="48.79900574684143" lon="2.9981203470379114">
				<ele>132.12</ele>
				<time>2025-04-30T08:35:21</time>
			</trkpt>
			<trkpt lat="48.7989951018244" lon="2.9984092712402344">
				<ele>132.46</ele>
				<time>2025-04-30T08:35:24</time>
			</trkpt>
			<trkpt lat="48.79898428916931" lon="2.998764244839549">
				<ele>132.72</ele>
				<time>2025-04-30T08:35:28</time>
			</trkpt>
			<trkpt lat="48.79897356033325" lon="2.999117374420166">
				<ele>133.05</ele>
				<time>2025-04-30T08:35:31</time>
			</trkpt>
			<trkpt lat="48.7989951018244" lon="2.9994723480194807">
				<ele>133.36</ele>
				<time>2025-04-30T08:35:35</time>
			</trkpt>
			<trkpt lat="48.79901655949652" lon="2.9998254776000977">
				<ele>133.6</ele>
				<time>2025-04-30T08:35:39</time>
			</trkpt>
			<trkpt lat="48.79901655949652" lon="3.000190258026123">
				<ele>133.82</ele>
				<time>2025-04-30T08:35:43</time>
			</trkpt>
			<trkpt lat="48.79903801716864" lon="3.0005667731165886">
				<ele>133.99</ele>
				<time>2025-04-30T08:35:47</time>
			</trkpt>
			<trkpt lat="48.79905947484076" lon="3.000941276550293">
				<ele>134.15</ele>
				<time>2025-04-30T08:35:51</time>
			</trkpt>
			<trkpt lat="48.79907372407615" lon="3.001371519640088">
				<ele>134.21</ele>
				<time>2025-04-30T08:35:55</time>
			</trkpt>
			<trkpt lat="48.799088057130575" lon="3.001801846548915">
				<ele>134.21</ele>
				<time>2025-04-30T08:36:00</time>
			</trkpt>
			<trkpt lat="48.79910230636597" lon="3.0022287368774414">
				<ele>134.07</ele>
				<time>2025-04-30T08:36:04</time>
			</trkpt>
			<trkpt lat="48.799123764038086" lon="3.002669792622328">
				<ele>134.03</ele>
				<time>2025-04-30T08:36:09</time>
			</trkpt>
			<trkpt lat="48.79914530552924" lon="3.003110848367214">
				<ele>133.91</ele>
				<time>2025-04-30T08:36:14</time>
			</trkpt>
			<trkpt lat="48.79916684702039" lon="3.0035519041121006">
				<ele>133.73</ele>
				<time>2025-04-30T08:36:18</time>
			</trkpt>
			<trkpt lat="48.799188220873475" lon="3.003988265991211">
				<ele>133.49</ele>
				<time>2025-04-30T08:36:23</time>
			</trkpt>
			<trkpt lat="48.79918813705444" lon="3.0042894277721643">
				<ele>133.11</ele>
				<time>2025-04-30T08:36:26</time>
			</trkpt>
			<trkpt lat="48.79918813705444" lon="3.004589080810547">
				<ele>132.69</ele>
				<time>2025-04-30T08:36:29</time>
			</trkpt>
			<trkpt lat="48.79914530552924" lon="3.004889488220215">
				<ele>132.24</ele>
				<time>2025-04-30T08:36:32</time>
			</trkpt>
			<trkpt lat="48.79904489032924" lon="3.0052981059998274">
				<ele>131.73</ele>
				<time>2025-04-30T08:36:37</time>
			</trkpt>
			<trkpt lat="48.79894447512925" lon="3.0057068075984716">
				<ele>131.05</ele>
				<time>2025-04-30T08:36:42</time>
			</trkpt>
			<trkpt lat="48.79884414374828" lon="3.006115425378084">
				<ele>130.27</ele>
				<time>2025-04-30T08:36:46</time>
			</trkpt>
			<trkpt lat="48.79874372854829" lon="3.0065241269767284">
				<ele>129.46</ele>
				<time>2025-04-30T08:36:51</time>
			</trkpt>
			<trkpt lat="48.79864331334829" lon="3.0069328285753727">
				<ele>128.57</ele>
				<time>2025-04-30T08:36:55</time>
			</trkpt>
			<trkpt lat="48.79854440689087" lon="3.007335662841797">
				<ele>127.51</ele>
				<time>2025-04-30T08:37:00</time>
			</trkpt>
			<trkpt lat="48.79847986623645" lon="3.0077056400477886">
				<ele>126.31</ele>
				<time>2025-04-30T08:37:04</time>
			</trkpt>
			<trkpt lat="48.79841532558203" lon="3.0080756172537804">
				<ele>125.03</ele>
				<time>2025-04-30T08:37:08</time>
			</trkpt>
			<trkpt lat="48.79835078492761" lon="3.008445678278804">
				<ele>123.61</ele>
				<time>2025-04-30T08:37:12</time>
			</trkpt>
			<trkpt lat="48.798286244273186" lon="3.0088156554847956">
				<ele>122.03</ele>
				<time>2025-04-30T08:37:16</time>
			</trkpt>
			<trkpt lat="48.79822254180908" lon="3.009181022644043">
				<ele>120.23</ele>
				<time>2025-04-30T08:37:20</time>
			</trkpt>
			<trkpt lat="48.798115253448486" lon="3.0094170570373535">
				<ele>118.38</ele>
				<time>2025-04-30T08:37:23</time>
			</trkpt>
			<trkpt lat="48.79796488210559" lon="3.0095888022333384">
				<ele>116.43</ele>
				<time>2025-04-30T08:37:26</time>
			</trkpt>
			<trkpt lat="48.79781484603882" lon="3.0097603797912598">
				<ele>114.36</ele>
				<time>2025-04-30T08:37:29</time>
			</trkpt>
			<trkpt lat="48.797686183825135" lon="3.0100178718566895">
				<ele>112.11</ele>
				<time>2025-04-30T08:37:33</time>
			</trkpt>
			<trkpt lat="48.7976861000061" lon="3.0100178718566895">
				<ele>109.89</ele>
				<time>2025-04-30T08:37:33</time>
			</trkpt>
			<trkpt lat="48.79757319577038" lon="3.0103726778179407">
				<ele>107.33</ele>
				<time>2025-04-30T08:37:37</time>
			</trkpt>
			<trkpt lat="48.79746029153466" lon="3.010727483779192">
				<ele>104.69</ele>
				<time>2025-04-30T08:37:41</time>
			</trkpt>
			<trkpt lat="48.79734738729894" lon="3.0110822897404432">
				<ele>101.99</ele>
				<time>2025-04-30T08:37:45</time>
			</trkpt>
			<trkpt lat="48.79723557271063" lon="3.0114340782165527">
				<ele>99.28</ele>
				<time>2025-04-30T08:37:49</time>
			</trkpt>
			<trkpt lat="48.79699945449829" lon="3.0116701126098633">
				<ele>96.72</ele>
				<time>2025-04-30T08:37:54</time>
			</trkpt>
			<trkpt lat="48.796892166137695" lon="3.011906147003174">
				<ele>94.03</ele>
				<time>2025-04-30T08:37:57</time>
			</trkpt>
			<trkpt lat="48.79677750170231" lon="3.012207141146064">
				<ele>91.18</ele>
				<time>2025-04-30T08:38:00</time>
			</trkpt>
			<trkpt lat="48.79666283726692" lon="3.012508135288954">
				<ele>88.32</ele>
				<time>2025-04-30T08:38:04</time>
			</trkpt>
			<trkpt lat="48.79654892720282" lon="3.0128073692321777">
				<ele>85.55</ele>
				<time>2025-04-30T08:38:08</time>
			</trkpt>
			<trkpt lat="48.79648447036743" lon="3.0131077766418457">
				<ele>82.88</ele>
				<time>2025-04-30T08:38:11</time>
			</trkpt>
			<trkpt lat="48.79645865410566" lon="3.0135811027139425">
				<ele>80.22</ele>
				<time>2025-04-30T08:38:16</time>
			</trkpt>
			<trkpt lat="48.796432837843895" lon="3.0140544287860394">
				<ele>77.78</ele>
				<time>2025-04-30T08:38:21</time>
			</trkpt>
			<trkpt lat="48.79640702158213" lon="3.014527754858136">
				<ele>75.58</ele>
				<time>2025-04-30T08:38:26</time>
			</trkpt>
			<trkpt lat="48.79638120532036" lon="3.0150011647492647">
				<ele>73.55</ele>
				<time>2025-04-30T08:38:31</time>
			</trkpt>
			<trkpt lat="48.79635580815375" lon="3.015468120574951">
				<ele>71.85</ele>
				<time>2025-04-30T08:38:36</time>
			</trkpt>
			<trkpt lat="48.7963342666626" lon="3.0155324935913086">
				<ele>70.55</ele>
				<time>2025-04-30T08:38:37</time>
			</trkpt>
			<trkpt lat="48.79633435048163" lon="3.015618324279785">
				<ele>69.53</ele>
				<time>2025-04-30T08:38:38</time>
			</trkpt>
			<trkpt lat="48.79631280899048" lon="3.0157470703125">
				<ele>68.8</ele>
				<time>2025-04-30T08:38:39</time>
			</trkpt>
			<trkpt lat="48.79632353782654" lon="3.0160267744213343">
				<ele>68.39</ele>
				<time>2025-04-30T08:38:42</time>
			</trkpt>
			<trkpt lat="48.7963342666626" lon="3.0163049697875977">
				<ele>68.27</ele>
				<time>2025-04-30T08:38:45</time>
			</trkpt>
			<trkpt lat="48.796420097351074" lon="3.0167126655578613">
				<ele>68.48</ele>
				<time>2025-04-30T08:38:49</time>
			</trkpt>
			<trkpt lat="48.79646301269531" lon="3.016970157623291">
				<ele>69.02</ele>
				<time>2025-04-30T08:38:52</time>
			</trkpt>
			<trkpt lat="48.79646301269531" lon="3.017141819000244">
				<ele>69.83</ele>
				<time>2025-04-30T08:38:54</time>
			</trkpt>
			<trkpt lat="48.79633435048163" lon="3.017549514770508">
				<ele>71.02</ele>
				<time>2025-04-30T08:38:59</time>
			</trkpt>
			<trkpt lat="48.796184146776795" lon="3.0178070068359375">
				<ele>72.31</ele>
				<time>2025-04-30T08:39:03</time>
			</trkpt>
			<trkpt lat="48.796098064631224" lon="3.0181403551250696">
				<ele>73.94</ele>
				<time>2025-04-30T08:39:06</time>
			</trkpt>
			<trkpt lat="48.79601240158081" lon="3.018472194671631">
				<ele>75.81</ele>
				<time>2025-04-30T08:39:10</time>
			</trkpt>
			<trkpt lat="48.79594786092639" lon="3.0188522301614285">
				<ele>77.81</ele>
				<time>2025-04-30T08:39:14</time>
			</trkpt>
			<trkpt lat="48.79588332027197" lon="3.019232265651226">
				<ele>79.94</ele>
				<time>2025-04-30T08:39:18</time>
			</trkpt>
			<trkpt lat="48.79581928253174" lon="3.0196094512939453">
				<ele>82.31</ele>
				<time>2025-04-30T08:39:22</time>
			</trkpt>
			<trkpt lat="48.7957332842052" lon="3.019888987764716">
				<ele>84.77</ele>
				<time>2025-04-30T08:39:26</time>
			</trkpt>
			<trkpt lat="48.79564770497382" lon="3.020167350769043">
				<ele>87.37</ele>
				<time>2025-04-30T08:39:29</time>
			</trkpt>
			<trkpt lat="48.795647621154785" lon="3.020167350769043">
				<ele>89.78</ele>
				<time>2025-04-30T08:39:29</time>
			</trkpt>
			<trkpt lat="48.79557226784527" lon="3.020457699894905">
				<ele>92.44</ele>
				<time>2025-04-30T08:39:32</time>
			</trkpt>
			<trkpt lat="48.79549741744995" lon="3.0207467079162598">
				<ele>95.06</ele>
				<time>2025-04-30T08:39:35</time>
			</trkpt>
			<trkpt lat="48.79545433446765" lon="3.0210980772972107">
				<ele>97.72</ele>
				<time>2025-04-30T08:39:39</time>
			</trkpt>
			<trkpt lat="48.79541133530438" lon="3.0214494466781616">
				<ele>100.24</ele>
				<time>2025-04-30T08:39:43</time>
			</trkpt>
			<trkpt lat="48.795368671417236" lon="3.0217981338500977">
				<ele>102.6</ele>
				<time>2025-04-30T08:39:47</time>
			</trkpt>
			<trkpt lat="48.795390129089355" lon="3.02199125289917">
				<ele>104.78</ele>
				<time>2025-04-30T08:39:49</time>
			</trkpt>
			<trkpt lat="48.795476043596864" lon="3.022184371948242">
				<ele>106.8</ele>
				<time>2025-04-30T08:39:51</time>
			</trkpt>
			<trkpt lat="48.79549741744995" lon="3.0222272872924805">
				<ele>108.64</ele>
				<time>2025-04-30T08:39:52</time>
			</trkpt>
			<trkpt lat="48.79561560228467" lon="3.0224851984530687">
				<ele>110.4</ele>
				<time>2025-04-30T08:39:55</time>
			</trkpt>
			<trkpt lat="48.79573345184326" lon="3.02274227142334">
				<ele>112.07</ele>
				<time>2025-04-30T08:39:58</time>
			</trkpt>
			<trkpt lat="48.79586244933307" lon="3.0231185350567102">
				<ele>113.62</ele>
				<time>2025-04-30T08:40:03</time>
			</trkpt>
			<trkpt lat="48.79599094390869" lon="3.0234932899475098">
				<ele>114.99</ele>
				<time>2025-04-30T08:40:07</time>
			</trkpt>
			<trkpt lat="48.79605531692505" lon="3.023707866668701">
				<ele>116.15</ele>
				<time>2025-04-30T08:40:10</time>
			</trkpt>
			<trkpt lat="48.79605531692505" lon="3.0240511894226074">
				<ele>117.21</ele>
				<time>2025-04-30T08:40:14</time>
			</trkpt>
			<trkpt lat="48.79578357562423" lon="3.0240225233137608">
				<ele>118.09</ele>
				<time>2025-04-30T08:40:18</time>
			</trkpt>
			<trkpt lat="48.795511834323406" lon="3.023993941023946">
				<ele>118.82</ele>
				<time>2025-04-30T08:40:22</time>
			</trkpt>
			<trkpt lat="48.79524000920355" lon="3.023965358734131">
				<ele>119.4</ele>
				<time>2025-04-30T08:40:27</time>
			</trkpt>
			<trkpt lat="48.794939601793885" lon="3.0239309929311275">
				<ele>119.91</ele>
				<time>2025-04-30T08:40:31</time>
			</trkpt>
			<trkpt lat="48.79463919438422" lon="3.0238966271281242">
				<ele>120.42</ele>
				<time>2025-04-30T08:40:36</time>
			</trkpt>
			<trkpt lat="48.79433887079358" lon="3.0238623451441526">
				<ele>120.91</ele>
				<time>2025-04-30T08:40:41</time>
			</trkpt>
			<trkpt lat="48.79403846338391" lon="3.0238279793411493">
				<ele>121.36</ele>
				<time>2025-04-30T08:40:46</time>
			</trkpt>
			<trkpt lat="48.79373788833618" lon="3.0237936973571777">
				<ele>121.63</ele>
				<time>2025-04-30T08:40:51</time>
			</trkpt>
			<trkpt lat="48.79352322779596" lon="3.023915234953165">
				<ele>121.83</ele>
				<time>2025-04-30T08:40:54</time>
			</trkpt>
			<trkpt lat="48.79330865107477" lon="3.024036856368184">
				<ele>121.89</ele>
				<time>2025-04-30T08:40:58</time>
			</trkpt>
			<trkpt lat="48.79309415817261" lon="3.024158477783203">
				<ele>121.91</ele>
				<time>2025-04-30T08:41:02</time>
			</trkpt>
			<trkpt lat="48.792879581451416" lon="3.0243730545043945">
				<ele>122.01</ele>
				<time>2025-04-30T08:41:06</time>
			</trkpt>
			<trkpt lat="48.79277237690985" lon="3.0243730545043945">
				<ele>122.09</ele>
				<time>2025-04-30T08:41:08</time>
			</trkpt>
			<trkpt lat="48.79262217320502" lon="3.0243730545043945">
				<ele>122.16</ele>
				<time>2025-04-30T08:41:10</time>
			</trkpt>
			<trkpt lat="48.79235747270286" lon="3.024358721449971">
				<ele>122.41</ele>
				<time>2025-04-30T08:41:14</time>
			</trkpt>
			<trkpt lat="48.792092856019735" lon="3.024344388395548">
				<ele>122.52</ele>
				<time>2025-04-30T08:41:18</time>
			</trkpt>
			<trkpt lat="48.79182815551758" lon="3.0243301391601562">
				<ele>122.57</ele>
				<time>2025-04-30T08:41:23</time>
			</trkpt>
			<trkpt lat="48.79161366261542" lon="3.024437427520752">
				<ele>122.68</ele>
				<time>2025-04-30T08:41:26</time>
			</trkpt>
			<trkpt lat="48.79144166596234" lon="3.0247812531888485">
				<ele>122.83</ele>
				<time>2025-04-30T08:41:31</time>
			</trkpt>
			<trkpt lat="48.79127025604248" lon="3.0251240730285645">
				<ele>123.02</ele>
				<time>2025-04-30T08:41:35</time>
			</trkpt>
			<trkpt lat="48.791098427027464" lon="3.0253388173878193">
				<ele>123.19</ele>
				<time>2025-04-30T08:41:39</time>
			</trkpt>
			<trkpt lat="48.790927017107606" lon="3.0255532264709473">
				<ele>123.31</ele>
				<time>2025-04-30T08:41:43</time>
			</trkpt>
			<trkpt lat="48.79075527191162" lon="3.0257463455200195">
				<ele>123.47</ele>
				<time>2025-04-30T08:41:46</time>
			</trkpt>
			<trkpt lat="48.79062627442181" lon="3.0260859802365303">
				<ele>123.63</ele>
				<time>2025-04-30T08:41:50</time>
			</trkpt>
			<trkpt lat="48.790497276932" lon="3.026425698772073">
				<ele>123.83</ele>
				<time>2025-04-30T08:41:54</time>
			</trkpt>
			<trkpt lat="48.79036827944219" lon="3.0267654173076153">
				<ele>123.98</ele>
				<time>2025-04-30T08:41:58</time>
			</trkpt>
			<trkpt lat="48.79023928195238" lon="3.0271051358431578">
				<ele>124.16</ele>
				<time>2025-04-30T08:42:02</time>
			</trkpt>
			<trkpt lat="48.79011162556708" lon="3.0274415016174316">
				<ele>124.41</ele>
				<time>2025-04-30T08:42:07</time>
			</trkpt>
			<trkpt lat="48.79006871022284" lon="3.027527332305908">
				<ele>124.59</ele>
				<time>2025-04-30T08:42:08</time>
			</trkpt>
			<trkpt lat="48.789939628914" lon="3.0279466789215803">
				<ele>124.83</ele>
				<time>2025-04-30T08:42:13</time>
			</trkpt>
			<trkpt lat="48.78981121815741" lon="3.0283641815185547">
				<ele>124.99</ele>
				<time>2025-04-30T08:42:17</time>
			</trkpt>
			<trkpt lat="48.78971792757511" lon="3.0287082586437464">
				<ele>125.18</ele>
				<time>2025-04-30T08:42:21</time>
			</trkpt>
			<trkpt lat="48.789624720811844" lon="3.02905241958797">
				<ele>125.38</ele>
				<time>2025-04-30T08:42:25</time>
			</trkpt>
			<trkpt lat="48.78953218460083" lon="3.0293941497802734">
				<ele>125.48</ele>
				<time>2025-04-30T08:42:29</time>
			</trkpt>
			<trkpt lat="48.789424980059266" lon="3.029608726501465">
				<ele>125.51</ele>
				<time>2025-04-30T08:42:32</time>
			</trkpt>
			<trkpt lat="48.78931760787964" lon="3.0297160148620605">
				<ele>125.53</ele>
				<time>2025-04-30T08:42:34</time>
			</trkpt>
			<trkpt lat="48.789124488830566" lon="3.0297803040593863">
				<ele>125.5</ele>
				<time>2025-04-30T08:42:37</time>
			</trkpt>
			<trkpt lat="48.788931453600526" lon="3.0298447608947754">
				<ele>125.51</ele>
				<time>2025-04-30T08:42:40</time>
			</trkpt>
			<trkpt lat="48.788695419207215" lon="3.0298233032226562">
				<ele>125.43</ele>
				<time>2025-04-30T08:42:44</time>
			</trkpt>
			<trkpt lat="48.78841219469905" lon="3.0298233032226562">
				<ele>125.33</ele>
				<time>2025-04-30T08:42:49</time>
			</trkpt>
			<trkpt lat="48.78812897019088" lon="3.0298233032226562">
				<ele>125.31</ele>
				<time>2025-04-30T08:42:53</time>
			</trkpt>
			<trkpt lat="48.78784582950175" lon="3.0298233032226562">
				<ele>125.35</ele>
				<time>2025-04-30T08:42:58</time>
			</trkpt>
			<trkpt lat="48.78756260499358" lon="3.0298233032226562">
				<ele>125.36</ele>
				<time>2025-04-30T08:43:02</time>
			</trkpt>
			<trkpt lat="48.78727921284735" lon="3.0298233032226562">
				<ele>125.24</ele>
				<time>2025-04-30T08:43:07</time>
			</trkpt>
			<trkpt lat="48.7870002631098" lon="3.0298233032226562">
				<ele>125.12</ele>
				<time>2025-04-30T08:43:11</time>
			</trkpt>
			<trkpt lat="48.78672122955322" lon="3.0298233032226562">
				<ele>125.03</ele>
				<time>2025-04-30T08:43:16</time>
			</trkpt>
			<trkpt lat="48.786485278978944" lon="3.0298233032226562">
				<ele>125.08</ele>
				<time>2025-04-30T08:43:20</time>
			</trkpt>
			<trkpt lat="48.78632434643805" lon="3.0298233032226562">
				<ele>125.11</ele>
				<time>2025-04-30T08:43:22</time>
			</trkpt>
			<trkpt lat="48.78616341389716" lon="3.0298233032226562">
				<ele>125.18</ele>
				<time>2025-04-30T08:43:25</time>
			</trkpt>
			<trkpt lat="48.78591665066779" lon="3.0298233032226562">
				<ele>125.19</ele>
				<time>2025-04-30T08:43:29</time>
			</trkpt>
			<trkpt lat="48.78566997125745" lon="3.0298233032226562">
				<ele>125.13</ele>
				<time>2025-04-30T08:43:33</time>
			</trkpt>
			<trkpt lat="48.78542320802808" lon="3.0298233032226562">
				<ele>125.13</ele>
				<time>2025-04-30T08:43:37</time>
			</trkpt>
			<trkpt lat="48.785176360979676" lon="3.0298233032226562">
				<ele>125.14</ele>
				<time>2025-04-30T08:43:41</time>
			</trkpt>
			<trkpt lat="48.78489741124213" lon="3.0298233032226562">
				<ele>125.2</ele>
				<time>2025-04-30T08:43:45</time>
			</trkpt>
			<trkpt lat="48.78461854532361" lon="3.0298233032226562">
				<ele>125.25</ele>
				<time>2025-04-30T08:43:49</time>
			</trkpt>
			<trkpt lat="48.78433959558606" lon="3.0298233032226562">
				<ele>125.2</ele>
				<time>2025-04-30T08:43:54</time>
			</trkpt>
			<trkpt lat="48.784060729667544" lon="3.0298233032226562">
				<ele>125.13</ele>
				<time>2025-04-30T08:43:58</time>
			</trkpt>
			<trkpt lat="48.78378186374903" lon="3.0298233032226562">
				<ele>125.2</ele>
				<time>2025-04-30T08:44:03</time>
			</trkpt>
			<trkpt lat="48.78350291401148" lon="3.0298233032226562">
				<ele>125.32</ele>
				<time>2025-04-30T08:44:07</time>
			</trkpt>
			<trkpt lat="48.783223712816834" lon="3.0298233032226562">
				<ele>125.39</ele>
				<time>2025-04-30T08:44:12</time>
			</trkpt>
			<trkpt lat="48.78300913609564" lon="3.029808970168233">
				<ele>125.43</ele>
				<time>2025-04-30T08:44:15</time>
			</trkpt>
			<trkpt lat="48.78279455937445" lon="3.0297946371138096">
				<ele>125.49</ele>
				<time>2025-04-30T08:44:19</time>
			</trkpt>
			<trkpt lat="48.78257989883423" lon="3.029780387878418">
				<ele>125.52</ele>
				<time>2025-04-30T08:44:22</time>
			</trkpt>
			<trkpt lat="48.78237244673073" lon="3.029830427840352">
				<ele>125.52</ele>
				<time>2025-04-30T08:44:26</time>
			</trkpt>
			<trkpt lat="48.78216507844627" lon="3.029880467802286">
				<ele>125.52</ele>
				<time>2025-04-30T08:44:29</time>
			</trkpt>
			<trkpt lat="48.781957710161805" lon="3.029930591583252">
				<ele>125.5</ele>
				<time>2025-04-30T08:44:32</time>
			</trkpt>
			<trkpt lat="48.7817214243114" lon="3.0301775224506855">
				<ele>125.5</ele>
				<time>2025-04-30T08:44:37</time>
			</trkpt>
			<trkpt lat="48.781485641375184" lon="3.030424118041992">
				<ele>125.41</ele>
				<time>2025-04-30T08:44:41</time>
			</trkpt>
			<trkpt lat="48.78127089701593" lon="3.0306387785822153">
				<ele>125.24</ele>
				<time>2025-04-30T08:44:46</time>
			</trkpt>
			<trkpt lat="48.781056152656674" lon="3.03085352294147">
				<ele>125.06</ele>
				<time>2025-04-30T08:44:50</time>
			</trkpt>
			<trkpt lat="48.78084140829742" lon="3.031068267300725">
				<ele>124.85</ele>
				<time>2025-04-30T08:44:54</time>
			</trkpt>
			<trkpt lat="48.78062733449042" lon="3.031282424926758">
				<ele>124.63</ele>
				<time>2025-04-30T08:44:58</time>
			</trkpt>
			<trkpt lat="48.78043932840228" lon="3.0315025337040424">
				<ele>124.35</ele>
				<time>2025-04-30T08:45:02</time>
			</trkpt>
			<trkpt lat="48.780251406133175" lon="3.031722642481327">
				<ele>124.0</ele>
				<time>2025-04-30T08:45:05</time>
			</trkpt>
			<trkpt lat="48.78006348386407" lon="3.0319428350776434">
				<ele>123.53</ele>
				<time>2025-04-30T08:45:09</time>
			</trkpt>
			<trkpt lat="48.77987623214722" lon="3.0321621894836426">
				<ele>123.16</ele>
				<time>2025-04-30T08:45:13</time>
			</trkpt>
			<trkpt lat="48.7797474861145" lon="3.032355308532715">
				<ele>122.75</ele>
				<time>2025-04-30T08:45:16</time>
			</trkpt>
			<trkpt lat="48.77957548946142" lon="3.0327099468559027">
				<ele>122.28</ele>
				<time>2025-04-30T08:45:21</time>
			</trkpt>
			<trkpt lat="48.779404163360596" lon="3.0330634117126465">
				<ele>121.84</ele>
				<time>2025-04-30T08:45:25</time>
			</trkpt>
			<trkpt lat="48.77940424717963" lon="3.0330634117126465">
				<ele>121.47</ele>
				<time>2025-04-30T08:45:25</time>
			</trkpt>
			<trkpt lat="48.77922688610852" lon="3.033444955945015">
				<ele>121.07</ele>
				<time>2025-04-30T08:45:30</time>
			</trkpt>
			<trkpt lat="48.77904952503741" lon="3.0338265001773834">
				<ele>120.76</ele>
				<time>2025-04-30T08:45:35</time>
			</trkpt>
			<trkpt lat="48.7788721639663" lon="3.034208044409752">
				<ele>120.37</ele>
				<time>2025-04-30T08:45:40</time>
			</trkpt>
			<trkpt lat="48.778696143999696" lon="3.0345869064331055">
				<ele>120.05</ele>
				<time>2025-04-30T08:45:45</time>
			</trkpt>
			<trkpt lat="48.77852842211723" lon="3.0349609069526196">
				<ele>119.91</ele>
				<time>2025-04-30T08:45:50</time>
			</trkpt>
			<trkpt lat="48.77836070023477" lon="3.0353349912911654">
				<ele>119.82</ele>
				<time>2025-04-30T08:45:54</time>
			</trkpt>
			<trkpt lat="48.77819306217134" lon="3.0357089918106794">
				<ele>119.77</ele>
				<time>2025-04-30T08:45:59</time>
			</trkpt>
			<trkpt lat="48.77802534028888" lon="3.0360830761492252">
				<ele>119.89</ele>
				<time>2025-04-30T08:46:04</time>
			</trkpt>
			<trkpt lat="48.77785921096802" lon="3.0364537239074707">
				<ele>119.96</ele>
				<time>2025-04-30T08:46:09</time>
			</trkpt>
			<trkpt lat="48.77770875580609" lon="3.0367115512490273">
				<ele>120.02</ele>
				<time>2025-04-30T08:46:12</time>
			</trkpt>
			<trkpt lat="48.77755888737738" lon="3.03696870803833">
				<ele>120.15</ele>
				<time>2025-04-30T08:46:16</time>
			</trkpt>
			<trkpt lat="48.77743014134467" lon="3.037097454071045">
				<ele>120.33</ele>
				<time>2025-04-30T08:46:18</time>
			</trkpt>
			<trkpt lat="48.77734422683716" lon="3.037118911743164">
				<ele>120.53</ele>
				<time>2025-04-30T08:46:20</time>
			</trkpt>
			<trkpt lat="48.77712965011597" lon="3.037129556760192">
				<ele>120.76</ele>
				<time>2025-04-30T08:46:23</time>
			</trkpt>
			<trkpt lat="48.77691515721381" lon="3.037140369415283">
				<ele>121.0</ele>
				<time>2025-04-30T08:46:27</time>
			</trkpt>
			<trkpt lat="48.77680778503418" lon="3.0371618270874023">
				<ele>121.27</ele>
				<time>2025-04-30T08:46:28</time>
			</trkpt>
			<trkpt lat="48.77652883529663" lon="3.0371671076864004">
				<ele>121.55</ele>
				<time>2025-04-30T08:46:33</time>
			</trkpt>
			<trkpt lat="48.776249969378114" lon="3.03717247210443">
				<ele>121.96</ele>
				<time>2025-04-30T08:46:37</time>
			</trkpt>
			<trkpt lat="48.775971019640565" lon="3.03717783652246">
				<ele>122.37</ele>
				<time>2025-04-30T08:46:42</time>
			</trkpt>
			<trkpt lat="48.77569215372205" lon="3.0371832009404898">
				<ele>122.7</ele>
				<time>2025-04-30T08:46:46</time>
			</trkpt>
			<trkpt lat="48.77541328780353" lon="3.0371885653585196">
				<ele>122.9</ele>
				<time>2025-04-30T08:46:51</time>
			</trkpt>
			<trkpt lat="48.77513433806598" lon="3.0371939297765493">
				<ele>123.08</ele>
				<time>2025-04-30T08:46:55</time>
			</trkpt>
			<trkpt lat="48.774855472147465" lon="3.037199294194579">
				<ele>123.27</ele>
				<time>2025-04-30T08:47:00</time>
			</trkpt>
			<trkpt lat="48.77457618713379" lon="3.0372047424316406">
				<ele>123.4</ele>
				<time>2025-04-30T08:47:04</time>
			</trkpt>
			<trkpt lat="48.77435088157654" lon="3.037172555923462">
				<ele>123.46</ele>
				<time>2025-04-30T08:47:08</time>
			</trkpt>
			<trkpt lat="48.77412557601929" lon="3.037140369415283">
				<ele>123.39</ele>
				<time>2025-04-30T08:47:11</time>
			</trkpt>
			<trkpt lat="48.773868000134826" lon="3.037022268399596">
				<ele>123.2</ele>
				<time>2025-04-30T08:47:16</time>
			</trkpt>
			<trkpt lat="48.77361059188843" lon="3.0369043350219727">
				<ele>122.87</ele>
				<time>2025-04-30T08:47:20</time>
			</trkpt>
			<trkpt lat="48.77332434989512" lon="3.036734936758876">
				<ele>122.48</ele>
				<time>2025-04-30T08:47:25</time>
			</trkpt>
			<trkpt lat="48.77303819172084" lon="3.0365656223148108">
				<ele>122.1</ele>
				<time>2025-04-30T08:47:30</time>
			</trkpt>
			<trkpt lat="48.77275203354657" lon="3.0363963078707457">
				<ele>121.69</ele>
				<time>2025-04-30T08:47:35</time>
			</trkpt>
			<trkpt lat="48.77246587537229" lon="3.0362269934266806">
				<ele>121.17</ele>
				<time>2025-04-30T08:47:40</time>
			</trkpt>
			<trkpt lat="48.772179717198014" lon="3.0360576789826155">
				<ele>120.55</ele>
				<time>2025-04-30T08:47:45</time>
			</trkpt>
			<trkpt lat="48.77189355902374" lon="3.0358883645385504">
				<ele>119.95</ele>
				<time>2025-04-30T08:47:50</time>
			</trkpt>
			<trkpt lat="48.77160740084946" lon="3.0357190500944853">
				<ele>119.46</ele>
				<time>2025-04-30T08:47:54</time>
			</trkpt>
			<trkpt lat="48.771321242675185" lon="3.03554973565042">
				<ele>118.94</ele>
				<time>2025-04-30T08:47:59</time>
			</trkpt>
			<trkpt lat="48.77103567123413" lon="3.0353808403015137">
				<ele>118.4</ele>
				<time>2025-04-30T08:48:04</time>
			</trkpt>
			<trkpt lat="48.77075672149658" lon="3.035273551940918">
				<ele>117.97</ele>
				<time>2025-04-30T08:48:09</time>
			</trkpt>
			<trkpt lat="48.77047777175903" lon="3.035295009613037">
				<ele>117.6</ele>
				<time>2025-04-30T08:48:13</time>
			</trkpt>
			<trkpt lat="48.77031675539911" lon="3.035402297973633">
				<ele>117.24</ele>
				<time>2025-04-30T08:48:16</time>
			</trkpt>
			<trkpt lat="48.770155906677246" lon="3.0355095863342285">
				<ele>116.95</ele>
				<time>2025-04-30T08:48:19</time>
			</trkpt>
			<trkpt lat="48.769971169531345" lon="3.035771604627371">
				<ele>116.63</ele>
				<time>2025-04-30T08:48:23</time>
			</trkpt>
			<trkpt lat="48.769786432385445" lon="3.036033706739545">
				<ele>116.38</ele>
				<time>2025-04-30T08:48:27</time>
			</trkpt>
			<trkpt lat="48.769601695239544" lon="3.036295808851719">
				<ele>116.19</ele>
				<time>2025-04-30T08:48:31</time>
			</trkpt>
			<trkpt lat="48.76941695809364" lon="3.036557910963893">
				<ele>115.98</ele>
				<time>2025-04-30T08:48:35</time>
			</trkpt>
			<trkpt lat="48.769233310595155" lon="3.036818504333496">
				<ele>115.89</ele>
				<time>2025-04-30T08:48:39</time>
			</trkpt>
			<trkpt lat="48.769039856269956" lon="3.037119247019291">
				<ele>115.78</ele>
				<time>2025-04-30T08:48:44</time>
			</trkpt>
			<trkpt lat="48.76884707249701" lon="3.037419319152832">
				<ele>115.72</ele>
				<time>2025-04-30T08:48:48</time>
			</trkpt>
			<trkpt lat="48.76865395344794" lon="3.037698268890381">
				<ele>115.78</ele>
				<time>2025-04-30T08:48:52</time>
			</trkpt>
			<trkpt lat="48.76863249577582" lon="3.037741184234619">
				<ele>115.87</ele>
				<time>2025-04-30T08:48:53</time>
			</trkpt>
			<trkpt lat="48.76843904145062" lon="3.0380275938659906">
				<ele>116.05</ele>
				<time>2025-04-30T08:48:57</time>
			</trkpt>
			<trkpt lat="48.76824567094445" lon="3.038314087316394">
				<ele>116.19</ele>
				<time>2025-04-30T08:49:02</time>
			</trkpt>
			<trkpt lat="48.76805305480957" lon="3.0385994911193848">
				<ele>116.41</ele>
				<time>2025-04-30T08:49:06</time>
			</trkpt>
			<trkpt lat="48.76793486997485" lon="3.038782048970461">
				<ele>116.7</ele>
				<time>2025-04-30T08:49:09</time>
			</trkpt>
			<trkpt lat="48.76781702041626" lon="3.03896427154541">
				<ele>116.95</ele>
				<time>2025-04-30T08:49:11</time>
			</trkpt>
			<trkpt lat="48.76779556274414" lon="3.039071559906006">
				<ele>117.26</ele>
				<time>2025-04-30T08:49:12</time>
			</trkpt>
			<trkpt lat="48.76772029325366" lon="3.0393080972135067">
				<ele>117.6</ele>
				<time>2025-04-30T08:49:15</time>
			</trkpt>
			<trkpt lat="48.76764544285834" lon="3.039543628692627">
				<ele>117.92</ele>
				<time>2025-04-30T08:49:18</time>
			</trkpt>
			<trkpt lat="48.76753790304065" lon="3.0398768931627274">
				<ele>118.25</ele>
				<time>2025-04-30T08:49:22</time>
			</trkpt>
			<trkpt lat="48.76743086613715" lon="3.0402088165283203">
				<ele>118.66</ele>
				<time>2025-04-30T08:49:26</time>
			</trkpt>
			<trkpt lat="48.767344783991575" lon="3.0405206233263016">
				<ele>119.07</ele>
				<time>2025-04-30T08:49:29</time>
			</trkpt>
			<trkpt lat="48.76725912094116" lon="3.0408310890197754">
				<ele>119.47</ele>
				<time>2025-04-30T08:49:33</time>
			</trkpt>
			<trkpt lat="48.76714085228741" lon="3.0410890001803637">
				<ele>119.93</ele>
				<time>2025-04-30T08:49:36</time>
			</trkpt>
			<trkpt lat="48.76702308654785" lon="3.0413460731506348">
				<ele>120.37</ele>
				<time>2025-04-30T08:49:40</time>
			</trkpt>
			<trkpt lat="48.76702317036688" lon="3.0413460731506348">
				<ele>120.75</ele>
				<time>2025-04-30T08:49:40</time>
			</trkpt>
			<trkpt lat="48.76680850982666" lon="3.0416250228881836">
				<ele>121.18</ele>
				<time>2025-04-30T08:49:44</time>
			</trkpt>
			<trkpt lat="48.7665940169245" lon="3.041818141937256">
				<ele>121.48</ele>
				<time>2025-04-30T08:49:48</time>
			</trkpt>
			<trkpt lat="48.76631506718695" lon="3.042011260986328">
				<ele>121.82</ele>
				<time>2025-04-30T08:49:53</time>
			</trkpt>
			<trkpt lat="48.76607886515558" lon="3.0421829223632812">
				<ele>122.14</ele>
				<time>2025-04-30T08:49:57</time>
			</trkpt>
			<trkpt lat="48.765842746943235" lon="3.042354667559266">
				<ele>122.43</ele>
				<time>2025-04-30T08:50:01</time>
			</trkpt>
			<trkpt lat="48.76560688018799" lon="3.0425262451171875">
				<ele>122.77</ele>
				<time>2025-04-30T08:50:06</time>
			</trkpt>
			<trkpt lat="48.76533086411655" lon="3.0427285842597485">
				<ele>123.07</ele>
				<time>2025-04-30T08:50:10</time>
			</trkpt>
			<trkpt lat="48.76505484804511" lon="3.042931007221341">
				<ele>123.4</ele>
				<time>2025-04-30T08:50:15</time>
			</trkpt>
			<trkpt lat="48.764778915792704" lon="3.043133430182934">
				<ele>123.62</ele>
				<time>2025-04-30T08:50:20</time>
			</trkpt>
			<trkpt lat="48.764502899721265" lon="3.0433357693254948">
				<ele>123.85</ele>
				<time>2025-04-30T08:50:25</time>
			</trkpt>
			<trkpt lat="48.764226883649826" lon="3.0435381922870874">
				<ele>124.1</ele>
				<time>2025-04-30T08:50:30</time>
			</trkpt>
			<trkpt lat="48.76395095139742" lon="3.0437405314296484">
				<ele>124.31</ele>
				<time>2025-04-30T08:50:35</time>
			</trkpt>
			<trkpt lat="48.763675689697266" lon="3.043942451477051">
				<ele>124.34</ele>
				<time>2025-04-30T08:50:40</time>
			</trkpt>
			<trkpt lat="48.763396656140685" lon="3.0441462993621826">
				<ele>124.4</ele>
				<time>2025-04-30T08:50:45</time>
			</trkpt>
			<trkpt lat="48.763117622584105" lon="3.044350231066346">
				<ele>124.48</ele>
				<time>2025-04-30T08:50:50</time>
			</trkpt>
			<trkpt lat="48.762838589027524" lon="3.0445541627705097">
				<ele>124.49</ele>
				<time>2025-04-30T08:50:55</time>
			</trkpt>
			<trkpt lat="48.7625599745661" lon="3.044757843017578">
				<ele>124.47</ele>
				<time>2025-04-30T08:51:00</time>
			</trkpt>
			<trkpt lat="48.76230231486261" lon="3.0449438374489546">
				<ele>124.39</ele>
				<time>2025-04-30T08:51:04</time>
			</trkpt>
			<trkpt lat="48.76204473897815" lon="3.0451299156993628">
				<ele>124.25</ele>
				<time>2025-04-30T08:51:09</time>
			</trkpt>
			<trkpt lat="48.761787163093686" lon="3.045315910130739">
				<ele>124.11</ele>
				<time>2025-04-30T08:51:13</time>
			</trkpt>
			<trkpt lat="48.761529587209225" lon="3.0455019045621157">
				<ele>123.96</ele>
				<time>2025-04-30T08:51:18</time>
			</trkpt>
			<trkpt lat="48.76127192750573" lon="3.045687982812524">
				<ele>123.77</ele>
				<time>2025-04-30T08:51:23</time>
			</trkpt>
			<trkpt lat="48.76101493835449" lon="3.0458736419677734">
				<ele>123.47</ele>
				<time>2025-04-30T08:51:27</time>
			</trkpt>
			<trkpt lat="48.7608003616333" lon="3.045980930328369">
				<ele>123.17</ele>
				<time>2025-04-30T08:51:31</time>
			</trkpt>
			<trkpt lat="48.76058578491211" lon="3.046088218688965">
				<ele>122.9</ele>
				<time>2025-04-30T08:51:34</time>
			</trkpt>
			<trkpt lat="48.76037129200995" lon="3.0461955070495605">
				<ele>122.61</ele>
				<time>2025-04-30T08:51:38</time>
			</trkpt>
			<trkpt lat="48.76013525761664" lon="3.0462812539190054">
				<ele>122.29</ele>
				<time>2025-04-30T08:51:42</time>
			</trkpt>
			<trkpt lat="48.75989922322333" lon="3.0463671684265137">
				<ele>121.94</ele>
				<time>2025-04-30T08:51:46</time>
			</trkpt>
			<trkpt lat="48.759706104174256" lon="3.046442186459899">
				<ele>121.58</ele>
				<time>2025-04-30T08:51:49</time>
			</trkpt>
			<trkpt lat="48.759512985125184" lon="3.0465173721313477">
				<ele>121.22</ele>
				<time>2025-04-30T08:51:52</time>
			</trkpt>
			<trkpt lat="48.759255493059754" lon="3.046689033508301">
				<ele>120.63</ele>
				<time>2025-04-30T08:51:57</time>
			</trkpt>
			<trkpt lat="48.75908374786377" lon="3.0469894409179688">
				<ele>120.03</ele>
				<time>2025-04-30T08:52:01</time>
			</trkpt>
			<trkpt lat="48.75899774953723" lon="3.0471936240792274">
				<ele>119.47</ele>
				<time>2025-04-30T08:52:03</time>
			</trkpt>
			<trkpt lat="48.758912086486816" lon="3.0473971366882324">
				<ele>118.85</ele>
				<time>2025-04-30T08:52:06</time>
			</trkpt>
			<trkpt lat="48.75875098630786" lon="3.0476011522114277">
				<ele>118.18</ele>
				<time>2025-04-30T08:52:09</time>
			</trkpt>
			<trkpt lat="48.75859030522406" lon="3.047804832458496">
				<ele>117.49</ele>
				<time>2025-04-30T08:52:13</time>
			</trkpt>
			<trkpt lat="48.75854722224176" lon="3.0480844527482986">
				<ele>116.88</ele>
				<time>2025-04-30T08:52:16</time>
			</trkpt>
			<trkpt lat="48.758504474535584" lon="3.0483627319335938">
				<ele>116.2</ele>
				<time>2025-04-30T08:52:19</time>
			</trkpt>
			<trkpt lat="48.75846139155328" lon="3.0486782267689705">
				<ele>115.48</ele>
				<time>2025-04-30T08:52:22</time>
			</trkpt>
			<trkpt lat="48.75841839239001" lon="3.048993805423379">
				<ele>114.65</ele>
				<time>2025-04-30T08:52:26</time>
			</trkpt>
			<trkpt lat="48.75837572850287" lon="3.049306869506836">
				<ele>113.81</ele>
				<time>2025-04-30T08:52:29</time>
			</trkpt>
			<trkpt lat="48.75834337435663" lon="3.049694113433361">
				<ele>112.93</ele>
				<time>2025-04-30T08:52:33</time>
			</trkpt>
			<trkpt lat="48.75831127166748" lon="3.050079345703125">
				<ele>111.99</ele>
				<time>2025-04-30T08:52:37</time>
			</trkpt>
			<trkpt lat="48.75833281315863" lon="3.050551414489746">
				<ele>111.02</ele>
				<time>2025-04-30T08:52:42</time>
			</trkpt>
			<trkpt lat="48.75835418701172" lon="3.051002025604248">
				<ele>109.9</ele>
				<time>2025-04-30T08:52:47</time>
			</trkpt>
			<trkpt lat="48.758418560028076" lon="3.0512380599975586">
				<ele>108.82</ele>
				<time>2025-04-30T08:52:50</time>
			</trkpt>
			<trkpt lat="48.75826835632324" lon="3.0514955520629883">
				<ele>107.56</ele>
				<time>2025-04-30T08:52:53</time>
			</trkpt>
			<trkpt lat="48.75804288312793" lon="3.051699483767152">
				<ele>106.15</ele>
				<time>2025-04-30T08:52:57</time>
			</trkpt>
			<trkpt lat="48.75781774520874" lon="3.051903247833252">
				<ele>104.64</ele>
				<time>2025-04-30T08:53:02</time>
			</trkpt>
			<trkpt lat="48.75764608383179" lon="3.0521392822265625">
				<ele>103.26</ele>
				<time>2025-04-30T08:53:05</time>
			</trkpt>
			<trkpt lat="48.75748481601477" lon="3.052445473149419">
				<ele>101.81</ele>
				<time>2025-04-30T08:53:09</time>
			</trkpt>
			<trkpt lat="48.75732363201678" lon="3.052751747891307">
				<ele>100.34</ele>
				<time>2025-04-30T08:53:14</time>
			</trkpt>
			<trkpt lat="48.75716244801879" lon="3.053058022633195">
				<ele>98.94</ele>
				<time>2025-04-30T08:53:18</time>
			</trkpt>
			<trkpt lat="48.75700235366821" lon="3.0533623695373535">
				<ele>97.53</ele>
				<time>2025-04-30T08:53:22</time>
			</trkpt>
			<trkpt lat="48.756884168833494" lon="3.0535234697163105">
				<ele>96.17</ele>
				<time>2025-04-30T08:53:24</time>
			</trkpt>
			<trkpt lat="48.7567663192749" lon="3.0536842346191406">
				<ele>94.91</ele>
				<time>2025-04-30T08:53:27</time>
			</trkpt>
			<trkpt lat="48.75660530291498" lon="3.0537915229797363">
				<ele>93.74</ele>
				<time>2025-04-30T08:53:30</time>
			</trkpt>
			<trkpt lat="48.756444454193115" lon="3.053898811340332">
				<ele>92.7</ele>
				<time>2025-04-30T08:53:33</time>
			</trkpt>
			<trkpt lat="48.75624060630798" lon="3.053952371701598">
				<ele>91.73</ele>
				<time>2025-04-30T08:53:36</time>
			</trkpt>
			<trkpt lat="48.75603684224188" lon="3.0540060997009277">
				<ele>90.86</ele>
				<time>2025-04-30T08:53:39</time>
			</trkpt>
			<trkpt lat="48.755757892504334" lon="3.0540489312261343">
				<ele>90.17</ele>
				<time>2025-04-30T08:53:44</time>
			</trkpt>
			<trkpt lat="48.755478858947754" lon="3.0540919303894043">
				<ele>89.68</ele>
				<time>2025-04-30T08:53:48</time>
			</trkpt>
			<trkpt lat="48.75532865524292" lon="3.0541133880615234">
				<ele>89.3</ele>
				<time>2025-04-30T08:53:51</time>
			</trkpt>
			<trkpt lat="48.75511407852173" lon="3.054177761077881">
				<ele>89.14</ele>
				<time>2025-04-30T08:53:54</time>
			</trkpt>
			<trkpt lat="48.7548565864563" lon="3.054349422454834">
				<ele>89.16</ele>
				<time>2025-04-30T08:53:59</time>
			</trkpt>
			<trkpt lat="48.75485667027533" lon="3.054349422454834">
				<ele>89.16</ele>
				<time>2025-04-30T08:53:59</time>
			</trkpt>
			<trkpt lat="48.75479221343994" lon="3.0544137954711914">
				<ele>89.28</ele>
				<time>2025-04-30T08:54:00</time>
			</trkpt>
			<trkpt lat="48.75477075576782" lon="3.0545639991760254">
				<ele>89.45</ele>
				<time>2025-04-30T08:54:01</time>
			</trkpt>
			<trkpt lat="48.754744939506054" lon="3.0549986008554697">
				<ele>89.78</ele>
				<time>2025-04-30T08:54:06</time>
			</trkpt>
			<trkpt lat="48.754719123244286" lon="3.055433202534914">
				<ele>90.31</ele>
				<time>2025-04-30T08:54:11</time>
			</trkpt>
			<trkpt lat="48.75469330698252" lon="3.0558678042143583">
				<ele>90.87</ele>
				<time>2025-04-30T08:54:15</time>
			</trkpt>
			<trkpt lat="48.75466749072075" lon="3.0563024058938026">
				<ele>91.53</ele>
				<time>2025-04-30T08:54:20</time>
			</trkpt>
			<trkpt lat="48.75464200973511" lon="3.0567312240600586">
				<ele>92.24</ele>
				<time>2025-04-30T08:54:24</time>
			</trkpt>
			<trkpt lat="48.75457763671875" lon="3.0569887161254883">
				<ele>93.07</ele>
				<time>2025-04-30T08:54:27</time>
			</trkpt>
			<trkpt lat="48.75438451766968" lon="3.0573534965515137">
				<ele>94.09</ele>
				<time>2025-04-30T08:54:32</time>
			</trkpt>
			<trkpt lat="48.7542072404176" lon="3.057595146819949">
				<ele>95.17</ele>
				<time>2025-04-30T08:54:36</time>
			</trkpt>
			<trkpt lat="48.75403004698455" lon="3.0578367970883846">
				<ele>96.32</ele>
				<time>2025-04-30T08:54:40</time>
			</trkpt>
			<trkpt lat="48.753852769732475" lon="3.05807844735682">
				<ele>97.54</ele>
				<time>2025-04-30T08:54:44</time>
			</trkpt>
			<trkpt lat="48.753676414489746" lon="3.058319091796875">
				<ele>98.79</ele>
				<time>2025-04-30T08:54:48</time>
			</trkpt>
			<trkpt lat="48.75347223132849" lon="3.0586413759738207">
				<ele>100.08</ele>
				<time>2025-04-30T08:54:52</time>
			</trkpt>
			<trkpt lat="48.75326871871948" lon="3.058962821960449">
				<ele>101.46</ele>
				<time>2025-04-30T08:54:57</time>
			</trkpt>
			<trkpt lat="48.75308959744871" lon="3.059335397556424">
				<ele>102.82</ele>
				<time>2025-04-30T08:55:02</time>
			</trkpt>
			<trkpt lat="48.75291047617793" lon="3.059707973152399">
				<ele>104.03</ele>
				<time>2025-04-30T08:55:07</time>
			</trkpt>
			<trkpt lat="48.752732276916504" lon="3.0600786209106445">
				<ele>105.3</ele>
				<time>2025-04-30T08:55:12</time>
			</trkpt>
			<trkpt lat="48.75262498855591" lon="3.0602073669433594">
				<ele>106.62</ele>
				<time>2025-04-30T08:55:14</time>
			</trkpt>
			<trkpt lat="48.75251770019531" lon="3.0602288246154785">
				<ele>107.91</ele>
				<time>2025-04-30T08:55:15</time>
			</trkpt>
			<trkpt lat="48.752238750457764" lon="3.0602020025253296">
				<ele>109.2</ele>
				<time>2025-04-30T08:55:20</time>
			</trkpt>
			<trkpt lat="48.75195988453925" lon="3.0601751804351807">
				<ele>110.48</ele>
				<time>2025-04-30T08:55:24</time>
			</trkpt>
			<trkpt lat="48.7516809348017" lon="3.0601483583450317">
				<ele>111.76</ele>
				<time>2025-04-30T08:55:29</time>
			</trkpt>
			<trkpt lat="48.75140190124512" lon="3.060121536254883">
				<ele>112.95</ele>
				<time>2025-04-30T08:55:33</time>
			</trkpt>
			<trkpt lat="48.751176595687866" lon="3.0601429101079702">
				<ele>114.12</ele>
				<time>2025-04-30T08:55:37</time>
			</trkpt>
			<trkpt lat="48.750951290130615" lon="3.060164451599121">
				<ele>115.16</ele>
				<time>2025-04-30T08:55:41</time>
			</trkpt>
			<trkpt lat="48.750715255737305" lon="3.060221616178751">
				<ele>116.06</ele>
				<time>2025-04-30T08:55:44</time>
			</trkpt>
			<trkpt lat="48.750479305163026" lon="3.0602788645774126">
				<ele>116.92</ele>
				<time>2025-04-30T08:55:48</time>
			</trkpt>
			<trkpt lat="48.750243270769715" lon="3.060336112976074">
				<ele>117.8</ele>
				<time>2025-04-30T08:55:52</time>
			</trkpt>
			<trkpt lat="48.75022164545953" lon="3.0606659408658743">
				<ele>118.51</ele>
				<time>2025-04-30T08:55:56</time>
			</trkpt>
			<trkpt lat="48.75020010396838" lon="3.060995852574706">
				<ele>119.13</ele>
				<time>2025-04-30T08:55:59</time>
			</trkpt>
			<trkpt lat="48.750178813934326" lon="3.0613231658935547">
				<ele>119.58</ele>
				<time>2025-04-30T08:56:03</time>
			</trkpt>
			<trkpt lat="48.750168001279235" lon="3.061683503910899">
				<ele>119.82</ele>
				<time>2025-04-30T08:56:06</time>
			</trkpt>
			<trkpt lat="48.750157272443175" lon="3.0620439257472754">
				<ele>119.89</ele>
				<time>2025-04-30T08:56:10</time>
			</trkpt>
			<trkpt lat="48.750146543607116" lon="3.0624043475836515">
				<ele>119.88</ele>
				<time>2025-04-30T08:56:14</time>
			</trkpt>
			<trkpt lat="48.75013598240912" lon="3.062760829925537">
				<ele>119.83</ele>
				<time>2025-04-30T08:56:18</time>
			</trkpt>
			<trkpt lat="48.75009289942682" lon="3.0631049908697605">
				<ele>119.72</ele>
				<time>2025-04-30T08:56:21</time>
			</trkpt>
			<trkpt lat="48.75005006790161" lon="3.0634474754333496">
				<ele>119.46</ele>
				<time>2025-04-30T08:56:25</time>
			</trkpt>
			<trkpt lat="48.74998552724719" lon="3.0637593660503626">
				<ele>119.09</ele>
				<time>2025-04-30T08:56:29</time>
			</trkpt>
			<trkpt lat="48.7499213218689" lon="3.0640697479248047">
				<ele>118.61</ele>
				<time>2025-04-30T08:56:32</time>
			</trkpt>
			<trkpt lat="48.74979944899678" lon="3.0644352827221155">
				<ele>118.05</ele>
				<time>2025-04-30T08:56:36</time>
			</trkpt>
			<trkpt lat="48.74967757612467" lon="3.0648008175194263">
				<ele>117.46</ele>
				<time>2025-04-30T08:56:41</time>
			</trkpt>
			<trkpt lat="48.749555787071586" lon="3.065166436135769">
				<ele>116.92</ele>
				<time>2025-04-30T08:56:45</time>
			</trkpt>
			<trkpt lat="48.74943391419947" lon="3.0655319709330797">
				<ele>116.36</ele>
				<time>2025-04-30T08:56:49</time>
			</trkpt>
			<trkpt lat="48.74931212514639" lon="3.0658975057303905">
				<ele>115.8</ele>
				<time>2025-04-30T08:56:54</time>
			</trkpt>
			<trkpt lat="48.74919184483588" lon="3.066258430480957">
				<ele>115.22</ele>
				<time>2025-04-30T08:56:58</time>
			</trkpt>
			<trkpt lat="48.749062763527036" lon="3.066623965278268">
				<ele>114.64</ele>
				<time>2025-04-30T08:57:02</time>
			</trkpt>
			<trkpt lat="48.74893435277045" lon="3.066987991333008">
				<ele>114.11</ele>
				<time>2025-04-30T08:57:07</time>
			</trkpt>
			<trkpt lat="48.748934268951416" lon="3.066987991333008">
				<ele>113.6</ele>
				<time>2025-04-30T08:57:07</time>
			</trkpt>
			<trkpt lat="48.74879948794842" lon="3.067392250522971">
				<ele>113.1</ele>
				<time>2025-04-30T08:57:11</time>
			</trkpt>
			<trkpt lat="48.74866470694542" lon="3.0677965097129345">
				<ele>112.61</ele>
				<time>2025-04-30T08:57:16</time>
			</trkpt>
			<trkpt lat="48.74853000976145" lon="3.0682008527219296">
				<ele>112.1</ele>
				<time>2025-04-30T08:57:21</time>
			</trkpt>
			<trkpt lat="48.748395228758454" lon="3.068605111911893">
				<ele>111.71</ele>
				<time>2025-04-30T08:57:26</time>
			</trkpt>
			<trkpt lat="48.748260447755456" lon="3.0690093711018562">
				<ele>111.37</ele>
				<time>2025-04-30T08:57:31</time>
			</trkpt>
			<trkpt lat="48.74812575057149" lon="3.0694136302918196">
				<ele>111.11</ele>
				<time>2025-04-30T08:57:35</time>
			</trkpt>
			<trkpt lat="48.74799096956849" lon="3.0698179733008146">
				<ele>110.92</ele>
				<time>2025-04-30T08:57:40</time>
			</trkpt>
			<trkpt lat="48.747856272384524" lon="3.070222232490778">
				<ele>110.78</ele>
				<time>2025-04-30T08:57:45</time>
			</trkpt>
			<trkpt lat="48.747721491381526" lon="3.0706264916807413">
				<ele>110.64</ele>
				<time>2025-04-30T08:57:50</time>
			</trkpt>
			<trkpt lat="48.74758671037853" lon="3.0710308346897364">
				<ele>110.7</ele>
				<time>2025-04-30T08:57:54</time>
			</trkpt>
			<trkpt lat="48.74745201319456" lon="3.0714350938796997">
				<ele>110.76</ele>
				<time>2025-04-30T08:57:59</time>
			</trkpt>
			<trkpt lat="48.74731723219156" lon="3.071839353069663">
				<ele>110.8</ele>
				<time>2025-04-30T08:58:04</time>
			</trkpt>
			<trkpt lat="48.747182535007596" lon="3.0722436122596264">
				<ele>110.99</ele>
				<time>2025-04-30T08:58:09</time>
			</trkpt>
			<trkpt lat="48.7470477540046" lon="3.0726478714495897">
				<ele>111.29</ele>
				<time>2025-04-30T08:58:14</time>
			</trkpt>
			<trkpt lat="48.74691724777222" lon="3.0730390548706055">
				<ele>111.58</ele>
				<time>2025-04-30T08:58:18</time>
			</trkpt>
			<trkpt lat="48.746809707954526" lon="3.0733938608318567">
				<ele>111.89</ele>
				<time>2025-04-30T08:58:22</time>
			</trkpt>
			<trkpt lat="48.746702671051025" lon="3.073747158050537">
				<ele>112.2</ele>
				<time>2025-04-30T08:58:26</time>
			</trkpt>
			<trkpt lat="48.746638130396605" lon="3.0740913189947605">
				<ele>112.42</ele>
				<time>2025-04-30T08:58:30</time>
			</trkpt>
			<trkpt lat="48.74657392501831" lon="3.0744338035583496">
				<ele>112.64</ele>
				<time>2025-04-30T08:58:34</time>
			</trkpt>
			<trkpt lat="48.74656311236322" lon="3.0748425889760256">
				<ele>112.86</ele>
				<time>2025-04-30T08:58:38</time>
			</trkpt>
			<trkpt lat="48.74655246734619" lon="3.075249195098877">
				<ele>113.26</ele>
				<time>2025-04-30T08:58:43</time>
			</trkpt>
			<trkpt lat="48.74655246734619" lon="3.0756702180951834">
				<ele>113.69</ele>
				<time>2025-04-30T08:58:47</time>
			</trkpt>
			<trkpt lat="48.74655246734619" lon="3.0760913249105215">
				<ele>113.95</ele>
				<time>2025-04-30T08:58:51</time>
			</trkpt>
			<trkpt lat="48.74655246734619" lon="3.0765124317258596">
				<ele>114.06</ele>
				<time>2025-04-30T08:58:56</time>
			</trkpt>
			<trkpt lat="48.74655246734619" lon="3.0769335385411978">
				<ele>114.2</ele>
				<time>2025-04-30T08:59:00</time>
			</trkpt>
			<trkpt lat="48.74655246734619" lon="3.077354645356536">
				<ele>114.26</ele>
				<time>2025-04-30T08:59:05</time>
			</trkpt>
			<trkpt lat="48.74655246734619" lon="3.077775752171874">
				<ele>114.24</ele>
				<time>2025-04-30T08:59:09</time>
			</trkpt>
			<trkpt lat="48.74655246734619" lon="3.078188896179199">
				<ele>114.29</ele>
				<time>2025-04-30T08:59:14</time>
			</trkpt>
			<trkpt lat="48.74655255116522" lon="3.078188896179199">
				<ele>114.37</ele>
				<time>2025-04-30T08:59:14</time>
			</trkpt>
			<trkpt lat="48.74655255116522" lon="3.078603046014905">
				<ele>114.46</ele>
				<time>2025-04-30T08:59:18</time>
			</trkpt>
			<trkpt lat="48.74655255116522" lon="3.0790171958506107">
				<ele>114.58</ele>
				<time>2025-04-30T08:59:22</time>
			</trkpt>
			<trkpt lat="48.74655255116522" lon="3.079431429505348">
				<ele>114.65</ele>
				<time>2025-04-30T08:59:27</time>
			</trkpt>
			<trkpt lat="48.74655255116522" lon="3.079841136932373">
				<ele>114.72</ele>
				<time>2025-04-30T08:59:31</time>
			</trkpt>
			<trkpt lat="48.74655246734619" lon="3.0803072545677423">
				<ele>114.86</ele>
				<time>2025-04-30T08:59:36</time>
			</trkpt>
			<trkpt lat="48.74655246734619" lon="3.0807734560221434">
				<ele>114.98</ele>
				<time>2025-04-30T08:59:41</time>
			</trkpt>
			<trkpt lat="48.74655246734619" lon="3.0812396574765444">
				<ele>115.05</ele>
				<time>2025-04-30T08:59:46</time>
			</trkpt>
			<trkpt lat="48.74655246734619" lon="3.0817058589309454">
				<ele>115.17</ele>
				<time>2025-04-30T08:59:51</time>
			</trkpt>
			<trkpt lat="48.74655246734619" lon="3.0821720603853464">
				<ele>115.19</ele>
				<time>2025-04-30T08:59:56</time>
			</trkpt>
			<trkpt lat="48.74655246734619" lon="3.0826306343078613">
				<ele>115.22</ele>
				<time>2025-04-30T09:00:01</time>
			</trkpt>
			<trkpt lat="48.746545258909464" lon="3.083089627325535">
				<ele>115.23</ele>
				<time>2025-04-30T09:00:05</time>
			</trkpt>
			<trkpt lat="48.74653813429177" lon="3.0835486203432083">
				<ele>115.23</ele>
				<time>2025-04-30T09:00:10</time>
			</trkpt>
			<trkpt lat="48.74653092585504" lon="3.084007613360882">
				<ele>115.23</ele>
				<time>2025-04-30T09:00:15</time>
			</trkpt>
			<trkpt lat="48.746523801237345" lon="3.084466690197587">
				<ele>115.27</ele>
				<time>2025-04-30T09:00:20</time>
			</trkpt>
			<trkpt lat="48.74651667661965" lon="3.0849256832152605">
				<ele>115.27</ele>
				<time>2025-04-30T09:00:25</time>
			</trkpt>
			<trkpt lat="48.746509635820985" lon="3.0853772163391113">
				<ele>115.22</ele>
				<time>2025-04-30T09:00:30</time>
			</trkpt>
			<trkpt lat="48.74650955200195" lon="3.0856776237487793">
				<ele>115.15</ele>
				<time>2025-04-30T09:00:33</time>
			</trkpt>
			<trkpt lat="48.74647719785571" lon="3.0860648676753044">
				<ele>115.17</ele>
				<time>2025-04-30T09:00:37</time>
			</trkpt>
			<trkpt lat="48.7464449275285" lon="3.0864521116018295">
				<ele>115.12</ele>
				<time>2025-04-30T09:00:41</time>
			</trkpt>
			<trkpt lat="48.74641265720129" lon="3.0868394393473864">
				<ele>115.11</ele>
				<time>2025-04-30T09:00:45</time>
			</trkpt>
			<trkpt lat="48.74638080596924" lon="3.0872225761413574">
				<ele>115.16</ele>
				<time>2025-04-30T09:00:49</time>
			</trkpt>
			<trkpt lat="48.74632162973285" lon="3.087582914158702">
				<ele>115.19</ele>
				<time>2025-04-30T09:00:53</time>
			</trkpt>
			<trkpt lat="48.746262453496456" lon="3.0879432521760464">
				<ele>115.29</ele>
				<time>2025-04-30T09:00:57</time>
			</trkpt>
			<trkpt lat="48.746203277260065" lon="3.088303590193391">
				<ele>115.41</ele>
				<time>2025-04-30T09:01:01</time>
			</trkpt>
			<trkpt lat="48.74614477157593" lon="3.08866024017334">
				<ele>115.53</ele>
				<time>2025-04-30T09:01:05</time>
			</trkpt>
			<trkpt lat="48.7460873555392" lon="3.08899006806314">
				<ele>115.7</ele>
				<time>2025-04-30T09:01:08</time>
			</trkpt>
			<trkpt lat="48.74603002332151" lon="3.08931989595294">
				<ele>115.98</ele>
				<time>2025-04-30T09:01:12</time>
			</trkpt>
			<trkpt lat="48.745973194018006" lon="3.0896472930908203">
				<ele>116.41</ele>
				<time>2025-04-30T09:01:16</time>
			</trkpt>
			<trkpt lat="48.745897840708494" lon="3.0899806413799524">
				<ele>116.92</ele>
				<time>2025-04-30T09:01:19</time>
			</trkpt>
			<trkpt lat="48.74582290649414" lon="3.0903124809265137">
				<ele>117.45</ele>
				<time>2025-04-30T09:01:23</time>
			</trkpt>
			<trkpt lat="48.74571536667645" lon="3.0907569732517004">
				<ele>118.13</ele>
				<time>2025-04-30T09:01:28</time>
			</trkpt>
			<trkpt lat="48.74560782685876" lon="3.091201465576887">
				<ele>118.81</ele>
				<time>2025-04-30T09:01:33</time>
			</trkpt>
			<trkpt lat="48.745501125231385" lon="3.0916428565979004">
				<ele>119.51</ele>
				<time>2025-04-30T09:01:38</time>
			</trkpt>
			<trkpt lat="48.745383778586984" lon="3.092055330052972">
				<ele>120.2</ele>
				<time>2025-04-30T09:01:43</time>
			</trkpt>
			<trkpt lat="48.745266515761614" lon="3.092467887327075">
				<ele>120.9</ele>
				<time>2025-04-30T09:01:47</time>
			</trkpt>
			<trkpt lat="48.74514916911721" lon="3.092880444601178">
				<ele>121.6</ele>
				<time>2025-04-30T09:01:52</time>
			</trkpt>
			<trkpt lat="48.74503190629184" lon="3.0932930018752813">
				<ele>122.41</ele>
				<time>2025-04-30T09:01:57</time>
			</trkpt>
			<trkpt lat="48.74491455964744" lon="3.0937055591493845">
				<ele>123.22</ele>
				<time>2025-04-30T09:02:02</time>
			</trkpt>
			<trkpt lat="48.74479729682207" lon="3.0941181164234877">
				<ele>124.0</ele>
				<time>2025-04-30T09:02:06</time>
			</trkpt>
			<trkpt lat="48.74467995017767" lon="3.094530673697591">
				<ele>124.77</ele>
				<time>2025-04-30T09:02:11</time>
			</trkpt>
			<trkpt lat="48.7445626873523" lon="3.0949431471526623">
				<ele>125.5</ele>
				<time>2025-04-30T09:02:16</time>
			</trkpt>
			<trkpt lat="48.7444453407079" lon="3.0953557044267654">
				<ele>126.21</ele>
				<time>2025-04-30T09:02:21</time>
			</trkpt>
			<trkpt lat="48.74432807788253" lon="3.0957682617008686">
				<ele>126.85</ele>
				<time>2025-04-30T09:02:25</time>
			</trkpt>
			<trkpt lat="48.74421366490424" lon="3.096170425415039">
				<ele>127.52</ele>
				<time>2025-04-30T09:02:30</time>
			</trkpt>
			<trkpt lat="48.74409950338304" lon="3.096583988517523">
				<ele>128.09</ele>
				<time>2025-04-30T09:02:35</time>
			</trkpt>
			<trkpt lat="48.743985341861844" lon="3.0969976354390383">
				<ele>128.58</ele>
				<time>2025-04-30T09:02:39</time>
			</trkpt>
			<trkpt lat="48.74387118034065" lon="3.097411198541522">
				<ele>128.99</ele>
				<time>2025-04-30T09:02:44</time>
			</trkpt>
			<trkpt lat="48.74375701881945" lon="3.0978248454630375">
				<ele>129.36</ele>
				<time>2025-04-30T09:02:49</time>
			</trkpt>
			<trkpt lat="48.743642857298255" lon="3.0982384085655212">
				<ele>129.75</ele>
				<time>2025-04-30T09:02:54</time>
			</trkpt>
			<trkpt lat="48.74352877959609" lon="3.0986520554870367">
				<ele>130.1</ele>
				<time>2025-04-30T09:02:58</time>
			</trkpt>
			<trkpt lat="48.743414618074894" lon="3.0990656185895205">
				<ele>130.37</ele>
				<time>2025-04-30T09:03:03</time>
			</trkpt>
			<trkpt lat="48.7433004565537" lon="3.099479265511036">
				<ele>130.55</ele>
				<time>2025-04-30T09:03:08</time>
			</trkpt>
			<trkpt lat="48.7431862950325" lon="3.0998928286135197">
				<ele>130.71</ele>
				<time>2025-04-30T09:03:13</time>
			</trkpt>
			<trkpt lat="48.743072133511305" lon="3.100306475535035">
				<ele>130.99</ele>
				<time>2025-04-30T09:03:17</time>
			</trkpt>
			<trkpt lat="48.74295805580914" lon="3.100720038637519">
				<ele>131.24</ele>
				<time>2025-04-30T09:03:22</time>
			</trkpt>
			<trkpt lat="48.742843894287944" lon="3.1011336855590343">
				<ele>131.3</ele>
				<time>2025-04-30T09:03:27</time>
			</trkpt>
			<trkpt lat="48.742733085528016" lon="3.101534843444824">
				<ele>131.43</ele>
				<time>2025-04-30T09:03:31</time>
			</trkpt>
			<trkpt lat="48.74263409525156" lon="3.1019004620611668">
				<ele>131.58</ele>
				<time>2025-04-30T09:03:36</time>
			</trkpt>
			<trkpt lat="48.742535188794136" lon="3.1022660806775093">
				<ele>131.69</ele>
				<time>2025-04-30T09:03:40</time>
			</trkpt>
			<trkpt lat="48.74243628233671" lon="3.102631699293852">
				<ele>131.76</ele>
				<time>2025-04-30T09:03:44</time>
			</trkpt>
			<trkpt lat="48.742337292060256" lon="3.1029973179101944">
				<ele>131.85</ele>
				<time>2025-04-30T09:03:48</time>
			</trkpt>
			<trkpt lat="48.742239559069276" lon="3.103358745574951">
				<ele>131.87</ele>
				<time>2025-04-30T09:03:52</time>
			</trkpt>
			<trkpt lat="48.74213411472738" lon="3.1037397030740976">
				<ele>131.96</ele>
				<time>2025-04-30T09:03:57</time>
			</trkpt>
			<trkpt lat="48.74202867038548" lon="3.104120660573244">
				<ele>132.12</ele>
				<time>2025-04-30T09:04:01</time>
			</trkpt>
			<trkpt lat="48.74192322604358" lon="3.1045017018914223">
				<ele>132.18</ele>
				<time>2025-04-30T09:04:05</time>
			</trkpt>
			<trkpt lat="48.741817781701684" lon="3.1048826593905687">
				<ele>132.32</ele>
				<time>2025-04-30T09:04:10</time>
			</trkpt>
			<trkpt lat="48.741712337359786" lon="3.105263616889715">
				<ele>132.44</ele>
				<time>2025-04-30T09:04:14</time>
			</trkpt>
			<trkpt lat="48.74160689301789" lon="3.1056446582078934">
				<ele>132.54</ele>
				<time>2025-04-30T09:04:18</time>
			</trkpt>
			<trkpt lat="48.74150337651372" lon="3.106018155813217">
				<ele>132.7</ele>
				<time>2025-04-30T09:04:23</time>
			</trkpt>
			<trkpt lat="48.74150337651372" lon="3.1060183234512806">
				<ele>132.88</ele>
				<time>2025-04-30T09:04:23</time>
			</trkpt>
			<trkpt lat="48.74150287359953" lon="3.1060203351080418">
				<ele>133.07</ele>
				<time>2025-04-30T09:04:23</time>
			</trkpt>
			<trkpt lat="48.741503125056624" lon="3.1060194969177246">
				<ele>133.26</ele>
				<time>2025-04-30T09:04:23</time>
			</trkpt>
			<trkpt lat="48.74150429852307" lon="3.106009690091014">
				<ele>133.46</ele>
				<time>2025-04-30T09:04:23</time>
			</trkpt>
			<trkpt lat="48.74150429852307" lon="3.1060098577290773">
				<ele>133.66</ele>
				<time>2025-04-30T09:04:23</time>
			</trkpt>
			<trkpt lat="48.74150681309402" lon="3.1060009729117155">
				<ele>133.84</ele>
				<time>2025-04-30T09:04:23</time>
			</trkpt>
			<trkpt lat="48.74063023366034" lon="3.1091737747192383">
				<ele>134.09</ele>
				<time>2025-04-30T09:04:59</time>
			</trkpt>
			<trkpt lat="48.73951435089111" lon="3.108701705932617">
				<ele>134.19</ele>
				<time>2025-04-30T09:05:18</time>
			</trkpt>
			<trkpt lat="48.73881706036627" lon="3.108530044555664">
				<ele>134.4</ele>
				<time>2025-04-30T09:05:29</time>
			</trkpt>
			<trkpt lat="48.73716473579407" lon="3.1081008911132812">
				<ele>134.3</ele>
				<time>2025-04-30T09:05:56</time>
			</trkpt>
			<trkpt lat="48.72933276928961" lon="3.10762882232666">
				<ele>134.29</ele>
				<time>2025-04-30T09:08:01</time>
			</trkpt>
			<trkpt lat="48.729010904207826" lon="3.107607364654541">
				<ele>134.12</ele>
				<time>2025-04-30T09:08:07</time>
			</trkpt>
			<trkpt lat="48.72823842801154" lon="3.1075644493103027">
				<ele>134.04</ele>
				<time>2025-04-30T09:08:19</time>
			</trkpt>
			<trkpt lat="48.72212299145758" lon="3.1071996688842773">
				<ele>133.78</ele>
				<time>2025-04-30T09:09:57</time>
			</trkpt>
			<trkpt lat="48.71889361180365" lon="3.107006549835205">
				<ele>132.89</ele>
				<time>2025-04-30T09:10:49</time>
			</trkpt>
			<trkpt lat="48.71889352798462" lon="3.107006549835205">
				<ele>132.33</ele>
				<time>2025-04-30T09:10:49</time>
			</trkpt>
			<trkpt lat="48.71543892659247" lon="3.106738328933716">
				<ele>131.51</ele>
				<time>2025-04-30T09:11:44</time>
			</trkpt>
			<trkpt lat="48.71323951520026" lon="3.1065666675567627">
				<ele>130.65</ele>
				<time>2025-04-30T09:12:19</time>
			</trkpt>
			<trkpt lat="48.71293910779059" lon="3.1065452098846436">
				<ele>129.76</ele>
				<time>2025-04-30T09:12:24</time>
			</trkpt>
			<trkpt lat="48.7056649569422" lon="3.106008768081665">
				<ele>129.38</ele>
				<time>2025-04-30T09:14:21</time>
			</trkpt>
			<trkpt lat="48.70247840881348" lon="3.105762004852295">
				<ele>128.21</ele>
				<time>2025-04-30T09:15:12</time>
			</trkpt>
			<trkpt lat="48.70247840881348" lon="3.1056761741638184">
				<ele>126.95</ele>
				<time>2025-04-30T09:15:13</time>
			</trkpt>
			<trkpt lat="48.70214581489563" lon="3.1020283699035645">
				<ele>125.42</ele>
				<time>2025-04-30T09:15:52</time>
			</trkpt>
			<trkpt lat="48.70196342468262" lon="3.100869655609131">
				<ele>123.93</ele>
				<time>2025-04-30T09:16:04</time>
			</trkpt>
			<trkpt lat="48.696341598406434" lon="3.0880916118621826">
				<ele>121.33</ele>
				<time>2025-04-30T09:18:47</time>
			</trkpt>
			<trkpt lat="48.69475373066962" lon="3.085731267929077">
				<ele>119.41</ele>
				<time>2025-04-30T09:19:22</time>
			</trkpt>
			<trkpt lat="48.694753646850586" lon="3.085731267929077">
				<ele>117.91</ele>
				<time>2025-04-30T09:19:22</time>
			</trkpt>
			<trkpt lat="48.69441627524793" lon="3.0852217320352793">
				<ele>116.42</ele>
				<time>2025-04-30T09:19:30</time>
			</trkpt>
			<trkpt lat="48.6944161914289" lon="3.085221564397216">
				<ele>115.05</ele>
				<time>2025-04-30T09:19:30</time>
			</trkpt>
			<trkpt lat="48.6944143474102" lon="3.0852187983691692">
				<ele>113.77</ele>
				<time>2025-04-30T09:19:30</time>
			</trkpt>
			<trkpt lat="48.69441426359117" lon="3.085218630731106">
				<ele>112.6</ele>
				<time>2025-04-30T09:19:30</time>
			</trkpt>
			<trkpt lat="48.69441367685795" lon="3.085217708721757">
				<ele>111.54</ele>
				<time>2025-04-30T09:19:30</time>
			</trkpt>
			<trkpt lat="48.69440454058349" lon="3.085203878581524">
				<ele>110.59</ele>
				<time>2025-04-30T09:19:30</time>
			</trkpt>
			<trkpt lat="48.69440395385027" lon="3.085202956572175">
				<ele>109.76</ele>
				<time>2025-04-30T09:19:30</time>
			</trkpt>
			<trkpt lat="48.69440395385027" lon="3.0852030403912067">
				<ele>109.05</ele>
				<time>2025-04-30T09:19:30</time>
			</trkpt>
			<trkpt lat="48.69326242245734" lon="3.0834782123565674">
				<ele>108.28</ele>
				<time>2025-04-30T09:19:56</time>
			</trkpt>
			<trkpt lat="48.69307994842529" lon="3.083209991455078">
				<ele>107.73</ele>
				<time>2025-04-30T09:20:00</time>
			</trkpt>
			<trkpt lat="48.69294055737555" lon="3.082888126373291">
				<ele>107.37</ele>
				<time>2025-04-30T09:20:04</time>
			</trkpt>
			<trkpt lat="48.692811727523804" lon="3.0827808380126953">
				<ele>107.14</ele>
				<time>2025-04-30T09:20:06</time>
			</trkpt>
			<trkpt lat="48.69269379414618" lon="3.0826735496520996">
				<ele>107.01</ele>
				<time>2025-04-30T09:20:09</time>
			</trkpt>
			<trkpt lat="48.692522048950195" lon="3.0825233459472656">
				<ele>106.98</ele>
				<time>2025-04-30T09:20:12</time>
			</trkpt>
			<trkpt lat="48.69223237037659" lon="3.082244396209717">
				<ele>107.02</ele>
				<time>2025-04-30T09:20:17</time>
			</trkpt>
			<trkpt lat="48.6923611164093" lon="3.081439733505249">
				<ele>107.1</ele>
				<time>2025-04-30T09:20:26</time>
			</trkpt>
			<trkpt lat="48.69233965873718" lon="3.081010580062866">
				<ele>107.24</ele>
				<time>2025-04-30T09:20:31</time>
			</trkpt>
			<trkpt lat="48.691781759262085" lon="3.0799484252929688">
				<ele>107.31</ele>
				<time>2025-04-30T09:20:45</time>
			</trkpt>
			<trkpt lat="48.69192123413086" lon="3.0789291858673096">
				<ele>107.53</ele>
				<time>2025-04-30T09:20:56</time>
			</trkpt>
			<trkpt lat="48.69138487614691" lon="3.0781030654907227">
				<ele>107.7</ele>
				<time>2025-04-30T09:21:08</time>
			</trkpt>
			<trkpt lat="48.6912561301142" lon="3.0779635906219482">
				<ele>108.05</ele>
				<time>2025-04-30T09:21:11</time>
			</trkpt>
			<trkpt lat="48.69023680686951" lon="3.0770087242126465">
				<ele>108.68</ele>
				<time>2025-04-30T09:21:30</time>
			</trkpt>
			<trkpt lat="48.6896897200495" lon="3.0766761302948">
				<ele>109.16</ele>
				<time>2025-04-30T09:21:39</time>
			</trkpt>
			<trkpt lat="48.68908882141113" lon="3.076397180557251">
				<ele>109.79</ele>
				<time>2025-04-30T09:21:49</time>
			</trkpt>
			<trkpt lat="48.688316345214844" lon="3.076268434524536">
				<ele>110.1</ele>
				<time>2025-04-30T09:22:02</time>
			</trkpt>
			<trkpt lat="48.68819832801819" lon="3.076322078704834">
				<ele>110.41</ele>
				<time>2025-04-30T09:22:04</time>
			</trkpt>
			<trkpt lat="48.68815541267395" lon="3.0762577056884766">
				<ele>110.66</ele>
				<time>2025-04-30T09:22:05</time>
			</trkpt>
			<trkpt lat="48.687576139345765" lon="3.076268434524536">
				<ele>110.9</ele>
				<time>2025-04-30T09:22:14</time>
			</trkpt>
			<trkpt lat="48.68713625706732" lon="3.076171875">
				<ele>110.87</ele>
				<time>2025-04-30T09:22:21</time>
			</trkpt>
			<trkpt lat="48.6864709854126" lon="3.0756676197052">
				<ele>110.76</ele>
				<time>2025-04-30T09:22:33</time>
			</trkpt>
			<trkpt lat="48.68583798408508" lon="3.074948787689209">
				<ele>110.88</ele>
				<time>2025-04-30T09:22:46</time>
			</trkpt>
			<trkpt lat="48.68519433774054" lon="3.074401617050171">
				<ele>110.93</ele>
				<time>2025-04-30T09:22:58</time>
			</trkpt>
			<trkpt lat="48.68512996472418" lon="3.074347972869873">
				<ele>110.83</ele>
				<time>2025-04-30T09:22:59</time>
			</trkpt>
			<trkpt lat="48.68409991264343" lon="3.0738115310668945">
				<ele>110.53</ele>
				<time>2025-04-30T09:23:16</time>
			</trkpt>
			<trkpt lat="48.68397125042975" lon="3.0761826038360596">
				<ele>110.2</ele>
				<time>2025-04-30T09:23:41</time>
			</trkpt>
			<trkpt lat="48.683863962069154" lon="3.078263998031616">
				<ele>109.83</ele>
				<time>2025-04-30T09:24:03</time>
			</trkpt>
			<trkpt lat="48.68374586105347" lon="3.0804848670959473">
				<ele>109.65</ele>
				<time>2025-04-30T09:24:27</time>
			</trkpt>
			<trkpt lat="48.682769536972046" lon="3.0803024768829346">
				<ele>109.46</ele>
				<time>2025-04-30T09:24:43</time>
			</trkpt>
			<trkpt lat="48.68199706077576" lon="3.079766035079956">
				<ele>109.52</ele>
				<time>2025-04-30T09:24:56</time>
			</trkpt>
			<trkpt lat="48.67984056472778" lon="3.078521490097046">
				<ele>109.57</ele>
				<time>2025-04-30T09:25:33</time>
			</trkpt>
			<trkpt lat="48.67912173271179" lon="3.0783820152282715">
				<ele>109.52</ele>
				<time>2025-04-30T09:25:45</time>
			</trkpt>
			<trkpt lat="48.677351558580995" lon="3.0785000324249268">
				<ele>109.64</ele>
				<time>2025-04-30T09:26:13</time>
			</trkpt>
			<trkpt lat="48.67610692977905" lon="3.0786287784576416">
				<ele>109.88</ele>
				<time>2025-04-30T09:26:33</time>
			</trkpt>
			<trkpt lat="48.675302267074585" lon="3.0788540840148926">
				<ele>110.3</ele>
				<time>2025-04-30T09:26:46</time>
			</trkpt>
			<trkpt lat="48.67377885617316" lon="3.0800557136535645">
				<ele>110.71</ele>
				<time>2025-04-30T09:27:14</time>
			</trkpt>
			<trkpt lat="48.673778772354126" lon="3.0800557136535645">
				<ele>111.17</ele>
				<time>2025-04-30T09:27:14</time>
			</trkpt>
			<trkpt lat="48.669358575716615" lon="3.083789348602295">
				<ele>111.77</ele>
				<time>2025-04-30T09:28:35</time>
			</trkpt>
			<trkpt lat="48.66769552230835" lon="3.085205554962158">
				<ele>112.61</ele>
				<time>2025-04-30T09:29:05</time>
			</trkpt>
			<trkpt lat="48.66748094558716" lon="3.0852913856506348">
				<ele>113.28</ele>
				<time>2025-04-30T09:29:09</time>
			</trkpt>
			<trkpt lat="48.667041063308716" lon="3.085280656814575">
				<ele>114.06</ele>
				<time>2025-04-30T09:29:16</time>
			</trkpt>
			<trkpt lat="48.666343772783875" lon="3.085087537765503">
				<ele>114.77</ele>
				<time>2025-04-30T09:29:27</time>
			</trkpt>
			<trkpt lat="48.664541244506836" lon="3.0845725536346436">
				<ele>115.72</ele>
				<time>2025-04-30T09:29:57</time>
			</trkpt>
			<trkpt lat="48.66370439529419" lon="3.084239959716797">
				<ele>116.81</ele>
				<time>2025-04-30T09:30:11</time>
			</trkpt>
			<trkpt lat="48.662545680999756" lon="3.0833816528320312">
				<ele>117.88</ele>
				<time>2025-04-30T09:30:31</time>
			</trkpt>
			<trkpt lat="48.66139769554138" lon="3.082791566848755">
				<ele>119.1</ele>
				<time>2025-04-30T09:30:51</time>
			</trkpt>
			<trkpt lat="48.66063594818115" lon="3.0822980403900146">
				<ele>120.28</ele>
				<time>2025-04-30T09:31:04</time>
			</trkpt>
			<trkpt lat="48.66019614972174" lon="3.081793785095215">
				<ele>121.55</ele>
				<time>2025-04-30T09:31:13</time>
			</trkpt>
			<trkpt lat="48.65988492965698" lon="3.081343173980713">
				<ele>122.7</ele>
				<time>2025-04-30T09:31:20</time>
			</trkpt>
			<trkpt lat="48.65887641906738" lon="3.080345392227173">
				<ele>123.91</ele>
				<time>2025-04-30T09:31:39</time>
			</trkpt>
			<trkpt lat="48.65865111351013" lon="3.0796265602111816">
				<ele>125.06</ele>
				<time>2025-04-30T09:31:47</time>
			</trkpt>
			<trkpt lat="48.65827560424805" lon="3.0787789821624756">
				<ele>126.17</ele>
				<time>2025-04-30T09:31:58</time>
			</trkpt>
			<trkpt lat="48.658071756362915" lon="3.0785000324249268">
				<ele>127.17</ele>
				<time>2025-04-30T09:32:03</time>
			</trkpt>
			<trkpt lat="48.657867992296815" lon="3.0783820152282715">
				<ele>128.09</ele>
				<time>2025-04-30T09:32:06</time>
			</trkpt>
			<trkpt lat="48.65720272064209" lon="3.078371286392212">
				<ele>129.03</ele>
				<time>2025-04-30T09:32:17</time>
			</trkpt>
			<trkpt lat="48.65624793805182" lon="3.0785000324249268">
				<ele>129.57</ele>
				<time>2025-04-30T09:32:32</time>
			</trkpt>
			<trkpt lat="48.656355226412416" lon="3.077620267868042">
				<ele>130.31</ele>
				<time>2025-04-30T09:32:42</time>
			</trkpt>
			<trkpt lat="48.6564838886261" lon="3.0772340297698975">
				<ele>130.81</ele>
				<time>2025-04-30T09:32:46</time>
			</trkpt>
			<trkpt lat="48.656859481707215" lon="3.076901435852051">
				<ele>131.27</ele>
				<time>2025-04-30T09:32:53</time>
			</trkpt>
			<trkpt lat="48.65690231323242" lon="3.076601028442383">
				<ele>131.51</ele>
				<time>2025-04-30T09:32:56</time>
			</trkpt>
			<trkpt lat="48.65678429603577" lon="3.0756568908691406">
				<ele>131.71</ele>
				<time>2025-04-30T09:33:07</time>
			</trkpt>
			<trkpt lat="48.65682729519904" lon="3.0751419067382812">
				<ele>131.8</ele>
				<time>2025-04-30T09:33:12</time>
			</trkpt>
			<trkpt lat="48.657052516937256" lon="3.074004650115967">
				<ele>131.65</ele>
				<time>2025-04-30T09:33:25</time>
			</trkpt>
			<trkpt lat="48.65715980529785" lon="3.0724918842315674">
				<ele>131.33</ele>
				<time>2025-04-30T09:33:41</time>
			</trkpt>
			<trkpt lat="48.64867329597473" lon="3.068983554840088">
				<ele>131.15</ele>
				<time>2025-04-30T09:36:02</time>
			</trkpt>
			<trkpt lat="48.643115842714906" lon="3.0679428577423096">
				<ele>131.05</ele>
				<time>2025-04-30T09:37:31</time>
			</trkpt>
			<trkpt lat="48.64073395729065" lon="3.0675995349884033">
				<ele>130.23</ele>
				<time>2025-04-30T09:38:10</time>
			</trkpt>
			<trkpt lat="48.63794445991516" lon="3.0675244331359863">
				<ele>129.24</ele>
				<time>2025-04-30T09:38:54</time>
			</trkpt>
			<trkpt lat="48.637075424194336" lon="3.067631721496582">
				<ele>128.78</ele>
				<time>2025-04-30T09:39:08</time>
			</trkpt>
			<trkpt lat="48.63547682762146" lon="3.0675673484802246">
				<ele>128.79</ele>
				<time>2025-04-30T09:39:34</time>
			</trkpt>
			<trkpt lat="48.63496192730963" lon="3.067331314086914">
				<ele>128.62</ele>
				<time>2025-04-30T09:39:42</time>
			</trkpt>
			<trkpt lat="48.63454350270331" lon="3.0671703815460205">
				<ele>128.44</ele>
				<time>2025-04-30T09:39:49</time>
			</trkpt>
			<trkpt lat="48.63296627998352" lon="3.0668699741363525">
				<ele>128.37</ele>
				<time>2025-04-30T09:40:15</time>
			</trkpt>
			<trkpt lat="48.62628221511841" lon="3.070024251937866">
				<ele>128.21</ele>
				<time>2025-04-30T09:42:07</time>
			</trkpt>
			<trkpt lat="48.623331785202026" lon="3.0703139305114746">
				<ele>128.21</ele>
				<time>2025-04-30T09:42:54</time>
			</trkpt>
			<trkpt lat="48.62333186902106" lon="3.0703139305114746">
				<ele>127.99</ele>
				<time>2025-04-30T09:42:54</time>
			</trkpt>
			<trkpt lat="48.617645585909486" lon="3.0708181858062744">
				<ele>127.52</ele>
				<time>2025-04-30T09:44:25</time>
			</trkpt>
			<trkpt lat="48.61723780632019" lon="3.0709898471832275">
				<ele>127.4</ele>
				<time>2025-04-30T09:44:32</time>
			</trkpt>
			<trkpt lat="48.616100549697876" lon="3.071901798248291">
				<ele>126.97</ele>
				<time>2025-04-30T09:44:53</time>
			</trkpt>
			<trkpt lat="48.615628480911255" lon="3.072556257247925">
				<ele>126.79</ele>
				<time>2025-04-30T09:45:03</time>
			</trkpt>
			<trkpt lat="48.61533880233765" lon="3.072502613067627">
				<ele>126.65</ele>
				<time>2025-04-30T09:45:08</time>
			</trkpt>
			<trkpt lat="48.61448057927191" lon="3.0718910694122314">
				<ele>126.45</ele>
				<time>2025-04-30T09:45:23</time>
			</trkpt>
			<trkpt lat="48.613954866304994" lon="3.071526288986206">
				<ele>126.7</ele>
				<time>2025-04-30T09:45:32</time>
			</trkpt>
			<trkpt lat="48.613622188568115" lon="3.0714619159698486">
				<ele>126.99</ele>
				<time>2025-04-30T09:45:38</time>
			</trkpt>
			<trkpt lat="48.6125385761261" lon="3.0719876289367676">
				<ele>127.47</ele>
				<time>2025-04-30T09:45:56</time>
			</trkpt>
			<trkpt lat="48.61253865994513" lon="3.0719876289367676">
				<ele>127.73</ele>
				<time>2025-04-30T09:45:56</time>
			</trkpt>
			<trkpt lat="48.611648082733154" lon="3.0725884437561035">
				<ele>128.06</ele>
				<time>2025-04-30T09:46:11</time>
			</trkpt>
			<trkpt lat="48.61075758934021" lon="3.0727601051330566">
				<ele>128.06</ele>
				<time>2025-04-30T09:46:26</time>
			</trkpt>
			<trkpt lat="48.60907316207886" lon="3.0724596977233887">
				<ele>128.08</ele>
				<time>2025-04-30T09:46:53</time>
			</trkpt>
			<trkpt lat="48.60550045967102" lon="3.0724596977233887">
				<ele>128.99</ele>
				<time>2025-04-30T09:47:50</time>
			</trkpt>
			<trkpt lat="48.60453486442566" lon="3.07267427444458">
				<ele>129.63</ele>
				<time>2025-04-30T09:48:06</time>
			</trkpt>
			<trkpt lat="48.60179901123047" lon="3.072202205657959">
				<ele>130.54</ele>
				<time>2025-04-30T09:48:50</time>
			</trkpt>
			<trkpt lat="48.60031843185425" lon="3.0715692043304443">
				<ele>131.09</ele>
				<time>2025-04-30T09:49:14</time>
			</trkpt>
			<trkpt lat="48.599921464920044" lon="3.071504831314087">
				<ele>131.75</ele>
				<time>2025-04-30T09:49:21</time>
			</trkpt>
			<trkpt lat="48.598634004592896" lon="3.071955442428589">
				<ele>132.25</ele>
				<time>2025-04-30T09:49:42</time>
			</trkpt>
			<trkpt lat="48.59823142178357" lon="3.072172785177827">
				<ele>132.75</ele>
				<time>2025-04-30T09:49:49</time>
			</trkpt>
			<trkpt lat="48.5982312541455" lon="3.0721729528158903">
				<ele>133.22</ele>
				<time>2025-04-30T09:49:49</time>
			</trkpt>
			<trkpt lat="48.59822882339358" lon="3.0721743777394295">
				<ele>133.66</ele>
				<time>2025-04-30T09:49:49</time>
			</trkpt>
			<trkpt lat="48.598227985203266" lon="3.0721748806536198">
				<ele>134.05</ele>
				<time>2025-04-30T09:49:49</time>
			</trkpt>
			<trkpt lat="48.59822639264166" lon="3.0721758026629686">
				<ele>134.39</ele>
				<time>2025-04-30T09:49:49</time>
			</trkpt>
			<trkpt lat="48.5982143227011" lon="3.072182424366474">
				<ele>134.68</ele>
				<time>2025-04-30T09:49:49</time>
			</trkpt>
			<trkpt lat="48.59821264632046" lon="3.0721834301948547">
				<ele>134.92</ele>
				<time>2025-04-30T09:49:49</time>
			</trkpt>
			<trkpt lat="48.596670627593994" lon="3.0730175971984863">
				<ele>135.2</ele>
				<time>2025-04-30T09:50:15</time>
			</trkpt>
			<trkpt lat="48.5960054397583" lon="3.07342529296875">
				<ele>135.18</ele>
				<time>2025-04-30T09:50:27</time>
			</trkpt>
			<trkpt lat="48.59525442123413" lon="3.0740368366241455">
				<ele>135.27</ele>
				<time>2025-04-30T09:50:41</time>
			</trkpt>
			<trkpt lat="48.59525450505316" lon="3.0740368366241455">
				<ele>135.3</ele>
				<time>2025-04-30T09:50:41</time>
			</trkpt>
			<trkpt lat="48.5952437762171" lon="3.0740368366241455">
				<ele>135.28</ele>
				<time>2025-04-30T09:50:41</time>
			</trkpt>
			<trkpt lat="48.595147132873535" lon="3.0741655826568604">
				<ele>135.27</ele>
				<time>2025-04-30T09:50:43</time>
			</trkpt>
			<trkpt lat="48.59502911567688" lon="3.0738651752471924">
				<ele>135.09</ele>
				<time>2025-04-30T09:50:46</time>
			</trkpt>
			<trkpt lat="48.594728792086244" lon="3.0737686157226562">
				<ele>134.95</ele>
				<time>2025-04-30T09:50:51</time>
			</trkpt>
			<trkpt lat="48.59363445080817" lon="3.074047565460205">
				<ele>134.64</ele>
				<time>2025-04-30T09:51:09</time>
			</trkpt>
			<trkpt lat="48.59353789128363" lon="3.074004650115967">
				<ele>134.37</ele>
				<time>2025-04-30T09:51:11</time>
			</trkpt>
			<trkpt lat="48.59347343444824" lon="3.0739617347717285">
				<ele>134.03</ele>
				<time>2025-04-30T09:51:12</time>
			</trkpt>
			<trkpt lat="48.59276541508734" lon="3.072148561477661">
				<ele>133.47</ele>
				<time>2025-04-30T09:51:34</time>
			</trkpt>
			<trkpt lat="48.59284051693976" lon="3.0719339847564697">
				<ele>132.97</ele>
				<time>2025-04-30T09:51:37</time>
			</trkpt>
			<trkpt lat="48.593205297365785" lon="3.0706357955932617">
				<ele>132.34</ele>
				<time>2025-04-30T09:51:52</time>
			</trkpt>
			<trkpt lat="48.593226755037904" lon="3.070507049560547">
				<ele>131.79</ele>
				<time>2025-04-30T09:51:53</time>
			</trkpt>
			<trkpt lat="48.59329112805426" lon="3.0698633193969727">
				<ele>131.23</ele>
				<time>2025-04-30T09:52:00</time>
			</trkpt>
			<trkpt lat="48.59334468841553" lon="3.067835569381714">
				<ele>130.76</ele>
				<time>2025-04-30T09:52:22</time>
			</trkpt>
			<trkpt lat="48.59330177307129" lon="3.066837787628174">
				<ele>130.03</ele>
				<time>2025-04-30T09:52:32</time>
			</trkpt>
			<trkpt lat="48.59295845031738" lon="3.066805601119995">
				<ele>129.19</ele>
				<time>2025-04-30T09:52:38</time>
			</trkpt>
			<trkpt lat="48.592368364334106" lon="3.0665481090545654">
				<ele>128.06</ele>
				<time>2025-04-30T09:52:47</time>
			</trkpt>
			<trkpt lat="48.592143058776855" lon="3.066333532333374">
				<ele>127.13</ele>
				<time>2025-04-30T09:52:52</time>
			</trkpt>
			<trkpt lat="48.59179981984198" lon="3.065807819366455">
				<ele>126.24</ele>
				<time>2025-04-30T09:53:00</time>
			</trkpt>
			<trkpt lat="48.591381311416626" lon="3.064166307449341">
				<ele>125.42</ele>
				<time>2025-04-30T09:53:18</time>
			</trkpt>
			<trkpt lat="48.5905659198761" lon="3.062310218811035">
				<ele>124.47</ele>
				<time>2025-04-30T09:53:42</time>
			</trkpt>
			<trkpt lat="48.58898878097534" lon="3.0600249767303467">
				<ele>123.48</ele>
				<time>2025-04-30T09:54:17</time>
			</trkpt>
			<trkpt lat="48.58852744102478" lon="3.0583620071411133">
				<ele>122.52</ele>
				<time>2025-04-30T09:54:36</time>
			</trkpt>
			<trkpt lat="48.587669134140015" lon="3.0566132068634033">
				<ele>121.58</ele>
				<time>2025-04-30T09:54:59</time>
			</trkpt>
			<trkpt lat="48.5870897769928" lon="3.054853677749634">
				<ele>120.66</ele>
				<time>2025-04-30T09:55:20</time>
			</trkpt>
			<trkpt lat="48.58580231666565" lon="3.051924705505371">
				<ele>119.95</ele>
				<time>2025-04-30T09:55:57</time>
			</trkpt>
			<trkpt lat="48.5855233669281" lon="3.05145263671875">
				<ele>119.06</ele>
				<time>2025-04-30T09:56:04</time>
			</trkpt>
			<trkpt lat="48.58438619412482" lon="3.0501651763916016">
				<ele>117.8</ele>
				<time>2025-04-30T09:56:26</time>
			</trkpt>
			<trkpt lat="48.584386110305786" lon="3.0501651763916016">
				<ele>117.41</ele>
				<time>2025-04-30T09:56:26</time>
			</trkpt>
			<trkpt lat="48.58424663543701" lon="3.0499935150146484">
				<ele>117.18</ele>
				<time>2025-04-30T09:56:29</time>
			</trkpt>
			<trkpt lat="48.58383893966675" lon="3.049478530883789">
				<ele>117.1</ele>
				<time>2025-04-30T09:56:38</time>
			</trkpt>
			<trkpt lat="48.582218969240785" lon="3.0465281009674072">
				<ele>117.62</ele>
				<time>2025-04-30T09:57:18</time>
			</trkpt>
			<trkpt lat="48.581682443618774" lon="3.0461525917053223">
				<ele>117.92</ele>
				<time>2025-04-30T09:57:28</time>
			</trkpt>
			<trkpt lat="48.58047008514404" lon="3.0458521842956543">
				<ele>118.24</ele>
				<time>2025-04-30T09:57:48</time>
			</trkpt>
			<trkpt lat="48.57888221740723" lon="3.044307231903076">
				<ele>118.89</ele>
				<time>2025-04-30T09:58:18</time>
			</trkpt>
			<trkpt lat="48.57872128486633" lon="3.0439960956573486">
				<ele>119.44</ele>
				<time>2025-04-30T09:58:22</time>
			</trkpt>
			<trkpt lat="48.57803463935852" lon="3.041861057281494">
				<ele>120.14</ele>
				<time>2025-04-30T09:58:47</time>
			</trkpt>
			<trkpt lat="48.5776162147522" lon="3.0411529541015625">
				<ele>120.9</ele>
				<time>2025-04-30T09:58:57</time>
			</trkpt>
			<trkpt lat="48.577165603637695" lon="3.040691614151001">
				<ele>121.45</ele>
				<time>2025-04-30T09:59:06</time>
			</trkpt>
			<trkpt lat="48.57710131444037" lon="3.0406486988067627">
				<ele>122.09</ele>
				<time>2025-04-30T09:59:07</time>
			</trkpt>
			<trkpt lat="48.57577093876898" lon="3.0396616458892822">
				<ele>122.94</ele>
				<time>2025-04-30T09:59:31</time>
			</trkpt>
			<trkpt lat="48.57577085494995" lon="3.0396616458892822">
				<ele>123.56</ele>
				<time>2025-04-30T09:59:31</time>
			</trkpt>
			<trkpt lat="48.575502717867494" lon="3.0395007133483887">
				<ele>124.18</ele>
				<time>2025-04-30T09:59:35</time>
			</trkpt>
			<trkpt lat="48.57479453086853" lon="3.0392539501190186">
				<ele>124.73</ele>
				<time>2025-04-30T09:59:47</time>
			</trkpt>
			<trkpt lat="48.574451208114624" lon="3.0392539501190186">
				<ele>125.26</ele>
				<time>2025-04-30T09:59:53</time>
			</trkpt>
			<trkpt lat="48.56641539372504" lon="3.039146661758423">
				<ele>125.72</ele>
				<time>2025-04-30T10:02:01</time>
			</trkpt>
			<trkpt lat="48.566415309906006" lon="3.039146661758423">
				<ele>126.13</ele>
				<time>2025-04-30T10:02:01</time>
			</trkpt>
			<trkpt lat="48.56498837471008" lon="3.0390608310699463">
				<ele>126.54</ele>
				<time>2025-04-30T10:02:24</time>
			</trkpt>
			<trkpt lat="48.564172983169556" lon="3.0385243892669678">
				<ele>126.86</ele>
				<time>2025-04-30T10:02:38</time>
			</trkpt>
			<trkpt lat="48.563958490267396" lon="3.038020133972168">
				<ele>127.1</ele>
				<time>2025-04-30T10:02:45</time>
			</trkpt>
			<trkpt lat="48.562456453219056" lon="3.034501075744629">
				<ele>127.17</ele>
				<time>2025-04-30T10:03:29</time>
			</trkpt>
			<trkpt lat="48.5613835696131" lon="3.032022714614868">
				<ele>127.37</ele>
				<time>2025-04-30T10:04:00</time>
			</trkpt>
			<trkpt lat="48.56105097569525" lon="3.03122878074646">
				<ele>127.62</ele>
				<time>2025-04-30T10:04:10</time>
			</trkpt>
			<trkpt lat="48.56112599372864" lon="3.0310678482055664">
				<ele>127.69</ele>
				<time>2025-04-30T10:04:12</time>
			</trkpt>
			<trkpt lat="48.56111526489258" lon="3.030906915664673">
				<ele>127.79</ele>
				<time>2025-04-30T10:04:14</time>
			</trkpt>
			<trkpt lat="48.5610294342041" lon="3.0308103561401367">
				<ele>127.96</ele>
				<time>2025-04-30T10:04:16</time>
			</trkpt>
			<trkpt lat="48.56088995933533" lon="3.0308425426483154">
				<ele>128.14</ele>
				<time>2025-04-30T10:04:18</time>
			</trkpt>
			<trkpt lat="48.5603750590235" lon="3.029630184173584">
				<ele>128.23</ele>
				<time>2025-04-30T10:04:33</time>
			</trkpt>
			<trkpt lat="48.56037497520447" lon="3.029630184173584">
				<ele>128.35</ele>
				<time>2025-04-30T10:04:33</time>
			</trkpt>
			<trkpt lat="48.55986007489264" lon="3.028428554534912">
				<ele>128.48</ele>
				<time>2025-04-30T10:04:49</time>
			</trkpt>
			<trkpt lat="48.559473836794496" lon="3.0274415016174316">
				<ele>128.58</ele>
				<time>2025-04-30T10:05:01</time>
			</trkpt>
			<trkpt lat="48.559473752975464" lon="3.0274415016174316">
				<ele>128.73</ele>
				<time>2025-04-30T10:05:01</time>
			</trkpt>
			<trkpt lat="48.55931282043457" lon="3.026958703994751">
				<ele>128.99</ele>
				<time>2025-04-30T10:05:06</time>
			</trkpt>
			<trkpt lat="48.55907678604126" lon="3.0268192291259766">
				<ele>129.2</ele>
				<time>2025-04-30T10:05:11</time>
			</trkpt>
			<trkpt lat="48.558465326204896" lon="3.0255532264709473">
				<ele>129.46</ele>
				<time>2025-04-30T10:05:27</time>
			</trkpt>
			<trkpt lat="48.55783232487738" lon="3.0242013931274414">
				<ele>129.43</ele>
				<time>2025-04-30T10:05:45</time>
			</trkpt>
			<trkpt lat="48.55743535794318" lon="3.0233216285705566">
				<ele>129.66</ele>
				<time>2025-04-30T10:05:56</time>
			</trkpt>
			<trkpt lat="48.55686672963202" lon="3.022087812423706">
				<ele>129.82</ele>
				<time>2025-04-30T10:06:12</time>
			</trkpt>
			<trkpt lat="48.55657705105841" lon="3.0215084552764893">
				<ele>130.02</ele>
				<time>2025-04-30T10:06:20</time>
			</trkpt>
			<trkpt lat="48.556233728304505" lon="3.0208218097686768">
				<ele>130.38</ele>
				<time>2025-04-30T10:06:29</time>
			</trkpt>
			<trkpt lat="48.556233644485474" lon="3.0208218097686768">
				<ele>130.53</ele>
				<time>2025-04-30T10:06:29</time>
			</trkpt>
			<trkpt lat="48.55607279576361" lon="3.0204999446868896">
				<ele>130.73</ele>
				<time>2025-04-30T10:06:33</time>
			</trkpt>
			<trkpt lat="48.55580449104309" lon="3.019963502883911">
				<ele>130.84</ele>
				<time>2025-04-30T10:06:40</time>
			</trkpt>
			<trkpt lat="48.55576157569885" lon="3.019695281982422">
				<ele>130.92</ele>
				<time>2025-04-30T10:06:43</time>
			</trkpt>
			<trkpt lat="48.55587959289551" lon="3.0195772647857666">
				<ele>130.97</ele>
				<time>2025-04-30T10:06:45</time>
			</trkpt>
			<trkpt lat="48.55586886405945" lon="3.019319772720337">
				<ele>130.98</ele>
				<time>2025-04-30T10:06:48</time>
			</trkpt>
			<trkpt lat="48.555965507403016" lon="3.0192339420318604">
				<ele>130.93</ele>
				<time>2025-04-30T10:06:50</time>
			</trkpt>
			<trkpt lat="48.55630883015692" lon="3.01824688911438">
				<ele>130.66</ele>
				<time>2025-04-30T10:07:02</time>
			</trkpt>
			<trkpt lat="48.556512678042054" lon="3.0176353454589844">
				<ele>130.49</ele>
				<time>2025-04-30T10:07:09</time>
			</trkpt>
			<trkpt lat="48.556694984436035" lon="3.0171847343444824">
				<ele>130.53</ele>
				<time>2025-04-30T10:07:14</time>
			</trkpt>
			<trkpt lat="48.55710276402533" lon="3.0168843269348145">
				<ele>130.39</ele>
				<time>2025-04-30T10:07:22</time>
			</trkpt>
			<trkpt lat="48.557950258255005" lon="3.0164551734924316">
				<ele>130.3</ele>
				<time>2025-04-30T10:07:36</time>
			</trkpt>
			<trkpt lat="48.557982528582215" lon="3.016476631164551">
				<ele>130.22</ele>
				<time>2025-04-30T10:07:37</time>
			</trkpt>
			<trkpt lat="48.55802536010742" lon="3.016326427459717">
				<ele>130.11</ele>
				<time>2025-04-30T10:07:38</time>
			</trkpt>
			<trkpt lat="48.55827212333679" lon="3.0135583877563477">
				<ele>130.13</ele>
				<time>2025-04-30T10:08:08</time>
			</trkpt>
			<trkpt lat="48.55819710530341" lon="3.010629415512085">
				<ele>130.0</ele>
				<time>2025-04-30T10:08:39</time>
			</trkpt>
			<trkpt lat="48.558164834976196" lon="3.009781837463379">
				<ele>129.96</ele>
				<time>2025-04-30T10:08:48</time>
			</trkpt>
			<trkpt lat="48.55758556164801" lon="3.009856939315796">
				<ele>129.9</ele>
				<time>2025-04-30T10:08:57</time>
			</trkpt>
			<trkpt lat="48.557210052385926" lon="3.0099105834960938">
				<ele>130.02</ele>
				<time>2025-04-30T10:09:03</time>
			</trkpt>
			<trkpt lat="48.556480407714844" lon="3.01000714302063">
				<ele>130.1</ele>
				<time>2025-04-30T10:09:15</time>
			</trkpt>
			<trkpt lat="48.55633020401001" lon="3.0099642276763916">
				<ele>129.99</ele>
				<time>2025-04-30T10:09:18</time>
			</trkpt>
			<trkpt lat="48.556437492370605" lon="3.009202480316162">
				<ele>129.87</ele>
				<time>2025-04-30T10:09:26</time>
			</trkpt>
			<trkpt lat="48.556459033861756" lon="3.0076253414154053">
				<ele>129.33</ele>
				<time>2025-04-30T10:09:43</time>
			</trkpt>
			<trkpt lat="48.556458950042725" lon="3.0076253414154053">
				<ele>129.12</ele>
				<time>2025-04-30T10:09:43</time>
			</trkpt>
			<trkpt lat="48.556448221206665" lon="3.0064988136291504">
				<ele>129.01</ele>
				<time>2025-04-30T10:09:54</time>
			</trkpt>
			<trkpt lat="48.55631947517395" lon="3.0064988136291504">
				<ele>128.72</ele>
				<time>2025-04-30T10:09:57</time>
			</trkpt>
			<trkpt lat="48.555428981781006" lon="3.0055761337280273">
				<ele>128.12</ele>
				<time>2025-04-30T10:10:14</time>
			</trkpt>
			<trkpt lat="48.55541833676398" lon="3.0054688453674316">
				<ele>127.81</ele>
				<time>2025-04-30T10:10:15</time>
			</trkpt>
			<trkpt lat="48.55526804924011" lon="3.005479574203491">
				<ele>127.49</ele>
				<time>2025-04-30T10:10:17</time>
			</trkpt>
			<trkpt lat="48.554978454485536" lon="3.0052649974823">
				<ele>127.21</ele>
				<time>2025-04-30T10:10:23</time>
			</trkpt>
			<trkpt lat="48.555021369829774" lon="3.0051684379577637">
				<ele>126.82</ele>
				<time>2025-04-30T10:10:24</time>
			</trkpt>
			<trkpt lat="48.55502128601074" lon="3.0051684379577637">
				<ele>126.42</ele>
				<time>2025-04-30T10:10:24</time>
			</trkpt>
			<trkpt lat="48.55491408146918" lon="3.0050718784332275">
				<ele>125.99</ele>
				<time>2025-04-30T10:10:26</time>
			</trkpt>
			<trkpt lat="48.55445274151862" lon="3.004610538482666">
				<ele>125.41</ele>
				<time>2025-04-30T10:10:35</time>
			</trkpt>
			<trkpt lat="48.5533691290766" lon="3.0034732818603516">
				<ele>125.01</ele>
				<time>2025-04-30T10:10:56</time>
			</trkpt>
			<trkpt lat="48.55327248573303" lon="3.003387451171875">
				<ele>124.53</ele>
				<time>2025-04-30T10:10:58</time>
			</trkpt>
			<trkpt lat="48.55213531292975" lon="3.002218008041382">
				<ele>123.9</ele>
				<time>2025-04-30T10:11:20</time>
			</trkpt>
			<trkpt lat="48.55213522911072" lon="3.002218008041382">
				<ele>123.41</ele>
				<time>2025-04-30T10:11:20</time>
			</trkpt>
			<trkpt lat="48.55091214179993" lon="3.0009734630584717">
				<ele>122.84</ele>
				<time>2025-04-30T10:11:43</time>
			</trkpt>
			<trkpt lat="48.55059036053717" lon="3.000437021255493">
				<ele>122.4</ele>
				<time>2025-04-30T10:11:51</time>
			</trkpt>
			<trkpt lat="48.55016112327576" lon="3.000190258026123">
				<ele>121.83</ele>
				<time>2025-04-30T10:11:58</time>
			</trkpt>
			<trkpt lat="48.54761847294867" lon="2.9976046085357666">
				<ele>121.17</ele>
				<time>2025-04-30T10:12:47</time>
			</trkpt>
			<trkpt lat="48.54682453908026" lon="2.996799945831299">
				<ele>120.7</ele>
				<time>2025-04-30T10:13:03</time>
			</trkpt>
			<trkpt lat="48.543498599901795" lon="2.9934310913085938">
				<ele>120.3</ele>
				<time>2025-04-30T10:14:07</time>
			</trkpt>
			<trkpt lat="48.543498516082764" lon="2.9934310913085938">
				<ele>119.94</ele>
				<time>2025-04-30T10:14:07</time>
			</trkpt>
			<trkpt lat="48.543251836672425" lon="2.993173599243164">
				<ele>119.72</ele>
				<time>2025-04-30T10:14:12</time>
			</trkpt>
			<trkpt lat="48.5364390257746" lon="2.9862427711486816">
				<ele>119.27</ele>
				<time>2025-04-30T10:16:23</time>
			</trkpt>
			<trkpt lat="48.53636392392218" lon="2.9861676692962646">
				<ele>119.03</ele>
				<time>2025-04-30T10:16:24</time>
			</trkpt>
			<trkpt lat="48.536299550905824" lon="2.9861032962799072">
				<ele>118.85</ele>
				<time>2025-04-30T10:16:26</time>
			</trkpt>
			<trkpt lat="48.52936872281134" lon="2.979065179824829">
				<ele>118.4</ele>
				<time>2025-04-30T10:18:39</time>
			</trkpt>
			<trkpt lat="48.52936863899231" lon="2.979065179824829">
				<ele>118.29</ele>
				<time>2025-04-30T10:18:39</time>
			</trkpt>
			<trkpt lat="48.52133282460272" lon="2.9708898067474365">
				<ele>118.8</ele>
				<time>2025-04-30T10:21:15</time>
			</trkpt>
			<trkpt lat="48.52133274078369" lon="2.9708898067474365">
				<ele>118.75</ele>
				<time>2025-04-30T10:21:15</time>
			</trkpt>
			<trkpt lat="48.52045306004584" lon="2.9700100421905518">
				<ele>118.38</ele>
				<time>2025-04-30T10:21:32</time>
			</trkpt>
			<trkpt lat="48.51594694890082" lon="2.9654502868652344">
				<ele>118.4</ele>
				<time>2025-04-30T10:22:58</time>
			</trkpt>
			<trkpt lat="48.51529240608215" lon="2.9647743701934814">
				<ele>118.48</ele>
				<time>2025-04-30T10:23:11</time>
			</trkpt>
			<trkpt lat="48.51511001586914" lon="2.9644417762756348">
				<ele>118.51</ele>
				<time>2025-04-30T10:23:16</time>
			</trkpt>
			<trkpt lat="48.515002727508545" lon="2.9640555381774902">
				<ele>118.65</ele>
				<time>2025-04-30T10:23:20</time>
			</trkpt>
			<trkpt lat="48.514511715620756" lon="2.9572488460689783">
				<ele>118.6</ele>
				<time>2025-04-30T10:24:33</time>
			</trkpt>
			<trkpt lat="48.514511715620756" lon="2.957248594611883">
				<ele>118.67</ele>
				<time>2025-04-30T10:24:33</time>
			</trkpt>
			<trkpt lat="48.51451146416366" lon="2.9572446551173925">
				<ele>118.76</ele>
				<time>2025-04-30T10:24:33</time>
			</trkpt>
			<trkpt lat="48.514512637630105" lon="2.957260077819228">
				<ele>118.86</ele>
				<time>2025-04-30T10:24:33</time>
			</trkpt>
			<trkpt lat="48.51451372727752" lon="2.9572740755975246">
				<ele>118.97</ele>
				<time>2025-04-30T10:24:33</time>
			</trkpt>
			<trkpt lat="48.51451238617301" lon="2.9572547134011984">
				<ele>119.09</ele>
				<time>2025-04-30T10:24:33</time>
			</trkpt>
			<trkpt lat="48.51451339200139" lon="2.957268711179495">
				<ele>119.23</ele>
				<time>2025-04-30T10:24:33</time>
			</trkpt>
			<trkpt lat="48.514576172456145" lon="2.957258401438594">
				<ele>119.39</ele>
				<time>2025-04-30T10:24:34</time>
			</trkpt>
			<trkpt lat="48.51438229903579" lon="2.9541950672864914">
				<ele>119.87</ele>
				<time>2025-04-30T10:25:07</time>
			</trkpt>
			<trkpt lat="48.514314740896225" lon="2.9527894221246243">
				<ele>119.94</ele>
				<time>2025-04-30T10:25:22</time>
			</trkpt>
			<trkpt lat="48.51417702622712" lon="2.9512666817754507">
				<ele>120.11</ele>
				<time>2025-04-30T10:25:38</time>
			</trkpt>
			<trkpt lat="48.514061188325286" lon="2.9493129439651966">
				<ele>119.93</ele>
				<time>2025-04-30T10:25:59</time>
			</trkpt>
			<trkpt lat="48.51397309452295" lon="2.9483102168887854">
				<ele>119.93</ele>
				<time>2025-04-30T10:26:10</time>
			</trkpt>
			<trkpt lat="48.51390310563147" lon="2.9469056613743305">
				<ele>120.22</ele>
				<time>2025-04-30T10:26:25</time>
			</trkpt>
			<trkpt lat="48.51340848952532" lon="2.939719269052148">
				<ele>120.33</ele>
				<time>2025-04-30T10:27:41</time>
			</trkpt>
			<trkpt lat="48.51322534494102" lon="2.936916695907712">
				<ele>121.29</ele>
				<time>2025-04-30T10:28:11</time>
			</trkpt>
			<trkpt lat="48.51313238963485" lon="2.9350504651665688">
				<ele>121.9</ele>
				<time>2025-04-30T10:28:31</time>
			</trkpt>
			<trkpt lat="48.513007666915655" lon="2.9336101189255714">
				<ele>122.03</ele>
				<time>2025-04-30T10:28:47</time>
			</trkpt>
			<trkpt lat="48.51297187618911" lon="2.932743765413761">
				<ele>122.03</ele>
				<time>2025-04-30T10:28:56</time>
			</trkpt>
			<trkpt lat="48.512947065755725" lon="2.932464899495244">
				<ele>122.22</ele>
				<time>2025-04-30T10:28:59</time>
			</trkpt>
			<trkpt lat="48.512898702174425" lon="2.932187542319298">
				<ele>122.45</ele>
				<time>2025-04-30T10:29:02</time>
			</trkpt>
			<trkpt lat="48.51279971189797" lon="2.931797532364726">
				<ele>122.69</ele>
				<time>2025-04-30T10:29:06</time>
			</trkpt>
			<trkpt lat="48.51275344379246" lon="2.9316808562725782">
				<ele>123.02</ele>
				<time>2025-04-30T10:29:08</time>
			</trkpt>
			<trkpt lat="48.51260483264923" lon="2.931354381144047">
				<ele>123.4</ele>
				<time>2025-04-30T10:29:12</time>
			</trkpt>
			<trkpt lat="48.512172577902675" lon="2.9305715952068567">
				<ele>123.87</ele>
				<time>2025-04-30T10:29:23</time>
			</trkpt>
			<trkpt lat="48.51175859570503" lon="2.929914705455303">
				<ele>124.28</ele>
				<time>2025-04-30T10:29:32</time>
			</trkpt>
			<trkpt lat="48.51126632653177" lon="2.92902329005301">
				<ele>124.82</ele>
				<time>2025-04-30T10:29:45</time>
			</trkpt>
			<trkpt lat="48.511101538315415" lon="2.928783316165209">
				<ele>125.1</ele>
				<time>2025-04-30T10:29:48</time>
			</trkpt>
			<trkpt lat="48.51050357334316" lon="2.9276831075549126">
				<ele>125.57</ele>
				<time>2025-04-30T10:30:03</time>
			</trkpt>
			<trkpt lat="48.50958055816591" lon="2.9260783921927214">
				<ele>125.96</ele>
				<time>2025-04-30T10:30:26</time>
			</trkpt>
			<trkpt lat="48.50902173668146" lon="2.9250540398061275">
				<ele>126.32</ele>
				<time>2025-04-30T10:30:40</time>
			</trkpt>
			<trkpt lat="48.508561654016376" lon="2.9242777079343796">
				<ele>126.68</ele>
				<time>2025-04-30T10:30:51</time>
			</trkpt>
			<trkpt lat="48.50738441571593" lon="2.92205398902297">
				<ele>127.0</ele>
				<time>2025-04-30T10:31:21</time>
			</trkpt>
			<trkpt lat="48.50693422369659" lon="2.921272460371256">
				<ele>127.08</ele>
				<time>2025-04-30T10:31:32</time>
			</trkpt>
			<trkpt lat="48.50672107189894" lon="2.920933747664094">
				<ele>127.22</ele>
				<time>2025-04-30T10:31:37</time>
			</trkpt>
			<trkpt lat="48.50646274164319" lon="2.920461930334568">
				<ele>127.29</ele>
				<time>2025-04-30T10:31:44</time>
			</trkpt>
			<trkpt lat="48.50628454238176" lon="2.9200809728354216">
				<ele>127.28</ele>
				<time>2025-04-30T10:31:49</time>
			</trkpt>
			<trkpt lat="48.506101900711656" lon="2.919790456071496">
				<ele>127.25</ele>
				<time>2025-04-30T10:31:53</time>
			</trkpt>
			<trkpt lat="48.50585295818746" lon="2.919318303465843">
				<ele>127.11</ele>
				<time>2025-04-30T10:31:59</time>
			</trkpt>
			<trkpt lat="48.50503052584827" lon="2.917988346889615">
				<ele>126.83</ele>
				<time>2025-04-30T10:32:19</time>
			</trkpt>
			<trkpt lat="48.5046801622957" lon="2.9173270147293806">
				<ele>126.84</ele>
				<time>2025-04-30T10:32:28</time>
			</trkpt>
			<trkpt lat="48.50449902936816" lon="2.9170295409858227">
				<ele>126.79</ele>
				<time>2025-04-30T10:32:32</time>
			</trkpt>
			<trkpt lat="48.50416140630841" lon="2.916394779458642">
				<ele>126.99</ele>
				<time>2025-04-30T10:32:40</time>
			</trkpt>
			<trkpt lat="48.50393610075116" lon="2.916010469198227">
				<ele>127.13</ele>
				<time>2025-04-30T10:32:46</time>
			</trkpt>
			<trkpt lat="48.503753961995244" lon="2.915733614936471">
				<ele>127.32</ele>
				<time>2025-04-30T10:32:50</time>
			</trkpt>
			<trkpt lat="48.50359001196921" lon="2.915442008525133">
				<ele>127.45</ele>
				<time>2025-04-30T10:32:54</time>
			</trkpt>
			<trkpt lat="48.503026999533176" lon="2.9145448096096516">
				<ele>127.55</ele>
				<time>2025-04-30T10:33:07</time>
			</trkpt>
			<trkpt lat="48.502616453915834" lon="2.9138559009879827">
				<ele>127.52</ele>
				<time>2025-04-30T10:33:17</time>
			</trkpt>
			<trkpt lat="48.501612385734916" lon="2.9120786860585213">
				<ele>127.29</ele>
				<time>2025-04-30T10:33:42</time>
			</trkpt>
			<trkpt lat="48.501330921426415" lon="2.911518020555377">
				<ele>127.46</ele>
				<time>2025-04-30T10:33:49</time>
			</trkpt>
			<trkpt lat="48.50102280266583" lon="2.910963809117675">
				<ele>127.56</ele>
				<time>2025-04-30T10:33:57</time>
			</trkpt>
			<trkpt lat="48.50090025924146" lon="2.910754596814513">
				<ele>127.59</ele>
				<time>2025-04-30T10:34:00</time>
			</trkpt>
			<trkpt lat="48.50074091926217" lon="2.9105439595878124">
				<ele>127.62</ele>
				<time>2025-04-30T10:34:03</time>
			</trkpt>
			<trkpt lat="48.50054159760475" lon="2.910203989595175">
				<ele>127.72</ele>
				<time>2025-04-30T10:34:08</time>
			</trkpt>
			<trkpt lat="48.49949444644153" lon="2.9083398543298244">
				<ele>127.93</ele>
				<time>2025-04-30T10:34:34</time>
			</trkpt>
			<trkpt lat="48.499166294932365" lon="2.9077999759465456">
				<ele>128.14</ele>
				<time>2025-04-30T10:34:42</time>
			</trkpt>
			<trkpt lat="48.49896512925625" lon="2.9074150789529085">
				<ele>128.48</ele>
				<time>2025-04-30T10:34:47</time>
			</trkpt>
			<trkpt lat="48.49873848259449" lon="2.9070322774350643">
				<ele>128.86</ele>
				<time>2025-04-30T10:34:53</time>
			</trkpt>
			<trkpt lat="48.498295499011874" lon="2.906343871727586">
				<ele>129.12</ele>
				<time>2025-04-30T10:35:03</time>
			</trkpt>
			<trkpt lat="48.497955026105046" lon="2.9057251196354628">
				<ele>129.51</ele>
				<time>2025-04-30T10:35:11</time>
			</trkpt>
			<trkpt lat="48.496996723115444" lon="2.904116800054908">
				<ele>129.86</ele>
				<time>2025-04-30T10:35:34</time>
			</trkpt>
			<trkpt lat="48.49672833457589" lon="2.903629308566451">
				<ele>130.12</ele>
				<time>2025-04-30T10:35:41</time>
			</trkpt>
			<trkpt lat="48.49651233293116" lon="2.9031155817210674">
				<ele>130.43</ele>
				<time>2025-04-30T10:35:47</time>
			</trkpt>
			<trkpt lat="48.49615132436156" lon="2.9020897205919027">
				<ele>130.73</ele>
				<time>2025-04-30T10:36:00</time>
			</trkpt>
			<trkpt lat="48.49587220698595" lon="2.9012322518974543">
				<ele>130.93</ele>
				<time>2025-04-30T10:36:10</time>
			</trkpt>
			<trkpt lat="48.49569040350616" lon="2.9007588420063257">
				<ele>131.26</ele>
				<time>2025-04-30T10:36:16</time>
			</trkpt>
			<trkpt lat="48.49501515738666" lon="2.8988443315029144">
				<ele>131.57</ele>
				<time>2025-04-30T10:36:39</time>
			</trkpt>
			<trkpt lat="48.49465875886381" lon="2.8979151975363493">
				<ele>131.56</ele>
				<time>2025-04-30T10:36:50</time>
			</trkpt>
			<trkpt lat="48.494235556572676" lon="2.896699570119381">
				<ele>131.85</ele>
				<time>2025-04-30T10:37:05</time>
			</trkpt>
			<trkpt lat="48.493805062025785" lon="2.8956108447164297">
				<ele>131.99</ele>
				<time>2025-04-30T10:37:18</time>
			</trkpt>
			<trkpt lat="48.49317289888859" lon="2.893935302272439">
				<ele>132.09</ele>
				<time>2025-04-30T10:37:39</time>
			</trkpt>
			<trkpt lat="48.49241609685123" lon="2.8917381539940834">
				<ele>132.1</ele>
				<time>2025-04-30T10:38:05</time>
			</trkpt>
			<trkpt lat="48.49180195480585" lon="2.890060180798173">
				<ele>132.23</ele>
				<time>2025-04-30T10:38:25</time>
			</trkpt>
			<trkpt lat="48.491590563207865" lon="2.889620717614889">
				<ele>132.22</ele>
				<time>2025-04-30T10:38:31</time>
			</trkpt>
			<trkpt lat="48.49134254269302" lon="2.8892144467681646">
				<ele>131.92</ele>
				<time>2025-04-30T10:38:37</time>
			</trkpt>
			<trkpt lat="48.489821311086416" lon="2.8870646562427282">
				<ele>131.92</ele>
				<time>2025-04-30T10:39:10</time>
			</trkpt>
			<trkpt lat="48.48968560807407" lon="2.8868999518454075">
				<ele>131.72</ele>
				<time>2025-04-30T10:39:13</time>
			</trkpt>
			<trkpt lat="48.48909250460565" lon="2.8860279824584723">
				<ele>131.66</ele>
				<time>2025-04-30T10:39:26</time>
			</trkpt>
			<trkpt lat="48.48870459012687" lon="2.8855248168110847">
				<ele>131.3</ele>
				<time>2025-04-30T10:39:34</time>
			</trkpt>
			<trkpt lat="48.487644949927926" lon="2.884034514427185">
				<ele>131.01</ele>
				<time>2025-04-30T10:39:58</time>
			</trkpt>
			<trkpt lat="48.48713809624314" lon="2.8833750262856483">
				<ele>130.78</ele>
				<time>2025-04-30T10:40:08</time>
			</trkpt>
			<trkpt lat="48.485540924593806" lon="2.88111031986773">
				<ele>130.59</ele>
				<time>2025-04-30T10:40:43</time>
			</trkpt>
			<trkpt lat="48.48285008221865" lon="2.8774144034832716">
				<ele>129.61</ele>
				<time>2025-04-30T10:41:42</time>
			</trkpt>
			<trkpt lat="48.48111896775663" lon="2.87500343285501">
				<ele>129.61</ele>
				<time>2025-04-30T10:42:19</time>
			</trkpt>
			<trkpt lat="48.47995379939675" lon="2.873477255925536">
				<ele>129.3</ele>
				<time>2025-04-30T10:42:44</time>
			</trkpt>
			<trkpt lat="48.47952028736472" lon="2.8728783689439297">
				<ele>129.16</ele>
				<time>2025-04-30T10:42:53</time>
			</trkpt>
			<trkpt lat="48.47899834625423" lon="2.872108994051814">
				<ele>129.19</ele>
				<time>2025-04-30T10:43:05</time>
			</trkpt>
			<trkpt lat="48.47860456444323" lon="2.8714940138161182">
				<ele>129.1</ele>
				<time>2025-04-30T10:43:14</time>
			</trkpt>
			<trkpt lat="48.47806351259351" lon="2.8705983236432076">
				<ele>128.93</ele>
				<time>2025-04-30T10:43:27</time>
			</trkpt>
			<trkpt lat="48.47713194787502" lon="2.8691393695771694">
				<ele>128.75</ele>
				<time>2025-04-30T10:43:49</time>
			</trkpt>
			<trkpt lat="48.47664076834917" lon="2.8683037776499987">
				<ele>128.57</ele>
				<time>2025-04-30T10:44:00</time>
			</trkpt>
			<trkpt lat="48.476213961839676" lon="2.8676276095211506">
				<ele>128.36</ele>
				<time>2025-04-30T10:44:10</time>
			</trkpt>
			<trkpt lat="48.475902657955885" lon="2.867144728079438">
				<ele>128.42</ele>
				<time>2025-04-30T10:44:18</time>
			</trkpt>
			<trkpt lat="48.475074945017695" lon="2.8659338783472776">
				<ele>128.39</ele>
				<time>2025-04-30T10:44:36</time>
			</trkpt>
			<trkpt lat="48.47475995309651" lon="2.8655637335032225">
				<ele>128.18</ele>
				<time>2025-04-30T10:44:42</time>
			</trkpt>
			<trkpt lat="48.47446474246681" lon="2.865288471803069">
				<ele>128.04</ele>
				<time>2025-04-30T10:44:48</time>
			</trkpt>
			<trkpt lat="48.474214458838105" lon="2.8651252761483192">
				<ele>127.87</ele>
				<time>2025-04-30T10:44:52</time>
			</trkpt>
			<trkpt lat="48.473866023123264" lon="2.8649697080254555">
				<ele>127.7</ele>
				<time>2025-04-30T10:44:58</time>
			</trkpt>
			<trkpt lat="48.473799554631114" lon="2.864920925348997">
				<ele>127.61</ele>
				<time>2025-04-30T10:44:59</time>
			</trkpt>
			<trkpt lat="48.473687656223774" lon="2.8647994715720415">
				<ele>127.54</ele>
				<time>2025-04-30T10:45:02</time>
			</trkpt>
			<trkpt lat="48.4734461735934" lon="2.8644333500415087">
				<ele>127.43</ele>
				<time>2025-04-30T10:45:07</time>
			</trkpt>
			<trkpt lat="48.47332572564483" lon="2.8643091302365065">
				<ele>127.19</ele>
				<time>2025-04-30T10:45:09</time>
			</trkpt>
			<trkpt lat="48.47221621312201" lon="2.862780522555113">
				<ele>126.68</ele>
				<time>2025-04-30T10:45:33</time>
			</trkpt>
			<trkpt lat="48.47201429307461" lon="2.8625420574098825">
				<ele>126.34</ele>
				<time>2025-04-30T10:45:37</time>
			</trkpt>
			<trkpt lat="48.471445329487324" lon="2.8618028573691845">
				<ele>125.79</ele>
				<time>2025-04-30T10:45:50</time>
			</trkpt>
			<trkpt lat="48.46942302770913" lon="2.8589872922748327">
				<ele>125.21</ele>
				<time>2025-04-30T10:46:34</time>
			</trkpt>
			<trkpt lat="48.46903528086841" lon="2.8583576437085867">
				<ele>124.57</ele>
				<time>2025-04-30T10:46:43</time>
			</trkpt>
			<trkpt lat="48.468762282282114" lon="2.858040975406766">
				<ele>124.02</ele>
				<time>2025-04-30T10:46:48</time>
			</trkpt>
			<trkpt lat="48.468148559331894" lon="2.85718509927392">
				<ele>123.45</ele>
				<time>2025-04-30T10:47:02</time>
			</trkpt>
			<trkpt lat="48.46803163178265" lon="2.8570483904331923">
				<ele>122.82</ele>
				<time>2025-04-30T10:47:04</time>
			</trkpt>
			<trkpt lat="48.46774564124644" lon="2.8567903954535723">
				<ele>122.17</ele>
				<time>2025-04-30T10:47:09</time>
			</trkpt>
			<trkpt lat="48.467438695952296" lon="2.8566023893654346">
				<ele>121.36</ele>
				<time>2025-04-30T10:47:15</time>
			</trkpt>
			<trkpt lat="48.46672832965851" lon="2.8562979586422443">
				<ele>120.6</ele>
				<time>2025-04-30T10:47:26</time>
			</trkpt>
			<trkpt lat="48.46482329070568" lon="2.8555387258529663">
				<ele>119.73</ele>
				<time>2025-04-30T10:47:58</time>
			</trkpt>
			<trkpt lat="48.464359268546104" lon="2.8553025238215923">
				<ele>118.48</ele>
				<time>2025-04-30T10:48:06</time>
			</trkpt>
			<trkpt lat="48.46410311758518" lon="2.8551375679671764">
				<ele>117.08</ele>
				<time>2025-04-30T10:48:10</time>
			</trkpt>
			<trkpt lat="48.46404980868101" lon="2.855068501085043">
				<ele>115.62</ele>
				<time>2025-04-30T10:48:11</time>
			</trkpt>
			<trkpt lat="48.4638552647084" lon="2.854981077834964">
				<ele>113.98</ele>
				<time>2025-04-30T10:48:15</time>
			</trkpt>
			<trkpt lat="48.463394343853" lon="2.854615543037653">
				<ele>112.44</ele>
				<time>2025-04-30T10:48:23</time>
			</trkpt>
			<trkpt lat="48.46301288343966" lon="2.8542746510356665">
				<ele>110.51</ele>
				<time>2025-04-30T10:48:30</time>
			</trkpt>
			<trkpt lat="48.46185760572553" lon="2.853302014991641">
				<ele>107.56</ele>
				<time>2025-04-30T10:48:51</time>
			</trkpt>
			<trkpt lat="48.46168762072921" lon="2.8531243186444044">
				<ele>105.52</ele>
				<time>2025-04-30T10:48:55</time>
			</trkpt>
			<trkpt lat="48.46153196878731" lon="2.852929774671793">
				<ele>103.42</ele>
				<time>2025-04-30T10:48:58</time>
			</trkpt>
			<trkpt lat="48.461262322962284" lon="2.852485366165638">
				<ele>101.26</ele>
				<time>2025-04-30T10:49:04</time>
			</trkpt>
			<trkpt lat="48.46115377731621" lon="2.8522363398224115">
				<ele>99.28</ele>
				<time>2025-04-30T10:49:07</time>
			</trkpt>
			<trkpt lat="48.461016062647104" lon="2.8518513590097427">
				<ele>97.37</ele>
				<time>2025-04-30T10:49:12</time>
			</trkpt>
			<trkpt lat="48.46068715676665" lon="2.8507016133517027">
				<ele>95.38</ele>
				<time>2025-04-30T10:49:25</time>
			</trkpt>
			<trkpt lat="48.46055162139237" lon="2.8503408562391996">
				<ele>93.76</ele>
				<time>2025-04-30T10:49:30</time>
			</trkpt>
			<trkpt lat="48.46032095141709" lon="2.8499086014926434">
				<ele>92.31</ele>
				<time>2025-04-30T10:49:36</time>
			</trkpt>
			<trkpt lat="48.459985088557005" lon="2.849419265985489">
				<ele>91.14</ele>
				<time>2025-04-30T10:49:43</time>
			</trkpt>
			<trkpt lat="48.459723237901926" lon="2.8490002546459436">
				<ele>90.24</ele>
				<time>2025-04-30T10:49:49</time>
			</trkpt>
			<trkpt lat="48.45955249853432" lon="2.848644694313407">
				<ele>89.61</ele>
				<time>2025-04-30T10:49:54</time>
			</trkpt>
			<trkpt lat="48.45941059291363" lon="2.848254181444645">
				<ele>89.37</ele>
				<time>2025-04-30T10:49:59</time>
			</trkpt>
			<trkpt lat="48.459339682012796" lon="2.8479724656790495">
				<ele>89.42</ele>
				<time>2025-04-30T10:50:02</time>
			</trkpt>
			<trkpt lat="48.4589871391654" lon="2.8462094999849796">
				<ele>89.88</ele>
				<time>2025-04-30T10:50:21</time>
			</trkpt>
			<trkpt lat="48.45893676392734" lon="2.846015878021717">
				<ele>90.69</ele>
				<time>2025-04-30T10:50:24</time>
			</trkpt>
			<trkpt lat="48.45877356827259" lon="2.8455999679863453">
				<ele>91.85</ele>
				<time>2025-04-30T10:50:29</time>
			</trkpt>
			<trkpt lat="48.45817442983389" lon="2.844366990029812">
				<ele>93.9</ele>
				<time>2025-04-30T10:50:45</time>
			</trkpt>
			<trkpt lat="48.45802204683423" lon="2.843918474391103">
				<ele>95.58</ele>
				<time>2025-04-30T10:50:50</time>
			</trkpt>
			<trkpt lat="48.45790394581854" lon="2.84324549138546">
				<ele>97.42</ele>
				<time>2025-04-30T10:50:58</time>
			</trkpt>
			<trkpt lat="48.45783052034676" lon="2.8422878589481115">
				<ele>99.55</ele>
				<time>2025-04-30T10:51:08</time>
			</trkpt>
			<trkpt lat="48.457781318575144" lon="2.841847473755479">
				<ele>101.34</ele>
				<time>2025-04-30T10:51:13</time>
			</trkpt>
			<trkpt lat="48.457692470401525" lon="2.841436257585883">
				<ele>103.14</ele>
				<time>2025-04-30T10:51:17</time>
			</trkpt>
			<trkpt lat="48.45758903771639" lon="2.8411024063825607">
				<ele>104.95</ele>
				<time>2025-04-30T10:51:21</time>
			</trkpt>
			<trkpt lat="48.45746515318751" lon="2.8407828882336617">
				<ele>106.76</ele>
				<time>2025-04-30T10:51:25</time>
			</trkpt>
			<trkpt lat="48.45685604028404" lon="2.8393934201449156">
				<ele>108.39</ele>
				<time>2025-04-30T10:51:43</time>
			</trkpt>
			<trkpt lat="48.45667180605233" lon="2.8390155639499426">
				<ele>109.86</ele>
				<time>2025-04-30T10:51:48</time>
			</trkpt>
			<trkpt lat="48.45559934154153" lon="2.8365912660956383">
				<ele>111.59</ele>
				<time>2025-04-30T10:52:19</time>
			</trkpt>
			<trkpt lat="48.454793924465775" lon="2.834851685911417">
				<ele>112.7</ele>
				<time>2025-04-30T10:52:41</time>
			</trkpt>
			<trkpt lat="48.45473541878164" lon="2.83468765206635">
				<ele>113.8</ele>
				<time>2025-04-30T10:52:43</time>
			</trkpt>
			<trkpt lat="48.45472728833556" lon="2.834406439214945">
				<ele>114.77</ele>
				<time>2025-04-30T10:52:46</time>
			</trkpt>
			<trkpt lat="48.454908756539226" lon="2.8333029616624117">
				<ele>115.64</ele>
				<time>2025-04-30T10:52:58</time>
			</trkpt>
			<trkpt lat="48.45510095357895" lon="2.8313209768384695">
				<ele>116.09</ele>
				<time>2025-04-30T10:53:20</time>
			</trkpt>
			<trkpt lat="48.455085614696145" lon="2.831155015155673">
				<ele>116.52</ele>
				<time>2025-04-30T10:53:21</time>
			</trkpt>
			<trkpt lat="48.45501554198563" lon="2.8310134448111057">
				<ele>116.82</ele>
				<time>2025-04-30T10:53:23</time>
			</trkpt>
			<trkpt lat="48.45497069880366" lon="2.830850500613451">
				<ele>116.93</ele>
				<time>2025-04-30T10:53:25</time>
			</trkpt>
			<trkpt lat="48.45495427027345" lon="2.830560151487589">
				<ele>116.84</ele>
				<time>2025-04-30T10:53:28</time>
			</trkpt>
			<trkpt lat="48.45497245900333" lon="2.830241220071912">
				<ele>116.57</ele>
				<time>2025-04-30T10:53:32</time>
			</trkpt>
			<trkpt lat="48.45504236407578" lon="2.8297268226742744">
				<ele>116.24</ele>
				<time>2025-04-30T10:53:37</time>
			</trkpt>
			<trkpt lat="48.45539381727576" lon="2.828275663778186">
				<ele>115.61</ele>
				<time>2025-04-30T10:53:54</time>
			</trkpt>
			<trkpt lat="48.455505296587944" lon="2.8277165070176125">
				<ele>114.83</ele>
				<time>2025-04-30T10:54:00</time>
			</trkpt>
			<trkpt lat="48.4555783867836" lon="2.8267644066363573">
				<ele>114.19</ele>
				<time>2025-04-30T10:54:10</time>
			</trkpt>
			<trkpt lat="48.455580649897456" lon="2.8263997100293636">
				<ele>113.22</ele>
				<time>2025-04-30T10:54:14</time>
			</trkpt>
			<trkpt lat="48.455556593835354" lon="2.8260392881929874">
				<ele>112.12</ele>
				<time>2025-04-30T10:54:18</time>
			</trkpt>
			<trkpt lat="48.45550864934921" lon="2.8258018288761377">
				<ele>110.97</ele>
				<time>2025-04-30T10:54:20</time>
			</trkpt>
			<trkpt lat="48.4554332960397" lon="2.825563782826066">
				<ele>109.77</ele>
				<time>2025-04-30T10:54:23</time>
			</trkpt>
			<trkpt lat="48.45378641970456" lon="2.821099665015936">
				<ele>108.24</ele>
				<time>2025-04-30T10:55:17</time>
			</trkpt>
			<trkpt lat="48.45359346829355" lon="2.820499772205949">
				<ele>106.87</ele>
				<time>2025-04-30T10:55:24</time>
			</trkpt>
			<trkpt lat="48.45328669063747" lon="2.8193624317646027">
				<ele>105.5</ele>
				<time>2025-04-30T10:55:37</time>
			</trkpt>
			<trkpt lat="48.452792912721634" lon="2.817425709217787">
				<ele>104.01</ele>
				<time>2025-04-30T10:55:59</time>
			</trkpt>
			<trkpt lat="48.451821533963084" lon="2.813914781436324">
				<ele>102.47</ele>
				<time>2025-04-30T10:56:40</time>
			</trkpt>
			<trkpt lat="48.45076767727733" lon="2.8099014423787594">
				<ele>100.72</ele>
				<time>2025-04-30T10:57:26</time>
			</trkpt>
			<trkpt lat="48.4498764295131" lon="2.806601319462061">
				<ele>99.29</ele>
				<time>2025-04-30T10:58:04</time>
			</trkpt>
			<trkpt lat="48.449591947719455" lon="2.8056050464510918">
				<ele>97.75</ele>
				<time>2025-04-30T10:58:15</time>
			</trkpt>
			<trkpt lat="48.44808421097696" lon="2.7999534644186497">
				<ele>96.08</ele>
				<time>2025-04-30T10:59:20</time>
			</trkpt>
			<trkpt lat="48.4479698818177" lon="2.799412999302149">
				<ele>94.5</ele>
				<time>2025-04-30T10:59:26</time>
			</trkpt>
			<trkpt lat="48.44789628870785" lon="2.7987151220440865">
				<ele>93.02</ele>
				<time>2025-04-30T10:59:33</time>
			</trkpt>
			<trkpt lat="48.44789511524141" lon="2.7981152292340994">
				<ele>91.72</ele>
				<time>2025-04-30T10:59:40</time>
			</trkpt>
			<trkpt lat="48.447988824918866" lon="2.7968720253556967">
				<ele>90.5</ele>
				<time>2025-04-30T10:59:53</time>
			</trkpt>
			<trkpt lat="48.447962421923876" lon="2.796249920502305">
				<ele>89.06</ele>
				<time>2025-04-30T11:00:00</time>
			</trkpt>
			<trkpt lat="48.447870472446084" lon="2.7950464468449354">
				<ele>87.12</ele>
				<time>2025-04-30T11:00:12</time>
			</trkpt>
			<trkpt lat="48.44784641638398" lon="2.7944318018853664">
				<ele>85.71</ele>
				<time>2025-04-30T11:00:19</time>
			</trkpt>
			<trkpt lat="48.44781842082739" lon="2.794127454981208">
				<ele>84.47</ele>
				<time>2025-04-30T11:00:22</time>
			</trkpt>
			<trkpt lat="48.44775631092489" lon="2.793820258229971">
				<ele>83.34</ele>
				<time>2025-04-30T11:00:26</time>
			</trkpt>
			<trkpt lat="48.44770660623908" lon="2.793670054525137">
				<ele>82.39</ele>
				<time>2025-04-30T11:00:27</time>
			</trkpt>
			<trkpt lat="48.44757132232189" lon="2.793395547196269">
				<ele>81.5</ele>
				<time>2025-04-30T11:00:31</time>
			</trkpt>
			<trkpt lat="48.447315506637096" lon="2.7930202055722475">
				<ele>80.72</ele>
				<time>2025-04-30T11:00:37</time>
			</trkpt>
			<trkpt lat="48.4471252374351" lon="2.792791211977601">
				<ele>80.24</ele>
				<time>2025-04-30T11:00:41</time>
			</trkpt>
			<trkpt lat="48.44680898822844" lon="2.7924989350140095">
				<ele>79.88</ele>
				<time>2025-04-30T11:00:47</time>
			</trkpt>
			<trkpt lat="48.44574624672532" lon="2.791618164628744">
				<ele>80.06</ele>
				<time>2025-04-30T11:01:06</time>
			</trkpt>
			<trkpt lat="48.44549244269729" lon="2.7913353592157364">
				<ele>80.41</ele>
				<time>2025-04-30T11:01:11</time>
			</trkpt>
			<trkpt lat="48.44526009634137" lon="2.790982313454151">
				<ele>80.97</ele>
				<time>2025-04-30T11:01:16</time>
			</trkpt>
			<trkpt lat="48.44504300504923" lon="2.790533881634474">
				<ele>81.68</ele>
				<time>2025-04-30T11:01:22</time>
			</trkpt>
			<trkpt lat="48.44360860995948" lon="2.7868398930877447">
				<ele>83.05</ele>
				<time>2025-04-30T11:02:08</time>
			</trkpt>
			<trkpt lat="48.44324450008571" lon="2.7859758026897907">
				<ele>83.65</ele>
				<time>2025-04-30T11:02:19</time>
			</trkpt>
			<trkpt lat="48.44319890253246" lon="2.785936491563916">
				<ele>84.44</ele>
				<time>2025-04-30T11:02:19</time>
			</trkpt>
			<trkpt lat="48.44314928166568" lon="2.785947807133198">
				<ele>85.26</ele>
				<time>2025-04-30T11:02:20</time>
			</trkpt>
			<trkpt lat="48.443110724911094" lon="2.786012180149555">
				<ele>86.08</ele>
				<time>2025-04-30T11:02:21</time>
			</trkpt>
			<trkpt lat="48.442757930606604" lon="2.787209954112768">
				<ele>87.01</ele>
				<time>2025-04-30T11:02:35</time>
			</trkpt>
			<trkpt lat="48.442652402445674" lon="2.787784533575177">
				<ele>87.77</ele>
				<time>2025-04-30T11:02:41</time>
			</trkpt>
			<trkpt lat="48.44247906468809" lon="2.788921957835555">
				<ele>88.5</ele>
				<time>2025-04-30T11:02:54</time>
			</trkpt>
			<trkpt lat="48.44231737777591" lon="2.790290890261531">
				<ele>89.22</ele>
				<time>2025-04-30T11:03:09</time>
			</trkpt>
			<trkpt lat="48.442203467711806" lon="2.790811490267515">
				<ele>90.06</ele>
				<time>2025-04-30T11:03:14</time>
			</trkpt>
			<trkpt lat="48.44206055626273" lon="2.7911585848778486">
				<ele>90.68</ele>
				<time>2025-04-30T11:03:19</time>
			</trkpt>
			<trkpt lat="48.44162218272686" lon="2.791970791295171">
				<ele>91.11</ele>
				<time>2025-04-30T11:03:30</time>
			</trkpt>
			<trkpt lat="48.441401571035385" lon="2.7924709394574165">
				<ele>91.41</ele>
				<time>2025-04-30T11:03:36</time>
			</trkpt>
			<trkpt lat="48.44128548167646" lon="2.7927784714847803">
				<ele>91.63</ele>
				<time>2025-04-30T11:03:40</time>
			</trkpt>
			<trkpt lat="48.441153299063444" lon="2.7932096365839243">
				<ele>91.82</ele>
				<time>2025-04-30T11:03:45</time>
			</trkpt>
			<trkpt lat="48.441044837236404" lon="2.793636107817292">
				<ele>92.07</ele>
				<time>2025-04-30T11:03:50</time>
			</trkpt>
			<trkpt lat="48.44095431268215" lon="2.794318227097392">
				<ele>92.19</ele>
				<time>2025-04-30T11:03:57</time>
			</trkpt>
			<trkpt lat="48.4408207051456" lon="2.7950549963861704">
				<ele>92.37</ele>
				<time>2025-04-30T11:04:05</time>
			</trkpt>
			<trkpt lat="48.440653905272484" lon="2.7956565655767918">
				<ele>92.69</ele>
				<time>2025-04-30T11:04:12</time>
			</trkpt>
			<trkpt lat="48.440542006865144" lon="2.7959768380969763">
				<ele>92.76</ele>
				<time>2025-04-30T11:04:16</time>
			</trkpt>
			<trkpt lat="48.44041217118502" lon="2.796280849725008">
				<ele>92.75</ele>
				<time>2025-04-30T11:04:20</time>
			</trkpt>
			<trkpt lat="48.44007873907685" lon="2.7969250828027725">
				<ele>92.76</ele>
				<time>2025-04-30T11:04:29</time>
			</trkpt>
			<trkpt lat="48.439857959747314" lon="2.7974131610244513">
				<ele>92.77</ele>
				<time>2025-04-30T11:04:35</time>
			</trkpt>
			<trkpt lat="48.439644472673535" lon="2.7979420591145754">
				<ele>92.76</ele>
				<time>2025-04-30T11:04:42</time>
			</trkpt>
			<trkpt lat="48.43946157954633" lon="2.798480512574315">
				<ele>92.73</ele>
				<time>2025-04-30T11:04:48</time>
			</trkpt>
			<trkpt lat="48.43927977606654" lon="2.7991280145943165">
				<ele>92.74</ele>
				<time>2025-04-30T11:04:55</time>
			</trkpt>
			<trkpt lat="48.43912764452398" lon="2.8001199290156364">
				<ele>92.79</ele>
				<time>2025-04-30T11:05:06</time>
			</trkpt>
			<trkpt lat="48.43906679190695" lon="2.80072552151978">
				<ele>92.78</ele>
				<time>2025-04-30T11:05:13</time>
			</trkpt>
			<trkpt lat="48.4390196017921" lon="2.800875138491392">
				<ele>92.78</ele>
				<time>2025-04-30T11:05:15</time>
			</trkpt>
			<trkpt lat="48.438963862136006" lon="2.800981253385544">
				<ele>92.83</ele>
				<time>2025-04-30T11:05:16</time>
			</trkpt>
			<trkpt lat="48.438877863809466" lon="2.8010715264827013">
				<ele>92.92</ele>
				<time>2025-04-30T11:05:18</time>
			</trkpt>
			<trkpt lat="48.43847947195172" lon="2.8013327065855265">
				<ele>93.11</ele>
				<time>2025-04-30T11:05:25</time>
			</trkpt>
			<trkpt lat="48.43829163350165" lon="2.801480730995536">
				<ele>93.22</ele>
				<time>2025-04-30T11:05:28</time>
			</trkpt>
			<trkpt lat="48.43784655444324" lon="2.8020039293915033">
				<ele>93.35</ele>
				<time>2025-04-30T11:05:37</time>
			</trkpt>
			<trkpt lat="48.43772627413273" lon="2.8021228685975075">
				<ele>93.45</ele>
				<time>2025-04-30T11:05:39</time>
			</trkpt>
			<trkpt lat="48.43759886920452" lon="2.8022065199911594">
				<ele>93.55</ele>
				<time>2025-04-30T11:05:42</time>
			</trkpt>
			<trkpt lat="48.43715647235513" lon="2.8023790195584297">
				<ele>93.65</ele>
				<time>2025-04-30T11:05:49</time>
			</trkpt>
			<trkpt lat="48.436973160132766" lon="2.8025060053914785">
				<ele>93.8</ele>
				<time>2025-04-30T11:05:52</time>
			</trkpt>
			<trkpt lat="48.436807533726096" lon="2.802697028964758">
				<ele>93.97</ele>
				<time>2025-04-30T11:05:55</time>
			</trkpt>
			<trkpt lat="48.43634828925133" lon="2.803301867097616">
				<ele>94.05</ele>
				<time>2025-04-30T11:06:05</time>
			</trkpt>
			<trkpt lat="48.436219124123454" lon="2.8034196328371763">
				<ele>94.09</ele>
				<time>2025-04-30T11:06:08</time>
			</trkpt>
			<trkpt lat="48.43607093207538" lon="2.803487442433834">
				<ele>94.14</ele>
				<time>2025-04-30T11:06:10</time>
			</trkpt>
			<trkpt lat="48.43578301370144" lon="2.8035300225019455">
				<ele>94.28</ele>
				<time>2025-04-30T11:06:15</time>
			</trkpt>
			<trkpt lat="48.43565074726939" lon="2.8035700879991055">
				<ele>94.27</ele>
				<time>2025-04-30T11:06:17</time>
			</trkpt>
			<trkpt lat="48.4354586340487" lon="2.8036731854081154">
				<ele>94.2</ele>
				<time>2025-04-30T11:06:20</time>
			</trkpt>
			<trkpt lat="48.435086477547884" lon="2.8039299231022596">
				<ele>94.14</ele>
				<time>2025-04-30T11:06:27</time>
			</trkpt>
			<trkpt lat="48.43502067960799" lon="2.8039481956511736">
				<ele>94.13</ele>
				<time>2025-04-30T11:06:28</time>
			</trkpt>
			<trkpt lat="48.43495580367744" lon="2.8039429988712072">
				<ele>94.1</ele>
				<time>2025-04-30T11:06:29</time>
			</trkpt>
			<trkpt lat="48.434895034879446" lon="2.803920954465866">
				<ele>94.05</ele>
				<time>2025-04-30T11:06:30</time>
			</trkpt>
			<trkpt lat="48.434840720146894" lon="2.8038787934929132">
				<ele>94.01</ele>
				<time>2025-04-30T11:06:31</time>
			</trkpt>
			<trkpt lat="48.43479411676526" lon="2.8038171026855707">
				<ele>93.98</ele>
				<time>2025-04-30T11:06:32</time>
			</trkpt>
			<trkpt lat="48.43457769602537" lon="2.803412927314639">
				<ele>94.05</ele>
				<time>2025-04-30T11:06:37</time>
			</trkpt>
			<trkpt lat="48.43442531302571" lon="2.803189717233181">
				<ele>94.12</ele>
				<time>2025-04-30T11:06:41</time>
			</trkpt>
			<trkpt lat="48.434192379936576" lon="2.8029533475637436">
				<ele>94.09</ele>
				<time>2025-04-30T11:06:45</time>
			</trkpt>
			<trkpt lat="48.43376515433192" lon="2.802580939605832">
				<ele>94.07</ele>
				<time>2025-04-30T11:06:53</time>
			</trkpt>
			<trkpt lat="48.433506824076176" lon="2.802382120862603">
				<ele>94.14</ele>
				<time>2025-04-30T11:06:58</time>
			</trkpt>
			<trkpt lat="48.43330951407552" lon="2.8022613376379013">
				<ele>94.33</ele>
				<time>2025-04-30T11:07:01</time>
			</trkpt>
			<trkpt lat="48.43317431397736" lon="2.802199563011527">
				<ele>94.59</ele>
				<time>2025-04-30T11:07:03</time>
			</trkpt>
			<trkpt lat="48.432894526049495" lon="2.8021051827818155">
				<ele>95.01</ele>
				<time>2025-04-30T11:07:08</time>
			</trkpt>
			<trkpt lat="48.4317063074559" lon="2.801846517249942">
				<ele>95.4</ele>
				<time>2025-04-30T11:07:27</time>
			</trkpt>
			<trkpt lat="48.42991509474814" lon="2.8014305233955383">
				<ele>95.91</ele>
				<time>2025-04-30T11:07:56</time>
			</trkpt>
			<trkpt lat="48.42930103652179" lon="2.801313679665327">
				<ele>96.46</ele>
				<time>2025-04-30T11:08:06</time>
			</trkpt>
			<trkpt lat="48.429072462022305" lon="2.801302280277014">
				<ele>97.11</ele>
				<time>2025-04-30T11:08:10</time>
			</trkpt>
			<trkpt lat="48.4287582244724" lon="2.8013203013688326">
				<ele>97.85</ele>
				<time>2025-04-30T11:08:15</time>
			</trkpt>
			<trkpt lat="48.42793017625809" lon="2.801445024088025">
				<ele>98.65</ele>
				<time>2025-04-30T11:08:28</time>
			</trkpt>
			<trkpt lat="48.42643056996167" lon="2.8015727642923594">
				<ele>99.56</ele>
				<time>2025-04-30T11:08:52</time>
			</trkpt>
			<trkpt lat="48.426351360976696" lon="2.8015673998743296">
				<ele>100.45</ele>
				<time>2025-04-30T11:08:54</time>
			</trkpt>
			<trkpt lat="48.42627148143947" lon="2.8015406616032124">
				<ele>101.42</ele>
				<time>2025-04-30T11:08:55</time>
			</trkpt>
			<trkpt lat="48.42619478702545" lon="2.8014850057661533">
				<ele>102.44</ele>
				<time>2025-04-30T11:08:56</time>
			</trkpt>
			<trkpt lat="48.426064951345325" lon="2.801312170922756">
				<ele>103.55</ele>
				<time>2025-04-30T11:08:59</time>
			</trkpt>
			<trkpt lat="48.423355501145124" lon="2.796409847214818">
				<ele>105.1</ele>
				<time>2025-04-30T11:10:07</time>
			</trkpt>
			<trkpt lat="48.42170376330614" lon="2.793523035943508">
				<ele>106.52</ele>
				<time>2025-04-30T11:10:47</time>
			</trkpt>
			<trkpt lat="48.421099595725536" lon="2.7923734579235315">
				<ele>107.57</ele>
				<time>2025-04-30T11:11:03</time>
			</trkpt>
			<trkpt lat="48.42080262489617" lon="2.791600814089179">
				<ele>108.75</ele>
				<time>2025-04-30T11:11:12</time>
			</trkpt>
			<trkpt lat="48.42070690356195" lon="2.7914935257285833">
				<ele>109.96</ele>
				<time>2025-04-30T11:11:14</time>
			</trkpt>
			<trkpt lat="48.42063473537564" lon="2.7914822101593018">
				<ele>111.16</ele>
				<time>2025-04-30T11:11:15</time>
			</trkpt>
			<trkpt lat="48.42056466266513" lon="2.7915010694414377">
				<ele>112.35</ele>
				<time>2025-04-30T11:11:17</time>
			</trkpt>
			<trkpt lat="48.42042996548116" lon="2.791602909564972">
				<ele>113.45</ele>
				<time>2025-04-30T11:11:19</time>
			</trkpt>
			<trkpt lat="48.420286467298865" lon="2.791672395542264">
				<ele>114.47</ele>
				<time>2025-04-30T11:11:21</time>
			</trkpt>
			<trkpt lat="48.4195542242378" lon="2.791855875402689">
				<ele>115.81</ele>
				<time>2025-04-30T11:11:33</time>
			</trkpt>
			<trkpt lat="48.418499110266566" lon="2.7921829372644424">
				<ele>116.66</ele>
				<time>2025-04-30T11:11:51</time>
			</trkpt>
			<trkpt lat="48.41758254915476" lon="2.7924333047121763">
				<ele>117.5</ele>
				<time>2025-04-30T11:12:05</time>
			</trkpt>
			<trkpt lat="48.41708717867732" lon="2.7925348933786154">
				<ele>118.13</ele>
				<time>2025-04-30T11:12:13</time>
			</trkpt>
			<trkpt lat="48.416922725737095" lon="2.7925898786634207">
				<ele>118.45</ele>
				<time>2025-04-30T11:12:16</time>
			</trkpt>
			<trkpt lat="48.41669817455113" lon="2.7926932275295258">
				<ele>118.61</ele>
				<time>2025-04-30T11:12:20</time>
			</trkpt>
			<trkpt lat="48.41648451983929" lon="2.792756762355566">
				<ele>118.44</ele>
				<time>2025-04-30T11:12:23</time>
			</trkpt>
			<trkpt lat="48.416289892047644" lon="2.792914090678096">
				<ele>118.03</ele>
				<time>2025-04-30T11:12:27</time>
			</trkpt>
			<trkpt lat="48.41621529310942" lon="2.7930052019655704">
				<ele>117.33</ele>
				<time>2025-04-30T11:12:28</time>
			</trkpt>
			<trkpt lat="48.41587649658322" lon="2.7935370337218046">
				<ele>116.2</ele>
				<time>2025-04-30T11:12:36</time>
			</trkpt>
			<trkpt lat="48.41562529094517" lon="2.793971300125122">
				<ele>114.91</ele>
				<time>2025-04-30T11:12:42</time>
			</trkpt>
			<trkpt lat="48.41539537534118" lon="2.7943151257932186">
				<ele>113.4</ele>
				<time>2025-04-30T11:12:48</time>
			</trkpt>
			<trkpt lat="48.41491626575589" lon="2.794735310599208">
				<ele>111.34</ele>
				<time>2025-04-30T11:12:57</time>
			</trkpt>
			<trkpt lat="48.414288042113185" lon="2.7953295037150383">
				<ele>108.86</ele>
				<time>2025-04-30T11:13:08</time>
			</trkpt>
			<trkpt lat="48.41408788226545" lon="2.7954878378659487">
				<ele>106.53</ele>
				<time>2025-04-30T11:13:12</time>
			</trkpt>
			<trkpt lat="48.4138953499496" lon="2.7955953776836395">
				<ele>103.96</ele>
				<time>2025-04-30T11:13:15</time>
			</trkpt>
			<trkpt lat="48.413754450157285" lon="2.795643573626876">
				<ele>101.25</ele>
				<time>2025-04-30T11:13:18</time>
			</trkpt>
			<trkpt lat="48.41343853622675" lon="2.795710125938058">
				<ele>98.27</ele>
				<time>2025-04-30T11:13:23</time>
			</trkpt>
			<trkpt lat="48.41247537173331" lon="2.7959558833390474">
				<ele>95.02</ele>
				<time>2025-04-30T11:13:38</time>
			</trkpt>
			<trkpt lat="48.4117850381881" lon="2.7961523551493883">
				<ele>91.86</ele>
				<time>2025-04-30T11:13:50</time>
			</trkpt>
			<trkpt lat="48.411030415445566" lon="2.796401884406805">
				<ele>88.1</ele>
				<time>2025-04-30T11:14:02</time>
			</trkpt>
			<trkpt lat="48.410691702738404" lon="2.796548316255212">
				<ele>84.92</ele>
				<time>2025-04-30T11:14:08</time>
			</trkpt>
			<trkpt lat="48.41011201031506" lon="2.796900775283575">
				<ele>81.98</ele>
				<time>2025-04-30T11:14:18</time>
			</trkpt>
			<trkpt lat="48.40988955460489" lon="2.7970722690224648">
				<ele>78.96</ele>
				<time>2025-04-30T11:14:22</time>
			</trkpt>
			<trkpt lat="48.40958051383495" lon="2.797365467995405">
				<ele>76.14</ele>
				<time>2025-04-30T11:14:27</time>
			</trkpt>
			<trkpt lat="48.40899202041328" lon="2.798022273927927">
				<ele>73.27</ele>
				<time>2025-04-30T11:14:39</time>
			</trkpt>
			<trkpt lat="48.40887769125402" lon="2.798111541196704">
				<ele>70.73</ele>
				<time>2025-04-30T11:14:41</time>
			</trkpt>
			<trkpt lat="48.40875464491546" lon="2.798181949183345">
				<ele>68.39</ele>
				<time>2025-04-30T11:14:43</time>
			</trkpt>
			<trkpt lat="48.408378046005964" lon="2.79834296554327">
				<ele>66.02</ele>
				<time>2025-04-30T11:14:50</time>
			</trkpt>
			<trkpt lat="48.40802667662501" lon="2.7985540218651295">
				<ele>63.85</ele>
				<time>2025-04-30T11:14:56</time>
			</trkpt>
			<trkpt lat="48.407260570675135" lon="2.7992572635412216">
				<ele>61.89</ele>
				<time>2025-04-30T11:15:10</time>
			</trkpt>
			<trkpt lat="48.40706694871187" lon="2.799412412568927">
				<ele>60.06</ele>
				<time>2025-04-30T11:15:14</time>
			</trkpt>
			<trkpt lat="48.40597386471927" lon="2.800030577927828">
				<ele>58.14</ele>
				<time>2025-04-30T11:15:32</time>
			</trkpt>
			<trkpt lat="48.40590354055166" lon="2.800054382532835">
				<ele>56.57</ele>
				<time>2025-04-30T11:15:33</time>
			</trkpt>
			<trkpt lat="48.40583489276469" lon="2.800049688667059">
				<ele>55.1</ele>
				<time>2025-04-30T11:15:35</time>
			</trkpt>
			<trkpt lat="48.40577244758606" lon="2.800006438046694">
				<ele>53.74</ele>
				<time>2025-04-30T11:15:36</time>
			</trkpt>
			<trkpt lat="48.40572316199541" lon="2.7999309170991182">
				<ele>52.49</ele>
				<time>2025-04-30T11:15:37</time>
			</trkpt>
			<trkpt lat="48.40569022111595" lon="2.7998351119458675">
				<ele>51.32</ele>
				<time>2025-04-30T11:15:38</time>
			</trkpt>
			<trkpt lat="48.40566792525351" lon="2.7996360417455435">
				<ele>50.25</ele>
				<time>2025-04-30T11:15:40</time>
			</trkpt>
			<trkpt lat="48.405748810619116" lon="2.7990732807666063">
				<ele>49.2</ele>
				<time>2025-04-30T11:15:46</time>
			</trkpt>
			<trkpt lat="48.4058272652328" lon="2.7986783254891634">
				<ele>48.35</ele>
				<time>2025-04-30T11:15:51</time>
			</trkpt>
			<trkpt lat="48.405857691541314" lon="2.798393005505204">
				<ele>47.53</ele>
				<time>2025-04-30T11:15:54</time>
			</trkpt>
			<trkpt lat="48.405927177518606" lon="2.797204116359353">
				<ele>46.56</ele>
				<time>2025-04-30T11:16:06</time>
			</trkpt>
			<trkpt lat="48.406001860275865" lon="2.794580664485693">
				<ele>46.13</ele>
				<time>2025-04-30T11:16:34</time>
			</trkpt>
			<trkpt lat="48.40602541342378" lon="2.794230217114091">
				<ele>45.6</ele>
				<time>2025-04-30T11:16:38</time>
			</trkpt>
			<trkpt lat="48.406482143327594" lon="2.7916796877980232">
				<ele>45.06</ele>
				<time>2025-04-30T11:17:06</time>
			</trkpt>
			<trkpt lat="48.406580965965986" lon="2.7912740036845207">
				<ele>44.81</ele>
				<time>2025-04-30T11:17:11</time>
			</trkpt>
			<trkpt lat="48.406668221578" lon="2.7905987575650215">
				<ele>44.71</ele>
				<time>2025-04-30T11:17:18</time>
			</trkpt>
			<trkpt lat="48.40664852410555" lon="2.7898751478642225">
				<ele>44.74</ele>
				<time>2025-04-30T11:17:26</time>
			</trkpt>
			<trkpt lat="48.406685907393694" lon="2.789655877277255">
				<ele>44.78</ele>
				<time>2025-04-30T11:17:28</time>
			</trkpt>
			<trkpt lat="48.40677224099636" lon="2.7894701343029737">
				<ele>44.85</ele>
				<time>2025-04-30T11:17:30</time>
			</trkpt>
			<trkpt lat="48.406886821612716" lon="2.789322528988123">
				<ele>44.96</ele>
				<time>2025-04-30T11:17:33</time>
			</trkpt>
			<trkpt lat="48.407515212893486" lon="2.7887262403964996">
				<ele>45.32</ele>
				<time>2025-04-30T11:17:45</time>
			</trkpt>
			<trkpt lat="48.407729705795646" lon="2.788484338670969">
				<ele>45.56</ele>
				<time>2025-04-30T11:17:49</time>
			</trkpt>
			<trkpt lat="48.40797470882535" lon="2.7882485557347536">
				<ele>45.82</ele>
				<time>2025-04-30T11:17:54</time>
			</trkpt>
			<trkpt lat="48.40849312953651" lon="2.7878442965447903">
				<ele>46.0</ele>
				<time>2025-04-30T11:18:03</time>
			</trkpt>
			<trkpt lat="48.40878834016621" lon="2.7876424603164196">
				<ele>46.29</ele>
				<time>2025-04-30T11:18:08</time>
			</trkpt>
			<trkpt lat="48.4089064411819" lon="2.7875325735658407">
				<ele>46.71</ele>
				<time>2025-04-30T11:18:10</time>
			</trkpt>
			<trkpt lat="48.40925655327737" lon="2.7870952896773815">
				<ele>47.27</ele>
				<time>2025-04-30T11:18:18</time>
			</trkpt>
			<trkpt lat="48.40963709168136" lon="2.7865366358309984">
				<ele>47.91</ele>
				<time>2025-04-30T11:18:26</time>
			</trkpt>
			<trkpt lat="48.40982719324529" lon="2.786314683035016">
				<ele>48.64</ele>
				<time>2025-04-30T11:18:30</time>
			</trkpt>
			<trkpt lat="48.409881591796875" lon="2.786184176802635">
				<ele>49.56</ele>
				<time>2025-04-30T11:18:32</time>
			</trkpt>
			<trkpt lat="48.40988620184362" lon="2.786031626164913">
				<ele>50.68</ele>
				<time>2025-04-30T11:18:33</time>
			</trkpt>
			<trkpt lat="48.40971194207668" lon="2.785345232114196">
				<ele>52.09</ele>
				<time>2025-04-30T11:18:41</time>
			</trkpt>
			<trkpt lat="48.40964530594647" lon="2.785169966518879">
				<ele>53.54</ele>
				<time>2025-04-30T11:18:43</time>
			</trkpt>
			<trkpt lat="48.40952158905566" lon="2.7849224489182234">
				<ele>55.2</ele>
				<time>2025-04-30T11:18:47</time>
			</trkpt>
			<trkpt lat="48.409147672355175" lon="2.7842720970511436">
				<ele>57.09</ele>
				<time>2025-04-30T11:18:56</time>
			</trkpt>
			<trkpt lat="48.40887584723532" lon="2.783852079883218">
				<ele>59.29</ele>
				<time>2025-04-30T11:19:02</time>
			</trkpt>
			<trkpt lat="48.40856831520796" lon="2.783441785722971">
				<ele>61.59</ele>
				<time>2025-04-30T11:19:09</time>
			</trkpt>
			<trkpt lat="48.40839304961264" lon="2.783110197633505">
				<ele>63.98</ele>
				<time>2025-04-30T11:19:13</time>
			</trkpt>
			<trkpt lat="48.40779575519264" lon="2.7821098174899817">
				<ele>66.72</ele>
				<time>2025-04-30T11:19:27</time>
			</trkpt>
			<trkpt lat="48.4076595492661" lon="2.781905885785818">
				<ele>69.3</ele>
				<time>2025-04-30T11:19:30</time>
			</trkpt>
			<trkpt lat="48.40760481543839" lon="2.7817882876843214">
				<ele>71.94</ele>
				<time>2025-04-30T11:19:32</time>
			</trkpt>
			<trkpt lat="48.40687785297632" lon="2.7805215306580067">
				<ele>75.53</ele>
				<time>2025-04-30T11:19:50</time>
			</trkpt>
			<trkpt lat="48.40661734342575" lon="2.7801224682480097">
				<ele>78.55</ele>
				<time>2025-04-30T11:19:56</time>
			</trkpt>
			<trkpt lat="48.406511563807726" lon="2.77998517267406">
				<ele>81.32</ele>
				<time>2025-04-30T11:19:58</time>
			</trkpt>
			<trkpt lat="48.40635440312326" lon="2.7798297721892595">
				<ele>84.09</ele>
				<time>2025-04-30T11:20:01</time>
			</trkpt>
			<trkpt lat="48.406013175845146" lon="2.7795626409351826">
				<ele>87.02</ele>
				<time>2025-04-30T11:20:07</time>
			</trkpt>
			<trkpt lat="48.40584620833397" lon="2.7793791610747576">
				<ele>89.5</ele>
				<time>2025-04-30T11:20:10</time>
			</trkpt>
			<trkpt lat="48.40572886168957" lon="2.7791966032236814">
				<ele>91.82</ele>
				<time>2025-04-30T11:20:13</time>
			</trkpt>
			<trkpt lat="48.40557220391929" lon="2.7787153143435717">
				<ele>93.97</ele>
				<time>2025-04-30T11:20:19</time>
			</trkpt>
			<trkpt lat="48.40541906654835" lon="2.7783265616744757">
				<ele>95.98</ele>
				<time>2025-04-30T11:20:24</time>
			</trkpt>
			<trkpt lat="48.4050452336669" lon="2.7771941665560007">
				<ele>97.7</ele>
				<time>2025-04-30T11:20:37</time>
			</trkpt>
			<trkpt lat="48.40475999750197" lon="2.776402998715639">
				<ele>99.51</ele>
				<time>2025-04-30T11:20:47</time>
			</trkpt>
			<trkpt lat="48.40434165671468" lon="2.775123920291662">
				<ele>101.46</ele>
				<time>2025-04-30T11:21:02</time>
			</trkpt>
			<trkpt lat="48.404269656166434" lon="2.774835918098688">
				<ele>103.07</ele>
				<time>2025-04-30T11:21:05</time>
			</trkpt>
			<trkpt lat="48.404248198494315" lon="2.7743163239210844">
				<ele>104.7</ele>
				<time>2025-04-30T11:21:11</time>
			</trkpt>
			<trkpt lat="48.40426395647228" lon="2.773356093093753">
				<ele>106.65</ele>
				<time>2025-04-30T11:21:21</time>
			</trkpt>
			<trkpt lat="48.40428943745792" lon="2.7730278577655554">
				<ele>107.95</ele>
				<time>2025-04-30T11:21:24</time>
			</trkpt>
			<trkpt lat="48.40434023179114" lon="2.7727498300373554">
				<ele>109.03</ele>
				<time>2025-04-30T11:21:27</time>
			</trkpt>
			<trkpt lat="48.40438230894506" lon="2.7720748353749514">
				<ele>110.06</ele>
				<time>2025-04-30T11:21:35</time>
			</trkpt>
			<trkpt lat="48.40438080020249" lon="2.7716984879225492">
				<ele>110.77</ele>
				<time>2025-04-30T11:21:39</time>
			</trkpt>
			<trkpt lat="48.40442371554673" lon="2.771004969254136">
				<ele>111.33</ele>
				<time>2025-04-30T11:21:46</time>
			</trkpt>
			<trkpt lat="48.4044146630913" lon="2.770471042022109">
				<ele>111.38</ele>
				<time>2025-04-30T11:21:52</time>
			</trkpt>
			<trkpt lat="48.40448582544923" lon="2.7694708295166492">
				<ele>111.23</ele>
				<time>2025-04-30T11:22:02</time>
			</trkpt>
			<trkpt lat="48.404487082734704" lon="2.76847455650568">
				<ele>110.95</ele>
				<time>2025-04-30T11:22:13</time>
			</trkpt>
			<trkpt lat="48.40457391925156" lon="2.767196400091052">
				<ele>110.69</ele>
				<time>2025-04-30T11:22:27</time>
			</trkpt>
			<trkpt lat="48.4045840613544" lon="2.7666079066693783">
				<ele>110.21</ele>
				<time>2025-04-30T11:22:33</time>
			</trkpt>
			<trkpt lat="48.404579954221845" lon="2.7664305455982685">
				<ele>109.71</ele>
				<time>2025-04-30T11:22:35</time>
			</trkpt>
			<trkpt lat="48.40455271303654" lon="2.766235414892435">
				<ele>109.1</ele>
				<time>2025-04-30T11:22:37</time>
			</trkpt>
			<trkpt lat="48.40457299724221" lon="2.766029303893447">
				<ele>108.47</ele>
				<time>2025-04-30T11:22:39</time>
			</trkpt>
			<trkpt lat="48.40458657592535" lon="2.7644526679068804">
				<ele>107.75</ele>
				<time>2025-04-30T11:22:56</time>
			</trkpt>
			<trkpt lat="48.404659582301974" lon="2.762652989476919">
				<ele>107.15</ele>
				<time>2025-04-30T11:23:15</time>
			</trkpt>
			<trkpt lat="48.40468330308795" lon="2.7610375452786684">
				<ele>106.44</ele>
				<time>2025-04-30T11:23:32</time>
			</trkpt>
			<trkpt lat="48.40478874742985" lon="2.759158741682768">
				<ele>105.63</ele>
				<time>2025-04-30T11:23:52</time>
			</trkpt>
			<trkpt lat="48.404847672209144" lon="2.757421927526593">
				<ele>104.7</ele>
				<time>2025-04-30T11:24:11</time>
			</trkpt>
			<trkpt lat="48.404847756028175" lon="2.7574217598885298">
				<ele>104.13</ele>
				<time>2025-04-30T11:24:11</time>
			</trkpt>
			<trkpt lat="48.40484901331365" lon="2.7573868073523045">
				<ele>103.64</ele>
				<time>2025-04-30T11:24:11</time>
			</trkpt>
			<trkpt lat="48.40484901331365" lon="2.757387477904558">
				<ele>103.2</ele>
				<time>2025-04-30T11:24:11</time>
			</trkpt>
			<trkpt lat="48.40484909713268" lon="2.7573867235332727">
				<ele>102.83</ele>
				<time>2025-04-30T11:24:11</time>
			</trkpt>
			<trkpt lat="48.40485077351332" lon="2.7573394495993853">
				<ele>102.54</ele>
				<time>2025-04-30T11:24:12</time>
			</trkpt>
			<trkpt lat="48.40485387481749" lon="2.757249679416418">
				<ele>102.28</ele>
				<time>2025-04-30T11:24:13</time>
			</trkpt>
			<trkpt lat="48.404871225357056" lon="2.756741652265191">
				<ele>101.99</ele>
				<time>2025-04-30T11:24:18</time>
			</trkpt>
			<trkpt lat="48.404942052438855" lon="2.7554601430892944">
				<ele>102.28</ele>
				<time>2025-04-30T11:24:32</time>
			</trkpt>
			<trkpt lat="48.40497591532767" lon="2.753781918436289">
				<ele>101.96</ele>
				<time>2025-04-30T11:24:50</time>
			</trkpt>
			<trkpt lat="48.40503936633468" lon="2.7529954444617033">
				<ele>101.68</ele>
				<time>2025-04-30T11:24:58</time>
			</trkpt>
			<trkpt lat="48.40510063804686" lon="2.7527994755655527">
				<ele>101.4</ele>
				<time>2025-04-30T11:25:00</time>
			</trkpt>
			<trkpt lat="48.40518454089761" lon="2.7526113018393517">
				<ele>101.13</ele>
				<time>2025-04-30T11:25:03</time>
			</trkpt>
			<trkpt lat="48.405201975256205" lon="2.7525086235255003">
				<ele>100.85</ele>
				<time>2025-04-30T11:25:04</time>
			</trkpt>
			<trkpt lat="48.40510147623718" lon="2.7519684098660946">
				<ele>100.64</ele>
				<time>2025-04-30T11:25:10</time>
			</trkpt>
			<trkpt lat="48.405103320255876" lon="2.7512024715542793">
				<ele>100.36</ele>
				<time>2025-04-30T11:25:18</time>
			</trkpt>
			<trkpt lat="48.40518034994602" lon="2.749795736745">
				<ele>99.81</ele>
				<time>2025-04-30T11:25:33</time>
			</trkpt>
			<trkpt lat="48.40525486506522" lon="2.7468386851251125">
				<ele>99.2</ele>
				<time>2025-04-30T11:26:04</time>
			</trkpt>
			<trkpt lat="48.405442452058196" lon="2.7424725517630577">
				<ele>98.22</ele>
				<time>2025-04-30T11:26:51</time>
			</trkpt>
			<trkpt lat="48.40548503212631" lon="2.740568183362484">
				<ele>97.22</ele>
				<time>2025-04-30T11:27:11</time>
			</trkpt>
			<trkpt lat="48.405536161735654" lon="2.7397672086954117">
				<ele>96.23</ele>
				<time>2025-04-30T11:27:20</time>
			</trkpt>
			<trkpt lat="48.405602127313614" lon="2.7382314763963223">
				<ele>95.12</ele>
				<time>2025-04-30T11:27:36</time>
			</trkpt>
			<trkpt lat="48.40567295439541" lon="2.735643647611141">
				<ele>93.9</ele>
				<time>2025-04-30T11:28:04</time>
			</trkpt>
			<trkpt lat="48.405643282458186" lon="2.734627341851592">
				<ele>92.66</ele>
				<time>2025-04-30T11:28:14</time>
			</trkpt>
			<trkpt lat="48.405567929148674" lon="2.7340172231197357">
				<ele>91.31</ele>
				<time>2025-04-30T11:28:21</time>
			</trkpt>
			<trkpt lat="48.405375396832824" lon="2.733240220695734">
				<ele>90.16</ele>
				<time>2025-04-30T11:28:30</time>
			</trkpt>
			<trkpt lat="48.40462454594672" lon="2.731077689677477">
				<ele>89.21</ele>
				<time>2025-04-30T11:28:56</time>
			</trkpt>
			<trkpt lat="48.404256077483296" lon="2.730140844359994">
				<ele>88.18</ele>
				<time>2025-04-30T11:29:07</time>
			</trkpt>
			<trkpt lat="48.403571862727404" lon="2.7283021062612534">
				<ele>86.51</ele>
				<time>2025-04-30T11:29:30</time>
			</trkpt>
			<trkpt lat="48.4032647497952" lon="2.727314382791519">
				<ele>85.62</ele>
				<time>2025-04-30T11:29:41</time>
			</trkpt>
			<trkpt lat="48.40302653610706" lon="2.726458925753832">
				<ele>84.72</ele>
				<time>2025-04-30T11:29:51</time>
			</trkpt>
			<trkpt lat="48.402725122869015" lon="2.725498527288437">
				<ele>83.88</ele>
				<time>2025-04-30T11:30:02</time>
			</trkpt>
			<trkpt lat="48.402608782052994" lon="2.7250547893345356">
				<ele>83.12</ele>
				<time>2025-04-30T11:30:08</time>
			</trkpt>
			<trkpt lat="48.402275601401925" lon="2.7240349631756544">
				<ele>82.39</ele>
				<time>2025-04-30T11:30:20</time>
			</trkpt>
			<trkpt lat="48.40162793174386" lon="2.7216293569654226">
				<ele>81.57</ele>
				<time>2025-04-30T11:30:47</time>
			</trkpt>
			<trkpt lat="48.40148812159896" lon="2.720997529104352">
				<ele>81.09</ele>
				<time>2025-04-30T11:30:54</time>
			</trkpt>
			<trkpt lat="48.40119877830148" lon="2.71985842846334">
				<ele>80.71</ele>
				<time>2025-04-30T11:31:07</time>
			</trkpt>
			<trkpt lat="48.400936257094145" lon="2.7190306317061186">
				<ele>80.19</ele>
				<time>2025-04-30T11:31:17</time>
			</trkpt>
			<trkpt lat="48.40074062347412" lon="2.718240302056074">
				<ele>79.79</ele>
				<time>2025-04-30T11:31:26</time>
			</trkpt>
			<trkpt lat="48.400212563574314" lon="2.716299472376704">
				<ele>79.3</ele>
				<time>2025-04-30T11:31:48</time>
			</trkpt>
			<trkpt lat="48.400155985727906" lon="2.71594793535769">
				<ele>79.01</ele>
				<time>2025-04-30T11:31:52</time>
			</trkpt>
			<trkpt lat="48.3997798897326" lon="2.711683977395296">
				<ele>78.86</ele>
				<time>2025-04-30T11:32:38</time>
			</trkpt>
			<trkpt lat="48.39965005405247" lon="2.7104351576417685">
				<ele>78.85</ele>
				<time>2025-04-30T11:32:51</time>
			</trkpt>
			<trkpt lat="48.3996070548892" lon="2.7101821918040514">
				<ele>78.85</ele>
				<time>2025-04-30T11:32:54</time>
			</trkpt>
			<trkpt lat="48.39949423447251" lon="2.709708781912923">
				<ele>78.92</ele>
				<time>2025-04-30T11:32:59</time>
			</trkpt>
			<trkpt lat="48.39925266802311" lon="2.7089625410735607">
				<ele>78.62</ele>
				<time>2025-04-30T11:33:08</time>
			</trkpt>
			<trkpt lat="48.399235401302576" lon="2.708774032071233">
				<ele>78.21</ele>
				<time>2025-04-30T11:33:10</time>
			</trkpt>
			<trkpt lat="48.39927957393229" lon="2.70856280811131">
				<ele>77.68</ele>
				<time>2025-04-30T11:33:13</time>
			</trkpt>
			<trkpt lat="48.399390298873186" lon="2.708395589143038">
				<ele>77.03</ele>
				<time>2025-04-30T11:33:15</time>
			</trkpt>
			<trkpt lat="48.3995224814862" lon="2.708270698785782">
				<ele>76.26</ele>
				<time>2025-04-30T11:33:18</time>
			</trkpt>
			<trkpt lat="48.400111896917224" lon="2.707822183147073">
				<ele>75.07</ele>
				<time>2025-04-30T11:33:28</time>
			</trkpt>
			<trkpt lat="48.4004810359329" lon="2.7075100410729647">
				<ele>74.04</ele>
				<time>2025-04-30T11:33:35</time>
			</trkpt>
			<trkpt lat="48.40059301815927" lon="2.7073713205754757">
				<ele>73.2</ele>
				<time>2025-04-30T11:33:37</time>
			</trkpt>
			<trkpt lat="48.400577176362276" lon="2.7072662953287363">
				<ele>72.37</ele>
				<time>2025-04-30T11:33:38</time>
			</trkpt>
			<trkpt lat="48.40061489492655" lon="2.7072082925587893">
				<ele>71.63</ele>
				<time>2025-04-30T11:33:39</time>
			</trkpt>
			<trkpt lat="48.40110858902335" lon="2.7068094816058874">
				<ele>70.67</ele>
				<time>2025-04-30T11:33:48</time>
			</trkpt>
			<trkpt lat="48.401140943169594" lon="2.7067732717841864">
				<ele>70.05</ele>
				<time>2025-04-30T11:33:49</time>
			</trkpt>
			<trkpt lat="48.40114287100732" lon="2.706715939566493">
				<ele>69.52</ele>
				<time>2025-04-30T11:33:50</time>
			</trkpt>
			<trkpt lat="48.40117941610515" lon="2.7067102398723364">
				<ele>69.15</ele>
				<time>2025-04-30T11:33:50</time>
			</trkpt>
			<trkpt lat="48.40120179578662" lon="2.7067705057561398">
				<ele>68.96</ele>
				<time>2025-04-30T11:33:51</time>
			</trkpt>
			<trkpt lat="48.40120363980532" lon="2.70684527233243">
				<ele>68.94</ele>
				<time>2025-04-30T11:33:52</time>
			</trkpt>
			<trkpt lat="48.4012339822948" lon="2.70687410607934">
				<ele>68.99</ele>
				<time>2025-04-30T11:33:52</time>
			</trkpt>
			<trkpt lat="48.4012789092958" lon="2.706889361143112">
				<ele>69.16</ele>
				<time>2025-04-30T11:33:53</time>
			</trkpt>
			<trkpt lat="48.40134730562568" lon="2.7068562526255846">
				<ele>69.4</ele>
				<time>2025-04-30T11:33:54</time>
			</trkpt>
			<trkpt lat="48.40326382778585" lon="2.705252794548869">
				<ele>70.18</ele>
				<time>2025-04-30T11:34:29</time>
			</trkpt>
			<trkpt lat="48.40349852107465" lon="2.7050479408353567">
				<ele>70.75</ele>
				<time>2025-04-30T11:34:34</time>
			</trkpt>
			<trkpt lat="48.40358988381922" lon="2.704933024942875">
				<ele>71.36</ele>
				<time>2025-04-30T11:34:35</time>
			</trkpt>
			<trkpt lat="48.403632966801524" lon="2.704822886735201">
				<ele>72.04</ele>
				<time>2025-04-30T11:34:37</time>
			</trkpt>
			<trkpt lat="48.40364151634276" lon="2.7047547418624163">
				<ele>72.81</ele>
				<time>2025-04-30T11:34:38</time>
			</trkpt>
			<trkpt lat="48.403637828305364" lon="2.7046836633235216">
				<ele>73.62</ele>
				<time>2025-04-30T11:34:38</time>
			</trkpt>
			<trkpt lat="48.403550488874316" lon="2.7043484710156918">
				<ele>74.5</ele>
				<time>2025-04-30T11:34:42</time>
			</trkpt>
			<trkpt lat="48.40355350635946" lon="2.7042754646390676">
				<ele>75.42</ele>
				<time>2025-04-30T11:34:43</time>
			</trkpt>
			<trkpt lat="48.40357722714543" lon="2.704205894842744">
				<ele>76.37</ele>
				<time>2025-04-30T11:34:44</time>
			</trkpt>
			<trkpt lat="48.40405583381653" lon="2.7035921718925238">
				<ele>77.31</ele>
				<time>2025-04-30T11:34:54</time>
			</trkpt>
			<trkpt lat="48.404357666149735" lon="2.703135944902897">
				<ele>78.32</ele>
				<time>2025-04-30T11:35:01</time>
			</trkpt>
			<trkpt lat="48.4048066008836" lon="2.7022622991353273">
				<ele>79.49</ele>
				<time>2025-04-30T11:35:12</time>
			</trkpt>
			<trkpt lat="48.405100805684924" lon="2.701605409383774">
				<ele>80.73</ele>
				<time>2025-04-30T11:35:21</time>
			</trkpt>
			<trkpt lat="48.405150258913636" lon="2.701556123793125">
				<ele>81.57</ele>
				<time>2025-04-30T11:35:22</time>
			</trkpt>
			<trkpt lat="48.4051850438118" lon="2.70148697309196">
				<ele>82.33</ele>
				<time>2025-04-30T11:35:23</time>
			</trkpt>
			<trkpt lat="48.40518076904118" lon="2.7013923414051533">
				<ele>83.0</ele>
				<time>2025-04-30T11:35:24</time>
			</trkpt>
			<trkpt lat="48.40509728528559" lon="2.7012671157717705">
				<ele>83.55</ele>
				<time>2025-04-30T11:35:26</time>
			</trkpt>
			<trkpt lat="48.40472110547125" lon="2.7009237930178642">
				<ele>83.94</ele>
				<time>2025-04-30T11:35:33</time>
			</trkpt>
			<trkpt lat="48.40448691509664" lon="2.7006813045591116">
				<ele>84.33</ele>
				<time>2025-04-30T11:35:37</time>
			</trkpt>
			<trkpt lat="48.404389852657914" lon="2.7006321027874947">
				<ele>84.63</ele>
				<time>2025-04-30T11:35:39</time>
			</trkpt>
			<trkpt lat="48.40435196645558" lon="2.7006701566278934">
				<ele>84.84</ele>
				<time>2025-04-30T11:35:40</time>
			</trkpt>
			<trkpt lat="48.404249204322696" lon="2.70091918297112">
				<ele>85.0</ele>
				<time>2025-04-30T11:35:43</time>
			</trkpt>
			<trkpt lat="48.404195476323366" lon="2.7008989825844765">
				<ele>85.05</ele>
				<time>2025-04-30T11:35:44</time>
			</trkpt>
			<trkpt lat="48.40424811467528" lon="2.700914740562439">
				<ele>85.02</ele>
				<time>2025-04-30T11:35:44</time>
			</trkpt>
			<trkpt lat="48.40427837334573" lon="2.7008815482258797">
				<ele>84.92</ele>
				<time>2025-04-30T11:35:45</time>
			</trkpt>
			<trkpt lat="48.404409969225526" lon="2.7008892595767975">
				<ele>84.74</ele>
				<time>2025-04-30T11:35:47</time>
			</trkpt>
			<trkpt lat="48.40463552623987" lon="2.700995123013854">
				<ele>84.49</ele>
				<time>2025-04-30T11:35:51</time>
			</trkpt>
			<trkpt lat="48.40506149455905" lon="2.7014049980789423">
				<ele>84.27</ele>
				<time>2025-04-30T11:35:59</time>
			</trkpt>
			<trkpt lat="48.40524966828525" lon="2.7015566267073154">
				<ele>83.94</ele>
				<time>2025-04-30T11:36:02</time>
			</trkpt>
			<trkpt lat="48.40558125637472" lon="2.7018976025283337">
				<ele>83.47</ele>
				<time>2025-04-30T11:36:09</time>
			</trkpt>
			<trkpt lat="48.40592063963413" lon="2.702202033251524">
				<ele>83.01</ele>
				<time>2025-04-30T11:36:15</time>
			</trkpt>
			<trkpt lat="48.406399078667164" lon="2.7026733476668596">
				<ele>82.5</ele>
				<time>2025-04-30T11:36:24</time>
			</trkpt>
			<trkpt lat="48.40664450079203" lon="2.702938048169017">
				<ele>81.82</ele>
				<time>2025-04-30T11:36:29</time>
			</trkpt>
			<trkpt lat="48.40682253241539" lon="2.70308137871325">
				<ele>81.19</ele>
				<time>2025-04-30T11:36:32</time>
			</trkpt>
			<trkpt lat="48.40702177025378" lon="2.7033242024481297">
				<ele>80.57</ele>
				<time>2025-04-30T11:36:36</time>
			</trkpt>
			<trkpt lat="48.40718697756529" lon="2.7034433092921972">
				<ele>79.99</ele>
				<time>2025-04-30T11:36:39</time>
			</trkpt>
			<trkpt lat="48.407887034118176" lon="2.703823847696185">
				<ele>79.44</ele>
				<time>2025-04-30T11:36:51</time>
			</trkpt>
			<trkpt lat="48.408295568078756" lon="2.703972039744258">
				<ele>78.94</ele>
				<time>2025-04-30T11:36:58</time>
			</trkpt>
			<trkpt lat="48.4090962074697" lon="2.7043190505355597">
				<ele>78.5</ele>
				<time>2025-04-30T11:37:11</time>
			</trkpt>
			<trkpt lat="48.409484289586544" lon="2.704517785459757">
				<ele>78.14</ele>
				<time>2025-04-30T11:37:18</time>
			</trkpt>
			<trkpt lat="48.40983096510172" lon="2.704644436016679">
				<ele>77.98</ele>
				<time>2025-04-30T11:37:24</time>
			</trkpt>
			<trkpt lat="48.4104588534683" lon="2.704910561442375">
				<ele>77.91</ele>
				<time>2025-04-30T11:37:34</time>
			</trkpt>
			<trkpt lat="48.41163257136941" lon="2.705497043207288">
				<ele>77.99</ele>
				<time>2025-04-30T11:37:54</time>
			</trkpt>
			<trkpt lat="48.41187531128526" lon="2.7055970393121243">
				<ele>78.27</ele>
				<time>2025-04-30T11:37:58</time>
			</trkpt>
			<trkpt lat="48.41219558380544" lon="2.7058016415685415">
				<ele>78.82</ele>
				<time>2025-04-30T11:38:04</time>
			</trkpt>
			<trkpt lat="48.41280620545149" lon="2.7060973551124334">
				<ele>79.54</ele>
				<time>2025-04-30T11:38:14</time>
			</trkpt>
			<trkpt lat="48.41295816935599" lon="2.706136414781213">
				<ele>80.49</ele>
				<time>2025-04-30T11:38:16</time>
			</trkpt>
			<trkpt lat="48.41314542107284" lon="2.7062159590423107">
				<ele>81.7</ele>
				<time>2025-04-30T11:38:19</time>
			</trkpt>
			<trkpt lat="48.41494996100664" lon="2.706833202391863">
				<ele>83.27</ele>
				<time>2025-04-30T11:38:49</time>
			</trkpt>
			<trkpt lat="48.41615519486368" lon="2.7072117291390896">
				<ele>85.08</ele>
				<time>2025-04-30T11:39:09</time>
			</trkpt>
			<trkpt lat="48.41660488396883" lon="2.7073839772492647">
				<ele>87.12</ele>
				<time>2025-04-30T11:39:16</time>
			</trkpt>
			<trkpt lat="48.416803535073996" lon="2.707424210384488">
				<ele>89.52</ele>
				<time>2025-04-30T11:39:19</time>
			</trkpt>
			<trkpt lat="48.417106457054615" lon="2.707512555643916">
				<ele>92.32</ele>
				<time>2025-04-30T11:39:24</time>
			</trkpt>
			<trkpt lat="48.4180570486933" lon="2.707890747115016">
				<ele>95.89</ele>
				<time>2025-04-30T11:39:40</time>
			</trkpt>
			<trkpt lat="48.41888492926955" lon="2.7081883046776056">
				<ele>99.73</ele>
				<time>2025-04-30T11:39:54</time>
			</trkpt>
			<trkpt lat="48.41942732222378" lon="2.7084608003497124">
				<ele>103.23</ele>
				<time>2025-04-30T11:40:03</time>
			</trkpt>
			<trkpt lat="48.419817918911576" lon="2.7087166160345078">
				<ele>106.79</ele>
				<time>2025-04-30T11:40:10</time>
			</trkpt>
			<trkpt lat="48.420112542808056" lon="2.7089217212051153">
				<ele>110.76</ele>
				<time>2025-04-30T11:40:15</time>
			</trkpt>
			<trkpt lat="48.42075535096228" lon="2.7094479370862246">
				<ele>115.16</ele>
				<time>2025-04-30T11:40:27</time>
			</trkpt>
			<trkpt lat="48.42164249159396" lon="2.7100782562047243">
				<ele>119.48</ele>
				<time>2025-04-30T11:40:42</time>
			</trkpt>
			<trkpt lat="48.4221600741148" lon="2.710303394123912">
				<ele>123.38</ele>
				<time>2025-04-30T11:40:51</time>
			</trkpt>
			<trkpt lat="48.42226652428508" lon="2.7103340718895197">
				<ele>127.12</ele>
				<time>2025-04-30T11:40:53</time>
			</trkpt>
			<trkpt lat="48.42250172048807" lon="2.7103845309466124">
				<ele>130.81</ele>
				<time>2025-04-30T11:40:56</time>
			</trkpt>
			<trkpt lat="48.42285200022161" lon="2.7104000374674797">
				<ele>134.42</ele>
				<time>2025-04-30T11:41:02</time>
			</trkpt>
			<trkpt lat="48.42315006069839" lon="2.7103482373058796">
				<ele>137.67</ele>
				<time>2025-04-30T11:41:07</time>
			</trkpt>
			<trkpt lat="48.42342901043594" lon="2.710250671952963">
				<ele>140.78</ele>
				<time>2025-04-30T11:41:11</time>
			</trkpt>
			<trkpt lat="48.423596480861306" lon="2.710169116035104">
				<ele>143.52</ele>
				<time>2025-04-30T11:41:14</time>
			</trkpt>
			<trkpt lat="48.42387760989368" lon="2.7099907491356134">
				<ele>146.03</ele>
				<time>2025-04-30T11:41:19</time>
			</trkpt>
			<trkpt lat="48.42479827813804" lon="2.709188936278224">
				<ele>147.86</ele>
				<time>2025-04-30T11:41:36</time>
			</trkpt>
			<trkpt lat="48.42493951320648" lon="2.7091269940137863">
				<ele>149.42</ele>
				<time>2025-04-30T11:41:39</time>
			</trkpt>
			<trkpt lat="48.42500162310898" lon="2.7091211266815662">
				<ele>150.46</ele>
				<time>2025-04-30T11:41:40</time>
			</trkpt>
			<trkpt lat="48.425070187076926" lon="2.7091383934020996">
				<ele>151.06</ele>
				<time>2025-04-30T11:41:41</time>
			</trkpt>
			<trkpt lat="48.42546220868826" lon="2.70936269313097">
				<ele>151.41</ele>
				<time>2025-04-30T11:41:47</time>
			</trkpt>
			<trkpt lat="48.426218926906586" lon="2.7097230311483145">
				<ele>151.06</ele>
				<time>2025-04-30T11:42:00</time>
			</trkpt>
			<trkpt lat="48.42696810141206" lon="2.710044728592038">
				<ele>150.15</ele>
				<time>2025-04-30T11:42:13</time>
			</trkpt>
			<trkpt lat="48.42733849771321" lon="2.710248241201043">
				<ele>148.43</ele>
				<time>2025-04-30T11:42:19</time>
			</trkpt>
			<trkpt lat="48.42786831781268" lon="2.710516294464469">
				<ele>146.25</ele>
				<time>2025-04-30T11:42:28</time>
			</trkpt>
			<trkpt lat="48.42837592586875" lon="2.710750987753272">
				<ele>143.59</ele>
				<time>2025-04-30T11:42:36</time>
			</trkpt>
			<trkpt lat="48.42893483117223" lon="2.711047623306513">
				<ele>140.34</ele>
				<time>2025-04-30T11:42:46</time>
			</trkpt>
			<trkpt lat="48.42918561771512" lon="2.7111495472490788">
				<ele>136.77</ele>
				<time>2025-04-30T11:42:50</time>
			</trkpt>
			<trkpt lat="48.430393785238266" lon="2.711718510836363">
				<ele>132.64</ele>
				<time>2025-04-30T11:43:10</time>
			</trkpt>
			<trkpt lat="48.4314644895494" lon="2.7122622448951006">
				<ele>127.87</ele>
				<time>2025-04-30T11:43:28</time>
			</trkpt>
			<trkpt lat="48.43483661301434" lon="2.713922029361129">
				<ele>122.34</ele>
				<time>2025-04-30T11:44:25</time>
			</trkpt>
			<trkpt lat="48.436899399384856" lon="2.7149884589016438">
				<ele>117.05</ele>
				<time>2025-04-30T11:45:00</time>
			</trkpt>
			<trkpt lat="48.43915706500411" lon="2.716085398569703">
				<ele>112.88</ele>
				<time>2025-04-30T11:45:38</time>
			</trkpt>
			<trkpt lat="48.4397395234555" lon="2.716396199539304">
				<ele>108.66</ele>
				<time>2025-04-30T11:45:48</time>
			</trkpt>
			<trkpt lat="48.43979752622545" lon="2.7164545375853777">
				<ele>105.05</ele>
				<time>2025-04-30T11:45:49</time>
			</trkpt>
			<trkpt lat="48.43980171717703" lon="2.716486304998398">
				<ele>101.77</ele>
				<time>2025-04-30T11:45:49</time>
			</trkpt>
			<trkpt lat="48.439921578392386" lon="2.7164314035326242">
				<ele>98.82</ele>
				<time>2025-04-30T11:45:51</time>
			</trkpt>
			<trkpt lat="48.4400349855423" lon="2.716476498171687">
				<ele>96.25</ele>
				<time>2025-04-30T11:45:53</time>
			</trkpt>
			<trkpt lat="48.440569918602705" lon="2.7167582139372826">
				<ele>94.05</ele>
				<time>2025-04-30T11:46:02</time>
			</trkpt>
			<trkpt lat="48.443135702982545" lon="2.7180300001055">
				<ele>92.33</ele>
				<time>2025-04-30T11:46:46</time>
			</trkpt>
			<trkpt lat="48.443480702117085" lon="2.7182066068053246">
				<ele>90.98</ele>
				<time>2025-04-30T11:46:51</time>
			</trkpt>
			<trkpt lat="48.44366359524429" lon="2.7183220256119967">
				<ele>90.0</ele>
				<time>2025-04-30T11:46:55</time>
			</trkpt>
			<trkpt lat="48.44392460770905" lon="2.7186086028814316">
				<ele>89.45</ele>
				<time>2025-04-30T11:47:00</time>
			</trkpt>
			<trkpt lat="48.443990740925074" lon="2.7186310663819313">
				<ele>89.21</ele>
				<time>2025-04-30T11:47:01</time>
			</trkpt>
			<trkpt lat="48.444134993478656" lon="2.718615811318159">
				<ele>89.29</ele>
				<time>2025-04-30T11:47:03</time>
			</trkpt>
			<trkpt lat="48.444281592965126" lon="2.718630898743868">
				<ele>89.64</ele>
				<time>2025-04-30T11:47:05</time>
			</trkpt>
			<trkpt lat="48.44456129707396" lon="2.718743132427335">
				<ele>90.21</ele>
				<time>2025-04-30T11:47:10</time>
			</trkpt>
			<trkpt lat="48.44534559175372" lon="2.719120066612959">
				<ele>91.12</ele>
				<time>2025-04-30T11:47:23</time>
			</trkpt>
			<trkpt lat="48.44639265909791" lon="2.7196720149368048">
				<ele>91.91</ele>
				<time>2025-04-30T11:47:41</time>
			</trkpt>
			<trkpt lat="48.447867119684815" lon="2.7203188464045525">
				<ele>92.85</ele>
				<time>2025-04-30T11:48:06</time>
			</trkpt>
			<trkpt lat="48.45070389099419" lon="2.721728850156069">
				<ele>93.73</ele>
				<time>2025-04-30T11:48:53</time>
			</trkpt>
			<trkpt lat="48.45120848156512" lon="2.72194342687726">
				<ele>94.43</ele>
				<time>2025-04-30T11:49:02</time>
			</trkpt>
			<trkpt lat="48.45197022892535" lon="2.7222962211817503">
				<ele>95.26</ele>
				<time>2025-04-30T11:49:15</time>
			</trkpt>
			<trkpt lat="48.45271412283182" lon="2.7227055933326483">
				<ele>95.58</ele>
				<time>2025-04-30T11:49:27</time>
			</trkpt>
			<trkpt lat="48.453014362603426" lon="2.722844062373042">
				<ele>96.13</ele>
				<time>2025-04-30T11:49:32</time>
			</trkpt>
			<trkpt lat="48.454043325036764" lon="2.7233941666781902">
				<ele>97.2</ele>
				<time>2025-04-30T11:49:50</time>
			</trkpt>
			<trkpt lat="48.45547528937459" lon="2.7240820694714785">
				<ele>97.67</ele>
				<time>2025-04-30T11:50:14</time>
			</trkpt>
			<trkpt lat="48.45582531765103" lon="2.7242299262434244">
				<ele>98.13</ele>
				<time>2025-04-30T11:50:20</time>
			</trkpt>
			<trkpt lat="48.4564920142293" lon="2.724574338644743">
				<ele>98.36</ele>
				<time>2025-04-30T11:50:31</time>
			</trkpt>
			<trkpt lat="48.45692611299455" lon="2.7247758395969868">
				<ele>98.58</ele>
				<time>2025-04-30T11:50:38</time>
			</trkpt>
			<trkpt lat="48.45720514655113" lon="2.7249411307275295">
				<ele>98.6</ele>
				<time>2025-04-30T11:50:43</time>
			</trkpt>
			<trkpt lat="48.45738678239286" lon="2.7251154743134975">
				<ele>98.37</ele>
				<time>2025-04-30T11:50:47</time>
			</trkpt>
			<trkpt lat="48.45766724087298" lon="2.725176243111491">
				<ele>97.98</ele>
				<time>2025-04-30T11:50:51</time>
			</trkpt>
			<trkpt lat="48.457724740728736" lon="2.7252035681158304">
				<ele>97.52</ele>
				<time>2025-04-30T11:50:52</time>
			</trkpt>
			<trkpt lat="48.457904029637575" lon="2.7253549452871084">
				<ele>96.9</ele>
				<time>2025-04-30T11:50:55</time>
			</trkpt>
			<trkpt lat="48.4582360368222" lon="2.7257836796343327">
				<ele>96.28</ele>
				<time>2025-04-30T11:51:02</time>
			</trkpt>
			<trkpt lat="48.45900675281882" lon="2.726883552968502">
				<ele>95.66</ele>
				<time>2025-04-30T11:51:19</time>
			</trkpt>
			<trkpt lat="48.46067475154996" lon="2.7292003110051155">
				<ele>94.26</ele>
				<time>2025-04-30T11:51:56</time>
			</trkpt>
			<trkpt lat="48.4623599331826" lon="2.7314898278564215">
				<ele>93.13</ele>
				<time>2025-04-30T11:52:32</time>
			</trkpt>
			<trkpt lat="48.4630090277642" lon="2.732397085055709">
				<ele>91.26</ele>
				<time>2025-04-30T11:52:46</time>
			</trkpt>
			<trkpt lat="48.463443629443645" lon="2.7329690661281347">
				<ele>89.11</ele>
				<time>2025-04-30T11:52:55</time>
			</trkpt>
			<trkpt lat="48.46608527004719" lon="2.7366468776017427">
				<ele>86.2</ele>
				<time>2025-04-30T11:53:53</time>
			</trkpt>
			<trkpt lat="48.467112220823765" lon="2.7380503434687853">
				<ele>83.53</ele>
				<time>2025-04-30T11:54:15</time>
			</trkpt>
			<trkpt lat="48.46736711449921" lon="2.738365838304162">
				<ele>81.25</ele>
				<time>2025-04-30T11:54:20</time>
			</trkpt>
			<trkpt lat="48.46756216138601" lon="2.738511934876442">
				<ele>78.96</ele>
				<time>2025-04-30T11:54:24</time>
			</trkpt>
			<trkpt lat="48.46787329763174" lon="2.738677728921175">
				<ele>76.63</ele>
				<time>2025-04-30T11:54:29</time>
			</trkpt>
			<trkpt lat="48.46897032111883" lon="2.739184582605958">
				<ele>74.19</ele>
				<time>2025-04-30T11:54:48</time>
			</trkpt>
			<trkpt lat="48.47275206819177" lon="2.7410888671875">
				<ele>71.67</ele>
				<time>2025-04-30T11:55:51</time>
			</trkpt>
			<trkpt lat="48.47317594103515" lon="2.7412793040275574">
				<ele>69.39</ele>
				<time>2025-04-30T11:55:58</time>
			</trkpt>
			<trkpt lat="48.474298445507884" lon="2.741826055571437">
				<ele>66.9</ele>
				<time>2025-04-30T11:56:17</time>
			</trkpt>
			<trkpt lat="48.47546545788646" lon="2.7424201648682356">
				<ele>64.69</ele>
				<time>2025-04-30T11:56:37</time>
			</trkpt>
			<trkpt lat="48.47638327628374" lon="2.7428618911653757">
				<ele>62.19</ele>
				<time>2025-04-30T11:56:52</time>
			</trkpt>
			<trkpt lat="48.47731651738286" lon="2.743345443159342">
				<ele>60.12</ele>
				<time>2025-04-30T11:57:08</time>
			</trkpt>
			<trkpt lat="48.47799947485328" lon="2.7436368819326162">
				<ele>57.92</ele>
				<time>2025-04-30T11:57:20</time>
			</trkpt>
			<trkpt lat="48.47851177677512" lon="2.743905186653137">
				<ele>56.02</ele>
				<time>2025-04-30T11:57:28</time>
			</trkpt>
			<trkpt lat="48.47870514728129" lon="2.744028987362981">
				<ele>54.3</ele>
				<time>2025-04-30T11:57:32</time>
			</trkpt>
			<trkpt lat="48.47896800376475" lon="2.7442729007452726">
				<ele>52.78</ele>
				<time>2025-04-30T11:57:37</time>
			</trkpt>
			<trkpt lat="48.47920462489128" lon="2.744574649259448">
				<ele>51.48</ele>
				<time>2025-04-30T11:57:42</time>
			</trkpt>
			<trkpt lat="48.48338518291712" lon="2.7502140775322914">
				<ele>49.81</ele>
				<time>2025-04-30T11:59:11</time>
			</trkpt>
			<trkpt lat="48.48416545428336" lon="2.751217558979988">
				<ele>48.74</ele>
				<time>2025-04-30T11:59:28</time>
			</trkpt>
			<trkpt lat="48.48441087640822" lon="2.751431968063116">
				<ele>47.99</ele>
				<time>2025-04-30T11:59:32</time>
			</trkpt>
			<trkpt lat="48.48457164131105" lon="2.751546297222376">
				<ele>47.38</ele>
				<time>2025-04-30T11:59:35</time>
			</trkpt>
			<trkpt lat="48.4850646648556" lon="2.751790378242731">
				<ele>46.69</ele>
				<time>2025-04-30T11:59:43</time>
			</trkpt>
			<trkpt lat="48.48660869523883" lon="2.7526486851274967">
				<ele>46.21</ele>
				<time>2025-04-30T12:00:10</time>
			</trkpt>
			<trkpt lat="48.48682804964483" lon="2.7527550514787436">
				<ele>46.42</ele>
				<time>2025-04-30T12:00:14</time>
			</trkpt>
			<trkpt lat="48.487020917236805" lon="2.7527994755655527">
				<ele>46.86</ele>
				<time>2025-04-30T12:00:17</time>
			</trkpt>
			<trkpt lat="48.4871300496161" lon="2.7527874056249857">
				<ele>47.48</ele>
				<time>2025-04-30T12:00:18</time>
			</trkpt>
			<trkpt lat="48.48725653253496" lon="2.7527371142059565">
				<ele>48.31</ele>
				<time>2025-04-30T12:00:20</time>
			</trkpt>
			<trkpt lat="48.48732643760741" lon="2.7526876609772444">
				<ele>49.29</ele>
				<time>2025-04-30T12:00:22</time>
			</trkpt>
			<trkpt lat="48.487420147284865" lon="2.7525838930159807">
				<ele>50.5</ele>
				<time>2025-04-30T12:00:24</time>
			</trkpt>
			<trkpt lat="48.48754310980439" lon="2.7523565758019686">
				<ele>51.86</ele>
				<time>2025-04-30T12:00:27</time>
			</trkpt>
			<trkpt lat="48.48761829547584" lon="2.75209816172719">
				<ele>53.37</ele>
				<time>2025-04-30T12:00:30</time>
			</trkpt>
			<trkpt lat="48.48768174648285" lon="2.7514500729739666">
				<ele>54.71</ele>
				<time>2025-04-30T12:00:37</time>
			</trkpt>
			<trkpt lat="48.48775953054428" lon="2.7510710433125496">
				<ele>56.46</ele>
				<time>2025-04-30T12:00:41</time>
			</trkpt>
			<trkpt lat="48.48796715028584" lon="2.750423289835453">
				<ele>58.67</ele>
				<time>2025-04-30T12:00:48</time>
			</trkpt>
			<trkpt lat="48.48812062293291" lon="2.7497878577560186">
				<ele>60.49</ele>
				<time>2025-04-30T12:00:56</time>
			</trkpt>
			<trkpt lat="48.48821911029518" lon="2.7495867758989334">
				<ele>62.46</ele>
				<time>2025-04-30T12:00:58</time>
			</trkpt>
			<trkpt lat="48.48834525793791" lon="2.749495329335332">
				<ele>64.62</ele>
				<time>2025-04-30T12:01:01</time>
			</trkpt>
			<trkpt lat="48.488414911553264" lon="2.749483175575733">
				<ele>66.68</ele>
				<time>2025-04-30T12:01:02</time>
			</trkpt>
			<trkpt lat="48.48851440474391" lon="2.7495072316378355">
				<ele>68.81</ele>
				<time>2025-04-30T12:01:03</time>
			</trkpt>
			<trkpt lat="48.48860518075526" lon="2.7495684195309877">
				<ele>70.89</ele>
				<time>2025-04-30T12:01:05</time>
			</trkpt>
			<trkpt lat="48.48867525346577" lon="2.7496850956231356">
				<ele>72.88</ele>
				<time>2025-04-30T12:01:07</time>
			</trkpt>
			<trkpt lat="48.48870643414557" lon="2.7497764583677053">
				<ele>74.74</ele>
				<time>2025-04-30T12:01:08</time>
			</trkpt>
			<trkpt lat="48.48872780799866" lon="2.7499218005687">
				<ele>76.52</ele>
				<time>2025-04-30T12:01:09</time>
			</trkpt>
			<trkpt lat="48.488747673109174" lon="2.750335279852152">
				<ele>78.41</ele>
				<time>2025-04-30T12:01:14</time>
			</trkpt>
			<trkpt lat="48.488790253177285" lon="2.7505995612591505">
				<ele>80.06</ele>
				<time>2025-04-30T12:01:17</time>
			</trkpt>
			<trkpt lat="48.48888337612152" lon="2.751047657802701">
				<ele>81.57</ele>
				<time>2025-04-30T12:01:22</time>
			</trkpt>
			<trkpt lat="48.488958645612" lon="2.7513157948851585">
				<ele>82.86</ele>
				<time>2025-04-30T12:01:25</time>
			</trkpt>
			<trkpt lat="48.48905394785106" lon="2.751807477325201">
				<ele>84.04</ele>
				<time>2025-04-30T12:01:30</time>
			</trkpt>
			<trkpt lat="48.48916324786842" lon="2.7521675638854504">
				<ele>85.09</ele>
				<time>2025-04-30T12:01:34</time>
			</trkpt>
			<trkpt lat="48.489181604236364" lon="2.7522936277091503">
				<ele>86.09</ele>
				<time>2025-04-30T12:01:36</time>
			</trkpt>
			<trkpt lat="48.48923365585506" lon="2.7523995749652386">
				<ele>87.03</ele>
				<time>2025-04-30T12:01:37</time>
			</trkpt>
			<trkpt lat="48.489321833476424" lon="2.752426480874419">
				<ele>87.9</ele>
				<time>2025-04-30T12:01:38</time>
			</trkpt>
			<trkpt lat="48.48946491256356" lon="2.752404771745205">
				<ele>88.74</ele>
				<time>2025-04-30T12:01:41</time>
			</trkpt>
			<trkpt lat="48.491352600976825" lon="2.7525532990694046">
				<ele>89.61</ele>
				<time>2025-04-30T12:02:11</time>
			</trkpt>
			<trkpt lat="48.4945797175169" lon="2.7527283132076263">
				<ele>90.36</ele>
				<time>2025-04-30T12:03:03</time>
			</trkpt>
			<trkpt lat="48.49761061370373" lon="2.7529517747461796">
				<ele>91.49</ele>
				<time>2025-04-30T12:03:51</time>
			</trkpt>
			<trkpt lat="48.49814286455512" lon="2.752914559096098">
				<ele>92.34</ele>
				<time>2025-04-30T12:04:00</time>
			</trkpt>
			<trkpt lat="48.49851074628532" lon="2.752859406173229">
				<ele>92.79</ele>
				<time>2025-04-30T12:04:06</time>
			</trkpt>
			<trkpt lat="48.49879556335509" lon="2.7528605796396732">
				<ele>93.1</ele>
				<time>2025-04-30T12:04:10</time>
			</trkpt>
			<trkpt lat="48.49915564991534" lon="2.7528242021799088">
				<ele>93.22</ele>
				<time>2025-04-30T12:04:16</time>
			</trkpt>
			<trkpt lat="48.49980365484953" lon="2.752718757838011">
				<ele>93.54</ele>
				<time>2025-04-30T12:04:27</time>
			</trkpt>
			<trkpt lat="48.50097192451358" lon="2.7526383753865957">
				<ele>93.64</ele>
				<time>2025-04-30T12:04:45</time>
			</trkpt>
			<trkpt lat="48.50142094306648" lon="2.7525901794433594">
				<ele>93.51</ele>
				<time>2025-04-30T12:04:52</time>
			</trkpt>
			<trkpt lat="48.50234110839665" lon="2.752558495849371">
				<ele>93.39</ele>
				<time>2025-04-30T12:05:07</time>
			</trkpt>
			<trkpt lat="48.50275601260364" lon="2.752511305734515">
				<ele>93.03</ele>
				<time>2025-04-30T12:05:14</time>
			</trkpt>
			<trkpt lat="48.50339127704501" lon="2.7525123953819275">
				<ele>92.68</ele>
				<time>2025-04-30T12:05:24</time>
			</trkpt>
			<trkpt lat="48.50409150123596" lon="2.752418266609311">
				<ele>92.54</ele>
				<time>2025-04-30T12:05:35</time>
			</trkpt>
			<trkpt lat="48.504762975499034" lon="2.7522997464984655">
				<ele>92.12</ele>
				<time>2025-04-30T12:05:46</time>
			</trkpt>
			<trkpt lat="48.50505785085261" lon="2.7522665541619062">
				<ele>91.72</ele>
				<time>2025-04-30T12:05:51</time>
			</trkpt>
			<trkpt lat="48.5060650203377" lon="2.7522976510226727">
				<ele>91.44</ele>
				<time>2025-04-30T12:06:07</time>
			</trkpt>
			<trkpt lat="48.50744493305683" lon="2.7522205375134945">
				<ele>90.83</ele>
				<time>2025-04-30T12:06:29</time>
			</trkpt>
			<trkpt lat="48.507850700989366" lon="2.7521592658013105">
				<ele>90.24</ele>
				<time>2025-04-30T12:06:36</time>
			</trkpt>
			<trkpt lat="48.508175164461136" lon="2.752138813957572">
				<ele>89.57</ele>
				<time>2025-04-30T12:06:41</time>
			</trkpt>
			<trkpt lat="48.508834317326546" lon="2.7521381434053183">
				<ele>88.98</ele>
				<time>2025-04-30T12:06:51</time>
			</trkpt>
			<trkpt lat="48.51061605848372" lon="2.7519590221345425">
				<ele>88.18</ele>
				<time>2025-04-30T12:07:20</time>
			</trkpt>
			<trkpt lat="48.51120941340923" lon="2.7519130893051624">
				<ele>87.39</ele>
				<time>2025-04-30T12:07:29</time>
			</trkpt>
			<trkpt lat="48.51156296208501" lon="2.751852571964264">
				<ele>86.69</ele>
				<time>2025-04-30T12:07:35</time>
			</trkpt>
			<trkpt lat="48.513498678803444" lon="2.7517785597592592">
				<ele>85.87</ele>
				<time>2025-04-30T12:08:06</time>
			</trkpt>
			<trkpt lat="48.514399314299226" lon="2.7516638953238726">
				<ele>84.5</ele>
				<time>2025-04-30T12:08:21</time>
			</trkpt>
			<trkpt lat="48.514712965115905" lon="2.751594828441739">
				<ele>83.7</ele>
				<time>2025-04-30T12:08:26</time>
			</trkpt>
			<trkpt lat="48.51526969112456" lon="2.751442529261112">
				<ele>82.96</ele>
				<time>2025-04-30T12:08:35</time>
			</trkpt>
			<trkpt lat="48.51553120650351" lon="2.7513567823916674">
				<ele>82.34</ele>
				<time>2025-04-30T12:08:39</time>
			</trkpt>
			<trkpt lat="48.51570219732821" lon="2.751277992501855">
				<ele>81.84</ele>
				<time>2025-04-30T12:08:42</time>
			</trkpt>
			<trkpt lat="48.51578316651285" lon="2.751222252845764">
				<ele>81.5</ele>
				<time>2025-04-30T12:08:43</time>
			</trkpt>
			<trkpt lat="48.515926245599985" lon="2.751073893159628">
				<ele>81.25</ele>
				<time>2025-04-30T12:08:46</time>
			</trkpt>
			<trkpt lat="48.51619815453887" lon="2.7505813725292683">
				<ele>81.11</ele>
				<time>2025-04-30T12:08:53</time>
			</trkpt>
			<trkpt lat="48.516331259161234" lon="2.7504019998013973">
				<ele>81.06</ele>
				<time>2025-04-30T12:08:56</time>
			</trkpt>
			<trkpt lat="48.516407283023" lon="2.7503298316150904">
				<ele>81.18</ele>
				<time>2025-04-30T12:08:57</time>
			</trkpt>
			<trkpt lat="48.51657014340162" lon="2.7502335235476494">
				<ele>81.47</ele>
				<time>2025-04-30T12:09:00</time>
			</trkpt>
			<trkpt lat="48.517004661262035" lon="2.7500891033560038">
				<ele>81.77</ele>
				<time>2025-04-30T12:09:07</time>
			</trkpt>
			<trkpt lat="48.51709300652146" lon="2.7500772010535">
				<ele>82.23</ele>
				<time>2025-04-30T12:09:09</time>
			</trkpt>
			<trkpt lat="48.51727271452546" lon="2.7500850800424814">
				<ele>82.79</ele>
				<time>2025-04-30T12:09:11</time>
			</trkpt>
			<trkpt lat="48.51833109743893" lon="2.7502278238534927">
				<ele>83.41</ele>
				<time>2025-04-30T12:09:28</time>
			</trkpt>
			<trkpt lat="48.51983598433435" lon="2.7503681369125843">
				<ele>84.42</ele>
				<time>2025-04-30T12:09:53</time>
			</trkpt>
			<trkpt lat="48.520268741995096" lon="2.7504007425159216">
				<ele>85.33</ele>
				<time>2025-04-30T12:10:00</time>
			</trkpt>
			<trkpt lat="48.52040536701679" lon="2.7503715734928846">
				<ele>86.14</ele>
				<time>2025-04-30T12:10:02</time>
			</trkpt>
			<trkpt lat="48.52046596817672" lon="2.750322036445141">
				<ele>86.86</ele>
				<time>2025-04-30T12:10:03</time>
			</trkpt>
			<trkpt lat="48.52054928429425" lon="2.750155571848154">
				<ele>87.54</ele>
				<time>2025-04-30T12:10:05</time>
			</trkpt>
			<trkpt lat="48.52078691124916" lon="2.7490212488919497">
				<ele>88.26</ele>
				<time>2025-04-30T12:10:18</time>
			</trkpt>
			<trkpt lat="48.520835526287556" lon="2.7489237673580647">
				<ele>88.77</ele>
				<time>2025-04-30T12:10:19</time>
			</trkpt>
			<trkpt lat="48.520897971466184" lon="2.7488478273153305">
				<ele>89.19</ele>
				<time>2025-04-30T12:10:20</time>
			</trkpt>
			<trkpt lat="48.52096829563379" lon="2.7488013077527285">
				<ele>89.51</ele>
				<time>2025-04-30T12:10:22</time>
			</trkpt>
			<trkpt lat="48.521122271195054" lon="2.748769372701645">
				<ele>89.75</ele>
				<time>2025-04-30T12:10:24</time>
			</trkpt>
			<trkpt lat="48.52119821123779" lon="2.748775240033865">
				<ele>89.85</ele>
				<time>2025-04-30T12:10:25</time>
			</trkpt>
			<trkpt lat="48.52134548127651" lon="2.7488228492438793">
				<ele>89.85</ele>
				<time>2025-04-30T12:10:28</time>
			</trkpt>
			<trkpt lat="48.5215690266341" lon="2.748921252787113">
				<ele>89.71</ele>
				<time>2025-04-30T12:10:31</time>
			</trkpt>
			<trkpt lat="48.52179483510554" lon="2.7490556985139847">
				<ele>89.43</ele>
				<time>2025-04-30T12:10:35</time>
			</trkpt>
			<trkpt lat="48.52209490723908" lon="2.7493231650441885">
				<ele>89.06</ele>
				<time>2025-04-30T12:10:41</time>
			</trkpt>
			<trkpt lat="48.5222389921546" lon="2.749481750652194">
				<ele>88.66</ele>
				<time>2025-04-30T12:10:44</time>
			</trkpt>
			<trkpt lat="48.52255750447512" lon="2.7499374747276306">
				<ele>88.23</ele>
				<time>2025-04-30T12:10:51</time>
			</trkpt>
			<trkpt lat="48.52263134904206" lon="2.750018946826458">
				<ele>87.67</ele>
				<time>2025-04-30T12:10:52</time>
			</trkpt>
			<trkpt lat="48.52280141785741" lon="2.7501416578888893">
				<ele>86.99</ele>
				<time>2025-04-30T12:10:55</time>
			</trkpt>
			<trkpt lat="48.52320173755288" lon="2.750293118879199">
				<ele>85.99</ele>
				<time>2025-04-30T12:11:02</time>
			</trkpt>
			<trkpt lat="48.52443655952811" lon="2.7506587374955416">
				<ele>85.31</ele>
				<time>2025-04-30T12:11:22</time>
			</trkpt>
			<trkpt lat="48.52477007545531" lon="2.7507677860558033">
				<ele>84.82</ele>
				<time>2025-04-30T12:11:27</time>
			</trkpt>
			<trkpt lat="48.5248533077538" lon="2.7508084382861853">
				<ele>84.38</ele>
				<time>2025-04-30T12:11:29</time>
			</trkpt>
			<trkpt lat="48.52493176236749" lon="2.7508684527128935">
				<ele>84.0</ele>
				<time>2025-04-30T12:11:30</time>
			</trkpt>
			<trkpt lat="48.525070399045944" lon="2.7510474901646376">
				<ele>83.7</ele>
				<time>2025-04-30T12:11:33</time>
			</trkpt>
			<trkpt lat="48.52527240291238" lon="2.751518301665783">
				<ele>83.51</ele>
				<time>2025-04-30T12:11:39</time>
			</trkpt>
			<trkpt lat="48.52540148422122" lon="2.751710331067443">
				<ele>83.34</ele>
				<time>2025-04-30T12:11:42</time>
			</trkpt>
			<trkpt lat="48.52547725662589" lon="2.751778308302164">
				<ele>83.22</ele>
				<time>2025-04-30T12:11:43</time>
			</trkpt>
			<trkpt lat="48.525558644905686" lon="2.7518252469599247">
				<ele>83.16</ele>
				<time>2025-04-30T12:11:45</time>
			</trkpt>
			<trkpt lat="48.52617211639881" lon="2.75207226164639">
				<ele>83.21</ele>
				<time>2025-04-30T12:11:55</time>
			</trkpt>
			<trkpt lat="48.526448886841536" lon="2.7522682305425406">
				<ele>83.28</ele>
				<time>2025-04-30T12:12:00</time>
			</trkpt>
			<trkpt lat="48.52660252712667" lon="2.7524472679942846">
				<ele>83.42</ele>
				<time>2025-04-30T12:12:03</time>
			</trkpt>
			<trkpt lat="48.52669782936573" lon="2.7525305841118097">
				<ele>83.58</ele>
				<time>2025-04-30T12:12:05</time>
			</trkpt>
			<trkpt lat="48.526806961745024" lon="2.7525759302079678">
				<ele>83.79</ele>
				<time>2025-04-30T12:12:07</time>
			</trkpt>
			<trkpt lat="48.52697828784585" lon="2.752597304061055">
				<ele>84.04</ele>
				<time>2025-04-30T12:12:09</time>
			</trkpt>
			<trkpt lat="48.527028411626816" lon="2.752625634893775">
				<ele>84.22</ele>
				<time>2025-04-30T12:12:10</time>
			</trkpt>
			<trkpt lat="48.527072416618466" lon="2.7526802010834217">
				<ele>84.39</ele>
				<time>2025-04-30T12:12:11</time>
			</trkpt>
			<trkpt lat="48.52718582376838" lon="2.752922438085079">
				<ele>84.56</ele>
				<time>2025-04-30T12:12:14</time>
			</trkpt>
			<trkpt lat="48.52735639549792" lon="2.7533699478954077">
				<ele>84.61</ele>
				<time>2025-04-30T12:12:20</time>
			</trkpt>
			<trkpt lat="48.52744306437671" lon="2.753679994493723">
				<ele>84.68</ele>
				<time>2025-04-30T12:12:23</time>
			</trkpt>
			<trkpt lat="48.52775042876601" lon="2.7550952788442373">
				<ele>84.75</ele>
				<time>2025-04-30T12:12:39</time>
			</trkpt>
			<trkpt lat="48.527920078486204" lon="2.7559961657971144">
				<ele>84.77</ele>
				<time>2025-04-30T12:12:49</time>
			</trkpt>
			<trkpt lat="48.52799853309989" lon="2.756523136049509">
				<ele>84.8</ele>
				<time>2025-04-30T12:12:55</time>
			</trkpt>
			<trkpt lat="48.528157034888864" lon="2.757096877321601">
				<ele>84.89</ele>
				<time>2025-04-30T12:13:01</time>
			</trkpt>
			<trkpt lat="48.52820137515664" lon="2.7573337499052286">
				<ele>84.94</ele>
				<time>2025-04-30T12:13:04</time>
			</trkpt>
			<trkpt lat="48.52826197631657" lon="2.7581436932086945">
				<ele>84.86</ele>
				<time>2025-04-30T12:13:13</time>
			</trkpt>
			<trkpt lat="48.52826809510589" lon="2.7593802753835917">
				<ele>84.79</ele>
				<time>2025-04-30T12:13:26</time>
			</trkpt>
			<trkpt lat="48.528232807293534" lon="2.7598483208566904">
				<ele>84.77</ele>
				<time>2025-04-30T12:13:31</time>
			</trkpt>
			<trkpt lat="48.52805050089955" lon="2.7607321925461292">
				<ele>84.6</ele>
				<time>2025-04-30T12:13:40</time>
			</trkpt>
			<trkpt lat="48.52804807014763" lon="2.760831769555807">
				<ele>84.48</ele>
				<time>2025-04-30T12:13:42</time>
			</trkpt>
			<trkpt lat="48.52807682007551" lon="2.7609243895858526">
				<ele>84.35</ele>
				<time>2025-04-30T12:13:43</time>
			</trkpt>
			<trkpt lat="48.52813147008419" lon="2.761001503095031">
				<ele>84.24</ele>
				<time>2025-04-30T12:13:44</time>
			</trkpt>
			<trkpt lat="48.52820238098502" lon="2.761058583855629">
				<ele>84.14</ele>
				<time>2025-04-30T12:13:45</time>
			</trkpt>
			<trkpt lat="48.528451323509216" lon="2.7611738350242376">
				<ele>84.04</ele>
				<time>2025-04-30T12:13:49</time>
			</trkpt>
			<trkpt lat="48.53084863163531" lon="2.762088216841221">
				<ele>84.09</ele>
				<time>2025-04-30T12:14:29</time>
			</trkpt>
			<trkpt lat="48.53128147311509" lon="2.7622973453253508">
				<ele>83.89</ele>
				<time>2025-04-30T12:14:36</time>
			</trkpt>
			<trkpt lat="48.533322382718325" lon="2.763476176187396">
				<ele>83.72</ele>
				<time>2025-04-30T12:15:11</time>
			</trkpt>
			<trkpt lat="48.53525332175195" lon="2.7646852657198906">
				<ele>83.65</ele>
				<time>2025-04-30T12:15:45</time>
			</trkpt>
			<trkpt lat="48.536410024389625" lon="2.7654297463595867">
				<ele>83.81</ele>
				<time>2025-04-30T12:16:05</time>
			</trkpt>
			<trkpt lat="48.53813719935715" lon="2.7664408553391695">
				<ele>83.58</ele>
				<time>2025-04-30T12:16:34</time>
			</trkpt>
			<trkpt lat="48.53830114938319" lon="2.766604134812951">
				<ele>83.65</ele>
				<time>2025-04-30T12:16:38</time>
			</trkpt>
			<trkpt lat="48.53843115270138" lon="2.7668283507227898">
				<ele>83.75</ele>
				<time>2025-04-30T12:16:41</time>
			</trkpt>
			<trkpt lat="48.538748575374484" lon="2.7677387930452824">
				<ele>83.89</ele>
				<time>2025-04-30T12:16:52</time>
			</trkpt>
			<trkpt lat="48.53891302831471" lon="2.7680853847414255">
				<ele>84.0</ele>
				<time>2025-04-30T12:16:56</time>
			</trkpt>
			<trkpt lat="48.539118468761444" lon="2.7683923300355673">
				<ele>84.03</ele>
				<time>2025-04-30T12:17:01</time>
			</trkpt>
			<trkpt lat="48.540042489767075" lon="2.7696677204221487">
				<ele>84.38</ele>
				<time>2025-04-30T12:17:21</time>
			</trkpt>
			<trkpt lat="48.54036116972566" lon="2.7702617458999157">
				<ele>84.65</ele>
				<time>2025-04-30T12:17:29</time>
			</trkpt>
			<trkpt lat="48.54048094712198" lon="2.7704510930925608">
				<ele>84.87</ele>
				<time>2025-04-30T12:17:32</time>
			</trkpt>
			<trkpt lat="48.54055613279343" lon="2.770516974851489">
				<ele>85.13</ele>
				<time>2025-04-30T12:17:33</time>
			</trkpt>
			<trkpt lat="48.54064079001546" lon="2.770553268492222">
				<ele>85.37</ele>
				<time>2025-04-30T12:17:34</time>
			</trkpt>
			<trkpt lat="48.540728967636824" lon="2.770553771406412">
				<ele>85.62</ele>
				<time>2025-04-30T12:17:36</time>
			</trkpt>
			<trkpt lat="48.5408147983253" lon="2.770517645403743">
				<ele>85.9</ele>
				<time>2025-04-30T12:17:37</time>
			</trkpt>
			<trkpt lat="48.5418301820755" lon="2.769689429551363">
				<ele>86.14</ele>
				<time>2025-04-30T12:17:56</time>
			</trkpt>
			<trkpt lat="48.54191408492625" lon="2.769641736522317">
				<ele>86.43</ele>
				<time>2025-04-30T12:17:57</time>
			</trkpt>
			<trkpt lat="48.54200226254761" lon="2.76962136849761">
				<ele>86.7</ele>
				<time>2025-04-30T12:17:59</time>
			</trkpt>
			<trkpt lat="48.54208876378834" lon="2.7696345280855894">
				<ele>86.95</ele>
				<time>2025-04-30T12:18:00</time>
			</trkpt>
			<trkpt lat="48.542169481515884" lon="2.7696766890585423">
				<ele>87.19</ele>
				<time>2025-04-30T12:18:01</time>
			</trkpt>
			<trkpt lat="48.542595282197" lon="2.770057898014784">
				<ele>87.44</ele>
				<time>2025-04-30T12:18:09</time>
			</trkpt>
			<trkpt lat="48.54297649115324" lon="2.7703523542732">
				<ele>87.78</ele>
				<time>2025-04-30T12:18:16</time>
			</trkpt>
			<trkpt lat="48.543063076213" lon="2.770388312637806">
				<ele>88.04</ele>
				<time>2025-04-30T12:18:18</time>
			</trkpt>
			<trkpt lat="48.54315008036792" lon="2.7704032324254513">
				<ele>88.21</ele>
				<time>2025-04-30T12:18:19</time>
			</trkpt>
			<trkpt lat="48.543375469744205" lon="2.770419158041477">
				<ele>88.37</ele>
				<time>2025-04-30T12:18:23</time>
			</trkpt>
			<trkpt lat="48.543494660407305" lon="2.7705048210918903">
				<ele>88.46</ele>
				<time>2025-04-30T12:18:25</time>
			</trkpt>
			<trkpt lat="48.54396991431713" lon="2.7710554283112288">
				<ele>88.52</ele>
				<time>2025-04-30T12:18:34</time>
			</trkpt>
			<trkpt lat="48.54606497101486" lon="2.7733888663351536">
				<ele>88.6</ele>
				<time>2025-04-30T12:19:16</time>
			</trkpt>
			<trkpt lat="48.546396642923355" lon="2.773831095546484">
				<ele>88.78</ele>
				<time>2025-04-30T12:19:23</time>
			</trkpt>
			<trkpt lat="48.546480126678944" lon="2.7740006614476442">
				<ele>88.85</ele>
				<time>2025-04-30T12:19:25</time>
			</trkpt>
			<trkpt lat="48.546478701755404" lon="2.774144159629941">
				<ele>88.89</ele>
				<time>2025-04-30T12:19:27</time>
			</trkpt>
			<trkpt lat="48.54628491215408" lon="2.7758121583610773">
				<ele>88.9</ele>
				<time>2025-04-30T12:19:45</time>
			</trkpt>
			<trkpt lat="48.54612515307963" lon="2.7774549275636673">
				<ele>88.9</ele>
				<time>2025-04-30T12:20:02</time>
			</trkpt>
			<trkpt lat="48.54608567431569" lon="2.7780518028885126">
				<ele>88.86</ele>
				<time>2025-04-30T12:20:09</time>
			</trkpt>
			<trkpt lat="48.546064803376794" lon="2.7787730656564236">
				<ele>88.9</ele>
				<time>2025-04-30T12:20:16</time>
			</trkpt>
			<trkpt lat="48.546076118946075" lon="2.7795193064957857">
				<ele>88.84</ele>
				<time>2025-04-30T12:20:24</time>
			</trkpt>
			<trkpt lat="48.546108892187476" lon="2.780141578987241">
				<ele>88.71</ele>
				<time>2025-04-30T12:20:31</time>
			</trkpt>
			<trkpt lat="48.546194806694984" lon="2.7812525164335966">
				<ele>88.54</ele>
				<time>2025-04-30T12:20:43</time>
			</trkpt>
			<trkpt lat="48.54632757604122" lon="2.782610720023513">
				<ele>88.21</ele>
				<time>2025-04-30T12:20:57</time>
			</trkpt>
			<trkpt lat="48.54637233540416" lon="2.7832392789423466">
				<ele>88.05</ele>
				<time>2025-04-30T12:21:04</time>
			</trkpt>
			<trkpt lat="48.54638457298279" lon="2.783849649131298">
				<ele>87.73</ele>
				<time>2025-04-30T12:21:11</time>
			</trkpt>
			<trkpt lat="48.5464287456125" lon="2.783844117075205">
				<ele>87.47</ele>
				<time>2025-04-30T12:21:11</time>
			</trkpt>
			<trkpt lat="48.54643000289798" lon="2.7837148681282997">
				<ele>87.2</ele>
				<time>2025-04-30T12:21:13</time>
			</trkpt>
			<trkpt lat="48.546458752825856" lon="2.7835805900394917">
				<ele>86.97</ele>
				<time>2025-04-30T12:21:14</time>
			</trkpt>
			<trkpt lat="48.546563191339374" lon="2.783327791839838">
				<ele>86.73</ele>
				<time>2025-04-30T12:21:17</time>
			</trkpt>
			<trkpt lat="48.54799113236368" lon="2.78099175542593">
				<ele>86.26</ele>
				<time>2025-04-30T12:21:51</time>
			</trkpt>
			<trkpt lat="48.548158602789044" lon="2.7807710599154234">
				<ele>86.0</ele>
				<time>2025-04-30T12:21:55</time>
			</trkpt>
			<trkpt lat="48.548350716009736" lon="2.7805999014526606">
				<ele>85.74</ele>
				<time>2025-04-30T12:21:58</time>
			</trkpt>
			<trkpt lat="48.54845548979938" lon="2.7805389650166035">
				<ele>85.55</ele>
				<time>2025-04-30T12:22:00</time>
			</trkpt>
			<trkpt lat="48.54867476038635" lon="2.7804709877818823">
				<ele>85.39</ele>
				<time>2025-04-30T12:22:04</time>
			</trkpt>
			<trkpt lat="48.550495225936174" lon="2.7803269028663635">
				<ele>85.22</ele>
				<time>2025-04-30T12:22:33</time>
			</trkpt>
			<trkpt lat="48.55081935413182" lon="2.780378954485059">
				<ele>85.18</ele>
				<time>2025-04-30T12:22:38</time>
			</trkpt>
			<trkpt lat="48.551438860595226" lon="2.780538462102413">
				<ele>85.53</ele>
				<time>2025-04-30T12:22:48</time>
			</trkpt>
			<trkpt lat="48.55174538679421" lon="2.7805581595748663">
				<ele>85.68</ele>
				<time>2025-04-30T12:22:53</time>
			</trkpt>
			<trkpt lat="48.55194286443293" lon="2.7805225364863873">
				<ele>85.82</ele>
				<time>2025-04-30T12:22:56</time>
			</trkpt>
			<trkpt lat="48.55241132900119" lon="2.7803872525691986">
				<ele>85.97</ele>
				<time>2025-04-30T12:23:04</time>
			</trkpt>
			<trkpt lat="48.552766889333725" lon="2.780303517356515">
				<ele>86.27</ele>
				<time>2025-04-30T12:23:09</time>
			</trkpt>
			<trkpt lat="48.55336762033403" lon="2.7802282478660345">
				<ele>86.61</ele>
				<time>2025-04-30T12:23:19</time>
			</trkpt>
			<trkpt lat="48.55371362529695" lon="2.7802247274667025">
				<ele>86.93</ele>
				<time>2025-04-30T12:23:25</time>
			</trkpt>
			<trkpt lat="48.55414588004351" lon="2.7802476938813925">
				<ele>87.2</ele>
				<time>2025-04-30T12:23:32</time>
			</trkpt>
			<trkpt lat="48.55495951138437" lon="2.7803275734186172">
				<ele>87.59</ele>
				<time>2025-04-30T12:23:45</time>
			</trkpt>
			<trkpt lat="48.5549595952034" lon="2.7803275734186172">
				<ele>87.92</ele>
				<time>2025-04-30T12:23:45</time>
			</trkpt>
			<trkpt lat="48.5549836512655" lon="2.780330004170537">
				<ele>88.26</ele>
				<time>2025-04-30T12:23:45</time>
			</trkpt>
			<trkpt lat="48.554986249655485" lon="2.780330339446664">
				<ele>88.6</ele>
				<time>2025-04-30T12:23:45</time>
			</trkpt>
			<trkpt lat="48.55498977005482" lon="2.7803307585418224">
				<ele>88.95</ele>
				<time>2025-04-30T12:23:45</time>
			</trkpt>
			<trkpt lat="48.55499194934964" lon="2.7802842389792204">
				<ele>89.3</ele>
				<time>2025-04-30T12:23:46</time>
			</trkpt>
			<trkpt lat="48.55506420135498" lon="2.78029203414917">
				<ele>89.64</ele>
				<time>2025-04-30T12:23:47</time>
			</trkpt>
			<trkpt lat="48.555450439453125" lon="2.7802813053131104">
				<ele>89.99</ele>
				<time>2025-04-30T12:23:53</time>
			</trkpt>
			<trkpt lat="48.55631947517395" lon="2.780163288116455">
				<ele>90.35</ele>
				<time>2025-04-30T12:24:07</time>
			</trkpt>
			<trkpt lat="48.55660923756659" lon="2.7802062034606934">
				<ele>90.64</ele>
				<time>2025-04-30T12:24:12</time>
			</trkpt>
			<trkpt lat="48.55660915374756" lon="2.7802062034606934">
				<ele>90.95</ele>
				<time>2025-04-30T12:24:12</time>
			</trkpt>
			<trkpt lat="48.55805763043463" lon="2.780635356903076">
				<ele>91.41</ele>
				<time>2025-04-30T12:24:35</time>
			</trkpt>
			<trkpt lat="48.55833649635315" lon="2.7807211875915527">
				<ele>91.76</ele>
				<time>2025-04-30T12:24:40</time>
			</trkpt>
			<trkpt lat="48.55866917409003" lon="2.7808821201324463">
				<ele>92.01</ele>
				<time>2025-04-30T12:24:45</time>
			</trkpt>
			<trkpt lat="48.55890512466431" lon="2.7810966968536377">
				<ele>92.22</ele>
				<time>2025-04-30T12:24:50</time>
			</trkpt>
			<trkpt lat="48.55910897254944" lon="2.7814292907714844">
				<ele>92.39</ele>
				<time>2025-04-30T12:24:55</time>
			</trkpt>
			<trkpt lat="48.55984926223755" lon="2.782759666442871">
				<ele>92.48</ele>
				<time>2025-04-30T12:25:13</time>
			</trkpt>
			<trkpt lat="48.560160398483276" lon="2.783435583114624">
				<ele>92.55</ele>
				<time>2025-04-30T12:25:22</time>
			</trkpt>
			<trkpt lat="48.56035351753235" lon="2.7841758728027344">
				<ele>92.67</ele>
				<time>2025-04-30T12:25:30</time>
			</trkpt>
			<trkpt lat="48.56068619526923" lon="2.786160707473755">
				<ele>92.59</ele>
				<time>2025-04-30T12:25:52</time>
			</trkpt>
			<trkpt lat="48.561222553253174" lon="2.785978317260742">
				<ele>92.51</ele>
				<time>2025-04-30T12:26:01</time>
			</trkpt>
			<trkpt lat="48.56325030326843" lon="2.785581350326538">
				<ele>92.35</ele>
				<time>2025-04-30T12:26:33</time>
			</trkpt>
			<trkpt lat="48.563958406448364" lon="2.7854418754577637">
				<ele>92.11</ele>
				<time>2025-04-30T12:26:45</time>
			</trkpt>
			<trkpt lat="48.56399059295654" lon="2.785334587097168">
				<ele>91.84</ele>
				<time>2025-04-30T12:26:46</time>
			</trkpt>
			<trkpt lat="48.56430172920227" lon="2.7847766876220703">
				<ele>91.4</ele>
				<time>2025-04-30T12:26:54</time>
			</trkpt>
			<trkpt lat="48.5643554572016" lon="2.784712314605713">
				<ele>91.05</ele>
				<time>2025-04-30T12:26:55</time>
			</trkpt>
			<trkpt lat="48.56460213661194" lon="2.7844226360321045">
				<ele>90.65</ele>
				<time>2025-04-30T12:27:00</time>
			</trkpt>
			<trkpt lat="48.56513857841492" lon="2.7840256690979004">
				<ele>90.18</ele>
				<time>2025-04-30T12:27:10</time>
			</trkpt>
			<trkpt lat="48.56513866223395" lon="2.7840256690979004">
				<ele>89.72</ele>
				<time>2025-04-30T12:27:10</time>
			</trkpt>
			<trkpt lat="48.565653562545776" lon="2.7837252616882324">
				<ele>89.18</ele>
				<time>2025-04-30T12:27:18</time>
			</trkpt>
			<trkpt lat="48.565932512283325" lon="2.7833282947540283">
				<ele>88.69</ele>
				<time>2025-04-30T12:27:24</time>
			</trkpt>
			<trkpt lat="48.566168546676636" lon="2.7823519706726074">
				<ele>88.04</ele>
				<time>2025-04-30T12:27:35</time>
			</trkpt>
			<trkpt lat="48.566415309906006" lon="2.781643867492676">
				<ele>87.21</ele>
				<time>2025-04-30T12:27:44</time>
			</trkpt>
			<trkpt lat="48.566941022872925" lon="2.7822017669677734">
				<ele>86.58</ele>
				<time>2025-04-30T12:27:54</time>
			</trkpt>
			<trkpt lat="48.56705904006958" lon="2.7822768688201904">
				<ele>85.72</ele>
				<time>2025-04-30T12:27:56</time>
			</trkpt>
			<trkpt lat="48.567187786102295" lon="2.782266139984131">
				<ele>84.76</ele>
				<time>2025-04-30T12:27:58</time>
			</trkpt>
			<trkpt lat="48.56732726097107" lon="2.7822017669677734">
				<ele>83.74</ele>
				<time>2025-04-30T12:28:01</time>
			</trkpt>
			<trkpt lat="48.56777787208557" lon="2.781836986541748">
				<ele>82.65</ele>
				<time>2025-04-30T12:28:09</time>
			</trkpt>
			<trkpt lat="48.56805690564215" lon="2.7816009521484375">
				<ele>81.49</ele>
				<time>2025-04-30T12:28:14</time>
			</trkpt>
			<trkpt lat="48.568207025527954" lon="2.7814829349517822">
				<ele>80.26</ele>
				<time>2025-04-30T12:28:17</time>
			</trkpt>
			<trkpt lat="48.56830358505249" lon="2.7814292907714844">
				<ele>78.97</ele>
				<time>2025-04-30T12:28:18</time>
			</trkpt>
			<trkpt lat="48.56851816177368" lon="2.7814292907714844">
				<ele>77.56</ele>
				<time>2025-04-30T12:28:22</time>
			</trkpt>
			<trkpt lat="48.5690438747406" lon="2.781493663787842">
				<ele>75.95</ele>
				<time>2025-04-30T12:28:30</time>
			</trkpt>
			<trkpt lat="48.569451570510864" lon="2.781590223312378">
				<ele>74.45</ele>
				<time>2025-04-30T12:28:37</time>
			</trkpt>
			<trkpt lat="48.57032060623169" lon="2.7818691730499268">
				<ele>72.73</ele>
				<time>2025-04-30T12:28:51</time>
			</trkpt>
			<trkpt lat="48.57032069005072" lon="2.7818691730499268">
				<ele>71.55</ele>
				<time>2025-04-30T12:28:51</time>
			</trkpt>
			<trkpt lat="48.57049226760864" lon="2.781933546066284">
				<ele>70.34</ele>
				<time>2025-04-30T12:28:54</time>
			</trkpt>
			<trkpt lat="48.5706102848053" lon="2.7820193767547607">
				<ele>69.31</ele>
				<time>2025-04-30T12:28:56</time>
			</trkpt>
			<trkpt lat="48.57072830200195" lon="2.7821052074432373">
				<ele>68.49</ele>
				<time>2025-04-30T12:28:58</time>
			</trkpt>
			<trkpt lat="48.570942878723145" lon="2.7823519706726074">
				<ele>67.85</ele>
				<time>2025-04-30T12:29:02</time>
			</trkpt>
			<trkpt lat="48.5711145401001" lon="2.7825772762298584">
				<ele>67.55</ele>
				<time>2025-04-30T12:29:06</time>
			</trkpt>
			<trkpt lat="48.571146726608276" lon="2.7826309204101562">
				<ele>67.47</ele>
				<time>2025-04-30T12:29:07</time>
			</trkpt>
			<trkpt lat="48.57114681042731" lon="2.7826309204101562">
				<ele>67.62</ele>
				<time>2025-04-30T12:29:07</time>
			</trkpt>
			<trkpt lat="48.57130765914917" lon="2.782834768295288">
				<ele>68.05</ele>
				<time>2025-04-30T12:29:10</time>
			</trkpt>
			<trkpt lat="48.571457862854004" lon="2.782963514328003">
				<ele>68.75</ele>
				<time>2025-04-30T12:29:13</time>
			</trkpt>
			<trkpt lat="48.57159733772278" lon="2.783081531524658">
				<ele>69.7</ele>
				<time>2025-04-30T12:29:16</time>
			</trkpt>
			<trkpt lat="48.57172608375549" lon="2.783156633377075">
				<ele>70.83</ele>
				<time>2025-04-30T12:29:18</time>
			</trkpt>
			<trkpt lat="48.57203722000122" lon="2.7831995487213135">
				<ele>72.24</ele>
				<time>2025-04-30T12:29:23</time>
			</trkpt>
			<trkpt lat="48.57228398323059" lon="2.783210277557373">
				<ele>73.83</ele>
				<time>2025-04-30T12:29:27</time>
			</trkpt>
			<trkpt lat="48.572412729263306" lon="2.783188819885254">
				<ele>75.38</ele>
				<time>2025-04-30T12:29:29</time>
			</trkpt>
			<trkpt lat="48.5725200176239" lon="2.783135175704956">
				<ele>76.99</ele>
				<time>2025-04-30T12:29:31</time>
			</trkpt>
			<trkpt lat="48.57259511947632" lon="2.7830708026885986">
				<ele>78.66</ele>
				<time>2025-04-30T12:29:32</time>
			</trkpt>
			<trkpt lat="48.57285261154175" lon="2.782738208770752">
				<ele>80.46</ele>
				<time>2025-04-30T12:29:37</time>
			</trkpt>
			<trkpt lat="48.57328176498413" lon="2.782309055328369">
				<ele>82.38</ele>
				<time>2025-04-30T12:29:46</time>
			</trkpt>
			<trkpt lat="48.57350707054138" lon="2.7821803092956543">
				<ele>84.05</ele>
				<time>2025-04-30T12:29:49</time>
			</trkpt>
			<trkpt lat="48.57391485013068" lon="2.782083749771118">
				<ele>85.87</ele>
				<time>2025-04-30T12:29:56</time>
			</trkpt>
			<trkpt lat="48.573947036638856" lon="2.7820730209350586">
				<ele>87.52</ele>
				<time>2025-04-30T12:29:57</time>
			</trkpt>
			<trkpt lat="48.575942516326904" lon="2.7813971042633057">
				<ele>89.51</ele>
				<time>2025-04-30T12:30:29</time>
			</trkpt>
			<trkpt lat="48.57675790786743" lon="2.7811503410339355">
				<ele>90.93</ele>
				<time>2025-04-30T12:30:43</time>
			</trkpt>
			<trkpt lat="48.57706904411316" lon="2.782362699508667">
				<ele>92.44</ele>
				<time>2025-04-30T12:30:56</time>
			</trkpt>
			<trkpt lat="48.57886075973511" lon="2.78902530670166">
				<ele>93.86</ele>
				<time>2025-04-30T12:32:13</time>
			</trkpt>
			<trkpt lat="48.582208240404725" lon="2.8013741970062256">
				<ele>95.12</ele>
				<time>2025-04-30T12:34:34</time>
			</trkpt>
			<trkpt lat="48.58251929283142" lon="2.80251145362854">
				<ele>96.22</ele>
				<time>2025-04-30T12:34:47</time>
			</trkpt>
			<trkpt lat="48.5826051235199" lon="2.802736759185791">
				<ele>97.18</ele>
				<time>2025-04-30T12:34:50</time>
			</trkpt>
			<trkpt lat="48.58281970024109" lon="2.8031551837921143">
				<ele>98.08</ele>
				<time>2025-04-30T12:34:55</time>
			</trkpt>
			<trkpt lat="48.58304508961737" lon="2.80350923538208">
				<ele>98.86</ele>
				<time>2025-04-30T12:35:01</time>
			</trkpt>
			<trkpt lat="48.58304500579834" lon="2.80350923538208">
				<ele>99.48</ele>
				<time>2025-04-30T12:35:01</time>
			</trkpt>
			<trkpt lat="48.58314164914191" lon="2.803713083267212">
				<ele>100.01</ele>
				<time>2025-04-30T12:35:03</time>
			</trkpt>
			<trkpt lat="48.58325958251953" lon="2.804088592529297">
				<ele>100.42</ele>
				<time>2025-04-30T12:35:08</time>
			</trkpt>
			<trkpt lat="48.583409786224365" lon="2.8047430515289307">
				<ele>100.88</ele>
				<time>2025-04-30T12:35:15</time>
			</trkpt>
			<trkpt lat="48.583442056551576" lon="2.8048181533813477">
				<ele>101.12</ele>
				<time>2025-04-30T12:35:16</time>
			</trkpt>
			<trkpt lat="48.58348488807678" lon="2.8048932552337646">
				<ele>101.29</ele>
				<time>2025-04-30T12:35:17</time>
			</trkpt>
			<trkpt lat="48.5835599899292" lon="2.804979085922241">
				<ele>101.39</ele>
				<time>2025-04-30T12:35:19</time>
			</trkpt>
			<trkpt lat="48.58372092247009" lon="2.8050971031188965">
				<ele>101.41</ele>
				<time>2025-04-30T12:35:21</time>
			</trkpt>
			<trkpt lat="48.58406432904303" lon="2.80550479888916">
				<ele>101.33</ele>
				<time>2025-04-30T12:35:28</time>
			</trkpt>
			<trkpt lat="48.584386110305786" lon="2.8060197830200195">
				<ele>101.31</ele>
				<time>2025-04-30T12:35:36</time>
			</trkpt>
			<trkpt lat="48.58447194099426" lon="2.805955410003662">
				<ele>101.22</ele>
				<time>2025-04-30T12:35:37</time>
			</trkpt>
			<trkpt lat="48.58476161956787" lon="2.8058695793151855">
				<ele>101.14</ele>
				<time>2025-04-30T12:35:42</time>
			</trkpt>
			<trkpt lat="48.58483672142029" lon="2.805783748626709">
				<ele>101.07</ele>
				<time>2025-04-30T12:35:44</time>
			</trkpt>
			<trkpt lat="48.58509421348572" lon="2.8053760528564453">
				<ele>101.08</ele>
				<time>2025-04-30T12:35:50</time>
			</trkpt>
			<trkpt lat="48.585180044174194" lon="2.8052902221679688">
				<ele>101.02</ele>
				<time>2025-04-30T12:35:51</time>
			</trkpt>
			<trkpt lat="48.58527660369873" lon="2.805236577987671">
				<ele>100.94</ele>
				<time>2025-04-30T12:35:53</time>
			</trkpt>
			<trkpt lat="48.5855770111084" lon="2.805129289627075">
				<ele>100.9</ele>
				<time>2025-04-30T12:35:58</time>
			</trkpt>
			<trkpt lat="48.58584523200989" lon="2.8050971031188965">
				<ele>100.87</ele>
				<time>2025-04-30T12:36:02</time>
			</trkpt>
			<trkpt lat="48.58598470687866" lon="2.805054187774658">
				<ele>100.75</ele>
				<time>2025-04-30T12:36:04</time>
			</trkpt>
			<trkpt lat="48.58648896217346" lon="2.805107831954956">
				<ele>100.72</ele>
				<time>2025-04-30T12:36:13</time>
			</trkpt>
			<trkpt lat="48.586639165878296" lon="2.8051722049713135">
				<ele>100.68</ele>
				<time>2025-04-30T12:36:15</time>
			</trkpt>
			<trkpt lat="48.58707913197577" lon="2.8052258491516113">
				<ele>100.48</ele>
				<time>2025-04-30T12:36:22</time>
			</trkpt>
			<trkpt lat="48.587390184402466" lon="2.8052687644958496">
				<ele>100.27</ele>
				<time>2025-04-30T12:36:27</time>
			</trkpt>
			<trkpt lat="48.587422370910645" lon="2.8053224086761475">
				<ele>100.14</ele>
				<time>2025-04-30T12:36:28</time>
			</trkpt>
			<trkpt lat="48.587443828582764" lon="2.8053438663482666">
				<ele>100.01</ele>
				<time>2025-04-30T12:36:28</time>
			</trkpt>
			<trkpt lat="48.587486743927" lon="2.8053224086761475">
				<ele>99.89</ele>
				<time>2025-04-30T12:36:29</time>
			</trkpt>
			<trkpt lat="48.58751893043518" lon="2.80525803565979">
				<ele>99.76</ele>
				<time>2025-04-30T12:36:30</time>
			</trkpt>
			<trkpt lat="48.589375019073486" lon="2.8055155277252197">
				<ele>99.59</ele>
				<time>2025-04-30T12:37:00</time>
			</trkpt>
			<trkpt lat="48.5900616645813" lon="2.8055691719055176">
				<ele>99.54</ele>
				<time>2025-04-30T12:37:11</time>
			</trkpt>
			<trkpt lat="48.59071612358093" lon="2.8054940700531006">
				<ele>99.32</ele>
				<time>2025-04-30T12:37:21</time>
			</trkpt>
			<trkpt lat="48.59151005744934" lon="2.805354595184326">
				<ele>99.25</ele>
				<time>2025-04-30T12:37:34</time>
			</trkpt>
			<trkpt lat="48.59203577041626" lon="2.8053653240203857">
				<ele>99.23</ele>
				<time>2025-04-30T12:37:42</time>
			</trkpt>
			<trkpt lat="48.59272241592407" lon="2.80550479888916">
				<ele>99.17</ele>
				<time>2025-04-30T12:37:54</time>
			</trkpt>
			<trkpt lat="48.59545826911926" lon="2.806277275085449">
				<ele>98.95</ele>
				<time>2025-04-30T12:38:38</time>
			</trkpt>
			<trkpt lat="48.59608054161072" lon="2.806277275085449">
				<ele>98.82</ele>
				<time>2025-04-30T12:38:48</time>
			</trkpt>
			<trkpt lat="48.59655261039734" lon="2.806212902069092">
				<ele>98.74</ele>
				<time>2025-04-30T12:38:56</time>
			</trkpt>
			<trkpt lat="48.59674581326544" lon="2.806084156036377">
				<ele>98.55</ele>
				<time>2025-04-30T12:38:59</time>
			</trkpt>
			<trkpt lat="48.59748601913452" lon="2.8055691719055176">
				<ele>98.3</ele>
				<time>2025-04-30T12:39:12</time>
			</trkpt>
			<trkpt lat="48.597904443740845" lon="2.8054511547088623">
				<ele>98.08</ele>
				<time>2025-04-30T12:39:19</time>
			</trkpt>
			<trkpt lat="48.598430156707764" lon="2.8055155277252197">
				<ele>97.89</ele>
				<time>2025-04-30T12:39:27</time>
			</trkpt>
			<trkpt lat="48.599385023117065" lon="2.8056979179382324">
				<ele>97.48</ele>
				<time>2025-04-30T12:39:43</time>
			</trkpt>
			<trkpt lat="48.600178956985474" lon="2.8059768676757812">
				<ele>97.18</ele>
				<time>2025-04-30T12:39:56</time>
			</trkpt>
			<trkpt lat="48.60052227973938" lon="2.806030511856079">
				<ele>96.97</ele>
				<time>2025-04-30T12:40:01</time>
			</trkpt>
			<trkpt lat="48.60096216201782" lon="2.805955410003662">
				<ele>96.66</ele>
				<time>2025-04-30T12:40:08</time>
			</trkpt>
			<trkpt lat="48.60134840011597" lon="2.8057408332824707">
				<ele>96.29</ele>
				<time>2025-04-30T12:40:15</time>
			</trkpt>
			<trkpt lat="48.60176682472229" lon="2.8054726123809814">
				<ele>95.9</ele>
				<time>2025-04-30T12:40:22</time>
			</trkpt>
			<trkpt lat="48.60227108001709" lon="2.8052473068237305">
				<ele>95.64</ele>
				<time>2025-04-30T12:40:31</time>
			</trkpt>
			<trkpt lat="48.602614402770996" lon="2.8052258491516113">
				<ele>95.4</ele>
				<time>2025-04-30T12:40:36</time>
			</trkpt>
			<trkpt lat="48.60302209854126" lon="2.80525803565979">
				<ele>95.19</ele>
				<time>2025-04-30T12:40:43</time>
			</trkpt>
			<trkpt lat="48.60419154167175" lon="2.8057408332824707">
				<ele>95.0</ele>
				<time>2025-04-30T12:41:02</time>
			</trkpt>
			<trkpt lat="48.6043740157038" lon="2.805837392807007">
				<ele>94.84</ele>
				<time>2025-04-30T12:41:05</time>
			</trkpt>
			<trkpt lat="48.60476016998291" lon="2.806234359741211">
				<ele>94.65</ele>
				<time>2025-04-30T12:41:13</time>
			</trkpt>
			<trkpt lat="48.60499620437622" lon="2.8065884113311768">
				<ele>94.58</ele>
				<time>2025-04-30T12:41:18</time>
			</trkpt>
			<trkpt lat="48.605178678408265" lon="2.8069746494293213">
				<ele>94.51</ele>
				<time>2025-04-30T12:41:23</time>
			</trkpt>
			<trkpt lat="48.605629205703735" lon="2.8085625171661377">
				<ele>94.63</ele>
				<time>2025-04-30T12:41:41</time>
			</trkpt>
			<trkpt lat="48.60576868057251" lon="2.8088629245758057">
				<ele>94.55</ele>
				<time>2025-04-30T12:41:45</time>
			</trkpt>
			<trkpt lat="48.606423139572144" lon="2.809774875640869">
				<ele>94.41</ele>
				<time>2025-04-30T12:41:59</time>
			</trkpt>
			<trkpt lat="48.607860803604126" lon="2.81125545501709">
				<ele>94.57</ele>
				<time>2025-04-30T12:42:27</time>
			</trkpt>
			<trkpt lat="48.607957446947694" lon="2.8113842010498047">
				<ele>94.69</ele>
				<time>2025-04-30T12:42:29</time>
			</trkpt>
			<trkpt lat="48.608139753341675" lon="2.811598777770996">
				<ele>94.86</ele>
				<time>2025-04-30T12:42:33</time>
			</trkpt>
			<trkpt lat="48.60825777053833" lon="2.8117918968200684">
				<ele>95.03</ele>
				<time>2025-04-30T12:42:36</time>
			</trkpt>
			<trkpt lat="48.608354330062866" lon="2.812027931213379">
				<ele>95.22</ele>
				<time>2025-04-30T12:42:39</time>
			</trkpt>
			<trkpt lat="48.60842943191528" lon="2.812328338623047">
				<ele>95.4</ele>
				<time>2025-04-30T12:42:42</time>
			</trkpt>
			<trkpt lat="48.60849380493164" lon="2.8125643730163574">
				<ele>95.58</ele>
				<time>2025-04-30T12:42:45</time>
			</trkpt>
			<trkpt lat="48.60854744911194" lon="2.8126931190490723">
				<ele>95.75</ele>
				<time>2025-04-30T12:42:47</time>
			</trkpt>
			<trkpt lat="48.608644008636475" lon="2.812778949737549">
				<ele>95.92</ele>
				<time>2025-04-30T12:42:48</time>
			</trkpt>
			<trkpt lat="48.60872983932495" lon="2.8128111362457275">
				<ele>96.11</ele>
				<time>2025-04-30T12:42:50</time>
			</trkpt>
			<trkpt lat="48.60881567001343" lon="2.812778949737549">
				<ele>96.32</ele>
				<time>2025-04-30T12:42:51</time>
			</trkpt>
			<trkpt lat="48.60892295837402" lon="2.8127360343933105">
				<ele>96.48</ele>
				<time>2025-04-30T12:42:53</time>
			</trkpt>
			<trkpt lat="48.60922344960272" lon="2.812628746032715">
				<ele>96.66</ele>
				<time>2025-04-30T12:42:58</time>
			</trkpt>
			<trkpt lat="48.609438026323915" lon="2.812553644180298">
				<ele>96.82</ele>
				<time>2025-04-30T12:43:01</time>
			</trkpt>
			<trkpt lat="48.60949167050421" lon="2.8125429153442383">
				<ele>96.96</ele>
				<time>2025-04-30T12:43:02</time>
			</trkpt>
			<trkpt lat="48.61008167266846" lon="2.812328338623047">
				<ele>97.23</ele>
				<time>2025-04-30T12:43:12</time>
			</trkpt>
			<trkpt lat="48.61033924855292" lon="2.8122425079345703">
				<ele>97.46</ele>
				<time>2025-04-30T12:43:16</time>
			</trkpt>
			<trkpt lat="48.6109721660614" lon="2.8120172023773193">
				<ele>97.57</ele>
				<time>2025-04-30T12:43:27</time>
			</trkpt>
			<trkpt lat="48.61098297871649" lon="2.8120386600494385">
				<ele>97.51</ele>
				<time>2025-04-30T12:43:27</time>
			</trkpt>
			<trkpt lat="48.611100912094116" lon="2.812328338623047">
				<ele>97.22</ele>
				<time>2025-04-30T12:43:31</time>
			</trkpt>
			<trkpt lat="48.61133703030646" lon="2.8128862380981445">
				<ele>96.92</ele>
				<time>2025-04-30T12:43:38</time>
			</trkpt>
			<trkpt lat="48.61160525120795" lon="2.8135621547698975">
				<ele>96.64</ele>
				<time>2025-04-30T12:43:46</time>
			</trkpt>
			<trkpt lat="48.611894929781556" lon="2.814270257949829">
				<ele>96.41</ele>
				<time>2025-04-30T12:43:55</time>
			</trkpt>
			<trkpt lat="48.61199140548706" lon="2.8145062923431396">
				<ele>96.13</ele>
				<time>2025-04-30T12:43:58</time>
			</trkpt>
			<trkpt lat="48.612195337191224" lon="2.8145599365234375">
				<ele>95.81</ele>
				<time>2025-04-30T12:44:01</time>
			</trkpt>
			<trkpt lat="48.61501702107489" lon="2.8153860569000244">
				<ele>95.46</ele>
				<time>2025-04-30T12:44:47</time>
			</trkpt>
			<trkpt lat="48.6168194655329" lon="2.815901041030884">
				<ele>95.09</ele>
				<time>2025-04-30T12:45:16</time>
			</trkpt>
			<trkpt lat="48.621443593874574" lon="2.8172314167022705">
				<ele>94.8</ele>
				<time>2025-04-30T12:46:32</time>
			</trkpt>
			<trkpt lat="48.626915300264955" lon="2.8188085556030273">
				<ele>94.08</ele>
				<time>2025-04-30T12:48:01</time>
			</trkpt>
			<trkpt lat="48.6269474029541" lon="2.8189587593078613">
				<ele>93.6</ele>
				<time>2025-04-30T12:48:03</time>
			</trkpt>
			<trkpt lat="48.62699031829834" lon="2.8190231323242188">
				<ele>93.14</ele>
				<time>2025-04-30T12:48:04</time>
			</trkpt>
			<trkpt lat="48.627108335494995" lon="2.819066047668457">
				<ele>92.69</ele>
				<time>2025-04-30T12:48:05</time>
			</trkpt>
			<trkpt lat="48.62719416618347" lon="2.8190338611602783">
				<ele>92.24</ele>
				<time>2025-04-30T12:48:07</time>
			</trkpt>
			<trkpt lat="48.62725853919983" lon="2.818937301635742">
				<ele>91.8</ele>
				<time>2025-04-30T12:48:08</time>
			</trkpt>
			<trkpt lat="48.62725853919983" lon="2.818894386291504">
				<ele>91.36</ele>
				<time>2025-04-30T12:48:09</time>
			</trkpt>
			<trkpt lat="48.62741947174072" lon="2.8190553188323975">
				<ele>90.92</ele>
				<time>2025-04-30T12:48:12</time>
			</trkpt>
			<trkpt lat="48.62748384475708" lon="2.819269895553589">
				<ele>90.5</ele>
				<time>2025-04-30T12:48:14</time>
			</trkpt>
			<trkpt lat="48.62754821777344" lon="2.8195595741271973">
				<ele>90.03</ele>
				<time>2025-04-30T12:48:18</time>
			</trkpt>
			<trkpt lat="48.62781643867493" lon="2.8205788135528564">
				<ele>89.64</ele>
				<time>2025-04-30T12:48:29</time>
			</trkpt>
			<trkpt lat="48.62825632095337" lon="2.822188138961792">
				<ele>89.24</ele>
				<time>2025-04-30T12:48:48</time>
			</trkpt>
			<trkpt lat="48.62853527069092" lon="2.8229176998138428">
				<ele>88.89</ele>
				<time>2025-04-30T12:48:57</time>
			</trkpt>
			<trkpt lat="48.628610372543335" lon="2.823261022567749">
				<ele>88.63</ele>
				<time>2025-04-30T12:49:00</time>
			</trkpt>
			<trkpt lat="48.628599643707275" lon="2.8237223625183105">
				<ele>88.3</ele>
				<time>2025-04-30T12:49:05</time>
			</trkpt>
			<trkpt lat="48.62855681218207" lon="2.8247201442718506">
				<ele>87.9</ele>
				<time>2025-04-30T12:49:16</time>
			</trkpt>
			<trkpt lat="48.62855681218207" lon="2.824838161468506">
				<ele>87.75</ele>
				<time>2025-04-30T12:49:17</time>
			</trkpt>
			<trkpt lat="48.62848162651062" lon="2.825782299041748">
				<ele>87.77</ele>
				<time>2025-04-30T12:49:27</time>
			</trkpt>
			<trkpt lat="48.62841725349426" lon="2.8263187408447266">
				<ele>87.76</ele>
				<time>2025-04-30T12:49:33</time>
			</trkpt>
			<trkpt lat="48.62847089767456" lon="2.826511859893799">
				<ele>87.78</ele>
				<time>2025-04-30T12:49:35</time>
			</trkpt>
			<trkpt lat="48.6285674571991" lon="2.8266191482543945">
				<ele>87.87</ele>
				<time>2025-04-30T12:49:37</time>
			</trkpt>
			<trkpt lat="48.62870693206787" lon="2.8266513347625732">
				<ele>88.03</ele>
				<time>2025-04-30T12:49:39</time>
			</trkpt>
			<trkpt lat="48.62929701805115" lon="2.8266191482543945">
				<ele>88.1</ele>
				<time>2025-04-30T12:49:49</time>
			</trkpt>
			<trkpt lat="48.62942576408386" lon="2.826662063598633">
				<ele>88.34</ele>
				<time>2025-04-30T12:49:51</time>
			</trkpt>
			<trkpt lat="48.62968325614929" lon="2.8267478942871094">
				<ele>88.63</ele>
				<time>2025-04-30T12:49:55</time>
			</trkpt>
			<trkpt lat="48.62996220588684" lon="2.826887369155884">
				<ele>89.03</ele>
				<time>2025-04-30T12:50:00</time>
			</trkpt>
			<trkpt lat="48.63180756568909" lon="2.827777862548828">
				<ele>89.61</ele>
				<time>2025-04-30T12:50:31</time>
			</trkpt>
			<trkpt lat="48.640068769454956" lon="2.831747531890869">
				<ele>90.45</ele>
				<time>2025-04-30T12:52:50</time>
			</trkpt>
			<trkpt lat="48.64021897315979" lon="2.8317368030548096">
				<ele>90.96</ele>
				<time>2025-04-30T12:52:52</time>
			</trkpt>
			<trkpt lat="48.64021905697882" lon="2.8317368030548096">
				<ele>91.49</ele>
				<time>2025-04-30T12:52:52</time>
			</trkpt>
			<trkpt lat="48.640358448028564" lon="2.8316402435302734">
				<ele>92.01</ele>
				<time>2025-04-30T12:52:55</time>
			</trkpt>
			<trkpt lat="48.64046573638916" lon="2.8314685821533203">
				<ele>92.53</ele>
				<time>2025-04-30T12:52:57</time>
			</trkpt>
			<trkpt lat="48.6407018546015" lon="2.8309428691864014">
				<ele>92.99</ele>
				<time>2025-04-30T12:53:04</time>
			</trkpt>
			<trkpt lat="48.64105582237244" lon="2.8301382064819336">
				<ele>93.71</ele>
				<time>2025-04-30T12:53:14</time>
			</trkpt>
			<trkpt lat="48.6414098739624" lon="2.829355001449585">
				<ele>94.19</ele>
				<time>2025-04-30T12:53:24</time>
			</trkpt>
			<trkpt lat="48.64154934883118" lon="2.8290867805480957">
				<ele>94.61</ele>
				<time>2025-04-30T12:53:28</time>
			</trkpt>
			<trkpt lat="48.64164590835571" lon="2.8290224075317383">
				<ele>94.99</ele>
				<time>2025-04-30T12:53:29</time>
			</trkpt>
			<trkpt lat="48.64177465438843" lon="2.8289794921875">
				<ele>95.34</ele>
				<time>2025-04-30T12:53:31</time>
			</trkpt>
			<trkpt lat="48.64197858609259" lon="2.8290116786956787">
				<ele>95.68</ele>
				<time>2025-04-30T12:53:35</time>
			</trkpt>
			<trkpt lat="48.64197850227356" lon="2.8290116786956787">
				<ele>95.93</ele>
				<time>2025-04-30T12:53:35</time>
			</trkpt>
			<trkpt lat="48.64249348640442" lon="2.8293120861053467">
				<ele>96.09</ele>
				<time>2025-04-30T12:53:44</time>
			</trkpt>
			<trkpt lat="48.64344843663275" lon="2.829698324203491">
				<ele>96.32</ele>
				<time>2025-04-30T12:53:59</time>
			</trkpt>
			<trkpt lat="48.64374876022339" lon="2.8298377990722656">
				<ele>96.42</ele>
				<time>2025-04-30T12:54:04</time>
			</trkpt>
			<trkpt lat="48.64374876022339" lon="2.829955816268921">
				<ele>96.56</ele>
				<time>2025-04-30T12:54:06</time>
			</trkpt>
			<trkpt lat="48.64377021789551" lon="2.8301382064819336">
				<ele>96.66</ele>
				<time>2025-04-30T12:54:08</time>
			</trkpt>
			<trkpt lat="48.64375957287848" lon="2.8303849697113037">
				<ele>96.76</ele>
				<time>2025-04-30T12:54:10</time>
			</trkpt>
			<trkpt lat="48.64375948905945" lon="2.8303849697113037">
				<ele>96.85</ele>
				<time>2025-04-30T12:54:10</time>
			</trkpt>
			<trkpt lat="48.64366292953491" lon="2.8322088718414307">
				<ele>96.79</ele>
				<time>2025-04-30T12:54:30</time>
			</trkpt>
			<trkpt lat="48.644124269485474" lon="2.8322088718414307">
				<ele>96.98</ele>
				<time>2025-04-30T12:54:37</time>
			</trkpt>
			<trkpt lat="48.64495038986206" lon="2.832251787185669">
				<ele>97.15</ele>
				<time>2025-04-30T12:54:50</time>
			</trkpt>
			<trkpt lat="48.64522933959961" lon="2.8322625160217285">
				<ele>97.29</ele>
				<time>2025-04-30T12:54:55</time>
			</trkpt>
			<trkpt lat="48.6455512046814" lon="2.83223032951355">
				<ele>97.51</ele>
				<time>2025-04-30T12:55:00</time>
			</trkpt>
			<trkpt lat="48.6456907633692" lon="2.8315329551696777">
				<ele>97.74</ele>
				<time>2025-04-30T12:55:08</time>
			</trkpt>
			<trkpt lat="48.645873069763184" lon="2.8306424617767334">
				<ele>97.98</ele>
				<time>2025-04-30T12:55:17</time>
			</trkpt>
			<trkpt lat="48.64591598510742" lon="2.8304600715637207">
				<ele>98.16</ele>
				<time>2025-04-30T12:55:19</time>
			</trkpt>
			<trkpt lat="48.64665627479553" lon="2.8284752368927">
				<ele>98.46</ele>
				<time>2025-04-30T12:55:44</time>
			</trkpt>
			<trkpt lat="48.646656358614564" lon="2.8284752368927">
				<ele>98.74</ele>
				<time>2025-04-30T12:55:44</time>
			</trkpt>
			<trkpt lat="48.64768632687628" lon="2.8256964683532715">
				<ele>98.88</ele>
				<time>2025-04-30T12:56:17</time>
			</trkpt>
			<trkpt lat="48.64853382110596" lon="2.8233790397644043">
				<ele>99.42</ele>
				<time>2025-04-30T12:56:45</time>
			</trkpt>
			<trkpt lat="48.648598277941346" lon="2.8232717514038086">
				<ele>99.77</ele>
				<time>2025-04-30T12:56:47</time>
			</trkpt>
			<trkpt lat="48.64854454994202" lon="2.8231430053710938">
				<ele>100.1</ele>
				<time>2025-04-30T12:56:48</time>
			</trkpt>
			<trkpt lat="48.648619651794434" lon="2.8229176998138428">
				<ele>100.47</ele>
				<time>2025-04-30T12:56:51</time>
			</trkpt>
			<trkpt lat="48.64889860153198" lon="2.8218984603881836">
				<ele>100.8</ele>
				<time>2025-04-30T12:57:03</time>
			</trkpt>
			<trkpt lat="48.649799823760986" lon="2.8194737434387207">
				<ele>101.12</ele>
				<time>2025-04-30T12:57:32</time>
			</trkpt>
			<trkpt lat="48.64995011128485" lon="2.8191518783569336">
				<ele>101.41</ele>
				<time>2025-04-30T12:57:36</time>
			</trkpt>
			<trkpt lat="48.64995002746582" lon="2.8191518783569336">
				<ele>101.65</ele>
				<time>2025-04-30T12:57:36</time>
			</trkpt>
			<trkpt lat="48.6502290610224" lon="2.8186261653900146">
				<ele>101.89</ele>
				<time>2025-04-30T12:57:44</time>
			</trkpt>
			<trkpt lat="48.65143069066107" lon="2.8165876865386963">
				<ele>102.42</ele>
				<time>2025-04-30T12:58:12</time>
			</trkpt>
			<trkpt lat="48.65143060684204" lon="2.8165876865386963">
				<ele>102.47</ele>
				<time>2025-04-30T12:58:12</time>
			</trkpt>
			<trkpt lat="48.652095794677734" lon="2.815396785736084">
				<ele>102.4</ele>
				<time>2025-04-30T12:58:29</time>
			</trkpt>
			<trkpt lat="48.65228891372681" lon="2.815171480178833">
				<ele>102.23</ele>
				<time>2025-04-30T12:58:33</time>
			</trkpt>
			<trkpt lat="48.65247130393982" lon="2.8150856494903564">
				<ele>101.94</ele>
				<time>2025-04-30T12:58:36</time>
			</trkpt>
			<trkpt lat="48.65264296531677" lon="2.815074920654297">
				<ele>101.62</ele>
				<time>2025-04-30T12:58:39</time>
			</trkpt>
			<trkpt lat="48.65363001823425" lon="2.8152894973754883">
				<ele>101.08</ele>
				<time>2025-04-30T12:58:55</time>
			</trkpt>
			<trkpt lat="48.655067682266235" lon="2.8156113624572754">
				<ele>99.83</ele>
				<time>2025-04-30T12:59:18</time>
			</trkpt>
			<trkpt lat="48.65512132644653" lon="2.815976142883301">
				<ele>99.43</ele>
				<time>2025-04-30T12:59:22</time>
			</trkpt>
			<trkpt lat="48.655292987823486" lon="2.8167378902435303">
				<ele>99.11</ele>
				<time>2025-04-30T12:59:30</time>
			</trkpt>
			<trkpt lat="48.65548610687256" lon="2.817145586013794">
				<ele>98.58</ele>
				<time>2025-04-30T12:59:36</time>
			</trkpt>
			<trkpt lat="48.65573287010193" lon="2.8176069259643555">
				<ele>98.03</ele>
				<time>2025-04-30T12:59:42</time>
			</trkpt>
			<trkpt lat="48.65591526031494" lon="2.8181862831115723">
				<ele>97.44</ele>
				<time>2025-04-30T12:59:49</time>
			</trkpt>
			<trkpt lat="48.65615129470825" lon="2.818840742111206">
				<ele>96.52</ele>
				<time>2025-04-30T12:59:57</time>
			</trkpt>
			<trkpt lat="48.65641951560974" lon="2.81949520111084">
				<ele>95.67</ele>
				<time>2025-04-30T13:00:05</time>
			</trkpt>
			<trkpt lat="48.65651607513428" lon="2.8197741508483887">
				<ele>94.74</ele>
				<time>2025-04-30T13:00:08</time>
			</trkpt>
			<trkpt lat="48.6568808555603" lon="2.8204286098480225">
				<ele>93.91</ele>
				<time>2025-04-30T13:00:17</time>
			</trkpt>
			<trkpt lat="48.657095516100526" lon="2.8205788135528564">
				<ele>92.86</ele>
				<time>2025-04-30T13:00:21</time>
			</trkpt>
			<trkpt lat="48.657095432281494" lon="2.8205788135528564">
				<ele>91.8</ele>
				<time>2025-04-30T13:00:21</time>
			</trkpt>
			<trkpt lat="48.65715980529785" lon="2.8206217288970947">
				<ele>90.64</ele>
				<time>2025-04-30T13:00:22</time>
			</trkpt>
			<trkpt lat="48.65751385688782" lon="2.8212547302246094">
				<ele>89.38</ele>
				<time>2025-04-30T13:00:31</time>
			</trkpt>
			<trkpt lat="48.65795382298529" lon="2.8219950199127197">
				<ele>88.17</ele>
				<time>2025-04-30T13:00:41</time>
			</trkpt>
			<trkpt lat="48.659080266952515" lon="2.8237545490264893">
				<ele>86.63</ele>
				<time>2025-04-30T13:01:07</time>
			</trkpt>
			<trkpt lat="48.65924128331244" lon="2.823657989501953">
				<ele>85.13</ele>
				<time>2025-04-30T13:01:10</time>
			</trkpt>
			<trkpt lat="48.65953087806702" lon="2.823507785797119">
				<ele>83.49</ele>
				<time>2025-04-30T13:01:15</time>
			</trkpt>
			<trkpt lat="48.65970253944397" lon="2.8234434127807617">
				<ele>81.83</ele>
				<time>2025-04-30T13:01:18</time>
			</trkpt>
			<trkpt lat="48.65987420082092" lon="2.823464870452881">
				<ele>80.16</ele>
				<time>2025-04-30T13:01:21</time>
			</trkpt>
			<trkpt lat="48.66005667485297" lon="2.823539972305298">
				<ele>78.5</ele>
				<time>2025-04-30T13:01:24</time>
			</trkpt>
			<trkpt lat="48.66017460823059" lon="2.8235936164855957">
				<ele>76.93</ele>
				<time>2025-04-30T13:01:26</time>
			</trkpt>
			<trkpt lat="48.6605179309845" lon="2.823657989501953">
				<ele>75.25</ele>
				<time>2025-04-30T13:01:31</time>
			</trkpt>
			<trkpt lat="48.66094708442688" lon="2.823711633682251">
				<ele>73.73</ele>
				<time>2025-04-30T13:01:38</time>
			</trkpt>
			<trkpt lat="48.6612690333277" lon="2.8236043453216553">
				<ele>72.52</ele>
				<time>2025-04-30T13:01:43</time>
			</trkpt>
			<trkpt lat="48.66126894950867" lon="2.8236043453216553">
				<ele>71.48</ele>
				<time>2025-04-30T13:01:43</time>
			</trkpt>
			<trkpt lat="48.663564920425415" lon="2.821962833404541">
				<ele>70.43</ele>
				<time>2025-04-30T13:02:24</time>
			</trkpt>
			<trkpt lat="48.66503485478461" lon="2.8209972381591797">
				<ele>69.7</ele>
				<time>2025-04-30T13:02:50</time>
			</trkpt>
			<trkpt lat="48.66522797383368" lon="2.820889949798584">
				<ele>69.24</ele>
				<time>2025-04-30T13:02:53</time>
			</trkpt>
			<trkpt lat="48.66567850112915" lon="2.820686101913452">
				<ele>69.09</ele>
				<time>2025-04-30T13:03:00</time>
			</trkpt>
			<trkpt lat="48.666011095047" lon="2.820611000061035">
				<ele>69.14</ele>
				<time>2025-04-30T13:03:06</time>
			</trkpt>
			<trkpt lat="48.66622567176819" lon="2.820643186569214">
				<ele>69.36</ele>
				<time>2025-04-30T13:03:09</time>
			</trkpt>
			<trkpt lat="48.66636514663696" lon="2.820718288421631">
				<ele>69.78</ele>
				<time>2025-04-30T13:03:12</time>
			</trkpt>
			<trkpt lat="48.666547536849976" lon="2.82073974609375">
				<ele>70.49</ele>
				<time>2025-04-30T13:03:15</time>
			</trkpt>
			<trkpt lat="48.66665482521057" lon="2.8207290172576904">
				<ele>71.44</ele>
				<time>2025-04-30T13:03:16</time>
			</trkpt>
			<trkpt lat="48.66677284240723" lon="2.8206324577331543">
				<ele>72.62</ele>
				<time>2025-04-30T13:03:18</time>
			</trkpt>
			<trkpt lat="48.666880214586854" lon="2.8204500675201416">
				<ele>74.04</ele>
				<time>2025-04-30T13:03:21</time>
			</trkpt>
			<trkpt lat="48.66743803024292" lon="2.819344997406006">
				<ele>75.76</ele>
				<time>2025-04-30T13:03:36</time>
			</trkpt>
			<trkpt lat="48.667566776275635" lon="2.819141149520874">
				<ele>77.54</ele>
				<time>2025-04-30T13:03:39</time>
			</trkpt>
			<trkpt lat="48.66771697998047" lon="2.8189480304718018">
				<ele>79.46</ele>
				<time>2025-04-30T13:03:42</time>
			</trkpt>
			<trkpt lat="48.66794228553772" lon="2.8187978267669678">
				<ele>81.51</ele>
				<time>2025-04-30T13:03:46</time>
			</trkpt>
			<trkpt lat="48.66816759109497" lon="2.818711996078491">
				<ele>83.59</ele>
				<time>2025-04-30T13:03:49</time>
			</trkpt>
			<trkpt lat="48.669272661209106" lon="2.8185296058654785">
				<ele>86.08</ele>
				<time>2025-04-30T13:04:07</time>
			</trkpt>
			<trkpt lat="48.66951950825751" lon="2.8184330463409424">
				<ele>88.28</ele>
				<time>2025-04-30T13:04:11</time>
			</trkpt>
			<trkpt lat="48.670302629470825" lon="2.8179824352264404">
				<ele>90.9</ele>
				<time>2025-04-30T13:04:25</time>
			</trkpt>
			<trkpt lat="48.67072105407715" lon="2.8177249431610107">
				<ele>92.96</ele>
				<time>2025-04-30T13:04:32</time>
			</trkpt>
			<trkpt lat="48.6709463596344" lon="2.817692756652832">
				<ele>94.82</ele>
				<time>2025-04-30T13:04:36</time>
			</trkpt>
			<trkpt lat="48.67121466435492" lon="2.8177356719970703">
				<ele>96.46</ele>
				<time>2025-04-30T13:04:40</time>
			</trkpt>
			<trkpt lat="48.67171883583069" lon="2.817971706390381">
				<ele>97.94</ele>
				<time>2025-04-30T13:04:48</time>
			</trkpt>
			<trkpt lat="48.67189049720764" lon="2.8181755542755127">
				<ele>99.28</ele>
				<time>2025-04-30T13:04:52</time>
			</trkpt>
			<trkpt lat="48.672029972076416" lon="2.8184330463409424">
				<ele>100.42</ele>
				<time>2025-04-30T13:04:55</time>
			</trkpt>
			<trkpt lat="48.67211580276489" lon="2.8186583518981934">
				<ele>101.39</ele>
				<time>2025-04-30T13:04:58</time>
			</trkpt>
			<trkpt lat="48.67226609028876" lon="2.818422317504883">
				<ele>102.33</ele>
				<time>2025-04-30T13:05:02</time>
			</trkpt>
			<trkpt lat="48.67243766784668" lon="2.8181755542755127">
				<ele>103.0</ele>
				<time>2025-04-30T13:05:05</time>
			</trkpt>
			<trkpt lat="48.67271670140326" lon="2.817692756652832">
				<ele>103.65</ele>
				<time>2025-04-30T13:05:12</time>
			</trkpt>
			<trkpt lat="48.67294192314148" lon="2.8173065185546875">
				<ele>104.14</ele>
				<time>2025-04-30T13:05:18</time>
			</trkpt>
			<trkpt lat="48.67323160171509" lon="2.8168880939483643">
				<ele>104.43</ele>
				<time>2025-04-30T13:05:24</time>
			</trkpt>
			<trkpt lat="48.673381889238954" lon="2.8167271614074707">
				<ele>104.49</ele>
				<time>2025-04-30T13:05:27</time>
			</trkpt>
			<trkpt lat="48.67363929748535" lon="2.8164589405059814">
				<ele>104.19</ele>
				<time>2025-04-30T13:05:32</time>
			</trkpt>
			<trkpt lat="48.67392897605896" lon="2.8160619735717773">
				<ele>103.77</ele>
				<time>2025-04-30T13:05:38</time>
			</trkpt>
			<trkpt lat="48.67414355278015" lon="2.8157293796539307">
				<ele>103.41</ele>
				<time>2025-04-30T13:05:43</time>
			</trkpt>
			<trkpt lat="48.674583435058594" lon="2.814527750015259">
				<ele>103.05</ele>
				<time>2025-04-30T13:05:58</time>
			</trkpt>
			<trkpt lat="48.674787282943726" lon="2.8139376640319824">
				<ele>102.52</ele>
				<time>2025-04-30T13:06:05</time>
			</trkpt>
			<trkpt lat="48.675066316500306" lon="2.813444137573242">
				<ele>102.03</ele>
				<time>2025-04-30T13:06:12</time>
			</trkpt>
			<trkpt lat="48.675119960680604" lon="2.813154458999634">
				<ele>101.59</ele>
				<time>2025-04-30T13:06:15</time>
			</trkpt>
			<trkpt lat="48.6751736048609" lon="2.8128647804260254">
				<ele>101.07</ele>
				<time>2025-04-30T13:06:18</time>
			</trkpt>
			<trkpt lat="48.675280809402466" lon="2.812521457672119">
				<ele>100.54</ele>
				<time>2025-04-30T13:06:22</time>
			</trkpt>
			<trkpt lat="48.675377368927" lon="2.812328338623047">
				<ele>100.06</ele>
				<time>2025-04-30T13:06:25</time>
			</trkpt>
			<trkpt lat="48.675731504336" lon="2.8116095066070557">
				<ele>99.57</ele>
				<time>2025-04-30T13:06:34</time>
			</trkpt>
			<trkpt lat="48.67637515068054" lon="2.810375690460205">
				<ele>99.05</ele>
				<time>2025-04-30T13:06:51</time>
			</trkpt>
			<trkpt lat="48.676514625549316" lon="2.809903621673584">
				<ele>98.72</ele>
				<time>2025-04-30T13:06:56</time>
			</trkpt>
			<trkpt lat="48.67668628692627" lon="2.8085947036743164">
				<ele>98.52</ele>
				<time>2025-04-30T13:07:10</time>
			</trkpt>
			<trkpt lat="48.676793575286865" lon="2.8080475330352783">
				<ele>98.37</ele>
				<time>2025-04-30T13:07:16</time>
			</trkpt>
			<trkpt lat="48.67715835571289" lon="2.8067922592163086">
				<ele>98.12</ele>
				<time>2025-04-30T13:07:31</time>
			</trkpt>
			<trkpt lat="48.677276372909546" lon="2.806180715560913">
				<ele>97.87</ele>
				<time>2025-04-30T13:07:38</time>
			</trkpt>
			<trkpt lat="48.67736220359802" lon="2.805386781692505">
				<ele>97.96</ele>
				<time>2025-04-30T13:07:46</time>
			</trkpt>
			<trkpt lat="48.67749103344977" lon="2.8037989139556885">
				<ele>97.93</ele>
				<time>2025-04-30T13:08:03</time>
			</trkpt>
			<trkpt lat="48.6775016784668" lon="2.803637981414795">
				<ele>98.01</ele>
				<time>2025-04-30T13:08:05</time>
			</trkpt>
			<trkpt lat="48.677287101745605" lon="2.8028976917266846">
				<ele>98.41</ele>
				<time>2025-04-30T13:08:13</time>
			</trkpt>
			<trkpt lat="48.67715835571289" lon="2.801717519760132">
				<ele>98.49</ele>
				<time>2025-04-30T13:08:26</time>
			</trkpt>
			<trkpt lat="48.67716908454895" lon="2.7966320514678955">
				<ele>98.65</ele>
				<time>2025-04-30T13:09:20</time>
			</trkpt>
			<trkpt lat="48.67724418640137" lon="2.7962779998779297">
				<ele>98.79</ele>
				<time>2025-04-30T13:09:24</time>
			</trkpt>
			<trkpt lat="48.67738366127014" lon="2.7960205078125">
				<ele>98.95</ele>
				<time>2025-04-30T13:09:27</time>
			</trkpt>
			<trkpt lat="48.677587592974305" lon="2.7958810329437256">
				<ele>99.01</ele>
				<time>2025-04-30T13:09:31</time>
			</trkpt>
			<trkpt lat="48.67873549461365" lon="2.795076370239258">
				<ele>99.0</ele>
				<time>2025-04-30T13:09:51</time>
			</trkpt>
			<trkpt lat="48.678810596466064" lon="2.7949368953704834">
				<ele>99.11</ele>
				<time>2025-04-30T13:09:53</time>
			</trkpt>
			<trkpt lat="48.67877849377692" lon="2.794818878173828">
				<ele>99.14</ele>
				<time>2025-04-30T13:09:54</time>
			</trkpt>
			<trkpt lat="48.67862829007208" lon="2.794293165206909">
				<ele>99.08</ele>
				<time>2025-04-30T13:10:00</time>
			</trkpt>
			<trkpt lat="48.67858529090881" lon="2.793874740600586">
				<ele>99.08</ele>
				<time>2025-04-30T13:10:05</time>
			</trkpt>
			<trkpt lat="48.67867112159729" lon="2.7934563159942627">
				<ele>99.14</ele>
				<time>2025-04-30T13:10:09</time>
			</trkpt>
			<trkpt lat="48.679829835891724" lon="2.7898621559143066">
				<ele>99.19</ele>
				<time>2025-04-30T13:10:52</time>
			</trkpt>
			<trkpt lat="48.681535720825195" lon="2.786707878112793">
				<ele>99.13</ele>
				<time>2025-04-30T13:11:35</time>
			</trkpt>
			<trkpt lat="48.68389614857733" lon="2.7813005447387695">
				<ele>98.93</ele>
				<time>2025-04-30T13:12:43</time>
			</trkpt>
			<trkpt lat="48.6838960647583" lon="2.7813005447387695">
				<ele>98.83</ele>
				<time>2025-04-30T13:12:43</time>
			</trkpt>
			<trkpt lat="48.68419647216797" lon="2.7806460857391357">
				<ele>98.72</ele>
				<time>2025-04-30T13:12:52</time>
			</trkpt>
			<trkpt lat="48.6844539642334" lon="2.7799272537231445">
				<ele>98.69</ele>
				<time>2025-04-30T13:13:00</time>
			</trkpt>
			<trkpt lat="48.68466854095459" lon="2.7795839309692383">
				<ele>98.47</ele>
				<time>2025-04-30T13:13:05</time>
			</trkpt>
			<trkpt lat="48.684861743822694" lon="2.779444456100464">
				<ele>98.3</ele>
				<time>2025-04-30T13:13:09</time>
			</trkpt>
			<trkpt lat="48.68488320149481" lon="2.779444456100464">
				<ele>98.21</ele>
				<time>2025-04-30T13:13:09</time>
			</trkpt>
			<trkpt lat="48.68565559387207" lon="2.7791333198547363">
				<ele>97.97</ele>
				<time>2025-04-30T13:13:22</time>
			</trkpt>
			<trkpt lat="48.68599900044501" lon="2.7790474891662598">
				<ele>97.91</ele>
				<time>2025-04-30T13:13:27</time>
			</trkpt>
			<trkpt lat="48.68618130683899" lon="2.7789294719696045">
				<ele>97.96</ele>
				<time>2025-04-30T13:13:31</time>
			</trkpt>
			<trkpt lat="48.686546171084046" lon="2.7786076068878174">
				<ele>98.11</ele>
				<time>2025-04-30T13:13:37</time>
			</trkpt>
			<trkpt lat="48.687061071395874" lon="2.778189182281494">
				<ele>98.41</ele>
				<time>2025-04-30T13:13:47</time>
			</trkpt>
			<trkpt lat="48.6872757319361" lon="2.778092622756958">
				<ele>98.7</ele>
				<time>2025-04-30T13:13:50</time>
			</trkpt>
			<trkpt lat="48.69022607803345" lon="2.777416706085205">
				<ele>99.15</ele>
				<time>2025-04-30T13:14:38</time>
			</trkpt>
			<trkpt lat="48.690558671951294" lon="2.7772343158721924">
				<ele>99.48</ele>
				<time>2025-04-30T13:14:44</time>
			</trkpt>
			<trkpt lat="48.69071960449219" lon="2.7771055698394775">
				<ele>99.82</ele>
				<time>2025-04-30T13:14:47</time>
			</trkpt>
			<trkpt lat="48.691567182540894" lon="2.7763009071350098">
				<ele>100.14</ele>
				<time>2025-04-30T13:15:03</time>
			</trkpt>
			<trkpt lat="48.69187840260565" lon="2.776075601577759">
				<ele>100.61</ele>
				<time>2025-04-30T13:15:08</time>
			</trkpt>
			<trkpt lat="48.69218953885138" lon="2.7759039402008057">
				<ele>101.04</ele>
				<time>2025-04-30T13:15:14</time>
			</trkpt>
			<trkpt lat="48.69232892990112" lon="2.7758073806762695">
				<ele>101.45</ele>
				<time>2025-04-30T13:15:16</time>
			</trkpt>
			<trkpt lat="48.69416356086731" lon="2.7749598026275635">
				<ele>102.06</ele>
				<time>2025-04-30T13:15:47</time>
			</trkpt>
			<trkpt lat="48.69424947537482" lon="2.774916887283325">
				<ele>102.49</ele>
				<time>2025-04-30T13:15:48</time>
			</trkpt>
			<trkpt lat="48.6949896812439" lon="2.7745842933654785">
				<ele>102.72</ele>
				<time>2025-04-30T13:16:00</time>
			</trkpt>
			<trkpt lat="48.69547256268561" lon="2.7743911743164062">
				<ele>103.11</ele>
				<time>2025-04-30T13:16:08</time>
			</trkpt>
			<trkpt lat="48.69561195373535" lon="2.7743804454803467">
				<ele>103.52</ele>
				<time>2025-04-30T13:16:11</time>
			</trkpt>
			<trkpt lat="48.695783615112305" lon="2.774444818496704">
				<ele>103.98</ele>
				<time>2025-04-30T13:16:14</time>
			</trkpt>
			<trkpt lat="48.69598754681647" lon="2.774573564529419">
				<ele>104.43</ele>
				<time>2025-04-30T13:16:17</time>
			</trkpt>
			<trkpt lat="48.696244955062866" lon="2.7747344970703125">
				<ele>104.86</ele>
				<time>2025-04-30T13:16:22</time>
			</trkpt>
			<trkpt lat="48.69652398861945" lon="2.7748632431030273">
				<ele>105.24</ele>
				<time>2025-04-30T13:16:26</time>
			</trkpt>
			<trkpt lat="48.69691022671759" lon="2.7749598026275635">
				<ele>105.68</ele>
				<time>2025-04-30T13:16:32</time>
			</trkpt>
			<trkpt lat="48.69772553443909" lon="2.775142192840576">
				<ele>106.08</ele>
				<time>2025-04-30T13:16:46</time>
			</trkpt>
			<trkpt lat="48.697832906618714" lon="2.7752065658569336">
				<ele>106.39</ele>
				<time>2025-04-30T13:16:48</time>
			</trkpt>
			<trkpt lat="48.69792938232422" lon="2.7752602100372314">
				<ele>106.64</ele>
				<time>2025-04-30T13:16:49</time>
			</trkpt>
			<trkpt lat="48.69800456799567" lon="2.775346040725708">
				<ele>106.86</ele>
				<time>2025-04-30T13:16:51</time>
			</trkpt>
			<trkpt lat="48.69838007725775" lon="2.7757537364959717">
				<ele>107.02</ele>
				<time>2025-04-30T13:16:58</time>
			</trkpt>
			<trkpt lat="48.698776960372925" lon="2.776172161102295">
				<ele>107.16</ele>
				<time>2025-04-30T13:17:06</time>
			</trkpt>
			<trkpt lat="48.69886287488043" lon="2.776193618774414">
				<ele>107.26</ele>
				<time>2025-04-30T13:17:07</time>
			</trkpt>
			<trkpt lat="48.69894862174988" lon="2.776172161102295">
				<ele>107.31</ele>
				<time>2025-04-30T13:17:09</time>
			</trkpt>
			<trkpt lat="48.699249029159546" lon="2.7758073806762695">
				<ele>107.3</ele>
				<time>2025-04-30T13:17:15</time>
			</trkpt>
			<trkpt lat="48.699549436569214" lon="2.77554988861084">
				<ele>107.26</ele>
				<time>2025-04-30T13:17:20</time>
			</trkpt>
			<trkpt lat="48.69982838630676" lon="2.775142192840576">
				<ele>107.18</ele>
				<time>2025-04-30T13:17:27</time>
			</trkpt>
			<trkpt lat="48.69990348815918" lon="2.7752387523651123">
				<ele>107.04</ele>
				<time>2025-04-30T13:17:28</time>
			</trkpt>
			<trkpt lat="48.70024689473212" lon="2.774498462677002">
				<ele>107.02</ele>
				<time>2025-04-30T13:17:38</time>
			</trkpt>
			<trkpt lat="48.70071887969971" lon="2.7734577655792236">
				<ele>106.74</ele>
				<time>2025-04-30T13:17:51</time>
			</trkpt>
			<trkpt lat="48.70075115002692" lon="2.773371934890747">
				<ele>106.43</ele>
				<time>2025-04-30T13:17:52</time>
			</trkpt>
			<trkpt lat="48.7008261680603" lon="2.773221731185913">
				<ele>106.11</ele>
				<time>2025-04-30T13:17:54</time>
			</trkpt>
			<trkpt lat="48.700826251879334" lon="2.773221731185913">
				<ele>105.71</ele>
				<time>2025-04-30T13:17:54</time>
			</trkpt>
			<trkpt lat="48.701341236010194" lon="2.7721166610717773">
				<ele>105.18</ele>
				<time>2025-04-30T13:18:08</time>
			</trkpt>
			<trkpt lat="48.70296120643616" lon="2.7686405181884766">
				<ele>104.61</ele>
				<time>2025-04-30T13:18:53</time>
			</trkpt>
			<trkpt lat="48.70314359664917" lon="2.768254280090332">
				<ele>104.17</ele>
				<time>2025-04-30T13:18:58</time>
			</trkpt>
			<trkpt lat="48.70371230877936" lon="2.7670419216156006">
				<ele>103.59</ele>
				<time>2025-04-30T13:19:14</time>
			</trkpt>
			<trkpt lat="48.70381951332092" lon="2.7668166160583496">
				<ele>102.98</ele>
				<time>2025-04-30T13:19:17</time>
			</trkpt>
			<trkpt lat="48.70393753051758" lon="2.7666234970092773">
				<ele>102.4</ele>
				<time>2025-04-30T13:19:20</time>
			</trkpt>
			<trkpt lat="48.705010414123535" lon="2.7656149864196777">
				<ele>101.57</ele>
				<time>2025-04-30T13:19:40</time>
			</trkpt>
			<trkpt lat="48.70538592338562" lon="2.7651965618133545">
				<ele>101.26</ele>
				<time>2025-04-30T13:19:47</time>
			</trkpt>
			<trkpt lat="48.70606184005737" lon="2.7644991874694824">
				<ele>101.13</ele>
				<time>2025-04-30T13:20:01</time>
			</trkpt>
			<trkpt lat="48.707027435302734" lon="2.763458490371704">
				<ele>101.26</ele>
				<time>2025-04-30T13:20:20</time>
			</trkpt>
			<trkpt lat="48.707027519121766" lon="2.763458490371704">
				<ele>101.12</ele>
				<time>2025-04-30T13:20:20</time>
			</trkpt>
			<trkpt lat="48.70722055435181" lon="2.763265371322632">
				<ele>101.13</ele>
				<time>2025-04-30T13:20:23</time>
			</trkpt>
			<trkpt lat="48.70764970779419" lon="2.762986421585083">
				<ele>101.13</ele>
				<time>2025-04-30T13:20:31</time>
			</trkpt>
			<trkpt lat="48.70843291282654" lon="2.7626538276672363">
				<ele>101.13</ele>
				<time>2025-04-30T13:20:44</time>
			</trkpt>
			<trkpt lat="48.71315360069275" lon="2.760593891143799">
				<ele>101.27</ele>
				<time>2025-04-30T13:22:02</time>
			</trkpt>
			<trkpt lat="48.71568560600281" lon="2.7594780921936035">
				<ele>101.19</ele>
				<time>2025-04-30T13:22:45</time>
			</trkpt>
			<trkpt lat="48.715782165527344" lon="2.7594566345214844">
				<ele>101.25</ele>
				<time>2025-04-30T13:22:46</time>
			</trkpt>
			<trkpt lat="48.71585726737976" lon="2.759413719177246">
				<ele>101.31</ele>
				<time>2025-04-30T13:22:47</time>
			</trkpt>
			<trkpt lat="48.71593236923218" lon="2.759338617324829">
				<ele>101.38</ele>
				<time>2025-04-30T13:22:49</time>
			</trkpt>
			<trkpt lat="48.716029012575746" lon="2.759188413619995">
				<ele>101.46</ele>
				<time>2025-04-30T13:22:51</time>
			</trkpt>
			<trkpt lat="48.71641525067389" lon="2.759145498275757">
				<ele>101.58</ele>
				<time>2025-04-30T13:22:57</time>
			</trkpt>
			<trkpt lat="48.7195610627532" lon="2.7577590476721525">
				<ele>101.78</ele>
				<time>2025-04-30T13:23:50</time>
			</trkpt>
			<trkpt lat="48.71956114657223" lon="2.7577590476721525">
				<ele>101.93</ele>
				<time>2025-04-30T13:23:50</time>
			</trkpt>
			<trkpt lat="48.71958017349243" lon="2.7577507495880127">
				<ele>102.08</ele>
				<time>2025-04-30T13:23:50</time>
			</trkpt>
			<trkpt lat="48.71958436444402" lon="2.7577494084835052">
				<ele>102.24</ele>
				<time>2025-04-30T13:23:50</time>
			</trkpt>
			<trkpt lat="48.71958595700562" lon="2.757748905569315">
				<ele>102.41</ele>
				<time>2025-04-30T13:23:50</time>
			</trkpt>
			<trkpt lat="48.71958838775754" lon="2.7577482350170612">
				<ele>102.59</ele>
				<time>2025-04-30T13:23:50</time>
			</trkpt>
			<trkpt lat="48.7198269367218" lon="2.7576756477355957">
				<ele>102.78</ele>
				<time>2025-04-30T13:23:54</time>
			</trkpt>
			<trkpt lat="48.72011661529541" lon="2.7576756477355957">
				<ele>102.98</ele>
				<time>2025-04-30T13:23:59</time>
			</trkpt>
			<trkpt lat="48.72011669911444" lon="2.7576756477355957">
				<ele>103.2</ele>
				<time>2025-04-30T13:23:59</time>
			</trkpt>
			<trkpt lat="48.72037410736084" lon="2.7577507495880127">
				<ele>103.43</ele>
				<time>2025-04-30T13:24:03</time>
			</trkpt>
			<trkpt lat="48.72065305709839" lon="2.7579331398010254">
				<ele>103.63</ele>
				<time>2025-04-30T13:24:08</time>
			</trkpt>
			<trkpt lat="48.72336745262146" lon="2.7600789070129395">
				<ele>103.74</ele>
				<time>2025-04-30T13:24:57</time>
			</trkpt>
			<trkpt lat="48.72754096984863" lon="2.7633190155029297">
				<ele>104.02</ele>
				<time>2025-04-30T13:26:12</time>
			</trkpt>
			<trkpt lat="48.727541053667665" lon="2.7633190155029297">
				<ele>104.31</ele>
				<time>2025-04-30T13:26:12</time>
			</trkpt>
			<trkpt lat="48.72908600606024" lon="2.7645206451416016">
				<ele>104.81</ele>
				<time>2025-04-30T13:26:40</time>
			</trkpt>
			<trkpt lat="48.73418211936951" lon="2.7684688568115234">
				<ele>105.65</ele>
				<time>2025-04-30T13:28:11</time>
			</trkpt>
			<trkpt lat="48.73418220318854" lon="2.7684688568115234">
				<ele>105.9</ele>
				<time>2025-04-30T13:28:11</time>
			</trkpt>
			<trkpt lat="48.73463273048401" lon="2.768833637237549">
				<ele>106.17</ele>
				<time>2025-04-30T13:28:20</time>
			</trkpt>
			<trkpt lat="48.73489022254944" lon="2.7691233158111572">
				<ele>106.21</ele>
				<time>2025-04-30T13:28:25</time>
			</trkpt>
			<trkpt lat="48.73510479927063" lon="2.769477367401123">
				<ele>106.18</ele>
				<time>2025-04-30T13:28:30</time>
			</trkpt>
			<trkpt lat="48.7352979183197" lon="2.770003080368042">
				<ele>106.21</ele>
				<time>2025-04-30T13:28:36</time>
			</trkpt>
			<trkpt lat="48.73537302017212" lon="2.7702713012695312">
				<ele>106.26</ele>
				<time>2025-04-30T13:28:39</time>
			</trkpt>
			<trkpt lat="48.73541593551636" lon="2.770571708679199">
				<ele>106.31</ele>
				<time>2025-04-30T13:28:42</time>
			</trkpt>
			<trkpt lat="48.735448122024536" lon="2.7709579467773438">
				<ele>106.37</ele>
				<time>2025-04-30T13:28:47</time>
			</trkpt>
			<trkpt lat="48.735448122024536" lon="2.77130126953125">
				<ele>106.43</ele>
				<time>2025-04-30T13:28:50</time>
			</trkpt>
			<trkpt lat="48.73541593551636" lon="2.7716445922851562">
				<ele>106.49</ele>
				<time>2025-04-30T13:28:54</time>
			</trkpt>
			<trkpt lat="48.7352979183197" lon="2.772374153137207">
				<ele>106.54</ele>
				<time>2025-04-30T13:29:02</time>
			</trkpt>
			<trkpt lat="48.73480439186096" lon="2.774444818496704">
				<ele>106.84</ele>
				<time>2025-04-30T13:29:25</time>
			</trkpt>
			<trkpt lat="48.73458981513977" lon="2.775024175643921">
				<ele>106.87</ele>
				<time>2025-04-30T13:29:32</time>
			</trkpt>
			<trkpt lat="48.734482526779175" lon="2.7752280235290527">
				<ele>106.89</ele>
				<time>2025-04-30T13:29:35</time>
			</trkpt>
			<trkpt lat="48.73436450958252" lon="2.7753782272338867">
				<ele>106.93</ele>
				<time>2025-04-30T13:29:37</time>
			</trkpt>
			<trkpt lat="48.733731508255005" lon="2.7760541439056396">
				<ele>107.0</ele>
				<time>2025-04-30T13:29:50</time>
			</trkpt>
			<trkpt lat="48.73365640640259" lon="2.776064872741699">
				<ele>107.08</ele>
				<time>2025-04-30T13:29:51</time>
			</trkpt>
			<trkpt lat="48.73358130455017" lon="2.776118516921997">
				<ele>107.2</ele>
				<time>2025-04-30T13:29:52</time>
			</trkpt>
			<trkpt lat="48.733517015352845" lon="2.7762579917907715">
				<ele>107.34</ele>
				<time>2025-04-30T13:29:54</time>
			</trkpt>
			<trkpt lat="48.733495473861694" lon="2.776365280151367">
				<ele>107.5</ele>
				<time>2025-04-30T13:29:55</time>
			</trkpt>
			<trkpt lat="48.733506202697754" lon="2.7764832973480225">
				<ele>107.65</ele>
				<time>2025-04-30T13:29:56</time>
			</trkpt>
			<trkpt lat="48.73352766036987" lon="2.7765798568725586">
				<ele>107.8</ele>
				<time>2025-04-30T13:29:57</time>
			</trkpt>
			<trkpt lat="48.73353838920593" lon="2.776665687561035">
				<ele>107.93</ele>
				<time>2025-04-30T13:29:58</time>
			</trkpt>
			<trkpt lat="48.73352766036987" lon="2.77679443359375">
				<ele>108.07</ele>
				<time>2025-04-30T13:30:00</time>
			</trkpt>
			<trkpt lat="48.733452558517456" lon="2.777245044708252">
				<ele>108.2</ele>
				<time>2025-04-30T13:30:05</time>
			</trkpt>
			<trkpt lat="48.7334418296814" lon="2.777416706085205">
				<ele>108.32</ele>
				<time>2025-04-30T13:30:07</time>
			</trkpt>
			<trkpt lat="48.733463287353516" lon="2.7775561809539795">
				<ele>108.45</ele>
				<time>2025-04-30T13:30:08</time>
			</trkpt>
			<trkpt lat="48.73351693153381" lon="2.7776849269866943">
				<ele>108.59</ele>
				<time>2025-04-30T13:30:10</time>
			</trkpt>
			<trkpt lat="48.73363494873047" lon="2.777813673019409">
				<ele>108.73</ele>
				<time>2025-04-30T13:30:12</time>
			</trkpt>
			<trkpt lat="48.73393543995917" lon="2.7779746055603027">
				<ele>108.87</ele>
				<time>2025-04-30T13:30:17</time>
			</trkpt>
			<trkpt lat="48.73393535614014" lon="2.7779746055603027">
				<ele>108.95</ele>
				<time>2025-04-30T13:30:17</time>
			</trkpt>
			<trkpt lat="48.7341929320246" lon="2.7781033515930176">
				<ele>109.04</ele>
				<time>2025-04-30T13:30:21</time>
			</trkpt>
			<trkpt lat="48.73440750874579" lon="2.778221368789673">
				<ele>109.15</ele>
				<time>2025-04-30T13:30:25</time>
			</trkpt>
			<trkpt lat="48.73455771245062" lon="2.7783071994781494">
				<ele>109.19</ele>
				<time>2025-04-30T13:30:28</time>
			</trkpt>
			<trkpt lat="48.73455762863159" lon="2.7783071994781494">
				<ele>109.21</ele>
				<time>2025-04-30T13:30:28</time>
			</trkpt>
			<trkpt lat="48.73471864499152" lon="2.7783823013305664">
				<ele>109.17</ele>
				<time>2025-04-30T13:30:30</time>
			</trkpt>
			<trkpt lat="48.73604893684387" lon="2.779090404510498">
				<ele>108.9</ele>
				<time>2025-04-30T13:30:53</time>
			</trkpt>
			<trkpt lat="48.73637080192566" lon="2.7793264389038086">
				<ele>108.98</ele>
				<time>2025-04-30T13:30:59</time>
			</trkpt>
			<trkpt lat="48.736445903778076" lon="2.7794766426086426">
				<ele>109.01</ele>
				<time>2025-04-30T13:31:01</time>
			</trkpt>
			<trkpt lat="48.736456632614136" lon="2.7795732021331787">
				<ele>109.03</ele>
				<time>2025-04-30T13:31:02</time>
			</trkpt>
			<trkpt lat="48.73647817410529" lon="2.7796590328216553">
				<ele>109.05</ele>
				<time>2025-04-30T13:31:03</time>
			</trkpt>
			<trkpt lat="48.73652100563049" lon="2.7797234058380127">
				<ele>109.1</ele>
				<time>2025-04-30T13:31:04</time>
			</trkpt>
			<trkpt lat="48.73663902282715" lon="2.7798092365264893">
				<ele>109.17</ele>
				<time>2025-04-30T13:31:06</time>
			</trkpt>
			<trkpt lat="48.736724853515625" lon="2.7797985076904297">
				<ele>109.24</ele>
				<time>2025-04-30T13:31:07</time>
			</trkpt>
			<trkpt lat="48.73682141304016" lon="2.779841423034668">
				<ele>109.32</ele>
				<time>2025-04-30T13:31:09</time>
			</trkpt>
			<trkpt lat="48.73702526092529" lon="2.780195474624634">
				<ele>109.38</ele>
				<time>2025-04-30T13:31:14</time>
			</trkpt>
			<trkpt lat="48.73743295669556" lon="2.781214714050293">
				<ele>109.61</ele>
				<time>2025-04-30T13:31:26</time>
			</trkpt>
			<trkpt lat="48.73765826225281" lon="2.781515121459961">
				<ele>109.65</ele>
				<time>2025-04-30T13:31:31</time>
			</trkpt>
			<trkpt lat="48.737947940826416" lon="2.781761884689331">
				<ele>109.71</ele>
				<time>2025-04-30T13:31:36</time>
			</trkpt>
			<trkpt lat="48.7382698059082" lon="2.781912088394165">
				<ele>109.74</ele>
				<time>2025-04-30T13:31:42</time>
			</trkpt>
			<trkpt lat="48.73858094215393" lon="2.781933546066284">
				<ele>109.77</ele>
				<time>2025-04-30T13:31:47</time>
			</trkpt>
			<trkpt lat="48.73883843421936" lon="2.7818799018859863">
				<ele>109.84</ele>
				<time>2025-04-30T13:31:51</time>
			</trkpt>
			<trkpt lat="48.73941787518561" lon="2.7815473079681396">
				<ele>109.89</ele>
				<time>2025-04-30T13:32:01</time>
			</trkpt>
			<trkpt lat="48.7398362159729" lon="2.781311273574829">
				<ele>109.97</ele>
				<time>2025-04-30T13:32:08</time>
			</trkpt>
			<trkpt lat="48.740233182907104" lon="2.7811825275421143">
				<ele>110.04</ele>
				<time>2025-04-30T13:32:14</time>
			</trkpt>
			<trkpt lat="48.74039419926703" lon="2.781193256378174">
				<ele>110.11</ele>
				<time>2025-04-30T13:32:17</time>
			</trkpt>
			<trkpt lat="48.740458488464355" lon="2.7812576293945312">
				<ele>110.24</ele>
				<time>2025-04-30T13:32:18</time>
			</trkpt>
			<trkpt lat="48.74053359031677" lon="2.78128981590271">
				<ele>110.37</ele>
				<time>2025-04-30T13:32:20</time>
			</trkpt>
			<trkpt lat="48.74060869216919" lon="2.7814507484436035">
				<ele>110.51</ele>
				<time>2025-04-30T13:32:22</time>
			</trkpt>
			<trkpt lat="48.740748167037964" lon="2.782062292098999">
				<ele>110.57</ele>
				<time>2025-04-30T13:32:28</time>
			</trkpt>
			<trkpt lat="48.74096282757819" lon="2.7846157550811768">
				<ele>110.77</ele>
				<time>2025-04-30T13:32:56</time>
			</trkpt>
			<trkpt lat="48.74168157577515" lon="2.793295383453369">
				<ele>111.04</ele>
				<time>2025-04-30T13:34:28</time>
			</trkpt>
			<trkpt lat="48.74181040562689" lon="2.7948832511901855">
				<ele>111.04</ele>
				<time>2025-04-30T13:34:45</time>
			</trkpt>
			<trkpt lat="48.74186396598816" lon="2.7959132194519043">
				<ele>111.31</ele>
				<time>2025-04-30T13:34:56</time>
			</trkpt>
			<trkpt lat="48.74186396598816" lon="2.7997756004333496">
				<ele>111.7</ele>
				<time>2025-04-30T13:35:37</time>
			</trkpt>
			<trkpt lat="48.74192833900452" lon="2.8009021282196045">
				<ele>111.6</ele>
				<time>2025-04-30T13:35:49</time>
			</trkpt>
			<trkpt lat="48.74204635620117" lon="2.8022217750549316">
				<ele>111.67</ele>
				<time>2025-04-30T13:36:03</time>
			</trkpt>
			<trkpt lat="48.74215364456177" lon="2.803037166595459">
				<ele>111.73</ele>
				<time>2025-04-30T13:36:11</time>
			</trkpt>
			<trkpt lat="48.74264717102051" lon="2.805880308151245">
				<ele>111.66</ele>
				<time>2025-04-30T13:36:42</time>
			</trkpt>
			<trkpt lat="48.74279737472534" lon="2.8069746494293213">
				<ele>111.56</ele>
				<time>2025-04-30T13:36:54</time>
			</trkpt>
			<trkpt lat="48.74290474690497" lon="2.808101177215576">
				<ele>111.47</ele>
				<time>2025-04-30T13:37:06</time>
			</trkpt>
			<trkpt lat="48.74293693341315" lon="2.808380126953125">
				<ele>111.6</ele>
				<time>2025-04-30T13:37:09</time>
			</trkpt>
			<trkpt lat="48.743001306429505" lon="2.809227705001831">
				<ele>111.84</ele>
				<time>2025-04-30T13:37:18</time>
			</trkpt>
			<trkpt lat="48.7432587146759" lon="2.812328338623047">
				<ele>111.9</ele>
				<time>2025-04-30T13:37:51</time>
			</trkpt>
			<trkpt lat="48.743473291397095" lon="2.8150320053100586">
				<ele>112.08</ele>
				<time>2025-04-30T13:38:20</time>
			</trkpt>
			<trkpt lat="48.743462562561035" lon="2.815343141555786">
				<ele>112.26</ele>
				<time>2025-04-30T13:38:23</time>
			</trkpt>
			<trkpt lat="48.74326944351196" lon="2.816394567489624">
				<ele>112.55</ele>
				<time>2025-04-30T13:38:35</time>
			</trkpt>
			<trkpt lat="48.74355912208557" lon="2.8165555000305176">
				<ele>112.74</ele>
				<time>2025-04-30T13:38:40</time>
			</trkpt>
			<trkpt lat="48.74427795410156" lon="2.817167043685913">
				<ele>112.91</ele>
				<time>2025-04-30T13:38:53</time>
			</trkpt>
			<trkpt lat="48.744471073150635" lon="2.8172528743743896">
				<ele>113.27</ele>
				<time>2025-04-30T13:38:56</time>
			</trkpt>
			<trkpt lat="48.74466419219971" lon="2.817263603210449">
				<ele>113.65</ele>
				<time>2025-04-30T13:38:59</time>
			</trkpt>
			<trkpt lat="48.748730421066284" lon="2.81649112701416">
				<ele>114.29</ele>
				<time>2025-04-30T13:40:05</time>
			</trkpt>
			<trkpt lat="48.74977111816406" lon="2.81624436378479">
				<ele>114.6</ele>
				<time>2025-04-30T13:40:22</time>
			</trkpt>
			<trkpt lat="48.75005015172064" lon="2.816265821456909">
				<ele>115.11</ele>
				<time>2025-04-30T13:40:26</time>
			</trkpt>
			<trkpt lat="48.750211000442505" lon="2.8162765502929688">
				<ele>115.62</ele>
				<time>2025-04-30T13:40:29</time>
			</trkpt>
			<trkpt lat="48.75021108426154" lon="2.8162765502929688">
				<ele>116.07</ele>
				<time>2025-04-30T13:40:29</time>
			</trkpt>
			<trkpt lat="48.76148700714111" lon="2.8214800357818604">
				<ele>116.92</ele>
				<time>2025-04-30T13:43:37</time>
			</trkpt>
			<trkpt lat="48.761701667681336" lon="2.8215980529785156">
				<ele>117.29</ele>
				<time>2025-04-30T13:43:41</time>
			</trkpt>
			<trkpt lat="48.76183032989502" lon="2.8217804431915283">
				<ele>117.59</ele>
				<time>2025-04-30T13:43:44</time>
			</trkpt>
			<trkpt lat="48.76258134841919" lon="2.823132276535034">
				<ele>117.69</ele>
				<time>2025-04-30T13:44:03</time>
			</trkpt>
			<trkpt lat="48.76529574394226" lon="2.8280460834503174">
				<ele>118.25</ele>
				<time>2025-04-30T13:45:10</time>
			</trkpt>
			<trkpt lat="48.76574635505676" lon="2.828850746154785">
				<ele>118.51</ele>
				<time>2025-04-30T13:45:21</time>
			</trkpt>
			<trkpt lat="48.76735576428473" lon="2.8307712078094482">
				<ele>118.39</ele>
				<time>2025-04-30T13:45:54</time>
			</trkpt>
			<trkpt lat="48.76782774925232" lon="2.8313183784484863">
				<ele>118.33</ele>
				<time>2025-04-30T13:46:04</time>
			</trkpt>
			<trkpt lat="48.767913579940796" lon="2.8312325477600098">
				<ele>118.31</ele>
				<time>2025-04-30T13:46:05</time>
			</trkpt>
			<trkpt lat="48.76860022544861" lon="2.830878496170044">
				<ele>118.45</ele>
				<time>2025-04-30T13:46:17</time>
			</trkpt>
			<trkpt lat="48.76929768361151" lon="2.8304708003997803">
				<ele>118.14</ele>
				<time>2025-04-30T13:46:29</time>
			</trkpt>
			<trkpt lat="48.76976975239813" lon="2.830181121826172">
				<ele>117.84</ele>
				<time>2025-04-30T13:46:37</time>
			</trkpt>
			<trkpt lat="48.77042421139777" lon="2.8297841548919678">
				<ele>117.73</ele>
				<time>2025-04-30T13:46:48</time>
			</trkpt>
			<trkpt lat="48.77063878811896" lon="2.8296446800231934">
				<ele>117.5</ele>
				<time>2025-04-30T13:46:52</time>
			</trkpt>
			<trkpt lat="48.77078899182379" lon="2.8295695781707764">
				<ele>117.14</ele>
				<time>2025-04-30T13:46:55</time>
			</trkpt>
			<trkpt lat="48.77090700902045" lon="2.8294944763183594">
				<ele>116.75</ele>
				<time>2025-04-30T13:46:57</time>
			</trkpt>
			<trkpt lat="48.77110004425049" lon="2.8293442726135254">
				<ele>116.3</ele>
				<time>2025-04-30T13:47:00</time>
			</trkpt>
			<trkpt lat="48.77156146802008" lon="2.8286898136138916">
				<ele>115.95</ele>
				<time>2025-04-30T13:47:10</time>
			</trkpt>
			<trkpt lat="48.771668672561646" lon="2.8285396099090576">
				<ele>115.56</ele>
				<time>2025-04-30T13:47:13</time>
			</trkpt>
			<trkpt lat="48.77181887626648" lon="2.8283894062042236">
				<ele>115.23</ele>
				<time>2025-04-30T13:47:16</time>
			</trkpt>
			<trkpt lat="48.77187260426581" lon="2.828400135040283">
				<ele>114.92</ele>
				<time>2025-04-30T13:47:16</time>
			</trkpt>
			<trkpt lat="48.771915435791016" lon="2.8283679485321045">
				<ele>114.64</ele>
				<time>2025-04-30T13:47:17</time>
			</trkpt>
			<trkpt lat="48.771958434954286" lon="2.8282928466796875">
				<ele>114.4</ele>
				<time>2025-04-30T13:47:18</time>
			</trkpt>
			<trkpt lat="48.771958351135254" lon="2.828207015991211">
				<ele>114.21</ele>
				<time>2025-04-30T13:47:19</time>
			</trkpt>
			<trkpt lat="48.771969163790345" lon="2.8281748294830322">
				<ele>114.07</ele>
				<time>2025-04-30T13:47:19</time>
			</trkpt>
			<trkpt lat="48.77206563949585" lon="2.827928066253662">
				<ele>113.99</ele>
				<time>2025-04-30T13:47:23</time>
			</trkpt>
			<trkpt lat="48.77280592918396" lon="2.8268229961395264">
				<ele>113.89</ele>
				<time>2025-04-30T13:47:39</time>
			</trkpt>
			<trkpt lat="48.772945404052734" lon="2.8266406059265137">
				<ele>113.94</ele>
				<time>2025-04-30T13:47:42</time>
			</trkpt>
			<trkpt lat="48.77312779426575" lon="2.8264689445495605">
				<ele>114.09</ele>
				<time>2025-04-30T13:47:46</time>
			</trkpt>
			<trkpt lat="48.77332091331482" lon="2.826329469680786">
				<ele>114.27</ele>
				<time>2025-04-30T13:47:49</time>
			</trkpt>
			<trkpt lat="48.773406744003296" lon="2.8262758255004883">
				<ele>114.52</ele>
				<time>2025-04-30T13:47:50</time>
			</trkpt>
			<trkpt lat="48.77372860908508" lon="2.826136350631714">
				<ele>114.94</ele>
				<time>2025-04-30T13:47:56</time>
			</trkpt>
			<trkpt lat="48.77437233924866" lon="2.826061248779297">
				<ele>115.38</ele>
				<time>2025-04-30T13:48:06</time>
			</trkpt>
			<trkpt lat="48.77508044242859" lon="2.82598614692688">
				<ele>115.79</ele>
				<time>2025-04-30T13:48:18</time>
			</trkpt>
			<trkpt lat="48.77572417259216" lon="2.8259217739105225">
				<ele>116.3</ele>
				<time>2025-04-30T13:48:28</time>
			</trkpt>
			<trkpt lat="48.78013380803168" lon="2.8254711627960205">
				<ele>116.93</ele>
				<time>2025-04-30T13:49:39</time>
			</trkpt>
			<trkpt lat="48.78136762417853" lon="2.8253424167633057">
				<ele>117.63</ele>
				<time>2025-04-30T13:49:58</time>
			</trkpt>
			<trkpt lat="48.78300905227661" lon="2.825213670730591">
				<ele>118.27</ele>
				<time>2025-04-30T13:50:25</time>
			</trkpt>
			<trkpt lat="48.784639835357666" lon="2.8250527381896973">
				<ele>119.18</ele>
				<time>2025-04-30T13:50:51</time>
			</trkpt>
			<trkpt lat="48.7846399191767" lon="2.8250527381896973">
				<ele>119.99</ele>
				<time>2025-04-30T13:50:51</time>
			</trkpt>
			<trkpt lat="48.7857449054718" lon="2.8249454498291016">
				<ele>120.97</ele>
				<time>2025-04-30T13:51:09</time>
			</trkpt>
			<trkpt lat="48.78606677055359" lon="2.824859619140625">
				<ele>121.86</ele>
				<time>2025-04-30T13:51:14</time>
			</trkpt>
			<trkpt lat="48.79059442318976" lon="2.8233790397644043">
				<ele>122.8</ele>
				<time>2025-04-30T13:52:28</time>
			</trkpt>
			<trkpt lat="48.79221439361572" lon="2.8228211402893066">
				<ele>123.84</ele>
				<time>2025-04-30T13:52:55</time>
			</trkpt>
			<trkpt lat="48.79307270050049" lon="2.822585105895996">
				<ele>124.76</ele>
				<time>2025-04-30T13:53:09</time>
			</trkpt>
			<trkpt lat="48.793201530352235" lon="2.822563648223877">
				<ele>125.51</ele>
				<time>2025-04-30T13:53:11</time>
			</trkpt>
			<trkpt lat="48.79329800605774" lon="2.822563648223877">
				<ele>126.18</ele>
				<time>2025-04-30T13:53:12</time>
			</trkpt>
			<trkpt lat="48.79352331161499" lon="2.8226280212402344">
				<ele>126.76</ele>
				<time>2025-04-30T13:53:16</time>
			</trkpt>
			<trkpt lat="48.79785776138306" lon="2.8245484828948975">
				<ele>127.62</ele>
				<time>2025-04-30T13:54:28</time>
			</trkpt>
			<trkpt lat="48.79785784520209" lon="2.8245484828948975">
				<ele>128.03</ele>
				<time>2025-04-30T13:54:28</time>
			</trkpt>
			<trkpt lat="48.8012158870697" lon="2.8260397911071777">
				<ele>128.13</ele>
				<time>2025-04-30T13:55:24</time>
			</trkpt>
			<trkpt lat="48.80203127861023" lon="2.826361656188965">
				<ele>128.46</ele>
				<time>2025-04-30T13:55:38</time>
			</trkpt>
			<trkpt lat="48.8098418712616" lon="2.8286898136138916">
				<ele>128.3</ele>
				<time>2025-04-30T13:57:45</time>
			</trkpt>
			<trkpt lat="48.810399854555726" lon="2.828829288482666">
				<ele>128.27</ele>
				<time>2025-04-30T13:57:54</time>
			</trkpt>
			<trkpt lat="48.81076463498175" lon="2.8289365768432617">
				<ele>128.38</ele>
				<time>2025-04-30T13:58:00</time>
			</trkpt>
			<trkpt lat="48.81106504239142" lon="2.8290224075317383">
				<ele>128.45</ele>
				<time>2025-04-30T13:58:05</time>
			</trkpt>
			<trkpt lat="48.811858892440796" lon="2.8292691707611084">
				<ele>128.22</ele>
				<time>2025-04-30T13:58:18</time>
			</trkpt>
			<trkpt lat="48.81193399429321" lon="2.829279899597168">
				<ele>128.12</ele>
				<time>2025-04-30T13:58:19</time>
			</trkpt>
			<trkpt lat="48.81199836730957" lon="2.8292155265808105">
				<ele>128.0</ele>
				<time>2025-04-30T13:58:20</time>
			</trkpt>
			<trkpt lat="48.81207346916199" lon="2.8293228149414062">
				<ele>127.84</ele>
				<time>2025-04-30T13:58:22</time>
			</trkpt>
			<trkpt lat="48.812191570177674" lon="2.829408645629883">
				<ele>127.67</ele>
				<time>2025-04-30T13:58:24</time>
			</trkpt>
			<trkpt lat="48.81227731704712" lon="2.8293657302856445">
				<ele>127.45</ele>
				<time>2025-04-30T13:58:26</time>
			</trkpt>
			<trkpt lat="48.812406063079834" lon="2.829376459121704">
				<ele>127.23</ele>
				<time>2025-04-30T13:58:28</time>
			</trkpt>
			<trkpt lat="48.81273865699768" lon="2.829451560974121">
				<ele>127.01</ele>
				<time>2025-04-30T13:58:33</time>
			</trkpt>
			<trkpt lat="48.81342530250549" lon="2.829505205154419">
				<ele>126.86</ele>
				<time>2025-04-30T13:58:44</time>
			</trkpt>
			<trkpt lat="48.81359704770148" lon="2.829558849334717">
				<ele>126.6</ele>
				<time>2025-04-30T13:58:47</time>
			</trkpt>
			<trkpt lat="48.81406903266907" lon="2.8297197818756104">
				<ele>126.22</ele>
				<time>2025-04-30T13:58:55</time>
			</trkpt>
			<trkpt lat="48.814133405685425" lon="2.8297412395477295">
				<ele>125.96</ele>
				<time>2025-04-30T13:58:56</time>
			</trkpt>
			<trkpt lat="48.814122676849365" lon="2.8299343585968018">
				<ele>125.7</ele>
				<time>2025-04-30T13:58:58</time>
			</trkpt>
			<trkpt lat="48.814133405685425" lon="2.8303098678588867">
				<ele>125.46</ele>
				<time>2025-04-30T13:59:02</time>
			</trkpt>
			<trkpt lat="48.814154947176576" lon="2.830631732940674">
				<ele>125.31</ele>
				<time>2025-04-30T13:59:05</time>
			</trkpt>
			<trkpt lat="48.81424077786505" lon="2.8319406509399414">
				<ele>125.14</ele>
				<time>2025-04-30T13:59:19</time>
			</trkpt>
			<trkpt lat="48.81431587971747" lon="2.832949161529541">
				<ele>124.81</ele>
				<time>2025-04-30T13:59:30</time>
			</trkpt>
			<trkpt lat="48.81433725357056" lon="2.8331851959228516">
				<ele>124.68</ele>
				<time>2025-04-30T13:59:32</time>
			</trkpt>
			<trkpt lat="48.814380168914795" lon="2.834043502807617">
				<ele>124.61</ele>
				<time>2025-04-30T13:59:41</time>
			</trkpt>
			<trkpt lat="48.81475576199591" lon="2.8382277488708496">
				<ele>124.31</ele>
				<time>2025-04-30T14:00:26</time>
			</trkpt>
			<trkpt lat="48.814927423372865" lon="2.840062379837036">
				<ele>124.57</ele>
				<time>2025-04-30T14:00:45</time>
			</trkpt>
			<trkpt lat="48.81494879722595" lon="2.840266227722168">
				<ele>124.64</ele>
				<time>2025-04-30T14:00:48</time>
			</trkpt>
			<trkpt lat="48.81499171257019" lon="2.840684652328491">
				<ele>124.73</ele>
				<time>2025-04-30T14:00:52</time>
			</trkpt>
			<trkpt lat="48.81499171257019" lon="2.841339111328125">
				<ele>124.88</ele>
				<time>2025-04-30T14:00:59</time>
			</trkpt>
			<trkpt lat="48.81498098373413" lon="2.841489315032959">
				<ele>125.11</ele>
				<time>2025-04-30T14:01:00</time>
			</trkpt>
			<trkpt lat="48.81492733955383" lon="2.841564416885376">
				<ele>125.43</ele>
				<time>2025-04-30T14:01:02</time>
			</trkpt>
			<trkpt lat="48.81487377919257" lon="2.8416502475738525">
				<ele>125.8</ele>
				<time>2025-04-30T14:01:03</time>
			</trkpt>
			<trkpt lat="48.81482005119324" lon="2.841789722442627">
				<ele>126.24</ele>
				<time>2025-04-30T14:01:05</time>
			</trkpt>
			<trkpt lat="48.81480932235718" lon="2.8419077396392822">
				<ele>126.68</ele>
				<time>2025-04-30T14:01:06</time>
			</trkpt>
			<trkpt lat="48.814841508865356" lon="2.842133045196533">
				<ele>127.19</ele>
				<time>2025-04-30T14:01:08</time>
			</trkpt>
			<trkpt lat="48.814862966537476" lon="2.8421974182128906">
				<ele>127.79</ele>
				<time>2025-04-30T14:01:09</time>
			</trkpt>
			<trkpt lat="48.81494879722595" lon="2.8423261642456055">
				<ele>128.44</ele>
				<time>2025-04-30T14:01:11</time>
			</trkpt>
			<trkpt lat="48.81503462791443" lon="2.8423798084259033">
				<ele>129.11</ele>
				<time>2025-04-30T14:01:12</time>
			</trkpt>
			<trkpt lat="48.815109729766846" lon="2.8425514698028564">
				<ele>129.87</ele>
				<time>2025-04-30T14:01:15</time>
			</trkpt>
			<trkpt lat="48.81521701812744" lon="2.8431951999664307">
				<ele>130.94</ele>
				<time>2025-04-30T14:01:22</time>
			</trkpt>
			<trkpt lat="48.81532430648804" lon="2.8445255756378174">
				<ele>132.02</ele>
				<time>2025-04-30T14:01:36</time>
			</trkpt>
			<trkpt lat="48.81544232368469" lon="2.845813035964966">
				<ele>132.61</ele>
				<time>2025-04-30T14:01:49</time>
			</trkpt>
			<trkpt lat="48.8157320022583" lon="2.8483235836029053">
				<ele>133.22</ele>
				<time>2025-04-30T14:02:16</time>
			</trkpt>
			<trkpt lat="48.81624698638916" lon="2.851628065109253">
				<ele>134.13</ele>
				<time>2025-04-30T14:02:52</time>
			</trkpt>
			<trkpt lat="48.816654682159424" lon="2.8539884090423584">
				<ele>134.74</ele>
				<time>2025-04-30T14:03:18</time>
			</trkpt>
			<trkpt lat="48.81694436073303" lon="2.8560376167297363">
				<ele>135.38</ele>
				<time>2025-04-30T14:03:40</time>
			</trkpt>
			<trkpt lat="48.81775975227356" lon="2.860994338989258">
				<ele>135.87</ele>
				<time>2025-04-30T14:04:34</time>
			</trkpt>
			<trkpt lat="48.81844639778137" lon="2.865414619445801">
				<ele>136.51</ele>
				<time>2025-04-30T14:05:22</time>
			</trkpt>
			<trkpt lat="48.81858595646918" lon="2.8661227226257324">
				<ele>136.8</ele>
				<time>2025-04-30T14:05:30</time>
			</trkpt>
			<trkpt lat="48.81858587265015" lon="2.8661227226257324">
				<ele>137.15</ele>
				<time>2025-04-30T14:05:30</time>
			</trkpt>
			<trkpt lat="48.82043123245239" lon="2.8716158866882324">
				<ele>137.64</ele>
				<time>2025-04-30T14:06:35</time>
			</trkpt>
			<trkpt lat="48.82075309753418" lon="2.872474193572998">
				<ele>137.89</ele>
				<time>2025-04-30T14:06:45</time>
			</trkpt>
			<trkpt lat="48.82174015045166" lon="2.875349521636963">
				<ele>137.93</ele>
				<time>2025-04-30T14:07:19</time>
			</trkpt>
			<trkpt lat="48.821879625320435" lon="2.8755640983581543">
				<ele>138.05</ele>
				<time>2025-04-30T14:07:22</time>
			</trkpt>
			<trkpt lat="48.821847438812256" lon="2.875692844390869">
				<ele>138.08</ele>
				<time>2025-04-30T14:07:24</time>
			</trkpt>
			<trkpt lat="48.821868896484375" lon="2.8758108615875244">
				<ele>138.09</ele>
				<time>2025-04-30T14:07:25</time>
			</trkpt>
			<trkpt lat="48.8222336769104" lon="2.8768515586853027">
				<ele>137.79</ele>
				<time>2025-04-30T14:07:38</time>
			</trkpt>
			<trkpt lat="48.82223376072943" lon="2.876948118209839">
				<ele>137.69</ele>
				<time>2025-04-30T14:07:39</time>
			</trkpt>
			<trkpt lat="48.82223376072943" lon="2.877119779586792">
				<ele>137.56</ele>
				<time>2025-04-30T14:07:40</time>
			</trkpt>
			<trkpt lat="48.822351694107056" lon="2.8772056102752686">
				<ele>137.49</ele>
				<time>2025-04-30T14:07:42</time>
			</trkpt>
			<trkpt lat="48.822373151779175" lon="2.8772592544555664">
				<ele>137.38</ele>
				<time>2025-04-30T14:07:43</time>
			</trkpt>
			<trkpt lat="48.82243752479553" lon="2.8773343563079834">
				<ele>137.29</ele>
				<time>2025-04-30T14:07:44</time>
			</trkpt>
			<trkpt lat="48.82251262664795" lon="2.8773558139801025">
				<ele>137.21</ele>
				<time>2025-04-30T14:07:46</time>
			</trkpt>
			<trkpt lat="48.822598457336426" lon="2.8773021697998047">
				<ele>137.12</ele>
				<time>2025-04-30T14:07:47</time>
			</trkpt>
			<trkpt lat="48.822619915008545" lon="2.877269983291626">
				<ele>137.03</ele>
				<time>2025-04-30T14:07:48</time>
			</trkpt>
			<trkpt lat="48.82267355918884" lon="2.877248525619507">
				<ele>136.95</ele>
				<time>2025-04-30T14:07:48</time>
			</trkpt>
			<trkpt lat="48.82277020253241" lon="2.877248525619507">
				<ele>136.87</ele>
				<time>2025-04-30T14:07:50</time>
			</trkpt>
			<trkpt lat="48.8232421875" lon="2.877398729324341">
				<ele>136.68</ele>
				<time>2025-04-30T14:07:58</time>
			</trkpt>
			<trkpt lat="48.82342457771301" lon="2.8774309158325195">
				<ele>136.54</ele>
				<time>2025-04-30T14:08:01</time>
			</trkpt>
			<trkpt lat="48.8250018004328" lon="2.8778278827667236">
				<ele>136.46</ele>
				<time>2025-04-30T14:08:26</time>
			</trkpt>
			<trkpt lat="48.825130462646484" lon="2.877870798110962">
				<ele>136.33</ele>
				<time>2025-04-30T14:08:28</time>
			</trkpt>
			<trkpt lat="48.825130546465516" lon="2.877870798110962">
				<ele>136.23</ele>
				<time>2025-04-30T14:08:28</time>
			</trkpt>
			<trkpt lat="48.82982977665961" lon="2.879072427749634">
				<ele>136.07</ele>
				<time>2025-04-30T14:09:45</time>
			</trkpt>
			<trkpt lat="48.831825256347656" lon="2.879587411880493">
				<ele>135.79</ele>
				<time>2025-04-30T14:10:17</time>
			</trkpt>
			<trkpt lat="48.83228659629822" lon="2.879641056060791">
				<ele>135.68</ele>
				<time>2025-04-30T14:10:25</time>
			</trkpt>
			<trkpt lat="48.8327157497406" lon="2.8796839714050293">
				<ele>135.57</ele>
				<time>2025-04-30T14:10:31</time>
			</trkpt>
			<trkpt lat="48.83274793624878" lon="2.8797590732574463">
				<ele>135.36</ele>
				<time>2025-04-30T14:10:32</time>
			</trkpt>
			<trkpt lat="48.83279085159302" lon="2.879812717437744">
				<ele>135.11</ele>
				<time>2025-04-30T14:10:33</time>
			</trkpt>
			<trkpt lat="48.832844495773315" lon="2.879844903945923">
				<ele>134.81</ele>
				<time>2025-04-30T14:10:34</time>
			</trkpt>
			<trkpt lat="48.83297324180603" lon="2.880016565322876">
				<ele>134.44</ele>
				<time>2025-04-30T14:10:37</time>
			</trkpt>
			<trkpt lat="48.833080530166626" lon="2.8802096843719482">
				<ele>133.97</ele>
				<time>2025-04-30T14:10:40</time>
			</trkpt>
			<trkpt lat="48.83317708969116" lon="2.880338430404663">
				<ele>133.4</ele>
				<time>2025-04-30T14:10:42</time>
			</trkpt>
			<trkpt lat="48.834904516115785" lon="2.8821730613708496">
				<ele>132.58</ele>
				<time>2025-04-30T14:11:15</time>
			</trkpt>
			<trkpt lat="48.84141683578491" lon="2.8890931606292725">
				<ele>131.72</ele>
				<time>2025-04-30T14:13:23</time>
			</trkpt>
			<trkpt lat="48.841416919603944" lon="2.8890931606292725">
				<ele>130.86</ele>
				<time>2025-04-30T14:13:23</time>
			</trkpt>
			<trkpt lat="48.8440562132746" lon="2.8918826580047607">
				<ele>129.85</ele>
				<time>2025-04-30T14:14:14</time>
			</trkpt>
			<trkpt lat="48.845644081011415" lon="2.893599271774292">
				<ele>128.94</ele>
				<time>2025-04-30T14:14:45</time>
			</trkpt>
			<trkpt lat="48.84680279530585" lon="2.894800901412964">
				<ele>127.33</ele>
				<time>2025-04-30T14:15:08</time>
			</trkpt>
			<trkpt lat="48.84716757573187" lon="2.8951871395111084">
				<ele>125.94</ele>
				<time>2025-04-30T14:15:15</time>
			</trkpt>
			<trkpt lat="48.84722121991217" lon="2.8952300548553467">
				<ele>124.58</ele>
				<time>2025-04-30T14:15:16</time>
			</trkpt>
			<trkpt lat="48.8479829672724" lon="2.896066904067993">
				<ele>122.71</ele>
				<time>2025-04-30T14:15:31</time>
			</trkpt>
			<trkpt lat="48.84802588261664" lon="2.8961098194122314">
				<ele>121.26</ele>
				<time>2025-04-30T14:15:32</time>
			</trkpt>
			<trkpt lat="48.84818681515753" lon="2.8962814807891846">
				<ele>119.73</ele>
				<time>2025-04-30T14:15:35</time>
			</trkpt>
			<trkpt lat="48.84924896992743" lon="2.897418737411499">
				<ele>117.91</ele>
				<time>2025-04-30T14:15:56</time>
			</trkpt>
			<trkpt lat="48.84971022605896" lon="2.8979122638702393">
				<ele>116.31</ele>
				<time>2025-04-30T14:16:05</time>
			</trkpt>
			<trkpt lat="48.850075006484985" lon="2.898191213607788">
				<ele>114.69</ele>
				<time>2025-04-30T14:16:11</time>
			</trkpt>
			<trkpt lat="48.850343227386475" lon="2.898341417312622">
				<ele>113.12</ele>
				<time>2025-04-30T14:16:16</time>
			</trkpt>
			<trkpt lat="48.850579261779785" lon="2.898437976837158">
				<ele>111.59</ele>
				<time>2025-04-30T14:16:20</time>
			</trkpt>
			<trkpt lat="48.85100841522217" lon="2.8985345363616943">
				<ele>109.93</ele>
				<time>2025-04-30T14:16:27</time>
			</trkpt>
			<trkpt lat="48.851072788238525" lon="2.8993070125579834">
				<ele>108.39</ele>
				<time>2025-04-30T14:16:35</time>
			</trkpt>
			<trkpt lat="48.852403247728944" lon="2.9007232189178467">
				<ele>106.58</ele>
				<time>2025-04-30T14:17:01</time>
			</trkpt>
			<trkpt lat="48.85240316390991" lon="2.9007232189178467">
				<ele>104.88</ele>
				<time>2025-04-30T14:17:01</time>
			</trkpt>
			<trkpt lat="48.85337948799133" lon="2.9017746448516846">
				<ele>102.82</ele>
				<time>2025-04-30T14:17:20</time>
			</trkpt>
			<trkpt lat="48.853604793548584" lon="2.9021286964416504">
				<ele>100.88</ele>
				<time>2025-04-30T14:17:25</time>
			</trkpt>
			<trkpt lat="48.853819370269775" lon="2.9024291038513184">
				<ele>98.78</ele>
				<time>2025-04-30T14:17:30</time>
			</trkpt>
			<trkpt lat="48.85394811630249" lon="2.902665138244629">
				<ele>96.65</ele>
				<time>2025-04-30T14:17:33</time>
			</trkpt>
			<trkpt lat="48.854044675827026" lon="2.903083562850952">
				<ele>94.47</ele>
				<time>2025-04-30T14:17:38</time>
			</trkpt>
			<trkpt lat="48.85411977767944" lon="2.903491258621216">
				<ele>92.06</ele>
				<time>2025-04-30T14:17:42</time>
			</trkpt>
			<trkpt lat="48.85416269302368" lon="2.9040277004241943">
				<ele>89.3</ele>
				<time>2025-04-30T14:17:48</time>
			</trkpt>
			<trkpt lat="48.85420560836792" lon="2.904564142227173">
				<ele>86.49</ele>
				<time>2025-04-30T14:17:54</time>
			</trkpt>
			<trkpt lat="48.85414123535156" lon="2.9050791263580322">
				<ele>83.67</ele>
				<time>2025-04-30T14:17:59</time>
			</trkpt>
			<trkpt lat="48.8541305065155" lon="2.9054439067840576">
				<ele>80.87</ele>
				<time>2025-04-30T14:18:03</time>
			</trkpt>
			<trkpt lat="48.85419487953186" lon="2.905604839324951">
				<ele>77.92</ele>
				<time>2025-04-30T14:18:05</time>
			</trkpt>
			<trkpt lat="48.85428071022034" lon="2.905604839324951">
				<ele>74.85</ele>
				<time>2025-04-30T14:18:06</time>
			</trkpt>
			<trkpt lat="48.85419487953186" lon="2.906527519226074">
				<ele>71.83</ele>
				<time>2025-04-30T14:18:16</time>
			</trkpt>
			<trkpt lat="48.85422714985907" lon="2.907085418701172">
				<ele>68.6</ele>
				<time>2025-04-30T14:18:22</time>
			</trkpt>
			<trkpt lat="48.85425925254822" lon="2.907578945159912">
				<ele>65.38</ele>
				<time>2025-04-30T14:18:27</time>
			</trkpt>
			<trkpt lat="48.85452747344971" lon="2.9089200496673584">
				<ele>61.78</ele>
				<time>2025-04-30T14:18:42</time>
			</trkpt>
			<trkpt lat="48.85470986366272" lon="2.9097461700439453">
				<ele>59.45</ele>
				<time>2025-04-30T14:18:51</time>
			</trkpt>
			<trkpt lat="48.85474213398993" lon="2.9098105430603027">
				<ele>57.35</ele>
				<time>2025-04-30T14:18:52</time>
			</trkpt>
			<trkpt lat="48.85477423667908" lon="2.90987491607666">
				<ele>55.46</ele>
				<time>2025-04-30T14:18:53</time>
			</trkpt>
			<trkpt lat="48.854849338531494" lon="2.9099178314208984">
				<ele>54.24</ele>
				<time>2025-04-30T14:18:54</time>
			</trkpt>
			<trkpt lat="48.85511755943298" lon="2.9098963737487793">
				<ele>52.27</ele>
				<time>2025-04-30T14:18:59</time>
			</trkpt>
			<trkpt lat="48.855117643252015" lon="2.9098963737487793">
				<ele>51.08</ele>
				<time>2025-04-30T14:18:59</time>
			</trkpt>
			<trkpt lat="48.855353677645326" lon="2.909853458404541">
				<ele>50.04</ele>
				<time>2025-04-30T14:19:02</time>
			</trkpt>
			<trkpt lat="48.85541796684265" lon="2.909853458404541">
				<ele>49.32</ele>
				<time>2025-04-30T14:19:03</time>
			</trkpt>
			<trkpt lat="48.8554931525141" lon="2.9098963737487793">
				<ele>53.12</ele>
				<time>2025-04-30T14:19:05</time>
			</trkpt>
			<trkpt lat="48.855589712038636" lon="2.9100894927978516">
				<ele>48.51</ele>
				<time>2025-04-30T14:19:07</time>
			</trkpt>
			<trkpt lat="48.85565400123596" lon="2.910325527191162">
				<ele>48.33</ele>
				<time>2025-04-30T14:19:10</time>
			</trkpt>
			<trkpt lat="48.855847204104066" lon="2.9105615615844727">
				<ele>48.29</ele>
				<time>2025-04-30T14:19:14</time>
			</trkpt>
			<trkpt lat="48.8562548160553" lon="2.911055088043213">
				<ele>48.42</ele>
				<time>2025-04-30T14:19:22</time>
			</trkpt>
			<trkpt lat="48.856319189071655" lon="2.911301851272583">
				<ele>48.57</ele>
				<time>2025-04-30T14:19:25</time>
			</trkpt>
			<trkpt lat="48.856383645907044" lon="2.9115164279937744">
				<ele>48.86</ele>
				<time>2025-04-30T14:19:28</time>
			</trkpt>
			<trkpt lat="48.85653376579285" lon="2.91212797164917">
				<ele>49.22</ele>
				<time>2025-04-30T14:19:34</time>
			</trkpt>
			<trkpt lat="48.8566517829895" lon="2.9126644134521484">
				<ele>49.58</ele>
				<time>2025-04-30T14:19:40</time>
			</trkpt>
			<trkpt lat="48.85669469833374" lon="2.912771701812744">
				<ele>49.93</ele>
				<time>2025-04-30T14:19:42</time>
			</trkpt>
			<trkpt lat="48.85697373189032" lon="2.91312575340271">
				<ele>50.22</ele>
				<time>2025-04-30T14:19:48</time>
			</trkpt>
			<trkpt lat="48.857306241989136" lon="2.913501262664795">
				<ele>50.7</ele>
				<time>2025-04-30T14:19:54</time>
			</trkpt>
			<trkpt lat="48.85772475041449" lon="2.913597822189331">
				<ele>51.09</ele>
				<time>2025-04-30T14:20:01</time>
			</trkpt>
			<trkpt lat="48.85796070098877" lon="2.9136407375335693">
				<ele>51.38</ele>
				<time>2025-04-30T14:20:05</time>
			</trkpt>
			<trkpt lat="48.85800361633301" lon="2.9136085510253906">
				<ele>51.61</ele>
				<time>2025-04-30T14:20:06</time>
			</trkpt>
			<trkpt lat="48.85803580284119" lon="2.913544178009033">
				<ele>51.81</ele>
				<time>2025-04-30T14:20:06</time>
			</trkpt>
			<trkpt lat="48.85802507400513" lon="2.913447618484497">
				<ele>51.96</ele>
				<time>2025-04-30T14:20:07</time>
			</trkpt>
			<trkpt lat="48.85792851448059" lon="2.911022901535034">
				<ele>51.97</ele>
				<time>2025-04-30T14:20:33</time>
			</trkpt>
			<trkpt lat="48.857842683792114" lon="2.909359931945801">
				<ele>52.14</ele>
				<time>2025-04-30T14:20:51</time>
			</trkpt>
			<trkpt lat="48.857789039611816" lon="2.9088234901428223">
				<ele>52.01</ele>
				<time>2025-04-30T14:20:56</time>
			</trkpt>
			<trkpt lat="48.85775685310364" lon="2.908608913421631">
				<ele>51.95</ele>
				<time>2025-04-30T14:20:59</time>
			</trkpt>
			<trkpt lat="48.8577139377594" lon="2.9082870483398438">
				<ele>51.9</ele>
				<time>2025-04-30T14:21:02</time>
			</trkpt>
			<trkpt lat="48.85768175125122" lon="2.908254861831665">
				<ele>51.96</ele>
				<time>2025-04-30T14:21:03</time>
			</trkpt>
			<trkpt lat="48.857638919726014" lon="2.908276319503784">
				<ele>52.06</ele>
				<time>2025-04-30T14:21:03</time>
			</trkpt>
			<trkpt lat="48.85745116509497" lon="2.9086207319051027">
				<ele>52.27</ele>
				<time>2025-04-30T14:21:08</time>
			</trkpt>
		</trkseg>
	</trk>
</gpx>
