<?xml version="1.0" encoding="UTF-8"?>
<gpx creator="Garmin Connect" version="1.1" xsi:schemaLocation="http://www.topografix.com/GPX/1/1 http://www.topografix.com/GPX/11.xsd" xmlns:ns3="http://www.garmin.com/xmlschemas/TrackPointExtension/v1" xmlns="http://www.topografix.com/GPX/1/1" xmlns:xsi="http://www.w3.org/2001/XMLSchema-instance" xmlns:ns2="http://www.garmin.com/xmlschemas/GpxExtensions/v3">
	<metadata>
		<name>408-G2-116 km-D 1548 m-Montagne de Reims</name>
		<link href="connect.garmin.com">
			<text>Garmin Connect</text>
		</link>
		<time>2023-07-12T08:00:00</time>
	</metadata>
	<trk>
		<name>408-G2-116 km-D 1548 m-Montagne de Reims</name>
		<trkseg>
			<trkpt lat="49.10134292207658" lon="3.758587958291173">
				<ele>159.0</ele>
				<time>2023-07-12T08:00:00</time>
			</trkpt>
			<trkpt lat="49.10135365091264" lon="3.758585946634412">
				<ele>158.0</ele>
				<time>2023-07-12T08:00:00</time>
			</trkpt>
			<trkpt lat="49.10133361816406" lon="3.7582682725042105">
				<ele>156.0</ele>
				<time>2023-07-12T08:00:04</time>
			</trkpt>
			<trkpt lat="49.100732719525695" lon="3.758096694946289">
				<ele>153.0</ele>
				<time>2023-07-12T08:00:13</time>
			</trkpt>
			<trkpt lat="49.10032502375543" lon="3.7580108642578125">
				<ele>151.0</ele>
				<time>2023-07-12T08:00:20</time>
			</trkpt>
			<trkpt lat="49.09986368380487" lon="3.7576996441930532">
				<ele>148.0</ele>
				<time>2023-07-12T08:00:28</time>
			</trkpt>
			<trkpt lat="49.09978858195245" lon="3.757528066635132">
				<ele>144.0</ele>
				<time>2023-07-12T08:00:30</time>
			</trkpt>
			<trkpt lat="49.09971356391907" lon="3.7574206944555044">
				<ele>141.0</ele>
				<time>2023-07-12T08:00:32</time>
			</trkpt>
			<trkpt lat="49.09931651316583" lon="3.7570666428655386">
				<ele>138.0</ele>
				<time>2023-07-12T08:00:39</time>
			</trkpt>
			<trkpt lat="49.098544120788574" lon="3.756637489423156">
				<ele>133.0</ele>
				<time>2023-07-12T08:00:52</time>
			</trkpt>
			<trkpt lat="49.09846901893616" lon="3.7565624713897705">
				<ele>130.0</ele>
				<time>2023-07-12T08:00:54</time>
			</trkpt>
			<trkpt lat="49.09846910275519" lon="3.7565624713897705">
				<ele>126.0</ele>
				<time>2023-07-12T08:00:54</time>
			</trkpt>
			<trkpt lat="49.09840472973883" lon="3.7564980145543814">
				<ele>123.0</ele>
				<time>2023-07-12T08:00:55</time>
			</trkpt>
			<trkpt lat="49.09831881523132" lon="3.756412183865905">
				<ele>121.0</ele>
				<time>2023-07-12T08:00:57</time>
			</trkpt>
			<trkpt lat="49.09816869534552" lon="3.756261980161071">
				<ele>118.0</ele>
				<time>2023-07-12T08:00:59</time>
			</trkpt>
			<trkpt lat="49.09817925654352" lon="3.7562084197998047">
				<ele>115.0</ele>
				<time>2023-07-12T08:01:00</time>
			</trkpt>
			<trkpt lat="49.0981577988714" lon="3.7561333179473877">
				<ele>113.0</ele>
				<time>2023-07-12T08:01:01</time>
			</trkpt>
			<trkpt lat="49.09813650883734" lon="3.7561118602752686">
				<ele>110.0</ele>
				<time>2023-07-12T08:01:01</time>
			</trkpt>
			<trkpt lat="49.0981041546911" lon="3.7560903187841177">
				<ele>108.0</ele>
				<time>2023-07-12T08:01:02</time>
			</trkpt>
			<trkpt lat="49.098050594329834" lon="3.7561225052922964">
				<ele>105.0</ele>
				<time>2023-07-12T08:01:03</time>
			</trkpt>
			<trkpt lat="49.097471153363585" lon="3.755446672439575">
				<ele>102.0</ele>
				<time>2023-07-12T08:01:15</time>
			</trkpt>
			<trkpt lat="49.096956169232726" lon="3.754212772473693">
				<ele>98.0</ele>
				<time>2023-07-12T08:01:30</time>
			</trkpt>
			<trkpt lat="49.09679523669183" lon="3.753890907391906">
				<ele>95.0</ele>
				<time>2023-07-12T08:01:34</time>
			</trkpt>
			<trkpt lat="49.096730863675475" lon="3.7538158893585205">
				<ele>92.0</ele>
				<time>2023-07-12T08:01:35</time>
			</trkpt>
			<trkpt lat="49.09665576182306" lon="3.7537728901952505">
				<ele>89.0</ele>
				<time>2023-07-12T08:01:37</time>
			</trkpt>
			<trkpt lat="49.096559286117554" lon="3.7538158893585205">
				<ele>87.0</ele>
				<time>2023-07-12T08:01:38</time>
			</trkpt>
			<trkpt lat="49.09647345542908" lon="3.753890907391906">
				<ele>84.0</ele>
				<time>2023-07-12T08:01:40</time>
			</trkpt>
			<trkpt lat="49.096258878707886" lon="3.7543416023254395">
				<ele>82.0</ele>
				<time>2023-07-12T08:01:46</time>
			</trkpt>
			<trkpt lat="49.09615159034729" lon="3.754523992538452">
				<ele>80.0</ele>
				<time>2023-07-12T08:01:48</time>
			</trkpt>
			<trkpt lat="49.096044301986694" lon="3.7546098232269287">
				<ele>78.0</ele>
				<time>2023-07-12T08:01:50</time>
			</trkpt>
			<trkpt lat="49.09510008059442" lon="3.7549208756536245">
				<ele>76.0</ele>
				<time>2023-07-12T08:02:06</time>
			</trkpt>
			<trkpt lat="49.094971334561706" lon="3.755006706342101">
				<ele>74.0</ele>
				<time>2023-07-12T08:02:08</time>
			</trkpt>
			<trkpt lat="49.09472465515137" lon="3.755232095718384">
				<ele>73.0</ele>
				<time>2023-07-12T08:02:13</time>
			</trkpt>
			<trkpt lat="49.0942741278559" lon="3.7563692685216665">
				<ele>72.0</ele>
				<time>2023-07-12T08:02:26</time>
			</trkpt>
			<trkpt lat="49.09374841488898" lon="3.757796287536621">
				<ele>71.0</ele>
				<time>2023-07-12T08:02:44</time>
			</trkpt>
			<trkpt lat="49.09214973449707" lon="3.762077009305358">
				<ele>70.0</ele>
				<time>2023-07-12T08:03:35</time>
			</trkpt>
			<trkpt lat="49.0921498183161" lon="3.762077009305358">
				<ele>69.0</ele>
				<time>2023-07-12T08:03:35</time>
			</trkpt>
			<trkpt lat="49.09213892184198" lon="3.762098550796509">
				<ele>69.0</ele>
				<time>2023-07-12T08:03:36</time>
			</trkpt>
			<trkpt lat="49.09163475036621" lon="3.763343095779419">
				<ele>69.0</ele>
				<time>2023-07-12T08:03:51</time>
			</trkpt>
			<trkpt lat="49.091538190841675" lon="3.7635254021734">
				<ele>69.0</ele>
				<time>2023-07-12T08:03:53</time>
			</trkpt>
			<trkpt lat="49.09143081866205" lon="3.7637293338775635">
				<ele>70.0</ele>
				<time>2023-07-12T08:03:56</time>
			</trkpt>
			<trkpt lat="49.09116268157959" lon="3.7643086072057486">
				<ele>70.0</ele>
				<time>2023-07-12T08:04:04</time>
			</trkpt>
			<trkpt lat="49.09110903739929" lon="3.7642656918615103">
				<ele>71.0</ele>
				<time>2023-07-12T08:04:05</time>
			</trkpt>
			<trkpt lat="49.09107676707208" lon="3.7642656918615103">
				<ele>71.0</ele>
				<time>2023-07-12T08:04:05</time>
			</trkpt>
			<trkpt lat="49.091012394055724" lon="3.7643086072057486">
				<ele>72.0</ele>
				<time>2023-07-12T08:04:06</time>
			</trkpt>
			<trkpt lat="49.09100183285773" lon="3.7643516063690186">
				<ele>72.0</ele>
				<time>2023-07-12T08:04:07</time>
			</trkpt>
			<trkpt lat="49.090990936383605" lon="3.764448082074523">
				<ele>73.0</ele>
				<time>2023-07-12T08:04:08</time>
			</trkpt>
			<trkpt lat="49.091001749038696" lon="3.764491081237793">
				<ele>73.0</ele>
				<time>2023-07-12T08:04:08</time>
			</trkpt>
			<trkpt lat="49.0910445805639" lon="3.7645553704351187">
				<ele>74.0</ele>
				<time>2023-07-12T08:04:09</time>
			</trkpt>
			<trkpt lat="49.090293645858765" lon="3.7673877831548452">
				<ele>75.0</ele>
				<time>2023-07-12T08:04:41</time>
			</trkpt>
			<trkpt lat="49.09015417098999" lon="3.7678706645965576">
				<ele>75.0</ele>
				<time>2023-07-12T08:04:47</time>
			</trkpt>
			<trkpt lat="49.08997178077698" lon="3.7684714794158936">
				<ele>75.0</ele>
				<time>2023-07-12T08:04:54</time>
			</trkpt>
			<trkpt lat="49.08888816833496" lon="3.771926164627075">
				<ele>75.0</ele>
				<time>2023-07-12T08:05:34</time>
			</trkpt>
			<trkpt lat="49.088555574417114" lon="3.7730526085942984">
				<ele>75.0</ele>
				<time>2023-07-12T08:05:47</time>
			</trkpt>
			<trkpt lat="49.08842674456537" lon="3.7736642360687256">
				<ele>75.0</ele>
				<time>2023-07-12T08:05:54</time>
			</trkpt>
			<trkpt lat="49.08837310038507" lon="3.774286424741149">
				<ele>75.0</ele>
				<time>2023-07-12T08:06:00</time>
			</trkpt>
			<trkpt lat="49.08834854140878" lon="3.7750231102108955">
				<ele>74.0</ele>
				<time>2023-07-12T08:06:08</time>
			</trkpt>
			<trkpt lat="49.08834854140878" lon="3.775023529306054">
				<ele>74.0</ele>
				<time>2023-07-12T08:06:08</time>
			</trkpt>
			<trkpt lat="49.088330352678895" lon="3.775573968887329">
				<ele>74.0</ele>
				<time>2023-07-12T08:06:14</time>
			</trkpt>
			<trkpt lat="49.08825525082648" lon="3.777151107788086">
				<ele>73.0</ele>
				<time>2023-07-12T08:06:30</time>
			</trkpt>
			<trkpt lat="49.08820152282715" lon="3.778577959164977">
				<ele>72.0</ele>
				<time>2023-07-12T08:06:45</time>
			</trkpt>
			<trkpt lat="49.08829799853265" lon="3.7797474022954702">
				<ele>72.0</ele>
				<time>2023-07-12T08:06:58</time>
			</trkpt>
			<trkpt lat="49.088298082351685" lon="3.7797474022954702">
				<ele>71.0</ele>
				<time>2023-07-12T08:06:58</time>
			</trkpt>
			<trkpt lat="49.088265812024474" lon="3.780369758605957">
				<ele>71.0</ele>
				<time>2023-07-12T08:07:04</time>
			</trkpt>
			<trkpt lat="49.08812642097473" lon="3.7811315059661865">
				<ele>70.0</ele>
				<time>2023-07-12T08:07:12</time>
			</trkpt>
			<trkpt lat="49.08716082572937" lon="3.7849080562591553">
				<ele>70.0</ele>
				<time>2023-07-12T08:07:55</time>
			</trkpt>
			<trkpt lat="49.0871609095484" lon="3.7849080562591553">
				<ele>70.0</ele>
				<time>2023-07-12T08:07:55</time>
			</trkpt>
			<trkpt lat="49.08709636889398" lon="3.7852084636688232">
				<ele>69.0</ele>
				<time>2023-07-12T08:07:58</time>
			</trkpt>
			<trkpt lat="49.08699989318848" lon="3.7859487533569336">
				<ele>69.0</ele>
				<time>2023-07-12T08:08:06</time>
			</trkpt>
			<trkpt lat="49.08687114715576" lon="3.787740468978882">
				<ele>69.0</ele>
				<time>2023-07-12T08:08:25</time>
			</trkpt>
			<trkpt lat="49.086817502975464" lon="3.788266181945801">
				<ele>69.0</ele>
				<time>2023-07-12T08:08:31</time>
			</trkpt>
			<trkpt lat="49.08675321377814" lon="3.78873816691339">
				<ele>68.0</ele>
				<time>2023-07-12T08:08:36</time>
			</trkpt>
			<trkpt lat="49.08618450164795" lon="3.7915491219609976">
				<ele>68.0</ele>
				<time>2023-07-12T08:09:07</time>
			</trkpt>
			<trkpt lat="49.08603421412408" lon="3.792128562927246">
				<ele>68.0</ele>
				<time>2023-07-12T08:09:13</time>
			</trkpt>
			<trkpt lat="49.08595911227167" lon="3.792310869321227">
				<ele>67.0</ele>
				<time>2023-07-12T08:09:15</time>
			</trkpt>
			<trkpt lat="49.08595927990973" lon="3.792310869321227">
				<ele>67.0</ele>
				<time>2023-07-12T08:09:15</time>
			</trkpt>
			<trkpt lat="49.08572316169739" lon="3.7929439544677734">
				<ele>67.0</ele>
				<time>2023-07-12T08:09:23</time>
			</trkpt>
			<trkpt lat="49.08568024635315" lon="3.79302978515625">
				<ele>67.0</ele>
				<time>2023-07-12T08:09:24</time>
			</trkpt>
			<trkpt lat="49.08559433184564" lon="3.7931907176971436">
				<ele>67.0</ele>
				<time>2023-07-12T08:09:26</time>
			</trkpt>
			<trkpt lat="49.08537975512445" lon="3.793576955795288">
				<ele>67.0</ele>
				<time>2023-07-12T08:09:32</time>
			</trkpt>
			<trkpt lat="49.08537983894348" lon="3.793576955795288">
				<ele>67.0</ele>
				<time>2023-07-12T08:09:32</time>
			</trkpt>
			<trkpt lat="49.084317684173584" lon="3.7950682640075684">
				<ele>66.0</ele>
				<time>2023-07-12T08:09:55</time>
			</trkpt>
			<trkpt lat="49.083791971206665" lon="3.7958085536956787">
				<ele>66.0</ele>
				<time>2023-07-12T08:10:06</time>
			</trkpt>
			<trkpt lat="49.08330908976495" lon="3.7965487595647573">
				<ele>66.0</ele>
				<time>2023-07-12T08:10:17</time>
			</trkpt>
			<trkpt lat="49.082568883895874" lon="3.797793388366699">
				<ele>66.0</ele>
				<time>2023-07-12T08:10:35</time>
			</trkpt>
			<trkpt lat="49.08233276568353" lon="3.7981902714818716">
				<ele>66.0</ele>
				<time>2023-07-12T08:10:40</time>
			</trkpt>
			<trkpt lat="49.082279205322266" lon="3.7982653733342886">
				<ele>66.0</ele>
				<time>2023-07-12T08:10:42</time>
			</trkpt>
			<trkpt lat="49.08215045928955" lon="3.7983834743499756">
				<ele>65.0</ele>
				<time>2023-07-12T08:10:44</time>
			</trkpt>
			<trkpt lat="49.08218264579773" lon="3.7984906788915396">
				<ele>65.0</ele>
				<time>2023-07-12T08:10:45</time>
			</trkpt>
			<trkpt lat="49.08211818896234" lon="3.7986624240875244">
				<ele>65.0</ele>
				<time>2023-07-12T08:10:47</time>
			</trkpt>
			<trkpt lat="49.08201106823981" lon="3.7991559505462646">
				<ele>65.0</ele>
				<time>2023-07-12T08:10:53</time>
			</trkpt>
			<trkpt lat="49.08191450871527" lon="3.799692392349243">
				<ele>65.0</ele>
				<time>2023-07-12T08:10:59</time>
			</trkpt>
			<trkpt lat="49.08191442489624" lon="3.799692392349243">
				<ele>65.0</ele>
				<time>2023-07-12T08:10:59</time>
			</trkpt>
			<trkpt lat="49.08141008578241" lon="3.8013445492833853">
				<ele>65.0</ele>
				<time>2023-07-12T08:11:18</time>
			</trkpt>
			<trkpt lat="49.08142098225653" lon="3.8014090061187744">
				<ele>65.0</ele>
				<time>2023-07-12T08:11:18</time>
			</trkpt>
			<trkpt lat="49.080519676208496" lon="3.804123317822814">
				<ele>65.0</ele>
				<time>2023-07-12T08:11:50</time>
			</trkpt>
			<trkpt lat="49.08038020133972" lon="3.8046597596257925">
				<ele>65.0</ele>
				<time>2023-07-12T08:11:56</time>
			</trkpt>
			<trkpt lat="49.080283641815186" lon="3.8052069302648306">
				<ele>64.0</ele>
				<time>2023-07-12T08:12:02</time>
			</trkpt>
			<trkpt lat="49.080036878585815" lon="3.8081788178533316">
				<ele>64.0</ele>
				<time>2023-07-12T08:12:34</time>
			</trkpt>
			<trkpt lat="49.08000477589667" lon="3.8084685802459717">
				<ele>64.0</ele>
				<time>2023-07-12T08:12:37</time>
			</trkpt>
			<trkpt lat="49.07965064048767" lon="3.8090800400823355">
				<ele>64.0</ele>
				<time>2023-07-12T08:12:45</time>
			</trkpt>
			<trkpt lat="49.079350233078" lon="3.809713125228882">
				<ele>64.0</ele>
				<time>2023-07-12T08:12:54</time>
			</trkpt>
			<trkpt lat="49.079082012176514" lon="3.810185194015503">
				<ele>64.0</ele>
				<time>2023-07-12T08:13:00</time>
			</trkpt>
			<trkpt lat="49.07847038470209" lon="3.8110326882451773">
				<ele>64.0</ele>
				<time>2023-07-12T08:13:13</time>
			</trkpt>
			<trkpt lat="49.078073501586914" lon="3.811676502227783">
				<ele>63.0</ele>
				<time>2023-07-12T08:13:23</time>
			</trkpt>
			<trkpt lat="49.07781592570245" lon="3.8121163845062256">
				<ele>63.0</ele>
				<time>2023-07-12T08:13:29</time>
			</trkpt>
			<trkpt lat="49.07775163650513" lon="3.8122987747192383">
				<ele>63.0</ele>
				<time>2023-07-12T08:13:31</time>
			</trkpt>
			<trkpt lat="49.07770863734186" lon="3.812513267621398">
				<ele>63.0</ele>
				<time>2023-07-12T08:13:33</time>
			</trkpt>
			<trkpt lat="49.077569246292114" lon="3.8135432358831167">
				<ele>63.0</ele>
				<time>2023-07-12T08:13:44</time>
			</trkpt>
			<trkpt lat="49.07756916247308" lon="3.8135432358831167">
				<ele>63.0</ele>
				<time>2023-07-12T08:13:44</time>
			</trkpt>
			<trkpt lat="49.077279567718506" lon="3.815013086423278">
				<ele>63.0</ele>
				<time>2023-07-12T08:14:00</time>
			</trkpt>
			<trkpt lat="49.07701134681702" lon="3.81750226020813">
				<ele>63.0</ele>
				<time>2023-07-12T08:14:27</time>
			</trkpt>
			<trkpt lat="49.07646417617798" lon="3.8211928959935904">
				<ele>63.0</ele>
				<time>2023-07-12T08:15:07</time>
			</trkpt>
			<trkpt lat="49.0764319896698" lon="3.821600591763854">
				<ele>63.0</ele>
				<time>2023-07-12T08:15:11</time>
			</trkpt>
			<trkpt lat="49.07642117701471" lon="3.8220941182225943">
				<ele>63.0</ele>
				<time>2023-07-12T08:15:16</time>
			</trkpt>
			<trkpt lat="49.07641053199768" lon="3.8236820697784424">
				<ele>63.0</ele>
				<time>2023-07-12T08:15:33</time>
			</trkpt>
			<trkpt lat="49.07642126083374" lon="3.82499098777771">
				<ele>63.0</ele>
				<time>2023-07-12T08:15:46</time>
			</trkpt>
			<trkpt lat="49.07642117701471" lon="3.82499098777771">
				<ele>63.0</ele>
				<time>2023-07-12T08:15:46</time>
			</trkpt>
			<trkpt lat="49.07644271850586" lon="3.826267719268799">
				<ele>63.0</ele>
				<time>2023-07-12T08:16:00</time>
			</trkpt>
			<trkpt lat="49.0764319896698" lon="3.8278876896947622">
				<ele>64.0</ele>
				<time>2023-07-12T08:16:17</time>
			</trkpt>
			<trkpt lat="49.07645344734192" lon="3.8281238079071045">
				<ele>64.0</ele>
				<time>2023-07-12T08:16:19</time>
			</trkpt>
			<trkpt lat="49.07645336352289" lon="3.8281238079071045">
				<ele>64.0</ele>
				<time>2023-07-12T08:16:19</time>
			</trkpt>
			<trkpt lat="49.076485550031066" lon="3.8298940658569336">
				<ele>64.0</ele>
				<time>2023-07-12T08:16:38</time>
			</trkpt>
			<trkpt lat="49.076485550031066" lon="3.8323187828063965">
				<ele>64.0</ele>
				<time>2023-07-12T08:17:03</time>
			</trkpt>
			<trkpt lat="49.076356971636415" lon="3.8370393868535757">
				<ele>65.0</ele>
				<time>2023-07-12T08:17:53</time>
			</trkpt>
			<trkpt lat="49.076324701309204" lon="3.837618827819824">
				<ele>65.0</ele>
				<time>2023-07-12T08:17:59</time>
			</trkpt>
			<trkpt lat="49.07619595527649" lon="3.8387881871312857">
				<ele>65.0</ele>
				<time>2023-07-12T08:18:11</time>
			</trkpt>
			<trkpt lat="49.07616376876831" lon="3.838820457458496">
				<ele>65.0</ele>
				<time>2023-07-12T08:18:12</time>
			</trkpt>
			<trkpt lat="49.076077938079834" lon="3.838809644803405">
				<ele>65.0</ele>
				<time>2023-07-12T08:18:13</time>
			</trkpt>
			<trkpt lat="49.076045667752624" lon="3.838852643966675">
				<ele>65.0</ele>
				<time>2023-07-12T08:18:14</time>
			</trkpt>
			<trkpt lat="49.075809717178345" lon="3.839732324704528">
				<ele>65.0</ele>
				<time>2023-07-12T08:18:24</time>
			</trkpt>
			<trkpt lat="49.07567024230957" lon="3.840204393491149">
				<ele>65.0</ele>
				<time>2023-07-12T08:18:30</time>
			</trkpt>
			<trkpt lat="49.07562732696533" lon="3.8403116818517447">
				<ele>66.0</ele>
				<time>2023-07-12T08:18:31</time>
			</trkpt>
			<trkpt lat="49.07550939358771" lon="3.841191530227661">
				<ele>66.0</ele>
				<time>2023-07-12T08:18:40</time>
			</trkpt>
			<trkpt lat="49.07550939358771" lon="3.8413416501134634">
				<ele>66.0</ele>
				<time>2023-07-12T08:18:42</time>
			</trkpt>
			<trkpt lat="49.07550930976868" lon="3.84142748080194">
				<ele>66.0</ele>
				<time>2023-07-12T08:18:43</time>
			</trkpt>
			<trkpt lat="49.075498497113585" lon="3.8415133953094482">
				<ele>66.0</ele>
				<time>2023-07-12T08:18:44</time>
			</trkpt>
			<trkpt lat="49.074801206588745" lon="3.846040964126587">
				<ele>66.0</ele>
				<time>2023-07-12T08:19:32</time>
			</trkpt>
			<trkpt lat="49.074779748916626" lon="3.846287727355957">
				<ele>66.0</ele>
				<time>2023-07-12T08:19:35</time>
			</trkpt>
			<trkpt lat="49.074768936261535" lon="3.8467811699956656">
				<ele>66.0</ele>
				<time>2023-07-12T08:19:40</time>
			</trkpt>
			<trkpt lat="49.07473683357239" lon="3.8470279332250357">
				<ele>66.0</ele>
				<time>2023-07-12T08:19:43</time>
			</trkpt>
			<trkpt lat="49.07472610473633" lon="3.847221052274108">
				<ele>66.0</ele>
				<time>2023-07-12T08:19:45</time>
			</trkpt>
			<trkpt lat="49.07472610473633" lon="3.8473283406347036">
				<ele>67.0</ele>
				<time>2023-07-12T08:19:46</time>
			</trkpt>
			<trkpt lat="49.07469391822815" lon="3.8476823922246695">
				<ele>67.0</ele>
				<time>2023-07-12T08:19:50</time>
			</trkpt>
			<trkpt lat="49.074661815539" lon="3.848057985305786">
				<ele>67.0</ele>
				<time>2023-07-12T08:19:54</time>
			</trkpt>
			<trkpt lat="49.07466173171997" lon="3.848057985305786">
				<ele>67.0</ele>
				<time>2023-07-12T08:19:54</time>
			</trkpt>
			<trkpt lat="49.074489986523986" lon="3.8498175144195557">
				<ele>67.0</ele>
				<time>2023-07-12T08:20:12</time>
			</trkpt>
			<trkpt lat="49.074275409802794" lon="3.8525962829589844">
				<ele>67.0</ele>
				<time>2023-07-12T08:20:42</time>
			</trkpt>
			<trkpt lat="49.073567390441895" lon="3.8627779483795166">
				<ele>67.0</ele>
				<time>2023-07-12T08:22:29</time>
			</trkpt>
			<trkpt lat="49.07356730662286" lon="3.8627779483795166">
				<ele>67.0</ele>
				<time>2023-07-12T08:22:29</time>
			</trkpt>
			<trkpt lat="49.073545932769775" lon="3.863099729642272">
				<ele>67.0</ele>
				<time>2023-07-12T08:22:33</time>
			</trkpt>
			<trkpt lat="49.07359949313104" lon="3.8632392045110464">
				<ele>67.0</ele>
				<time>2023-07-12T08:22:34</time>
			</trkpt>
			<trkpt lat="49.07363176345825" lon="3.8633894082158804">
				<ele>67.0</ele>
				<time>2023-07-12T08:22:36</time>
			</trkpt>
			<trkpt lat="49.07361030578613" lon="3.863571882247925">
				<ele>67.0</ele>
				<time>2023-07-12T08:22:38</time>
			</trkpt>
			<trkpt lat="49.07358876429498" lon="3.864065408706665">
				<ele>67.0</ele>
				<time>2023-07-12T08:22:43</time>
			</trkpt>
			<trkpt lat="49.073535120114684" lon="3.864451562985778">
				<ele>67.0</ele>
				<time>2023-07-12T08:22:47</time>
			</trkpt>
			<trkpt lat="49.073406457901" lon="3.8650309201329947">
				<ele>66.0</ele>
				<time>2023-07-12T08:22:54</time>
			</trkpt>
			<trkpt lat="49.07337418757379" lon="3.8653313275426626">
				<ele>66.0</ele>
				<time>2023-07-12T08:22:57</time>
			</trkpt>
			<trkpt lat="49.07336354255676" lon="3.86618971824646">
				<ele>66.0</ele>
				<time>2023-07-12T08:23:06</time>
			</trkpt>
			<trkpt lat="49.073309898376465" lon="3.8671445846557617">
				<ele>66.0</ele>
				<time>2023-07-12T08:23:16</time>
			</trkpt>
			<trkpt lat="49.073277711868286" lon="3.86743426322937">
				<ele>66.0</ele>
				<time>2023-07-12T08:23:19</time>
			</trkpt>
			<trkpt lat="49.07321333885193" lon="3.867713212966919">
				<ele>66.0</ele>
				<time>2023-07-12T08:23:22</time>
			</trkpt>
			<trkpt lat="49.07314896583557" lon="3.868035078048706">
				<ele>66.0</ele>
				<time>2023-07-12T08:23:26</time>
			</trkpt>
			<trkpt lat="49.07312742434442" lon="3.8680242653936148">
				<ele>66.0</ele>
				<time>2023-07-12T08:23:26</time>
			</trkpt>
			<trkpt lat="49.073084592819214" lon="3.8680779095739126">
				<ele>66.0</ele>
				<time>2023-07-12T08:23:27</time>
			</trkpt>
			<trkpt lat="49.073041677474976" lon="3.868163740262389">
				<ele>66.0</ele>
				<time>2023-07-12T08:23:28</time>
			</trkpt>
			<trkpt lat="49.07297730445862" lon="3.8683246728032827">
				<ele>66.0</ele>
				<time>2023-07-12T08:23:30</time>
			</trkpt>
			<trkpt lat="49.07267689704895" lon="3.869311809539795">
				<ele>66.0</ele>
				<time>2023-07-12T08:23:41</time>
			</trkpt>
			<trkpt lat="49.07251596450806" lon="3.8703739643096924">
				<ele>66.0</ele>
				<time>2023-07-12T08:23:53</time>
			</trkpt>
			<trkpt lat="49.07239786349237" lon="3.8714468479156494">
				<ele>66.0</ele>
				<time>2023-07-12T08:24:04</time>
			</trkpt>
			<trkpt lat="49.072333574295044" lon="3.87188664637506">
				<ele>66.0</ele>
				<time>2023-07-12T08:24:09</time>
			</trkpt>
			<trkpt lat="49.072290575131774" lon="3.872208595275879">
				<ele>66.0</ele>
				<time>2023-07-12T08:24:12</time>
			</trkpt>
			<trkpt lat="49.07217255793512" lon="3.8727020379155874">
				<ele>66.0</ele>
				<time>2023-07-12T08:24:18</time>
			</trkpt>
			<trkpt lat="49.07212972640991" lon="3.8729918003082275">
				<ele>66.0</ele>
				<time>2023-07-12T08:24:21</time>
			</trkpt>
			<trkpt lat="49.07211891375482" lon="3.873152732849121">
				<ele>66.0</ele>
				<time>2023-07-12T08:24:23</time>
			</trkpt>
			<trkpt lat="49.072151100263" lon="3.8731849193573">
				<ele>66.0</ele>
				<time>2023-07-12T08:24:23</time>
			</trkpt>
			<trkpt lat="49.072033166885376" lon="3.873656904324889">
				<ele>66.0</ele>
				<time>2023-07-12T08:24:29</time>
			</trkpt>
			<trkpt lat="49.07192579470575" lon="3.8740861415863037">
				<ele>66.0</ele>
				<time>2023-07-12T08:24:33</time>
			</trkpt>
			<trkpt lat="49.07189377583563" lon="3.874257719144225">
				<ele>66.0</ele>
				<time>2023-07-12T08:24:35</time>
			</trkpt>
			<trkpt lat="49.07170057296753" lon="3.8743221759796143">
				<ele>66.0</ele>
				<time>2023-07-12T08:24:38</time>
			</trkpt>
			<trkpt lat="49.0714430809021" lon="3.8747727032750845">
				<ele>66.0</ele>
				<time>2023-07-12T08:24:45</time>
			</trkpt>
			<trkpt lat="49.07131441868842" lon="3.875030279159546">
				<ele>66.0</ele>
				<time>2023-07-12T08:24:48</time>
			</trkpt>
			<trkpt lat="49.0710889454931" lon="3.8754379749298096">
				<ele>67.0</ele>
				<time>2023-07-12T08:24:54</time>
			</trkpt>
			<trkpt lat="49.070810079574585" lon="3.8759100437164307">
				<ele>67.0</ele>
				<time>2023-07-12T08:25:00</time>
			</trkpt>
			<trkpt lat="49.07080999575555" lon="3.8759100437164307">
				<ele>67.0</ele>
				<time>2023-07-12T08:25:00</time>
			</trkpt>
			<trkpt lat="49.07021990977228" lon="3.8768970128148794">
				<ele>67.0</ele>
				<time>2023-07-12T08:25:14</time>
			</trkpt>
			<trkpt lat="49.07014497555792" lon="3.877036487683654">
				<ele>68.0</ele>
				<time>2023-07-12T08:25:16</time>
			</trkpt>
			<trkpt lat="49.070091247558594" lon="3.8771759625524282">
				<ele>68.0</ele>
				<time>2023-07-12T08:25:18</time>
			</trkpt>
			<trkpt lat="49.07005897723138" lon="3.8774657249450684">
				<ele>69.0</ele>
				<time>2023-07-12T08:25:21</time>
			</trkpt>
			<trkpt lat="49.0703809261322" lon="3.8776909466832876">
				<ele>72.0</ele>
				<time>2023-07-12T08:25:27</time>
			</trkpt>
			<trkpt lat="49.07064906321466" lon="3.87788406573236">
				<ele>73.0</ele>
				<time>2023-07-12T08:25:31</time>
			</trkpt>
			<trkpt lat="49.07064914703369" lon="3.87788406573236">
				<ele>74.0</ele>
				<time>2023-07-12T08:25:31</time>
			</trkpt>
			<trkpt lat="49.070842266082764" lon="3.877969980239868">
				<ele>75.0</ele>
				<time>2023-07-12T08:25:35</time>
			</trkpt>
			<trkpt lat="49.07120713032782" lon="3.8783884048461914">
				<ele>76.0</ele>
				<time>2023-07-12T08:25:42</time>
			</trkpt>
			<trkpt lat="49.071292877197266" lon="3.8784741517156363">
				<ele>77.0</ele>
				<time>2023-07-12T08:25:44</time>
			</trkpt>
			<trkpt lat="49.07134652137756" lon="3.878506338223815">
				<ele>77.0</ele>
				<time>2023-07-12T08:25:45</time>
			</trkpt>
			<trkpt lat="49.07144299708307" lon="3.878495693206787">
				<ele>78.0</ele>
				<time>2023-07-12T08:25:46</time>
			</trkpt>
			<trkpt lat="49.071496641263366" lon="3.878431236371398">
				<ele>79.0</ele>
				<time>2023-07-12T08:25:47</time>
			</trkpt>
			<trkpt lat="49.07181850634515" lon="3.8786780834198">
				<ele>80.0</ele>
				<time>2023-07-12T08:25:53</time>
			</trkpt>
			<trkpt lat="49.071990167722106" lon="3.878849744796753">
				<ele>81.0</ele>
				<time>2023-07-12T08:25:56</time>
			</trkpt>
			<trkpt lat="49.072236930951476" lon="3.879053508862853">
				<ele>82.0</ele>
				<time>2023-07-12T08:26:01</time>
			</trkpt>
			<trkpt lat="49.07219409942627" lon="3.87912861071527">
				<ele>82.0</ele>
				<time>2023-07-12T08:26:02</time>
			</trkpt>
			<trkpt lat="49.072279846295714" lon="3.879117965698242">
				<ele>83.0</ele>
				<time>2023-07-12T08:26:03</time>
			</trkpt>
			<trkpt lat="49.07240875996649" lon="3.8792037963867188">
				<ele>83.0</ele>
				<time>2023-07-12T08:26:05</time>
			</trkpt>
			<trkpt lat="49.07238721847534" lon="3.879396915435791">
				<ele>83.0</ele>
				<time>2023-07-12T08:26:07</time>
			</trkpt>
			<trkpt lat="49.07234421931207" lon="3.879772424697876">
				<ele>83.0</ele>
				<time>2023-07-12T08:26:11</time>
			</trkpt>
			<trkpt lat="49.0723443031311" lon="3.879772424697876">
				<ele>83.0</ele>
				<time>2023-07-12T08:26:11</time>
			</trkpt>
			<trkpt lat="49.072279930114746" lon="3.880083477124572">
				<ele>83.0</ele>
				<time>2023-07-12T08:26:15</time>
			</trkpt>
			<trkpt lat="49.07220482826233" lon="3.880394697189331">
				<ele>83.0</ele>
				<time>2023-07-12T08:26:18</time>
			</trkpt>
			<trkpt lat="49.07212067395449" lon="3.880721675232053">
				<ele>83.0</ele>
				<time>2023-07-12T08:26:22</time>
			</trkpt>
			<trkpt lat="49.07212067395449" lon="3.8807215075939894">
				<ele>83.0</ele>
				<time>2023-07-12T08:26:22</time>
			</trkpt>
			<trkpt lat="49.07212067395449" lon="3.880721675232053">
				<ele>83.0</ele>
				<time>2023-07-12T08:26:22</time>
			</trkpt>
			<trkpt lat="49.072108352556825" lon="3.8807701226323843">
				<ele>82.0</ele>
				<time>2023-07-12T08:26:23</time>
			</trkpt>
			<trkpt lat="49.0719473361969" lon="3.8812851067632437">
				<ele>81.0</ele>
				<time>2023-07-12T08:26:29</time>
			</trkpt>
			<trkpt lat="49.07157174311578" lon="3.8825403805822134">
				<ele>81.0</ele>
				<time>2023-07-12T08:26:43</time>
			</trkpt>
			<trkpt lat="49.071571826934814" lon="3.8825403805822134">
				<ele>80.0</ele>
				<time>2023-07-12T08:26:43</time>
			</trkpt>
			<trkpt lat="49.07127141952515" lon="3.8835597038269043">
				<ele>80.0</ele>
				<time>2023-07-12T08:26:55</time>
			</trkpt>
			<trkpt lat="49.07120704650879" lon="3.8838171120733023">
				<ele>79.0</ele>
				<time>2023-07-12T08:26:58</time>
			</trkpt>
			<trkpt lat="49.07112113200128" lon="3.884203350171447">
				<ele>79.0</ele>
				<time>2023-07-12T08:27:02</time>
			</trkpt>
			<trkpt lat="49.07101392745972" lon="3.884847080335021">
				<ele>78.0</ele>
				<time>2023-07-12T08:27:09</time>
			</trkpt>
			<trkpt lat="49.07094955444336" lon="3.8853406067937613">
				<ele>78.0</ele>
				<time>2023-07-12T08:27:14</time>
			</trkpt>
			<trkpt lat="49.07085299491882" lon="3.88616681098938">
				<ele>77.0</ele>
				<time>2023-07-12T08:27:23</time>
			</trkpt>
			<trkpt lat="49.070831537246704" lon="3.886338472366333">
				<ele>77.0</ele>
				<time>2023-07-12T08:27:25</time>
			</trkpt>
			<trkpt lat="49.07072424888611" lon="3.887239694595337">
				<ele>76.0</ele>
				<time>2023-07-12T08:27:34</time>
			</trkpt>
			<trkpt lat="49.070563316345215" lon="3.8885700702667236">
				<ele>76.0</ele>
				<time>2023-07-12T08:27:49</time>
			</trkpt>
			<trkpt lat="49.070552587509155" lon="3.888666545972228">
				<ele>75.0</ele>
				<time>2023-07-12T08:27:50</time>
			</trkpt>
			<trkpt lat="49.07015562057495" lon="3.892132043838501">
				<ele>75.0</ele>
				<time>2023-07-12T08:28:27</time>
			</trkpt>
			<trkpt lat="49.069994604215026" lon="3.8934195041656494">
				<ele>74.0</ele>
				<time>2023-07-12T08:28:40</time>
			</trkpt>
			<trkpt lat="49.06988739967346" lon="3.8945353031158447">
				<ele>74.0</ele>
				<time>2023-07-12T08:28:52</time>
			</trkpt>
			<trkpt lat="49.069823026657104" lon="3.895554458722472">
				<ele>74.0</ele>
				<time>2023-07-12T08:29:03</time>
			</trkpt>
			<trkpt lat="49.06981221400201" lon="3.896080255508423">
				<ele>74.0</ele>
				<time>2023-07-12T08:29:08</time>
			</trkpt>
			<trkpt lat="49.0699303150177" lon="3.897603750228882">
				<ele>73.0</ele>
				<time>2023-07-12T08:29:25</time>
			</trkpt>
			<trkpt lat="49.06995185650885" lon="3.8981615658849478">
				<ele>73.0</ele>
				<time>2023-07-12T08:29:30</time>
			</trkpt>
			<trkpt lat="49.06996250152588" lon="3.899384653195739">
				<ele>73.0</ele>
				<time>2023-07-12T08:29:43</time>
			</trkpt>
			<trkpt lat="49.06994096003473" lon="3.9002107735723257">
				<ele>73.0</ele>
				<time>2023-07-12T08:29:52</time>
			</trkpt>
			<trkpt lat="49.0698766708374" lon="3.9010369777679443">
				<ele>73.0</ele>
				<time>2023-07-12T08:30:01</time>
			</trkpt>
			<trkpt lat="49.069511806592345" lon="3.9045774936676025">
				<ele>73.0</ele>
				<time>2023-07-12T08:30:38</time>
			</trkpt>
			<trkpt lat="49.06951189041138" lon="3.9045774936676025">
				<ele>73.0</ele>
				<time>2023-07-12T08:30:38</time>
			</trkpt>
			<trkpt lat="49.06938314437866" lon="3.9064764138311148">
				<ele>73.0</ele>
				<time>2023-07-12T08:30:58</time>
			</trkpt>
			<trkpt lat="49.0690719243139" lon="3.9091049786657095">
				<ele>72.0</ele>
				<time>2023-07-12T08:31:26</time>
			</trkpt>
			<trkpt lat="49.069029092788696" lon="3.909587860107422">
				<ele>72.0</ele>
				<time>2023-07-12T08:31:31</time>
			</trkpt>
			<trkpt lat="49.069018280133605" lon="3.910188674926758">
				<ele>72.0</ele>
				<time>2023-07-12T08:31:38</time>
			</trkpt>
			<trkpt lat="49.0690719243139" lon="3.9109074231237173">
				<ele>72.0</ele>
				<time>2023-07-12T08:31:45</time>
			</trkpt>
			<trkpt lat="49.06913638114929" lon="3.9113903045654297">
				<ele>72.0</ele>
				<time>2023-07-12T08:31:50</time>
			</trkpt>
			<trkpt lat="49.069823110476136" lon="3.9147913455963135">
				<ele>72.0</ele>
				<time>2023-07-12T08:32:28</time>
			</trkpt>
			<trkpt lat="49.070037603378296" lon="3.9159177895635366">
				<ele>72.0</ele>
				<time>2023-07-12T08:32:40</time>
			</trkpt>
			<trkpt lat="49.07003768719733" lon="3.9159177895635366">
				<ele>72.0</ele>
				<time>2023-07-12T08:32:40</time>
			</trkpt>
			<trkpt lat="49.07034865580499" lon="3.9172481652349234">
				<ele>72.0</ele>
				<time>2023-07-12T08:32:55</time>
			</trkpt>
			<trkpt lat="49.07041302882135" lon="3.9176665898412466">
				<ele>73.0</ele>
				<time>2023-07-12T08:32:59</time>
			</trkpt>
			<trkpt lat="49.070488130673766" lon="3.918235218152404">
				<ele>73.0</ele>
				<time>2023-07-12T08:33:05</time>
			</trkpt>
			<trkpt lat="49.070584774017334" lon="3.9188146591186523">
				<ele>73.0</ele>
				<time>2023-07-12T08:33:12</time>
			</trkpt>
			<trkpt lat="49.07065995968878" lon="3.9192115422338247">
				<ele>74.0</ele>
				<time>2023-07-12T08:33:16</time>
			</trkpt>
			<trkpt lat="49.07070270739496" lon="3.919469118118286">
				<ele>74.0</ele>
				<time>2023-07-12T08:33:19</time>
			</trkpt>
			<trkpt lat="49.070788538083434" lon="3.9198981877416372">
				<ele>74.0</ele>
				<time>2023-07-12T08:33:24</time>
			</trkpt>
			<trkpt lat="49.07121769152582" lon="3.9216577168554068">
				<ele>75.0</ele>
				<time>2023-07-12T08:33:43</time>
			</trkpt>
			<trkpt lat="49.071292877197266" lon="3.921850835904479">
				<ele>75.0</ele>
				<time>2023-07-12T08:33:46</time>
			</trkpt>
			<trkpt lat="49.07134652137756" lon="3.921947479248047">
				<ele>76.0</ele>
				<time>2023-07-12T08:33:47</time>
			</trkpt>
			<trkpt lat="49.07147518359125" lon="3.9223229046911">
				<ele>76.0</ele>
				<time>2023-07-12T08:33:51</time>
			</trkpt>
			<trkpt lat="49.07168984413147" lon="3.9234387036412954">
				<ele>77.0</ele>
				<time>2023-07-12T08:34:04</time>
			</trkpt>
			<trkpt lat="49.07175421714783" lon="3.923653280362487">
				<ele>77.0</ele>
				<time>2023-07-12T08:34:06</time>
			</trkpt>
			<trkpt lat="49.07197952270508" lon="3.9241146203130484">
				<ele>77.0</ele>
				<time>2023-07-12T08:34:12</time>
			</trkpt>
			<trkpt lat="49.07215118408203" lon="3.924511671066284">
				<ele>78.0</ele>
				<time>2023-07-12T08:34:17</time>
			</trkpt>
			<trkpt lat="49.07216199673712" lon="3.9245545025914907">
				<ele>78.0</ele>
				<time>2023-07-12T08:34:18</time>
			</trkpt>
			<trkpt lat="49.072376573458314" lon="3.9251554012298584">
				<ele>78.0</ele>
				<time>2023-07-12T08:34:25</time>
			</trkpt>
			<trkpt lat="49.07246240414679" lon="3.925477182492614">
				<ele>78.0</ele>
				<time>2023-07-12T08:34:28</time>
			</trkpt>
			<trkpt lat="49.07255879603326" lon="3.9258205890655518">
				<ele>78.0</ele>
				<time>2023-07-12T08:34:32</time>
			</trkpt>
			<trkpt lat="49.072558879852295" lon="3.9258205890655518">
				<ele>78.0</ele>
				<time>2023-07-12T08:34:32</time>
			</trkpt>
			<trkpt lat="49.07268762588501" lon="3.9262067433446646">
				<ele>78.0</ele>
				<time>2023-07-12T08:34:37</time>
			</trkpt>
			<trkpt lat="49.0728485584259" lon="3.926668083295226">
				<ele>78.0</ele>
				<time>2023-07-12T08:34:42</time>
			</trkpt>
			<trkpt lat="49.07288074493408" lon="3.9267539139837027">
				<ele>78.0</ele>
				<time>2023-07-12T08:34:43</time>
			</trkpt>
			<trkpt lat="49.0729558467865" lon="3.926947033032775">
				<ele>78.0</ele>
				<time>2023-07-12T08:34:46</time>
			</trkpt>
			<trkpt lat="49.072998678311706" lon="3.927140152081847">
				<ele>77.0</ele>
				<time>2023-07-12T08:34:48</time>
			</trkpt>
			<trkpt lat="49.073030948638916" lon="3.9274298306554556">
				<ele>77.0</ele>
				<time>2023-07-12T08:34:51</time>
			</trkpt>
			<trkpt lat="49.0730094909668" lon="3.928288221359253">
				<ele>77.0</ele>
				<time>2023-07-12T08:35:00</time>
			</trkpt>
			<trkpt lat="49.073020219802856" lon="3.9290499687194824">
				<ele>76.0</ele>
				<time>2023-07-12T08:35:08</time>
			</trkpt>
			<trkpt lat="49.073020135983825" lon="3.9291249867528677">
				<ele>76.0</ele>
				<time>2023-07-12T08:35:09</time>
			</trkpt>
			<trkpt lat="49.073052322492" lon="3.930530548095703">
				<ele>75.0</ele>
				<time>2023-07-12T08:35:24</time>
			</trkpt>
			<trkpt lat="49.073052322492" lon="3.9307235833257437">
				<ele>75.0</ele>
				<time>2023-07-12T08:35:26</time>
			</trkpt>
			<trkpt lat="49.073030948638916" lon="3.9309488888829947">
				<ele>75.0</ele>
				<time>2023-07-12T08:35:28</time>
			</trkpt>
			<trkpt lat="49.07290228642523" lon="3.931463873013854">
				<ele>75.0</ele>
				<time>2023-07-12T08:35:34</time>
			</trkpt>
			<trkpt lat="49.0728485584259" lon="3.931689178571105">
				<ele>76.0</ele>
				<time>2023-07-12T08:35:36</time>
			</trkpt>
			<trkpt lat="49.072773456573486" lon="3.932043230161071">
				<ele>76.0</ele>
				<time>2023-07-12T08:35:40</time>
			</trkpt>
			<trkpt lat="49.07274127006531" lon="3.9322471618652344">
				<ele>77.0</ele>
				<time>2023-07-12T08:35:42</time>
			</trkpt>
			<trkpt lat="49.072784185409546" lon="3.9322686195373535">
				<ele>78.0</ele>
				<time>2023-07-12T08:35:43</time>
			</trkpt>
			<trkpt lat="49.07313823699951" lon="3.9329981803894043">
				<ele>79.0</ele>
				<time>2023-07-12T08:35:53</time>
			</trkpt>
			<trkpt lat="49.07341727055609" lon="3.933277130126953">
				<ele>80.0</ele>
				<time>2023-07-12T08:35:58</time>
			</trkpt>
			<trkpt lat="49.0735137462616" lon="3.9333629608154297">
				<ele>82.0</ele>
				<time>2023-07-12T08:36:00</time>
			</trkpt>
			<trkpt lat="49.073513662442565" lon="3.9333629608154297">
				<ele>83.0</ele>
				<time>2023-07-12T08:36:00</time>
			</trkpt>
			<trkpt lat="49.073556661605835" lon="3.933405876159668">
				<ele>85.0</ele>
				<time>2023-07-12T08:36:01</time>
			</trkpt>
			<trkpt lat="49.07367459498346" lon="3.933588182553649">
				<ele>87.0</ele>
				<time>2023-07-12T08:36:03</time>
			</trkpt>
			<trkpt lat="49.0740608330816" lon="3.934231996536255">
				<ele>89.0</ele>
				<time>2023-07-12T08:36:12</time>
			</trkpt>
			<trkpt lat="49.074243223294616" lon="3.9344035740941763">
				<ele>92.0</ele>
				<time>2023-07-12T08:36:16</time>
			</trkpt>
			<trkpt lat="49.07442569732666" lon="3.934532403945923">
				<ele>94.0</ele>
				<time>2023-07-12T08:36:19</time>
			</trkpt>
			<trkpt lat="49.07446660101414" lon="3.934554196894169">
				<ele>97.0</ele>
				<time>2023-07-12T08:36:20</time>
			</trkpt>
			<trkpt lat="49.0744667686522" lon="3.9345542807132006">
				<ele>100.0</ele>
				<time>2023-07-12T08:36:20</time>
			</trkpt>
			<trkpt lat="49.07446660101414" lon="3.934554196894169">
				<ele>97.0</ele>
				<time>2023-07-12T08:36:20</time>
			</trkpt>
			<trkpt lat="49.07488712109625" lon="3.934779167175293">
				<ele>106.0</ele>
				<time>2023-07-12T08:36:27</time>
			</trkpt>
			<trkpt lat="49.075037240982056" lon="3.9349292870610952">
				<ele>109.0</ele>
				<time>2023-07-12T08:36:30</time>
			</trkpt>
			<trkpt lat="49.075037157163024" lon="3.9349292870610952">
				<ele>113.0</ele>
				<time>2023-07-12T08:36:30</time>
			</trkpt>
			<trkpt lat="49.075519954785705" lon="3.935733949765563">
				<ele>116.0</ele>
				<time>2023-07-12T08:36:41</time>
			</trkpt>
			<trkpt lat="49.07569161616266" lon="3.9360665436834097">
				<ele>120.0</ele>
				<time>2023-07-12T08:36:46</time>
			</trkpt>
			<trkpt lat="49.07582036219537" lon="3.936377763748169">
				<ele>124.0</ele>
				<time>2023-07-12T08:36:49</time>
			</trkpt>
			<trkpt lat="49.07594919204712" lon="3.9367961045354605">
				<ele>128.0</ele>
				<time>2023-07-12T08:36:54</time>
			</trkpt>
			<trkpt lat="49.076024293899536" lon="3.9371931552886963">
				<ele>132.0</ele>
				<time>2023-07-12T08:36:59</time>
			</trkpt>
			<trkpt lat="49.07611012458801" lon="3.9381372090429068">
				<ele>137.0</ele>
				<time>2023-07-12T08:37:09</time>
			</trkpt>
			<trkpt lat="49.07617441378534" lon="3.938383972272277">
				<ele>141.0</ele>
				<time>2023-07-12T08:37:11</time>
			</trkpt>
			<trkpt lat="49.07653936184943" lon="3.9391671773046255">
				<ele>146.0</ele>
				<time>2023-07-12T08:37:22</time>
			</trkpt>
			<trkpt lat="49.07674312591553" lon="3.939650058746338">
				<ele>150.0</ele>
				<time>2023-07-12T08:37:28</time>
			</trkpt>
			<trkpt lat="49.07683960162103" lon="3.939875280484557">
				<ele>154.0</ele>
				<time>2023-07-12T08:37:30</time>
			</trkpt>
			<trkpt lat="49.07697916030884" lon="3.9401113986968994">
				<ele>159.0</ele>
				<time>2023-07-12T08:37:34</time>
			</trkpt>
			<trkpt lat="49.07717227935791" lon="3.9402615185827017">
				<ele>163.0</ele>
				<time>2023-07-12T08:37:37</time>
			</trkpt>
			<trkpt lat="49.07762280665338" lon="3.9404654502868652">
				<ele>167.0</ele>
				<time>2023-07-12T08:37:45</time>
			</trkpt>
			<trkpt lat="49.077773094177246" lon="3.940508281812072">
				<ele>171.0</ele>
				<time>2023-07-12T08:37:47</time>
			</trkpt>
			<trkpt lat="49.07806268893182" lon="3.9406049251556396">
				<ele>175.0</ele>
				<time>2023-07-12T08:37:52</time>
			</trkpt>
			<trkpt lat="49.07878168858588" lon="3.9407336711883545">
				<ele>178.0</ele>
				<time>2023-07-12T08:38:04</time>
			</trkpt>
			<trkpt lat="49.079597080126405" lon="3.9408623334020376">
				<ele>182.0</ele>
				<time>2023-07-12T08:38:17</time>
			</trkpt>
			<trkpt lat="49.079894134774804" lon="3.9410375989973545">
				<ele>184.0</ele>
				<time>2023-07-12T08:38:22</time>
			</trkpt>
			<trkpt lat="49.079894218593836" lon="3.9410376828163862">
				<ele>187.0</ele>
				<time>2023-07-12T08:38:22</time>
			</trkpt>
			<trkpt lat="49.079894134774804" lon="3.9410375989973545">
				<ele>184.0</ele>
				<time>2023-07-12T08:38:22</time>
			</trkpt>
			<trkpt lat="49.080015420913696" lon="3.9411090966314077">
				<ele>191.0</ele>
				<time>2023-07-12T08:38:24</time>
			</trkpt>
			<trkpt lat="49.080015337094665" lon="3.9411090966314077">
				<ele>192.0</ele>
				<time>2023-07-12T08:38:24</time>
			</trkpt>
			<trkpt lat="49.080036878585815" lon="3.941119909286499">
				<ele>194.0</ele>
				<time>2023-07-12T08:38:24</time>
			</trkpt>
			<trkpt lat="49.08045521937311" lon="3.941377317532897">
				<ele>195.0</ele>
				<time>2023-07-12T08:38:31</time>
			</trkpt>
			<trkpt lat="49.081066846847534" lon="3.9418708439916372">
				<ele>196.0</ele>
				<time>2023-07-12T08:38:42</time>
			</trkpt>
			<trkpt lat="49.081538915634155" lon="3.9420854207128286">
				<ele>196.0</ele>
				<time>2023-07-12T08:38:50</time>
			</trkpt>
			<trkpt lat="49.081538831815124" lon="3.9420854207128286">
				<ele>197.0</ele>
				<time>2023-07-12T08:38:50</time>
			</trkpt>
			<trkpt lat="49.08208608627319" lon="3.94234299659729">
				<ele>197.0</ele>
				<time>2023-07-12T08:39:00</time>
			</trkpt>
			<trkpt lat="49.08208600245416" lon="3.94234299659729">
				<ele>197.0</ele>
				<time>2023-07-12T08:39:00</time>
			</trkpt>
			<trkpt lat="49.08237584866583" lon="3.9425575733184814">
				<ele>196.0</ele>
				<time>2023-07-12T08:39:05</time>
			</trkpt>
			<trkpt lat="49.08244005404413" lon="3.9426112174987793">
				<ele>196.0</ele>
				<time>2023-07-12T08:39:06</time>
			</trkpt>
			<trkpt lat="49.082815647125244" lon="3.9438343048095703">
				<ele>194.0</ele>
				<time>2023-07-12T08:39:20</time>
			</trkpt>
			<trkpt lat="49.0829873085022" lon="3.9443170186132193">
				<ele>193.0</ele>
				<time>2023-07-12T08:39:26</time>
			</trkpt>
			<trkpt lat="49.08322334289551" lon="3.945014476776123">
				<ele>192.0</ele>
				<time>2023-07-12T08:39:34</time>
			</trkpt>
			<trkpt lat="49.08318034373224" lon="3.9453041553497314">
				<ele>190.0</ele>
				<time>2023-07-12T08:39:37</time>
			</trkpt>
			<trkpt lat="49.08292293548584" lon="3.9455294609069824">
				<ele>188.0</ele>
				<time>2023-07-12T08:39:42</time>
			</trkpt>
			<trkpt lat="49.082568883895874" lon="3.9458405133336782">
				<ele>185.0</ele>
				<time>2023-07-12T08:39:48</time>
			</trkpt>
			<trkpt lat="49.08241859637201" lon="3.946065902709961">
				<ele>183.0</ele>
				<time>2023-07-12T08:39:52</time>
			</trkpt>
			<trkpt lat="49.082547426223755" lon="3.946248209103942">
				<ele>181.0</ele>
				<time>2023-07-12T08:39:55</time>
			</trkpt>
			<trkpt lat="49.082622611895204" lon="3.9463448524475098">
				<ele>178.0</ele>
				<time>2023-07-12T08:39:56</time>
			</trkpt>
			<trkpt lat="49.08272981643677" lon="3.946484327316284">
				<ele>175.0</ele>
				<time>2023-07-12T08:39:58</time>
			</trkpt>
			<trkpt lat="49.08283710479736" lon="3.946516430005431">
				<ele>172.0</ele>
				<time>2023-07-12T08:40:00</time>
			</trkpt>
			<trkpt lat="49.082837188616395" lon="3.946666717529297">
				<ele>169.0</ele>
				<time>2023-07-12T08:40:02</time>
			</trkpt>
			<trkpt lat="49.082837188616395" lon="3.9468061923980713">
				<ele>165.0</ele>
				<time>2023-07-12T08:40:03</time>
			</trkpt>
			<trkpt lat="49.082837188616395" lon="3.947224533185363">
				<ele>162.0</ele>
				<time>2023-07-12T08:40:08</time>
			</trkpt>
			<trkpt lat="49.082826375961304" lon="3.9479219913482666">
				<ele>158.0</ele>
				<time>2023-07-12T08:40:15</time>
			</trkpt>
			<trkpt lat="49.08282629214227" lon="3.9479219913482666">
				<ele>154.0</ele>
				<time>2023-07-12T08:40:15</time>
			</trkpt>
			<trkpt lat="49.082815647125244" lon="3.9490806218236685">
				<ele>149.0</ele>
				<time>2023-07-12T08:40:27</time>
			</trkpt>
			<trkpt lat="49.08270835876465" lon="3.9501105900853872">
				<ele>145.0</ele>
				<time>2023-07-12T08:40:38</time>
			</trkpt>
			<trkpt lat="49.082622611895204" lon="3.9509475231170654">
				<ele>141.0</ele>
				<time>2023-07-12T08:40:47</time>
			</trkpt>
			<trkpt lat="49.082611883059144" lon="3.9510762691497803">
				<ele>137.0</ele>
				<time>2023-07-12T08:40:48</time>
			</trkpt>
			<trkpt lat="49.0824294090271" lon="3.952932357788086">
				<ele>133.0</ele>
				<time>2023-07-12T08:41:08</time>
			</trkpt>
			<trkpt lat="49.082343662157655" lon="3.9533400535583496">
				<ele>129.0</ele>
				<time>2023-07-12T08:41:12</time>
			</trkpt>
			<trkpt lat="49.08134579658508" lon="3.9576636906713247">
				<ele>124.0</ele>
				<time>2023-07-12T08:42:01</time>
			</trkpt>
			<trkpt lat="49.080573404207826" lon="3.9611291885375977">
				<ele>121.0</ele>
				<time>2023-07-12T08:42:39</time>
			</trkpt>
			<trkpt lat="49.07987594604492" lon="3.964197551831603">
				<ele>118.0</ele>
				<time>2023-07-12T08:43:13</time>
			</trkpt>
			<trkpt lat="49.07984375953674" lon="3.96451941691339">
				<ele>115.0</ele>
				<time>2023-07-12T08:43:16</time>
			</trkpt>
			<trkpt lat="49.07985054887831" lon="3.9649038948118687">
				<ele>112.0</ele>
				<time>2023-07-12T08:43:20</time>
			</trkpt>
			<trkpt lat="49.079850632697344" lon="3.964904397726059">
				<ele>110.0</ele>
				<time>2023-07-12T08:43:20</time>
			</trkpt>
			<trkpt lat="49.07985054887831" lon="3.9649038948118687">
				<ele>112.0</ele>
				<time>2023-07-12T08:43:20</time>
			</trkpt>
			<trkpt lat="49.07985440455377" lon="3.965120231732726">
				<ele>107.0</ele>
				<time>2023-07-12T08:43:23</time>
			</trkpt>
			<trkpt lat="49.0798544883728" lon="3.9651525020599365">
				<ele>106.0</ele>
				<time>2023-07-12T08:43:23</time>
			</trkpt>
			<trkpt lat="49.07985440455377" lon="3.9651525020599365">
				<ele>105.0</ele>
				<time>2023-07-12T08:43:23</time>
			</trkpt>
			<trkpt lat="49.07986521720886" lon="3.9655815716832876">
				<ele>104.0</ele>
				<time>2023-07-12T08:43:28</time>
			</trkpt>
			<trkpt lat="49.079790115356445" lon="3.966096555814147">
				<ele>104.0</ele>
				<time>2023-07-12T08:43:33</time>
			</trkpt>
			<trkpt lat="49.079790115356445" lon="3.9662790298461914">
				<ele>103.0</ele>
				<time>2023-07-12T08:43:35</time>
			</trkpt>
			<trkpt lat="49.079811573028564" lon="3.966396963223815">
				<ele>104.0</ele>
				<time>2023-07-12T08:43:36</time>
			</trkpt>
			<trkpt lat="49.08018699847162" lon="3.967641592025757">
				<ele>104.0</ele>
				<time>2023-07-12T08:43:51</time>
			</trkpt>
			<trkpt lat="49.08020845614374" lon="3.9681350346654654">
				<ele>105.0</ele>
				<time>2023-07-12T08:43:56</time>
			</trkpt>
			<trkpt lat="49.080272912979126" lon="3.96856427192688">
				<ele>105.0</ele>
				<time>2023-07-12T08:44:00</time>
			</trkpt>
			<trkpt lat="49.08036947250366" lon="3.969111442565918">
				<ele>107.0</ele>
				<time>2023-07-12T08:44:06</time>
			</trkpt>
			<trkpt lat="49.08042303286493" lon="3.969240188598633">
				<ele>108.0</ele>
				<time>2023-07-12T08:44:08</time>
			</trkpt>
			<trkpt lat="49.080519676208496" lon="3.9693474769592285">
				<ele>109.0</ele>
				<time>2023-07-12T08:44:10</time>
			</trkpt>
			<trkpt lat="49.08065915107727" lon="3.969422494992614">
				<ele>110.0</ele>
				<time>2023-07-12T08:44:12</time>
			</trkpt>
			<trkpt lat="49.080508863553405" lon="3.969486951828003">
				<ele>111.0</ele>
				<time>2023-07-12T08:44:15</time>
			</trkpt>
			<trkpt lat="49.08049310557544" lon="3.9694673381745815">
				<ele>113.0</ele>
				<time>2023-07-12T08:44:15</time>
			</trkpt>
			<trkpt lat="49.080493189394474" lon="3.9694674219936132">
				<ele>114.0</ele>
				<time>2023-07-12T08:44:15</time>
			</trkpt>
			<trkpt lat="49.08049310557544" lon="3.9694673381745815">
				<ele>113.0</ele>
				<time>2023-07-12T08:44:15</time>
			</trkpt>
			<trkpt lat="49.080508863553405" lon="3.969486951828003">
				<ele>111.0</ele>
				<time>2023-07-12T08:44:15</time>
			</trkpt>
			<trkpt lat="49.0806592348963" lon="3.969422494992614">
				<ele>119.0</ele>
				<time>2023-07-12T08:44:18</time>
			</trkpt>
			<trkpt lat="49.08065915107727" lon="3.969422494992614">
				<ele>110.0</ele>
				<time>2023-07-12T08:44:18</time>
			</trkpt>
			<trkpt lat="49.08138871192932" lon="3.9695834275335073">
				<ele>122.0</ele>
				<time>2023-07-12T08:44:30</time>
			</trkpt>
			<trkpt lat="49.08234357833862" lon="3.9699482917785645">
				<ele>124.0</ele>
				<time>2023-07-12T08:44:46</time>
			</trkpt>
			<trkpt lat="49.0825795289129" lon="3.97005558013916">
				<ele>126.0</ele>
				<time>2023-07-12T08:44:49</time>
			</trkpt>
			<trkpt lat="49.08270223997533" lon="3.970152558758855">
				<ele>128.0</ele>
				<time>2023-07-12T08:44:52</time>
			</trkpt>
			<trkpt lat="49.08283710479736" lon="3.9702593442052603">
				<ele>134.0</ele>
				<time>2023-07-12T08:44:54</time>
			</trkpt>
			<trkpt lat="49.08299803733826" lon="3.970463275909424">
				<ele>136.0</ele>
				<time>2023-07-12T08:44:57</time>
			</trkpt>
			<trkpt lat="49.08307305537164" lon="3.9706027507781982">
				<ele>139.0</ele>
				<time>2023-07-12T08:44:59</time>
			</trkpt>
			<trkpt lat="49.08318034373224" lon="3.970903158187866">
				<ele>141.0</ele>
				<time>2023-07-12T08:45:03</time>
			</trkpt>
			<trkpt lat="49.083266258239746" lon="3.9710640907287598">
				<ele>143.0</ele>
				<time>2023-07-12T08:45:05</time>
			</trkpt>
			<trkpt lat="49.08383480273187" lon="3.9716649055480957">
				<ele>146.0</ele>
				<time>2023-07-12T08:45:16</time>
			</trkpt>
			<trkpt lat="49.08410302363336" lon="3.9721476193517447">
				<ele>148.0</ele>
				<time>2023-07-12T08:45:23</time>
			</trkpt>
			<trkpt lat="49.084392786026" lon="3.9737998601049185">
				<ele>151.0</ele>
				<time>2023-07-12T08:45:41</time>
			</trkpt>
			<trkpt lat="49.08445707522333" lon="3.9740681648254395">
				<ele>154.0</ele>
				<time>2023-07-12T08:45:44</time>
			</trkpt>
			<trkpt lat="49.08456436358392" lon="3.974314844235778">
				<ele>156.0</ele>
				<time>2023-07-12T08:45:47</time>
			</trkpt>
			<trkpt lat="49.08469319343567" lon="3.97455096244812">
				<ele>158.0</ele>
				<time>2023-07-12T08:45:50</time>
			</trkpt>
			<trkpt lat="49.08487566746771" lon="3.974808370694518">
				<ele>160.0</ele>
				<time>2023-07-12T08:45:54</time>
			</trkpt>
			<trkpt lat="49.08487558364868" lon="3.974808370694518">
				<ele>162.0</ele>
				<time>2023-07-12T08:45:54</time>
			</trkpt>
			<trkpt lat="49.08492922782898" lon="3.974883556365967">
				<ele>164.0</ele>
				<time>2023-07-12T08:45:55</time>
			</trkpt>
			<trkpt lat="49.085025703534484" lon="3.9750123023986816">
				<ele>166.0</ele>
				<time>2023-07-12T08:45:57</time>
			</trkpt>
			<trkpt lat="49.08520817756653" lon="3.975226879119873">
				<ele>167.0</ele>
				<time>2023-07-12T08:46:01</time>
			</trkpt>
			<trkpt lat="49.08570170402527" lon="3.9756453037261963">
				<ele>169.0</ele>
				<time>2023-07-12T08:46:10</time>
			</trkpt>
			<trkpt lat="49.085808992385864" lon="3.9754413720220327">
				<ele>171.0</ele>
				<time>2023-07-12T08:46:13</time>
			</trkpt>
			<trkpt lat="49.08589473925531" lon="3.975334083661437">
				<ele>172.0</ele>
				<time>2023-07-12T08:46:15</time>
			</trkpt>
			<trkpt lat="49.086045026779175" lon="3.9751946087926626">
				<ele>173.0</ele>
				<time>2023-07-12T08:46:17</time>
			</trkpt>
			<trkpt lat="49.08616304397583" lon="3.9751195907592773">
				<ele>175.0</ele>
				<time>2023-07-12T08:46:19</time>
			</trkpt>
			<trkpt lat="49.08619514666498" lon="3.9751409646123648">
				<ele>176.0</ele>
				<time>2023-07-12T08:46:20</time>
			</trkpt>
			<trkpt lat="49.08623822964728" lon="3.975205421447754">
				<ele>177.0</ele>
				<time>2023-07-12T08:46:21</time>
			</trkpt>
			<trkpt lat="49.08639907836914" lon="3.9756453037261963">
				<ele>179.0</ele>
				<time>2023-07-12T08:46:26</time>
			</trkpt>
			<trkpt lat="49.08644190989435" lon="3.9756774064153433">
				<ele>180.0</ele>
				<time>2023-07-12T08:46:27</time>
			</trkpt>
			<trkpt lat="49.086763858795166" lon="3.975452184677124">
				<ele>181.0</ele>
				<time>2023-07-12T08:46:33</time>
			</trkpt>
			<trkpt lat="49.08687114715576" lon="3.9753018971532583">
				<ele>183.0</ele>
				<time>2023-07-12T08:46:35</time>
			</trkpt>
			<trkpt lat="49.08692487515509" lon="3.975173234939575">
				<ele>184.0</ele>
				<time>2023-07-12T08:46:37</time>
			</trkpt>
			<trkpt lat="49.08692479133606" lon="3.975173234939575">
				<ele>185.0</ele>
				<time>2023-07-12T08:46:37</time>
			</trkpt>
			<trkpt lat="49.087010538205504" lon="3.974883556365967">
				<ele>187.0</ele>
				<time>2023-07-12T08:46:40</time>
			</trkpt>
			<trkpt lat="49.08715001307428" lon="3.9743363857269287">
				<ele>188.0</ele>
				<time>2023-07-12T08:46:46</time>
			</trkpt>
			<trkpt lat="49.087235843762755" lon="3.9741110801696777">
				<ele>190.0</ele>
				<time>2023-07-12T08:46:49</time>
			</trkpt>
			<trkpt lat="49.087997591122985" lon="3.972984468564391">
				<ele>191.0</ele>
				<time>2023-07-12T08:47:06</time>
			</trkpt>
			<trkpt lat="49.088276624679565" lon="3.9723943825811148">
				<ele>193.0</ele>
				<time>2023-07-12T08:47:13</time>
			</trkpt>
			<trkpt lat="49.08846974372864" lon="3.9721262454986572">
				<ele>195.0</ele>
				<time>2023-07-12T08:47:18</time>
			</trkpt>
			<trkpt lat="49.088555574417114" lon="3.9719438552856445">
				<ele>196.0</ele>
				<time>2023-07-12T08:47:20</time>
			</trkpt>
			<trkpt lat="49.08857703208923" lon="3.97180438041687">
				<ele>198.0</ele>
				<time>2023-07-12T08:47:21</time>
			</trkpt>
			<trkpt lat="49.08857703208923" lon="3.9714181423187256">
				<ele>200.0</ele>
				<time>2023-07-12T08:47:25</time>
			</trkpt>
			<trkpt lat="49.08859840594232" lon="3.9711713790893555">
				<ele>202.0</ele>
				<time>2023-07-12T08:47:28</time>
			</trkpt>
			<trkpt lat="49.08866286277771" lon="3.9708495140075684">
				<ele>203.0</ele>
				<time>2023-07-12T08:47:32</time>
			</trkpt>
			<trkpt lat="49.088759338483214" lon="3.9705061074346304">
				<ele>205.0</ele>
				<time>2023-07-12T08:47:36</time>
			</trkpt>
			<trkpt lat="49.0888237953186" lon="3.970312988385558">
				<ele>207.0</ele>
				<time>2023-07-12T08:47:38</time>
			</trkpt>
			<trkpt lat="49.0888774394989" lon="3.9702486991882324">
				<ele>209.0</ele>
				<time>2023-07-12T08:47:39</time>
			</trkpt>
			<trkpt lat="49.08890970982611" lon="3.9702486991882324">
				<ele>211.0</ele>
				<time>2023-07-12T08:47:39</time>
			</trkpt>
			<trkpt lat="49.08890962600708" lon="3.9702486991882324">
				<ele>213.0</ele>
				<time>2023-07-12T08:47:39</time>
			</trkpt>
			<trkpt lat="49.08891113474965" lon="3.970054741948843">
				<ele>214.0</ele>
				<time>2023-07-12T08:47:41</time>
			</trkpt>
			<trkpt lat="49.08891096711159" lon="3.970054993405938">
				<ele>216.0</ele>
				<time>2023-07-12T08:47:41</time>
			</trkpt>
			<trkpt lat="49.08891113474965" lon="3.970054741948843">
				<ele>214.0</ele>
				<time>2023-07-12T08:47:41</time>
			</trkpt>
			<trkpt lat="49.08890970982611" lon="3.9702486991882324">
				<ele>211.0</ele>
				<time>2023-07-12T08:47:43</time>
			</trkpt>
			<trkpt lat="49.08895245753229" lon="3.970237886533141">
				<ele>222.0</ele>
				<time>2023-07-12T08:47:44</time>
			</trkpt>
			<trkpt lat="49.089038372039795" lon="3.9703237172216177">
				<ele>224.0</ele>
				<time>2023-07-12T08:47:46</time>
			</trkpt>
			<trkpt lat="49.08953198231757" lon="3.970881700515747">
				<ele>226.0</ele>
				<time>2023-07-12T08:47:56</time>
			</trkpt>
			<trkpt lat="49.090207731351256" lon="3.9717077370733023">
				<ele>228.0</ele>
				<time>2023-07-12T08:48:10</time>
			</trkpt>
			<trkpt lat="49.09039012156427" lon="3.9720189571380615">
				<ele>230.0</ele>
				<time>2023-07-12T08:48:14</time>
			</trkpt>
			<trkpt lat="49.09058324061334" lon="3.972415840253234">
				<ele>232.0</ele>
				<time>2023-07-12T08:48:19</time>
			</trkpt>
			<trkpt lat="49.090744173154235" lon="3.9728235360234976">
				<ele>234.0</ele>
				<time>2023-07-12T08:48:24</time>
			</trkpt>
			<trkpt lat="49.0908408164978" lon="3.973284875974059">
				<ele>236.0</ele>
				<time>2023-07-12T08:48:29</time>
			</trkpt>
			<trkpt lat="49.09091583453119" lon="3.973982334136963">
				<ele>238.0</ele>
				<time>2023-07-12T08:48:37</time>
			</trkpt>
			<trkpt lat="49.09091583453119" lon="3.974786913022399">
				<ele>240.0</ele>
				<time>2023-07-12T08:48:45</time>
			</trkpt>
			<trkpt lat="49.09090711735189" lon="3.9750748313963413">
				<ele>242.0</ele>
				<time>2023-07-12T08:48:48</time>
			</trkpt>
			<trkpt lat="49.09090711735189" lon="3.9750749990344048">
				<ele>243.0</ele>
				<time>2023-07-12T08:48:48</time>
			</trkpt>
			<trkpt lat="49.09090711735189" lon="3.9750748313963413">
				<ele>242.0</ele>
				<time>2023-07-12T08:48:48</time>
			</trkpt>
			<trkpt lat="49.09089454449713" lon="3.9754950162023306">
				<ele>246.0</ele>
				<time>2023-07-12T08:48:52</time>
			</trkpt>
			<trkpt lat="49.0908944606781" lon="3.9754950162023306">
				<ele>247.0</ele>
				<time>2023-07-12T08:48:52</time>
			</trkpt>
			<trkpt lat="49.09090510569513" lon="3.975752592086792">
				<ele>248.0</ele>
				<time>2023-07-12T08:48:55</time>
			</trkpt>
			<trkpt lat="49.09092664718628" lon="3.975956356152892">
				<ele>249.0</ele>
				<time>2023-07-12T08:48:57</time>
			</trkpt>
			<trkpt lat="49.09098029136658" lon="3.9761602878570557">
				<ele>250.0</ele>
				<time>2023-07-12T08:49:00</time>
			</trkpt>
			<trkpt lat="49.0910445805639" lon="3.97629976272583">
				<ele>251.0</ele>
				<time>2023-07-12T08:49:01</time>
			</trkpt>
			<trkpt lat="49.09111976623535" lon="3.9764176961034536">
				<ele>252.0</ele>
				<time>2023-07-12T08:49:03</time>
			</trkpt>
			<trkpt lat="49.091248512268066" lon="3.9765465259552">
				<ele>253.0</ele>
				<time>2023-07-12T08:49:06</time>
			</trkpt>
			<trkpt lat="49.09135580062866" lon="3.976610815152526">
				<ele>253.0</ele>
				<time>2023-07-12T08:49:07</time>
			</trkpt>
			<trkpt lat="49.09161320887506" lon="3.976675271987915">
				<ele>253.0</ele>
				<time>2023-07-12T08:49:12</time>
			</trkpt>
			<trkpt lat="49.09165629185736" lon="3.9767611026763916">
				<ele>254.0</ele>
				<time>2023-07-12T08:49:13</time>
			</trkpt>
			<trkpt lat="49.09155956469476" lon="3.9767825603485107">
				<ele>253.0</ele>
				<time>2023-07-12T08:49:14</time>
			</trkpt>
			<trkpt lat="49.09144163131714" lon="3.9768683910369873">
				<ele>253.0</ele>
				<time>2023-07-12T08:49:16</time>
			</trkpt>
			<trkpt lat="49.09087300300598" lon="3.9774370193481445">
				<ele>252.0</ele>
				<time>2023-07-12T08:49:27</time>
			</trkpt>
			<trkpt lat="49.09066907130182" lon="3.9776623249053955">
				<ele>251.0</ele>
				<time>2023-07-12T08:49:31</time>
			</trkpt>
			<trkpt lat="49.090572679415345" lon="3.977801715955138">
				<ele>251.0</ele>
				<time>2023-07-12T08:49:33</time>
			</trkpt>
			<trkpt lat="49.09044376574457" lon="3.978070020675659">
				<ele>250.0</ele>
				<time>2023-07-12T08:49:37</time>
			</trkpt>
			<trkpt lat="49.09035801887512" lon="3.978424072265625">
				<ele>249.0</ele>
				<time>2023-07-12T08:49:41</time>
			</trkpt>
			<trkpt lat="49.09031501971185" lon="3.9786707516759634">
				<ele>247.0</ele>
				<time>2023-07-12T08:49:44</time>
			</trkpt>
			<trkpt lat="49.090315187349916" lon="3.9786707516759634">
				<ele>246.0</ele>
				<time>2023-07-12T08:49:44</time>
			</trkpt>
			<trkpt lat="49.09021854400635" lon="3.9790891762822866">
				<ele>245.0</ele>
				<time>2023-07-12T08:49:48</time>
			</trkpt>
			<trkpt lat="49.0901433583349" lon="3.97929310798645">
				<ele>244.0</ele>
				<time>2023-07-12T08:49:51</time>
			</trkpt>
			<trkpt lat="49.0899932384491" lon="3.979604160413146">
				<ele>243.0</ele>
				<time>2023-07-12T08:49:55</time>
			</trkpt>
			<trkpt lat="49.089757204055786" lon="3.980022668838501">
				<ele>241.0</ele>
				<time>2023-07-12T08:50:01</time>
			</trkpt>
			<trkpt lat="49.08957473002374" lon="3.980333721265197">
				<ele>240.0</ele>
				<time>2023-07-12T08:50:05</time>
			</trkpt>
			<trkpt lat="49.08943525515497" lon="3.980473196133971">
				<ele>238.0</ele>
				<time>2023-07-12T08:50:08</time>
			</trkpt>
			<trkpt lat="49.089295864105225" lon="3.980580484494567">
				<ele>237.0</ele>
				<time>2023-07-12T08:50:10</time>
			</trkpt>
			<trkpt lat="49.08914557658136" lon="3.9806556701660156">
				<ele>236.0</ele>
				<time>2023-07-12T08:50:13</time>
			</trkpt>
			<trkpt lat="49.0889310836792" lon="3.980698501691222">
				<ele>234.0</ele>
				<time>2023-07-12T08:50:16</time>
			</trkpt>
			<trkpt lat="49.08829799853265" lon="3.9807307720184326">
				<ele>232.0</ele>
				<time>2023-07-12T08:50:26</time>
			</trkpt>
			<trkpt lat="49.08758989535272" lon="3.9808380603790283">
				<ele>230.0</ele>
				<time>2023-07-12T08:50:38</time>
			</trkpt>
			<trkpt lat="49.087300300598145" lon="3.9809024333953857">
				<ele>229.0</ele>
				<time>2023-07-12T08:50:42</time>
			</trkpt>
			<trkpt lat="49.08708572387695" lon="3.9809881802648306">
				<ele>227.0</ele>
				<time>2023-07-12T08:50:46</time>
			</trkpt>
			<trkpt lat="49.08671013079584" lon="3.9812671300023794">
				<ele>226.0</ele>
				<time>2023-07-12T08:50:53</time>
			</trkpt>
			<trkpt lat="49.086495554074645" lon="3.9813530445098877">
				<ele>224.0</ele>
				<time>2023-07-12T08:50:56</time>
			</trkpt>
			<trkpt lat="49.08618450164795" lon="3.9813530445098877">
				<ele>223.0</ele>
				<time>2023-07-12T08:51:01</time>
			</trkpt>
			<trkpt lat="49.085497772321105" lon="3.9811598416417837">
				<ele>221.0</ele>
				<time>2023-07-12T08:51:12</time>
			</trkpt>
			<trkpt lat="49.085025703534484" lon="3.9810954686254263">
				<ele>220.0</ele>
				<time>2023-07-12T08:51:20</time>
			</trkpt>
			<trkpt lat="49.08474683761597" lon="3.9810418244451284">
				<ele>218.0</ele>
				<time>2023-07-12T08:51:24</time>
			</trkpt>
			<trkpt lat="49.084478532895446" lon="3.980945348739624">
				<ele>216.0</ele>
				<time>2023-07-12T08:51:29</time>
			</trkpt>
			<trkpt lat="49.08429614268243" lon="3.980827247723937">
				<ele>215.0</ele>
				<time>2023-07-12T08:51:32</time>
			</trkpt>
			<trkpt lat="49.08414602279663" lon="3.9806663151830435">
				<ele>214.0</ele>
				<time>2023-07-12T08:51:35</time>
			</trkpt>
			<trkpt lat="49.084085589274764" lon="3.980592554435134">
				<ele>213.0</ele>
				<time>2023-07-12T08:51:36</time>
			</trkpt>
			<trkpt lat="49.084085673093796" lon="3.9805926382541656">
				<ele>212.0</ele>
				<time>2023-07-12T08:51:36</time>
			</trkpt>
			<trkpt lat="49.084085589274764" lon="3.980592554435134">
				<ele>213.0</ele>
				<time>2023-07-12T08:51:36</time>
			</trkpt>
			<trkpt lat="49.08404937945306" lon="3.98054838180542">
				<ele>211.0</ele>
				<time>2023-07-12T08:51:37</time>
			</trkpt>
			<trkpt lat="49.08397436141968" lon="3.9803659077733755">
				<ele>210.0</ele>
				<time>2023-07-12T08:51:39</time>
			</trkpt>
			<trkpt lat="49.08393144607544" lon="3.980226432904601">
				<ele>209.0</ele>
				<time>2023-07-12T08:51:41</time>
			</trkpt>
			<trkpt lat="49.083813428878784" lon="3.9799903985112906">
				<ele>208.0</ele>
				<time>2023-07-12T08:51:44</time>
			</trkpt>
			<trkpt lat="49.083770429715514" lon="3.9799153804779053">
				<ele>207.0</ele>
				<time>2023-07-12T08:51:45</time>
			</trkpt>
			<trkpt lat="49.08367387019098" lon="3.9797972794622183">
				<ele>207.0</ele>
				<time>2023-07-12T08:51:47</time>
			</trkpt>
			<trkpt lat="49.083620393648744" lon="3.9796899911016226">
				<ele>206.0</ele>
				<time>2023-07-12T08:51:48</time>
			</trkpt>
			<trkpt lat="49.0833842754364" lon="3.979228651151061">
				<ele>205.0</ele>
				<time>2023-07-12T08:51:54</time>
			</trkpt>
			<trkpt lat="49.083233987912536" lon="3.978821039199829">
				<ele>204.0</ele>
				<time>2023-07-12T08:51:59</time>
			</trkpt>
			<trkpt lat="49.08313759602606" lon="3.9786386489868164">
				<ele>203.0</ele>
				<time>2023-07-12T08:52:02</time>
			</trkpt>
			<trkpt lat="49.08293358050287" lon="3.978252410888672">
				<ele>201.0</ele>
				<time>2023-07-12T08:52:07</time>
			</trkpt>
			<trkpt lat="49.08279410563409" lon="3.9780163764953613">
				<ele>200.0</ele>
				<time>2023-07-12T08:52:10</time>
			</trkpt>
			<trkpt lat="49.08250451087952" lon="3.9773940201848745">
				<ele>199.0</ele>
				<time>2023-07-12T08:52:18</time>
			</trkpt>
			<trkpt lat="49.08240786753595" lon="3.9770078659057617">
				<ele>198.0</ele>
				<time>2023-07-12T08:52:23</time>
			</trkpt>
			<trkpt lat="49.08244005404413" lon="3.976975679397583">
				<ele>197.0</ele>
				<time>2023-07-12T08:52:23</time>
			</trkpt>
			<trkpt lat="49.08245086669922" lon="3.976911222562194">
				<ele>196.0</ele>
				<time>2023-07-12T08:52:24</time>
			</trkpt>
			<trkpt lat="49.08244005404413" lon="3.9768468495458364">
				<ele>195.0</ele>
				<time>2023-07-12T08:52:25</time>
			</trkpt>
			<trkpt lat="49.08240786753595" lon="3.9768147468566895">
				<ele>193.0</ele>
				<time>2023-07-12T08:52:25</time>
			</trkpt>
			<trkpt lat="49.08241859637201" lon="3.9764606952667236">
				<ele>192.0</ele>
				<time>2023-07-12T08:52:29</time>
			</trkpt>
			<trkpt lat="49.082493698224425" lon="3.9760421868413687">
				<ele>191.0</ele>
				<time>2023-07-12T08:52:34</time>
			</trkpt>
			<trkpt lat="49.08249378204346" lon="3.975709592923522">
				<ele>190.0</ele>
				<time>2023-07-12T08:52:37</time>
			</trkpt>
			<trkpt lat="49.08246159553528" lon="3.9754950162023306">
				<ele>188.0</ele>
				<time>2023-07-12T08:52:39</time>
			</trkpt>
			<trkpt lat="49.08240786753595" lon="3.9753018971532583">
				<ele>187.0</ele>
				<time>2023-07-12T08:52:42</time>
			</trkpt>
			<trkpt lat="49.08235422335565" lon="3.975173234939575">
				<ele>186.0</ele>
				<time>2023-07-12T08:52:43</time>
			</trkpt>
			<trkpt lat="49.08221483230591" lon="3.9749693032354116">
				<ele>184.0</ele>
				<time>2023-07-12T08:52:46</time>
			</trkpt>
			<trkpt lat="49.082053899765015" lon="3.974829912185669">
				<ele>183.0</ele>
				<time>2023-07-12T08:52:49</time>
			</trkpt>
			<trkpt lat="49.08186078071594" lon="3.9747655391693115">
				<ele>181.0</ele>
				<time>2023-07-12T08:52:52</time>
			</trkpt>
			<trkpt lat="49.0813672542572" lon="3.9746474381536245">
				<ele>180.0</ele>
				<time>2023-07-12T08:53:00</time>
			</trkpt>
			<trkpt lat="49.081270610913634" lon="3.9746367931365967">
				<ele>179.0</ele>
				<time>2023-07-12T08:53:02</time>
			</trkpt>
			<trkpt lat="49.08113113604486" lon="3.9746688958257437">
				<ele>177.0</ele>
				<time>2023-07-12T08:53:04</time>
			</trkpt>
			<trkpt lat="49.081013202667236" lon="3.9747226238250732">
				<ele>176.0</ele>
				<time>2023-07-12T08:53:06</time>
			</trkpt>
			<trkpt lat="49.08083072863519" lon="3.974851369857788">
				<ele>175.0</ele>
				<time>2023-07-12T08:53:09</time>
			</trkpt>
			<trkpt lat="49.080519676208496" lon="3.9751946087926626">
				<ele>173.0</ele>
				<time>2023-07-12T08:53:16</time>
			</trkpt>
			<trkpt lat="49.08051976002753" lon="3.9751946087926626">
				<ele>172.0</ele>
				<time>2023-07-12T08:53:16</time>
			</trkpt>
			<trkpt lat="49.07980076037347" lon="3.975999355316162">
				<ele>170.0</ele>
				<time>2023-07-12T08:53:30</time>
			</trkpt>
			<trkpt lat="49.0796076413244" lon="3.9762782212346792">
				<ele>169.0</ele>
				<time>2023-07-12T08:53:34</time>
			</trkpt>
			<trkpt lat="49.07944670878351" lon="3.9766430854797363">
				<ele>168.0</ele>
				<time>2023-07-12T08:53:39</time>
			</trkpt>
			<trkpt lat="49.07918930053711" lon="3.9773725625127554">
				<ele>166.0</ele>
				<time>2023-07-12T08:53:47</time>
			</trkpt>
			<trkpt lat="49.079028367996216" lon="3.977705240249634">
				<ele>165.0</ele>
				<time>2023-07-12T08:53:52</time>
			</trkpt>
			<trkpt lat="49.07887808047235" lon="3.977876901626587">
				<ele>163.0</ele>
				<time>2023-07-12T08:53:55</time>
			</trkpt>
			<trkpt lat="49.078738605603576" lon="3.9779841899871826">
				<ele>162.0</ele>
				<time>2023-07-12T08:53:57</time>
			</trkpt>
			<trkpt lat="49.078556299209595" lon="3.9780484791845083">
				<ele>160.0</ele>
				<time>2023-07-12T08:54:00</time>
			</trkpt>
			<trkpt lat="49.078320348635316" lon="3.978080665692687">
				<ele>159.0</ele>
				<time>2023-07-12T08:54:04</time>
			</trkpt>
			<trkpt lat="49.07732239924371" lon="3.9780484791845083">
				<ele>157.0</ele>
				<time>2023-07-12T08:54:20</time>
			</trkpt>
			<trkpt lat="49.077322483062744" lon="3.9780484791845083">
				<ele>156.0</ele>
				<time>2023-07-12T08:54:20</time>
			</trkpt>
			<trkpt lat="49.07696834765375" lon="3.9779841899871826">
				<ele>154.0</ele>
				<time>2023-07-12T08:54:26</time>
			</trkpt>
			<trkpt lat="49.07666794024408" lon="3.977801715955138">
				<ele>152.0</ele>
				<time>2023-07-12T08:54:31</time>
			</trkpt>
			<trkpt lat="49.07619595527649" lon="3.9773725625127554">
				<ele>150.0</ele>
				<time>2023-07-12T08:54:40</time>
			</trkpt>
			<trkpt lat="49.07600283622742" lon="3.977276086807251">
				<ele>148.0</ele>
				<time>2023-07-12T08:54:43</time>
			</trkpt>
			<trkpt lat="49.075616681948304" lon="3.977179443463683">
				<ele>147.0</ele>
				<time>2023-07-12T08:54:49</time>
			</trkpt>
			<trkpt lat="49.07538056373596" lon="3.9771151542663574">
				<ele>145.0</ele>
				<time>2023-07-12T08:54:53</time>
			</trkpt>
			<trkpt lat="49.075230276212096" lon="3.9770078659057617">
				<ele>143.0</ele>
				<time>2023-07-12T08:54:56</time>
			</trkpt>
			<trkpt lat="49.07505861483514" lon="3.9768362045288086">
				<ele>141.0</ele>
				<time>2023-07-12T08:54:59</time>
			</trkpt>
			<trkpt lat="49.07436124049127" lon="3.9758705254644156">
				<ele>139.0</ele>
				<time>2023-07-12T08:55:14</time>
			</trkpt>
			<trkpt lat="49.074361408129334" lon="3.9758705254644156">
				<ele>137.0</ele>
				<time>2023-07-12T08:55:14</time>
			</trkpt>
			<trkpt lat="49.07413593493402" lon="3.975473642349243">
				<ele>136.0</ele>
				<time>2023-07-12T08:55:20</time>
			</trkpt>
			<trkpt lat="49.0740180015564" lon="3.9752160664647818">
				<ele>134.0</ele>
				<time>2023-07-12T08:55:23</time>
			</trkpt>
			<trkpt lat="49.07371759414673" lon="3.9742182847112417">
				<ele>131.0</ele>
				<time>2023-07-12T08:55:34</time>
			</trkpt>
			<trkpt lat="49.07358876429498" lon="3.973907148465514">
				<ele>129.0</ele>
				<time>2023-07-12T08:55:38</time>
			</trkpt>
			<trkpt lat="49.07344937324524" lon="3.973628282546997">
				<ele>128.0</ele>
				<time>2023-07-12T08:55:42</time>
			</trkpt>
			<trkpt lat="49.07322406768799" lon="3.973338520154357">
				<ele>126.0</ele>
				<time>2023-07-12T08:55:47</time>
			</trkpt>
			<trkpt lat="49.07297730445862" lon="3.9731239434331656">
				<ele>124.0</ele>
				<time>2023-07-12T08:55:51</time>
			</trkpt>
			<trkpt lat="49.07236567698419" lon="3.9728986378759146">
				<ele>122.0</ele>
				<time>2023-07-12T08:56:01</time>
			</trkpt>
			<trkpt lat="49.072151100263" lon="3.9728771802037954">
				<ele>120.0</ele>
				<time>2023-07-12T08:56:05</time>
			</trkpt>
			<trkpt lat="49.07196879386902" lon="3.9729308243840933">
				<ele>119.0</ele>
				<time>2023-07-12T08:56:08</time>
			</trkpt>
			<trkpt lat="49.071797048673034" lon="3.9730489253997803">
				<ele>117.0</ele>
				<time>2023-07-12T08:56:11</time>
			</trkpt>
			<trkpt lat="49.07162547111511" lon="3.97326341830194">
				<ele>116.0</ele>
				<time>2023-07-12T08:56:14</time>
			</trkpt>
			<trkpt lat="49.07148599624634" lon="3.973574638366699">
				<ele>115.0</ele>
				<time>2023-07-12T08:56:18</time>
			</trkpt>
			<trkpt lat="49.07138935290277" lon="3.9739178773015738">
				<ele>113.0</ele>
				<time>2023-07-12T08:56:22</time>
			</trkpt>
			<trkpt lat="49.07122842036188" lon="3.9746474381536245">
				<ele>112.0</ele>
				<time>2023-07-12T08:56:30</time>
			</trkpt>
			<trkpt lat="49.07112113200128" lon="3.9748728275299072">
				<ele>111.0</ele>
				<time>2023-07-12T08:56:33</time>
			</trkpt>
			<trkpt lat="49.071003114804626" lon="3.9750229474157095">
				<ele>110.0</ele>
				<time>2023-07-12T08:56:36</time>
			</trkpt>
			<trkpt lat="49.070777893066406" lon="3.9752376079559326">
				<ele>109.0</ele>
				<time>2023-07-12T08:56:40</time>
			</trkpt>
			<trkpt lat="49.07061696052551" lon="3.9753018971532583">
				<ele>108.0</ele>
				<time>2023-07-12T08:56:42</time>
			</trkpt>
			<trkpt lat="49.07038084231317" lon="3.9753018971532583">
				<ele>107.0</ele>
				<time>2023-07-12T08:56:46</time>
			</trkpt>
			<trkpt lat="49.07021990977228" lon="3.9752590656280518">
				<ele>106.0</ele>
				<time>2023-07-12T08:56:49</time>
			</trkpt>
			<trkpt lat="49.070048248395324" lon="3.975151777267456">
				<ele>105.0</ele>
				<time>2023-07-12T08:56:52</time>
			</trkpt>
			<trkpt lat="49.06990885734558" lon="3.9750014897435904">
				<ele>104.0</ele>
				<time>2023-07-12T08:56:55</time>
			</trkpt>
			<trkpt lat="49.069790840148926" lon="3.974776268005371">
				<ele>103.0</ele>
				<time>2023-07-12T08:56:58</time>
			</trkpt>
			<trkpt lat="49.06969428062439" lon="3.9745723363012075">
				<ele>102.0</ele>
				<time>2023-07-12T08:57:00</time>
			</trkpt>
			<trkpt lat="49.06962990760803" lon="3.974250555038452">
				<ele>100.0</ele>
				<time>2023-07-12T08:57:04</time>
			</trkpt>
			<trkpt lat="49.06962990760803" lon="3.9735424518585205">
				<ele>99.0</ele>
				<time>2023-07-12T08:57:11</time>
			</trkpt>
			<trkpt lat="49.069576347246766" lon="3.9731669425964355">
				<ele>97.0</ele>
				<time>2023-07-12T08:57:15</time>
			</trkpt>
			<trkpt lat="49.06942597590387" lon="3.9728235360234976">
				<ele>96.0</ele>
				<time>2023-07-12T08:57:20</time>
			</trkpt>
			<trkpt lat="49.06925439834595" lon="3.9726197719573975">
				<ele>94.0</ele>
				<time>2023-07-12T08:57:23</time>
			</trkpt>
			<trkpt lat="49.06915775500238" lon="3.972533941268921">
				<ele>93.0</ele>
				<time>2023-07-12T08:57:25</time>
			</trkpt>
			<trkpt lat="49.06915783882141" lon="3.972533941268921">
				<ele>91.0</ele>
				<time>2023-07-12T08:57:25</time>
			</trkpt>
			<trkpt lat="49.069029092788696" lon="3.972415840253234">
				<ele>90.0</ele>
				<time>2023-07-12T08:57:27</time>
			</trkpt>
			<trkpt lat="49.06708708964288" lon="3.9707744121551514">
				<ele>88.0</ele>
				<time>2023-07-12T08:58:03</time>
			</trkpt>
			<trkpt lat="49.06686178408563" lon="3.9706027507781982">
				<ele>87.0</ele>
				<time>2023-07-12T08:58:07</time>
			</trkpt>
			<trkpt lat="49.06642206944525" lon="3.970355987548828">
				<ele>85.0</ele>
				<time>2023-07-12T08:58:14</time>
			</trkpt>
			<trkpt lat="49.06514525413513" lon="3.9698731899261475">
				<ele>84.0</ele>
				<time>2023-07-12T08:58:35</time>
			</trkpt>
			<trkpt lat="49.06486630439758" lon="3.969669258221984">
				<ele>82.0</ele>
				<time>2023-07-12T08:58:40</time>
			</trkpt>
			<trkpt lat="49.064866388216615" lon="3.969669258221984">
				<ele>81.0</ele>
				<time>2023-07-12T08:58:40</time>
			</trkpt>
			<trkpt lat="49.06419038772583" lon="3.969143545255065">
				<ele>80.0</ele>
				<time>2023-07-12T08:58:52</time>
			</trkpt>
			<trkpt lat="49.06411520205438" lon="3.9692293759435415">
				<ele>79.0</ele>
				<time>2023-07-12T08:58:54</time>
			</trkpt>
			<trkpt lat="49.06399726867676" lon="3.969561969861388">
				<ele>78.0</ele>
				<time>2023-07-12T08:58:58</time>
			</trkpt>
			<trkpt lat="49.06384698115289" lon="3.9700769539922476">
				<ele>77.0</ele>
				<time>2023-07-12T08:59:04</time>
			</trkpt>
			<trkpt lat="49.063847064971924" lon="3.9700769539922476">
				<ele>77.0</ele>
				<time>2023-07-12T08:59:04</time>
			</trkpt>
			<trkpt lat="49.063782691955566" lon="3.970388174057007">
				<ele>76.0</ele>
				<time>2023-07-12T08:59:07</time>
			</trkpt>
			<trkpt lat="49.06366467475891" lon="3.971010446548462">
				<ele>76.0</ele>
				<time>2023-07-12T08:59:14</time>
			</trkpt>
			<trkpt lat="49.0634822845459" lon="3.9720189571380615">
				<ele>75.0</ele>
				<time>2023-07-12T08:59:25</time>
			</trkpt>
			<trkpt lat="49.06320333480835" lon="3.9740145206451416">
				<ele>75.0</ele>
				<time>2023-07-12T08:59:46</time>
			</trkpt>
			<trkpt lat="49.063096130266786" lon="3.9746474381536245">
				<ele>75.0</ele>
				<time>2023-07-12T08:59:53</time>
			</trkpt>
			<trkpt lat="49.06283847056329" lon="3.9758705254644156">
				<ele>74.0</ele>
				<time>2023-07-12T09:00:07</time>
			</trkpt>
			<trkpt lat="49.06263470649719" lon="3.9767074584960938">
				<ele>74.0</ele>
				<time>2023-07-12T09:00:16</time>
			</trkpt>
			<trkpt lat="49.0625274181366" lon="3.9769434928894043">
				<ele>74.0</ele>
				<time>2023-07-12T09:00:19</time>
			</trkpt>
			<trkpt lat="49.06225919723511" lon="3.9775013085454702">
				<ele>73.0</ele>
				<time>2023-07-12T09:00:26</time>
			</trkpt>
			<trkpt lat="49.061540365219116" lon="3.979668617248535">
				<ele>73.0</ele>
				<time>2023-07-12T09:00:52</time>
			</trkpt>
			<trkpt lat="49.06154044903815" lon="3.979668617248535">
				<ele>73.0</ele>
				<time>2023-07-12T09:00:52</time>
			</trkpt>
			<trkpt lat="49.06136870384216" lon="3.980194330215454">
				<ele>73.0</ele>
				<time>2023-07-12T09:00:58</time>
			</trkpt>
			<trkpt lat="49.0605103969574" lon="3.982822811231017">
				<ele>73.0</ele>
				<time>2023-07-12T09:01:29</time>
			</trkpt>
			<trkpt lat="49.06051048077643" lon="3.982822811231017">
				<ele>72.0</ele>
				<time>2023-07-12T09:01:29</time>
			</trkpt>
			<trkpt lat="49.060081243515015" lon="3.9841103553771973">
				<ele>72.0</ele>
				<time>2023-07-12T09:01:44</time>
			</trkpt>
			<trkpt lat="49.059566259384155" lon="3.985687494277954">
				<ele>72.0</ele>
				<time>2023-07-12T09:02:03</time>
			</trkpt>
			<trkpt lat="49.058997547253966" lon="3.987414753064513">
				<ele>72.0</ele>
				<time>2023-07-12T09:02:23</time>
			</trkpt>
			<trkpt lat="49.058879697695374" lon="3.9878009911626577">
				<ele>72.0</ele>
				<time>2023-07-12T09:02:27</time>
			</trkpt>
			<trkpt lat="49.05852556228638" lon="3.9888846036046743">
				<ele>71.0</ele>
				<time>2023-07-12T09:02:40</time>
			</trkpt>
			<trkpt lat="49.05852564610541" lon="3.9888846036046743">
				<ele>71.0</ele>
				<time>2023-07-12T09:02:40</time>
			</trkpt>
			<trkpt lat="49.057602882385254" lon="3.9917385578155518">
				<ele>71.0</ele>
				<time>2023-07-12T09:03:13</time>
			</trkpt>
			<trkpt lat="49.05738830566406" lon="3.9924036618322134">
				<ele>71.0</ele>
				<time>2023-07-12T09:03:21</time>
			</trkpt>
			<trkpt lat="49.05736684799194" lon="3.9924466609954834">
				<ele>71.0</ele>
				<time>2023-07-12T09:03:22</time>
			</trkpt>
			<trkpt lat="49.05720591545105" lon="3.992929458618164">
				<ele>71.0</ele>
				<time>2023-07-12T09:03:27</time>
			</trkpt>
			<trkpt lat="49.056551456451416" lon="3.9949142932891846">
				<ele>70.0</ele>
				<time>2023-07-12T09:03:51</time>
			</trkpt>
			<trkpt lat="49.05597201548517" lon="3.9966845512390137">
				<ele>70.0</ele>
				<time>2023-07-12T09:04:12</time>
			</trkpt>
			<trkpt lat="49.055821895599365" lon="3.997081434354186">
				<ele>70.0</ele>
				<time>2023-07-12T09:04:16</time>
			</trkpt>
			<trkpt lat="49.05577898025513" lon="3.997178077697754">
				<ele>70.0</ele>
				<time>2023-07-12T09:04:18</time>
			</trkpt>
			<trkpt lat="49.05569314956665" lon="3.9972639083862305">
				<ele>70.0</ele>
				<time>2023-07-12T09:04:19</time>
			</trkpt>
			<trkpt lat="49.05562869273126" lon="3.9972853660583496">
				<ele>70.0</ele>
				<time>2023-07-12T09:04:20</time>
			</trkpt>
			<trkpt lat="49.05550003051758" lon="3.9972317218780518">
				<ele>70.0</ele>
				<time>2023-07-12T09:04:22</time>
			</trkpt>
			<trkpt lat="49.05542492866516" lon="3.997049331665039">
				<ele>70.0</ele>
				<time>2023-07-12T09:04:25</time>
			</trkpt>
			<trkpt lat="49.05532845295966" lon="3.996952688321471">
				<ele>70.0</ele>
				<time>2023-07-12T09:04:26</time>
			</trkpt>
			<trkpt lat="49.05519962310791" lon="3.9969956036657095">
				<ele>70.0</ele>
				<time>2023-07-12T09:04:29</time>
			</trkpt>
			<trkpt lat="49.05516743659973" lon="3.9970171451568604">
				<ele>70.0</ele>
				<time>2023-07-12T09:04:29</time>
			</trkpt>
			<trkpt lat="49.055103063583374" lon="3.997145891189575">
				<ele>70.0</ele>
				<time>2023-07-12T09:04:31</time>
			</trkpt>
			<trkpt lat="49.05489921569824" lon="3.9981972333043814">
				<ele>70.0</ele>
				<time>2023-07-12T09:04:42</time>
			</trkpt>
			<trkpt lat="49.05490986071527" lon="3.998336708173156">
				<ele>70.0</ele>
				<time>2023-07-12T09:04:44</time>
			</trkpt>
			<trkpt lat="49.05496350489557" lon="3.9984976407140493">
				<ele>70.0</ele>
				<time>2023-07-12T09:04:46</time>
			</trkpt>
			<trkpt lat="49.05521026812494" lon="3.998583471402526">
				<ele>70.0</ele>
				<time>2023-07-12T09:04:50</time>
			</trkpt>
			<trkpt lat="49.055274641141295" lon="3.998583471402526">
				<ele>70.0</ele>
				<time>2023-07-12T09:04:51</time>
			</trkpt>
			<trkpt lat="49.05526399612427" lon="3.998894691467285">
				<ele>70.0</ele>
				<time>2023-07-12T09:04:54</time>
			</trkpt>
			<trkpt lat="49.05510297976434" lon="3.9995383378118277">
				<ele>70.0</ele>
				<time>2023-07-12T09:05:01</time>
			</trkpt>
			<trkpt lat="49.055103063583374" lon="3.9995383378118277">
				<ele>70.0</ele>
				<time>2023-07-12T09:05:01</time>
			</trkpt>
			<trkpt lat="49.05508152209222" lon="3.9995919819921255">
				<ele>70.0</ele>
				<time>2023-07-12T09:05:02</time>
			</trkpt>
			<trkpt lat="49.05497440136969" lon="3.999999677762389">
				<ele>71.0</ele>
				<time>2023-07-12T09:05:07</time>
			</trkpt>
			<trkpt lat="49.0549635887146" lon="4.0000855922698975">
				<ele>71.0</ele>
				<time>2023-07-12T09:05:08</time>
			</trkpt>
			<trkpt lat="49.05492075718939" lon="4.0001927968114614">
				<ele>71.0</ele>
				<time>2023-07-12T09:05:09</time>
			</trkpt>
			<trkpt lat="49.054802656173706" lon="4.00048247538507">
				<ele>71.0</ele>
				<time>2023-07-12T09:05:12</time>
			</trkpt>
			<trkpt lat="49.054631078615785" lon="4.001040458679199">
				<ele>71.0</ele>
				<time>2023-07-12T09:05:19</time>
			</trkpt>
			<trkpt lat="49.05456670559943" lon="4.0012335777282715">
				<ele>71.0</ele>
				<time>2023-07-12T09:05:21</time>
			</trkpt>
			<trkpt lat="49.05451306141913" lon="4.001437341794372">
				<ele>72.0</ele>
				<time>2023-07-12T09:05:23</time>
			</trkpt>
			<trkpt lat="49.054405773058534" lon="4.00175929069519">
				<ele>72.0</ele>
				<time>2023-07-12T09:05:27</time>
			</trkpt>
			<trkpt lat="49.054341316223145" lon="4.001973867416382">
				<ele>72.0</ele>
				<time>2023-07-12T09:05:30</time>
			</trkpt>
			<trkpt lat="49.05428767204285" lon="4.002166986465454">
				<ele>72.0</ele>
				<time>2023-07-12T09:05:32</time>
			</trkpt>
			<trkpt lat="49.05414811335504" lon="4.002671157941222">
				<ele>72.0</ele>
				<time>2023-07-12T09:05:38</time>
			</trkpt>
			<trkpt lat="49.05414819717407" lon="4.002671157941222">
				<ele>72.0</ele>
				<time>2023-07-12T09:05:38</time>
			</trkpt>
			<trkpt lat="49.054116010665894" lon="4.002789258956909">
				<ele>72.0</ele>
				<time>2023-07-12T09:05:39</time>
			</trkpt>
			<trkpt lat="49.05405172146857" lon="4.003036022186279">
				<ele>73.0</ele>
				<time>2023-07-12T09:05:42</time>
			</trkpt>
			<trkpt lat="49.05403026379645" lon="4.003132497891784">
				<ele>73.0</ele>
				<time>2023-07-12T09:05:43</time>
			</trkpt>
			<trkpt lat="49.053890788927674" lon="4.003626108169556">
				<ele>73.0</ele>
				<time>2023-07-12T09:05:49</time>
			</trkpt>
			<trkpt lat="49.05363312922418" lon="4.004312753677368">
				<ele>73.0</ele>
				<time>2023-07-12T09:05:57</time>
			</trkpt>
			<trkpt lat="49.05355819500983" lon="4.004516517743468">
				<ele>73.0</ele>
				<time>2023-07-12T09:05:59</time>
			</trkpt>
			<trkpt lat="49.05352592468262" lon="4.004645347595215">
				<ele>73.0</ele>
				<time>2023-07-12T09:06:01</time>
			</trkpt>
			<trkpt lat="49.05348309315741" lon="4.004806280136108">
				<ele>74.0</ele>
				<time>2023-07-12T09:06:03</time>
			</trkpt>
			<trkpt lat="49.05344001017511" lon="4.004945671185851">
				<ele>74.0</ele>
				<time>2023-07-12T09:06:04</time>
			</trkpt>
			<trkpt lat="49.053343618288636" lon="4.005299722775817">
				<ele>74.0</ele>
				<time>2023-07-12T09:06:08</time>
			</trkpt>
			<trkpt lat="49.053300619125366" lon="4.005439197644591">
				<ele>74.0</ele>
				<time>2023-07-12T09:06:10</time>
			</trkpt>
			<trkpt lat="49.05326851643622" lon="4.005568027496338">
				<ele>74.0</ele>
				<time>2023-07-12T09:06:11</time>
			</trkpt>
			<trkpt lat="49.05326843261719" lon="4.005568027496338">
				<ele>74.0</ele>
				<time>2023-07-12T09:06:11</time>
			</trkpt>
			<trkpt lat="49.05322551727295" lon="4.005750417709351">
				<ele>74.0</ele>
				<time>2023-07-12T09:06:13</time>
			</trkpt>
			<trkpt lat="49.0530002117157" lon="4.006554996594787">
				<ele>74.0</ele>
				<time>2023-07-12T09:06:22</time>
			</trkpt>
			<trkpt lat="49.05296810902655" lon="4.006673013791442">
				<ele>74.0</ele>
				<time>2023-07-12T09:06:24</time>
			</trkpt>
			<trkpt lat="49.0528929233551" lon="4.006984233856201">
				<ele>74.0</ele>
				<time>2023-07-12T09:06:27</time>
			</trkpt>
			<trkpt lat="49.052882278338075" lon="4.007027065381408">
				<ele>74.0</ele>
				<time>2023-07-12T09:06:28</time>
			</trkpt>
			<trkpt lat="49.05278563499451" lon="4.007413387298584">
				<ele>74.0</ele>
				<time>2023-07-12T09:06:32</time>
			</trkpt>
			<trkpt lat="49.052689159289" lon="4.007745981216431">
				<ele>74.0</ele>
				<time>2023-07-12T09:06:36</time>
			</trkpt>
			<trkpt lat="49.05264616012573" lon="4.007960557937622">
				<ele>74.0</ele>
				<time>2023-07-12T09:06:38</time>
			</trkpt>
			<trkpt lat="49.05256041325629" lon="4.008368253707886">
				<ele>74.0</ele>
				<time>2023-07-12T09:06:43</time>
			</trkpt>
			<trkpt lat="49.05253887176514" lon="4.008486187085509">
				<ele>74.0</ele>
				<time>2023-07-12T09:06:44</time>
			</trkpt>
			<trkpt lat="49.05249587260187" lon="4.008593559265137">
				<ele>74.0</ele>
				<time>2023-07-12T09:06:45</time>
			</trkpt>
			<trkpt lat="49.052388751879334" lon="4.009237289428711">
				<ele>74.0</ele>
				<time>2023-07-12T09:06:52</time>
			</trkpt>
			<trkpt lat="49.052324295043945" lon="4.009784460067749">
				<ele>74.0</ele>
				<time>2023-07-12T09:06:58</time>
			</trkpt>
			<trkpt lat="49.05225992202759" lon="4.010159969329834">
				<ele>73.0</ele>
				<time>2023-07-12T09:07:02</time>
			</trkpt>
			<trkpt lat="49.05215263366699" lon="4.010921632871032">
				<ele>73.0</ele>
				<time>2023-07-12T09:07:10</time>
			</trkpt>
			<trkpt lat="49.05212044715881" lon="4.0110289212316275">
				<ele>73.0</ele>
				<time>2023-07-12T09:07:12</time>
			</trkpt>
			<trkpt lat="49.05208834446967" lon="4.01125431060791">
				<ele>73.0</ele>
				<time>2023-07-12T09:07:14</time>
			</trkpt>
			<trkpt lat="49.05207744799554" lon="4.011340141296387">
				<ele>72.0</ele>
				<time>2023-07-12T09:07:15</time>
			</trkpt>
			<trkpt lat="49.05213117599487" lon="4.011447429656982">
				<ele>72.0</ele>
				<time>2023-07-12T09:07:16</time>
			</trkpt>
			<trkpt lat="49.05217409133911" lon="4.01150107383728">
				<ele>72.0</ele>
				<time>2023-07-12T09:07:17</time>
			</trkpt>
			<trkpt lat="49.05229210853577" lon="4.011565363034606">
				<ele>72.0</ele>
				<time>2023-07-12T09:07:19</time>
			</trkpt>
			<trkpt lat="49.05238858424127" lon="4.011576175689697">
				<ele>72.0</ele>
				<time>2023-07-12T09:07:21</time>
			</trkpt>
			<trkpt lat="49.05346498824656" lon="4.0120490826666355">
				<ele>71.0</ele>
				<time>2023-07-12T09:07:39</time>
			</trkpt>
			<trkpt lat="49.05346507206559" lon="4.012049166485667">
				<ele>71.0</ele>
				<time>2023-07-12T09:07:39</time>
			</trkpt>
			<trkpt lat="49.05346498824656" lon="4.0120490826666355">
				<ele>71.0</ele>
				<time>2023-07-12T09:07:39</time>
			</trkpt>
			<trkpt lat="49.054073011502624" lon="4.012316465377808">
				<ele>71.0</ele>
				<time>2023-07-12T09:07:49</time>
			</trkpt>
			<trkpt lat="49.055240359157324" lon="4.012780990451574">
				<ele>72.0</ele>
				<time>2023-07-12T09:08:08</time>
			</trkpt>
			<trkpt lat="49.05528553761542" lon="4.012799179181457">
				<ele>72.0</ele>
				<time>2023-07-12T09:08:09</time>
			</trkpt>
			<trkpt lat="49.055317556485534" lon="4.012573873624206">
				<ele>72.0</ele>
				<time>2023-07-12T09:08:11</time>
			</trkpt>
			<trkpt lat="49.05642279423773" lon="4.012391483411193">
				<ele>73.0</ele>
				<time>2023-07-12T09:08:29</time>
			</trkpt>
			<trkpt lat="49.0564227104187" lon="4.012391483411193">
				<ele>74.0</ele>
				<time>2023-07-12T09:08:29</time>
			</trkpt>
			<trkpt lat="49.05693777836859" lon="4.012305652722716">
				<ele>75.0</ele>
				<time>2023-07-12T09:08:38</time>
			</trkpt>
			<trkpt lat="49.05693769454956" lon="4.012305652722716">
				<ele>76.0</ele>
				<time>2023-07-12T09:08:38</time>
			</trkpt>
			<trkpt lat="49.05707725323737" lon="4.012313196435571">
				<ele>77.0</ele>
				<time>2023-07-12T09:08:40</time>
			</trkpt>
			<trkpt lat="49.057130897417665" lon="4.012316465377808">
				<ele>80.0</ele>
				<time>2023-07-12T09:08:41</time>
			</trkpt>
			<trkpt lat="49.057345390319824" lon="4.012477397918701">
				<ele>82.0</ele>
				<time>2023-07-12T09:08:44</time>
			</trkpt>
			<trkpt lat="49.05742040835321" lon="4.012584686279297">
				<ele>85.0</ele>
				<time>2023-07-12T09:08:46</time>
			</trkpt>
			<trkpt lat="49.05745259486139" lon="4.01271334849298">
				<ele>87.0</ele>
				<time>2023-07-12T09:08:48</time>
			</trkpt>
			<trkpt lat="49.05747405253351" lon="4.013035213574767">
				<ele>90.0</ele>
				<time>2023-07-12T09:08:51</time>
			</trkpt>
			<trkpt lat="49.05749559402466" lon="4.013142501935363">
				<ele>94.0</ele>
				<time>2023-07-12T09:08:52</time>
			</trkpt>
			<trkpt lat="49.05749551020563" lon="4.013142501935363">
				<ele>97.0</ele>
				<time>2023-07-12T09:08:52</time>
			</trkpt>
			<trkpt lat="49.05778527259827" lon="4.0138506051152945">
				<ele>102.0</ele>
				<time>2023-07-12T09:09:01</time>
			</trkpt>
			<trkpt lat="49.05772089958191" lon="4.0152989979833364">
				<ele>107.0</ele>
				<time>2023-07-12T09:09:16</time>
			</trkpt>
			<trkpt lat="49.05774235725403" lon="4.015363454818726">
				<ele>111.0</ele>
				<time>2023-07-12T09:09:17</time>
			</trkpt>
			<trkpt lat="49.05801057815552" lon="4.01574969291687">
				<ele>117.0</ele>
				<time>2023-07-12T09:09:23</time>
			</trkpt>
			<trkpt lat="49.058064222335815" lon="4.015813982114196">
				<ele>122.0</ele>
				<time>2023-07-12T09:09:24</time>
			</trkpt>
			<trkpt lat="49.05821434222162" lon="4.015932083129883">
				<ele>127.0</ele>
				<time>2023-07-12T09:09:27</time>
			</trkpt>
			<trkpt lat="49.058836698532104" lon="4.016168033704162">
				<ele>133.0</ele>
				<time>2023-07-12T09:09:37</time>
			</trkpt>
			<trkpt lat="49.05971654690802" lon="4.016693746671081">
				<ele>139.0</ele>
				<time>2023-07-12T09:09:52</time>
			</trkpt>
			<trkpt lat="49.06036010943353" lon="4.0170692559331656">
				<ele>145.0</ele>
				<time>2023-07-12T09:10:03</time>
			</trkpt>
			<trkpt lat="49.060596227645874" lon="4.017101442441344">
				<ele>151.0</ele>
				<time>2023-07-12T09:10:07</time>
			</trkpt>
			<trkpt lat="49.06085363589227" lon="4.0171122550964355">
				<ele>156.0</ele>
				<time>2023-07-12T09:10:11</time>
			</trkpt>
			<trkpt lat="49.06090728007257" lon="4.017133712768555">
				<ele>161.0</ele>
				<time>2023-07-12T09:10:12</time>
			</trkpt>
			<trkpt lat="49.06140080653131" lon="4.01745549403131">
				<ele>167.0</ele>
				<time>2023-07-12T09:10:20</time>
			</trkpt>
			<trkpt lat="49.061808502301574" lon="4.017648696899414">
				<ele>172.0</ele>
				<time>2023-07-12T09:10:27</time>
			</trkpt>
			<trkpt lat="49.062055349349976" lon="4.017766714096069">
				<ele>177.0</ele>
				<time>2023-07-12T09:10:31</time>
			</trkpt>
			<trkpt lat="49.062345027923584" lon="4.018270885571837">
				<ele>182.0</ele>
				<time>2023-07-12T09:10:38</time>
			</trkpt>
			<trkpt lat="49.0625274181366" lon="4.0185927506536245">
				<ele>187.0</ele>
				<time>2023-07-12T09:10:43</time>
			</trkpt>
			<trkpt lat="49.06268835067749" lon="4.0189682599157095">
				<ele>191.0</ele>
				<time>2023-07-12T09:10:48</time>
			</trkpt>
			<trkpt lat="49.06293511390686" lon="4.019279396161437">
				<ele>195.0</ele>
				<time>2023-07-12T09:10:53</time>
			</trkpt>
			<trkpt lat="49.06296730041504" lon="4.019386684522033">
				<ele>198.0</ele>
				<time>2023-07-12T09:10:54</time>
			</trkpt>
			<trkpt lat="49.06301021575928" lon="4.019848024472594">
				<ele>201.0</ele>
				<time>2023-07-12T09:10:59</time>
			</trkpt>
			<trkpt lat="49.06299948692322" lon="4.020438110455871">
				<ele>204.0</ele>
				<time>2023-07-12T09:11:05</time>
			</trkpt>
			<trkpt lat="49.062999403104186" lon="4.021510994061828">
				<ele>206.0</ele>
				<time>2023-07-12T09:11:16</time>
			</trkpt>
			<trkpt lat="49.063053047284484" lon="4.023259878158569">
				<ele>209.0</ele>
				<time>2023-07-12T09:11:35</time>
			</trkpt>
			<trkpt lat="49.063310623168945" lon="4.024858390912414">
				<ele>211.0</ele>
				<time>2023-07-12T09:11:52</time>
			</trkpt>
			<trkpt lat="49.06338564120233" lon="4.025169610977173">
				<ele>212.0</ele>
				<time>2023-07-12T09:11:55</time>
			</trkpt>
			<trkpt lat="49.063514387235045" lon="4.0255773067474365">
				<ele>214.0</ele>
				<time>2023-07-12T09:12:00</time>
			</trkpt>
			<trkpt lat="49.063761150464416" lon="4.026242410764098">
				<ele>215.0</ele>
				<time>2023-07-12T09:12:08</time>
			</trkpt>
			<trkpt lat="49.063825607299805" lon="4.026381885632873">
				<ele>216.0</ele>
				<time>2023-07-12T09:12:10</time>
			</trkpt>
			<trkpt lat="49.06390062533319" lon="4.02649998664856">
				<ele>217.0</ele>
				<time>2023-07-12T09:12:12</time>
			</trkpt>
			<trkpt lat="49.064254676923156" lon="4.026929056271911">
				<ele>218.0</ele>
				<time>2023-07-12T09:12:19</time>
			</trkpt>
			<trkpt lat="49.0644907951355" lon="4.02724027633667">
				<ele>218.0</ele>
				<time>2023-07-12T09:12:24</time>
			</trkpt>
			<trkpt lat="49.06450152397156" lon="4.027250921353698">
				<ele>218.0</ele>
				<time>2023-07-12T09:12:24</time>
			</trkpt>
			<trkpt lat="49.06467318534851" lon="4.027637159451842">
				<ele>218.0</ele>
				<time>2023-07-12T09:12:29</time>
			</trkpt>
			<trkpt lat="49.06472682952881" lon="4.027712261304259">
				<ele>218.0</ele>
				<time>2023-07-12T09:12:30</time>
			</trkpt>
			<trkpt lat="49.064801847562194" lon="4.02769080363214">
				<ele>217.0</ele>
				<time>2023-07-12T09:12:31</time>
			</trkpt>
			<trkpt lat="49.06507006846368" lon="4.027454853057861">
				<ele>217.0</ele>
				<time>2023-07-12T09:12:36</time>
			</trkpt>
			<trkpt lat="49.06527400016785" lon="4.027680158615112">
				<ele>216.0</ele>
				<time>2023-07-12T09:12:40</time>
			</trkpt>
			<trkpt lat="49.06547784805298" lon="4.027712261304259">
				<ele>214.0</ele>
				<time>2023-07-12T09:12:44</time>
			</trkpt>
			<trkpt lat="49.065842712298036" lon="4.028334533795714">
				<ele>213.0</ele>
				<time>2023-07-12T09:12:52</time>
			</trkpt>
			<trkpt lat="49.065842628479004" lon="4.028334533795714">
				<ele>211.0</ele>
				<time>2023-07-12T09:12:52</time>
			</trkpt>
			<trkpt lat="49.06640044413507" lon="4.02924656867981">
				<ele>209.0</ele>
				<time>2023-07-12T09:13:06</time>
			</trkpt>
			<trkpt lat="49.066604459658265" lon="4.02949333190918">
				<ele>207.0</ele>
				<time>2023-07-12T09:13:10</time>
			</trkpt>
			<trkpt lat="49.067119443789124" lon="4.029836570844054">
				<ele>204.0</ele>
				<time>2023-07-12T09:13:19</time>
			</trkpt>
			<trkpt lat="49.06714081764221" lon="4.029858112335205">
				<ele>202.0</ele>
				<time>2023-07-12T09:13:19</time>
			</trkpt>
			<trkpt lat="49.067044258117676" lon="4.030845081433654">
				<ele>199.0</ele>
				<time>2023-07-12T09:13:30</time>
			</trkpt>
			<trkpt lat="49.06697988510132" lon="4.031091844663024">
				<ele>196.0</ele>
				<time>2023-07-12T09:13:32</time>
			</trkpt>
			<trkpt lat="49.06687251292169" lon="4.031338607892394">
				<ele>193.0</ele>
				<time>2023-07-12T09:13:35</time>
			</trkpt>
			<trkpt lat="49.06657210551202" lon="4.03197169303894">
				<ele>190.0</ele>
				<time>2023-07-12T09:13:44</time>
			</trkpt>
			<trkpt lat="49.06643263064325" lon="4.0321433544158936">
				<ele>186.0</ele>
				<time>2023-07-12T09:13:47</time>
			</trkpt>
			<trkpt lat="49.06625032424927" lon="4.032250642776489">
				<ele>183.0</ele>
				<time>2023-07-12T09:13:50</time>
			</trkpt>
			<trkpt lat="49.06616457737982" lon="4.032272100448608">
				<ele>179.0</ele>
				<time>2023-07-12T09:13:51</time>
			</trkpt>
			<trkpt lat="49.065788984298706" lon="4.032347118481994">
				<ele>175.0</ele>
				<time>2023-07-12T09:13:57</time>
			</trkpt>
			<trkpt lat="49.065595865249634" lon="4.032454406842589">
				<ele>172.0</ele>
				<time>2023-07-12T09:14:00</time>
			</trkpt>
			<trkpt lat="49.0654993057251" lon="4.032583152875304">
				<ele>168.0</ele>
				<time>2023-07-12T09:14:02</time>
			</trkpt>
			<trkpt lat="49.06511306762695" lon="4.033312797546387">
				<ele>163.0</ele>
				<time>2023-07-12T09:14:12</time>
			</trkpt>
			<trkpt lat="49.065048610791564" lon="4.033398544415832">
				<ele>159.0</ele>
				<time>2023-07-12T09:14:14</time>
			</trkpt>
			<trkpt lat="49.064748203381896" lon="4.033731138333678">
				<ele>155.0</ele>
				<time>2023-07-12T09:14:20</time>
			</trkpt>
			<trkpt lat="49.06472682952881" lon="4.033795595169067">
				<ele>151.0</ele>
				<time>2023-07-12T09:14:20</time>
			</trkpt>
			<trkpt lat="49.0646945592016" lon="4.033956527709961">
				<ele>147.0</ele>
				<time>2023-07-12T09:14:22</time>
			</trkpt>
			<trkpt lat="49.06467326916754" lon="4.034868478775024">
				<ele>143.0</ele>
				<time>2023-07-12T09:14:32</time>
			</trkpt>
			<trkpt lat="49.064619624987245" lon="4.03642407618463">
				<ele>139.0</ele>
				<time>2023-07-12T09:14:48</time>
			</trkpt>
			<trkpt lat="49.064619624987245" lon="4.036542093381286">
				<ele>135.0</ele>
				<time>2023-07-12T09:14:49</time>
			</trkpt>
			<trkpt lat="49.06460872851312" lon="4.037797451019287">
				<ele>131.0</ele>
				<time>2023-07-12T09:15:02</time>
			</trkpt>
			<trkpt lat="49.06441569328308" lon="4.039299488067627">
				<ele>127.0</ele>
				<time>2023-07-12T09:15:19</time>
			</trkpt>
			<trkpt lat="49.064286863431334" lon="4.040458118543029">
				<ele>123.0</ele>
				<time>2023-07-12T09:15:31</time>
			</trkpt>
			<trkpt lat="49.0642870310694" lon="4.040458118543029">
				<ele>120.0</ele>
				<time>2023-07-12T09:15:31</time>
			</trkpt>
			<trkpt lat="49.064126098528504" lon="4.0425074100494385">
				<ele>116.0</ele>
				<time>2023-07-12T09:15:52</time>
			</trkpt>
			<trkpt lat="49.064093828201294" lon="4.043108224868774">
				<ele>113.0</ele>
				<time>2023-07-12T09:15:59</time>
			</trkpt>
			<trkpt lat="49.06409374438226" lon="4.043108224868774">
				<ele>111.0</ele>
				<time>2023-07-12T09:15:59</time>
			</trkpt>
			<trkpt lat="49.06420103274286" lon="4.043140411376953">
				<ele>108.0</ele>
				<time>2023-07-12T09:16:01</time>
			</trkpt>
			<trkpt lat="49.06429775990546" lon="4.0432368870824575">
				<ele>106.0</ele>
				<time>2023-07-12T09:16:02</time>
			</trkpt>
			<trkpt lat="49.06434050761163" lon="4.043322801589966">
				<ele>104.0</ele>
				<time>2023-07-12T09:16:04</time>
			</trkpt>
			<trkpt lat="49.064351320266724" lon="4.043483650311828">
				<ele>102.0</ele>
				<time>2023-07-12T09:16:05</time>
			</trkpt>
			<trkpt lat="49.06437277793884" lon="4.043816328048706">
				<ele>100.0</ele>
				<time>2023-07-12T09:16:09</time>
			</trkpt>
			<trkpt lat="49.064394319429994" lon="4.0439558029174805">
				<ele>99.0</ele>
				<time>2023-07-12T09:16:10</time>
			</trkpt>
			<trkpt lat="49.06444787979126" lon="4.044073736295104">
				<ele>97.0</ele>
				<time>2023-07-12T09:16:12</time>
			</trkpt>
			<trkpt lat="49.064544439315796" lon="4.044234752655029">
				<ele>96.0</ele>
				<time>2023-07-12T09:16:14</time>
			</trkpt>
			<trkpt lat="49.06461954116821" lon="4.044288396835327">
				<ele>95.0</ele>
				<time>2023-07-12T09:16:15</time>
			</trkpt>
			<trkpt lat="49.06471601687372" lon="4.044320499524474">
				<ele>93.0</ele>
				<time>2023-07-12T09:16:17</time>
			</trkpt>
			<trkpt lat="49.06603583134711" lon="4.04442778788507">
				<ele>92.0</ele>
				<time>2023-07-12T09:16:38</time>
			</trkpt>
			<trkpt lat="49.066035747528076" lon="4.04442778788507">
				<ele>91.0</ele>
				<time>2023-07-12T09:16:38</time>
			</trkpt>
			<trkpt lat="49.06662583351135" lon="4.044524431228638">
				<ele>90.0</ele>
				<time>2023-07-12T09:16:48</time>
			</trkpt>
			<trkpt lat="49.06688332557678" lon="4.044588720425963">
				<ele>90.0</ele>
				<time>2023-07-12T09:16:52</time>
			</trkpt>
			<trkpt lat="49.067044258117676" lon="4.044696092605591">
				<ele>89.0</ele>
				<time>2023-07-12T09:16:55</time>
			</trkpt>
			<trkpt lat="49.06725883483887" lon="4.044942772015929">
				<ele>88.0</ele>
				<time>2023-07-12T09:16:59</time>
			</trkpt>
			<trkpt lat="49.067366207018495" lon="4.045125246047974">
				<ele>87.0</ele>
				<time>2023-07-12T09:17:01</time>
			</trkpt>
			<trkpt lat="49.06743049621582" lon="4.045286178588867">
				<ele>87.0</ele>
				<time>2023-07-12T09:17:03</time>
			</trkpt>
			<trkpt lat="49.06750559806824" lon="4.045672416687012">
				<ele>86.0</ele>
				<time>2023-07-12T09:17:08</time>
			</trkpt>
			<trkpt lat="49.067516243085265" lon="4.045919179916382">
				<ele>86.0</ele>
				<time>2023-07-12T09:17:10</time>
			</trkpt>
			<trkpt lat="49.0675163269043" lon="4.045994281768799">
				<ele>85.0</ele>
				<time>2023-07-12T09:17:11</time>
			</trkpt>
			<trkpt lat="49.06744122505188" lon="4.046412706375122">
				<ele>85.0</ele>
				<time>2023-07-12T09:17:16</time>
			</trkpt>
			<trkpt lat="49.06744122505188" lon="4.04645562171936">
				<ele>84.0</ele>
				<time>2023-07-12T09:17:16</time>
			</trkpt>
			<trkpt lat="49.067344665527344" lon="4.046874046325684">
				<ele>84.0</ele>
				<time>2023-07-12T09:17:21</time>
			</trkpt>
			<trkpt lat="49.068546295166016" lon="4.0474318619817495">
				<ele>84.0</ele>
				<time>2023-07-12T09:17:41</time>
			</trkpt>
			<trkpt lat="49.06854637898505" lon="4.0474318619817495">
				<ele>84.0</ele>
				<time>2023-07-12T09:17:41</time>
			</trkpt>
			<trkpt lat="49.06872876919806" lon="4.047528505325317">
				<ele>84.0</ele>
				<time>2023-07-12T09:17:44</time>
			</trkpt>
			<trkpt lat="49.068836057558656" lon="4.047582149505615">
				<ele>84.0</ele>
				<time>2023-07-12T09:17:46</time>
			</trkpt>
			<trkpt lat="49.069039821624756" lon="4.04766789637506">
				<ele>84.0</ele>
				<time>2023-07-12T09:17:49</time>
			</trkpt>
			<trkpt lat="49.0691792126745" lon="4.04771089553833">
				<ele>84.0</ele>
				<time>2023-07-12T09:17:51</time>
			</trkpt>
			<trkpt lat="49.0693724155426" lon="4.047796726226807">
				<ele>84.0</ele>
				<time>2023-07-12T09:17:55</time>
			</trkpt>
			<trkpt lat="49.069533348083496" lon="4.047882556915283">
				<ele>84.0</ele>
				<time>2023-07-12T09:17:57</time>
			</trkpt>
			<trkpt lat="49.06962990760803" lon="4.047936201095581">
				<ele>84.0</ele>
				<time>2023-07-12T09:17:59</time>
			</trkpt>
			<trkpt lat="49.06991958618164" lon="4.048193609341979">
				<ele>84.0</ele>
				<time>2023-07-12T09:18:04</time>
			</trkpt>
			<trkpt lat="49.06993039883673" lon="4.04820442199707">
				<ele>84.0</ele>
				<time>2023-07-12T09:18:05</time>
			</trkpt>
			<trkpt lat="49.070026790723205" lon="4.048290252685547">
				<ele>84.0</ele>
				<time>2023-07-12T09:18:06</time>
			</trkpt>
			<trkpt lat="49.0701340790838" lon="4.048440372571349">
				<ele>84.0</ele>
				<time>2023-07-12T09:18:09</time>
			</trkpt>
			<trkpt lat="49.07013416290283" lon="4.048440372571349">
				<ele>84.0</ele>
				<time>2023-07-12T09:18:09</time>
			</trkpt>
			<trkpt lat="49.07016634941101" lon="4.048483287915587">
				<ele>84.0</ele>
				<time>2023-07-12T09:18:09</time>
			</trkpt>
			<trkpt lat="49.070509588345885" lon="4.049019813537598">
				<ele>84.0</ele>
				<time>2023-07-12T09:18:17</time>
			</trkpt>
			<trkpt lat="49.07059541903436" lon="4.049245035275817">
				<ele>85.0</ele>
				<time>2023-07-12T09:18:20</time>
			</trkpt>
			<trkpt lat="49.07059541903436" lon="4.049481153488159">
				<ele>85.0</ele>
				<time>2023-07-12T09:18:22</time>
			</trkpt>
			<trkpt lat="49.070488130673766" lon="4.050800716504455">
				<ele>85.0</ele>
				<time>2023-07-12T09:18:36</time>
			</trkpt>
			<trkpt lat="49.070509588345885" lon="4.050983190536499">
				<ele>85.0</ele>
				<time>2023-07-12T09:18:38</time>
			</trkpt>
			<trkpt lat="49.070541774854064" lon="4.051101123914123">
				<ele>85.0</ele>
				<time>2023-07-12T09:18:40</time>
			</trkpt>
			<trkpt lat="49.07109975814819" lon="4.0520774479955435">
				<ele>85.0</ele>
				<time>2023-07-12T09:18:53</time>
			</trkpt>
			<trkpt lat="49.074801206588745" lon="4.058858072385192">
				<ele>86.0</ele>
				<time>2023-07-12T09:20:26</time>
			</trkpt>
			<trkpt lat="49.07480129040778" lon="4.058858072385192">
				<ele>86.0</ele>
				<time>2023-07-12T09:20:26</time>
			</trkpt>
			<trkpt lat="49.07505861483514" lon="4.059308767318726">
				<ele>86.0</ele>
				<time>2023-07-12T09:20:32</time>
			</trkpt>
			<trkpt lat="49.07511225901544" lon="4.059544717893004">
				<ele>86.0</ele>
				<time>2023-07-12T09:20:35</time>
			</trkpt>
			<trkpt lat="49.075037157163024" lon="4.059566175565124">
				<ele>86.0</ele>
				<time>2023-07-12T09:20:36</time>
			</trkpt>
			<trkpt lat="49.0749728679657" lon="4.0596091747283936">
				<ele>86.0</ele>
				<time>2023-07-12T09:20:37</time>
			</trkpt>
			<trkpt lat="49.0749192237854" lon="4.05969500541687">
				<ele>87.0</ele>
				<time>2023-07-12T09:20:38</time>
			</trkpt>
			<trkpt lat="49.07488712109625" lon="4.0597914811223745">
				<ele>87.0</ele>
				<time>2023-07-12T09:20:39</time>
			</trkpt>
			<trkpt lat="49.07487622462213" lon="4.05989876948297">
				<ele>87.0</ele>
				<time>2023-07-12T09:20:41</time>
			</trkpt>
			<trkpt lat="49.07488703727722" lon="4.059995412826538">
				<ele>87.0</ele>
				<time>2023-07-12T09:20:42</time>
			</trkpt>
			<trkpt lat="49.0749192237854" lon="4.060102701187134">
				<ele>87.0</ele>
				<time>2023-07-12T09:20:43</time>
			</trkpt>
			<trkpt lat="49.07495141029358" lon="4.06014553271234">
				<ele>87.0</ele>
				<time>2023-07-12T09:20:44</time>
			</trkpt>
			<trkpt lat="49.07501578330994" lon="4.0602099895477295">
				<ele>88.0</ele>
				<time>2023-07-12T09:20:45</time>
			</trkpt>
			<trkpt lat="49.075123155489564" lon="4.060231447219849">
				<ele>88.0</ele>
				<time>2023-07-12T09:20:47</time>
			</trkpt>
			<trkpt lat="49.07520890235901" lon="4.060199176892638">
				<ele>88.0</ele>
				<time>2023-07-12T09:20:48</time>
			</trkpt>
			<trkpt lat="49.07526254653931" lon="4.0601348876953125">
				<ele>88.0</ele>
				<time>2023-07-12T09:20:49</time>
			</trkpt>
			<trkpt lat="49.07530537806451" lon="4.060059702023864">
				<ele>88.0</ele>
				<time>2023-07-12T09:20:50</time>
			</trkpt>
			<trkpt lat="49.07597064971924" lon="4.060564041137695">
				<ele>88.0</ele>
				<time>2023-07-12T09:21:02</time>
			</trkpt>
			<trkpt lat="49.07676458358765" lon="4.061218500137329">
				<ele>89.0</ele>
				<time>2023-07-12T09:21:16</time>
			</trkpt>
			<trkpt lat="49.07694688998163" lon="4.061379432678223">
				<ele>89.0</ele>
				<time>2023-07-12T09:21:20</time>
			</trkpt>
			<trkpt lat="49.07721511088312" lon="4.061744129285216">
				<ele>89.0</ele>
				<time>2023-07-12T09:21:26</time>
			</trkpt>
			<trkpt lat="49.077536975964904" lon="4.062205469235778">
				<ele>89.0</ele>
				<time>2023-07-12T09:21:33</time>
			</trkpt>
			<trkpt lat="49.0783953666687" lon="4.063611030578613">
				<ele>89.0</ele>
				<time>2023-07-12T09:21:53</time>
			</trkpt>
			<trkpt lat="49.078781604766846" lon="4.064244031906128">
				<ele>90.0</ele>
				<time>2023-07-12T09:22:02</time>
			</trkpt>
			<trkpt lat="49.079117299988866" lon="4.064895724877715">
				<ele>90.0</ele>
				<time>2023-07-12T09:22:11</time>
			</trkpt>
			<trkpt lat="49.07910028472543" lon="4.064913829788566">
				<ele>90.0</ele>
				<time>2023-07-12T09:22:11</time>
			</trkpt>
			<trkpt lat="49.07914697192609" lon="4.06500393524766">
				<ele>90.0</ele>
				<time>2023-07-12T09:22:12</time>
			</trkpt>
			<trkpt lat="49.07916138879955" lon="4.064991865307093">
				<ele>91.0</ele>
				<time>2023-07-12T09:22:12</time>
			</trkpt>
			<trkpt lat="49.079328775405884" lon="4.06543493270874">
				<ele>91.0</ele>
				<time>2023-07-12T09:22:18</time>
			</trkpt>
			<trkpt lat="49.079532539471984" lon="4.066089391708374">
				<ele>91.0</ele>
				<time>2023-07-12T09:22:25</time>
			</trkpt>
			<trkpt lat="49.07962918281555" lon="4.0665507316589355">
				<ele>91.0</ele>
				<time>2023-07-12T09:22:30</time>
			</trkpt>
			<trkpt lat="49.07988659106195" lon="4.0683316346257925">
				<ele>92.0</ele>
				<time>2023-07-12T09:22:50</time>
			</trkpt>
			<trkpt lat="49.080036878585815" lon="4.069576263427734">
				<ele>92.0</ele>
				<time>2023-07-12T09:23:03</time>
			</trkpt>
			<trkpt lat="49.080272912979126" lon="4.071013927459717">
				<ele>92.0</ele>
				<time>2023-07-12T09:23:18</time>
			</trkpt>
			<trkpt lat="49.08027299679816" lon="4.071013927459717">
				<ele>92.0</ele>
				<time>2023-07-12T09:23:18</time>
			</trkpt>
			<trkpt lat="49.0803587436676" lon="4.071786403656006">
				<ele>93.0</ele>
				<time>2023-07-12T09:23:27</time>
			</trkpt>
			<trkpt lat="49.08036938868463" lon="4.072301387786865">
				<ele>93.0</ele>
				<time>2023-07-12T09:23:32</time>
			</trkpt>
			<trkpt lat="49.08034801483154" lon="4.07263389788568">
				<ele>93.0</ele>
				<time>2023-07-12T09:23:35</time>
			</trkpt>
			<trkpt lat="49.08034793101251" lon="4.07267689704895">
				<ele>94.0</ele>
				<time>2023-07-12T09:23:36</time>
			</trkpt>
			<trkpt lat="49.08034801483154" lon="4.07267689704895">
				<ele>94.0</ele>
				<time>2023-07-12T09:23:36</time>
			</trkpt>
			<trkpt lat="49.08033728599548" lon="4.072837829589844">
				<ele>95.0</ele>
				<time>2023-07-12T09:23:38</time>
			</trkpt>
			<trkpt lat="49.07944670878351" lon="4.079350233078003">
				<ele>95.0</ele>
				<time>2023-07-12T09:24:47</time>
			</trkpt>
			<trkpt lat="49.07941452227533" lon="4.080015337094665">
				<ele>96.0</ele>
				<time>2023-07-12T09:24:54</time>
			</trkpt>
			<trkpt lat="49.07943606376648" lon="4.080530321225524">
				<ele>96.0</ele>
				<time>2023-07-12T09:25:00</time>
			</trkpt>
			<trkpt lat="49.07944670878351" lon="4.080712795257568">
				<ele>96.0</ele>
				<time>2023-07-12T09:25:02</time>
			</trkpt>
			<trkpt lat="49.07944679260254" lon="4.080712795257568">
				<ele>97.0</ele>
				<time>2023-07-12T09:25:02</time>
			</trkpt>
			<trkpt lat="49.07950043678284" lon="4.081163322553039">
				<ele>97.0</ele>
				<time>2023-07-12T09:25:07</time>
			</trkpt>
			<trkpt lat="49.07965064048767" lon="4.081796407699585">
				<ele>97.0</ele>
				<time>2023-07-12T09:25:14</time>
			</trkpt>
			<trkpt lat="49.0796507243067" lon="4.081796407699585">
				<ele>97.0</ele>
				<time>2023-07-12T09:25:14</time>
			</trkpt>
			<trkpt lat="49.080551862716675" lon="4.085326110944152">
				<ele>97.0</ele>
				<time>2023-07-12T09:25:53</time>
			</trkpt>
			<trkpt lat="49.0814208984375" lon="4.088394641876221">
				<ele>98.0</ele>
				<time>2023-07-12T09:26:28</time>
			</trkpt>
			<trkpt lat="49.082257663831115" lon="4.091184055432677">
				<ele>98.0</ele>
				<time>2023-07-12T09:27:01</time>
			</trkpt>
			<trkpt lat="49.08246159553528" lon="4.091827869415283">
				<ele>98.0</ele>
				<time>2023-07-12T09:27:08</time>
			</trkpt>
			<trkpt lat="49.08265463076532" lon="4.092257022857666">
				<ele>98.0</ele>
				<time>2023-07-12T09:27:14</time>
			</trkpt>
			<trkpt lat="49.08265471458435" lon="4.092257022857666">
				<ele>98.0</ele>
				<time>2023-07-12T09:27:14</time>
			</trkpt>
			<trkpt lat="49.08285856246948" lon="4.092589616775513">
				<ele>98.0</ele>
				<time>2023-07-12T09:27:18</time>
			</trkpt>
			<trkpt lat="49.08297657966614" lon="4.092750549316406">
				<ele>98.0</ele>
				<time>2023-07-12T09:27:21</time>
			</trkpt>
			<trkpt lat="49.083255445584655" lon="4.093040144070983">
				<ele>98.0</ele>
				<time>2023-07-12T09:27:26</time>
			</trkpt>
			<trkpt lat="49.084521532058716" lon="4.093973636627197">
				<ele>98.0</ele>
				<time>2023-07-12T09:27:49</time>
			</trkpt>
			<trkpt lat="49.08469319343567" lon="4.094102382659912">
				<ele>98.0</ele>
				<time>2023-07-12T09:27:52</time>
			</trkpt>
			<trkpt lat="49.08535829745233" lon="4.094574451446533">
				<ele>99.0</ele>
				<time>2023-07-12T09:28:04</time>
			</trkpt>
			<trkpt lat="49.085497772321105" lon="4.094703197479248">
				<ele>99.0</ele>
				<time>2023-07-12T09:28:06</time>
			</trkpt>
			<trkpt lat="49.08574461936951" lon="4.095003604888916">
				<ele>99.0</ele>
				<time>2023-07-12T09:28:11</time>
			</trkpt>
			<trkpt lat="49.08584109507501" lon="4.095057249069214">
				<ele>100.0</ele>
				<time>2023-07-12T09:28:13</time>
			</trkpt>
			<trkpt lat="49.08584109507501" lon="4.09514307975769">
				<ele>100.0</ele>
				<time>2023-07-12T09:28:14</time>
			</trkpt>
			<trkpt lat="49.08587336540222" lon="4.095196723937988">
				<ele>101.0</ele>
				<time>2023-07-12T09:28:15</time>
			</trkpt>
			<trkpt lat="49.08592700958252" lon="4.095218097791076">
				<ele>102.0</ele>
				<time>2023-07-12T09:28:15</time>
			</trkpt>
			<trkpt lat="49.085980569943786" lon="4.09516453742981">
				<ele>102.0</ele>
				<time>2023-07-12T09:28:16</time>
			</trkpt>
			<trkpt lat="49.086002027615905" lon="4.095089435577393">
				<ele>103.0</ele>
				<time>2023-07-12T09:28:17</time>
			</trkpt>
			<trkpt lat="49.08608785830438" lon="4.09510008059442">
				<ele>104.0</ele>
				<time>2023-07-12T09:28:19</time>
			</trkpt>
			<trkpt lat="49.08633470535278" lon="4.095282554626465">
				<ele>105.0</ele>
				<time>2023-07-12T09:28:23</time>
			</trkpt>
			<trkpt lat="49.08734313212335" lon="4.0960657596588135">
				<ele>106.0</ele>
				<time>2023-07-12T09:28:41</time>
			</trkpt>
			<trkpt lat="49.08741823397577" lon="4.09615159034729">
				<ele>107.0</ele>
				<time>2023-07-12T09:28:43</time>
			</trkpt>
			<trkpt lat="49.08861994743347" lon="4.097664272412658">
				<ele>108.0</ele>
				<time>2023-07-12T09:29:08</time>
			</trkpt>
			<trkpt lat="49.090250646695495" lon="4.099853038787842">
				<ele>109.0</ele>
				<time>2023-07-12T09:29:42</time>
			</trkpt>
			<trkpt lat="49.090819358825684" lon="4.100571786984801">
				<ele>109.0</ele>
				<time>2023-07-12T09:29:54</time>
			</trkpt>
			<trkpt lat="49.09111976623535" lon="4.100968837738037">
				<ele>110.0</ele>
				<time>2023-07-12T09:30:01</time>
			</trkpt>
			<trkpt lat="49.09153810702264" lon="4.101505195721984">
				<ele>111.0</ele>
				<time>2023-07-12T09:30:09</time>
			</trkpt>
			<trkpt lat="49.091538190841675" lon="4.101505195721984">
				<ele>112.0</ele>
				<time>2023-07-12T09:30:09</time>
			</trkpt>
			<trkpt lat="49.092546701431274" lon="4.102803384885192">
				<ele>112.0</ele>
				<time>2023-07-12T09:30:30</time>
			</trkpt>
			<trkpt lat="49.09261107444763" lon="4.1028892155736685">
				<ele>113.0</ele>
				<time>2023-07-12T09:30:32</time>
			</trkpt>
			<trkpt lat="49.09292212687433" lon="4.103296911343932">
				<ele>114.0</ele>
				<time>2023-07-12T09:30:38</time>
			</trkpt>
			<trkpt lat="49.094746029004455" lon="4.105689441785216">
				<ele>114.0</ele>
				<time>2023-07-12T09:31:17</time>
			</trkpt>
			<trkpt lat="49.094746112823486" lon="4.105689441785216">
				<ele>115.0</ele>
				<time>2023-07-12T09:31:17</time>
			</trkpt>
			<trkpt lat="49.097503339871764" lon="4.109315788373351">
				<ele>115.0</ele>
				<time>2023-07-12T09:32:15</time>
			</trkpt>
			<trkpt lat="49.099262868985534" lon="4.11164402961731">
				<ele>116.0</ele>
				<time>2023-07-12T09:32:52</time>
			</trkpt>
			<trkpt lat="49.09943453036249" lon="4.111858606338501">
				<ele>116.0</ele>
				<time>2023-07-12T09:32:56</time>
			</trkpt>
			<trkpt lat="49.0996169205755" lon="4.11209455691278">
				<ele>116.0</ele>
				<time>2023-07-12T09:33:00</time>
			</trkpt>
			<trkpt lat="49.0998101234436" lon="4.11234132014215">
				<ele>117.0</ele>
				<time>2023-07-12T09:33:04</time>
			</trkpt>
			<trkpt lat="49.09987449645996" lon="4.112416421994567">
				<ele>117.0</ele>
				<time>2023-07-12T09:33:05</time>
			</trkpt>
			<trkpt lat="49.10005680285394" lon="4.112673997879028">
				<ele>117.0</ele>
				<time>2023-07-12T09:33:09</time>
			</trkpt>
			<trkpt lat="49.100056886672974" lon="4.112673997879028">
				<ele>118.0</ele>
				<time>2023-07-12T09:33:09</time>
			</trkpt>
			<trkpt lat="49.10094738006592" lon="4.1138434410095215">
				<ele>118.0</ele>
				<time>2023-07-12T09:33:28</time>
			</trkpt>
			<trkpt lat="49.101301431655884" lon="4.114315509796143">
				<ele>118.0</ele>
				<time>2023-07-12T09:33:35</time>
			</trkpt>
			<trkpt lat="49.10145171917975" lon="4.114508628845215">
				<ele>118.0</ele>
				<time>2023-07-12T09:33:39</time>
			</trkpt>
			<trkpt lat="49.10148390568793" lon="4.114551544189453">
				<ele>119.0</ele>
				<time>2023-07-12T09:33:39</time>
			</trkpt>
			<trkpt lat="49.10171985626221" lon="4.114862680435181">
				<ele>119.0</ele>
				<time>2023-07-12T09:33:44</time>
			</trkpt>
			<trkpt lat="49.102084720507264" lon="4.115345478057861">
				<ele>119.0</ele>
				<time>2023-07-12T09:33:52</time>
			</trkpt>
			<trkpt lat="49.10210617817938" lon="4.11537766456604">
				<ele>120.0</ele>
				<time>2023-07-12T09:33:52</time>
			</trkpt>
			<trkpt lat="49.102803468704224" lon="4.116268157958984">
				<ele>120.0</ele>
				<time>2023-07-12T09:34:07</time>
			</trkpt>
			<trkpt lat="49.10310387611389" lon="4.116654396057129">
				<ele>121.0</ele>
				<time>2023-07-12T09:34:13</time>
			</trkpt>
			<trkpt lat="49.10318970680237" lon="4.1167723294347525">
				<ele>121.0</ele>
				<time>2023-07-12T09:34:15</time>
			</trkpt>
			<trkpt lat="49.10335055552423" lon="4.116976261138916">
				<ele>122.0</ele>
				<time>2023-07-12T09:34:18</time>
			</trkpt>
			<trkpt lat="49.10347946919501" lon="4.11713719367981">
				<ele>122.0</ele>
				<time>2023-07-12T09:34:21</time>
			</trkpt>
			<trkpt lat="49.1034471988678" lon="4.117233669385314">
				<ele>123.0</ele>
				<time>2023-07-12T09:34:22</time>
			</trkpt>
			<trkpt lat="49.1034471988678" lon="4.117287313565612">
				<ele>123.0</ele>
				<time>2023-07-12T09:34:23</time>
			</trkpt>
			<trkpt lat="49.103490114212036" lon="4.11738395690918">
				<ele>124.0</ele>
				<time>2023-07-12T09:34:24</time>
			</trkpt>
			<trkpt lat="49.103554487228394" lon="4.117426788434386">
				<ele>125.0</ele>
				<time>2023-07-12T09:34:25</time>
			</trkpt>
			<trkpt lat="49.1035973187536" lon="4.117416143417358">
				<ele>125.0</ele>
				<time>2023-07-12T09:34:26</time>
			</trkpt>
			<trkpt lat="49.10366185940802" lon="4.117351686581969">
				<ele>126.0</ele>
				<time>2023-07-12T09:34:27</time>
			</trkpt>
			<trkpt lat="49.10367250442505" lon="4.117255210876465">
				<ele>127.0</ele>
				<time>2023-07-12T09:34:28</time>
			</trkpt>
			<trkpt lat="49.10367250442505" lon="4.117201566696167">
				<ele>128.0</ele>
				<time>2023-07-12T09:34:29</time>
			</trkpt>
			<trkpt lat="49.104015827178955" lon="4.116890346631408">
				<ele>129.0</ele>
				<time>2023-07-12T09:34:35</time>
			</trkpt>
			<trkpt lat="49.1044557094574" lon="4.116246700286865">
				<ele>130.0</ele>
				<time>2023-07-12T09:34:45</time>
			</trkpt>
			<trkpt lat="49.10463801585138" lon="4.1159141063690186">
				<ele>131.0</ele>
				<time>2023-07-12T09:34:49</time>
			</trkpt>
			<trkpt lat="49.10482040606439" lon="4.115667343139648">
				<ele>132.0</ele>
				<time>2023-07-12T09:34:53</time>
			</trkpt>
			<trkpt lat="49.10497069358826" lon="4.115506410598755">
				<ele>133.0</ele>
				<time>2023-07-12T09:34:56</time>
			</trkpt>
			<trkpt lat="49.10517445765436" lon="4.115345478057861">
				<ele>134.0</ele>
				<time>2023-07-12T09:35:00</time>
			</trkpt>
			<trkpt lat="49.10537838935852" lon="4.115206003189087">
				<ele>135.0</ele>
				<time>2023-07-12T09:35:03</time>
			</trkpt>
			<trkpt lat="49.105517864227295" lon="4.1151737328618765">
				<ele>136.0</ele>
				<time>2023-07-12T09:35:06</time>
			</trkpt>
			<trkpt lat="49.10566806793213" lon="4.1151737328618765">
				<ele>137.0</ele>
				<time>2023-07-12T09:35:08</time>
			</trkpt>
			<trkpt lat="49.105775356292725" lon="4.115141546353698">
				<ele>138.0</ele>
				<time>2023-07-12T09:35:10</time>
			</trkpt>
			<trkpt lat="49.10612932406366" lon="4.1149914264678955">
				<ele>139.0</ele>
				<time>2023-07-12T09:35:16</time>
			</trkpt>
			<trkpt lat="49.10642973147333" lon="4.114787494763732">
				<ele>139.0</ele>
				<time>2023-07-12T09:35:21</time>
			</trkpt>
			<trkpt lat="49.10668730735779" lon="4.114562273025513">
				<ele>140.0</ele>
				<time>2023-07-12T09:35:26</time>
			</trkpt>
			<trkpt lat="49.10730957984924" lon="4.1138434410095215">
				<ele>141.0</ele>
				<time>2023-07-12T09:35:38</time>
			</trkpt>
			<trkpt lat="49.107685005292296" lon="4.113478576764464">
				<ele>142.0</ele>
				<time>2023-07-12T09:35:45</time>
			</trkpt>
			<trkpt lat="49.10837173461914" lon="4.112942134961486">
				<ele>142.0</ele>
				<time>2023-07-12T09:35:58</time>
			</trkpt>
			<trkpt lat="49.109498262405396" lon="4.1122018452733755">
				<ele>143.0</ele>
				<time>2023-07-12T09:36:17</time>
			</trkpt>
			<trkpt lat="49.11076434887946" lon="4.111418640241027">
				<ele>145.0</ele>
				<time>2023-07-12T09:36:39</time>
			</trkpt>
			<trkpt lat="49.11207318305969" lon="4.110603332519531">
				<ele>146.0</ele>
				<time>2023-07-12T09:37:02</time>
			</trkpt>
			<trkpt lat="49.11283493041992" lon="4.110013246536255">
				<ele>147.0</ele>
				<time>2023-07-12T09:37:16</time>
			</trkpt>
			<trkpt lat="49.112835014238954" lon="4.110013246536255">
				<ele>148.0</ele>
				<time>2023-07-12T09:37:16</time>
			</trkpt>
			<trkpt lat="49.11329618655145" lon="4.1095733642578125">
				<ele>148.0</ele>
				<time>2023-07-12T09:37:24</time>
			</trkpt>
			<trkpt lat="49.113693153485656" lon="4.109262144193053">
				<ele>149.0</ele>
				<time>2023-07-12T09:37:31</time>
			</trkpt>
			<trkpt lat="49.114218866452575" lon="4.108983194455504">
				<ele>150.0</ele>
				<time>2023-07-12T09:37:40</time>
			</trkpt>
			<trkpt lat="49.11469101905823" lon="4.108811616897583">
				<ele>151.0</ele>
				<time>2023-07-12T09:37:48</time>
			</trkpt>
			<trkpt lat="49.115259647369385" lon="4.108693515881896">
				<ele>152.0</ele>
				<time>2023-07-12T09:37:57</time>
			</trkpt>
			<trkpt lat="49.11606422625482" lon="4.1087257862091064">
				<ele>153.0</ele>
				<time>2023-07-12T09:38:10</time>
			</trkpt>
			<trkpt lat="49.116986906155944" lon="4.108875906094909">
				<ele>154.0</ele>
				<time>2023-07-12T09:38:25</time>
			</trkpt>
			<trkpt lat="49.117727279663086" lon="4.108822261914611">
				<ele>155.0</ele>
				<time>2023-07-12T09:38:37</time>
			</trkpt>
			<trkpt lat="49.11810278892517" lon="4.108790159225464">
				<ele>156.0</ele>
				<time>2023-07-12T09:38:43</time>
			</trkpt>
			<trkpt lat="49.11840319633484" lon="4.108843803405762">
				<ele>157.0</ele>
				<time>2023-07-12T09:38:48</time>
			</trkpt>
			<trkpt lat="49.11869295872748" lon="4.10889744758606">
				<ele>158.0</ele>
				<time>2023-07-12T09:38:52</time>
			</trkpt>
			<trkpt lat="49.11955109797418" lon="4.1092299576848745">
				<ele>159.0</ele>
				<time>2023-07-12T09:39:07</time>
			</trkpt>
			<trkpt lat="49.11969065666199" lon="4.109240770339966">
				<ele>160.0</ele>
				<time>2023-07-12T09:39:09</time>
			</trkpt>
			<trkpt lat="49.120420133695006" lon="4.109326601028442">
				<ele>161.0</ele>
				<time>2023-07-12T09:39:21</time>
			</trkpt>
			<trkpt lat="49.120731353759766" lon="4.109294330701232">
				<ele>161.0</ele>
				<time>2023-07-12T09:39:26</time>
			</trkpt>
			<trkpt lat="49.12111767567694" lon="4.109219312667847">
				<ele>162.0</ele>
				<time>2023-07-12T09:39:32</time>
			</trkpt>
			<trkpt lat="49.12141808308661" lon="4.10913348197937">
				<ele>163.0</ele>
				<time>2023-07-12T09:39:37</time>
			</trkpt>
			<trkpt lat="49.12157893180847" lon="4.109069025143981">
				<ele>163.0</ele>
				<time>2023-07-12T09:39:39</time>
			</trkpt>
			<trkpt lat="49.122394323349" lon="4.108790159225464">
				<ele>164.0</ele>
				<time>2023-07-12T09:39:53</time>
			</trkpt>
			<trkpt lat="49.12300578318536" lon="4.108661329373717">
				<ele>164.0</ele>
				<time>2023-07-12T09:40:03</time>
			</trkpt>
			<trkpt lat="49.123281044885516" lon="4.10865219309926">
				<ele>164.0</ele>
				<time>2023-07-12T09:40:07</time>
			</trkpt>
			<trkpt lat="49.12332781590521" lon="4.1086506843566895">
				<ele>165.0</ele>
				<time>2023-07-12T09:40:08</time>
			</trkpt>
			<trkpt lat="49.12337358109653" lon="4.108645403757691">
				<ele>165.0</ele>
				<time>2023-07-12T09:40:09</time>
			</trkpt>
			<trkpt lat="49.1233734972775" lon="4.108645403757691">
				<ele>165.0</ele>
				<time>2023-07-12T09:40:09</time>
			</trkpt>
			<trkpt lat="49.123424207791686" lon="4.108639871701598">
				<ele>165.0</ele>
				<time>2023-07-12T09:40:09</time>
			</trkpt>
			<trkpt lat="49.12337056361139" lon="4.1080068703740835">
				<ele>165.0</ele>
				<time>2023-07-12T09:40:16</time>
			</trkpt>
			<trkpt lat="49.12310242652893" lon="4.106569206342101">
				<ele>164.0</ele>
				<time>2023-07-12T09:40:32</time>
			</trkpt>
			<trkpt lat="49.12294149398804" lon="4.105882560834289">
				<ele>164.0</ele>
				<time>2023-07-12T09:40:39</time>
			</trkpt>
			<trkpt lat="49.12294157780707" lon="4.105882560834289">
				<ele>164.0</ele>
				<time>2023-07-12T09:40:39</time>
			</trkpt>
			<trkpt lat="49.12286639213562" lon="4.105507051572204">
				<ele>164.0</ele>
				<time>2023-07-12T09:40:43</time>
			</trkpt>
			<trkpt lat="49.122469341382384" lon="4.1040802001953125">
				<ele>164.0</ele>
				<time>2023-07-12T09:41:00</time>
			</trkpt>
			<trkpt lat="49.122222578153014" lon="4.102953672409058">
				<ele>164.0</ele>
				<time>2023-07-12T09:41:12</time>
			</trkpt>
			<trkpt lat="49.12209391593933" lon="4.102470874786377">
				<ele>164.0</ele>
				<time>2023-07-12T09:41:18</time>
			</trkpt>
			<trkpt lat="49.12186852656305" lon="4.101987993344665">
				<ele>163.0</ele>
				<time>2023-07-12T09:41:24</time>
			</trkpt>
			<trkpt lat="49.121707594022155" lon="4.101494466885924">
				<ele>163.0</ele>
				<time>2023-07-12T09:41:30</time>
			</trkpt>
			<trkpt lat="49.12163257598877" lon="4.101076126098633">
				<ele>163.0</ele>
				<time>2023-07-12T09:41:34</time>
			</trkpt>
			<trkpt lat="49.12162176333368" lon="4.100722074508667">
				<ele>163.0</ele>
				<time>2023-07-12T09:41:38</time>
			</trkpt>
			<trkpt lat="49.12162184715271" lon="4.100722074508667">
				<ele>164.0</ele>
				<time>2023-07-12T09:41:38</time>
			</trkpt>
			<trkpt lat="49.12162176333368" lon="4.1004860401153564">
				<ele>164.0</ele>
				<time>2023-07-12T09:41:40</time>
			</trkpt>
			<trkpt lat="49.12168622016907" lon="4.098823070526123">
				<ele>165.0</ele>
				<time>2023-07-12T09:41:58</time>
			</trkpt>
			<trkpt lat="49.12179350852966" lon="4.097954034805298">
				<ele>165.0</ele>
				<time>2023-07-12T09:42:07</time>
			</trkpt>
			<trkpt lat="49.12187933921814" lon="4.09764289855957">
				<ele>166.0</ele>
				<time>2023-07-12T09:42:11</time>
			</trkpt>
			<trkpt lat="49.12212610244751" lon="4.097149288281798">
				<ele>167.0</ele>
				<time>2023-07-12T09:42:17</time>
			</trkpt>
			<trkpt lat="49.12288784980774" lon="4.095668708905578">
				<ele>169.0</ele>
				<time>2023-07-12T09:42:37</time>
			</trkpt>
			<trkpt lat="49.123198902234435" lon="4.095014249905944">
				<ele>170.0</ele>
				<time>2023-07-12T09:42:45</time>
			</trkpt>
			<trkpt lat="49.12376753054559" lon="4.093469297513366">
				<ele>172.0</ele>
				<time>2023-07-12T09:43:04</time>
			</trkpt>
			<trkpt lat="49.12436834536493" lon="4.091988801956177">
				<ele>173.0</ele>
				<time>2023-07-12T09:43:22</time>
			</trkpt>
			<trkpt lat="49.12513009272516" lon="4.090443765744567">
				<ele>175.0</ele>
				<time>2023-07-12T09:43:42</time>
			</trkpt>
			<trkpt lat="49.12535539828241" lon="4.08987513743341">
				<ele>177.0</ele>
				<time>2023-07-12T09:43:49</time>
			</trkpt>
			<trkpt lat="49.12549487315118" lon="4.08936015330255">
				<ele>180.0</ele>
				<time>2023-07-12T09:43:55</time>
			</trkpt>
			<trkpt lat="49.12569880485535" lon="4.087997591122985">
				<ele>182.0</ele>
				<time>2023-07-12T09:44:10</time>
			</trkpt>
			<trkpt lat="49.12585973739624" lon="4.087268114089966">
				<ele>184.0</ele>
				<time>2023-07-12T09:44:18</time>
			</trkpt>
			<trkpt lat="49.12587038241327" lon="4.086978435516357">
				<ele>187.0</ele>
				<time>2023-07-12T09:44:21</time>
			</trkpt>
			<trkpt lat="49.1258704662323" lon="4.086978435516357">
				<ele>189.0</ele>
				<time>2023-07-12T09:44:21</time>
			</trkpt>
			<trkpt lat="49.12588119506836" lon="4.086849605664611">
				<ele>192.0</ele>
				<time>2023-07-12T09:44:22</time>
			</trkpt>
			<trkpt lat="49.12581673823297" lon="4.0864098072052">
				<ele>194.0</ele>
				<time>2023-07-12T09:44:27</time>
			</trkpt>
			<trkpt lat="49.1256236191839" lon="4.085637331008911">
				<ele>197.0</ele>
				<time>2023-07-12T09:44:36</time>
			</trkpt>
			<trkpt lat="49.12563443183899" lon="4.085304653272033">
				<ele>200.0</ele>
				<time>2023-07-12T09:44:39</time>
			</trkpt>
			<trkpt lat="49.125677263364196" lon="4.085079347714782">
				<ele>202.0</ele>
				<time>2023-07-12T09:44:42</time>
			</trkpt>
			<trkpt lat="49.12584892474115" lon="4.083856260403991">
				<ele>205.0</ele>
				<time>2023-07-12T09:44:55</time>
			</trkpt>
			<trkpt lat="49.12581673823297" lon="4.08312669955194">
				<ele>208.0</ele>
				<time>2023-07-12T09:45:02</time>
			</trkpt>
			<trkpt lat="49.12585973739624" lon="4.082955038174987">
				<ele>211.0</ele>
				<time>2023-07-12T09:45:04</time>
			</trkpt>
			<trkpt lat="49.125945484265685" lon="4.082815647125244">
				<ele>213.0</ele>
				<time>2023-07-12T09:45:06</time>
			</trkpt>
			<trkpt lat="49.126170789822936" lon="4.0825581550598145">
				<ele>216.0</ele>
				<time>2023-07-12T09:45:11</time>
			</trkpt>
			<trkpt lat="49.125730991363525" lon="4.081496000289917">
				<ele>219.0</ele>
				<time>2023-07-12T09:45:24</time>
			</trkpt>
			<trkpt lat="49.12554851733148" lon="4.081549560651183">
				<ele>221.0</ele>
				<time>2023-07-12T09:45:27</time>
			</trkpt>
			<trkpt lat="49.125505685806274" lon="4.081549560651183">
				<ele>223.0</ele>
				<time>2023-07-12T09:45:28</time>
			</trkpt>
			<trkpt lat="49.125462686643004" lon="4.081496000289917">
				<ele>225.0</ele>
				<time>2023-07-12T09:45:29</time>
			</trkpt>
			<trkpt lat="49.12537693977356" lon="4.081163322553039">
				<ele>227.0</ele>
				<time>2023-07-12T09:45:32</time>
			</trkpt>
			<trkpt lat="49.12517309188843" lon="4.080562507733703">
				<ele>229.0</ele>
				<time>2023-07-12T09:45:39</time>
			</trkpt>
			<trkpt lat="49.12515171803534" lon="4.0805410500615835">
				<ele>231.0</ele>
				<time>2023-07-12T09:45:40</time>
			</trkpt>
			<trkpt lat="49.12511944770813" lon="4.0805410500615835">
				<ele>233.0</ele>
				<time>2023-07-12T09:45:40</time>
			</trkpt>
			<trkpt lat="49.12481904029846" lon="4.080701982602477">
				<ele>235.0</ele>
				<time>2023-07-12T09:45:45</time>
			</trkpt>
			<trkpt lat="49.12459365092218" lon="4.080723440274596">
				<ele>237.0</ele>
				<time>2023-07-12T09:45:49</time>
			</trkpt>
			<trkpt lat="49.12444353103638" lon="4.080605506896973">
				<ele>238.0</ele>
				<time>2023-07-12T09:45:52</time>
			</trkpt>
			<trkpt lat="49.12433716468513" lon="4.080441892147064">
				<ele>240.0</ele>
				<time>2023-07-12T09:45:54</time>
			</trkpt>
			<trkpt lat="49.1243040561676" lon="4.080390930175781">
				<ele>244.0</ele>
				<time>2023-07-12T09:45:55</time>
			</trkpt>
			<trkpt lat="49.12428092211485" lon="4.080331334844232">
				<ele>245.0</ele>
				<time>2023-07-12T09:45:56</time>
			</trkpt>
			<trkpt lat="49.12430497817695" lon="4.080309960991144">
				<ele>247.0</ele>
				<time>2023-07-12T09:45:56</time>
			</trkpt>
			<trkpt lat="49.123691925778985" lon="4.078721925616264">
				<ele>249.0</ele>
				<time>2023-07-12T09:46:15</time>
			</trkpt>
			<trkpt lat="49.12359192967415" lon="4.078403916209936">
				<ele>251.0</ele>
				<time>2023-07-12T09:46:19</time>
			</trkpt>
			<trkpt lat="49.12356996908784" lon="4.078265950083733">
				<ele>253.0</ele>
				<time>2023-07-12T09:46:21</time>
			</trkpt>
			<trkpt lat="49.1235669516027" lon="4.07804592512548">
				<ele>255.0</ele>
				<time>2023-07-12T09:46:23</time>
			</trkpt>
			<trkpt lat="49.123669965192676" lon="4.077647952362895">
				<ele>257.0</ele>
				<time>2023-07-12T09:46:27</time>
			</trkpt>
			<trkpt lat="49.12439298816025" lon="4.075750960037112">
				<ele>259.0</ele>
				<time>2023-07-12T09:46:50</time>
			</trkpt>
			<trkpt lat="49.12500998005271" lon="4.074440952390432">
				<ele>261.0</ele>
				<time>2023-07-12T09:47:07</time>
			</trkpt>
			<trkpt lat="49.125208966434" lon="4.073936948552728">
				<ele>263.0</ele>
				<time>2023-07-12T09:47:14</time>
			</trkpt>
			<trkpt lat="49.125278955325484" lon="4.073506956920028">
				<ele>265.0</ele>
				<time>2023-07-12T09:47:18</time>
			</trkpt>
			<trkpt lat="49.12518591620028" lon="4.070214964449406">
				<ele>266.0</ele>
				<time>2023-07-12T09:47:53</time>
			</trkpt>
			<trkpt lat="49.12520695477724" lon="4.0695249661803246">
				<ele>268.0</ele>
				<time>2023-07-12T09:48:00</time>
			</trkpt>
			<trkpt lat="49.12529395893216" lon="4.069008976221085">
				<ele>269.0</ele>
				<time>2023-07-12T09:48:06</time>
			</trkpt>
			<trkpt lat="49.12560693919659" lon="4.06779695302248">
				<ele>270.0</ele>
				<time>2023-07-12T09:48:19</time>
			</trkpt>
			<trkpt lat="49.125689920037985" lon="4.067148948088288">
				<ele>271.0</ele>
				<time>2023-07-12T09:48:26</time>
			</trkpt>
			<trkpt lat="49.125664941966534" lon="4.064357941970229">
				<ele>271.0</ele>
				<time>2023-07-12T09:48:55</time>
			</trkpt>
			<trkpt lat="49.125707941129804" lon="4.063684958964586">
				<ele>271.0</ele>
				<time>2023-07-12T09:49:02</time>
			</trkpt>
			<trkpt lat="49.126266930252314" lon="4.057664992287755">
				<ele>271.0</ele>
				<time>2023-07-12T09:50:06</time>
			</trkpt>
			<trkpt lat="49.126266930252314" lon="4.057419989258051">
				<ele>271.0</ele>
				<time>2023-07-12T09:50:09</time>
			</trkpt>
			<trkpt lat="49.1262399405241" lon="4.057176997885108">
				<ele>271.0</ele>
				<time>2023-07-12T09:50:11</time>
			</trkpt>
			<trkpt lat="49.12618797272444" lon="4.056942975148559">
				<ele>270.0</ele>
				<time>2023-07-12T09:50:14</time>
			</trkpt>
			<trkpt lat="49.12611396051943" lon="4.056722950190306">
				<ele>270.0</ele>
				<time>2023-07-12T09:50:16</time>
			</trkpt>
			<trkpt lat="49.126009941101074" lon="4.056524969637394">
				<ele>269.0</ele>
				<time>2023-07-12T09:50:19</time>
			</trkpt>
			<trkpt lat="49.125021966174245" lon="4.0548899956047535">
				<ele>267.0</ele>
				<time>2023-07-12T09:50:42</time>
			</trkpt>
			<trkpt lat="49.12490495480597" lon="4.0546399634331465">
				<ele>266.0</ele>
				<time>2023-07-12T09:50:46</time>
			</trkpt>
			<trkpt lat="49.12479791790247" lon="4.054345926269889">
				<ele>265.0</ele>
				<time>2023-07-12T09:50:49</time>
			</trkpt>
			<trkpt lat="49.124762965366244" lon="4.054019954055548">
				<ele>264.0</ele>
				<time>2023-07-12T09:50:53</time>
			</trkpt>
			<trkpt lat="49.124761959537864" lon="4.053699932992458">
				<ele>262.0</ele>
				<time>2023-07-12T09:50:56</time>
			</trkpt>
			<trkpt lat="49.12486991845071" lon="4.052900969982147">
				<ele>261.0</ele>
				<time>2023-07-12T09:51:05</time>
			</trkpt>
			<trkpt lat="49.12486597895622" lon="4.052738947793841">
				<ele>260.0</ele>
				<time>2023-07-12T09:51:06</time>
			</trkpt>
			<trkpt lat="49.12479791790247" lon="4.0521519631147385">
				<ele>259.0</ele>
				<time>2023-07-12T09:51:12</time>
			</trkpt>
			<trkpt lat="49.12468694150448" lon="4.05155592598021">
				<ele>257.0</ele>
				<time>2023-07-12T09:51:19</time>
			</trkpt>
			<trkpt lat="49.12465391680598" lon="4.051450984552503">
				<ele>255.0</ele>
				<time>2023-07-12T09:51:20</time>
			</trkpt>
			<trkpt lat="49.124507987871766" lon="4.051028955727816">
				<ele>254.0</ele>
				<time>2023-07-12T09:51:25</time>
			</trkpt>
			<trkpt lat="49.12411496043205" lon="4.05000695027411">
				<ele>252.0</ele>
				<time>2023-07-12T09:51:38</time>
			</trkpt>
			<trkpt lat="49.12383793853223" lon="4.049230953678489">
				<ele>250.0</ele>
				<time>2023-07-12T09:51:47</time>
			</trkpt>
			<trkpt lat="49.123756969347596" lon="4.048938928171992">
				<ele>248.0</ele>
				<time>2023-07-12T09:51:50</time>
			</trkpt>
			<trkpt lat="49.123686980456114" lon="4.048476917669177">
				<ele>246.0</ele>
				<time>2023-07-12T09:51:55</time>
			</trkpt>
			<trkpt lat="49.123670971021056" lon="4.047806952148676">
				<ele>244.0</ele>
				<time>2023-07-12T09:52:02</time>
			</trkpt>
			<trkpt lat="49.123645992949605" lon="4.047639984637499">
				<ele>242.0</ele>
				<time>2023-07-12T09:52:04</time>
			</trkpt>
			<trkpt lat="49.12361296825111" lon="4.04747293330729">
				<ele>240.0</ele>
				<time>2023-07-12T09:52:06</time>
			</trkpt>
			<trkpt lat="49.12335799075663" lon="4.0466319769620895">
				<ele>237.0</ele>
				<time>2023-07-12T09:52:16</time>
			</trkpt>
			<trkpt lat="49.123301999643445" lon="4.046283960342407">
				<ele>235.0</ele>
				<time>2023-07-12T09:52:19</time>
			</trkpt>
			<trkpt lat="49.12326998077333" lon="4.045723965391517">
				<ele>233.0</ele>
				<time>2023-07-12T09:52:25</time>
			</trkpt>
			<trkpt lat="49.12323595024645" lon="4.045547945424914">
				<ele>231.0</ele>
				<time>2023-07-12T09:52:27</time>
			</trkpt>
			<trkpt lat="49.12311692722142" lon="4.04523597098887">
				<ele>228.0</ele>
				<time>2023-07-12T09:52:31</time>
			</trkpt>
			<trkpt lat="49.12303897552192" lon="4.045110996812582">
				<ele>226.0</ele>
				<time>2023-07-12T09:52:33</time>
			</trkpt>
			<trkpt lat="49.12234797142446" lon="4.044276997447014">
				<ele>223.0</ele>
				<time>2023-07-12T09:52:47</time>
			</trkpt>
			<trkpt lat="49.122118977829814" lon="4.043918922543526">
				<ele>221.0</ele>
				<time>2023-07-12T09:52:52</time>
			</trkpt>
			<trkpt lat="49.12205494008958" lon="4.043779950588942">
				<ele>218.0</ele>
				<time>2023-07-12T09:52:54</time>
			</trkpt>
			<trkpt lat="49.121950920671225" lon="4.043465964496136">
				<ele>216.0</ele>
				<time>2023-07-12T09:52:58</time>
			</trkpt>
			<trkpt lat="49.121909933164716" lon="4.043300924822688">
				<ele>213.0</ele>
				<time>2023-07-12T09:52:59</time>
			</trkpt>
			<trkpt lat="49.12185695953667" lon="4.04295994900167">
				<ele>210.0</ele>
				<time>2023-07-12T09:53:03</time>
			</trkpt>
			<trkpt lat="49.12177397869527" lon="4.042069958522916">
				<ele>208.0</ele>
				<time>2023-07-12T09:53:12</time>
			</trkpt>
			<trkpt lat="49.12175193428993" lon="4.041551956906915">
				<ele>205.0</ele>
				<time>2023-07-12T09:53:18</time>
			</trkpt>
			<trkpt lat="49.12180599756539" lon="4.041028926149011">
				<ele>203.0</ele>
				<time>2023-07-12T09:53:23</time>
			</trkpt>
			<trkpt lat="49.122012946754694" lon="4.039649935439229">
				<ele>200.0</ele>
				<time>2023-07-12T09:53:38</time>
			</trkpt>
			<trkpt lat="49.122055945917964" lon="4.038775954395533">
				<ele>197.0</ele>
				<time>2023-07-12T09:53:47</time>
			</trkpt>
			<trkpt lat="49.12203197367489" lon="4.038053937256336">
				<ele>194.0</ele>
				<time>2023-07-12T09:53:55</time>
			</trkpt>
			<trkpt lat="49.12208595313132" lon="4.037728970870376">
				<ele>192.0</ele>
				<time>2023-07-12T09:53:59</time>
			</trkpt>
			<trkpt lat="49.12215099669993" lon="4.037601985037327">
				<ele>190.0</ele>
				<time>2023-07-12T09:54:00</time>
			</trkpt>
			<trkpt lat="49.12223791703582" lon="4.037508945912123">
				<ele>188.0</ele>
				<time>2023-07-12T09:54:02</time>
			</trkpt>
			<trkpt lat="49.12234193645418" lon="4.037459995597601">
				<ele>186.0</ele>
				<time>2023-07-12T09:54:04</time>
			</trkpt>
			<trkpt lat="49.12245199084282" lon="4.037462929263711">
				<ele>184.0</ele>
				<time>2023-07-12T09:54:05</time>
			</trkpt>
			<trkpt lat="49.12255994975567" lon="4.037522943690419">
				<ele>182.0</ele>
				<time>2023-07-12T09:54:07</time>
			</trkpt>
			<trkpt lat="49.1226549167186" lon="4.037621933966875">
				<ele>181.0</ele>
				<time>2023-07-12T09:54:09</time>
			</trkpt>
			<trkpt lat="49.12281199358404" lon="4.037860985845327">
				<ele>179.0</ele>
				<time>2023-07-12T09:54:13</time>
			</trkpt>
			<trkpt lat="49.12305993027985" lon="4.038158962503076">
				<ele>178.0</ele>
				<time>2023-07-12T09:54:18</time>
			</trkpt>
			<trkpt lat="49.12315992638469" lon="4.038204979151487">
				<ele>176.0</ele>
				<time>2023-07-12T09:54:19</time>
			</trkpt>
			<trkpt lat="49.12326495163143" lon="4.038203973323107">
				<ele>175.0</ele>
				<time>2023-07-12T09:54:21</time>
			</trkpt>
			<trkpt lat="49.12345798686147" lon="4.038066929206252">
				<ele>174.0</ele>
				<time>2023-07-12T09:54:24</time>
			</trkpt>
			<trkpt lat="49.123606933280826" lon="4.037829972803593">
				<ele>172.0</ele>
				<time>2023-07-12T09:54:28</time>
			</trkpt>
			<trkpt lat="49.123736936599016" lon="4.037559991702437">
				<ele>171.0</ele>
				<time>2023-07-12T09:54:31</time>
			</trkpt>
			<trkpt lat="49.123815977945924" lon="4.037231924012303">
				<ele>170.0</ele>
				<time>2023-07-12T09:54:35</time>
			</trkpt>
			<trkpt lat="49.123842967674136" lon="4.036868987604976">
				<ele>170.0</ele>
				<time>2023-07-12T09:54:39</time>
			</trkpt>
			<trkpt lat="49.123863922432065" lon="4.03614797629416">
				<ele>169.0</ele>
				<time>2023-07-12T09:54:46</time>
			</trkpt>
			<trkpt lat="49.12385294213891" lon="4.035813957452774">
				<ele>168.0</ele>
				<time>2023-07-12T09:54:50</time>
			</trkpt>
			<trkpt lat="49.12381497211754" lon="4.035664927214384">
				<ele>168.0</ele>
				<time>2023-07-12T09:54:52</time>
			</trkpt>
			<trkpt lat="49.12367499433458" lon="4.0354409627616405">
				<ele>168.0</ele>
				<time>2023-07-12T09:54:55</time>
			</trkpt>
			<trkpt lat="49.1232439968735" lon="4.034854983910918">
				<ele>168.0</ele>
				<time>2023-07-12T09:55:04</time>
			</trkpt>
			<trkpt lat="49.12318197079003" lon="4.034739984199405">
				<ele>168.0</ele>
				<time>2023-07-12T09:55:06</time>
			</trkpt>
			<trkpt lat="49.12272892892361" lon="4.033754942938685">
				<ele>168.0</ele>
				<time>2023-07-12T09:55:18</time>
			</trkpt>
			<trkpt lat="49.12222199141979" lon="4.032543925568461">
				<ele>169.0</ele>
				<time>2023-07-12T09:55:33</time>
			</trkpt>
			<trkpt lat="49.12198595702648" lon="4.03202592395246">
				<ele>170.0</ele>
				<time>2023-07-12T09:55:40</time>
			</trkpt>
			<trkpt lat="49.12166099064052" lon="4.031450925394893">
				<ele>171.0</ele>
				<time>2023-07-12T09:55:48</time>
			</trkpt>
			<trkpt lat="49.12136393599212" lon="4.031022945418954">
				<ele>172.0</ele>
				<time>2023-07-12T09:55:55</time>
			</trkpt>
			<trkpt lat="49.121202919632196" lon="4.030845919623971">
				<ele>173.0</ele>
				<time>2023-07-12T09:55:58</time>
			</trkpt>
			<trkpt lat="49.12108196876943" lon="4.03079797513783">
				<ele>175.0</ele>
				<time>2023-07-12T09:56:00</time>
			</trkpt>
			<trkpt lat="49.12090494297445" lon="4.030792945995927">
				<ele>177.0</ele>
				<time>2023-07-12T09:56:03</time>
			</trkpt>
			<trkpt lat="49.11838894709945" lon="4.031092934310436">
				<ele>180.0</ele>
				<time>2023-07-12T09:56:43</time>
			</trkpt>
			<trkpt lat="49.118166994303465" lon="4.031054964289069">
				<ele>182.0</ele>
				<time>2023-07-12T09:56:47</time>
			</trkpt>
			<trkpt lat="49.11697592586279" lon="4.030709965154529">
				<ele>184.0</ele>
				<time>2023-07-12T09:57:06</time>
			</trkpt>
			<trkpt lat="49.11655297502875" lon="4.0307079534977674">
				<ele>186.0</ele>
				<time>2023-07-12T09:57:13</time>
			</trkpt>
			<trkpt lat="49.11616598255932" lon="4.030817924067378">
				<ele>189.0</ele>
				<time>2023-07-12T09:57:19</time>
			</trkpt>
			<trkpt lat="49.11594193428755" lon="4.030947927385569">
				<ele>191.0</ele>
				<time>2023-07-12T09:57:23</time>
			</trkpt>
			<trkpt lat="49.115588972344995" lon="4.03118496760726">
				<ele>193.0</ele>
				<time>2023-07-12T09:57:29</time>
			</trkpt>
			<trkpt lat="49.115464920178056" lon="4.03129099868238">
				<ele>195.0</ele>
				<time>2023-07-12T09:57:31</time>
			</trkpt>
			<trkpt lat="49.11528194323182" lon="4.031513957306743">
				<ele>197.0</ele>
				<time>2023-07-12T09:57:35</time>
			</trkpt>
			<trkpt lat="49.115183958783746" lon="4.031659970059991">
				<ele>200.0</ele>
				<time>2023-07-12T09:57:37</time>
			</trkpt>
			<trkpt lat="49.11489092744887" lon="4.032208984717727">
				<ele>202.0</ele>
				<time>2023-07-12T09:57:45</time>
			</trkpt>
			<trkpt lat="49.1147649474442" lon="4.0323159378021955">
				<ele>204.0</ele>
				<time>2023-07-12T09:57:47</time>
			</trkpt>
			<trkpt lat="49.11471993662417" lon="4.032337982207537">
				<ele>206.0</ele>
				<time>2023-07-12T09:57:48</time>
			</trkpt>
			<trkpt lat="49.11462798714638" lon="4.032348962500691">
				<ele>209.0</ele>
				<time>2023-07-12T09:57:49</time>
			</trkpt>
			<trkpt lat="49.11449094302952" lon="4.0323009341955185">
				<ele>211.0</ele>
				<time>2023-07-12T09:57:51</time>
			</trkpt>
			<trkpt lat="49.11431098356843" lon="4.032196998596191">
				<ele>213.0</ele>
				<time>2023-07-12T09:57:55</time>
			</trkpt>
			<trkpt lat="49.11388694308698" lon="4.031912935897708">
				<ele>215.0</ele>
				<time>2023-07-12T09:58:02</time>
			</trkpt>
			<trkpt lat="49.11380195058882" lon="4.031837917864323">
				<ele>217.0</ele>
				<time>2023-07-12T09:58:04</time>
			</trkpt>
			<trkpt lat="49.11372592672706" lon="4.031662987545133">
				<ele>220.0</ele>
				<time>2023-07-12T09:58:06</time>
			</trkpt>
			<trkpt lat="49.11367496475577" lon="4.031464923173189">
				<ele>222.0</ele>
				<time>2023-07-12T09:58:08</time>
			</trkpt>
			<trkpt lat="49.11356792785227" lon="4.03090693987906">
				<ele>224.0</ele>
				<time>2023-07-12T09:58:14</time>
			</trkpt>
			<trkpt lat="49.11345493979752" lon="4.030185928568244">
				<ele>227.0</ele>
				<time>2023-07-12T09:58:22</time>
			</trkpt>
			<trkpt lat="49.11343398503959" lon="4.030130943283439">
				<ele>229.0</ele>
				<time>2023-07-12T09:58:22</time>
			</trkpt>
			<trkpt lat="49.11332493647933" lon="4.030051985755563">
				<ele>232.0</ele>
				<time>2023-07-12T09:58:24</time>
			</trkpt>
			<trkpt lat="49.11317699588835" lon="4.029908990487456">
				<ele>234.0</ele>
				<time>2023-07-12T09:58:27</time>
			</trkpt>
			<trkpt lat="49.11313491873443" lon="4.029884934425354">
				<ele>237.0</ele>
				<time>2023-07-12T09:58:28</time>
			</trkpt>
			<trkpt lat="49.11285295151174" lon="4.029820980504155">
				<ele>239.0</ele>
				<time>2023-07-12T09:58:32</time>
			</trkpt>
			<trkpt lat="49.11203194409609" lon="4.029663987457752">
				<ele>242.0</ele>
				<time>2023-07-12T09:58:46</time>
			</trkpt>
			<trkpt lat="49.1115459613502" lon="4.0295399352908134">
				<ele>245.0</ele>
				<time>2023-07-12T09:58:54</time>
			</trkpt>
			<trkpt lat="49.111247984692454" lon="4.029435999691486">
				<ele>247.0</ele>
				<time>2023-07-12T09:58:59</time>
			</trkpt>
			<trkpt lat="49.110435945913196" lon="4.0292309783399105">
				<ele>250.0</ele>
				<time>2023-07-12T09:59:12</time>
			</trkpt>
			<trkpt lat="49.11015096120536" lon="4.029121929779649">
				<ele>252.0</ele>
				<time>2023-07-12T09:59:16</time>
			</trkpt>
			<trkpt lat="49.11003294400871" lon="4.029045989736915">
				<ele>254.0</ele>
				<time>2023-07-12T09:59:18</time>
			</trkpt>
			<trkpt lat="49.10984099842608" lon="4.028899976983666">
				<ele>256.0</ele>
				<time>2023-07-12T09:59:22</time>
			</trkpt>
			<trkpt lat="49.1095809917897" lon="4.028646927326918">
				<ele>258.0</ele>
				<time>2023-07-12T09:59:27</time>
			</trkpt>
			<trkpt lat="49.10952692851424" lon="4.028538968414068">
				<ele>260.0</ele>
				<time>2023-07-12T09:59:28</time>
			</trkpt>
			<trkpt lat="49.10947294905782" lon="4.028360936790705">
				<ele>262.0</ele>
				<time>2023-07-12T09:59:30</time>
			</trkpt>
			<trkpt lat="49.10934294573963" lon="4.027590975165367">
				<ele>264.0</ele>
				<time>2023-07-12T09:59:39</time>
			</trkpt>
			<trkpt lat="49.109274968504906" lon="4.026936935260892">
				<ele>265.0</ele>
				<time>2023-07-12T09:59:46</time>
			</trkpt>
			<trkpt lat="49.10922098904848" lon="4.026597971096635">
				<ele>267.0</ele>
				<time>2023-07-12T09:59:49</time>
			</trkpt>
			<trkpt lat="49.109163992106915" lon="4.025796996429563">
				<ele>268.0</ele>
				<time>2023-07-12T09:59:58</time>
			</trkpt>
			<trkpt lat="49.10905594937503" lon="4.024777924641967">
				<ele>270.0</ele>
				<time>2023-07-12T10:00:08</time>
			</trkpt>
			<trkpt lat="49.10902694799006" lon="4.024228993803263">
				<ele>271.0</ele>
				<time>2023-07-12T10:00:14</time>
			</trkpt>
			<trkpt lat="49.10870592109859" lon="4.021139927208424">
				<ele>271.0</ele>
				<time>2023-07-12T10:00:47</time>
			</trkpt>
			<trkpt lat="49.108547922223806" lon="4.019373944029212">
				<ele>272.0</ele>
				<time>2023-07-12T10:01:06</time>
			</trkpt>
			<trkpt lat="49.1084429807961" lon="4.017896968871355">
				<ele>272.0</ele>
				<time>2023-07-12T10:01:21</time>
			</trkpt>
			<trkpt lat="49.10838497802615" lon="4.017565967515111">
				<ele>273.0</ele>
				<time>2023-07-12T10:01:25</time>
			</trkpt>
			<trkpt lat="49.108325969427824" lon="4.017353989183903">
				<ele>273.0</ele>
				<time>2023-07-12T10:01:27</time>
			</trkpt>
			<trkpt lat="49.10784493200481" lon="4.015936944633722">
				<ele>274.0</ele>
				<time>2023-07-12T10:01:44</time>
			</trkpt>
			<trkpt lat="49.10751895979047" lon="4.014867916703224">
				<ele>274.0</ele>
				<time>2023-07-12T10:01:56</time>
			</trkpt>
			<trkpt lat="49.10672494210303" lon="4.0125559363514185">
				<ele>275.0</ele>
				<time>2023-07-12T10:02:24</time>
			</trkpt>
			<trkpt lat="49.106161929666996" lon="4.010822977870703">
				<ele>276.0</ele>
				<time>2023-07-12T10:02:44</time>
			</trkpt>
			<trkpt lat="49.10611096769571" lon="4.01043196208775">
				<ele>276.0</ele>
				<time>2023-07-12T10:02:48</time>
			</trkpt>
			<trkpt lat="49.10607794299722" lon="4.009286994114518">
				<ele>276.0</ele>
				<time>2023-07-12T10:03:00</time>
			</trkpt>
			<trkpt lat="49.10601893439889" lon="4.008635971695185">
				<ele>277.0</ele>
				<time>2023-07-12T10:03:07</time>
			</trkpt>
			<trkpt lat="49.105946933850646" lon="4.008296923711896">
				<ele>277.0</ele>
				<time>2023-07-12T10:03:11</time>
			</trkpt>
			<trkpt lat="49.105707965791225" lon="4.007429983466864">
				<ele>277.0</ele>
				<time>2023-07-12T10:03:21</time>
			</trkpt>
			<trkpt lat="49.10539892502129" lon="4.004720952361822">
				<ele>277.0</ele>
				<time>2023-07-12T10:03:50</time>
			</trkpt>
			<trkpt lat="49.10524494946003" lon="4.0040169563144445">
				<ele>277.0</ele>
				<time>2023-07-12T10:03:57</time>
			</trkpt>
			<trkpt lat="49.10511997528374" lon="4.003291921690106">
				<ele>277.0</ele>
				<time>2023-07-12T10:04:05</time>
			</trkpt>
			<trkpt lat="49.105104971677065" lon="4.002660932019353">
				<ele>277.0</ele>
				<time>2023-07-12T10:04:12</time>
			</trkpt>
			<trkpt lat="49.10521795973182" lon="4.001014977693558">
				<ele>277.0</ele>
				<time>2023-07-12T10:04:29</time>
			</trkpt>
			<trkpt lat="49.10528593696654" lon="4.000371918082237">
				<ele>277.0</ele>
				<time>2023-07-12T10:04:36</time>
			</trkpt>
			<trkpt lat="49.10545994527638" lon="3.9990519359707832">
				<ele>277.0</ele>
				<time>2023-07-12T10:04:50</time>
			</trkpt>
			<trkpt lat="49.10548492334783" lon="3.9986139815300703">
				<ele>277.0</ele>
				<time>2023-07-12T10:04:55</time>
			</trkpt>
			<trkpt lat="49.10541392862797" lon="3.99706793949008">
				<ele>277.0</ele>
				<time>2023-07-12T10:05:11</time>
			</trkpt>
			<trkpt lat="49.10552498884499" lon="3.9953389205038548">
				<ele>277.0</ele>
				<time>2023-07-12T10:05:29</time>
			</trkpt>
			<trkpt lat="49.10556396469474" lon="3.994474997743964">
				<ele>277.0</ele>
				<time>2023-07-12T10:05:38</time>
			</trkpt>
			<trkpt lat="49.105645939707756" lon="3.993837973102927">
				<ele>277.0</ele>
				<time>2023-07-12T10:05:45</time>
			</trkpt>
			<trkpt lat="49.10600393079221" lon="3.992530982941389">
				<ele>277.0</ele>
				<time>2023-07-12T10:06:00</time>
			</trkpt>
			<trkpt lat="49.10613996908069" lon="3.9917539805173874">
				<ele>276.0</ele>
				<time>2023-07-12T10:06:08</time>
			</trkpt>
			<trkpt lat="49.10618992522359" lon="3.990951916202903">
				<ele>276.0</ele>
				<time>2023-07-12T10:06:17</time>
			</trkpt>
			<trkpt lat="49.10617098212242" lon="3.990050945430994">
				<ele>276.0</ele>
				<time>2023-07-12T10:06:26</time>
			</trkpt>
			<trkpt lat="49.10610593855381" lon="3.9894699957221746">
				<ele>275.0</ele>
				<time>2023-07-12T10:06:32</time>
			</trkpt>
			<trkpt lat="49.106051959097385" lon="3.9880829583853483">
				<ele>275.0</ele>
				<time>2023-07-12T10:06:47</time>
			</trkpt>
			<trkpt lat="49.106069980189204" lon="3.9874649606645107">
				<ele>275.0</ele>
				<time>2023-07-12T10:06:53</time>
			</trkpt>
			<trkpt lat="49.106197971850634" lon="3.98705692961812">
				<ele>275.0</ele>
				<time>2023-07-12T10:06:58</time>
			</trkpt>
			<trkpt lat="49.10647398792207" lon="3.98647497408092">
				<ele>274.0</ele>
				<time>2023-07-12T10:07:06</time>
			</trkpt>
			<trkpt lat="49.10737194120884" lon="3.984353933483362">
				<ele>274.0</ele>
				<time>2023-07-12T10:07:32</time>
			</trkpt>
			<trkpt lat="49.10742097534239" lon="3.9840269554406404">
				<ele>274.0</ele>
				<time>2023-07-12T10:07:36</time>
			</trkpt>
			<trkpt lat="49.107404965907335" lon="3.9835359435528517">
				<ele>274.0</ele>
				<time>2023-07-12T10:07:41</time>
			</trkpt>
			<trkpt lat="49.10745198838413" lon="3.983051972463727">
				<ele>274.0</ele>
				<time>2023-07-12T10:07:46</time>
			</trkpt>
			<trkpt lat="49.10756195895374" lon="3.9828329533338547">
				<ele>274.0</ele>
				<time>2023-07-12T10:07:49</time>
			</trkpt>
			<trkpt lat="49.10758894868195" lon="3.982806969434023">
				<ele>273.0</ele>
				<time>2023-07-12T10:07:49</time>
			</trkpt>
			<trkpt lat="49.10771794617176" lon="3.9827649760991335">
				<ele>273.0</ele>
				<time>2023-07-12T10:07:52</time>
			</trkpt>
			<trkpt lat="49.10786697641015" lon="3.9827909599989653">
				<ele>273.0</ele>
				<time>2023-07-12T10:07:54</time>
			</trkpt>
			<trkpt lat="49.10792598500848" lon="3.9827749505639076">
				<ele>273.0</ele>
				<time>2023-07-12T10:07:55</time>
			</trkpt>
			<trkpt lat="49.10795792005956" lon="3.982705967500806">
				<ele>273.0</ele>
				<time>2023-07-12T10:07:56</time>
			</trkpt>
			<trkpt lat="49.107943922281265" lon="3.9826489705592394">
				<ele>273.0</ele>
				<time>2023-07-12T10:07:56</time>
			</trkpt>
			<trkpt lat="49.10788097418845" lon="3.9825369883328676">
				<ele>273.0</ele>
				<time>2023-07-12T10:07:58</time>
			</trkpt>
			<trkpt lat="49.10775792784989" lon="3.9823689311742783">
				<ele>273.0</ele>
				<time>2023-07-12T10:08:01</time>
			</trkpt>
			<trkpt lat="49.107600934803486" lon="3.98222291842103">
				<ele>273.0</ele>
				<time>2023-07-12T10:08:04</time>
			</trkpt>
			<trkpt lat="49.10747394897044" lon="3.982151923701167">
				<ele>273.0</ele>
				<time>2023-07-12T10:08:06</time>
			</trkpt>
			<trkpt lat="49.107402954250574" lon="3.9817109517753124">
				<ele>273.0</ele>
				<time>2023-07-12T10:08:10</time>
			</trkpt>
			<trkpt lat="49.10737093538046" lon="3.98099597543478">
				<ele>273.0</ele>
				<time>2023-07-12T10:08:18</time>
			</trkpt>
			<trkpt lat="49.10736791789532" lon="3.980451989918947">
				<ele>273.0</ele>
				<time>2023-07-12T10:08:24</time>
			</trkpt>
			<trkpt lat="49.107339922338724" lon="3.979832986369729">
				<ele>273.0</ele>
				<time>2023-07-12T10:08:30</time>
			</trkpt>
			<trkpt lat="49.10734796896577" lon="3.979643974453211">
				<ele>272.0</ele>
				<time>2023-07-12T10:08:32</time>
			</trkpt>
			<trkpt lat="49.10738694481552" lon="3.979357983916998">
				<ele>272.0</ele>
				<time>2023-07-12T10:08:35</time>
			</trkpt>
			<trkpt lat="49.10741393454373" lon="3.9792639389634132">
				<ele>272.0</ele>
				<time>2023-07-12T10:08:36</time>
			</trkpt>
			<trkpt lat="49.107663966715336" lon="3.9787799678742886">
				<ele>272.0</ele>
				<time>2023-07-12T10:08:43</time>
			</trkpt>
			<trkpt lat="49.10843996331096" lon="3.9776769932359457">
				<ele>272.0</ele>
				<time>2023-07-12T10:09:00</time>
			</trkpt>
			<trkpt lat="49.10988693125546" lon="3.975744964554906">
				<ele>272.0</ele>
				<time>2023-07-12T10:09:31</time>
			</trkpt>
			<trkpt lat="49.11024793982506" lon="3.975208941847086">
				<ele>271.0</ele>
				<time>2023-07-12T10:09:39</time>
			</trkpt>
			<trkpt lat="49.11029797978699" lon="3.975077932700515">
				<ele>271.0</ele>
				<time>2023-07-12T10:09:40</time>
			</trkpt>
			<trkpt lat="49.110284987837076" lon="3.975006937980652">
				<ele>271.0</ele>
				<time>2023-07-12T10:09:41</time>
			</trkpt>
			<trkpt lat="49.110154984518886" lon="3.974881963804364">
				<ele>271.0</ele>
				<time>2023-07-12T10:09:43</time>
			</trkpt>
			<trkpt lat="49.10942894406617" lon="3.9744379743933678">
				<ele>271.0</ele>
				<time>2023-07-12T10:09:56</time>
			</trkpt>
			<trkpt lat="49.10904496908188" lon="3.9741449430584908">
				<ele>271.0</ele>
				<time>2023-07-12T10:10:03</time>
			</trkpt>
			<trkpt lat="49.10832094028592" lon="3.973651919513941">
				<ele>271.0</ele>
				<time>2023-07-12T10:10:15</time>
			</trkpt>
			<trkpt lat="49.108113991096616" lon="3.9735489897429943">
				<ele>272.0</ele>
				<time>2023-07-12T10:10:19</time>
			</trkpt>
			<trkpt lat="49.10770998336375" lon="3.973221927881241">
				<ele>272.0</ele>
				<time>2023-07-12T10:10:26</time>
			</trkpt>
			<trkpt lat="49.107597917318344" lon="3.9730709698051214">
				<ele>272.0</ele>
				<time>2023-07-12T10:10:29</time>
			</trkpt>
			<trkpt lat="49.1074949875474" lon="3.9727799501270056">
				<ele>272.0</ele>
				<time>2023-07-12T10:10:32</time>
			</trkpt>
			<trkpt lat="49.107466991990805" lon="3.9723429176956415">
				<ele>272.0</ele>
				<time>2023-07-12T10:10:37</time>
			</trkpt>
			<trkpt lat="49.10748492926359" lon="3.96881396882236">
				<ele>272.0</ele>
				<time>2023-07-12T10:11:14</time>
			</trkpt>
			<trkpt lat="49.1074759606272" lon="3.9676349703222513">
				<ele>272.0</ele>
				<time>2023-07-12T10:11:26</time>
			</trkpt>
			<trkpt lat="49.10750596784055" lon="3.9655789732933044">
				<ele>273.0</ele>
				<time>2023-07-12T10:11:48</time>
			</trkpt>
			<trkpt lat="49.10749892704189" lon="3.96284194663167">
				<ele>273.0</ele>
				<time>2023-07-12T10:12:16</time>
			</trkpt>
			<trkpt lat="49.10751895979047" lon="3.961177971214056">
				<ele>273.0</ele>
				<time>2023-07-12T10:12:34</time>
			</trkpt>
			<trkpt lat="49.107512924820185" lon="3.9604079257696867">
				<ele>273.0</ele>
				<time>2023-07-12T10:12:42</time>
			</trkpt>
			<trkpt lat="49.10754192620516" lon="3.9596199430525303">
				<ele>273.0</ele>
				<time>2023-07-12T10:12:50</time>
			</trkpt>
			<trkpt lat="49.10758391954005" lon="3.955850936472416">
				<ele>274.0</ele>
				<time>2023-07-12T10:13:30</time>
			</trkpt>
			<trkpt lat="49.10758391954005" lon="3.954206993803382">
				<ele>273.0</ele>
				<time>2023-07-12T10:13:47</time>
			</trkpt>
			<trkpt lat="49.10763194784522" lon="3.9500009547919035">
				<ele>273.0</ele>
				<time>2023-07-12T10:14:31</time>
			</trkpt>
			<trkpt lat="49.10762398503721" lon="3.9487969782203436">
				<ele>273.0</ele>
				<time>2023-07-12T10:14:44</time>
			</trkpt>
			<trkpt lat="49.10767695866525" lon="3.9449769258499146">
				<ele>274.0</ele>
				<time>2023-07-12T10:15:24</time>
			</trkpt>
			<trkpt lat="49.107686933130026" lon="3.941875956952572">
				<ele>274.0</ele>
				<time>2023-07-12T10:15:56</time>
			</trkpt>
			<trkpt lat="49.10766698420048" lon="3.940032944083214">
				<ele>274.0</ele>
				<time>2023-07-12T10:16:15</time>
			</trkpt>
			<trkpt lat="49.107726998627186" lon="3.9365419652312994">
				<ele>274.0</ele>
				<time>2023-07-12T10:16:52</time>
			</trkpt>
			<trkpt lat="49.107705960050225" lon="3.933303952217102">
				<ele>274.0</ele>
				<time>2023-07-12T10:17:26</time>
			</trkpt>
			<trkpt lat="49.10774191841483" lon="3.932271972298622">
				<ele>274.0</ele>
				<time>2023-07-12T10:17:37</time>
			</trkpt>
			<trkpt lat="49.10778097808361" lon="3.932099975645542">
				<ele>274.0</ele>
				<time>2023-07-12T10:17:39</time>
			</trkpt>
			<trkpt lat="49.10794794559479" lon="3.9317499473690987">
				<ele>274.0</ele>
				<time>2023-07-12T10:17:43</time>
			</trkpt>
			<trkpt lat="49.10841699689627" lon="3.9311489649116993">
				<ele>274.0</ele>
				<time>2023-07-12T10:17:53</time>
			</trkpt>
			<trkpt lat="49.108908930793405" lon="3.9304259419441223">
				<ele>274.0</ele>
				<time>2023-07-12T10:18:04</time>
			</trkpt>
			<trkpt lat="49.10937597043812" lon="3.929892936721444">
				<ele>274.0</ele>
				<time>2023-07-12T10:18:13</time>
			</trkpt>
			<trkpt lat="49.10969892516732" lon="3.9294499531388283">
				<ele>273.0</ele>
				<time>2023-07-12T10:18:20</time>
			</trkpt>
			<trkpt lat="49.10998499952257" lon="3.9289959892630577">
				<ele>273.0</ele>
				<time>2023-07-12T10:18:27</time>
			</trkpt>
			<trkpt lat="49.11105293780565" lon="3.927465956658125">
				<ele>273.0</ele>
				<time>2023-07-12T10:18:50</time>
			</trkpt>
			<trkpt lat="49.11160295829177" lon="3.9267159439623356">
				<ele>273.0</ele>
				<time>2023-07-12T10:19:02</time>
			</trkpt>
			<trkpt lat="49.11237593740225" lon="3.9256159868091345">
				<ele>272.0</ele>
				<time>2023-07-12T10:19:19</time>
			</trkpt>
			<trkpt lat="49.11370497196913" lon="3.9238439686596394">
				<ele>272.0</ele>
				<time>2023-07-12T10:19:47</time>
			</trkpt>
			<trkpt lat="49.11377898417413" lon="3.9237699564546347">
				<ele>272.0</ele>
				<time>2023-07-12T10:19:49</time>
			</trkpt>
			<trkpt lat="49.11429195664823" lon="3.9231309201568365">
				<ele>272.0</ele>
				<time>2023-07-12T10:19:59</time>
			</trkpt>
			<trkpt lat="49.11897492595017" lon="3.9165469352155924">
				<ele>271.0</ele>
				<time>2023-07-12T10:21:41</time>
			</trkpt>
			<trkpt lat="49.11901499144733" lon="3.9164809696376324">
				<ele>271.0</ele>
				<time>2023-07-12T10:21:42</time>
			</trkpt>
			<trkpt lat="49.11902194842696" lon="3.9163139183074236">
				<ele>271.0</ele>
				<time>2023-07-12T10:21:44</time>
			</trkpt>
			<trkpt lat="49.11889093928039" lon="3.916107974946499">
				<ele>271.0</ele>
				<time>2023-07-12T10:21:47</time>
			</trkpt>
			<trkpt lat="49.11815199069679" lon="3.915336923673749">
				<ele>270.0</ele>
				<time>2023-07-12T10:22:01</time>
			</trkpt>
			<trkpt lat="49.1177989449352" lon="3.9149919245392084">
				<ele>270.0</ele>
				<time>2023-07-12T10:22:08</time>
			</trkpt>
			<trkpt lat="49.117457969114184" lon="3.914560927078128">
				<ele>270.0</ele>
				<time>2023-07-12T10:22:15</time>
			</trkpt>
			<trkpt lat="49.11741195246577" lon="3.9144679717719555">
				<ele>270.0</ele>
				<time>2023-07-12T10:22:16</time>
			</trkpt>
			<trkpt lat="49.115804973989725" lon="3.9098339527845383">
				<ele>269.0</ele>
				<time>2023-07-12T10:23:11</time>
			</trkpt>
			<trkpt lat="49.11478799767792" lon="3.907002964988351">
				<ele>269.0</ele>
				<time>2023-07-12T10:23:45</time>
			</trkpt>
			<trkpt lat="49.114217944443226" lon="3.905358938500285">
				<ele>269.0</ele>
				<time>2023-07-12T10:24:05</time>
			</trkpt>
			<trkpt lat="49.11373992450535" lon="3.9038959611207247">
				<ele>268.0</ele>
				<time>2023-07-12T10:24:22</time>
			</trkpt>
			<trkpt lat="49.11300298757851" lon="3.9022049959748983">
				<ele>267.0</ele>
				<time>2023-07-12T10:24:43</time>
			</trkpt>
			<trkpt lat="49.11269897595048" lon="3.9015669655054808">
				<ele>266.0</ele>
				<time>2023-07-12T10:24:51</time>
			</trkpt>
			<trkpt lat="49.11263896152377" lon="3.901460934430361">
				<ele>265.0</ele>
				<time>2023-07-12T10:24:53</time>
			</trkpt>
			<trkpt lat="49.112411979585886" lon="3.901184918358922">
				<ele>263.0</ele>
				<time>2023-07-12T10:24:57</time>
			</trkpt>
			<trkpt lat="49.110343996435404" lon="3.899674918502569">
				<ele>262.0</ele>
				<time>2023-07-12T10:25:34</time>
			</trkpt>
			<trkpt lat="49.11005398258567" lon="3.8994239643216133">
				<ele>260.0</ele>
				<time>2023-07-12T10:25:39</time>
			</trkpt>
			<trkpt lat="49.10960898734629" lon="3.8989399932324886">
				<ele>258.0</ele>
				<time>2023-07-12T10:25:48</time>
			</trkpt>
			<trkpt lat="49.109229957684875" lon="3.8984579499810934">
				<ele>255.0</ele>
				<time>2023-07-12T10:25:56</time>
			</trkpt>
			<trkpt lat="49.10913993604481" lon="3.8982659205794334">
				<ele>252.0</ele>
				<time>2023-07-12T10:25:59</time>
			</trkpt>
			<trkpt lat="49.10905293188989" lon="3.8979419600218534">
				<ele>249.0</ele>
				<time>2023-07-12T10:26:02</time>
			</trkpt>
			<trkpt lat="49.10904999822378" lon="3.8977249525487423">
				<ele>246.0</ele>
				<time>2023-07-12T10:26:05</time>
			</trkpt>
			<trkpt lat="49.10907195881009" lon="3.8975049275904894">
				<ele>242.0</ele>
				<time>2023-07-12T10:26:07</time>
			</trkpt>
			<trkpt lat="49.10931293852627" lon="3.896053936332464">
				<ele>238.0</ele>
				<time>2023-07-12T10:26:23</time>
			</trkpt>
			<trkpt lat="49.109598929062486" lon="3.8941039703786373">
				<ele>233.0</ele>
				<time>2023-07-12T10:26:44</time>
			</trkpt>
			<trkpt lat="49.10991098731756" lon="3.8922879472374916">
				<ele>228.0</ele>
				<time>2023-07-12T10:27:03</time>
			</trkpt>
			<trkpt lat="49.10994694568217" lon="3.8918889686465263">
				<ele>224.0</ele>
				<time>2023-07-12T10:27:07</time>
			</trkpt>
			<trkpt lat="49.109893972054124" lon="3.891517985612154">
				<ele>220.0</ele>
				<time>2023-07-12T10:27:11</time>
			</trkpt>
			<trkpt lat="49.10973597317934" lon="3.8912239484488964">
				<ele>216.0</ele>
				<time>2023-07-12T10:27:15</time>
			</trkpt>
			<trkpt lat="49.10937597043812" lon="3.890913985669613">
				<ele>211.0</ele>
				<time>2023-07-12T10:27:22</time>
			</trkpt>
			<trkpt lat="49.10881698131561" lon="3.8903639651834965">
				<ele>207.0</ele>
				<time>2023-07-12T10:27:33</time>
			</trkpt>
			<trkpt lat="49.10849595442414" lon="3.8900199718773365">
				<ele>203.0</ele>
				<time>2023-07-12T10:27:39</time>
			</trkpt>
			<trkpt lat="49.10818791948259" lon="3.889652928337455">
				<ele>199.0</ele>
				<time>2023-07-12T10:27:45</time>
			</trkpt>
			<trkpt lat="49.107426926493645" lon="3.888584990054369">
				<ele>195.0</ele>
				<time>2023-07-12T10:28:02</time>
			</trkpt>
			<trkpt lat="49.10722794011235" lon="3.888342920690775">
				<ele>192.0</ele>
				<time>2023-07-12T10:28:06</time>
			</trkpt>
			<trkpt lat="49.107014955952764" lon="3.8881389889866114">
				<ele>189.0</ele>
				<time>2023-07-12T10:28:10</time>
			</trkpt>
			<trkpt lat="49.106242982670665" lon="3.887598942965269">
				<ele>185.0</ele>
				<time>2023-07-12T10:28:23</time>
			</trkpt>
			<trkpt lat="49.10517496056855" lon="3.886906933039427">
				<ele>183.0</ele>
				<time>2023-07-12T10:28:42</time>
			</trkpt>
			<trkpt lat="49.104784950613976" lon="3.8866189308464527">
				<ele>180.0</ele>
				<time>2023-07-12T10:28:49</time>
			</trkpt>
			<trkpt lat="49.1046179831028" lon="3.886433942243457">
				<ele>178.0</ele>
				<time>2023-07-12T10:28:52</time>
			</trkpt>
			<trkpt lat="49.104335932061076" lon="3.8859869353473186">
				<ele>177.0</ele>
				<time>2023-07-12T10:28:59</time>
			</trkpt>
			<trkpt lat="49.102424941957" lon="3.882675999775529">
				<ele>175.0</ele>
				<time>2023-07-12T10:29:45</time>
			</trkpt>
			<trkpt lat="49.102185973897576" lon="3.882375927641988">
				<ele>175.0</ele>
				<time>2023-07-12T10:29:50</time>
			</trkpt>
			<trkpt lat="49.102030992507935" lon="3.882253970950842">
				<ele>174.0</ele>
				<time>2023-07-12T10:29:53</time>
			</trkpt>
			<trkpt lat="49.10122792236507" lon="3.8814969174563885">
				<ele>174.0</ele>
				<time>2023-07-12T10:30:08</time>
			</trkpt>
			<trkpt lat="49.10101292654872" lon="3.8814889546483755">
				<ele>174.0</ele>
				<time>2023-07-12T10:30:11</time>
			</trkpt>
			<trkpt lat="49.100960958749056" lon="3.881515944376588">
				<ele>175.0</ele>
				<time>2023-07-12T10:30:12</time>
			</trkpt>
			<trkpt lat="49.100141962990165" lon="3.8820629473775625">
				<ele>175.0</ele>
				<time>2023-07-12T10:30:27</time>
			</trkpt>
			<trkpt lat="49.099667966365814" lon="3.8824349362403154">
				<ele>176.0</ele>
				<time>2023-07-12T10:30:35</time>
			</trkpt>
			<trkpt lat="49.09931894391775" lon="3.882751939818263">
				<ele>176.0</ele>
				<time>2023-07-12T10:30:42</time>
			</trkpt>
			<trkpt lat="49.09890093840659" lon="3.88308797031641">
				<ele>178.0</ele>
				<time>2023-07-12T10:30:49</time>
			</trkpt>
			<trkpt lat="49.09871393814683" lon="3.883171956986189">
				<ele>179.0</ele>
				<time>2023-07-12T10:30:52</time>
			</trkpt>
			<trkpt lat="49.09847899340093" lon="3.8831709511578083">
				<ele>181.0</ele>
				<time>2023-07-12T10:30:56</time>
			</trkpt>
			<trkpt lat="49.09836298786104" lon="3.8831349927932024">
				<ele>183.0</ele>
				<time>2023-07-12T10:30:58</time>
			</trkpt>
			<trkpt lat="49.0983079187572" lon="3.8830369245260954">
				<ele>185.0</ele>
				<time>2023-07-12T10:30:59</time>
			</trkpt>
			<trkpt lat="49.098335998132825" lon="3.882956961169839">
				<ele>187.0</ele>
				<time>2023-07-12T10:31:00</time>
			</trkpt>
			<trkpt lat="49.098376985639334" lon="3.882930977270007">
				<ele>190.0</ele>
				<time>2023-07-12T10:31:01</time>
			</trkpt>
			<trkpt lat="49.09843297675252" lon="3.882850930094719">
				<ele>193.0</ele>
				<time>2023-07-12T10:31:02</time>
			</trkpt>
			<trkpt lat="49.09880597144365" lon="3.8825679570436478">
				<ele>196.0</ele>
				<time>2023-07-12T10:31:09</time>
			</trkpt>
			<trkpt lat="49.099243925884366" lon="3.8820879254490137">
				<ele>200.0</ele>
				<time>2023-07-12T10:31:17</time>
			</trkpt>
			<trkpt lat="49.099328918382525" lon="3.88201299123466">
				<ele>203.0</ele>
				<time>2023-07-12T10:31:19</time>
			</trkpt>
			<trkpt lat="49.09946193918586" lon="3.881773939356208">
				<ele>207.0</ele>
				<time>2023-07-12T10:31:22</time>
			</trkpt>
			<trkpt lat="49.099560929462314" lon="3.8816659804433584">
				<ele>210.0</ele>
				<time>2023-07-12T10:31:24</time>
			</trkpt>
			<trkpt lat="49.099648939445615" lon="3.8815389946103096">
				<ele>214.0</ele>
				<time>2023-07-12T10:31:26</time>
			</trkpt>
			<trkpt lat="49.099907940253615" lon="3.881100956350565">
				<ele>218.0</ele>
				<time>2023-07-12T10:31:32</time>
			</trkpt>
			<trkpt lat="49.10041194409132" lon="3.8800379633903503">
				<ele>222.0</ele>
				<time>2023-07-12T10:31:46</time>
			</trkpt>
			<trkpt lat="49.100571954622865" lon="3.879739986732602">
				<ele>226.0</ele>
				<time>2023-07-12T10:31:50</time>
			</trkpt>
			<trkpt lat="49.100702963769436" lon="3.879539994522929">
				<ele>230.0</ele>
				<time>2023-07-12T10:31:53</time>
			</trkpt>
			<trkpt lat="49.10105894319713" lon="3.879227936267853">
				<ele>234.0</ele>
				<time>2023-07-12T10:32:00</time>
			</trkpt>
			<trkpt lat="49.10141894593835" lon="3.878637934103608">
				<ele>238.0</ele>
				<time>2023-07-12T10:32:08</time>
			</trkpt>
			<trkpt lat="49.101623967289925" lon="3.8781949505209923">
				<ele>241.0</ele>
				<time>2023-07-12T10:32:14</time>
			</trkpt>
			<trkpt lat="49.10180694423616" lon="3.8777519669383764">
				<ele>245.0</ele>
				<time>2023-07-12T10:32:19</time>
			</trkpt>
			<trkpt lat="49.101863941177726" lon="3.8776029366999865">
				<ele>248.0</ele>
				<time>2023-07-12T10:32:21</time>
			</trkpt>
			<trkpt lat="49.10193292424083" lon="3.8773419242352247">
				<ele>251.0</ele>
				<time>2023-07-12T10:32:24</time>
			</trkpt>
			<trkpt lat="49.102288987487555" lon="3.876397954300046">
				<ele>254.0</ele>
				<time>2023-07-12T10:32:36</time>
			</trkpt>
			<trkpt lat="49.102545976638794" lon="3.875780962407589">
				<ele>256.0</ele>
				<time>2023-07-12T10:32:43</time>
			</trkpt>
			<trkpt lat="49.103604946285486" lon="3.8735319301486015">
				<ele>259.0</ele>
				<time>2023-07-12T10:33:12</time>
			</trkpt>
			<trkpt lat="49.104183968156576" lon="3.8722379319369793">
				<ele>260.0</ele>
				<time>2023-07-12T10:33:29</time>
			</trkpt>
			<trkpt lat="49.104416985064745" lon="3.87182897888124">
				<ele>261.0</ele>
				<time>2023-07-12T10:33:34</time>
			</trkpt>
			<trkpt lat="49.104699958115816" lon="3.8714409805834293">
				<ele>263.0</ele>
				<time>2023-07-12T10:33:40</time>
			</trkpt>
			<trkpt lat="49.10633593797684" lon="3.869315916672349">
				<ele>263.0</ele>
				<time>2023-07-12T10:34:15</time>
			</trkpt>
			<trkpt lat="49.107166919857264" lon="3.8682449609041214">
				<ele>263.0</ele>
				<time>2023-07-12T10:34:32</time>
			</trkpt>
			<trkpt lat="49.10773194395006" lon="3.867550939321518">
				<ele>263.0</ele>
				<time>2023-07-12T10:34:44</time>
			</trkpt>
			<trkpt lat="49.10829596221447" lon="3.8669929560273886">
				<ele>263.0</ele>
				<time>2023-07-12T10:34:55</time>
			</trkpt>
			<trkpt lat="49.11030292510986" lon="3.8652609195560217">
				<ele>262.0</ele>
				<time>2023-07-12T10:35:31</time>
			</trkpt>
			<trkpt lat="49.11132694222033" lon="3.8643479626625776">
				<ele>261.0</ele>
				<time>2023-07-12T10:35:50</time>
			</trkpt>
			<trkpt lat="49.11174897104502" lon="3.8638449646532536">
				<ele>260.0</ele>
				<time>2023-07-12T10:35:59</time>
			</trkpt>
			<trkpt lat="49.11394192837179" lon="3.8606709893792868">
				<ele>258.0</ele>
				<time>2023-07-12T10:36:47</time>
			</trkpt>
			<trkpt lat="49.11404997110367" lon="3.8604489527642727">
				<ele>257.0</ele>
				<time>2023-07-12T10:36:50</time>
			</trkpt>
			<trkpt lat="49.11416597664356" lon="3.860065983608365">
				<ele>255.0</ele>
				<time>2023-07-12T10:36:55</time>
			</trkpt>
			<trkpt lat="49.11444693803787" lon="3.8583629485219717">
				<ele>252.0</ele>
				<time>2023-07-12T10:37:13</time>
			</trkpt>
			<trkpt lat="49.11453293636441" lon="3.857908984646201">
				<ele>250.0</ele>
				<time>2023-07-12T10:37:18</time>
			</trkpt>
			<trkpt lat="49.11460694856942" lon="3.8576989341527224">
				<ele>247.0</ele>
				<time>2023-07-12T10:37:21</time>
			</trkpt>
			<trkpt lat="49.114776933565736" lon="3.85741394944489">
				<ele>244.0</ele>
				<time>2023-07-12T10:37:25</time>
			</trkpt>
			<trkpt lat="49.1157509945333" lon="3.8561399839818478">
				<ele>241.0</ele>
				<time>2023-07-12T10:37:45</time>
			</trkpt>
			<trkpt lat="49.115931959822774" lon="3.855904955416918">
				<ele>237.0</ele>
				<time>2023-07-12T10:37:49</time>
			</trkpt>
			<trkpt lat="49.11614092066884" lon="3.8557009398937225">
				<ele>234.0</ele>
				<time>2023-07-12T10:37:53</time>
			</trkpt>
			<trkpt lat="49.11650293506682" lon="3.8554859440773726">
				<ele>231.0</ele>
				<time>2023-07-12T10:37:59</time>
			</trkpt>
			<trkpt lat="49.1182289365679" lon="3.854614980518818">
				<ele>227.0</ele>
				<time>2023-07-12T10:38:28</time>
			</trkpt>
			<trkpt lat="49.11915094591677" lon="3.854174930602312">
				<ele>223.0</ele>
				<time>2023-07-12T10:38:44</time>
			</trkpt>
			<trkpt lat="49.11927692592144" lon="3.854156993329525">
				<ele>219.0</ele>
				<time>2023-07-12T10:38:46</time>
			</trkpt>
			<trkpt lat="49.11940894089639" lon="3.854172918945551">
				<ele>216.0</ele>
				<time>2023-07-12T10:38:48</time>
			</trkpt>
			<trkpt lat="49.119542967528105" lon="3.8542189355939627">
				<ele>212.0</ele>
				<time>2023-07-12T10:38:50</time>
			</trkpt>
			<trkpt lat="49.119673976674676" lon="3.854288924485445">
				<ele>209.0</ele>
				<time>2023-07-12T10:38:52</time>
			</trkpt>
			<trkpt lat="49.12028895691037" lon="3.8547479175031185">
				<ele>205.0</ele>
				<time>2023-07-12T10:39:03</time>
			</trkpt>
			<trkpt lat="49.120620964095" lon="3.854970959946513">
				<ele>202.0</ele>
				<time>2023-07-12T10:39:09</time>
			</trkpt>
			<trkpt lat="49.12073194049299" lon="3.8550229277461767">
				<ele>199.0</ele>
				<time>2023-07-12T10:39:11</time>
			</trkpt>
			<trkpt lat="49.12084392271936" lon="3.8550539407879114">
				<ele>196.0</ele>
				<time>2023-07-12T10:39:13</time>
			</trkpt>
			<trkpt lat="49.120960934087634" lon="3.85504899546504">
				<ele>193.0</ele>
				<time>2023-07-12T10:39:15</time>
			</trkpt>
			<trkpt lat="49.12108398042619" lon="3.8550049904733896">
				<ele>190.0</ele>
				<time>2023-07-12T10:39:17</time>
			</trkpt>
			<trkpt lat="49.121648920699954" lon="3.854637946933508">
				<ele>187.0</ele>
				<time>2023-07-12T10:39:26</time>
			</trkpt>
			<trkpt lat="49.12185695953667" lon="3.854364948347211">
				<ele>185.0</ele>
				<time>2023-07-12T10:39:31</time>
			</trkpt>
			<trkpt lat="49.12247093394399" lon="3.853274965658784">
				<ele>182.0</ele>
				<time>2023-07-12T10:39:46</time>
			</trkpt>
			<trkpt lat="49.12278198637068" lon="3.852869952097535">
				<ele>180.0</ele>
				<time>2023-07-12T10:39:52</time>
			</trkpt>
			<trkpt lat="49.12295792251825" lon="3.852667948231101">
				<ele>178.0</ele>
				<time>2023-07-12T10:39:56</time>
			</trkpt>
			<trkpt lat="49.12305498495698" lon="3.8525929301977158">
				<ele>176.0</ele>
				<time>2023-07-12T10:39:58</time>
			</trkpt>
			<trkpt lat="49.12316193804145" lon="3.852538950741291">
				<ele>174.0</ele>
				<time>2023-07-12T10:40:00</time>
			</trkpt>
			<trkpt lat="49.12339394912124" lon="3.8524769246578217">
				<ele>172.0</ele>
				<time>2023-07-12T10:40:03</time>
			</trkpt>
			<trkpt lat="49.123514983803034" lon="3.852478936314583">
				<ele>171.0</ele>
				<time>2023-07-12T10:40:05</time>
			</trkpt>
			<trkpt lat="49.12363694049418" lon="3.8525169901549816">
				<ele>169.0</ele>
				<time>2023-07-12T10:40:07</time>
			</trkpt>
			<trkpt lat="49.12386995740235" lon="3.852646993473172">
				<ele>168.0</ele>
				<time>2023-07-12T10:40:11</time>
			</trkpt>
			<trkpt lat="49.12408193573356" lon="3.8528179842978716">
				<ele>166.0</ele>
				<time>2023-07-12T10:40:15</time>
			</trkpt>
			<trkpt lat="49.124553920701146" lon="3.8534049689769745">
				<ele>165.0</ele>
				<time>2023-07-12T10:40:25</time>
			</trkpt>
			<trkpt lat="49.12471594288945" lon="3.8535119220614433">
				<ele>164.0</ele>
				<time>2023-07-12T10:40:28</time>
			</trkpt>
			<trkpt lat="49.125218940898776" lon="3.8537319470196962">
				<ele>163.0</ele>
				<time>2023-07-12T10:40:36</time>
			</trkpt>
			<trkpt lat="49.12545598112047" lon="3.853884916752577">
				<ele>162.0</ele>
				<time>2023-07-12T10:40:40</time>
			</trkpt>
			<trkpt lat="49.12585495971143" lon="3.854184988886118">
				<ele>161.0</ele>
				<time>2023-07-12T10:40:47</time>
			</trkpt>
			<trkpt lat="49.126030979678035" lon="3.8542829733341932">
				<ele>160.0</ele>
				<time>2023-07-12T10:40:50</time>
			</trkpt>
			<trkpt lat="49.126460971310735" lon="3.854462932795286">
				<ele>159.0</ele>
				<time>2023-07-12T10:40:57</time>
			</trkpt>
			<trkpt lat="49.12700294516981" lon="3.8545509427785873">
				<ele>158.0</ele>
				<time>2023-07-12T10:41:06</time>
			</trkpt>
			<trkpt lat="49.12765396758914" lon="3.8545579835772514">
				<ele>157.0</ele>
				<time>2023-07-12T10:41:17</time>
			</trkpt>
			<trkpt lat="49.12800491787493" lon="3.8545169960707426">
				<ele>156.0</ele>
				<time>2023-07-12T10:41:22</time>
			</trkpt>
			<trkpt lat="49.12844295613468" lon="3.8544259686022997">
				<ele>155.0</ele>
				<time>2023-07-12T10:41:29</time>
			</trkpt>
			<trkpt lat="49.12862593308091" lon="3.8541869167238474">
				<ele>155.0</ele>
				<time>2023-07-12T10:41:33</time>
			</trkpt>
			<trkpt lat="49.129981957376" lon="3.8513549230992794">
				<ele>153.0</ele>
				<time>2023-07-12T10:42:10</time>
			</trkpt>
			<trkpt lat="49.13141593337059" lon="3.848478924483061">
				<ele>153.0</ele>
				<time>2023-07-12T10:42:48</time>
			</trkpt>
			<trkpt lat="49.131554989144206" lon="3.8481129705905914">
				<ele>152.0</ele>
				<time>2023-07-12T10:42:52</time>
			</trkpt>
			<trkpt lat="49.131643921136856" lon="3.8476719986647367">
				<ele>151.0</ele>
				<time>2023-07-12T10:42:57</time>
			</trkpt>
			<trkpt lat="49.13167594000697" lon="3.847130946815014">
				<ele>151.0</ele>
				<time>2023-07-12T10:43:03</time>
			</trkpt>
			<trkpt lat="49.13184491917491" lon="3.8423099275678396">
				<ele>150.0</ele>
				<time>2023-07-12T10:43:53</time>
			</trkpt>
			<trkpt lat="49.131850032135844" lon="3.841806259006262">
				<ele>149.0</ele>
				<time>2023-07-12T10:43:59</time>
			</trkpt>
			<trkpt lat="49.131851959973574" lon="3.8416199292987585">
				<ele>149.0</ele>
				<time>2023-07-12T10:44:01</time>
			</trkpt>
			<trkpt lat="49.1318369563669" lon="3.841382972896099">
				<ele>148.0</ele>
				<time>2023-07-12T10:44:03</time>
			</trkpt>
			<trkpt lat="49.13177199661732" lon="3.841033950448036">
				<ele>148.0</ele>
				<time>2023-07-12T10:44:07</time>
			</trkpt>
			<trkpt lat="49.13169697858393" lon="3.8408129196614027">
				<ele>148.0</ele>
				<time>2023-07-12T10:44:09</time>
			</trkpt>
			<trkpt lat="49.131293976679444" lon="3.840037928894162">
				<ele>147.0</ele>
				<time>2023-07-12T10:44:20</time>
			</trkpt>
			<trkpt lat="49.13113195449114" lon="3.839582959190011">
				<ele>147.0</ele>
				<time>2023-07-12T10:44:25</time>
			</trkpt>
			<trkpt lat="49.13107596337795" lon="3.839198984205723">
				<ele>147.0</ele>
				<time>2023-07-12T10:44:29</time>
			</trkpt>
			<trkpt lat="49.13096599280834" lon="3.8373389560729265">
				<ele>147.0</ele>
				<time>2023-07-12T10:44:49</time>
			</trkpt>
			<trkpt lat="49.1309629753232" lon="3.836556924507022">
				<ele>147.0</ele>
				<time>2023-07-12T10:44:57</time>
			</trkpt>
			<trkpt lat="49.13098694756627" lon="3.836432956159115">
				<ele>146.0</ele>
				<time>2023-07-12T10:44:58</time>
			</trkpt>
			<trkpt lat="49.131163973361254" lon="3.836017968133092">
				<ele>146.0</ele>
				<time>2023-07-12T10:45:04</time>
			</trkpt>
			<trkpt lat="49.131557922810316" lon="3.835423942655325">
				<ele>146.0</ele>
				<time>2023-07-12T10:45:13</time>
			</trkpt>
			<trkpt lat="49.131769984960556" lon="3.8349449168890715">
				<ele>146.0</ele>
				<time>2023-07-12T10:45:19</time>
			</trkpt>
			<trkpt lat="49.13195396773517" lon="3.834143942221999">
				<ele>145.0</ele>
				<time>2023-07-12T10:45:27</time>
			</trkpt>
			<trkpt lat="49.131981963291764" lon="3.833531979471445">
				<ele>144.0</ele>
				<time>2023-07-12T10:45:34</time>
			</trkpt>
			<trkpt lat="49.13180099800229" lon="3.8306379597634077">
				<ele>144.0</ele>
				<time>2023-07-12T10:46:04</time>
			</trkpt>
			<trkpt lat="49.13180694915354" lon="3.8303999975323677">
				<ele>143.0</ele>
				<time>2023-07-12T10:46:07</time>
			</trkpt>
			<trkpt lat="49.13203099742532" lon="3.8301069661974907">
				<ele>142.0</ele>
				<time>2023-07-12T10:46:12</time>
			</trkpt>
			<trkpt lat="49.13185992278159" lon="3.8302259892225266">
				<ele>141.0</ele>
				<time>2023-07-12T10:46:15</time>
			</trkpt>
			<trkpt lat="49.1318369563669" lon="3.8302159309387207">
				<ele>141.0</ele>
				<time>2023-07-12T10:46:15</time>
			</trkpt>
			<trkpt lat="49.131808960810304" lon="3.830143930390477">
				<ele>140.0</ele>
				<time>2023-07-12T10:46:16</time>
			</trkpt>
			<trkpt lat="49.1318279877305" lon="3.829905968159437">
				<ele>138.0</ele>
				<time>2023-07-12T10:46:18</time>
			</trkpt>
			<trkpt lat="49.131831927224994" lon="3.828679947182536">
				<ele>137.0</ele>
				<time>2023-07-12T10:46:31</time>
			</trkpt>
			<trkpt lat="49.13186193443835" lon="3.8277009408921003">
				<ele>136.0</ele>
				<time>2023-07-12T10:46:41</time>
			</trkpt>
			<trkpt lat="49.13184994831681" lon="3.827064922079444">
				<ele>134.0</ele>
				<time>2023-07-12T10:46:48</time>
			</trkpt>
			<trkpt lat="49.13179596886039" lon="3.826735932379961">
				<ele>133.0</ele>
				<time>2023-07-12T10:46:52</time>
			</trkpt>
			<trkpt lat="49.13168993778527" lon="3.82643292658031">
				<ele>132.0</ele>
				<time>2023-07-12T10:46:55</time>
			</trkpt>
			<trkpt lat="49.13161198608577" lon="3.8261159230023623">
				<ele>131.0</ele>
				<time>2023-07-12T10:46:59</time>
			</trkpt>
			<trkpt lat="49.131468990817666" lon="3.825226938351989">
				<ele>130.0</ele>
				<time>2023-07-12T10:47:08</time>
			</trkpt>
			<trkpt lat="49.131405958905816" lon="3.8246759958565235">
				<ele>129.0</ele>
				<time>2023-07-12T10:47:14</time>
			</trkpt>
			<trkpt lat="49.131490951403975" lon="3.824561918154359">
				<ele>128.0</ele>
				<time>2023-07-12T10:47:16</time>
			</trkpt>
			<trkpt lat="49.13171198219061" lon="3.824542975053191">
				<ele>127.0</ele>
				<time>2023-07-12T10:47:20</time>
			</trkpt>
			<trkpt lat="49.13188096135855" lon="3.8245549611747265">
				<ele>126.0</ele>
				<time>2023-07-12T10:47:22</time>
			</trkpt>
			<trkpt lat="49.1322529502213" lon="3.8246009778231382">
				<ele>125.0</ele>
				<time>2023-07-12T10:47:28</time>
			</trkpt>
			<trkpt lat="49.13266098126769" lon="3.8246839586645365">
				<ele>125.0</ele>
				<time>2023-07-12T10:47:35</time>
			</trkpt>
			<trkpt lat="49.132993994280696" lon="3.8247199170291424">
				<ele>125.0</ele>
				<time>2023-07-12T10:47:40</time>
			</trkpt>
			<trkpt lat="49.13379597477615" lon="3.8247169833630323">
				<ele>125.0</ele>
				<time>2023-07-12T10:47:53</time>
			</trkpt>
			<trkpt lat="49.13415698334575" lon="3.824667949229479">
				<ele>125.0</ele>
				<time>2023-07-12T10:47:59</time>
			</trkpt>
			<trkpt lat="49.13442495279014" lon="3.824699968099594">
				<ele>126.0</ele>
				<time>2023-07-12T10:48:03</time>
			</trkpt>
			<trkpt lat="49.1355649754405" lon="3.8246729783713818">
				<ele>127.0</ele>
				<time>2023-07-12T10:48:21</time>
			</trkpt>
			<trkpt lat="49.13603494875133" lon="3.824679935351014">
				<ele>128.0</ele>
				<time>2023-07-12T10:48:29</time>
			</trkpt>
			<trkpt lat="49.136301996186376" lon="3.824694938957691">
				<ele>129.0</ele>
				<time>2023-07-12T10:48:33</time>
			</trkpt>
			<trkpt lat="49.13656895980239" lon="3.82477599196136">
				<ele>130.0</ele>
				<time>2023-07-12T10:48:38</time>
			</trkpt>
			<trkpt lat="49.136864924803376" lon="3.8249089289456606">
				<ele>132.0</ele>
				<time>2023-07-12T10:48:43</time>
			</trkpt>
			<trkpt lat="49.13710699416697" lon="3.825117973610759">
				<ele>133.0</ele>
				<time>2023-07-12T10:48:47</time>
			</trkpt>
			<trkpt lat="49.13719894364476" lon="3.8252399303019047">
				<ele>135.0</ele>
				<time>2023-07-12T10:48:49</time>
			</trkpt>
			<trkpt lat="49.137356942519546" lon="3.8255339674651623">
				<ele>137.0</ele>
				<time>2023-07-12T10:48:53</time>
			</trkpt>
			<trkpt lat="49.137632958590984" lon="3.8261379674077034">
				<ele>139.0</ele>
				<time>2023-07-12T10:49:01</time>
			</trkpt>
			<trkpt lat="49.13773496635258" lon="3.8263179268687963">
				<ele>141.0</ele>
				<time>2023-07-12T10:49:03</time>
			</trkpt>
			<trkpt lat="49.13787997327745" lon="3.826527977362275">
				<ele>143.0</ele>
				<time>2023-07-12T10:49:06</time>
			</trkpt>
			<trkpt lat="49.138125982135534" lon="3.826806927099824">
				<ele>145.0</ele>
				<time>2023-07-12T10:49:11</time>
			</trkpt>
			<trkpt lat="49.138297978788614" lon="3.826955957338214">
				<ele>147.0</ele>
				<time>2023-07-12T10:49:14</time>
			</trkpt>
			<trkpt lat="49.13848296739161" lon="3.8270829431712627">
				<ele>150.0</ele>
				<time>2023-07-12T10:49:18</time>
			</trkpt>
			<trkpt lat="49.13867399096489" lon="3.8271899800747633">
				<ele>152.0</ele>
				<time>2023-07-12T10:49:21</time>
			</trkpt>
			<trkpt lat="49.14007091894746" lon="3.827781993895769">
				<ele>155.0</ele>
				<time>2023-07-12T10:49:44</time>
			</trkpt>
			<trkpt lat="49.140343917533755" lon="3.8279199600219727">
				<ele>158.0</ele>
				<time>2023-07-12T10:49:49</time>
			</trkpt>
			<trkpt lat="49.14061892777681" lon="3.8281699921935797">
				<ele>160.0</ele>
				<time>2023-07-12T10:49:54</time>
			</trkpt>
			<trkpt lat="49.140708949416876" lon="3.8282879255712032">
				<ele>163.0</ele>
				<time>2023-07-12T10:49:56</time>
			</trkpt>
			<trkpt lat="49.140812968835235" lon="3.828469980508089">
				<ele>165.0</ele>
				<time>2023-07-12T10:49:58</time>
			</trkpt>
			<trkpt lat="49.14095495827496" lon="3.828778937458992">
				<ele>168.0</ele>
				<time>2023-07-12T10:50:02</time>
			</trkpt>
			<trkpt lat="49.141116980463266" lon="3.829215969890356">
				<ele>171.0</ele>
				<time>2023-07-12T10:50:08</time>
			</trkpt>
			<trkpt lat="49.141242960467935" lon="3.8296089973300695">
				<ele>173.0</ele>
				<time>2023-07-12T10:50:12</time>
			</trkpt>
			<trkpt lat="49.14127799682319" lon="3.829792980104685">
				<ele>176.0</ele>
				<time>2023-07-12T10:50:14</time>
			</trkpt>
			<trkpt lat="49.14129392243922" lon="3.8300449401140213">
				<ele>179.0</ele>
				<time>2023-07-12T10:50:17</time>
			</trkpt>
			<trkpt lat="49.141286965459585" lon="3.8302999176084995">
				<ele>182.0</ele>
				<time>2023-07-12T10:50:19</time>
			</trkpt>
			<trkpt lat="49.14121496491134" lon="3.831292921677232">
				<ele>185.0</ele>
				<time>2023-07-12T10:50:30</time>
			</trkpt>
			<trkpt lat="49.14118696935475" lon="3.8314729649573565">
				<ele>188.0</ele>
				<time>2023-07-12T10:50:32</time>
			</trkpt>
			<trkpt lat="49.141096947714686" lon="3.831827938556671">
				<ele>191.0</ele>
				<time>2023-07-12T10:50:36</time>
			</trkpt>
			<trkpt lat="49.14097893051803" lon="3.832174949347973">
				<ele>195.0</ele>
				<time>2023-07-12T10:50:40</time>
			</trkpt>
			<trkpt lat="49.14090692996979" lon="3.8323379773646593">
				<ele>198.0</ele>
				<time>2023-07-12T10:50:42</time>
			</trkpt>
			<trkpt lat="49.139334987849" lon="3.8366939686238766">
				<ele>203.0</ele>
				<time>2023-07-12T10:51:34</time>
			</trkpt>
			<trkpt lat="49.13921294733882" lon="3.8371189311146736">
				<ele>206.0</ele>
				<time>2023-07-12T10:51:39</time>
			</trkpt>
			<trkpt lat="49.13905997760594" lon="3.837885959073901">
				<ele>210.0</ele>
				<time>2023-07-12T10:51:47</time>
			</trkpt>
			<trkpt lat="49.13892796263099" lon="3.8386899512261152">
				<ele>213.0</ele>
				<time>2023-07-12T10:51:56</time>
			</trkpt>
			<trkpt lat="49.138935925439" lon="3.8393389619886875">
				<ele>217.0</ele>
				<time>2023-07-12T10:52:03</time>
			</trkpt>
			<trkpt lat="49.13906894624233" lon="3.840283937752247">
				<ele>220.0</ele>
				<time>2023-07-12T10:52:13</time>
			</trkpt>
			<trkpt lat="49.13916491903365" lon="3.840586943551898">
				<ele>224.0</ele>
				<time>2023-07-12T10:52:17</time>
			</trkpt>
			<trkpt lat="49.13927497342229" lon="3.840775955468416">
				<ele>227.0</ele>
				<time>2023-07-12T10:52:19</time>
			</trkpt>
			<trkpt lat="49.13934395648539" lon="3.840851979330182">
				<ele>230.0</ele>
				<time>2023-07-12T10:52:21</time>
			</trkpt>
			<trkpt lat="49.13953699171543" lon="3.841008972376585">
				<ele>233.0</ele>
				<time>2023-07-12T10:52:24</time>
			</trkpt>
			<trkpt lat="49.13978794589639" lon="3.841112991794944">
				<ele>235.0</ele>
				<time>2023-07-12T10:52:28</time>
			</trkpt>
			<trkpt lat="49.14140397682786" lon="3.8413589168339968">
				<ele>238.0</ele>
				<time>2023-07-12T10:52:54</time>
			</trkpt>
			<trkpt lat="49.14172098040581" lon="3.8413849845528603">
				<ele>240.0</ele>
				<time>2023-07-12T10:52:59</time>
			</trkpt>
			<trkpt lat="49.141933964565396" lon="3.8413849845528603">
				<ele>242.0</ele>
				<time>2023-07-12T10:53:03</time>
			</trkpt>
			<trkpt lat="49.14279797114432" lon="3.8415059354156256">
				<ele>244.0</ele>
				<time>2023-07-12T10:53:17</time>
			</trkpt>
			<trkpt lat="49.143024953082204" lon="3.841519933193922">
				<ele>246.0</ele>
				<time>2023-07-12T10:53:20</time>
			</trkpt>
			<trkpt lat="49.14411594159901" lon="3.8414889201521873">
				<ele>248.0</ele>
				<time>2023-07-12T10:53:38</time>
			</trkpt>
			<trkpt lat="49.14494692347944" lon="3.841420942917466">
				<ele>249.0</ele>
				<time>2023-07-12T10:53:51</time>
			</trkpt>
			<trkpt lat="49.1451939381659" lon="3.8414429873228073">
				<ele>250.0</ele>
				<time>2023-07-12T10:53:55</time>
			</trkpt>
			<trkpt lat="49.1452769190073" lon="3.841468971222639">
				<ele>250.0</ele>
				<time>2023-07-12T10:53:56</time>
			</trkpt>
			<trkpt lat="49.14535495452583" lon="3.841516999527812">
				<ele>251.0</ele>
				<time>2023-07-12T10:53:58</time>
			</trkpt>
			<trkpt lat="49.14542896673083" lon="3.8415919337421656">
				<ele>251.0</ele>
				<time>2023-07-12T10:53:59</time>
			</trkpt>
			<trkpt lat="49.14559995755553" lon="3.8419129606336355">
				<ele>252.0</ele>
				<time>2023-07-12T10:54:03</time>
			</trkpt>
			<trkpt lat="49.146140925586224" lon="3.8431039452552795">
				<ele>252.0</ele>
				<time>2023-07-12T10:54:19</time>
			</trkpt>
			<trkpt lat="49.146531941369176" lon="3.843903997913003">
				<ele>252.0</ele>
				<time>2023-07-12T10:54:29</time>
			</trkpt>
			<trkpt lat="49.14668499492109" lon="3.8441859651356936">
				<ele>251.0</ele>
				<time>2023-07-12T10:54:33</time>
			</trkpt>
			<trkpt lat="49.14691197685897" lon="3.8444979395717382">
				<ele>251.0</ele>
				<time>2023-07-12T10:54:38</time>
			</trkpt>
			<trkpt lat="49.14697693660855" lon="3.844558959826827">
				<ele>251.0</ele>
				<time>2023-07-12T10:54:39</time>
			</trkpt>
			<trkpt lat="49.14725597016513" lon="3.844743948429823">
				<ele>250.0</ele>
				<time>2023-07-12T10:54:44</time>
			</trkpt>
			<trkpt lat="49.147411957383156" lon="3.8448059745132923">
				<ele>249.0</ele>
				<time>2023-07-12T10:54:46</time>
			</trkpt>
			<trkpt lat="49.147970946505666" lon="3.8449749536812305">
				<ele>249.0</ele>
				<time>2023-07-12T10:54:56</time>
			</trkpt>
			<trkpt lat="49.149280954152346" lon="3.8453439250588417">
				<ele>248.0</ele>
				<time>2023-07-12T10:55:17</time>
			</trkpt>
			<trkpt lat="49.150009928271174" lon="3.845569984987378">
				<ele>247.0</ele>
				<time>2023-07-12T10:55:29</time>
			</trkpt>
			<trkpt lat="49.15124198421836" lon="3.845878941938281">
				<ele>246.0</ele>
				<time>2023-07-12T10:55:49</time>
			</trkpt>
			<trkpt lat="49.151832992210984" lon="3.8460719771683216">
				<ele>244.0</ele>
				<time>2023-07-12T10:55:59</time>
			</trkpt>
			<trkpt lat="49.15431596338749" lon="3.8467859476804733">
				<ele>243.0</ele>
				<time>2023-07-12T10:56:39</time>
			</trkpt>
			<trkpt lat="49.15472692809999" lon="3.846932966262102">
				<ele>241.0</ele>
				<time>2023-07-12T10:56:46</time>
			</trkpt>
			<trkpt lat="49.15520092472434" lon="3.847066992893815">
				<ele>240.0</ele>
				<time>2023-07-12T10:56:53</time>
			</trkpt>
			<trkpt lat="49.15555598214269" lon="3.8471389934420586">
				<ele>239.0</ele>
				<time>2023-07-12T10:56:59</time>
			</trkpt>
			<trkpt lat="49.15621094405651" lon="3.847312917932868">
				<ele>238.0</ele>
				<time>2023-07-12T10:57:10</time>
			</trkpt>
			<trkpt lat="49.15690295398235" lon="3.847526991739869">
				<ele>237.0</ele>
				<time>2023-07-12T10:57:21</time>
			</trkpt>
			<trkpt lat="49.15717595256865" lon="3.8477079570293427">
				<ele>236.0</ele>
				<time>2023-07-12T10:57:26</time>
			</trkpt>
			<trkpt lat="49.15741693228483" lon="3.8480039220303297">
				<ele>235.0</ele>
				<time>2023-07-12T10:57:31</time>
			</trkpt>
			<trkpt lat="49.157483987510204" lon="3.8481149822473526">
				<ele>233.0</ele>
				<time>2023-07-12T10:57:32</time>
			</trkpt>
			<trkpt lat="49.15923999622464" lon="3.8514559250324965">
				<ele>232.0</ele>
				<time>2023-07-12T10:58:17</time>
			</trkpt>
			<trkpt lat="49.161952966824174" lon="3.8568719755858183">
				<ele>231.0</ele>
				<time>2023-07-12T10:59:29</time>
			</trkpt>
			<trkpt lat="49.16214197874069" lon="3.857208928093314">
				<ele>230.0</ele>
				<time>2023-07-12T10:59:33</time>
			</trkpt>
			<trkpt lat="49.16237893514335" lon="3.8574909791350365">
				<ele>229.0</ele>
				<time>2023-07-12T10:59:38</time>
			</trkpt>
			<trkpt lat="49.162470968440175" lon="3.857564991340041">
				<ele>227.0</ele>
				<time>2023-07-12T10:59:40</time>
			</trkpt>
			<trkpt lat="49.16267699562013" lon="3.8576729502528906">
				<ele>226.0</ele>
				<time>2023-07-12T10:59:43</time>
			</trkpt>
			<trkpt lat="49.16278294287622" lon="3.8577039632946253">
				<ele>224.0</ele>
				<time>2023-07-12T10:59:45</time>
			</trkpt>
			<trkpt lat="49.16299793869257" lon="3.857727935537696">
				<ele>223.0</ele>
				<time>2023-07-12T10:59:49</time>
			</trkpt>
			<trkpt lat="49.16321494616568" lon="3.8577029574662447">
				<ele>221.0</ele>
				<time>2023-07-12T10:59:52</time>
			</trkpt>
			<trkpt lat="49.163546953350306" lon="3.8576369918882847">
				<ele>219.0</ele>
				<time>2023-07-12T10:59:57</time>
			</trkpt>
			<trkpt lat="49.16400695219636" lon="3.857524925842881">
				<ele>217.0</ele>
				<time>2023-07-12T11:00:05</time>
			</trkpt>
			<trkpt lat="49.164233934134245" lon="3.857431970536709">
				<ele>215.0</ele>
				<time>2023-07-12T11:00:09</time>
			</trkpt>
			<trkpt lat="49.16446292772889" lon="3.8572939205914736">
				<ele>213.0</ele>
				<time>2023-07-12T11:00:13</time>
			</trkpt>
			<trkpt lat="49.16468094103038" lon="3.857097951695323">
				<ele>210.0</ele>
				<time>2023-07-12T11:00:17</time>
			</trkpt>
			<trkpt lat="49.165123924613" lon="3.8566559739410877">
				<ele>208.0</ele>
				<time>2023-07-12T11:00:25</time>
			</trkpt>
			<trkpt lat="49.16537596844137" lon="3.8564769364893436">
				<ele>205.0</ele>
				<time>2023-07-12T11:00:30</time>
			</trkpt>
			<trkpt lat="49.16564293205738" lon="3.856356991454959">
				<ele>202.0</ele>
				<time>2023-07-12T11:00:34</time>
			</trkpt>
			<trkpt lat="49.16606294922531" lon="3.8562319334596395">
				<ele>199.0</ele>
				<time>2023-07-12T11:00:41</time>
			</trkpt>
			<trkpt lat="49.166206950321794" lon="3.8562119845300913">
				<ele>196.0</ele>
				<time>2023-07-12T11:00:43</time>
			</trkpt>
			<trkpt lat="49.16778098791838" lon="3.856199998408556">
				<ele>193.0</ele>
				<time>2023-07-12T11:01:08</time>
			</trkpt>
			<trkpt lat="49.16806597262621" lon="3.8562689814716578">
				<ele>190.0</ele>
				<time>2023-07-12T11:01:13</time>
			</trkpt>
			<trkpt lat="49.168338971212506" lon="3.856394961476326">
				<ele>186.0</ele>
				<time>2023-07-12T11:01:18</time>
			</trkpt>
			<trkpt lat="49.168832916766405" lon="3.856771979480982">
				<ele>183.0</ele>
				<time>2023-07-12T11:01:26</time>
			</trkpt>
			<trkpt lat="49.16966297663748" lon="3.8574729580432177">
				<ele>180.0</ele>
				<time>2023-07-12T11:01:42</time>
			</trkpt>
			<trkpt lat="49.16988995857537" lon="3.857678985223174">
				<ele>176.0</ele>
				<time>2023-07-12T11:01:46</time>
			</trkpt>
			<trkpt lat="49.17010897770524" lon="3.857923988252878">
				<ele>173.0</ele>
				<time>2023-07-12T11:01:50</time>
			</trkpt>
			<trkpt lat="49.17021199129522" lon="3.8580729346722364">
				<ele>170.0</ele>
				<time>2023-07-12T11:01:52</time>
			</trkpt>
			<trkpt lat="49.17041097767651" lon="3.858389938250184">
				<ele>167.0</ele>
				<time>2023-07-12T11:01:57</time>
			</trkpt>
			<trkpt lat="49.17059596627951" lon="3.858733931556344">
				<ele>164.0</ele>
				<time>2023-07-12T11:02:02</time>
			</trkpt>
			<trkpt lat="49.17102595791221" lon="3.859666921198368">
				<ele>161.0</ele>
				<time>2023-07-12T11:02:14</time>
			</trkpt>
			<trkpt lat="49.17151194065809" lon="3.860786994919181">
				<ele>157.0</ele>
				<time>2023-07-12T11:02:28</time>
			</trkpt>
			<trkpt lat="49.172115940600634" lon="3.8620219845324755">
				<ele>155.0</ele>
				<time>2023-07-12T11:02:44</time>
			</trkpt>
			<trkpt lat="49.17253595776856" lon="3.8626519683748484">
				<ele>152.0</ele>
				<time>2023-07-12T11:02:53</time>
			</trkpt>
			<trkpt lat="49.17302998714149" lon="3.863269966095686">
				<ele>150.0</ele>
				<time>2023-07-12T11:03:03</time>
			</trkpt>
			<trkpt lat="49.17311196215451" lon="3.8633369375020266">
				<ele>147.0</ele>
				<time>2023-07-12T11:03:05</time>
			</trkpt>
			<trkpt lat="49.17320097796619" lon="3.863365938887">
				<ele>145.0</ele>
				<time>2023-07-12T11:03:06</time>
			</trkpt>
			<trkpt lat="49.1732969507575" lon="3.863360993564129">
				<ele>144.0</ele>
				<time>2023-07-12T11:03:08</time>
			</trkpt>
			<trkpt lat="49.17400195263326" lon="3.8629379589110613">
				<ele>142.0</ele>
				<time>2023-07-12T11:03:20</time>
			</trkpt>
			<trkpt lat="49.17418694123626" lon="3.862946927547455">
				<ele>140.0</ele>
				<time>2023-07-12T11:03:23</time>
			</trkpt>
			<trkpt lat="49.174287943169475" lon="3.8629799522459507">
				<ele>139.0</ele>
				<time>2023-07-12T11:03:25</time>
			</trkpt>
			<trkpt lat="49.174546943977475" lon="3.8632489275187254">
				<ele>138.0</ele>
				<time>2023-07-12T11:03:30</time>
			</trkpt>
			<trkpt lat="49.174780966714025" lon="3.863529972732067">
				<ele>136.0</ele>
				<time>2023-07-12T11:03:34</time>
			</trkpt>
			<trkpt lat="49.175017923116684" lon="3.8638599682599306">
				<ele>135.0</ele>
				<time>2023-07-12T11:03:40</time>
			</trkpt>
			<trkpt lat="49.17507198639214" lon="3.864022996276617">
				<ele>135.0</ele>
				<time>2023-07-12T11:03:42</time>
			</trkpt>
			<trkpt lat="49.175064945593476" lon="3.8641129340976477">
				<ele>134.0</ele>
				<time>2023-07-12T11:03:42</time>
			</trkpt>
			<trkpt lat="49.17498992756009" lon="3.86439791880548">
				<ele>134.0</ele>
				<time>2023-07-12T11:03:46</time>
			</trkpt>
			<trkpt lat="49.17469899170101" lon="3.865165952593088">
				<ele>133.0</ele>
				<time>2023-07-12T11:03:55</time>
			</trkpt>
			<trkpt lat="49.17466797865927" lon="3.86538396589458">
				<ele>133.0</ele>
				<time>2023-07-12T11:03:57</time>
			</trkpt>
			<trkpt lat="49.17454996146262" lon="3.866880973801017">
				<ele>133.0</ele>
				<time>2023-07-12T11:04:13</time>
			</trkpt>
			<trkpt lat="49.174590948969126" lon="3.867752943187952">
				<ele>133.0</ele>
				<time>2023-07-12T11:04:22</time>
			</trkpt>
			<trkpt lat="49.1745699942112" lon="3.8682269398123026">
				<ele>133.0</ele>
				<time>2023-07-12T11:04:27</time>
			</trkpt>
			<trkpt lat="49.1743279248476" lon="3.8703329768031836">
				<ele>134.0</ele>
				<time>2023-07-12T11:04:50</time>
			</trkpt>
			<trkpt lat="49.1738239210099" lon="3.8744119461625814">
				<ele>135.0</ele>
				<time>2023-07-12T11:05:33</time>
			</trkpt>
			<trkpt lat="49.1735509224236" lon="3.8757189363241196">
				<ele>136.0</ele>
				<time>2023-07-12T11:05:47</time>
			</trkpt>
			<trkpt lat="49.17274994775653" lon="3.879115954041481">
				<ele>138.0</ele>
				<time>2023-07-12T11:06:25</time>
			</trkpt>
			<trkpt lat="49.17268096469343" lon="3.879324998706579">
				<ele>139.0</ele>
				<time>2023-07-12T11:06:28</time>
			</trkpt>
			<trkpt lat="49.17246596887708" lon="3.879818944260478">
				<ele>140.0</ele>
				<time>2023-07-12T11:06:34</time>
			</trkpt>
			<trkpt lat="49.17084499262273" lon="3.882837938144803">
				<ele>140.0</ele>
				<time>2023-07-12T11:07:15</time>
			</trkpt>
			<trkpt lat="49.1686119697988" lon="3.8870589807629585">
				<ele>141.0</ele>
				<time>2023-07-12T11:08:12</time>
			</trkpt>
			<trkpt lat="49.16826697066426" lon="3.8878649845719337">
				<ele>142.0</ele>
				<time>2023-07-12T11:08:22</time>
			</trkpt>
			<trkpt lat="49.1667159833014" lon="3.8919389247894287">
				<ele>142.0</ele>
				<time>2023-07-12T11:09:11</time>
			</trkpt>
			<trkpt lat="49.16642898693681" lon="3.8928319327533245">
				<ele>143.0</ele>
				<time>2023-07-12T11:09:21</time>
			</trkpt>
			<trkpt lat="49.16634198278189" lon="3.8932219427078962">
				<ele>144.0</ele>
				<time>2023-07-12T11:09:26</time>
			</trkpt>
			<trkpt lat="49.16600595228374" lon="3.895419929176569">
				<ele>144.0</ele>
				<time>2023-07-12T11:09:49</time>
			</trkpt>
			<trkpt lat="49.16589992120862" lon="3.8959119468927383">
				<ele>145.0</ele>
				<time>2023-07-12T11:09:55</time>
			</trkpt>
			<trkpt lat="49.16583294980228" lon="3.8961259368807077">
				<ele>146.0</ele>
				<time>2023-07-12T11:09:57</time>
			</trkpt>
			<trkpt lat="49.16577494703233" lon="3.89643095433712">
				<ele>147.0</ele>
				<time>2023-07-12T11:10:01</time>
			</trkpt>
			<trkpt lat="49.16527697816491" lon="3.8983139488846064">
				<ele>147.0</ele>
				<time>2023-07-12T11:10:22</time>
			</trkpt>
			<trkpt lat="49.16468798182905" lon="3.900663983076811">
				<ele>148.0</ele>
				<time>2023-07-12T11:10:48</time>
			</trkpt>
			<trkpt lat="49.16413092054427" lon="3.902754932641983">
				<ele>149.0</ele>
				<time>2023-07-12T11:11:12</time>
			</trkpt>
			<trkpt lat="49.1640739236027" lon="3.903065985068679">
				<ele>150.0</ele>
				<time>2023-07-12T11:11:15</time>
			</trkpt>
			<trkpt lat="49.163914918899536" lon="3.9042099472135305">
				<ele>150.0</ele>
				<time>2023-07-12T11:11:28</time>
			</trkpt>
			<trkpt lat="49.16385892778635" lon="3.904451932758093">
				<ele>150.0</ele>
				<time>2023-07-12T11:11:30</time>
			</trkpt>
			<trkpt lat="49.16377695277333" lon="3.904696935787797">
				<ele>151.0</ele>
				<time>2023-07-12T11:11:33</time>
			</trkpt>
			<trkpt lat="49.163606967777014" lon="3.905042940750718">
				<ele>151.0</ele>
				<time>2023-07-12T11:11:38</time>
			</trkpt>
			<trkpt lat="49.16341996751726" lon="3.9053579326719046">
				<ele>151.0</ele>
				<time>2023-07-12T11:11:42</time>
			</trkpt>
			<trkpt lat="49.16320991702378" lon="3.905641995370388">
				<ele>151.0</ele>
				<time>2023-07-12T11:11:47</time>
			</trkpt>
			<trkpt lat="49.16291696950793" lon="3.9059349428862333">
				<ele>151.0</ele>
				<time>2023-07-12T11:11:52</time>
			</trkpt>
			<trkpt lat="49.16277799755335" lon="3.9060489367693663">
				<ele>151.0</ele>
				<time>2023-07-12T11:11:55</time>
			</trkpt>
			<trkpt lat="49.162104930728674" lon="3.906544977799058">
				<ele>151.0</ele>
				<time>2023-07-12T11:12:07</time>
			</trkpt>
			<trkpt lat="49.16177099570632" lon="3.906911937519908">
				<ele>151.0</ele>
				<time>2023-07-12T11:12:13</time>
			</trkpt>
			<trkpt lat="49.16145298629999" lon="3.9074009377509356">
				<ele>151.0</ele>
				<time>2023-07-12T11:12:20</time>
			</trkpt>
			<trkpt lat="49.16091294027865" lon="3.9083069376647472">
				<ele>151.0</ele>
				<time>2023-07-12T11:12:33</time>
			</trkpt>
			<trkpt lat="49.16037599556148" lon="3.909161975607276">
				<ele>151.0</ele>
				<time>2023-07-12T11:12:46</time>
			</trkpt>
			<trkpt lat="49.16022294200957" lon="3.9093449525535107">
				<ele>151.0</ele>
				<time>2023-07-12T11:12:49</time>
			</trkpt>
			<trkpt lat="49.15999294258654" lon="3.909520972520113">
				<ele>150.0</ele>
				<time>2023-07-12T11:12:53</time>
			</trkpt>
			<trkpt lat="49.159743916243315" lon="3.909629937261343">
				<ele>150.0</ele>
				<time>2023-07-12T11:12:57</time>
			</trkpt>
			<trkpt lat="49.159676944836974" lon="3.9096419233828783">
				<ele>150.0</ele>
				<time>2023-07-12T11:12:58</time>
			</trkpt>
			<trkpt lat="49.15939095430076" lon="3.909639995545149">
				<ele>149.0</ele>
				<time>2023-07-12T11:13:03</time>
			</trkpt>
			<trkpt lat="49.1589399240911" lon="3.9095119200646877">
				<ele>149.0</ele>
				<time>2023-07-12T11:13:10</time>
			</trkpt>
			<trkpt lat="49.15809595026076" lon="3.9092469681054354">
				<ele>148.0</ele>
				<time>2023-07-12T11:13:24</time>
			</trkpt>
			<trkpt lat="49.15791196748614" lon="3.9091759733855724">
				<ele>148.0</ele>
				<time>2023-07-12T11:13:27</time>
			</trkpt>
			<trkpt lat="49.157508965581656" lon="3.9090869575738907">
				<ele>148.0</ele>
				<time>2023-07-12T11:13:33</time>
			</trkpt>
			<trkpt lat="49.15719891898334" lon="3.9091279450803995">
				<ele>148.0</ele>
				<time>2023-07-12T11:13:38</time>
			</trkpt>
			<trkpt lat="49.15702591650188" lon="3.9091839361935854">
				<ele>148.0</ele>
				<time>2023-07-12T11:13:41</time>
			</trkpt>
			<trkpt lat="49.1567899659276" lon="3.909298935905099">
				<ele>148.0</ele>
				<time>2023-07-12T11:13:45</time>
			</trkpt>
			<trkpt lat="49.15676892735064" lon="3.9094819966703653">
				<ele>149.0</ele>
				<time>2023-07-12T11:13:47</time>
			</trkpt>
			<trkpt lat="49.15689297951758" lon="3.9102989807724953">
				<ele>149.0</ele>
				<time>2023-07-12T11:13:56</time>
			</trkpt>
			<trkpt lat="49.156910916790366" lon="3.9105469174683094">
				<ele>150.0</ele>
				<time>2023-07-12T11:13:59</time>
			</trkpt>
			<trkpt lat="49.15707394480705" lon="3.9113579504191875">
				<ele>151.0</ele>
				<time>2023-07-12T11:14:07</time>
			</trkpt>
			<trkpt lat="49.15715692564845" lon="3.9119749423116446">
				<ele>151.0</ele>
				<time>2023-07-12T11:14:14</time>
			</trkpt>
			<trkpt lat="49.15714996866882" lon="3.9121599309146404">
				<ele>152.0</ele>
				<time>2023-07-12T11:14:16</time>
			</trkpt>
			<trkpt lat="49.15705491788685" lon="3.9127209316939116">
				<ele>153.0</ele>
				<time>2023-07-12T11:14:22</time>
			</trkpt>
			<trkpt lat="49.157145945355296" lon="3.9133909810334444">
				<ele>154.0</ele>
				<time>2023-07-12T11:14:29</time>
			</trkpt>
			<trkpt lat="49.15719296783209" lon="3.9134639874100685">
				<ele>155.0</ele>
				<time>2023-07-12T11:14:30</time>
			</trkpt>
			<trkpt lat="49.15734694339335" lon="3.9134119357913733">
				<ele>156.0</ele>
				<time>2023-07-12T11:14:33</time>
			</trkpt>
			<trkpt lat="49.1574979852885" lon="3.9135479740798473">
				<ele>157.0</ele>
				<time>2023-07-12T11:14:36</time>
			</trkpt>
			<trkpt lat="49.157784981653094" lon="3.9138809870928526">
				<ele>158.0</ele>
				<time>2023-07-12T11:14:41</time>
			</trkpt>
			<trkpt lat="49.157875925302505" lon="3.9140709210187197">
				<ele>158.0</ele>
				<time>2023-07-12T11:14:44</time>
			</trkpt>
			<trkpt lat="49.15799293667078" lon="3.914390942081809">
				<ele>159.0</ele>
				<time>2023-07-12T11:14:48</time>
			</trkpt>
			<trkpt lat="49.15805798023939" lon="3.914620941504836">
				<ele>160.0</ele>
				<time>2023-07-12T11:14:50</time>
			</trkpt>
			<trkpt lat="49.15807893499732" lon="3.9147279784083366">
				<ele>161.0</ele>
				<time>2023-07-12T11:14:52</time>
			</trkpt>
			<trkpt lat="49.15807298384607" lon="3.9149079378694296">
				<ele>161.0</ele>
				<time>2023-07-12T11:14:53</time>
			</trkpt>
			<trkpt lat="49.15799394249916" lon="3.91508094035089">
				<ele>162.0</ele>
				<time>2023-07-12T11:14:56</time>
			</trkpt>
			<trkpt lat="49.157826974987984" lon="3.91527296975255">
				<ele>163.0</ele>
				<time>2023-07-12T11:14:59</time>
			</trkpt>
			<trkpt lat="49.157721949741244" lon="3.915361985564232">
				<ele>163.0</ele>
				<time>2023-07-12T11:15:01</time>
			</trkpt>
			<trkpt lat="49.15723797865212" lon="3.9160589408129454">
				<ele>164.0</ele>
				<time>2023-07-12T11:15:12</time>
			</trkpt>
			<trkpt lat="49.15693497285247" lon="3.9162609446793795">
				<ele>165.0</ele>
				<time>2023-07-12T11:15:17</time>
			</trkpt>
			<trkpt lat="49.156861966475844" lon="3.9163389801979065">
				<ele>165.0</ele>
				<time>2023-07-12T11:15:18</time>
			</trkpt>
			<trkpt lat="49.15648897178471" lon="3.9173049945384264">
				<ele>166.0</ele>
				<time>2023-07-12T11:15:30</time>
			</trkpt>
			<trkpt lat="49.1563409473747" lon="3.917644964531064">
				<ele>166.0</ele>
				<time>2023-07-12T11:15:34</time>
			</trkpt>
			<trkpt lat="49.15611597709358" lon="3.9180539175868034">
				<ele>167.0</ele>
				<time>2023-07-12T11:15:40</time>
			</trkpt>
			<trkpt lat="49.15568891912699" lon="3.918618941679597">
				<ele>167.0</ele>
				<time>2023-07-12T11:15:49</time>
			</trkpt>
			<trkpt lat="49.15523897856474" lon="3.919108947739005">
				<ele>168.0</ele>
				<time>2023-07-12T11:15:58</time>
			</trkpt>
			<trkpt lat="49.154887944459915" lon="3.9195349998772144">
				<ele>169.0</ele>
				<time>2023-07-12T11:16:05</time>
			</trkpt>
			<trkpt lat="49.1546849347651" lon="3.9198459684848785">
				<ele>169.0</ele>
				<time>2023-07-12T11:16:10</time>
			</trkpt>
			<trkpt lat="49.154138937592506" lon="3.920881971716881">
				<ele>170.0</ele>
				<time>2023-07-12T11:16:23</time>
			</trkpt>
			<trkpt lat="49.153486993163824" lon="3.921766933053732">
				<ele>171.0</ele>
				<time>2023-07-12T11:16:37</time>
			</trkpt>
			<trkpt lat="49.15326294489205" lon="3.922274960204959">
				<ele>172.0</ele>
				<time>2023-07-12T11:16:44</time>
			</trkpt>
			<trkpt lat="49.15231897495687" lon="3.924772934988141">
				<ele>174.0</ele>
				<time>2023-07-12T11:17:14</time>
			</trkpt>
			<trkpt lat="49.15204497054219" lon="3.9257069304585457">
				<ele>175.0</ele>
				<time>2023-07-12T11:17:25</time>
			</trkpt>
			<trkpt lat="49.15204396471381" lon="3.925771974027157">
				<ele>176.0</ele>
				<time>2023-07-12T11:17:25</time>
			</trkpt>
			<trkpt lat="49.15212694555521" lon="3.9259139634668827">
				<ele>178.0</ele>
				<time>2023-07-12T11:17:27</time>
			</trkpt>
			<trkpt lat="49.15263597853482" lon="3.9261999540030956">
				<ele>180.0</ele>
				<time>2023-07-12T11:17:36</time>
			</trkpt>
			<trkpt lat="49.15289891883731" lon="3.9263719506561756">
				<ele>182.0</ele>
				<time>2023-07-12T11:17:41</time>
			</trkpt>
			<trkpt lat="49.15304493159056" lon="3.926481921225786">
				<ele>185.0</ele>
				<time>2023-07-12T11:17:43</time>
			</trkpt>
			<trkpt lat="49.15317493490875" lon="3.926623994484544">
				<ele>187.0</ele>
				<time>2023-07-12T11:17:46</time>
			</trkpt>
			<trkpt lat="49.15336897596717" lon="3.926942925900221">
				<ele>190.0</ele>
				<time>2023-07-12T11:17:50</time>
			</trkpt>
			<trkpt lat="49.15361297316849" lon="3.9275129791349173">
				<ele>193.0</ele>
				<time>2023-07-12T11:17:58</time>
			</trkpt>
			<trkpt lat="49.15378396399319" lon="3.9280109480023384">
				<ele>196.0</ele>
				<time>2023-07-12T11:18:03</time>
			</trkpt>
			<trkpt lat="49.153874991461635" lon="3.9283739682286978">
				<ele>200.0</ele>
				<time>2023-07-12T11:18:08</time>
			</trkpt>
			<trkpt lat="49.153900975361466" lon="3.9286199770867825">
				<ele>203.0</ele>
				<time>2023-07-12T11:18:10</time>
			</trkpt>
			<trkpt lat="49.15388697758317" lon="3.9291399903595448">
				<ele>207.0</ele>
				<time>2023-07-12T11:18:16</time>
			</trkpt>
			<trkpt lat="49.153576930984855" lon="3.932856945320964">
				<ele>212.0</ele>
				<time>2023-07-12T11:18:55</time>
			</trkpt>
			<trkpt lat="49.15361196734011" lon="3.933245949447155">
				<ele>216.0</ele>
				<time>2023-07-12T11:18:59</time>
			</trkpt>
			<trkpt lat="49.153659995645285" lon="3.9334899466484785">
				<ele>220.0</ele>
				<time>2023-07-12T11:19:02</time>
			</trkpt>
			<trkpt lat="49.15376292541623" lon="3.9342459943145514">
				<ele>224.0</ele>
				<time>2023-07-12T11:19:10</time>
			</trkpt>
			<trkpt lat="49.15376694872975" lon="3.934499965980649">
				<ele>228.0</ele>
				<time>2023-07-12T11:19:12</time>
			</trkpt>
			<trkpt lat="49.15373492985964" lon="3.9347949251532555">
				<ele>232.0</ele>
				<time>2023-07-12T11:19:16</time>
			</trkpt>
			<trkpt lat="49.15367793291807" lon="3.9349939953535795">
				<ele>236.0</ele>
				<time>2023-07-12T11:19:18</time>
			</trkpt>
			<trkpt lat="49.15348598733544" lon="3.9354469534009695">
				<ele>240.0</ele>
				<time>2023-07-12T11:19:23</time>
			</trkpt>
			<trkpt lat="49.15335891768336" lon="3.9357939641922712">
				<ele>244.0</ele>
				<time>2023-07-12T11:19:28</time>
			</trkpt>
			<trkpt lat="49.15331298485398" lon="3.935973923653364">
				<ele>248.0</ele>
				<time>2023-07-12T11:19:30</time>
			</trkpt>
			<trkpt lat="49.15324391797185" lon="3.9365089405328035">
				<ele>251.0</ele>
				<time>2023-07-12T11:19:35</time>
			</trkpt>
			<trkpt lat="49.15328599512577" lon="3.937152922153473">
				<ele>255.0</ele>
				<time>2023-07-12T11:19:42</time>
			</trkpt>
			<trkpt lat="49.15348498150706" lon="3.938014917075634">
				<ele>259.0</ele>
				<time>2023-07-12T11:19:52</time>
			</trkpt>
			<trkpt lat="49.15371892042458" lon="3.9383999817073345">
				<ele>263.0</ele>
				<time>2023-07-12T11:19:57</time>
			</trkpt>
			<trkpt lat="49.15393299423158" lon="3.9388699550181627">
				<ele>266.0</ele>
				<time>2023-07-12T11:20:03</time>
			</trkpt>
			<trkpt lat="49.154353933408856" lon="3.940454972907901">
				<ele>269.0</ele>
				<time>2023-07-12T11:20:21</time>
			</trkpt>
			<trkpt lat="49.15448494255543" lon="3.9411669317632914">
				<ele>271.0</ele>
				<time>2023-07-12T11:20:29</time>
			</trkpt>
			<trkpt lat="49.15477193892002" lon="3.94251499325037">
				<ele>274.0</ele>
				<time>2023-07-12T11:20:44</time>
			</trkpt>
			<trkpt lat="49.15534492582083" lon="3.9449459966272116">
				<ele>276.0</ele>
				<time>2023-07-12T11:21:11</time>
			</trkpt>
			<trkpt lat="49.15543695911765" lon="3.945470955222845">
				<ele>278.0</ele>
				<time>2023-07-12T11:21:16</time>
			</trkpt>
			<trkpt lat="49.15588195435703" lon="3.947395943105221">
				<ele>279.0</ele>
				<time>2023-07-12T11:21:38</time>
			</trkpt>
			<trkpt lat="49.15613994933665" lon="3.948692958801985">
				<ele>280.0</ele>
				<time>2023-07-12T11:21:52</time>
			</trkpt>
			<trkpt lat="49.15628897957504" lon="3.94932696595788">
				<ele>281.0</ele>
				<time>2023-07-12T11:21:59</time>
			</trkpt>
			<trkpt lat="49.1563739720732" lon="3.9500089175999165">
				<ele>281.0</ele>
				<time>2023-07-12T11:22:06</time>
			</trkpt>
			<trkpt lat="49.156394926831126" lon="3.950724983587861">
				<ele>281.0</ele>
				<time>2023-07-12T11:22:14</time>
			</trkpt>
			<trkpt lat="49.15638495236635" lon="3.9523629751056433">
				<ele>281.0</ele>
				<time>2023-07-12T11:22:31</time>
			</trkpt>
			<trkpt lat="49.156453935429454" lon="3.955936934798956">
				<ele>280.0</ele>
				<time>2023-07-12T11:23:08</time>
			</trkpt>
			<trkpt lat="49.15644597262144" lon="3.9563549403101206">
				<ele>278.0</ele>
				<time>2023-07-12T11:23:13</time>
			</trkpt>
			<trkpt lat="49.15646399371326" lon="3.957175947725773">
				<ele>277.0</ele>
				<time>2023-07-12T11:23:21</time>
			</trkpt>
			<trkpt lat="49.156457958742976" lon="3.9584459736943245">
				<ele>275.0</ele>
				<time>2023-07-12T11:23:35</time>
			</trkpt>
			<trkpt lat="49.156436920166016" lon="3.959020972251892">
				<ele>272.0</ele>
				<time>2023-07-12T11:23:41</time>
			</trkpt>
			<trkpt lat="49.15637992322445" lon="3.959458926692605">
				<ele>270.0</ele>
				<time>2023-07-12T11:23:45</time>
			</trkpt>
			<trkpt lat="49.155939957126975" lon="3.9621879905462265">
				<ele>266.0</ele>
				<time>2023-07-12T11:24:15</time>
			</trkpt>
			<trkpt lat="49.15580199100077" lon="3.963187951594591">
				<ele>263.0</ele>
				<time>2023-07-12T11:24:26</time>
			</trkpt>
			<trkpt lat="49.15573795326054" lon="3.964219931513071">
				<ele>259.0</ele>
				<time>2023-07-12T11:24:36</time>
			</trkpt>
			<trkpt lat="49.15573795326054" lon="3.9647249411791563">
				<ele>255.0</ele>
				<time>2023-07-12T11:24:42</time>
			</trkpt>
			<trkpt lat="49.155812971293926" lon="3.9655609522014856">
				<ele>251.0</ele>
				<time>2023-07-12T11:24:51</time>
			</trkpt>
			<trkpt lat="49.155810959637165" lon="3.9658969826996326">
				<ele>247.0</ele>
				<time>2023-07-12T11:24:54</time>
			</trkpt>
			<trkpt lat="49.15577692911029" lon="3.9662289898842573">
				<ele>243.0</ele>
				<time>2023-07-12T11:24:58</time>
			</trkpt>
			<trkpt lat="49.155488926917315" lon="3.9680719189345837">
				<ele>238.0</ele>
				<time>2023-07-12T11:25:17</time>
			</trkpt>
			<trkpt lat="49.155143927782774" lon="3.9704589173197746">
				<ele>232.0</ele>
				<time>2023-07-12T11:25:43</time>
			</trkpt>
			<trkpt lat="49.15504099801183" lon="3.9712879713624716">
				<ele>228.0</ele>
				<time>2023-07-12T11:25:52</time>
			</trkpt>
			<trkpt lat="49.155016941949725" lon="3.972082994878292">
				<ele>223.0</ele>
				<time>2023-07-12T11:26:00</time>
			</trkpt>
			<trkpt lat="49.15502792224288" lon="3.972237976267934">
				<ele>219.0</ele>
				<time>2023-07-12T11:26:02</time>
			</trkpt>
			<trkpt lat="49.1550649702549" lon="3.9725369587540627">
				<ele>214.0</ele>
				<time>2023-07-12T11:26:05</time>
			</trkpt>
			<trkpt lat="49.155294969677925" lon="3.97388594225049">
				<ele>209.0</ele>
				<time>2023-07-12T11:26:20</time>
			</trkpt>
			<trkpt lat="49.155381973832846" lon="3.9741679932922125">
				<ele>204.0</ele>
				<time>2023-07-12T11:26:23</time>
			</trkpt>
			<trkpt lat="49.155444921925664" lon="3.974298918619752">
				<ele>200.0</ele>
				<time>2023-07-12T11:26:25</time>
			</trkpt>
			<trkpt lat="49.15560292080045" lon="3.9745269902050495">
				<ele>195.0</ele>
				<time>2023-07-12T11:26:28</time>
			</trkpt>
			<trkpt lat="49.15580199100077" lon="3.9746839832514524">
				<ele>191.0</ele>
				<time>2023-07-12T11:26:32</time>
			</trkpt>
			<trkpt lat="49.15591296739876" lon="3.9747389685362577">
				<ele>187.0</ele>
				<time>2023-07-12T11:26:34</time>
			</trkpt>
			<trkpt lat="49.1574099753052" lon="3.975337939336896">
				<ele>182.0</ele>
				<time>2023-07-12T11:26:58</time>
			</trkpt>
			<trkpt lat="49.15989797562361" lon="3.9762979187071323">
				<ele>177.0</ele>
				<time>2023-07-12T11:27:39</time>
			</trkpt>
			<trkpt lat="49.160001995041966" lon="3.9763089828193188">
				<ele>173.0</ele>
				<time>2023-07-12T11:27:41</time>
			</trkpt>
			<trkpt lat="49.16048294864595" lon="3.9762899558991194">
				<ele>169.0</ele>
				<time>2023-07-12T11:27:49</time>
			</trkpt>
			<trkpt lat="49.161529932171106" lon="3.9765299297869205">
				<ele>165.0</ele>
				<time>2023-07-12T11:28:06</time>
			</trkpt>
			<trkpt lat="49.16160595603287" lon="3.976522972807288">
				<ele>162.0</ele>
				<time>2023-07-12T11:28:07</time>
			</trkpt>
			<trkpt lat="49.16183494962752" lon="3.9764489606022835">
				<ele>159.0</ele>
				<time>2023-07-12T11:28:11</time>
			</trkpt>
			<trkpt lat="49.162193946540356" lon="3.97618493065238">
				<ele>156.0</ele>
				<time>2023-07-12T11:28:17</time>
			</trkpt>
			<trkpt lat="49.16244397871196" lon="3.975823922082782">
				<ele>153.0</ele>
				<time>2023-07-12T11:28:23</time>
			</trkpt>
			<trkpt lat="49.1626959387213" lon="3.975413963198662">
				<ele>151.0</ele>
				<time>2023-07-12T11:28:28</time>
			</trkpt>
			<trkpt lat="49.16422094218433" lon="3.9728489331901073">
				<ele>148.0</ele>
				<time>2023-07-12T11:29:05</time>
			</trkpt>
			<trkpt lat="49.16441992856562" lon="3.972593955695629">
				<ele>146.0</ele>
				<time>2023-07-12T11:29:09</time>
			</trkpt>
			<trkpt lat="49.16464892216027" lon="3.972401926293969">
				<ele>144.0</ele>
				<time>2023-07-12T11:29:13</time>
			</trkpt>
			<trkpt lat="49.164771968498826" lon="3.9723369665443897">
				<ele>142.0</ele>
				<time>2023-07-12T11:29:15</time>
			</trkpt>
			<trkpt lat="49.16514395736158" lon="3.972262954339385">
				<ele>141.0</ele>
				<time>2023-07-12T11:29:21</time>
			</trkpt>
			<trkpt lat="49.167646961286664" lon="3.9723909460008144">
				<ele>140.0</ele>
				<time>2023-07-12T11:30:01</time>
			</trkpt>
			<trkpt lat="49.16809597983956" lon="3.972358927130699">
				<ele>139.0</ele>
				<time>2023-07-12T11:30:08</time>
			</trkpt>
			<trkpt lat="49.16815993376076" lon="3.972245939075947">
				<ele>138.0</ele>
				<time>2023-07-12T11:30:10</time>
			</trkpt>
			<trkpt lat="49.16815993376076" lon="3.971979981288314">
				<ele>137.0</ele>
				<time>2023-07-12T11:30:13</time>
			</trkpt>
			<trkpt lat="49.168188935145736" lon="3.971789963543415">
				<ele>137.0</ele>
				<time>2023-07-12T11:30:15</time>
			</trkpt>
			<trkpt lat="49.16833997704089" lon="3.97119895555079">
				<ele>137.0</ele>
				<time>2023-07-12T11:30:22</time>
			</trkpt>
			<trkpt lat="49.169195936992764" lon="3.968447931110859">
				<ele>136.0</ele>
				<time>2023-07-12T11:30:53</time>
			</trkpt>
			<trkpt lat="49.17070199735463" lon="3.9639409817755222">
				<ele>135.0</ele>
				<time>2023-07-12T11:31:46</time>
			</trkpt>
			<trkpt lat="49.171103993430734" lon="3.9627849496901035">
				<ele>135.0</ele>
				<time>2023-07-12T11:32:00</time>
			</trkpt>
			<trkpt lat="49.171472964808345" lon="3.961794963106513">
				<ele>136.0</ele>
				<time>2023-07-12T11:32:12</time>
			</trkpt>
			<trkpt lat="49.171837996691465" lon="3.9610629715025425">
				<ele>136.0</ele>
				<time>2023-07-12T11:32:22</time>
			</trkpt>
			<trkpt lat="49.17305798269808" lon="3.9588759653270245">
				<ele>137.0</ele>
				<time>2023-07-12T11:32:52</time>
			</trkpt>
			<trkpt lat="49.1733939293772" lon="3.9581359270960093">
				<ele>137.0</ele>
				<time>2023-07-12T11:33:01</time>
			</trkpt>
			<trkpt lat="49.17410999536514" lon="3.956452924758196">
				<ele>138.0</ele>
				<time>2023-07-12T11:33:22</time>
			</trkpt>
			<trkpt lat="49.175146920606494" lon="3.9541659224778414">
				<ele>138.0</ele>
				<time>2023-07-12T11:33:51</time>
			</trkpt>
			<trkpt lat="49.17534892447293" lon="3.953807931393385">
				<ele>139.0</ele>
				<time>2023-07-12T11:33:56</time>
			</trkpt>
			<trkpt lat="49.175408938899636" lon="3.9537359308451414">
				<ele>139.0</ele>
				<time>2023-07-12T11:33:58</time>
			</trkpt>
			<trkpt lat="49.17567799799144" lon="3.9535359386354685">
				<ele>140.0</ele>
				<time>2023-07-12T11:34:02</time>
			</trkpt>
			<trkpt lat="49.175749998539686" lon="3.953513978049159">
				<ele>141.0</ele>
				<time>2023-07-12T11:34:03</time>
			</trkpt>
			<trkpt lat="49.175961976870894" lon="3.953506937250495">
				<ele>142.0</ele>
				<time>2023-07-12T11:34:07</time>
			</trkpt>
			<trkpt lat="49.17603196576238" lon="3.9535209350287914">
				<ele>143.0</ele>
				<time>2023-07-12T11:34:08</time>
			</trkpt>
			<trkpt lat="49.1804619692266" lon="3.9545699302107096">
				<ele>144.0</ele>
				<time>2023-07-12T11:35:20</time>
			</trkpt>
			<trkpt lat="49.18106395751238" lon="3.954636985436082">
				<ele>145.0</ele>
				<time>2023-07-12T11:35:29</time>
			</trkpt>
			<trkpt lat="49.18138397857547" lon="3.9545849338173866">
				<ele>145.0</ele>
				<time>2023-07-12T11:35:35</time>
			</trkpt>
			<trkpt lat="49.18181992135942" lon="3.9544639829546213">
				<ele>146.0</ele>
				<time>2023-07-12T11:35:42</time>
			</trkpt>
			<trkpt lat="49.183504935353994" lon="3.953943969681859">
				<ele>146.0</ele>
				<time>2023-07-12T11:36:09</time>
			</trkpt>
			<trkpt lat="49.18396795168519" lon="3.95373098552227">
				<ele>147.0</ele>
				<time>2023-07-12T11:36:17</time>
			</trkpt>
			<trkpt lat="49.184836987406015" lon="3.953101923689246">
				<ele>147.0</ele>
				<time>2023-07-12T11:36:32</time>
			</trkpt>
			<trkpt lat="49.18534392490983" lon="3.952694982290268">
				<ele>148.0</ele>
				<time>2023-07-12T11:36:42</time>
			</trkpt>
			<trkpt lat="49.18548398651183" lon="3.9525999315083027">
				<ele>148.0</ele>
				<time>2023-07-12T11:36:44</time>
			</trkpt>
			<trkpt lat="49.18570493347943" lon="3.952524997293949">
				<ele>148.0</ele>
				<time>2023-07-12T11:36:48</time>
			</trkpt>
			<trkpt lat="49.186125956475735" lon="3.952469928190112">
				<ele>148.0</ele>
				<time>2023-07-12T11:36:54</time>
			</trkpt>
			<trkpt lat="49.186382945626974" lon="3.9524129312485456">
				<ele>148.0</ele>
				<time>2023-07-12T11:36:59</time>
			</trkpt>
			<trkpt lat="49.18654295615852" lon="3.9523569401353598">
				<ele>148.0</ele>
				<time>2023-07-12T11:37:01</time>
			</trkpt>
			<trkpt lat="49.186685951426625" lon="3.952345959842205">
				<ele>148.0</ele>
				<time>2023-07-12T11:37:03</time>
			</trkpt>
			<trkpt lat="49.18690698221326" lon="3.9524789806455374">
				<ele>148.0</ele>
				<time>2023-07-12T11:37:07</time>
			</trkpt>
			<trkpt lat="49.1869739536196" lon="3.952681990340352">
				<ele>148.0</ele>
				<time>2023-07-12T11:37:10</time>
			</trkpt>
			<trkpt lat="49.18697194196284" lon="3.952988935634494">
				<ele>147.0</ele>
				<time>2023-07-12T11:37:13</time>
			</trkpt>
			<trkpt lat="49.1869929805398" lon="3.953117933124304">
				<ele>147.0</ele>
				<time>2023-07-12T11:37:14</time>
			</trkpt>
			<trkpt lat="49.18729397468269" lon="3.9541179779917">
				<ele>146.0</ele>
				<time>2023-07-12T11:37:26</time>
			</trkpt>
			<trkpt lat="49.18753495439887" lon="3.954707980155945">
				<ele>146.0</ele>
				<time>2023-07-12T11:37:33</time>
			</trkpt>
			<trkpt lat="49.18809494934976" lon="3.955981945618987">
				<ele>145.0</ele>
				<time>2023-07-12T11:37:49</time>
			</trkpt>
			<trkpt lat="49.18831195682287" lon="3.9563469775021076">
				<ele>145.0</ele>
				<time>2023-07-12T11:37:54</time>
			</trkpt>
			<trkpt lat="49.188493927940726" lon="3.956590974703431">
				<ele>144.0</ele>
				<time>2023-07-12T11:37:58</time>
			</trkpt>
			<trkpt lat="49.18890992179513" lon="3.9570779632776976">
				<ele>144.0</ele>
				<time>2023-07-12T11:38:07</time>
			</trkpt>
			<trkpt lat="49.18963294476271" lon="3.957840967923403">
				<ele>143.0</ele>
				<time>2023-07-12T11:38:21</time>
			</trkpt>
			<trkpt lat="49.189883982762694" lon="3.958065938204527">
				<ele>142.0</ele>
				<time>2023-07-12T11:38:25</time>
			</trkpt>
			<trkpt lat="49.190077940002084" lon="3.9582089334726334">
				<ele>142.0</ele>
				<time>2023-07-12T11:38:29</time>
			</trkpt>
			<trkpt lat="49.190443977713585" lon="3.958327956497669">
				<ele>141.0</ele>
				<time>2023-07-12T11:38:35</time>
			</trkpt>
			<trkpt lat="49.19060692191124" lon="3.958320999518037">
				<ele>140.0</ele>
				<time>2023-07-12T11:38:37</time>
			</trkpt>
			<trkpt lat="49.19077799655497" lon="3.958272971212864">
				<ele>139.0</ele>
				<time>2023-07-12T11:38:40</time>
			</trkpt>
			<trkpt lat="49.1909559443593" lon="3.9581849612295628">
				<ele>138.0</ele>
				<time>2023-07-12T11:38:43</time>
			</trkpt>
			<trkpt lat="49.191133975982666" lon="3.958052946254611">
				<ele>136.0</ele>
				<time>2023-07-12T11:38:46</time>
			</trkpt>
			<trkpt lat="49.19165298342705" lon="3.9574399776756763">
				<ele>135.0</ele>
				<time>2023-07-12T11:38:57</time>
			</trkpt>
			<trkpt lat="49.19184794649482" lon="3.95723395049572">
				<ele>134.0</ele>
				<time>2023-07-12T11:39:01</time>
			</trkpt>
			<trkpt lat="49.192058918997645" lon="3.9570529852062464">
				<ele>132.0</ele>
				<time>2023-07-12T11:39:04</time>
			</trkpt>
			<trkpt lat="49.19228891842067" lon="3.956914935261011">
				<ele>131.0</ele>
				<time>2023-07-12T11:39:08</time>
			</trkpt>
			<trkpt lat="49.192655961960554" lon="3.9567789807915688">
				<ele>130.0</ele>
				<time>2023-07-12T11:39:14</time>
			</trkpt>
			<trkpt lat="49.19290993362665" lon="3.956745956093073">
				<ele>128.0</ele>
				<time>2023-07-12T11:39:19</time>
			</trkpt>
			<trkpt lat="49.19316692277789" lon="3.956734975799918">
				<ele>127.0</ele>
				<time>2023-07-12T11:39:23</time>
			</trkpt>
			<trkpt lat="49.19380998238921" lon="3.9567619655281305">
				<ele>126.0</ele>
				<time>2023-07-12T11:39:33</time>
			</trkpt>
			<trkpt lat="49.194057919085026" lon="3.9567419327795506">
				<ele>125.0</ele>
				<time>2023-07-12T11:39:37</time>
			</trkpt>
			<trkpt lat="49.194290935993195" lon="3.95665199495852">
				<ele>124.0</ele>
				<time>2023-07-12T11:39:41</time>
			</trkpt>
			<trkpt lat="49.194593941792846" lon="3.9564109314233065">
				<ele>123.0</ele>
				<time>2023-07-12T11:39:46</time>
			</trkpt>
			<trkpt lat="49.19484095647931" lon="3.9560759905725718">
				<ele>122.0</ele>
				<time>2023-07-12T11:39:51</time>
			</trkpt>
			<trkpt lat="49.195341942831874" lon="3.955324972048402">
				<ele>122.0</ele>
				<time>2023-07-12T11:40:03</time>
			</trkpt>
			<trkpt lat="49.19638297520578" lon="3.9536999724805355">
				<ele>121.0</ele>
				<time>2023-07-12T11:40:27</time>
			</trkpt>
			<trkpt lat="49.19669193215668" lon="3.9532439969480038">
				<ele>121.0</ele>
				<time>2023-07-12T11:40:33</time>
			</trkpt>
			<trkpt lat="49.19698697514832" lon="3.9529689867049456">
				<ele>121.0</ele>
				<time>2023-07-12T11:40:39</time>
			</trkpt>
			<trkpt lat="49.19752693735063" lon="3.952590962871909">
				<ele>120.0</ele>
				<time>2023-07-12T11:40:48</time>
			</trkpt>
			<trkpt lat="49.197667920961976" lon="3.9524609595537186">
				<ele>120.0</ele>
				<time>2023-07-12T11:40:51</time>
			</trkpt>
			<trkpt lat="49.19806698337197" lon="3.952019987627864">
				<ele>120.0</ele>
				<time>2023-07-12T11:40:59</time>
			</trkpt>
			<trkpt lat="49.198652962222695" lon="3.951698960736394">
				<ele>120.0</ele>
				<time>2023-07-12T11:41:09</time>
			</trkpt>
			<trkpt lat="49.19869093224406" lon="3.9516419637948275">
				<ele>121.0</ele>
				<time>2023-07-12T11:41:10</time>
			</trkpt>
			<trkpt lat="49.19867794029415" lon="3.951493939384818">
				<ele>121.0</ele>
				<time>2023-07-12T11:41:11</time>
			</trkpt>
			<trkpt lat="49.19853997416794" lon="3.9512759260833263">
				<ele>122.0</ele>
				<time>2023-07-12T11:41:15</time>
			</trkpt>
			<trkpt lat="49.198325984179974" lon="3.950846940279007">
				<ele>122.0</ele>
				<time>2023-07-12T11:41:20</time>
			</trkpt>
			<trkpt lat="49.19823395088315" lon="3.950469922274351">
				<ele>123.0</ele>
				<time>2023-07-12T11:41:24</time>
			</trkpt>
			<trkpt lat="49.19789398089051" lon="3.949481947347522">
				<ele>124.0</ele>
				<time>2023-07-12T11:41:36</time>
			</trkpt>
			<trkpt lat="49.19726894237101" lon="3.947513960301876">
				<ele>125.0</ele>
				<time>2023-07-12T11:41:59</time>
			</trkpt>
			<trkpt lat="49.19726709835231" lon="3.9475055783987045">
				<ele>126.0</ele>
				<time>2023-07-12T11:41:59</time>
			</trkpt>
			<trkpt lat="49.197253938764334" lon="3.9474449772387743">
				<ele>128.0</ele>
				<time>2023-07-12T11:42:00</time>
			</trkpt>
			<trkpt lat="49.19725997373462" lon="3.947369959205389">
				<ele>129.0</ele>
				<time>2023-07-12T11:42:01</time>
			</trkpt>
			<trkpt lat="49.19735494069755" lon="3.9471839647740126">
				<ele>130.0</ele>
				<time>2023-07-12T11:42:03</time>
			</trkpt>
			<trkpt lat="49.197361981496215" lon="3.946949942037463">
				<ele>131.0</ele>
				<time>2023-07-12T11:42:05</time>
			</trkpt>
			<trkpt lat="49.197278916835785" lon="3.946429928764701">
				<ele>132.0</ele>
				<time>2023-07-12T11:42:11</time>
			</trkpt>
			<trkpt lat="49.197296937927604" lon="3.945816960185766">
				<ele>134.0</ele>
				<time>2023-07-12T11:42:17</time>
			</trkpt>
			<trkpt lat="49.19732593931258" lon="3.9455499965697527">
				<ele>135.0</ele>
				<time>2023-07-12T11:42:20</time>
			</trkpt>
			<trkpt lat="49.19739098288119" lon="3.945305999368429">
				<ele>136.0</ele>
				<time>2023-07-12T11:42:23</time>
			</trkpt>
			<trkpt lat="49.19777596369386" lon="3.9445729181170464">
				<ele>137.0</ele>
				<time>2023-07-12T11:42:33</time>
			</trkpt>
			<trkpt lat="49.197900937870145" lon="3.9443799667060375">
				<ele>138.0</ele>
				<time>2023-07-12T11:42:36</time>
			</trkpt>
			<trkpt lat="49.19807796366513" lon="3.9441799744963646">
				<ele>139.0</ele>
				<time>2023-07-12T11:42:39</time>
			</trkpt>
			<trkpt lat="49.199321921914816" lon="3.9429059252142906">
				<ele>140.0</ele>
				<time>2023-07-12T11:43:03</time>
			</trkpt>
			<trkpt lat="49.20029992237687" lon="3.941797921434045">
				<ele>141.0</ele>
				<time>2023-07-12T11:43:23</time>
			</trkpt>
			<trkpt lat="49.2004519701004" lon="3.941574962809682">
				<ele>142.0</ele>
				<time>2023-07-12T11:43:26</time>
			</trkpt>
			<trkpt lat="49.20074692927301" lon="3.9409189950674772">
				<ele>143.0</ele>
				<time>2023-07-12T11:43:34</time>
			</trkpt>
			<trkpt lat="49.200886990875006" lon="3.940707938745618">
				<ele>144.0</ele>
				<time>2023-07-12T11:43:38</time>
			</trkpt>
			<trkpt lat="49.20129192061722" lon="3.940168982371688">
				<ele>145.0</ele>
				<time>2023-07-12T11:43:46</time>
			</trkpt>
			<trkpt lat="49.20137096196413" lon="3.9399609435349703">
				<ele>146.0</ele>
				<time>2023-07-12T11:43:49</time>
			</trkpt>
			<trkpt lat="49.201356964185834" lon="3.9397029485553503">
				<ele>147.0</ele>
				<time>2023-07-12T11:43:51</time>
			</trkpt>
			<trkpt lat="49.20116392895579" lon="3.9387889858335257">
				<ele>149.0</ele>
				<time>2023-07-12T11:44:01</time>
			</trkpt>
			<trkpt lat="49.20112897641957" lon="3.938686978071928">
				<ele>150.0</ele>
				<time>2023-07-12T11:44:03</time>
			</trkpt>
			<trkpt lat="49.20109192840755" lon="3.9383699744939804">
				<ele>152.0</ele>
				<time>2023-07-12T11:44:06</time>
			</trkpt>
			<trkpt lat="49.20108497142792" lon="3.9379749353975058">
				<ele>154.0</ele>
				<time>2023-07-12T11:44:10</time>
			</trkpt>
			<trkpt lat="49.20113392174244" lon="3.9372529182583094">
				<ele>156.0</ele>
				<time>2023-07-12T11:44:18</time>
			</trkpt>
			<trkpt lat="49.20113895088434" lon="3.936957959085703">
				<ele>158.0</ele>
				<time>2023-07-12T11:44:21</time>
			</trkpt>
			<trkpt lat="49.20115697197616" lon="3.936767941340804">
				<ele>160.0</ele>
				<time>2023-07-12T11:44:23</time>
			</trkpt>
			<trkpt lat="49.20117993839085" lon="3.9367159735411406">
				<ele>162.0</ele>
				<time>2023-07-12T11:44:23</time>
			</trkpt>
			<trkpt lat="49.20126794837415" lon="3.9365719724446535">
				<ele>164.0</ele>
				<time>2023-07-12T11:44:26</time>
			</trkpt>
			<trkpt lat="49.20156793668866" lon="3.9361899252980947">
				<ele>167.0</ele>
				<time>2023-07-12T11:44:32</time>
			</trkpt>
			<trkpt lat="49.20160892419517" lon="3.936090935021639">
				<ele>169.0</ele>
				<time>2023-07-12T11:44:33</time>
			</trkpt>
			<trkpt lat="49.20162593945861" lon="3.9359759353101254">
				<ele>172.0</ele>
				<time>2023-07-12T11:44:34</time>
			</trkpt>
			<trkpt lat="49.2015799228102" lon="3.935733949765563">
				<ele>175.0</ele>
				<time>2023-07-12T11:44:37</time>
			</trkpt>
			<trkpt lat="49.20145092532039" lon="3.935245955362916">
				<ele>178.0</ele>
				<time>2023-07-12T11:44:42</time>
			</trkpt>
			<trkpt lat="49.201359981670976" lon="3.934709932655096">
				<ele>181.0</ele>
				<time>2023-07-12T11:44:48</time>
			</trkpt>
			<trkpt lat="49.20128194615245" lon="3.9346099365502596">
				<ele>184.0</ele>
				<time>2023-07-12T11:44:50</time>
			</trkpt>
			<trkpt lat="49.20102596282959" lon="3.9344249479472637">
				<ele>187.0</ele>
				<time>2023-07-12T11:44:54</time>
			</trkpt>
			<trkpt lat="49.20090291649103" lon="3.9342789351940155">
				<ele>190.0</ele>
				<time>2023-07-12T11:44:57</time>
			</trkpt>
			<trkpt lat="49.20086192898452" lon="3.9341869857162237">
				<ele>192.0</ele>
				<time>2023-07-12T11:44:58</time>
			</trkpt>
			<trkpt lat="49.20082798227668" lon="3.934013983234763">
				<ele>195.0</ele>
				<time>2023-07-12T11:45:00</time>
			</trkpt>
			<trkpt lat="49.200804932042956" lon="3.9337429963052273">
				<ele>198.0</ele>
				<time>2023-07-12T11:45:03</time>
			</trkpt>
			<trkpt lat="49.20081892982125" lon="3.933255923911929">
				<ele>201.0</ele>
				<time>2023-07-12T11:45:08</time>
			</trkpt>
			<trkpt lat="49.200952956452966" lon="3.932936992496252">
				<ele>203.0</ele>
				<time>2023-07-12T11:45:12</time>
			</trkpt>
			<trkpt lat="49.20140993781388" lon="3.9323199167847633">
				<ele>206.0</ele>
				<time>2023-07-12T11:45:22</time>
			</trkpt>
			<trkpt lat="49.2016919888556" lon="3.9318669587373734">
				<ele>207.0</ele>
				<time>2023-07-12T11:45:28</time>
			</trkpt>
			<trkpt lat="49.20179592445493" lon="3.9314719196408987">
				<ele>209.0</ele>
				<time>2023-07-12T11:45:33</time>
			</trkpt>
			<trkpt lat="49.20190396718681" lon="3.9311719313263893">
				<ele>210.0</ele>
				<time>2023-07-12T11:45:36</time>
			</trkpt>
			<trkpt lat="49.202028941363096" lon="3.9307259302586317">
				<ele>211.0</ele>
				<time>2023-07-12T11:45:41</time>
			</trkpt>
			<trkpt lat="49.20210194773972" lon="3.930431976914406">
				<ele>212.0</ele>
				<time>2023-07-12T11:45:45</time>
			</trkpt>
			<trkpt lat="49.20214293524623" lon="3.9301549550145864">
				<ele>211.0</ele>
				<time>2023-07-12T11:45:47</time>
			</trkpt>
			<trkpt lat="49.20214595273137" lon="3.9297999814152718">
				<ele>211.0</ele>
				<time>2023-07-12T11:45:51</time>
			</trkpt>
			<trkpt lat="49.202089961618185" lon="3.9291099831461906">
				<ele>210.0</ele>
				<time>2023-07-12T11:45:58</time>
			</trkpt>
			<trkpt lat="49.20208694413304" lon="3.928886940702796">
				<ele>208.0</ele>
				<time>2023-07-12T11:46:01</time>
			</trkpt>
			<trkpt lat="49.20214394107461" lon="3.928448986262083">
				<ele>206.0</ele>
				<time>2023-07-12T11:46:05</time>
			</trkpt>
			<trkpt lat="49.20217093080282" lon="3.9283469785004854">
				<ele>204.0</ele>
				<time>2023-07-12T11:46:07</time>
			</trkpt>
			<trkpt lat="49.20225198380649" lon="3.9281499199569225">
				<ele>201.0</ele>
				<time>2023-07-12T11:46:09</time>
			</trkpt>
			<trkpt lat="49.202458932995796" lon="3.927738955244422">
				<ele>198.0</ele>
				<time>2023-07-12T11:46:15</time>
			</trkpt>
			<trkpt lat="49.204432955011725" lon="3.923981934785843">
				<ele>193.0</ele>
				<time>2023-07-12T11:47:05</time>
			</trkpt>
			<trkpt lat="49.20465792529285" lon="3.923497963696718">
				<ele>189.0</ele>
				<time>2023-07-12T11:47:11</time>
			</trkpt>
			<trkpt lat="49.20476596802473" lon="3.9231399726122618">
				<ele>185.0</ele>
				<time>2023-07-12T11:47:15</time>
			</trkpt>
			<trkpt lat="49.20483595691621" lon="3.9227609429508448">
				<ele>181.0</ele>
				<time>2023-07-12T11:47:19</time>
			</trkpt>
			<trkpt lat="49.20505799353123" lon="3.921100990846753">
				<ele>176.0</ele>
				<time>2023-07-12T11:47:37</time>
			</trkpt>
			<trkpt lat="49.20520895160735" lon="3.920223992317915">
				<ele>172.0</ele>
				<time>2023-07-12T11:47:47</time>
			</trkpt>
			<trkpt lat="49.20530492439866" lon="3.9193879812955856">
				<ele>168.0</ele>
				<time>2023-07-12T11:47:56</time>
			</trkpt>
			<trkpt lat="49.206062983721495" lon="3.913947958499193">
				<ele>163.0</ele>
				<time>2023-07-12T11:48:54</time>
			</trkpt>
			<trkpt lat="49.20615795068443" lon="3.9133709482848644">
				<ele>160.0</ele>
				<time>2023-07-12T11:49:00</time>
			</trkpt>
			<trkpt lat="49.206450982019305" lon="3.911948958411813">
				<ele>155.0</ele>
				<time>2023-07-12T11:49:16</time>
			</trkpt>
			<trkpt lat="49.20648794621229" lon="3.91153397038579">
				<ele>152.0</ele>
				<time>2023-07-12T11:49:20</time>
			</trkpt>
			<trkpt lat="49.2064649797976" lon="3.9109079260379076">
				<ele>148.0</ele>
				<time>2023-07-12T11:49:26</time>
			</trkpt>
			<trkpt lat="49.2064269259572" lon="3.9105899166315794">
				<ele>145.0</ele>
				<time>2023-07-12T11:49:30</time>
			</trkpt>
			<trkpt lat="49.206022918224335" lon="3.907780973240733">
				<ele>141.0</ele>
				<time>2023-07-12T11:50:00</time>
			</trkpt>
			<trkpt lat="49.20589693821967" lon="3.9070159569382668">
				<ele>139.0</ele>
				<time>2023-07-12T11:50:08</time>
			</trkpt>
			<trkpt lat="49.20586198568344" lon="3.9068749733269215">
				<ele>137.0</ele>
				<time>2023-07-12T11:50:10</time>
			</trkpt>
			<trkpt lat="49.205634919926524" lon="3.906236942857504">
				<ele>135.0</ele>
				<time>2023-07-12T11:50:17</time>
			</trkpt>
			<trkpt lat="49.205180956050754" lon="3.9051079843193293">
				<ele>134.0</ele>
				<time>2023-07-12T11:50:31</time>
			</trkpt>
			<trkpt lat="49.204985992982984" lon="3.9044509269297123">
				<ele>133.0</ele>
				<time>2023-07-12T11:50:39</time>
			</trkpt>
			<trkpt lat="49.20491592027247" lon="3.9039049297571182">
				<ele>132.0</ele>
				<time>2023-07-12T11:50:45</time>
			</trkpt>
			<trkpt lat="49.20491298660636" lon="3.9029079861938953">
				<ele>132.0</ele>
				<time>2023-07-12T11:50:55</time>
			</trkpt>
			<trkpt lat="49.20493695884943" lon="3.9019339252263308">
				<ele>133.0</ele>
				<time>2023-07-12T11:51:05</time>
			</trkpt>
			<trkpt lat="49.20498096384108" lon="3.901022979989648">
				<ele>133.0</ele>
				<time>2023-07-12T11:51:15</time>
			</trkpt>
			<trkpt lat="49.2052389588207" lon="3.8988369796425104">
				<ele>135.0</ele>
				<time>2023-07-12T11:51:38</time>
			</trkpt>
			<trkpt lat="49.205326968804" lon="3.897914970293641">
				<ele>136.0</ele>
				<time>2023-07-12T11:51:48</time>
			</trkpt>
			<trkpt lat="49.20530199073255" lon="3.8972799573093653">
				<ele>138.0</ele>
				<time>2023-07-12T11:51:54</time>
			</trkpt>
			<trkpt lat="49.20472992584109" lon="3.8944649789482355">
				<ele>141.0</ele>
				<time>2023-07-12T11:52:25</time>
			</trkpt>
			<trkpt lat="49.20462699607015" lon="3.8938539382070303">
				<ele>143.0</ele>
				<time>2023-07-12T11:52:32</time>
			</trkpt>
			<trkpt lat="49.204473942518234" lon="3.893267959356308">
				<ele>146.0</ele>
				<time>2023-07-12T11:52:38</time>
			</trkpt>
			<trkpt lat="49.204281996935606" lon="3.8923569303005934">
				<ele>149.0</ele>
				<time>2023-07-12T11:52:48</time>
			</trkpt>
			<trkpt lat="49.20403297059238" lon="3.8913629204034805">
				<ele>151.0</ele>
				<time>2023-07-12T11:53:00</time>
			</trkpt>
			<trkpt lat="49.20400799252093" lon="3.891191929578781">
				<ele>154.0</ele>
				<time>2023-07-12T11:53:01</time>
			</trkpt>
			<trkpt lat="49.20377095229924" lon="3.8901489693671465">
				<ele>157.0</ele>
				<time>2023-07-12T11:53:13</time>
			</trkpt>
			<trkpt lat="49.20296696014702" lon="3.8861469458788633">
				<ele>160.0</ele>
				<time>2023-07-12T11:53:57</time>
			</trkpt>
			<trkpt lat="49.201959958299994" lon="3.881307989358902">
				<ele>163.0</ele>
				<time>2023-07-12T11:54:50</time>
			</trkpt>
			<trkpt lat="49.20154497027397" lon="3.879193989560008">
				<ele>166.0</ele>
				<time>2023-07-12T11:55:13</time>
			</trkpt>
			<trkpt lat="49.201512951403856" lon="3.8787599746137857">
				<ele>168.0</ele>
				<time>2023-07-12T11:55:18</time>
			</trkpt>
			<trkpt lat="49.201528960838914" lon="3.878248929977417">
				<ele>169.0</ele>
				<time>2023-07-12T11:55:23</time>
			</trkpt>
			<trkpt lat="49.20214192941785" lon="3.8730179518461227">
				<ele>171.0</ele>
				<time>2023-07-12T11:56:19</time>
			</trkpt>
			<trkpt lat="49.202391961589456" lon="3.8707599509507418">
				<ele>171.0</ele>
				<time>2023-07-12T11:56:43</time>
			</trkpt>
			<trkpt lat="49.20241693966091" lon="3.8699369318783283">
				<ele>172.0</ele>
				<time>2023-07-12T11:56:51</time>
			</trkpt>
			<trkpt lat="49.202365977689624" lon="3.869376936927438">
				<ele>171.0</ele>
				<time>2023-07-12T11:56:57</time>
			</trkpt>
			<trkpt lat="49.20213698409498" lon="3.867813963443041">
				<ele>171.0</ele>
				<time>2023-07-12T11:57:14</time>
			</trkpt>
			<trkpt lat="49.202048974111676" lon="3.8675189204514027">
				<ele>170.0</ele>
				<time>2023-07-12T11:57:17</time>
			</trkpt>
			<trkpt lat="49.201874965801835" lon="3.8671629410237074">
				<ele>169.0</ele>
				<time>2023-07-12T11:57:22</time>
			</trkpt>
			<trkpt lat="49.20169894583523" lon="3.866925984621048">
				<ele>167.0</ele>
				<time>2023-07-12T11:57:26</time>
			</trkpt>
			<trkpt lat="49.201552933081985" lon="3.8668029382824898">
				<ele>165.0</ele>
				<time>2023-07-12T11:57:28</time>
			</trkpt>
			<trkpt lat="49.20113299973309" lon="3.8665579352527857">
				<ele>162.0</ele>
				<time>2023-07-12T11:57:35</time>
			</trkpt>
			<trkpt lat="49.200202943757176" lon="3.866053931415081">
				<ele>159.0</ele>
				<time>2023-07-12T11:57:51</time>
			</trkpt>
			<trkpt lat="49.198800986632705" lon="3.865259997546673">
				<ele>156.0</ele>
				<time>2023-07-12T11:58:15</time>
			</trkpt>
			<trkpt lat="49.19665697962046" lon="3.864088961854577">
				<ele>153.0</ele>
				<time>2023-07-12T11:58:52</time>
			</trkpt>
			<trkpt lat="49.1938519757241" lon="3.862497992813587">
				<ele>150.0</ele>
				<time>2023-07-12T11:59:40</time>
			</trkpt>
			<trkpt lat="49.19365994632244" lon="3.8623719289898872">
				<ele>147.0</ele>
				<time>2023-07-12T11:59:43</time>
			</trkpt>
			<trkpt lat="49.19285897165537" lon="3.861678997054696">
				<ele>144.0</ele>
				<time>2023-07-12T11:59:58</time>
			</trkpt>
			<trkpt lat="49.190207943320274" lon="3.859299961477518">
				<ele>142.0</ele>
				<time>2023-07-12T12:00:47</time>
			</trkpt>
			<trkpt lat="49.185313917696476" lon="3.854865934699774">
				<ele>138.0</ele>
				<time>2023-07-12T12:02:18</time>
			</trkpt>
			<trkpt lat="49.18488996103406" lon="3.8544209394603968">
				<ele>136.0</ele>
				<time>2023-07-12T12:02:26</time>
			</trkpt>
			<trkpt lat="49.18459097854793" lon="3.853989941999316">
				<ele>135.0</ele>
				<time>2023-07-12T12:02:33</time>
			</trkpt>
			<trkpt lat="49.18433197773993" lon="3.8535309489816427">
				<ele>133.0</ele>
				<time>2023-07-12T12:02:39</time>
			</trkpt>
			<trkpt lat="49.18409896083176" lon="3.8529449701309204">
				<ele>132.0</ele>
				<time>2023-07-12T12:02:46</time>
			</trkpt>
			<trkpt lat="49.1840139683336" lon="3.8526619970798492">
				<ele>132.0</ele>
				<time>2023-07-12T12:02:50</time>
			</trkpt>
			<trkpt lat="49.1839589830488" lon="3.8523149862885475">
				<ele>132.0</ele>
				<time>2023-07-12T12:02:53</time>
			</trkpt>
			<trkpt lat="49.1839589830488" lon="3.8520869985222816">
				<ele>132.0</ele>
				<time>2023-07-12T12:02:56</time>
			</trkpt>
			<trkpt lat="49.18398194946349" lon="3.8518299255520105">
				<ele>132.0</ele>
				<time>2023-07-12T12:02:58</time>
			</trkpt>
			<trkpt lat="49.18397096917033" lon="3.8516169413924217">
				<ele>133.0</ele>
				<time>2023-07-12T12:03:01</time>
			</trkpt>
			<trkpt lat="49.18379997834563" lon="3.8510739617049694">
				<ele>135.0</ele>
				<time>2023-07-12T12:03:07</time>
			</trkpt>
			<trkpt lat="49.1837499383837" lon="3.8507829420268536">
				<ele>136.0</ele>
				<time>2023-07-12T12:03:10</time>
			</trkpt>
			<trkpt lat="49.18373694643378" lon="3.850442972034216">
				<ele>138.0</ele>
				<time>2023-07-12T12:03:14</time>
			</trkpt>
			<trkpt lat="49.18375295586884" lon="3.85017198510468">
				<ele>140.0</ele>
				<time>2023-07-12T12:03:16</time>
			</trkpt>
			<trkpt lat="49.18381598778069" lon="3.84963596239686">
				<ele>143.0</ele>
				<time>2023-07-12T12:03:22</time>
			</trkpt>
			<trkpt lat="49.1839399561286" lon="3.848955938592553">
				<ele>146.0</ele>
				<time>2023-07-12T12:03:30</time>
			</trkpt>
			<trkpt lat="49.18455493636429" lon="3.84608899243176">
				<ele>149.0</ele>
				<time>2023-07-12T12:04:01</time>
			</trkpt>
			<trkpt lat="49.18478099629283" lon="3.845154996961355">
				<ele>153.0</ele>
				<time>2023-07-12T12:04:12</time>
			</trkpt>
			<trkpt lat="49.184873951599" lon="3.844922985881567">
				<ele>156.0</ele>
				<time>2023-07-12T12:04:14</time>
			</trkpt>
			<trkpt lat="49.18503899127245" lon="3.8446159567683935">
				<ele>159.0</ele>
				<time>2023-07-12T12:04:19</time>
			</trkpt>
			<trkpt lat="49.185266979038715" lon="3.8442969415336847">
				<ele>162.0</ele>
				<time>2023-07-12T12:04:24</time>
			</trkpt>
			<trkpt lat="49.185478957369924" lon="3.8440749887377024">
				<ele>165.0</ele>
				<time>2023-07-12T12:04:28</time>
			</trkpt>
			<trkpt lat="49.185865949839354" lon="3.843767959624529">
				<ele>168.0</ele>
				<time>2023-07-12T12:04:35</time>
			</trkpt>
			<trkpt lat="49.186556953936815" lon="3.8432709965854883">
				<ele>171.0</ele>
				<time>2023-07-12T12:04:47</time>
			</trkpt>
			<trkpt lat="49.18738894164562" lon="3.8426389172673225">
				<ele>174.0</ele>
				<time>2023-07-12T12:05:02</time>
			</trkpt>
			<trkpt lat="49.18776394799352" lon="3.842323925346136">
				<ele>176.0</ele>
				<time>2023-07-12T12:05:09</time>
			</trkpt>
			<trkpt lat="49.18787299655378" lon="3.842206997796893">
				<ele>178.0</ele>
				<time>2023-07-12T12:05:11</time>
			</trkpt>
			<trkpt lat="49.18793695047498" lon="3.842116976156831">
				<ele>180.0</ele>
				<time>2023-07-12T12:05:12</time>
			</trkpt>
			<trkpt lat="49.18804197572172" lon="3.8419129606336355">
				<ele>181.0</ele>
				<time>2023-07-12T12:05:15</time>
			</trkpt>
			<trkpt lat="49.18815496377647" lon="3.8415409717708826">
				<ele>182.0</ele>
				<time>2023-07-12T12:05:19</time>
			</trkpt>
			<trkpt lat="49.18819896876812" lon="3.8412659615278244">
				<ele>183.0</ele>
				<time>2023-07-12T12:05:22</time>
			</trkpt>
			<trkpt lat="49.188192933797836" lon="3.8410459365695715">
				<ele>183.0</ele>
				<time>2023-07-12T12:05:24</time>
			</trkpt>
			<trkpt lat="49.18807198293507" lon="3.8404269330203533">
				<ele>183.0</ele>
				<time>2023-07-12T12:05:31</time>
			</trkpt>
			<trkpt lat="49.187954971566796" lon="3.839994929730892">
				<ele>183.0</ele>
				<time>2023-07-12T12:05:36</time>
			</trkpt>
			<trkpt lat="49.187889927998185" lon="3.839812958613038">
				<ele>182.0</ele>
				<time>2023-07-12T12:05:38</time>
			</trkpt>
			<trkpt lat="49.187757996842265" lon="3.8395389541983604">
				<ele>181.0</ele>
				<time>2023-07-12T12:05:42</time>
			</trkpt>
			<trkpt lat="49.18758097104728" lon="3.83929998613894">
				<ele>180.0</ele>
				<time>2023-07-12T12:05:46</time>
			</trkpt>
			<trkpt lat="49.18735994026065" lon="3.8391139917075634">
				<ele>178.0</ele>
				<time>2023-07-12T12:05:50</time>
			</trkpt>
			<trkpt lat="49.18719892390072" lon="3.8390229642391205">
				<ele>176.0</ele>
				<time>2023-07-12T12:05:52</time>
			</trkpt>
			<trkpt lat="49.186666924506426" lon="3.8388639595359564">
				<ele>174.0</ele>
				<time>2023-07-12T12:06:01</time>
			</trkpt>
			<trkpt lat="49.18630893342197" lon="3.83870093151927">
				<ele>172.0</ele>
				<time>2023-07-12T12:06:07</time>
			</trkpt>
			<trkpt lat="49.18614096008241" lon="3.8385599479079247">
				<ele>170.0</ele>
				<time>2023-07-12T12:06:10</time>
			</trkpt>
			<trkpt lat="49.18599192984402" lon="3.83837697096169">
				<ele>168.0</ele>
				<time>2023-07-12T12:06:13</time>
			</trkpt>
			<trkpt lat="49.18592697009444" lon="3.8382659945636988">
				<ele>165.0</ele>
				<time>2023-07-12T12:06:15</time>
			</trkpt>
			<trkpt lat="49.18576897121966" lon="3.8378959335386753">
				<ele>163.0</ele>
				<time>2023-07-12T12:06:19</time>
			</trkpt>
			<trkpt lat="49.18544199317694" lon="3.836839981377125">
				<ele>160.0</ele>
				<time>2023-07-12T12:06:32</time>
			</trkpt>
			<trkpt lat="49.18525096960366" lon="3.8362819980829954">
				<ele>157.0</ele>
				<time>2023-07-12T12:06:38</time>
			</trkpt>
			<trkpt lat="49.18519699014723" lon="3.8361459597945213">
				<ele>154.0</ele>
				<time>2023-07-12T12:06:40</time>
			</trkpt>
			<trkpt lat="49.18494192883372" lon="3.835643967613578">
				<ele>152.0</ele>
				<time>2023-07-12T12:06:46</time>
			</trkpt>
			<trkpt lat="49.184728944674134" lon="3.8353089429438114">
				<ele>149.0</ele>
				<time>2023-07-12T12:06:51</time>
			</trkpt>
			<trkpt lat="49.18449995107949" lon="3.8350129779428244">
				<ele>146.0</ele>
				<time>2023-07-12T12:06:56</time>
			</trkpt>
			<trkpt lat="49.18349697254598" lon="3.833982925862074">
				<ele>143.0</ele>
				<time>2023-07-12T12:07:15</time>
			</trkpt>
			<trkpt lat="49.183182986453176" lon="3.833615966141224">
				<ele>141.0</ele>
				<time>2023-07-12T12:07:22</time>
			</trkpt>
			<trkpt lat="49.182924991473556" lon="3.833099976181984">
				<ele>139.0</ele>
				<time>2023-07-12T12:07:29</time>
			</trkpt>
			<trkpt lat="49.18282792903483" lon="3.832806944847107">
				<ele>137.0</ele>
				<time>2023-07-12T12:07:32</time>
			</trkpt>
			<trkpt lat="49.18276699259877" lon="3.8324919529259205">
				<ele>135.0</ele>
				<time>2023-07-12T12:07:35</time>
			</trkpt>
			<trkpt lat="49.18272893875837" lon="3.8321679923683405">
				<ele>133.0</ele>
				<time>2023-07-12T12:07:39</time>
			</trkpt>
			<trkpt lat="49.182732962071896" lon="3.831837996840477">
				<ele>132.0</ele>
				<time>2023-07-12T12:07:42</time>
			</trkpt>
			<trkpt lat="49.18313395231962" lon="3.8282639533281326">
				<ele>131.0</ele>
				<time>2023-07-12T12:08:20</time>
			</trkpt>
			<trkpt lat="49.18325196951628" lon="3.8273469731211662">
				<ele>130.0</ele>
				<time>2023-07-12T12:08:30</time>
			</trkpt>
			<trkpt lat="49.18371297419071" lon="3.82307899184525">
				<ele>129.0</ele>
				<time>2023-07-12T12:09:15</time>
			</trkpt>
			<trkpt lat="49.18371791951358" lon="3.822110965847969">
				<ele>129.0</ele>
				<time>2023-07-12T12:09:25</time>
			</trkpt>
			<trkpt lat="49.18348892591894" lon="3.818391999229789">
				<ele>129.0</ele>
				<time>2023-07-12T12:10:05</time>
			</trkpt>
			<trkpt lat="49.1833009198308" lon="3.8157859817147255">
				<ele>129.0</ele>
				<time>2023-07-12T12:10:32</time>
			</trkpt>
			<trkpt lat="49.18305994011462" lon="3.811961989849806">
				<ele>129.0</ele>
				<time>2023-07-12T12:11:12</time>
			</trkpt>
			<trkpt lat="49.182835975661874" lon="3.808973925188184">
				<ele>130.0</ele>
				<time>2023-07-12T12:11:44</time>
			</trkpt>
			<trkpt lat="49.182836981490254" lon="3.8083669915795326">
				<ele>130.0</ele>
				<time>2023-07-12T12:11:50</time>
			</trkpt>
			<trkpt lat="49.18257093988359" lon="3.805018924176693">
				<ele>132.0</ele>
				<time>2023-07-12T12:12:25</time>
			</trkpt>
			<trkpt lat="49.182535987347364" lon="3.8036819268018007">
				<ele>132.0</ele>
				<time>2023-07-12T12:12:39</time>
			</trkpt>
			<trkpt lat="49.18241595849395" lon="3.8031559623777866">
				<ele>133.0</ele>
				<time>2023-07-12T12:12:45</time>
			</trkpt>
			<trkpt lat="49.182258965447545" lon="3.8028479274362326">
				<ele>133.0</ele>
				<time>2023-07-12T12:12:49</time>
			</trkpt>
			<trkpt lat="49.18205092661083" lon="3.8025219552218914">
				<ele>134.0</ele>
				<time>2023-07-12T12:12:54</time>
			</trkpt>
			<trkpt lat="49.181892927736044" lon="3.8021479547023773">
				<ele>135.0</ele>
				<time>2023-07-12T12:12:59</time>
			</trkpt>
			<trkpt lat="49.1815999802202" lon="3.801750987768173">
				<ele>135.0</ele>
				<time>2023-07-12T12:13:05</time>
			</trkpt>
			<trkpt lat="49.18147492222488" lon="3.801695918664336">
				<ele>136.0</ele>
				<time>2023-07-12T12:13:07</time>
			</trkpt>
			<trkpt lat="49.18141893111169" lon="3.801695918664336">
				<ele>136.0</ele>
				<time>2023-07-12T12:13:08</time>
			</trkpt>
			<trkpt lat="49.181316923350096" lon="3.8016369938850403">
				<ele>137.0</ele>
				<time>2023-07-12T12:13:10</time>
			</trkpt>
			<trkpt lat="49.18118096888065" lon="3.8013869617134333">
				<ele>137.0</ele>
				<time>2023-07-12T12:13:13</time>
			</trkpt>
			<trkpt lat="49.181161941960454" lon="3.8013949245214462">
				<ele>138.0</ele>
				<time>2023-07-12T12:13:13</time>
			</trkpt>
			<trkpt lat="49.18117895722389" lon="3.8014529272913933">
				<ele>138.0</ele>
				<time>2023-07-12T12:13:14</time>
			</trkpt>
			<trkpt lat="49.181358916684985" lon="3.8017459586262703">
				<ele>139.0</ele>
				<time>2023-07-12T12:13:18</time>
			</trkpt>
			<trkpt lat="49.181398982182145" lon="3.801887948065996">
				<ele>139.0</ele>
				<time>2023-07-12T12:13:20</time>
			</trkpt>
			<trkpt lat="49.181271996349096" lon="3.802145943045616">
				<ele>140.0</ele>
				<time>2023-07-12T12:13:23</time>
			</trkpt>
			<trkpt lat="49.181057922542095" lon="3.802393963560462">
				<ele>140.0</ele>
				<time>2023-07-12T12:13:28</time>
			</trkpt>
			<trkpt lat="49.18087595142424" lon="3.8025319296866655">
				<ele>141.0</ele>
				<time>2023-07-12T12:13:31</time>
			</trkpt>
			<trkpt lat="49.18063899502158" lon="3.8025749288499355">
				<ele>142.0</ele>
				<time>2023-07-12T12:13:35</time>
			</trkpt>
			<trkpt lat="49.180497927591205" lon="3.8025549799203873">
				<ele>142.0</ele>
				<time>2023-07-12T12:13:37</time>
			</trkpt>
			<trkpt lat="49.180433973670006" lon="3.802522961050272">
				<ele>143.0</ele>
				<time>2023-07-12T12:13:38</time>
			</trkpt>
			<trkpt lat="49.18038091622293" lon="3.8024679757654667">
				<ele>143.0</ele>
				<time>2023-07-12T12:13:39</time>
			</trkpt>
			<trkpt lat="49.18028092011809" lon="3.8022099807858467">
				<ele>144.0</ele>
				<time>2023-07-12T12:13:42</time>
			</trkpt>
			<trkpt lat="49.1799939237535" lon="3.801176995038986">
				<ele>145.0</ele>
				<time>2023-07-12T12:13:54</time>
			</trkpt>
			<trkpt lat="49.179766941815615" lon="3.8005539681762457">
				<ele>145.0</ele>
				<time>2023-07-12T12:14:01</time>
			</trkpt>
			<trkpt lat="49.17945496737957" lon="3.79981292411685">
				<ele>146.0</ele>
				<time>2023-07-12T12:14:11</time>
			</trkpt>
			<trkpt lat="49.179403921589255" lon="3.799711922183633">
				<ele>146.0</ele>
				<time>2023-07-12T12:14:12</time>
			</trkpt>
			<trkpt lat="49.17900594882667" lon="3.799165925011039">
				<ele>147.0</ele>
				<time>2023-07-12T12:14:21</time>
			</trkpt>
			<trkpt lat="49.17886798270047" lon="3.7990169785916805">
				<ele>148.0</ele>
				<time>2023-07-12T12:14:23</time>
			</trkpt>
			<trkpt lat="49.17872096411884" lon="3.7989089358597994">
				<ele>148.0</ele>
				<time>2023-07-12T12:14:26</time>
			</trkpt>
			<trkpt lat="49.17864192277193" lon="3.798871971666813">
				<ele>149.0</ele>
				<time>2023-07-12T12:14:27</time>
			</trkpt>
			<trkpt lat="49.178389962762594" lon="3.7988189980387688">
				<ele>149.0</ele>
				<time>2023-07-12T12:14:31</time>
			</trkpt>
			<trkpt lat="49.17810891754925" lon="3.798658987507224">
				<ele>150.0</ele>
				<time>2023-07-12T12:14:36</time>
			</trkpt>
			<trkpt lat="49.17761296033859" lon="3.7984379567205906">
				<ele>151.0</ele>
				<time>2023-07-12T12:14:44</time>
			</trkpt>
			<trkpt lat="49.177144998684525" lon="3.7982459273189306">
				<ele>152.0</ele>
				<time>2023-07-12T12:14:52</time>
			</trkpt>
			<trkpt lat="49.17696093209088" lon="3.798186918720603">
				<ele>153.0</ele>
				<time>2023-07-12T12:14:55</time>
			</trkpt>
			<trkpt lat="49.17657293379307" lon="3.798130927607417">
				<ele>154.0</ele>
				<time>2023-07-12T12:15:01</time>
			</trkpt>
			<trkpt lat="49.17627696879208" lon="3.7981779500842094">
				<ele>155.0</ele>
				<time>2023-07-12T12:15:06</time>
			</trkpt>
			<trkpt lat="49.176182923838496" lon="3.798206951469183">
				<ele>157.0</ele>
				<time>2023-07-12T12:15:08</time>
			</trkpt>
			<trkpt lat="49.17550893500447" lon="3.798524960875511">
				<ele>158.0</ele>
				<time>2023-07-12T12:15:19</time>
			</trkpt>
			<trkpt lat="49.173577995970845" lon="3.799523999914527">
				<ele>159.0</ele>
				<time>2023-07-12T12:15:52</time>
			</trkpt>
			<trkpt lat="49.173146998509765" lon="3.7997239921242">
				<ele>161.0</ele>
				<time>2023-07-12T12:15:59</time>
			</trkpt>
			<trkpt lat="49.17298195883632" lon="3.7997729424387217">
				<ele>163.0</ele>
				<time>2023-07-12T12:16:01</time>
			</trkpt>
			<trkpt lat="49.17274399660528" lon="3.799753999337554">
				<ele>166.0</ele>
				<time>2023-07-12T12:16:05</time>
			</trkpt>
			<trkpt lat="49.17167597450316" lon="3.799281930550933">
				<ele>168.0</ele>
				<time>2023-07-12T12:16:23</time>
			</trkpt>
			<trkpt lat="49.171427953988314" lon="3.7991489935666323">
				<ele>171.0</ele>
				<time>2023-07-12T12:16:27</time>
			</trkpt>
			<trkpt lat="49.171257968991995" lon="3.799088979139924">
				<ele>174.0</ele>
				<time>2023-07-12T12:16:30</time>
			</trkpt>
			<trkpt lat="49.17097197845578" lon="3.798934919759631">
				<ele>177.0</ele>
				<time>2023-07-12T12:16:35</time>
			</trkpt>
			<trkpt lat="49.17063293047249" lon="3.798802988603711">
				<ele>180.0</ele>
				<time>2023-07-12T12:16:41</time>
			</trkpt>
			<trkpt lat="49.16956993751228" lon="3.7982969731092453">
				<ele>184.0</ele>
				<time>2023-07-12T12:16:58</time>
			</trkpt>
			<trkpt lat="49.16784091852605" lon="3.7975299451500177">
				<ele>188.0</ele>
				<time>2023-07-12T12:17:27</time>
			</trkpt>
			<trkpt lat="49.16621692478657" lon="3.796785967424512">
				<ele>191.0</ele>
				<time>2023-07-12T12:17:54</time>
			</trkpt>
			<trkpt lat="49.164486983790994" lon="3.796026986092329">
				<ele>196.0</ele>
				<time>2023-07-12T12:18:23</time>
			</trkpt>
			<trkpt lat="49.16404793970287" lon="3.7958109844475985">
				<ele>199.0</ele>
				<time>2023-07-12T12:18:31</time>
			</trkpt>
			<trkpt lat="49.163694977760315" lon="3.7955909594893456">
				<ele>203.0</ele>
				<time>2023-07-12T12:18:37</time>
			</trkpt>
			<trkpt lat="49.163097934797406" lon="3.795265993103385">
				<ele>207.0</ele>
				<time>2023-07-12T12:18:47</time>
			</trkpt>
			<trkpt lat="49.162681940943" lon="3.795058960095048">
				<ele>210.0</ele>
				<time>2023-07-12T12:18:54</time>
			</trkpt>
			<trkpt lat="49.162429980933666" lon="3.794952929019928">
				<ele>214.0</ele>
				<time>2023-07-12T12:18:58</time>
			</trkpt>
			<trkpt lat="49.16231196373701" lon="3.7948779948055744">
				<ele>217.0</ele>
				<time>2023-07-12T12:19:00</time>
			</trkpt>
			<trkpt lat="49.16198892518878" lon="3.7947489973157644">
				<ele>219.0</ele>
				<time>2023-07-12T12:19:05</time>
			</trkpt>
			<trkpt lat="49.16108393110335" lon="3.794286986812949">
				<ele>222.0</ele>
				<time>2023-07-12T12:19:21</time>
			</trkpt>
			<trkpt lat="49.16077991947532" lon="3.7942039221525192">
				<ele>225.0</ele>
				<time>2023-07-12T12:19:26</time>
			</trkpt>
			<trkpt lat="49.160173991695046" lon="3.7939349468797445">
				<ele>227.0</ele>
				<time>2023-07-12T12:19:36</time>
			</trkpt>
			<trkpt lat="49.159957990050316" lon="3.7938589230179787">
				<ele>228.0</ele>
				<time>2023-07-12T12:19:39</time>
			</trkpt>
			<trkpt lat="49.159868974238634" lon="3.7937999982386827">
				<ele>229.0</ele>
				<time>2023-07-12T12:19:41</time>
			</trkpt>
			<trkpt lat="49.15967099368572" lon="3.7937139999121428">
				<ele>230.0</ele>
				<time>2023-07-12T12:19:44</time>
			</trkpt>
			<trkpt lat="49.15941098704934" lon="3.7935529835522175">
				<ele>230.0</ele>
				<time>2023-07-12T12:19:49</time>
			</trkpt>
			<trkpt lat="49.15903899818659" lon="3.7934089824557304">
				<ele>229.0</ele>
				<time>2023-07-12T12:19:55</time>
			</trkpt>
			<trkpt lat="49.15869399905205" lon="3.7932339683175087">
				<ele>229.0</ele>
				<time>2023-07-12T12:20:01</time>
			</trkpt>
			<trkpt lat="49.15854496881366" lon="3.7931259255856276">
				<ele>227.0</ele>
				<time>2023-07-12T12:20:03</time>
			</trkpt>
			<trkpt lat="49.15798991918564" lon="3.792820991948247">
				<ele>225.0</ele>
				<time>2023-07-12T12:20:13</time>
			</trkpt>
			<trkpt lat="49.157833931967616" lon="3.792684953659773">
				<ele>223.0</ele>
				<time>2023-07-12T12:20:16</time>
			</trkpt>
			<trkpt lat="49.15699892677367" lon="3.792173992842436">
				<ele>220.0</ele>
				<time>2023-07-12T12:20:30</time>
			</trkpt>
			<trkpt lat="49.15680798701942" lon="3.7920409720391035">
				<ele>216.0</ele>
				<time>2023-07-12T12:20:33</time>
			</trkpt>
			<trkpt lat="49.156389981508255" lon="3.791806949302554">
				<ele>213.0</ele>
				<time>2023-07-12T12:20:40</time>
			</trkpt>
			<trkpt lat="49.15522598661482" lon="3.7909459602087736">
				<ele>208.0</ele>
				<time>2023-07-12T12:21:01</time>
			</trkpt>
			<trkpt lat="49.1543759778142" lon="3.790350928902626">
				<ele>203.0</ele>
				<time>2023-07-12T12:21:16</time>
			</trkpt>
			<trkpt lat="49.15340292267501" lon="3.789622960612178">
				<ele>198.0</ele>
				<time>2023-07-12T12:21:33</time>
			</trkpt>
			<trkpt lat="49.151663929224014" lon="3.7882639188319445">
				<ele>193.0</ele>
				<time>2023-07-12T12:22:05</time>
			</trkpt>
			<trkpt lat="49.15144298225641" lon="3.788110949099064">
				<ele>188.0</ele>
				<time>2023-07-12T12:22:09</time>
			</trkpt>
			<trkpt lat="49.151322953402996" lon="3.7880669441074133">
				<ele>184.0</ele>
				<time>2023-07-12T12:22:11</time>
			</trkpt>
			<trkpt lat="49.15120099671185" lon="3.788059987127781">
				<ele>179.0</ele>
				<time>2023-07-12T12:22:12</time>
			</trkpt>
			<trkpt lat="49.15107996203005" lon="3.788074990734458">
				<ele>175.0</ele>
				<time>2023-07-12T12:22:14</time>
			</trkpt>
			<trkpt lat="49.150352999567986" lon="3.788231983780861">
				<ele>171.0</ele>
				<time>2023-07-12T12:22:26</time>
			</trkpt>
			<trkpt lat="49.15011998265982" lon="3.7883009668439627">
				<ele>167.0</ele>
				<time>2023-07-12T12:22:30</time>
			</trkpt>
			<trkpt lat="49.14989392273128" lon="3.788405992090702">
				<ele>163.0</ele>
				<time>2023-07-12T12:22:34</time>
			</trkpt>
			<trkpt lat="49.14866094477475" lon="3.789222976192832">
				<ele>159.0</ele>
				<time>2023-07-12T12:22:55</time>
			</trkpt>
			<trkpt lat="49.148074965924025" lon="3.7896319292485714">
				<ele>155.0</ele>
				<time>2023-07-12T12:23:06</time>
			</trkpt>
			<trkpt lat="49.14758797734976" lon="3.7900639325380325">
				<ele>152.0</ele>
				<time>2023-07-12T12:23:15</time>
			</trkpt>
			<trkpt lat="49.147220933809876" lon="3.7903589755296707">
				<ele>149.0</ele>
				<time>2023-07-12T12:23:21</time>
			</trkpt>
			<trkpt lat="49.14598393253982" lon="3.7911479640752077">
				<ele>147.0</ele>
				<time>2023-07-12T12:23:43</time>
			</trkpt>
			<trkpt lat="49.14542293176055" lon="3.7914749421179295">
				<ele>145.0</ele>
				<time>2023-07-12T12:23:52</time>
			</trkpt>
			<trkpt lat="49.14529996924102" lon="3.791523976251483">
				<ele>143.0</ele>
				<time>2023-07-12T12:23:54</time>
			</trkpt>
			<trkpt lat="49.145238948985934" lon="3.7915329448878765">
				<ele>141.0</ele>
				<time>2023-07-12T12:23:55</time>
			</trkpt>
			<trkpt lat="49.14512093178928" lon="3.7915199529379606">
				<ele>140.0</ele>
				<time>2023-07-12T12:23:57</time>
			</trkpt>
			<trkpt lat="49.14475497789681" lon="3.7913129199296236">
				<ele>138.0</ele>
				<time>2023-07-12T12:24:03</time>
			</trkpt>
			<trkpt lat="49.144358932971954" lon="3.7910429388284683">
				<ele>137.0</ele>
				<time>2023-07-12T12:24:10</time>
			</trkpt>
			<trkpt lat="49.144035978242755" lon="3.7908699363470078">
				<ele>136.0</ele>
				<time>2023-07-12T12:24:16</time>
			</trkpt>
			<trkpt lat="49.14365795440972" lon="3.790770946070552">
				<ele>134.0</ele>
				<time>2023-07-12T12:24:22</time>
			</trkpt>
			<trkpt lat="49.14357296191156" lon="3.790775975212455">
				<ele>134.0</ele>
				<time>2023-07-12T12:24:23</time>
			</trkpt>
			<trkpt lat="49.14340197108686" lon="3.790835989639163">
				<ele>133.0</ele>
				<time>2023-07-12T12:24:26</time>
			</trkpt>
			<trkpt lat="49.14312796667218" lon="3.7909769732505083">
				<ele>132.0</ele>
				<time>2023-07-12T12:24:31</time>
			</trkpt>
			<trkpt lat="49.142940966412425" lon="3.7910579424351454">
				<ele>131.0</ele>
				<time>2023-07-12T12:24:34</time>
			</trkpt>
			<trkpt lat="49.14284499362111" lon="3.791078981012106">
				<ele>131.0</ele>
				<time>2023-07-12T12:24:36</time>
			</trkpt>
			<trkpt lat="49.142747931182384" lon="3.7910859379917383">
				<ele>130.0</ele>
				<time>2023-07-12T12:24:37</time>
			</trkpt>
			<trkpt lat="49.14247392676771" lon="3.7910279352217913">
				<ele>130.0</ele>
				<time>2023-07-12T12:24:42</time>
			</trkpt>
			<trkpt lat="49.14239094592631" lon="3.790994994342327">
				<ele>130.0</ele>
				<time>2023-07-12T12:24:43</time>
			</trkpt>
			<trkpt lat="49.14215197786689" lon="3.7908759713172913">
				<ele>129.0</ele>
				<time>2023-07-12T12:24:47</time>
			</trkpt>
			<trkpt lat="49.13698595948517" lon="3.7879849690943956">
				<ele>129.0</ele>
				<time>2023-07-12T12:26:15</time>
			</trkpt>
			<trkpt lat="49.1363699734211" lon="3.7875929474830627">
				<ele>128.0</ele>
				<time>2023-07-12T12:26:26</time>
			</trkpt>
			<trkpt lat="49.13433099165559" lon="3.786067944020033">
				<ele>128.0</ele>
				<time>2023-07-12T12:27:02</time>
			</trkpt>
			<trkpt lat="49.13336497731507" lon="3.7855959590524435">
				<ele>128.0</ele>
				<time>2023-07-12T12:27:18</time>
			</trkpt>
			<trkpt lat="49.133186945691705" lon="3.785493951290846">
				<ele>127.0</ele>
				<time>2023-07-12T12:27:21</time>
			</trkpt>
			<trkpt lat="49.13301796652377" lon="3.7853639479726553">
				<ele>127.0</ele>
				<time>2023-07-12T12:27:24</time>
			</trkpt>
			<trkpt lat="49.13293993100524" lon="3.78528892993927">
				<ele>127.0</ele>
				<time>2023-07-12T12:27:26</time>
			</trkpt>
			<trkpt lat="49.13274496793747" lon="3.785033952444792">
				<ele>127.0</ele>
				<time>2023-07-12T12:27:30</time>
			</trkpt>
			<trkpt lat="49.132690988481045" lon="3.784936973825097">
				<ele>126.0</ele>
				<time>2023-07-12T12:27:31</time>
			</trkpt>
			<trkpt lat="49.132540952414274" lon="3.784494996070862">
				<ele>126.0</ele>
				<time>2023-07-12T12:27:36</time>
			</trkpt>
			<trkpt lat="49.132430981844664" lon="3.7838369328528643">
				<ele>126.0</ele>
				<time>2023-07-12T12:27:44</time>
			</trkpt>
			<trkpt lat="49.132265942171216" lon="3.7831529695540667">
				<ele>126.0</ele>
				<time>2023-07-12T12:27:51</time>
			</trkpt>
			<trkpt lat="49.13171499967575" lon="3.781723938882351">
				<ele>125.0</ele>
				<time>2023-07-12T12:28:09</time>
			</trkpt>
			<trkpt lat="49.13146094419062" lon="3.7812569830566645">
				<ele>124.0</ele>
				<time>2023-07-12T12:28:15</time>
			</trkpt>
			<trkpt lat="49.13126195780933" lon="3.781012985855341">
				<ele>124.0</ele>
				<time>2023-07-12T12:28:19</time>
			</trkpt>
			<trkpt lat="49.13108694367111" lon="3.7808759417384863">
				<ele>123.0</ele>
				<time>2023-07-12T12:28:22</time>
			</trkpt>
			<trkpt lat="49.13063398562372" lon="3.7805949803441763">
				<ele>122.0</ele>
				<time>2023-07-12T12:28:30</time>
			</trkpt>
			<trkpt lat="49.129428919404745" lon="3.7799059879034758">
				<ele>122.0</ele>
				<time>2023-07-12T12:28:51</time>
			</trkpt>
			<trkpt lat="49.12909599021077" lon="3.779689986258745">
				<ele>121.0</ele>
				<time>2023-07-12T12:28:56</time>
			</trkpt>
			<trkpt lat="49.12890496663749" lon="3.779601976275444">
				<ele>120.0</ele>
				<time>2023-07-12T12:29:00</time>
			</trkpt>
			<trkpt lat="49.12851395085454" lon="3.7794979568570852">
				<ele>119.0</ele>
				<time>2023-07-12T12:29:06</time>
			</trkpt>
			<trkpt lat="49.1277889162302" lon="3.779545985162258">
				<ele>117.0</ele>
				<time>2023-07-12T12:29:18</time>
			</trkpt>
			<trkpt lat="49.127391949296" lon="3.779588984325528">
				<ele>116.0</ele>
				<time>2023-07-12T12:29:24</time>
			</trkpt>
			<trkpt lat="49.12696396932006" lon="3.779603987932205">
				<ele>115.0</ele>
				<time>2023-07-12T12:29:31</time>
			</trkpt>
			<trkpt lat="49.12689892575145" lon="3.779586972668767">
				<ele>113.0</ele>
				<time>2023-07-12T12:29:32</time>
			</trkpt>
			<trkpt lat="49.12672894075513" lon="3.779455963522196">
				<ele>112.0</ele>
				<time>2023-07-12T12:29:35</time>
			</trkpt>
			<trkpt lat="49.12658493965864" lon="3.779212972149253">
				<ele>110.0</ele>
				<time>2023-07-12T12:29:38</time>
			</trkpt>
			<trkpt lat="49.12595495581627" lon="3.777738930657506">
				<ele>108.0</ele>
				<time>2023-07-12T12:29:57</time>
			</trkpt>
			<trkpt lat="49.125902988016605" lon="3.7776309717446566">
				<ele>106.0</ele>
				<time>2023-07-12T12:29:58</time>
			</trkpt>
			<trkpt lat="49.125711964443326" lon="3.77733894623816">
				<ele>105.0</ele>
				<time>2023-07-12T12:30:03</time>
			</trkpt>
			<trkpt lat="49.125561928376555" lon="3.7772009801119566">
				<ele>103.0</ele>
				<time>2023-07-12T12:30:05</time>
			</trkpt>
			<trkpt lat="49.12489699199796" lon="3.776701921597123">
				<ele>101.0</ele>
				<time>2023-07-12T12:30:17</time>
			</trkpt>
			<trkpt lat="49.124504970386624" lon="3.776463959366083">
				<ele>100.0</ele>
				<time>2023-07-12T12:30:24</time>
			</trkpt>
			<trkpt lat="49.12425493821502" lon="3.776388941332698">
				<ele>99.0</ele>
				<time>2023-07-12T12:30:28</time>
			</trkpt>
			<trkpt lat="49.12409392185509" lon="3.7763989996165037">
				<ele>97.0</ele>
				<time>2023-07-12T12:30:31</time>
			</trkpt>
			<trkpt lat="49.123863922432065" lon="3.7764879316091537">
				<ele>96.0</ele>
				<time>2023-07-12T12:30:34</time>
			</trkpt>
			<trkpt lat="49.12372193299234" lon="3.7765769474208355">
				<ele>95.0</ele>
				<time>2023-07-12T12:30:37</time>
			</trkpt>
			<trkpt lat="49.12139696069062" lon="3.778426917269826">
				<ele>94.0</ele>
				<time>2023-07-12T12:31:19</time>
			</trkpt>
			<trkpt lat="49.11898096092045" lon="3.780398927628994">
				<ele>93.0</ele>
				<time>2023-07-12T12:32:03</time>
			</trkpt>
			<trkpt lat="49.118513921275735" lon="3.780767982825637">
				<ele>93.0</ele>
				<time>2023-07-12T12:32:11</time>
			</trkpt>
			<trkpt lat="49.118405962362885" lon="3.7808419950306416">
				<ele>93.0</ele>
				<time>2023-07-12T12:32:13</time>
			</trkpt>
			<trkpt lat="49.118295991793275" lon="3.780873930081725">
				<ele>93.0</ele>
				<time>2023-07-12T12:32:15</time>
			</trkpt>
			<trkpt lat="49.1180769726634" lon="3.7807939667254686">
				<ele>93.0</ele>
				<time>2023-07-12T12:32:18</time>
			</trkpt>
			<trkpt lat="49.11789793521166" lon="3.78053798340261">
				<ele>93.0</ele>
				<time>2023-07-12T12:32:22</time>
			</trkpt>
			<trkpt lat="49.11768092773855" lon="3.780178986489773">
				<ele>94.0</ele>
				<time>2023-07-12T12:32:27</time>
			</trkpt>
			<trkpt lat="49.11752192303538" lon="3.779990980401635">
				<ele>95.0</ele>
				<time>2023-07-12T12:32:31</time>
			</trkpt>
			<trkpt lat="49.1172999702394" lon="3.779779924079776">
				<ele>96.0</ele>
				<time>2023-07-12T12:32:35</time>
			</trkpt>
			<trkpt lat="49.117114981636405" lon="3.779667941853404">
				<ele>97.0</ele>
				<time>2023-07-12T12:32:38</time>
			</trkpt>
			<trkpt lat="49.116535959765315" lon="3.7794289737939835">
				<ele>99.0</ele>
				<time>2023-07-12T12:32:48</time>
			</trkpt>
			<trkpt lat="49.11639497615397" lon="3.7793299835175276">
				<ele>100.0</ele>
				<time>2023-07-12T12:32:50</time>
			</trkpt>
			<trkpt lat="49.11630596034229" lon="3.7792399618774652">
				<ele>101.0</ele>
				<time>2023-07-12T12:32:52</time>
			</trkpt>
			<trkpt lat="49.11611594259739" lon="3.7789889238774776">
				<ele>103.0</ele>
				<time>2023-07-12T12:32:56</time>
			</trkpt>
			<trkpt lat="49.115933971479535" lon="3.7786479480564594">
				<ele>104.0</ele>
				<time>2023-07-12T12:33:00</time>
			</trkpt>
			<trkpt lat="49.11564094014466" lon="3.778190966695547">
				<ele>106.0</ele>
				<time>2023-07-12T12:33:07</time>
			</trkpt>
			<trkpt lat="49.115416975691915" lon="3.7779369950294495">
				<ele>107.0</ele>
				<time>2023-07-12T12:33:12</time>
			</trkpt>
			<trkpt lat="49.11506996490061" lon="3.7776819337159395">
				<ele>109.0</ele>
				<time>2023-07-12T12:33:18</time>
			</trkpt>
			<trkpt lat="49.11463494412601" lon="3.7774719670414925">
				<ele>110.0</ele>
				<time>2023-07-12T12:33:25</time>
			</trkpt>
			<trkpt lat="49.11395299248397" lon="3.777328971773386">
				<ele>112.0</ele>
				<time>2023-07-12T12:33:36</time>
			</trkpt>
			<trkpt lat="49.11347698420286" lon="3.7772669456899166">
				<ele>113.0</ele>
				<time>2023-07-12T12:33:44</time>
			</trkpt>
			<trkpt lat="49.112129928544164" lon="3.7769959587603807">
				<ele>114.0</ele>
				<time>2023-07-12T12:34:06</time>
			</trkpt>
			<trkpt lat="49.1100749373436" lon="3.77663092687726">
				<ele>114.0</ele>
				<time>2023-07-12T12:34:39</time>
			</trkpt>
			<trkpt lat="49.109725998714566" lon="3.776532942429185">
				<ele>115.0</ele>
				<time>2023-07-12T12:34:44</time>
			</trkpt>
			<trkpt lat="49.109599934890866" lon="3.77645599655807">
				<ele>115.0</ele>
				<time>2023-07-12T12:34:47</time>
			</trkpt>
			<trkpt lat="49.10954092629254" lon="3.776395982131362">
				<ele>115.0</ele>
				<time>2023-07-12T12:34:48</time>
			</trkpt>
			<trkpt lat="49.10930396988988" lon="3.776082918047905">
				<ele>114.0</ele>
				<time>2023-07-12T12:34:53</time>
			</trkpt>
			<trkpt lat="49.10918494686484" lon="3.775869933888316">
				<ele>113.0</ele>
				<time>2023-07-12T12:34:56</time>
			</trkpt>
			<trkpt lat="49.10896299406886" lon="3.7753889802843332">
				<ele>112.0</ele>
				<time>2023-07-12T12:35:02</time>
			</trkpt>
			<trkpt lat="49.10872494801879" lon="3.774956976994872">
				<ele>111.0</ele>
				<time>2023-07-12T12:35:08</time>
			</trkpt>
			<trkpt lat="49.10855395719409" lon="3.774693952873349">
				<ele>109.0</ele>
				<time>2023-07-12T12:35:12</time>
			</trkpt>
			<trkpt lat="49.108245922252536" lon="3.7743089720606804">
				<ele>107.0</ele>
				<time>2023-07-12T12:35:18</time>
			</trkpt>
			<trkpt lat="49.105319967493415" lon="3.771728938445449">
				<ele>104.0</ele>
				<time>2023-07-12T12:36:12</time>
			</trkpt>
			<trkpt lat="49.104655953124166" lon="3.7712489906698465">
				<ele>102.0</ele>
				<time>2023-07-12T12:36:24</time>
			</trkpt>
			<trkpt lat="49.1041549667716" lon="3.77093399874866">
				<ele>99.0</ele>
				<time>2023-07-12T12:36:33</time>
			</trkpt>
			<trkpt lat="49.103878950700164" lon="3.770845988765359">
				<ele>97.0</ele>
				<time>2023-07-12T12:36:37</time>
			</trkpt>
			<trkpt lat="49.10378398373723" lon="3.770835930481553">
				<ele>94.0</ele>
				<time>2023-07-12T12:36:39</time>
			</trkpt>
			<trkpt lat="49.103686921298504" lon="3.7708369363099337">
				<ele>92.0</ele>
				<time>2023-07-12T12:36:40</time>
			</trkpt>
			<trkpt lat="49.1033969912678" lon="3.770921928808093">
				<ele>90.0</ele>
				<time>2023-07-12T12:36:45</time>
			</trkpt>
			<trkpt lat="49.10247892141342" lon="3.7713759765028954">
				<ele>88.0</ele>
				<time>2023-07-12T12:37:00</time>
			</trkpt>
			<trkpt lat="49.10221598111093" lon="3.7714849412441254">
				<ele>86.0</ele>
				<time>2023-07-12T12:37:05</time>
			</trkpt>
			<trkpt lat="49.10212495364249" lon="3.771507991477847">
				<ele>84.0</ele>
				<time>2023-07-12T12:37:06</time>
			</trkpt>
			<trkpt lat="49.10193996503949" lon="3.7715149484574795">
				<ele>82.0</ele>
				<time>2023-07-12T12:37:09</time>
			</trkpt>
			<trkpt lat="49.10184499807656" lon="3.7714819237589836">
				<ele>80.0</ele>
				<time>2023-07-12T12:37:11</time>
			</trkpt>
			<trkpt lat="49.10175698809326" lon="3.771419981494546">
				<ele>79.0</ele>
				<time>2023-07-12T12:37:12</time>
			</trkpt>
			<trkpt lat="49.10168297588825" lon="3.771315962076187">
				<ele>78.0</ele>
				<time>2023-07-12T12:37:14</time>
			</trkpt>
			<trkpt lat="49.101622961461544" lon="3.771186964586377">
				<ele>78.0</ele>
				<time>2023-07-12T12:37:15</time>
			</trkpt>
			<trkpt lat="49.10149999894202" lon="3.770600985735655">
				<ele>78.0</ele>
				<time>2023-07-12T12:37:22</time>
			</trkpt>
			<trkpt lat="49.10137393511832" lon="3.769885925576091">
				<ele>78.0</ele>
				<time>2023-07-12T12:37:30</time>
			</trkpt>
			<trkpt lat="49.10120294429362" lon="3.7691909819841385">
				<ele>79.0</ele>
				<time>2023-07-12T12:37:37</time>
			</trkpt>
			<trkpt lat="49.10112692043185" lon="3.768737940117717">
				<ele>81.0</ele>
				<time>2023-07-12T12:37:42</time>
			</trkpt>
			<trkpt lat="49.10099096596241" lon="3.7680979818105698">
				<ele>83.0</ele>
				<time>2023-07-12T12:37:49</time>
			</trkpt>
			<trkpt lat="49.10098895430565" lon="3.7679449282586575">
				<ele>85.0</ele>
				<time>2023-07-12T12:37:51</time>
			</trkpt>
			<trkpt lat="49.101130943745375" lon="3.767290972173214">
				<ele>87.0</ele>
				<time>2023-07-12T12:37:58</time>
			</trkpt>
			<trkpt lat="49.10112499259412" lon="3.7670569494366646">
				<ele>90.0</ele>
				<time>2023-07-12T12:38:01</time>
			</trkpt>
			<trkpt lat="49.101089956238866" lon="3.7668369244784117">
				<ele>92.0</ele>
				<time>2023-07-12T12:38:03</time>
			</trkpt>
			<trkpt lat="49.101064978167415" lon="3.766387989744544">
				<ele>95.0</ele>
				<time>2023-07-12T12:38:08</time>
			</trkpt>
			<trkpt lat="49.10097596235573" lon="3.765839980915189">
				<ele>99.0</ele>
				<time>2023-07-12T12:38:14</time>
			</trkpt>
			<trkpt lat="49.100871942937374" lon="3.76543496735394">
				<ele>102.0</ele>
				<time>2023-07-12T12:38:18</time>
			</trkpt>
			<trkpt lat="49.10068494267762" lon="3.7644619960337877">
				<ele>106.0</ele>
				<time>2023-07-12T12:38:29</time>
			</trkpt>
			<trkpt lat="49.100593999028206" lon="3.763882974162698">
				<ele>111.0</ele>
				<time>2023-07-12T12:38:35</time>
			</trkpt>
			<trkpt lat="49.10071696154773" lon="3.7623589765280485">
				<ele>115.0</ele>
				<time>2023-07-12T12:38:51</time>
			</trkpt>
			<trkpt lat="49.10066197626293" lon="3.7621349282562733">
				<ele>119.0</ele>
				<time>2023-07-12T12:38:54</time>
			</trkpt>
			<trkpt lat="49.100161995738745" lon="3.761267988011241">
				<ele>124.0</ele>
				<time>2023-07-12T12:39:06</time>
			</trkpt>
			<trkpt lat="49.10006099380553" lon="3.760974956676364">
				<ele>128.0</ele>
				<time>2023-07-12T12:39:09</time>
			</trkpt>
			<trkpt lat="49.09996694885194" lon="3.7605479825288057">
				<ele>132.0</ele>
				<time>2023-07-12T12:39:14</time>
			</trkpt>
			<trkpt lat="49.09989796578884" lon="3.7603139597922564">
				<ele>136.0</ele>
				<time>2023-07-12T12:39:17</time>
			</trkpt>
			<trkpt lat="49.09988899715245" lon="3.760221926495433">
				<ele>139.0</ele>
				<time>2023-07-12T12:39:18</time>
			</trkpt>
			<trkpt lat="49.09990391694009" lon="3.760023945942521">
				<ele>143.0</ele>
				<time>2023-07-12T12:39:20</time>
			</trkpt>
			<trkpt lat="49.0998949483037" lon="3.759879944846034">
				<ele>146.0</ele>
				<time>2023-07-12T12:39:21</time>
			</trkpt>
			<trkpt lat="49.100032998248935" lon="3.759477948769927">
				<ele>149.0</ele>
				<time>2023-07-12T12:39:26</time>
			</trkpt>
			<trkpt lat="49.10021496936679" lon="3.7590899504721165">
				<ele>151.0</ele>
				<time>2023-07-12T12:39:31</time>
			</trkpt>
			<trkpt lat="49.10021689720452" lon="3.7587497290223837">
				<ele>154.0</ele>
				<time>2023-07-12T12:39:35</time>
			</trkpt>
		</trkseg>
	</trk>
</gpx>
