<?xml version="1.0" encoding="UTF-8"?>
<gpx creator="Garmin Connect" version="1.1" schemaLocation="http://www.topografix.com/GPX/1/1 http://www.topografix.com/GPX/11.xsd" xmlns="http://www.topografix.com/GPX/1/1" xmlns:xsi="http://www.w3.org/2001/XMLSchema-instance" xsi:schemaLocation="http://www.topografix.com/GPX/1/1 http://www.topografix.com/GPX/1/1/gpx.xsd http://www.garmin.com/xmlschemas/GpxExtensions/v3 http://www.garmin.com/xmlschemas/GpxExtensionsv3.xsd http://www.garmin.com/xmlschemas/TrackPointExtension/v1 http://www.garmin.com/xmlschemas/TrackPointExtensionv1.xsd http://www.garmin.com/xmlschemas/PowerExtension/v1 http://www.garmin.com/xmlschemas/PowerExtensionv1.xsd http://www.topografix.com/GPX/gpx_style/0/2 http://www.topografix.com/GPX/gpx_style/0/2/gpx_style.xsd" xmlns:gpxtpx="http://www.garmin.com/xmlschemas/TrackPointExtension/v1" xmlns:gpxx="http://www.garmin.com/xmlschemas/GpxExtensions/v3" xmlns:gpxpx="http://www.garmin.com/xmlschemas/PowerExtension/v1" xmlns:gpx_style="http://www.topografix.com/GPX/gpx_style/0/2">
  <metadata>
    <name>505-G2-28 km-D 220 m-Forêt de Crécy via Villeneuve</name>
    <author>
      <name>gpx.studio</name>
      <link href="https://gpx.studio"/>
    </author>
    <link href="connect.garmin.com">
      <text>Garmin Connect</text>
    </link>
		<time>2026-04-05T08:00:00</time>
  </metadata>
  <trk>
    <name>505-G2-28 km-D 220 m-Forêt de Crécy via Villeneuve</name>
    <trkseg>
      <trkpt lat="48.858155999332666" lon="2.907120957970619">
        <ele>51.08</ele>
      </trkpt>
      <trkpt lat="48.85817192494869" lon="2.907077958807349">
        <ele>51.03</ele>
      </trkpt>
      <trkpt lat="48.85818592272699" lon="2.9070069640874863">
        <ele>50.98</ele>
      </trkpt>
      <trkpt lat="48.85824694298208" lon="2.9070109874010086">
        <ele>50.96</ele>
      </trkpt>
      <trkpt lat="48.858280973508954" lon="2.906840918585658">
        <ele>50.89</ele>
      </trkpt>
      <trkpt lat="48.85832296684384" lon="2.906753998249769">
        <ele>50.9</ele>
      </trkpt>
      <trkpt lat="48.85829597711563" lon="2.906656935811043">
        <ele>50.89</ele>
      </trkpt>
      <trkpt lat="48.85836563073099" lon="2.9063201509416103">
        <ele>51.01</ele>
      </trkpt>
      <trkpt lat="48.858434949070215" lon="2.9059849586337805">
        <ele>51.18</ele>
      </trkpt>
      <trkpt lat="48.85852153412998" lon="2.905566617846489">
        <ele>51.21</ele>
      </trkpt>
      <trkpt lat="48.85860803537071" lon="2.9051481932401657">
        <ele>51.16</ele>
      </trkpt>
      <trkpt lat="48.858693949878216" lon="2.9047329537570477">
        <ele>51.25</ele>
      </trkpt>
      <trkpt lat="48.858747594058514" lon="2.90450488217175">
        <ele>51.36</ele>
      </trkpt>
      <trkpt lat="48.858800986781716" lon="2.9042779840528965">
        <ele>51.39</ele>
      </trkpt>
      <trkpt lat="48.85888916440308" lon="2.9038654267787933">
        <ele>51.36</ele>
      </trkpt>
      <trkpt lat="48.85897692292929" lon="2.903454964980483">
        <ele>51.45</ele>
      </trkpt>
      <trkpt lat="48.85905244387686" lon="2.903105104342103">
        <ele>51.29</ele>
      </trkpt>
      <trkpt lat="48.85912796482444" lon="2.902755243703723">
        <ele>51.24</ele>
      </trkpt>
      <trkpt lat="48.85920298285782" lon="2.902407981455326">
        <ele>51.26</ele>
      </trkpt>
      <trkpt lat="48.85925411246717" lon="2.902155350893736">
        <ele>51.28</ele>
      </trkpt>
      <trkpt lat="48.85930499061942" lon="2.9019039776176214">
        <ele>51.37</ele>
      </trkpt>
      <trkpt lat="48.85936098173261" lon="2.9016059171408415">
        <ele>51.44</ele>
      </trkpt>
      <trkpt lat="48.85945016518235" lon="2.9011959582567215">
        <ele>51.54</ele>
      </trkpt>
      <trkpt lat="48.85953943245113" lon="2.90078591555357">
        <ele>51.47</ele>
      </trkpt>
      <trkpt lat="48.85962794534862" lon="2.9003789741545916">
        <ele>51.43</ele>
      </trkpt>
      <trkpt lat="48.85966692119837" lon="2.9001669958233833">
        <ele>51.4</ele>
      </trkpt>
      <trkpt lat="48.85972660034895" lon="2.8998597152531147">
        <ele>51.38</ele>
      </trkpt>
      <trkpt lat="48.859785944223404" lon="2.899553943425417">
        <ele>51.43</ele>
      </trkpt>
      <trkpt lat="48.85983891785145" lon="2.899224953725934">
        <ele>51.43</ele>
      </trkpt>
      <trkpt lat="48.85986699722707" lon="2.8990369476377964">
        <ele>51.47</ele>
      </trkpt>
      <trkpt lat="48.85991192422807" lon="2.898992942646146">
        <ele>51.44</ele>
      </trkpt>
      <trkpt lat="48.859939919784665" lon="2.8987959679216146">
        <ele>51.34</ele>
      </trkpt>
      <trkpt lat="48.85999398306012" lon="2.8984149266034365">
        <ele>51.13</ele>
      </trkpt>
      <trkpt lat="48.86004662141204" lon="2.898151818662882">
        <ele>51.03</ele>
      </trkpt>
      <trkpt lat="48.86009892448783" lon="2.897889968007803">
        <ele>51.02</ele>
      </trkpt>
      <trkpt lat="48.86013153009117" lon="2.897570114582777">
        <ele>51.03</ele>
      </trkpt>
      <trkpt lat="48.86016396805644" lon="2.8972519375383854">
        <ele>50.95</ele>
      </trkpt>
      <trkpt lat="48.86021710932255" lon="2.896903585642576">
        <ele>50.82</ele>
      </trkpt>
      <trkpt lat="48.86026999913156" lon="2.896556993946433">
        <ele>50.73</ele>
      </trkpt>
      <trkpt lat="48.86032959446311" lon="2.896213587373495">
        <ele>50.67</ele>
      </trkpt>
      <trkpt lat="48.860388938337564" lon="2.895871941000223">
        <ele>50.63</ele>
      </trkpt>
      <trkpt lat="48.86047267355025" lon="2.895515626296401">
        <ele>50.65</ele>
      </trkpt>
      <trkpt lat="48.86055598966777" lon="2.895160987973213">
        <ele>50.64</ele>
      </trkpt>
      <trkpt lat="48.86063251644373" lon="2.8947830479592085">
        <ele>50.66</ele>
      </trkpt>
      <trkpt lat="48.860709043219686" lon="2.894405107945204">
        <ele>50.71</ele>
      </trkpt>
      <trkpt lat="48.86078498326242" lon="2.8940299339592457">
        <ele>50.71</ele>
      </trkpt>
      <trkpt lat="48.8608636893332" lon="2.8936577774584293">
        <ele>50.73</ele>
      </trkpt>
      <trkpt lat="48.86094231158495" lon="2.893285620957613">
        <ele>50.69</ele>
      </trkpt>
      <trkpt lat="48.86102101765573" lon="2.8929134644567966">
        <ele>50.74</ele>
      </trkpt>
      <trkpt lat="48.861098969355226" lon="2.892544995993376">
        <ele>50.82</ele>
      </trkpt>
      <trkpt lat="48.861122941598296" lon="2.892420943826437">
        <ele>50.88</ele>
      </trkpt>
      <trkpt lat="48.861074997112155" lon="2.8923869971185923">
        <ele>50.93</ele>
      </trkpt>
      <trkpt lat="48.8611329998821" lon="2.8922599274665117">
        <ele>50.99</ele>
      </trkpt>
      <trkpt lat="48.86122872121632" lon="2.891861032694578">
        <ele>51.06</ele>
      </trkpt>
      <trkpt lat="48.86132393963635" lon="2.8914639819413424">
        <ele>51.19</ele>
      </trkpt>
      <trkpt lat="48.86139635927975" lon="2.891101548448205">
        <ele>51.24</ele>
      </trkpt>
      <trkpt lat="48.861468862742186" lon="2.8907391987740993">
        <ele>51.2</ele>
      </trkpt>
      <trkpt lat="48.86154128238559" lon="2.890376765280962">
        <ele>51.25</ele>
      </trkpt>
      <trkpt lat="48.861612947657704" lon="2.8900179360061884">
        <ele>51.28</ele>
      </trkpt>
      <trkpt lat="48.86170037090778" lon="2.8896274231374264">
        <ele>51.34</ele>
      </trkpt>
      <trkpt lat="48.86178779415786" lon="2.8892368264496326">
        <ele>51.42</ele>
      </trkpt>
      <trkpt lat="48.86187521740794" lon="2.8888463135808706">
        <ele>51.44</ele>
      </trkpt>
      <trkpt lat="48.86196264065802" lon="2.8884558007121086">
        <ele>51.52</ele>
      </trkpt>
      <trkpt lat="48.86204897426069" lon="2.8880699817091227">
        <ele>51.54</ele>
      </trkpt>
      <trkpt lat="48.86213514022529" lon="2.887641917914152">
        <ele>51.61</ele>
      </trkpt>
      <trkpt lat="48.86222097091377" lon="2.8872159495949745">
        <ele>51.65</ele>
      </trkpt>
      <trkpt lat="48.86227008886635" lon="2.8869437891989946">
        <ele>51.73</ele>
      </trkpt>
      <trkpt lat="48.86231895536184" lon="2.886672969907522">
        <ele>51.8</ele>
      </trkpt>
      <trkpt lat="48.862425573170185" lon="2.8862329199910164">
        <ele>51.77</ele>
      </trkpt>
      <trkpt lat="48.862532107159495" lon="2.8857928700745106">
        <ele>51.65</ele>
      </trkpt>
      <trkpt lat="48.86263797059655" lon="2.8853559214621782">
        <ele>51.55</ele>
      </trkpt>
      <trkpt lat="48.86269806884229" lon="2.885063225403428">
        <ele>51.49</ele>
      </trkpt>
      <trkpt lat="48.86275799944997" lon="2.884771954268217">
        <ele>51.46</ele>
      </trkpt>
      <trkpt lat="48.86276696808636" lon="2.8847049828618765">
        <ele>51.39</ele>
      </trkpt>
      <trkpt lat="48.86276093311608" lon="2.884660977870226">
        <ele>51.32</ele>
      </trkpt>
      <trkpt lat="48.862870233133435" lon="2.884248672053218">
        <ele>51.3</ele>
      </trkpt>
      <trkpt lat="48.86297944933176" lon="2.88383636623621">
        <ele>51.2</ele>
      </trkpt>
      <trkpt lat="48.86308799497783" lon="2.883426994085312">
        <ele>51.06</ele>
      </trkpt>
      <trkpt lat="48.862989926710725" lon="2.883330937474966">
        <ele>51</ele>
      </trkpt>
      <trkpt lat="48.86280795559287" lon="2.883153995499015">
        <ele>50.94</ele>
      </trkpt>
      <trkpt lat="48.86270091868937" lon="2.8830389957875013">
        <ele>50.88</ele>
      </trkpt>
      <trkpt lat="48.862647945061326" lon="2.8829829208552837">
        <ele>50.84</ele>
      </trkpt>
      <trkpt lat="48.86261592619121" lon="2.8829499799758196">
        <ele>50.8</ele>
      </trkpt>
      <trkpt lat="48.86244795285165" lon="2.882782928645611">
        <ele>50.77</ele>
      </trkpt>
      <trkpt lat="48.86224410496652" lon="2.8825727943331003">
        <ele>50.74</ele>
      </trkpt>
      <trkpt lat="48.86204034090042" lon="2.88236266002059">
        <ele>50.72</ele>
      </trkpt>
      <trkpt lat="48.86183699592948" lon="2.882152944803238">
        <ele>50.71</ele>
      </trkpt>
      <trkpt lat="48.86160381138325" lon="2.881912300363183">
        <ele>50.71</ele>
      </trkpt>
      <trkpt lat="48.86137096211314" lon="2.881671991199255">
        <ele>50.75</ele>
      </trkpt>
      <trkpt lat="48.86123098433018" lon="2.8814869187772274">
        <ele>50.81</ele>
      </trkpt>
      <trkpt lat="48.86115596629679" lon="2.881398992612958">
        <ele>50.84</ele>
      </trkpt>
      <trkpt lat="48.86108698323369" lon="2.8813239745795727">
        <ele>50.86</ele>
      </trkpt>
      <trkpt lat="48.860893780365586" lon="2.881094226613641">
        <ele>50.88</ele>
      </trkpt>
      <trkpt lat="48.86070099659264" lon="2.880864981561899">
        <ele>50.83</ele>
      </trkpt>
      <trkpt lat="48.86067492887378" lon="2.8808289393782616">
        <ele>50.81</ele>
      </trkpt>
      <trkpt lat="48.86056998744607" lon="2.8807029593735933">
        <ele>50.76</ele>
      </trkpt>
      <trkpt lat="48.86044098995626" lon="2.880571950227022">
        <ele>50.71</ele>
      </trkpt>
      <trkpt lat="48.860390949994326" lon="2.880546972155571">
        <ele>50.68</ele>
      </trkpt>
      <trkpt lat="48.860364966094494" lon="2.88054496049881">
        <ele>50.65</ele>
      </trkpt>
      <trkpt lat="48.8602989166975" lon="2.880559964105487">
        <ele>50.63</ele>
      </trkpt>
      <trkpt lat="48.860239991918206" lon="2.8805959224700928">
        <ele>50.64</ele>
      </trkpt>
      <trkpt lat="48.86009599082172" lon="2.880720980465412">
        <ele>50.68</ele>
      </trkpt>
      <trkpt lat="48.85996397584677" lon="2.8808269277215004">
        <ele>50.71</ele>
      </trkpt>
      <trkpt lat="48.85990899056196" lon="2.8808599524199963">
        <ele>50.74</ele>
      </trkpt>
      <trkpt lat="48.85986397974193" lon="2.8808739501982927">
        <ele>50.77</ele>
      </trkpt>
      <trkpt lat="48.85982098057866" lon="2.880883924663067">
        <ele>50.83</ele>
      </trkpt>
      <trkpt lat="48.85973992757499" lon="2.8808799851685762">
        <ele>50.9</ele>
      </trkpt>
      <trkpt lat="48.85966499336064" lon="2.8808459546417">
        <ele>51</ele>
      </trkpt>
      <trkpt lat="48.85945695452392" lon="2.880637999624014">
        <ele>51.17</ele>
      </trkpt>
      <trkpt lat="48.85936299338937" lon="2.880541943013668">
        <ele>51.35</ele>
      </trkpt>
      <trkpt lat="48.859334997832775" lon="2.880485951900482">
        <ele>51.53</ele>
      </trkpt>
      <trkpt lat="48.8593199942261" lon="2.880422919988632">
        <ele>51.75</ele>
      </trkpt>
      <trkpt lat="48.85932091623545" lon="2.880356954410672">
        <ele>52</ele>
      </trkpt>
      <trkpt lat="48.85934698395431" lon="2.8802169766277075">
        <ele>52.29</ele>
      </trkpt>
      <trkpt lat="48.85943298228085" lon="2.8799759969115257">
        <ele>52.62</ele>
      </trkpt>
      <trkpt lat="48.85946994647384" lon="2.8798709716647863">
        <ele>53.06</ele>
      </trkpt>
      <trkpt lat="48.85952292010188" lon="2.879735939204693">
        <ele>53.56</ele>
      </trkpt>
      <trkpt lat="48.85970899835229" lon="2.8793979808688164">
        <ele>54.15</ele>
      </trkpt>
      <trkpt lat="48.859786950051785" lon="2.879256997257471">
        <ele>54.85</ele>
      </trkpt>
      <trkpt lat="48.859855933114886" lon="2.8791199531406164">
        <ele>55.6</ele>
      </trkpt>
      <trkpt lat="48.85984193533659" lon="2.8790949750691652">
        <ele>56.46</ele>
      </trkpt>
      <trkpt lat="48.85977798141539" lon="2.8789759520441294">
        <ele>57.45</ele>
      </trkpt>
      <trkpt lat="48.85964496061206" lon="2.8787219803780317">
        <ele>58.6</ele>
      </trkpt>
      <trkpt lat="48.859507916495204" lon="2.8784209862351418">
        <ele>59.92</ele>
      </trkpt>
      <trkpt lat="48.859462989494205" lon="2.8782569523900747">
        <ele>61.24</ele>
      </trkpt>
      <trkpt lat="48.85943197645247" lon="2.8780039865523577">
        <ele>62.69</ele>
      </trkpt>
      <trkpt lat="48.859380930662155" lon="2.8778209257870913">
        <ele>64.2</ele>
      </trkpt>
      <trkpt lat="48.859247993677855" lon="2.877525966614485">
        <ele>65.79</ele>
      </trkpt>
      <trkpt lat="48.85939392261207" lon="2.877155989408493">
        <ele>67.46</ele>
      </trkpt>
      <trkpt lat="48.85946810245514" lon="2.876908890902996">
        <ele>69.14</ele>
      </trkpt>
      <trkpt lat="48.85954194702208" lon="2.876662965863943">
        <ele>70.87</ele>
      </trkpt>
      <trkpt lat="48.85958452709019" lon="2.8763812500983477">
        <ele>72.78</ele>
      </trkpt>
      <trkpt lat="48.85962693952024" lon="2.8761009592562914">
        <ele>74.75</ele>
      </trkpt>
      <trkpt lat="48.859655018895864" lon="2.8758453112095594">
        <ele>76.75</ele>
      </trkpt>
      <trkpt lat="48.859682930633426" lon="2.8755909204483032">
        <ele>78.8</ele>
      </trkpt>
      <trkpt lat="48.859700532630086" lon="2.875304175540805">
        <ele>80.92</ele>
      </trkpt>
      <trkpt lat="48.85971796698868" lon="2.8750189393758774">
        <ele>83.06</ele>
      </trkpt>
      <trkpt lat="48.859681924805045" lon="2.8747939690947533">
        <ele>85.29</ele>
      </trkpt>
      <trkpt lat="48.859628951177" lon="2.874323995783925">
        <ele>87.71</ele>
      </trkpt>
      <trkpt lat="48.859547981992364" lon="2.8738879691809416">
        <ele>90.18</ele>
      </trkpt>
      <trkpt lat="48.85942795313895" lon="2.873704992234707">
        <ele>92.46</ele>
      </trkpt>
      <trkpt lat="48.85932192206383" lon="2.8735589794814587">
        <ele>94.7</ele>
      </trkpt>
      <trkpt lat="48.85923894122243" lon="2.8734449855983257">
        <ele>96.89</ele>
      </trkpt>
      <trkpt lat="48.85913693346083" lon="2.8731449972838163">
        <ele>99.01</ele>
      </trkpt>
      <trkpt lat="48.859118996188045" lon="2.8730339370667934">
        <ele>101.05</ele>
      </trkpt>
      <trkpt lat="48.859140956774354" lon="2.872740989550948">
        <ele>103.08</ele>
      </trkpt>
      <trkpt lat="48.859123941510916" lon="2.872538985684514">
        <ele>105.08</ele>
      </trkpt>
      <trkpt lat="48.858971977606416" lon="2.872172947973013">
        <ele>107.15</ele>
      </trkpt>
      <trkpt lat="48.858788665384054" lon="2.8718191478401423">
        <ele>109.24</ele>
      </trkpt>
      <trkpt lat="48.85860535316169" lon="2.8714654315263033">
        <ele>111.22</ele>
      </trkpt>
      <trkpt lat="48.85842204093933" lon="2.8711116313934326">
        <ele>113.14</ele>
      </trkpt>
      <trkpt lat="48.858238812536" lon="2.870757831260562">
        <ele>115.04</ele>
      </trkpt>
      <trkpt lat="48.85805692523718" lon="2.8704069647938013">
        <ele>116.82</ele>
      </trkpt>
      <trkpt lat="48.85796698741615" lon="2.8701539989560843">
        <ele>118.46</ele>
      </trkpt>
      <trkpt lat="48.85793387889862" lon="2.8697003703564405">
        <ele>120.03</ele>
      </trkpt>
      <trkpt lat="48.85790077038109" lon="2.8692468255758286">
        <ele>121.44</ele>
      </trkpt>
      <trkpt lat="48.85786799713969" lon="2.868796968832612">
        <ele>122.8</ele>
      </trkpt>
      <trkpt lat="48.85777168907225" lon="2.8683919552713633">
        <ele>123.9</ele>
      </trkpt>
      <trkpt lat="48.85767546482384" lon="2.867987025529146">
        <ele>124.86</ele>
      </trkpt>
      <trkpt lat="48.85757999494672" lon="2.8675849456340075">
        <ele>125.63</ele>
      </trkpt>
      <trkpt lat="48.85750581510365" lon="2.8673584666103125">
        <ele>126.33</ele>
      </trkpt>
      <trkpt lat="48.85743197053671" lon="2.867132993414998">
        <ele>126.95</ele>
      </trkpt>
      <trkpt lat="48.85727070271969" lon="2.86684675142169">
        <ele>127.47</ele>
      </trkpt>
      <trkpt lat="48.85710943490267" lon="2.8665605932474136">
        <ele>127.84</ele>
      </trkpt>
      <trkpt lat="48.85694825090468" lon="2.8662744350731373">
        <ele>128.1</ele>
      </trkpt>
      <trkpt lat="48.85678798891604" lon="2.8659899532794952">
        <ele>128.19</ele>
      </trkpt>
      <trkpt lat="48.8566137291491" lon="2.865673955529928">
        <ele>128.17</ele>
      </trkpt>
      <trkpt lat="48.85643997229636" lon="2.8653589636087418">
        <ele>128.15</ele>
      </trkpt>
      <trkpt lat="48.85634575970471" lon="2.8651616536080837">
        <ele>128.1</ele>
      </trkpt>
      <trkpt lat="48.85625196620822" lon="2.8649649303406477">
        <ele>128</ele>
      </trkpt>
      <trkpt lat="48.85612095706165" lon="2.86466795951128">
        <ele>127.83</ele>
      </trkpt>
      <trkpt lat="48.85597293265164" lon="2.8644009958952665">
        <ele>127.57</ele>
      </trkpt>
      <trkpt lat="48.855894980952144" lon="2.864182982593775">
        <ele>127.31</ele>
      </trkpt>
      <trkpt lat="48.85584192350507" lon="2.863972932100296">
        <ele>127.05</ele>
      </trkpt>
      <trkpt lat="48.85582993738353" lon="2.8637999296188354">
        <ele>126.72</ele>
      </trkpt>
      <trkpt lat="48.855878971517086" lon="2.863600943237543">
        <ele>126.41</ele>
      </trkpt>
      <trkpt lat="48.85597016662359" lon="2.8633599635213614">
        <ele>126.05</ele>
      </trkpt>
      <trkpt lat="48.85606094263494" lon="2.86311998963356">
        <ele>125.73</ele>
      </trkpt>
      <trkpt lat="48.85622899979353" lon="2.8628049977123737">
        <ele>125.51</ele>
      </trkpt>
      <trkpt lat="48.85627292096615" lon="2.8627039957791567">
        <ele>125.35</ele>
      </trkpt>
      <trkpt lat="48.85629496537149" lon="2.8626069333404303">
        <ele>125.23</ele>
      </trkpt>
      <trkpt lat="48.85650996118784" lon="2.8623509500175714">
        <ele>125.28</ele>
      </trkpt>
      <trkpt lat="48.85661993175745" lon="2.8622169233858585">
        <ele>125.24</ele>
      </trkpt>
      <trkpt lat="48.85675295256078" lon="2.862053979188204">
        <ele>125.2</ele>
      </trkpt>
      <trkpt lat="48.85698094032705" lon="2.861742926761508">
        <ele>125.26</ele>
      </trkpt>
      <trkpt lat="48.85708663612604" lon="2.8615461196750402">
        <ele>125.36</ele>
      </trkpt>
      <trkpt lat="48.85719199664891" lon="2.8613499831408262">
        <ele>125.55</ele>
      </trkpt>
      <trkpt lat="48.85732996277511" lon="2.8611269406974316">
        <ele>125.85</ele>
      </trkpt>
      <trkpt lat="48.857160145416856" lon="2.8607284650206566">
        <ele>126.18</ele>
      </trkpt>
      <trkpt lat="48.8569903280586" lon="2.8603299893438816">
        <ele>126.52</ele>
      </trkpt>
      <trkpt lat="48.856820510700345" lon="2.859931429848075">
        <ele>126.84</ele>
      </trkpt>
      <trkpt lat="48.856651950627565" lon="2.8595359716564417">
        <ele>127.24</ele>
      </trkpt>
      <trkpt lat="48.85655296035111" lon="2.859248975291848">
        <ele>127.62</ele>
      </trkpt>
      <trkpt lat="48.856540974229574" lon="2.8592129331082106">
        <ele>128</ele>
      </trkpt>
      <trkpt lat="48.856584979221225" lon="2.8591679222881794">
        <ele>128.41</ele>
      </trkpt>
      <trkpt lat="48.85661699809134" lon="2.859104974195361">
        <ele>128.84</ele>
      </trkpt>
      <trkpt lat="48.85663493536413" lon="2.8590279445052147">
        <ele>129.3</ele>
      </trkpt>
      <trkpt lat="48.85663493536413" lon="2.8589469753205776">
        <ele>129.76</ele>
      </trkpt>
      <trkpt lat="48.85662395507097" lon="2.8588909842073917">
        <ele>130.23</ele>
      </trkpt>
      <trkpt lat="48.85660492815077" lon="2.8588409442454576">
        <ele>130.7</ele>
      </trkpt>
      <trkpt lat="48.85664097033441" lon="2.858773972839117">
        <ele>131.18</ele>
      </trkpt>
      <trkpt lat="48.85683828033507" lon="2.858421765267849">
        <ele>131.67</ele>
      </trkpt>
      <trkpt lat="48.85703559033573" lon="2.858069557696581">
        <ele>132.15</ele>
      </trkpt>
      <trkpt lat="48.857232900336385" lon="2.8577174339443445">
        <ele>132.68</ele>
      </trkpt>
      <trkpt lat="48.85743012651801" lon="2.8573652263730764">
        <ele>133.24</ele>
      </trkpt>
      <trkpt lat="48.85762743651867" lon="2.8570130188018084">
        <ele>133.76</ele>
      </trkpt>
      <trkpt lat="48.85782474651933" lon="2.8566608112305403">
        <ele>134.28</ele>
      </trkpt>
      <trkpt lat="48.858022056519985" lon="2.856308603659272">
        <ele>134.87</ele>
      </trkpt>
      <trkpt lat="48.85821936652064" lon="2.855956396088004">
        <ele>135.5</ele>
      </trkpt>
      <trkpt lat="48.858413994312286" lon="2.855608966201544">
        <ele>136.11</ele>
      </trkpt>
      <trkpt lat="48.85854994878173" lon="2.8553919587284327">
        <ele>136.63</ele>
      </trkpt>
      <trkpt lat="48.858722196891904" lon="2.855114098638296">
        <ele>137.08</ele>
      </trkpt>
      <trkpt lat="48.85889394208789" lon="2.854836992919445">
        <ele>137.52</ele>
      </trkpt>
      <trkpt lat="48.85900399647653" lon="2.85461294464767">
        <ele>137.94</ele>
      </trkpt>
      <trkpt lat="48.85910499840975" lon="2.854373976588249">
        <ele>138.33</ele>
      </trkpt>
      <trkpt lat="48.859163923189044" lon="2.854169961065054">
        <ele>138.7</ele>
      </trkpt>
      <trkpt lat="48.859210945665836" lon="2.853959994390607">
        <ele>139.04</ele>
      </trkpt>
      <trkpt lat="48.859264086931944" lon="2.8536902647465467">
        <ele>139.39</ele>
      </trkpt>
      <trkpt lat="48.859316976740956" lon="2.8534219600260258">
        <ele>139.71</ele>
      </trkpt>
      <trkpt lat="48.859385792165995" lon="2.8530410025268793">
        <ele>139.93</ele>
      </trkpt>
      <trkpt lat="48.859385875985026" lon="2.8530410025268793">
        <ele>140.11</ele>
      </trkpt>
      <trkpt lat="48.859454775229096" lon="2.852660045027733">
        <ele>140.27</ele>
      </trkpt>
      <trkpt lat="48.8595237582922" lon="2.8522790875285864">
        <ele>140.4</ele>
      </trkpt>
      <trkpt lat="48.859591986984015" lon="2.851901985704899">
        <ele>140.46</ele>
      </trkpt>
      <trkpt lat="48.85964496061206" lon="2.8516939468681812">
        <ele>140.47</ele>
      </trkpt>
      <trkpt lat="48.85966298170388" lon="2.8516219463199377">
        <ele>140.43</ele>
      </trkpt>
      <trkpt lat="48.85988191701472" lon="2.851575929671526">
        <ele>140.37</ele>
      </trkpt>
      <trkpt lat="48.8601419236511" lon="2.851523458957672">
        <ele>140.22</ele>
      </trkpt>
      <trkpt lat="48.86040193028748" lon="2.8514709882438183">
        <ele>139.98</ele>
      </trkpt>
      <trkpt lat="48.860603934153914" lon="2.85147693939507">
        <ele>139.72</ele>
      </trkpt>
      <trkpt lat="48.86080593802035" lon="2.8514829743653536">
        <ele>139.45</ele>
      </trkpt>
      <trkpt lat="48.861099975183606" lon="2.85147693939507">
        <ele>139.12</ele>
      </trkpt>
      <trkpt lat="48.86134145781398" lon="2.8514309227466583">
        <ele>138.79</ele>
      </trkpt>
      <trkpt lat="48.86158294044435" lon="2.8513849899172783">
        <ele>138.45</ele>
      </trkpt>
      <trkpt lat="48.86182341724634" lon="2.8513754345476627">
        <ele>138.13</ele>
      </trkpt>
      <trkpt lat="48.862063977867365" lon="2.851365962997079">
        <ele>137.75</ele>
      </trkpt>
      <trkpt lat="48.86228743940592" lon="2.851374428719282">
        <ele>137.33</ele>
      </trkpt>
      <trkpt lat="48.8625109847635" lon="2.851382978260517">
        <ele>136.9</ele>
      </trkpt>
      <trkpt lat="48.862684993073344" lon="2.851428994908929">
        <ele>136.5</ele>
      </trkpt>
      <trkpt lat="48.8627599272877" lon="2.851499989628792">
        <ele>136.11</ele>
      </trkpt>
      <trkpt lat="48.862819941714406" lon="2.8513869177550077">
        <ele>135.74</ele>
      </trkpt>
      <trkpt lat="48.86289252899587" lon="2.85094041377306">
        <ele>135.39</ele>
      </trkpt>
      <trkpt lat="48.86296511627734" lon="2.850493909791112">
        <ele>135</ele>
      </trkpt>
      <trkpt lat="48.8630377035588" lon="2.8500473219901323">
        <ele>134.6</ele>
      </trkpt>
      <trkpt lat="48.86311029084027" lon="2.8496008180081844">
        <ele>134.38</ele>
      </trkpt>
      <trkpt lat="48.863181956112385" lon="2.8491599299013615">
        <ele>134.26</ele>
      </trkpt>
      <trkpt lat="48.86324716731906" lon="2.8487463667988777">
        <ele>134.13</ele>
      </trkpt>
      <trkpt lat="48.863311959430575" lon="2.8483349829912186">
        <ele>133.94</ele>
      </trkpt>
      <trkpt lat="48.86337314732373" lon="2.8479389380663633">
        <ele>133.71</ele>
      </trkpt>
      <trkpt lat="48.86343425139785" lon="2.847542893141508">
        <ele>133.63</ele>
      </trkpt>
      <trkpt lat="48.86349493637681" lon="2.8471499495208263">
        <ele>133.64</ele>
      </trkpt>
      <trkpt lat="48.86353609152138" lon="2.8469178546220064">
        <ele>133.75</ele>
      </trkpt>
      <trkpt lat="48.86357699520886" lon="2.8466869331896305">
        <ele>133.87</ele>
      </trkpt>
      <trkpt lat="48.863285975530744" lon="2.8465169481933117">
        <ele>134.05</ele>
      </trkpt>
      <trkpt lat="48.863206934183836" lon="2.846444947645068">
        <ele>134.27</ele>
      </trkpt>
      <trkpt lat="48.86315396055579" lon="2.8463739529252052">
        <ele>134.54</ele>
      </trkpt>
      <trkpt lat="48.863116996362805" lon="2.8462879545986652">
        <ele>134.83</ele>
      </trkpt>
      <trkpt lat="48.86300719343126" lon="2.8459479846060276">
        <ele>135.23</ele>
      </trkpt>
      <trkpt lat="48.86289747431874" lon="2.84560801461339">
        <ele>135.58</ele>
      </trkpt>
      <trkpt lat="48.86278775520623" lon="2.8452679608017206">
        <ele>135.92</ele>
      </trkpt>
      <trkpt lat="48.86267895810306" lon="2.844930924475193">
        <ele>136.26</ele>
      </trkpt>
      <trkpt lat="48.86257770471275" lon="2.844607885926962">
        <ele>136.64</ele>
      </trkpt>
      <trkpt lat="48.86247653514147" lon="2.8442848473787308">
        <ele>137.05</ele>
      </trkpt>
      <trkpt lat="48.86237595230341" lon="2.8439639881253242">
        <ele>137.43</ele>
      </trkpt>
      <trkpt lat="48.86225575581193" lon="2.8437029756605625">
        <ele>137.79</ele>
      </trkpt>
      <trkpt lat="48.86213597841561" lon="2.8434429690241814">
        <ele>138.12</ele>
      </trkpt>
      <trkpt lat="48.86199792847037" lon="2.8431669529527426">
        <ele>138.5</ele>
      </trkpt>
      <trkpt lat="48.86184495873749" lon="2.8429979737848043">
        <ele>138.87</ele>
      </trkpt>
      <trkpt lat="48.861547568812966" lon="2.842860259115696">
        <ele>139.18</ele>
      </trkpt>
      <trkpt lat="48.86125026270747" lon="2.8427226282656193">
        <ele>139.47</ele>
      </trkpt>
      <trkpt lat="48.86095295660198" lon="2.8425849974155426">
        <ele>139.61</ele>
      </trkpt>
      <trkpt lat="48.86091984808445" lon="2.842837627977133">
        <ele>139.8</ele>
      </trkpt>
      <trkpt lat="48.86088699102402" lon="2.8430889174342155">
        <ele>139.97</ele>
      </trkpt>
      <trkpt lat="48.8608359452337" lon="2.8432409651577473">
        <ele>140.11</ele>
      </trkpt>
      <trkpt lat="48.860694291070104" lon="2.843467276543379">
        <ele>140.24</ele>
      </trkpt>
      <trkpt lat="48.86055297218263" lon="2.8436929173767567">
        <ele>140.32</ele>
      </trkpt>
      <trkpt lat="48.86046999134123" lon="2.8437669295817614">
        <ele>140.41</ele>
      </trkpt>
      <trkpt lat="48.860434954985976" lon="2.8437669295817614">
        <ele>140.46</ele>
      </trkpt>
      <trkpt lat="48.8601990044117" lon="2.843551514670253">
        <ele>140.48</ele>
      </trkpt>
      <trkpt lat="48.85996297001839" lon="2.8433360159397125">
        <ele>140.44</ele>
      </trkpt>
      <trkpt lat="48.85972701944411" lon="2.8431205172091722">
        <ele>140.37</ele>
      </trkpt>
      <trkpt lat="48.85949106886983" lon="2.8429051022976637">
        <ele>140.39</ele>
      </trkpt>
      <trkpt lat="48.85925511829555" lon="2.8426896035671234">
        <ele>140.43</ele>
      </trkpt>
      <trkpt lat="48.85901992209256" lon="2.8424749430269003">
        <ele>140.43</ele>
      </trkpt>
      <trkpt lat="48.858846332877874" lon="2.84230831079185">
        <ele>140.4</ele>
      </trkpt>
      <trkpt lat="48.85867299512029" lon="2.842141930013895">
        <ele>140.35</ele>
      </trkpt>
      <trkpt lat="48.85845799930394" lon="2.8419229947030544">
        <ele>140.23</ele>
      </trkpt>
      <trkpt lat="48.85819933377206" lon="2.8416997008025646">
        <ele>140.2</ele>
      </trkpt>
      <trkpt lat="48.85794066824019" lon="2.841476406902075">
        <ele>140.19</ele>
      </trkpt>
      <trkpt lat="48.857682002708316" lon="2.841253113001585">
        <ele>140.09</ele>
      </trkpt>
      <trkpt lat="48.857423420995474" lon="2.841029819101095">
        <ele>140.02</ele>
      </trkpt>
      <trkpt lat="48.8571647554636" lon="2.8408065252006054">
        <ele>139.95</ele>
      </trkpt>
      <trkpt lat="48.856906928122044" lon="2.840583985671401">
        <ele>139.89</ele>
      </trkpt>
      <trkpt lat="48.85673082433641" lon="2.840402852743864">
        <ele>139.81</ele>
      </trkpt>
      <trkpt lat="48.85655497200787" lon="2.8402219712734222">
        <ele>139.73</ele>
      </trkpt>
      <trkpt lat="48.85636579245329" lon="2.8400122560560703">
        <ele>139.65</ele>
      </trkpt>
      <trkpt lat="48.856176948174834" lon="2.839802959933877">
        <ele>139.57</ele>
      </trkpt>
      <trkpt lat="48.85595449246466" lon="2.8395406901836395">
        <ele>139.41</ele>
      </trkpt>
      <trkpt lat="48.85573203675449" lon="2.8392785042524338">
        <ele>139.28</ele>
      </trkpt>
      <trkpt lat="48.855509581044316" lon="2.8390162345021963">
        <ele>139.2</ele>
      </trkpt>
      <trkpt lat="48.85528796352446" lon="2.8387549705803394">
        <ele>139.11</ele>
      </trkpt>
      <trkpt lat="48.85506567545235" lon="2.8384586703032255">
        <ele>138.95</ele>
      </trkpt>
      <trkpt lat="48.854843974113464" lon="2.8381629567593336">
        <ele>138.74</ele>
      </trkpt>
      <trkpt lat="48.85471229441464" lon="2.8379792254418135">
        <ele>138.56</ele>
      </trkpt>
      <trkpt lat="48.85458094999194" lon="2.8377959970384836">
        <ele>138.36</ele>
      </trkpt>
      <trkpt lat="48.854383723810315" lon="2.8375344816595316">
        <ele>138.17</ele>
      </trkpt>
      <trkpt lat="48.85418649762869" lon="2.8372729662805796">
        <ele>137.98</ele>
      </trkpt>
      <trkpt lat="48.853989355266094" lon="2.8370115347206593">
        <ele>137.83</ele>
      </trkpt>
      <trkpt lat="48.85379212908447" lon="2.8367500193417072">
        <ele>137.68</ele>
      </trkpt>
      <trkpt lat="48.853595992550254" lon="2.8364899288862944">
        <ele>137.5</ele>
      </trkpt>
      <trkpt lat="48.85348493233323" lon="2.836383981630206">
        <ele>137.34</ele>
      </trkpt>
      <trkpt lat="48.85323992930353" lon="2.836277950555086">
        <ele>137.13</ele>
      </trkpt>
      <trkpt lat="48.85299492627382" lon="2.836171919479966">
        <ele>136.89</ele>
      </trkpt>
      <trkpt lat="48.85273475199938" lon="2.8360713366419077">
        <ele>136.7</ele>
      </trkpt>
      <trkpt lat="48.852474577724934" lon="2.835970753803849">
        <ele>136.54</ele>
      </trkpt>
      <trkpt lat="48.85221431963146" lon="2.8358701709657907">
        <ele>136.36</ele>
      </trkpt>
      <trkpt lat="48.85195414535701" lon="2.8357695881277323">
        <ele>136.16</ele>
      </trkpt>
      <trkpt lat="48.85169397108257" lon="2.835668921470642">
        <ele>136</ele>
      </trkpt>
      <trkpt lat="48.85151141323149" lon="2.8355934843420982">
        <ele>135.88</ele>
      </trkpt>
      <trkpt lat="48.85132893919945" lon="2.8355179633945227">
        <ele>135.82</ele>
      </trkpt>
      <trkpt lat="48.85117496363819" lon="2.8354119323194027">
        <ele>135.76</ele>
      </trkpt>
      <trkpt lat="48.85095627978444" lon="2.8352210763841867">
        <ele>135.72</ele>
      </trkpt>
      <trkpt lat="48.850737512111664" lon="2.835030136629939">
        <ele>135.71</ele>
      </trkpt>
      <trkpt lat="48.85051882825792" lon="2.8348391968756914">
        <ele>135.67</ele>
      </trkpt>
      <trkpt lat="48.85030006058514" lon="2.8346483409404755">
        <ele>135.62</ele>
      </trkpt>
      <trkpt lat="48.85008196346462" lon="2.83445798791945">
        <ele>135.62</ele>
      </trkpt>
      <trkpt lat="48.84992899373174" lon="2.8342999890446663">
        <ele>135.65</ele>
      </trkpt>
      <trkpt lat="48.849862944334745" lon="2.834176942706108">
        <ele>135.71</ele>
      </trkpt>
      <trkpt lat="48.849781304597855" lon="2.8339088894426823">
        <ele>135.79</ele>
      </trkpt>
      <trkpt lat="48.84969991631806" lon="2.8336419258266687">
        <ele>135.91</ele>
      </trkpt>
      <trkpt lat="48.849613750353456" lon="2.8333257604390383">
        <ele>136.04</ele>
      </trkpt>
      <trkpt lat="48.84952791966498" lon="2.8330109361559153">
        <ele>136.17</ele>
      </trkpt>
      <trkpt lat="48.84947184473276" lon="2.8327863849699497">
        <ele>136.3</ele>
      </trkpt>
      <trkpt lat="48.84941593743861" lon="2.8325629234313965">
        <ele>136.45</ele>
      </trkpt>
      <trkpt lat="48.84939992800355" lon="2.8323549684137106">
        <ele>136.56</ele>
      </trkpt>
      <trkpt lat="48.84941794909537" lon="2.8320499509572983">
        <ele>136.64</ele>
      </trkpt>
      <trkpt lat="48.84947276674211" lon="2.831740826368332">
        <ele>136.72</ele>
      </trkpt>
      <trkpt lat="48.84952758438885" lon="2.8314317017793655">
        <ele>136.82</ele>
      </trkpt>
      <trkpt lat="48.849581982940435" lon="2.831124924123287">
        <ele>136.91</ele>
      </trkpt>
      <trkpt lat="48.84966965764761" lon="2.8307691123336554">
        <ele>137.02</ele>
      </trkpt>
      <trkpt lat="48.84975699707866" lon="2.830414976924658">
        <ele>137.15</ele>
      </trkpt>
      <trkpt lat="48.84986068122089" lon="2.8300215303897858">
        <ele>137.26</ele>
      </trkpt>
      <trkpt lat="48.84996394626796" lon="2.8296299278736115">
        <ele>137.31</ele>
      </trkpt>
      <trkpt lat="48.84986495599151" lon="2.8295539878308773">
        <ele>137.33</ele>
      </trkpt>
      <trkpt lat="48.8499119784683" lon="2.829398922622204">
        <ele>137.4</ele>
      </trkpt>
      <trkpt lat="48.84970494545996" lon="2.8293689992278814">
        <ele>137.42</ele>
      </trkpt>
      <trkpt lat="48.84947997517884" lon="2.8293609526008368">
        <ele>137.51</ele>
      </trkpt>
      <trkpt lat="48.84921996854246" lon="2.829375956207514">
        <ele>137.63</ele>
      </trkpt>
      <trkpt lat="48.848940934985876" lon="2.8293319512158632">
        <ele>137.77</ele>
      </trkpt>
      <trkpt lat="48.848765920847654" lon="2.829293981194496">
        <ele>137.85</ele>
      </trkpt>
      <trkpt lat="48.84861194528639" lon="2.8292399179190397">
        <ele>137.89</ele>
      </trkpt>
      <trkpt lat="48.848530976101756" lon="2.8291899617761374">
        <ele>137.91</ele>
      </trkpt>
      <trkpt lat="48.84843894280493" lon="2.8291079867631197">
        <ele>137.92</ele>
      </trkpt>
      <trkpt lat="48.84832595475018" lon="2.828953927382827">
        <ele>137.88</ele>
      </trkpt>
      <trkpt lat="48.84827692061663" lon="2.8288529254496098">
        <ele>137.83</ele>
      </trkpt>
      <trkpt lat="48.84820492006838" lon="2.828649999573827">
        <ele>137.75</ele>
      </trkpt>
      <trkpt lat="48.848166950047016" lon="2.8285039868205786">
        <ele>137.7</ele>
      </trkpt>
      <trkpt lat="48.848073994740844" lon="2.8281609155237675">
        <ele>137.69</ele>
      </trkpt>
      <trkpt lat="48.84798103943467" lon="2.8278178442269564">
        <ele>137.59</ele>
      </trkpt>
      <trkpt lat="48.8478880841285" lon="2.827474856749177">
        <ele>137.53</ele>
      </trkpt>
      <trkpt lat="48.847795967012644" lon="2.827134970575571">
        <ele>137.45</ele>
      </trkpt>
      <trkpt lat="48.847755985334516" lon="2.826988957822323">
        <ele>137.37</ele>
      </trkpt>
      <trkpt lat="48.8477049395442" lon="2.826798940077424">
        <ele>137.29</ele>
      </trkpt>
      <trkpt lat="48.84761022403836" lon="2.8264526836574078">
        <ele>137.19</ele>
      </trkpt>
      <trkpt lat="48.84751592762768" lon="2.8261079359799623">
        <ele>137.11</ele>
      </trkpt>
      <trkpt lat="48.84747393429279" lon="2.8259509429335594">
        <ele>137.04</ele>
      </trkpt>
      <trkpt lat="48.847379721701145" lon="2.8256049379706383">
        <ele>136.96</ele>
      </trkpt>
      <trkpt lat="48.8472855091095" lon="2.8252588491886854">
        <ele>136.88</ele>
      </trkpt>
      <trkpt lat="48.84719129651785" lon="2.8249127604067326">
        <ele>136.8</ele>
      </trkpt>
      <trkpt lat="48.84709792211652" lon="2.8245699405670166">
        <ele>136.76</ele>
      </trkpt>
      <trkpt lat="48.84706296958029" lon="2.824441948905587">
        <ele>136.67</ele>
      </trkpt>
      <trkpt lat="48.84703597985208" lon="2.8243849519640207">
        <ele>136.58</ele>
      </trkpt>
      <trkpt lat="48.84695693850517" lon="2.82427498139441">
        <ele>136.47</ele>
      </trkpt>
      <trkpt lat="48.84687094017863" lon="2.8241379372775555">
        <ele>136.36</ele>
      </trkpt>
      <trkpt lat="48.84683498181403" lon="2.82395395450294">
        <ele>136.24</ele>
      </trkpt>
      <trkpt lat="48.84678234346211" lon="2.8236496914178133">
        <ele>136.11</ele>
      </trkpt>
      <trkpt lat="48.84672995656729" lon="2.8233469370752573">
        <ele>135.95</ele>
      </trkpt>
      <trkpt lat="48.84666793048382" lon="2.8230119962245226">
        <ele>135.76</ele>
      </trkpt>
      <trkpt lat="48.846595929935575" lon="2.8226989321410656">
        <ele>135.65</ele>
      </trkpt>
      <trkpt lat="48.84654697962105" lon="2.8225059807300568">
        <ele>135.5</ele>
      </trkpt>
      <trkpt lat="48.8464979454875" lon="2.822315962985158">
        <ele>135.35</ele>
      </trkpt>
      <trkpt lat="48.84645997546613" lon="2.8221319802105427">
        <ele>135.14</ele>
      </trkpt>
      <trkpt lat="48.84639895521104" lon="2.821923941373825">
        <ele>134.92</ele>
      </trkpt>
      <trkpt lat="48.84635838679969" lon="2.8216778486967087">
        <ele>134.69</ele>
      </trkpt>
      <trkpt lat="48.846317986026406" lon="2.8214329294860363">
        <ele>134.48</ele>
      </trkpt>
      <trkpt lat="48.84627942927182" lon="2.821042500436306">
        <ele>134.26</ele>
      </trkpt>
      <trkpt lat="48.84624095633626" lon="2.8206520713865757">
        <ele>134.12</ele>
      </trkpt>
      <trkpt lat="48.8462024834007" lon="2.8202616423368454">
        <ele>134.07</ele>
      </trkpt>
      <trkpt lat="48.84616392664611" lon="2.819871213287115">
        <ele>134</ele>
      </trkpt>
      <trkpt lat="48.846125956624746" lon="2.819485981017351">
        <ele>133.92</ele>
      </trkpt>
      <trkpt lat="48.846122939139605" lon="2.8194299899041653">
        <ele>133.84</ele>
      </trkpt>
      <trkpt lat="48.846104415133595" lon="2.8190765250474215">
        <ele>133.77</ele>
      </trkpt>
      <trkpt lat="48.84608597494662" lon="2.818724988028407">
        <ele>133.73</ele>
      </trkpt>
      <trkpt lat="48.84607499465346" lon="2.8185239899903536">
        <ele>133.7</ele>
      </trkpt>
      <trkpt lat="48.84606493636966" lon="2.8183319605886936">
        <ele>133.68</ele>
      </trkpt>
      <trkpt lat="48.846055967733264" lon="2.818171950057149">
        <ele>133.65</ele>
      </trkpt>
      <trkpt lat="48.846040377393365" lon="2.8179182298481464">
        <ele>133.61</ele>
      </trkpt>
      <trkpt lat="48.84602495469153" lon="2.817665934562683">
        <ele>133.54</ele>
      </trkpt>
      <trkpt lat="48.845996959134936" lon="2.817197972908616">
        <ele>133.54</ele>
      </trkpt>
      <trkpt lat="48.84598094969988" lon="2.8169307578355074">
        <ele>133.55</ele>
      </trkpt>
      <trkpt lat="48.84596494026482" lon="2.816664967685938">
        <ele>133.55</ele>
      </trkpt>
      <trkpt lat="48.84594499133527" lon="2.8163169510662556">
        <ele>133.55</ele>
      </trkpt>
      <trkpt lat="48.84592194110155" lon="2.8159179724752903">
        <ele>133.61</ele>
      </trkpt>
      <trkpt lat="48.84589956142008" lon="2.815546654164791">
        <ele>133.55</ele>
      </trkpt>
      <trkpt lat="48.845877181738615" lon="2.81517525203526">
        <ele>133.53</ele>
      </trkpt>
      <trkpt lat="48.84585496969521" lon="2.8148069512099028">
        <ele>133.53</ele>
      </trkpt>
      <trkpt lat="48.84583493694663" lon="2.8146979864686728">
        <ele>133.52</ele>
      </trkpt>
      <trkpt lat="48.84578498080373" lon="2.8146199509501457">
        <ele>133.5</ele>
      </trkpt>
      <trkpt lat="48.84576394222677" lon="2.814603941515088">
        <ele>133.5</ele>
      </trkpt>
      <trkpt lat="48.845542995259166" lon="2.814520290121436">
        <ele>133.47</ele>
      </trkpt>
      <trkpt lat="48.84532196447253" lon="2.814436638727784">
        <ele>133.47</ele>
      </trkpt>
      <trkpt lat="48.8451009336859" lon="2.814352987334132">
        <ele>133.46</ele>
      </trkpt>
      <trkpt lat="48.84497193619609" lon="2.81428593210876">
        <ele>133.46</ele>
      </trkpt>
      <trkpt lat="48.84479893371463" lon="2.814158946275711">
        <ele>133.46</ele>
      </trkpt>
      <trkpt lat="48.84461293928325" lon="2.813943950459361">
        <ele>133.49</ele>
      </trkpt>
      <trkpt lat="48.84451696649194" lon="2.8137809224426746">
        <ele>133.46</ele>
      </trkpt>
      <trkpt lat="48.844390735030174" lon="2.8135470673441887">
        <ele>133.46</ele>
      </trkpt>
      <trkpt lat="48.84426492266357" lon="2.813313966616988">
        <ele>133.5</ele>
      </trkpt>
      <trkpt lat="48.844123939052224" lon="2.8130499366670847">
        <ele>133.51</ele>
      </trkpt>
      <trkpt lat="48.843960240483284" lon="2.8127760998904705">
        <ele>133.45</ele>
      </trkpt>
      <trkpt lat="48.8437969610095" lon="2.81250293366611">
        <ele>133.32</ele>
      </trkpt>
      <trkpt lat="48.84368497878313" lon="2.812414923682809">
        <ele>133.27</ele>
      </trkpt>
      <trkpt lat="48.84350988082588" lon="2.8122768737375736">
        <ele>133.25</ele>
      </trkpt>
      <trkpt lat="48.84350996464491" lon="2.8122769575566053">
        <ele>133.21</ele>
      </trkpt>
      <trkpt lat="48.843204444274306" lon="2.8121684957295656">
        <ele>133.17</ele>
      </trkpt>
      <trkpt lat="48.842898923903704" lon="2.812059950083494">
        <ele>133.08</ele>
      </trkpt>
      <trkpt lat="48.84260295890272" lon="2.8119664918631315">
        <ele>133.04</ele>
      </trkpt>
      <trkpt lat="48.84230699390173" lon="2.811872949823737">
        <ele>132.99</ele>
      </trkpt>
      <trkpt lat="48.842061990872025" lon="2.8117689304053783">
        <ele>132.94</ele>
      </trkpt>
      <trkpt lat="48.84178698062897" lon="2.811672957614064">
        <ele>132.88</ele>
      </trkpt>
      <trkpt lat="48.84151197038591" lon="2.81157698482275">
        <ele>132.88</ele>
      </trkpt>
      <trkpt lat="48.84131348691881" lon="2.8115080017596483">
        <ele>132.82</ele>
      </trkpt>
      <trkpt lat="48.84111491963267" lon="2.811438934877515">
        <ele>132.73</ele>
      </trkpt>
      <trkpt lat="48.84101592935622" lon="2.811410939320922">
        <ele>132.62</ele>
      </trkpt>
      <trkpt lat="48.84073697961867" lon="2.8113314788788557">
        <ele>132.56</ele>
      </trkpt>
      <trkpt lat="48.84045794606209" lon="2.811251934617758">
        <ele>132.55</ele>
      </trkpt>
      <trkpt lat="48.84022400714457" lon="2.811270458623767">
        <ele>132.43</ele>
      </trkpt>
      <trkpt lat="48.83998998440802" lon="2.811288982629776">
        <ele>132.25</ele>
      </trkpt>
      <trkpt lat="48.83978462778032" lon="2.811380596831441">
        <ele>132.03</ele>
      </trkpt>
      <trkpt lat="48.839579271152616" lon="2.8114722948521376">
        <ele>131.84</ele>
      </trkpt>
      <trkpt lat="48.839373998343945" lon="2.811563992872834">
        <ele>131.73</ele>
      </trkpt>
      <trkpt lat="48.83922144770622" lon="2.8116284497082233">
        <ele>131.57</ele>
      </trkpt>
      <trkpt lat="48.83906898088753" lon="2.811692990362644">
        <ele>131.4</ele>
      </trkpt>
      <trkpt lat="48.838795982301235" lon="2.8117739595472813">
        <ele>131.16</ele>
      </trkpt>
      <trkpt lat="48.83852298371494" lon="2.8118549287319183">
        <ele>130.99</ele>
      </trkpt>
      <trkpt lat="48.83826800622046" lon="2.811930449679494">
        <ele>130.81</ele>
      </trkpt>
      <trkpt lat="48.83801294490695" lon="2.8120059706270695">
        <ele>130.62</ele>
      </trkpt>
      <trkpt lat="48.83772846311331" lon="2.812122479081154">
        <ele>130.42</ele>
      </trkpt>
      <trkpt lat="48.837443981319666" lon="2.8122389875352383">
        <ele>130.26</ele>
      </trkpt>
      <trkpt lat="48.837217669934034" lon="2.8123444318771362">
        <ele>130.08</ele>
      </trkpt>
      <trkpt lat="48.836991442367435" lon="2.812449960038066">
        <ele>129.97</ele>
      </trkpt>
      <trkpt lat="48.8367651309818" lon="2.8125554881989956">
        <ele>129.89</ele>
      </trkpt>
      <trkpt lat="48.836538987234235" lon="2.8126609325408936">
        <ele>129.79</ele>
      </trkpt>
      <trkpt lat="48.8363179564476" lon="2.812773920595646">
        <ele>129.63</ele>
      </trkpt>
      <trkpt lat="48.83614495396614" lon="2.812838964164257">
        <ele>129.47</ele>
      </trkpt>
      <trkpt lat="48.83597195148468" lon="2.8129039239138365">
        <ele>129.33</ele>
      </trkpt>
      <trkpt lat="48.83567196317017" lon="2.8130019921809435">
        <ele>129.18</ele>
      </trkpt>
      <trkpt lat="48.835449339821935" lon="2.8130549658089876">
        <ele>129.06</ele>
      </trkpt>
      <trkpt lat="48.83522663265467" lon="2.8131079394370317">
        <ele>128.91</ele>
      </trkpt>
      <trkpt lat="48.8350039254874" lon="2.8131609968841076">
        <ele>128.78</ele>
      </trkpt>
      <trkpt lat="48.83473997935653" lon="2.81321095302701">
        <ele>128.72</ele>
      </trkpt>
      <trkpt lat="48.83461995050311" lon="2.813243977725506">
        <ele>128.69</ele>
      </trkpt>
      <trkpt lat="48.83455398492515" lon="2.8132779244333506">
        <ele>128.64</ele>
      </trkpt>
      <trkpt lat="48.83443898521364" lon="2.813399964943528">
        <ele>128.6</ele>
      </trkpt>
      <trkpt lat="48.83426321670413" lon="2.8136793337762356">
        <ele>128.55</ele>
      </trkpt>
      <trkpt lat="48.83408795110881" lon="2.8139579482376575">
        <ele>128.55</ele>
      </trkpt>
      <trkpt lat="48.83395199663937" lon="2.8142139315605164">
        <ele>128.59</ele>
      </trkpt>
      <trkpt lat="48.83386599831283" lon="2.814350975677371">
        <ele>128.71</ele>
      </trkpt>
      <trkpt lat="48.83375393226743" lon="2.814522972330451">
        <ele>128.85</ele>
      </trkpt>
      <trkpt lat="48.83360096253455" lon="2.8147389739751816">
        <ele>129.01</ele>
      </trkpt>
      <trkpt lat="48.83354899473488" lon="2.814823966473341">
        <ele>129.19</ele>
      </trkpt>
      <trkpt lat="48.83349694311619" lon="2.81493091955781">
        <ele>129.41</ele>
      </trkpt>
      <trkpt lat="48.833400970324874" lon="2.815169971436262">
        <ele>129.69</ele>
      </trkpt>
      <trkpt lat="48.833294939249754" lon="2.8154569678008556">
        <ele>130.02</ele>
      </trkpt>
      <trkpt lat="48.83319024927914" lon="2.815773133188486">
        <ele>130.31</ele>
      </trkpt>
      <trkpt lat="48.83308597840369" lon="2.816087957471609">
        <ele>130.59</ele>
      </trkpt>
      <trkpt lat="48.8330299872905" lon="2.8161829244345427">
        <ele>130.81</ele>
      </trkpt>
      <trkpt lat="48.83299897424877" lon="2.816292978823185">
        <ele>131.07</ele>
      </trkpt>
      <trkpt lat="48.83294792845845" lon="2.8163989260792732">
        <ele>131.31</ele>
      </trkpt>
      <trkpt lat="48.832890931516886" lon="2.816504957154393">
        <ele>131.54</ele>
      </trkpt>
      <trkpt lat="48.83283594623208" lon="2.8165859263390303">
        <ele>131.76</ele>
      </trkpt>
      <trkpt lat="48.83272496983409" lon="2.8167449310421944">
        <ele>132.01</ele>
      </trkpt>
      <trkpt lat="48.83260292932391" lon="2.8168939612805843">
        <ele>132.29</ele>
      </trkpt>
      <trkpt lat="48.83247083052993" lon="2.8170425724238157">
        <ele>132.47</ele>
      </trkpt>
      <trkpt lat="48.83233898319304" lon="2.817190932109952">
        <ele>132.64</ele>
      </trkpt>
      <trkpt lat="48.832091968506575" lon="2.8174329176545143">
        <ele>132.81</ele>
      </trkpt>
      <trkpt lat="48.83195442147553" lon="2.8175515215843916">
        <ele>133.01</ele>
      </trkpt>
      <trkpt lat="48.831816958263516" lon="2.8176699578762054">
        <ele>133.18</ele>
      </trkpt>
      <trkpt lat="48.83164789527655" lon="2.817825525999069">
        <ele>133.41</ele>
      </trkpt>
      <trkpt lat="48.83147899992764" lon="2.8179809264838696">
        <ele>133.54</ele>
      </trkpt>
      <trkpt lat="48.83124983869493" lon="2.8181705251336098">
        <ele>133.65</ele>
      </trkpt>
      <trkpt lat="48.831020928919315" lon="2.8183599561452866">
        <ele>133.66</ele>
      </trkpt>
      <trkpt lat="48.83086586371064" lon="2.818481493741274">
        <ele>133.73</ele>
      </trkpt>
      <trkpt lat="48.83071096614003" lon="2.8186029475182295">
        <ele>133.8</ele>
      </trkpt>
      <trkpt lat="48.83053192868829" lon="2.8187325317412615">
        <ele>133.93</ele>
      </trkpt>
      <trkpt lat="48.830352975055575" lon="2.81886194832623">
        <ele>134.08</ele>
      </trkpt>
      <trkpt lat="48.830183409154415" lon="2.8189605195075274">
        <ele>134.16</ele>
      </trkpt>
      <trkpt lat="48.83001392707229" lon="2.8190589230507612">
        <ele>134.23</ele>
      </trkpt>
      <trkpt lat="48.82997092790902" lon="2.8191469330340624">
        <ele>134.31</ele>
      </trkpt>
      <trkpt lat="48.82993840612471" lon="2.819388583302498">
        <ele>134.43</ele>
      </trkpt>
      <trkpt lat="48.82990596815944" lon="2.8196289762854576">
        <ele>134.56</ele>
      </trkpt>
      <trkpt lat="48.82990496233106" lon="2.819736935198307">
        <ele>134.62</ele>
      </trkpt>
      <trkpt lat="48.82991594262421" lon="2.819855958223343">
        <ele>134.64</ele>
      </trkpt>
      <trkpt lat="48.82993798702955" lon="2.8199179843068123">
        <ele>134.62</ele>
      </trkpt>
      <trkpt lat="48.829667922109365" lon="2.820067936554551">
        <ele>134.58</ele>
      </trkpt>
      <trkpt lat="48.82950196042657" lon="2.820173967629671">
        <ele>134.55</ele>
      </trkpt>
      <trkpt lat="48.8294589612633" lon="2.8201989457011223">
        <ele>134.47</ele>
      </trkpt>
      <trkpt lat="48.8293569535017" lon="2.820206992328167">
        <ele>134.36</ele>
      </trkpt>
      <trkpt lat="48.829324934631586" lon="2.8201899770647287">
        <ele>134.22</ele>
      </trkpt>
      <trkpt lat="48.82929593324661" lon="2.8201629873365164">
        <ele>134.05</ele>
      </trkpt>
      <trkpt lat="48.82915595546365" lon="2.8200159687548876">
        <ele>133.77</ele>
      </trkpt>
      <trkpt lat="48.829109938815236" lon="2.819981938228011">
        <ele>133.52</ele>
      </trkpt>
      <trkpt lat="48.82906895130873" lon="2.819966934621334">
        <ele>133.25</ele>
      </trkpt>
      <trkpt lat="48.82898597046733" lon="2.819981938228011">
        <ele>132.98</ele>
      </trkpt>
      <trkpt lat="48.82891899906099" lon="2.8200339898467064">
        <ele>132.72</ele>
      </trkpt>
      <trkpt lat="48.82878698408604" lon="2.8201629873365164">
        <ele>132.4</ele>
      </trkpt>
      <trkpt lat="48.82857793942094" lon="2.820315957069397">
        <ele>132.12</ele>
      </trkpt>
      <trkpt lat="48.8283468503505" lon="2.820509411394596">
        <ele>131.74</ele>
      </trkpt>
      <trkpt lat="48.82811576128006" lon="2.8207027819007635">
        <ele>131.35</ele>
      </trkpt>
      <trkpt lat="48.827884923666716" lon="2.8208959847688675">
        <ele>130.97</ele>
      </trkpt>
      <trkpt lat="48.827708987519145" lon="2.82103193923831">
        <ele>130.67</ele>
      </trkpt>
      <trkpt lat="48.8275489769876" lon="2.8211279958486557">
        <ele>130.33</ele>
      </trkpt>
      <trkpt lat="48.82726742886007" lon="2.821265459060669">
        <ele>130.06</ele>
      </trkpt>
      <trkpt lat="48.82698596455157" lon="2.821402922272682">
        <ele>129.75</ele>
      </trkpt>
      <trkpt lat="48.82691999897361" lon="2.8214139863848686">
        <ele>129.49</ele>
      </trkpt>
      <trkpt lat="48.826833916828036" lon="2.8213859908282757">
        <ele>129.24</ele>
      </trkpt>
      <trkpt lat="48.826569970697165" lon="2.8211839869618416">
        <ele>128.95</ele>
      </trkpt>
      <trkpt lat="48.82651498541236" lon="2.8211809694767">
        <ele>128.75</ele>
      </trkpt>
      <trkpt lat="48.826237712055445" lon="2.8213097155094147">
        <ele>128.67</ele>
      </trkpt>
      <trkpt lat="48.82596043869853" lon="2.8214384615421295">
        <ele>128.51</ele>
      </trkpt>
      <trkpt lat="48.825683165341616" lon="2.8215672075748444">
        <ele>128.35</ele>
      </trkpt>
      <trkpt lat="48.82540597580373" lon="2.821695953607559">
        <ele>128.2</ele>
      </trkpt>
      <trkpt lat="48.825367921963334" lon="2.8217459935694933">
        <ele>128.14</ele>
      </trkpt>
      <trkpt lat="48.82533892057836" lon="2.8218419663608074">
        <ele>128.13</ele>
      </trkpt>
      <trkpt lat="48.82529298774898" lon="2.82206391915679">
        <ele>128.16</ele>
      </trkpt>
      <trkpt lat="48.82527396082878" lon="2.822128962725401">
        <ele>128.2</ele>
      </trkpt>
      <trkpt lat="48.825235990807414" lon="2.8222109377384186">
        <ele>128.26</ele>
      </trkpt>
      <trkpt lat="48.825176982209086" lon="2.822250919416547">
        <ele>128.3</ele>
      </trkpt>
      <trkpt lat="48.825000459328294" lon="2.822330966591835">
        <ele>128.34</ele>
      </trkpt>
      <trkpt lat="48.8248239364475" lon="2.8224109299480915">
        <ele>128.42</ele>
      </trkpt>
      <trkpt lat="48.82467096671462" lon="2.8224909771233797">
        <ele>128.54</ele>
      </trkpt>
      <trkpt lat="48.82441699504852" lon="2.8226639796048403">
        <ele>128.74</ele>
      </trkpt>
      <trkpt lat="48.824254889041185" lon="2.822767496109009">
        <ele>128.88</ele>
      </trkpt>
      <trkpt lat="48.82409295067191" lon="2.8228709287941456">
        <ele>128.99</ele>
      </trkpt>
      <trkpt lat="48.82380419410765" lon="2.823041332885623">
        <ele>129</ele>
      </trkpt>
      <trkpt lat="48.823515521362424" lon="2.8232117369771004">
        <ele>128.96</ele>
      </trkpt>
      <trkpt lat="48.82322693243623" lon="2.8233819734305143">
        <ele>129.07</ele>
      </trkpt>
      <trkpt lat="48.82295921444893" lon="2.8235323447734118">
        <ele>129.23</ele>
      </trkpt>
      <trkpt lat="48.82269149646163" lon="2.823682716116309">
        <ele>129.29</ele>
      </trkpt>
      <trkpt lat="48.822423946112394" lon="2.823832919821143">
        <ele>129.28</ele>
      </trkpt>
      <trkpt lat="48.82224792614579" lon="2.823913972824812">
        <ele>129.28</ele>
      </trkpt>
      <trkpt lat="48.82209797389805" lon="2.8240089397877455">
        <ele>129.27</ele>
      </trkpt>
      <trkpt lat="48.82193896919489" lon="2.824128968641162">
        <ele>129.2</ele>
      </trkpt>
      <trkpt lat="48.821757500991225" lon="2.8242940921336412">
        <ele>129.11</ele>
      </trkpt>
      <trkpt lat="48.82157611660659" lon="2.824459131807089">
        <ele>129.04</ele>
      </trkpt>
      <trkpt lat="48.821394983679056" lon="2.8246239200234413">
        <ele>128.94</ele>
      </trkpt>
      <trkpt lat="48.82132298313081" lon="2.824689969420433">
        <ele>128.85</ele>
      </trkpt>
      <trkpt lat="48.821154339239" lon="2.824842520058155">
        <ele>128.77</ele>
      </trkpt>
      <trkpt lat="48.820985946804285" lon="2.8249949868768454">
        <ele>128.63</ele>
      </trkpt>
      <trkpt lat="48.82091495208442" lon="2.8250679932534695">
        <ele>128.5</ele>
      </trkpt>
      <trkpt lat="48.82086499594152" lon="2.825132953003049">
        <ele>128.38</ele>
      </trkpt>
      <trkpt lat="48.82079693488777" lon="2.825241917744279">
        <ele>128.25</ele>
      </trkpt>
      <trkpt lat="48.82074396125972" lon="2.8252729307860136">
        <ele>128.12</ele>
      </trkpt>
      <trkpt lat="48.82069794461131" lon="2.825301932170987">
        <ele>128</ele>
      </trkpt>
      <trkpt lat="48.8206519279629" lon="2.8253309335559607">
        <ele>127.88</ele>
      </trkpt>
      <trkpt lat="48.820514967665076" lon="2.8254149202257395">
        <ele>127.78</ele>
      </trkpt>
      <trkpt lat="48.820268120616674" lon="2.8256444167345762">
        <ele>127.68</ele>
      </trkpt>
      <trkpt lat="48.820021357387304" lon="2.825873913243413">
        <ele>127.58</ele>
      </trkpt>
      <trkpt lat="48.8197745103389" lon="2.8261034097522497">
        <ele>127.49</ele>
      </trkpt>
      <trkpt lat="48.8195276632905" lon="2.8263329062610865">
        <ele>127.38</ele>
      </trkpt>
      <trkpt lat="48.81928090006113" lon="2.8265623189508915">
        <ele>127.34</ele>
      </trkpt>
      <trkpt lat="48.81903497502208" lon="2.826790977269411">
        <ele>127.31</ele>
      </trkpt>
      <trkpt lat="48.81899398751557" lon="2.82681193202734">
        <ele>127.24</ele>
      </trkpt>
      <trkpt lat="48.81894797086716" lon="2.826813943684101">
        <ele>127.17</ele>
      </trkpt>
      <trkpt lat="48.818856943398714" lon="2.826800951734185">
        <ele>127.1</ele>
      </trkpt>
      <trkpt lat="48.818753929808736" lon="2.8267749678343534">
        <ele>127.03</ele>
      </trkpt>
      <trkpt lat="48.8184966892004" lon="2.8266439586877823">
        <ele>126.92</ele>
      </trkpt>
      <trkpt lat="48.8182395324111" lon="2.826512949541211">
        <ele>126.8</ele>
      </trkpt>
      <trkpt lat="48.817982291802764" lon="2.82638194039464">
        <ele>126.72</ele>
      </trkpt>
      <trkpt lat="48.81772505119443" lon="2.826250931248069">
        <ele>126.63</ele>
      </trkpt>
      <trkpt lat="48.81746797822416" lon="2.8261199221014977">
        <ele>126.56</ele>
      </trkpt>
      <trkpt lat="48.81721694022417" lon="2.825984973460436">
        <ele>126.55</ele>
      </trkpt>
      <trkpt lat="48.81696590222418" lon="2.8258499410003424">
        <ele>126.55</ele>
      </trkpt>
      <trkpt lat="48.816714864224195" lon="2.825714908540249">
        <ele>126.5</ele>
      </trkpt>
      <trkpt lat="48.81646382622421" lon="2.8255798760801554">
        <ele>126.44</ele>
      </trkpt>
      <trkpt lat="48.816212955862284" lon="2.8254449274390936">
        <ele>126.38</ele>
      </trkpt>
      <trkpt lat="48.81612528115511" lon="2.8258620109409094">
        <ele>126.34</ele>
      </trkpt>
      <trkpt lat="48.81603794172406" lon="2.8262769989669323">
        <ele>126.29</ele>
      </trkpt>
      <trkpt lat="48.81597734056413" lon="2.8265546075999737">
        <ele>126.24</ele>
      </trkpt>
      <trkpt lat="48.8159169908613" lon="2.8268309589475393">
        <ele>126.18</ele>
      </trkpt>
      <trkpt lat="48.815654972568154" lon="2.8267289511859417">
        <ele>126.06</ele>
      </trkpt>
      <trkpt lat="48.81539295427501" lon="2.826626943424344">
        <ele>125.95</ele>
      </trkpt>
      <trkpt lat="48.81513093598187" lon="2.8265249356627464">
        <ele>125.84</ele>
      </trkpt>
      <trkpt lat="48.81486891768873" lon="2.826422927901149">
        <ele>125.76</ele>
      </trkpt>
      <trkpt lat="48.81472793407738" lon="2.826363919302821">
        <ele>125.68</ele>
      </trkpt>
      <trkpt lat="48.814645959064364" lon="2.826332990080118">
        <ele>125.62</ele>
      </trkpt>
      <trkpt lat="48.81439559161663" lon="2.826232323423028">
        <ele>125.52</ele>
      </trkpt>
      <trkpt lat="48.81414530798793" lon="2.826131656765938">
        <ele>125.45</ele>
      </trkpt>
      <trkpt lat="48.813894940540195" lon="2.8260309901088476">
        <ele>125.41</ele>
      </trkpt>
      <trkpt lat="48.81372998468578" lon="2.825965443626046">
        <ele>125.42</ele>
      </trkpt>
      <trkpt lat="48.81356494501233" lon="2.8258999809622765">
        <ele>125.46</ele>
      </trkpt>
      <trkpt lat="48.8134509511292" lon="2.8258829656988382">
        <ele>125.5</ele>
      </trkpt>
      <trkpt lat="48.81337392143905" lon="2.825900986790657">
        <ele>125.55</ele>
      </trkpt>
      <trkpt lat="48.813291946426034" lon="2.825973993167281">
        <ele>125.59</ele>
      </trkpt>
      <trkpt lat="48.81305331364274" lon="2.826179601252079">
        <ele>125.68</ele>
      </trkpt>
      <trkpt lat="48.81281493231654" lon="2.8263849578797817">
        <ele>125.72</ele>
      </trkpt>
      <trkpt lat="48.812630865722895" lon="2.826545722782612">
        <ele>125.78</ele>
      </trkpt>
      <trkpt lat="48.81244679912925" lon="2.826706487685442">
        <ele>125.87</ele>
      </trkpt>
      <trkpt lat="48.812262983992696" lon="2.8268669173121452">
        <ele>125.92</ele>
      </trkpt>
      <trkpt lat="48.81216399371624" lon="2.8270149417221546">
        <ele>125.93</ele>
      </trkpt>
      <trkpt lat="48.8121229223907" lon="2.8271419275552034">
        <ele>125.93</ele>
      </trkpt>
      <trkpt lat="48.81210993044078" lon="2.8271969966590405">
        <ele>125.95</ele>
      </trkpt>
      <trkpt lat="48.812090987339616" lon="2.8273689933121204">
        <ele>125.96</ele>
      </trkpt>
      <trkpt lat="48.81207841448486" lon="2.827627155929804">
        <ele>125.92</ele>
      </trkpt>
      <trkpt lat="48.81206592544913" lon="2.82788397744298">
        <ele>125.96</ele>
      </trkpt>
      <trkpt lat="48.81204396486282" lon="2.828267952427268">
        <ele>125.96</ele>
      </trkpt>
      <trkpt lat="48.81202292628586" lon="2.8287189826369286">
        <ele>125.93</ele>
      </trkpt>
      <trkpt lat="48.81199895404279" lon="2.8290739562362432">
        <ele>125.9</ele>
      </trkpt>
      <trkpt lat="48.81199199706316" lon="2.829215945675969">
        <ele>125.85</ele>
      </trkpt>
      <trkpt lat="48.812067937105894" lon="2.8293179534375668">
        <ele>125.79</ele>
      </trkpt>
      <trkpt lat="48.81214295513928" lon="2.8293969947844744">
        <ele>125.73</ele>
      </trkpt>
      <trkpt lat="48.812179919332266" lon="2.829441921785474">
        <ele>125.65</ele>
      </trkpt>
      <trkpt lat="48.81205796264112" lon="2.829668987542391">
        <ele>125.53</ele>
      </trkpt>
      <trkpt lat="48.81188395433128" lon="2.8300219494849443">
        <ele>125.33</ele>
      </trkpt>
      <trkpt lat="48.811832992359996" lon="2.8301209397614002">
        <ele>125.18</ele>
      </trkpt>
      <trkpt lat="48.811724949628115" lon="2.8303219377994537">
        <ele>125.05</ele>
      </trkpt>
      <trkpt lat="48.8115496840328" lon="2.830662662163377">
        <ele>124.95</ele>
      </trkpt>
      <trkpt lat="48.81137441843748" lon="2.831003302708268">
        <ele>124.85</ele>
      </trkpt>
      <trkpt lat="48.81119906902313" lon="2.8313440270721912">
        <ele>124.72</ele>
      </trkpt>
      <trkpt lat="48.811023803427815" lon="2.8316847514361143">
        <ele>124.54</ele>
      </trkpt>
      <trkpt lat="48.8108485378325" lon="2.8320253919810057">
        <ele>124.39</ele>
      </trkpt>
      <trkpt lat="48.81067327223718" lon="2.8323661163449287">
        <ele>124.24</ele>
      </trkpt>
      <trkpt lat="48.810498006641865" lon="2.83270675688982">
        <ele>124.09</ele>
      </trkpt>
      <trkpt lat="48.81032492034137" lon="2.8330429550260305">
        <ele>123.9</ele>
      </trkpt>
      <trkpt lat="48.81010632030666" lon="2.8328232653439045">
        <ele>123.81</ele>
      </trkpt>
      <trkpt lat="48.80988797172904" lon="2.832603994756937">
        <ele>123.68</ele>
      </trkpt>
      <trkpt lat="48.80978194065392" lon="2.8325899969786406">
        <ele>123.53</ele>
      </trkpt>
      <trkpt lat="48.809505589306355" lon="2.832681192085147">
        <ele>123.36</ele>
      </trkpt>
      <trkpt lat="48.80922915413976" lon="2.8327723871916533">
        <ele>123.21</ele>
      </trkpt>
      <trkpt lat="48.80895280279219" lon="2.8328635822981596">
        <ele>123.13</ele>
      </trkpt>
      <trkpt lat="48.808676451444626" lon="2.832954777404666">
        <ele>123.07</ele>
      </trkpt>
      <trkpt lat="48.80840001627803" lon="2.8330458886921406">
        <ele>122.99</ele>
      </trkpt>
      <trkpt lat="48.808399932459" lon="2.8330459725111723">
        <ele>122.99</ele>
      </trkpt>
      <trkpt lat="48.80810799077153" lon="2.8331669233739376">
        <ele>122.97</ele>
      </trkpt>
      <trkpt lat="48.807884864509106" lon="2.8333315439522266">
        <ele>123.07</ele>
      </trkpt>
      <trkpt lat="48.807661989703774" lon="2.8334959968924522">
        <ele>123.24</ele>
      </trkpt>
      <trkpt lat="48.807444646954536" lon="2.833673022687435">
        <ele>123.41</ele>
      </trkpt>
      <trkpt lat="48.80722722038627" lon="2.8338501323014498">
        <ele>123.53</ele>
      </trkpt>
      <trkpt lat="48.80700987763703" lon="2.8340272419154644">
        <ele>123.67</ele>
      </trkpt>
      <trkpt lat="48.80679295398295" lon="2.8342039324343204">
        <ele>123.8</ele>
      </trkpt>
      <trkpt lat="48.80653370171785" lon="2.8343944530934095">
        <ele>123.95</ele>
      </trkpt>
      <trkpt lat="48.806274365633726" lon="2.834584889933467">
        <ele>124.21</ele>
      </trkpt>
      <trkpt lat="48.8060150295496" lon="2.834775410592556">
        <ele>124.46</ele>
      </trkpt>
      <trkpt lat="48.8057557772845" lon="2.8349658474326134">
        <ele>124.68</ele>
      </trkpt>
      <trkpt lat="48.805496441200376" lon="2.8351563680917025">
        <ele>125</ele>
      </trkpt>
      <trkpt lat="48.80523718893528" lon="2.83534680493176">
        <ele>125.35</ele>
      </trkpt>
      <trkpt lat="48.80497785285115" lon="2.835537325590849">
        <ele>125.71</ele>
      </trkpt>
      <trkpt lat="48.80471860058606" lon="2.8357277624309063">
        <ele>126.05</ele>
      </trkpt>
      <trkpt lat="48.80445926450193" lon="2.8359182830899954">
        <ele>126.34</ele>
      </trkpt>
      <trkpt lat="48.80420093424618" lon="2.8361079655587673">
        <ele>126.45</ele>
      </trkpt>
      <trkpt lat="48.80402089096606" lon="2.836420862004161">
        <ele>126.59</ele>
      </trkpt>
      <trkpt lat="48.80384084768593" lon="2.8367336746305227">
        <ele>126.78</ele>
      </trkpt>
      <trkpt lat="48.80366080440581" lon="2.8370465710759163">
        <ele>126.91</ele>
      </trkpt>
      <trkpt lat="48.80348067730665" lon="2.837359383702278">
        <ele>126.96</ele>
      </trkpt>
      <trkpt lat="48.803301975131035" lon="2.8376699332147837">
        <ele>127.02</ele>
      </trkpt>
      <trkpt lat="48.80306661128998" lon="2.8378234896808863">
        <ele>127.09</ele>
      </trkpt>
      <trkpt lat="48.80283133126795" lon="2.837977046146989">
        <ele>127.07</ele>
      </trkpt>
      <trkpt lat="48.80259605124593" lon="2.8381306026130915">
        <ele>127.13</ele>
      </trkpt>
      <trkpt lat="48.802360938861966" lon="2.8382839914411306">
        <ele>127.18</ele>
      </trkpt>
      <trkpt lat="48.80208861082792" lon="2.838461771607399">
        <ele>127.2</ele>
      </trkpt>
      <trkpt lat="48.80181628279388" lon="2.8386395517736673">
        <ele>127.12</ele>
      </trkpt>
      <trkpt lat="48.801543954759836" lon="2.8388173319399357">
        <ele>126.98</ele>
      </trkpt>
      <trkpt lat="48.80127162672579" lon="2.8389951959252357">
        <ele>126.83</ele>
      </trkpt>
      <trkpt lat="48.80099929869175" lon="2.839172976091504">
        <ele>126.76</ele>
      </trkpt>
      <trkpt lat="48.80072705447674" lon="2.8393507562577724">
        <ele>126.68</ele>
      </trkpt>
      <trkpt lat="48.800454726442695" lon="2.8395286202430725">
        <ele>126.58</ele>
      </trkpt>
      <trkpt lat="48.80018298514187" lon="2.8397059813141823">
        <ele>126.4</ele>
      </trkpt>
      <trkpt lat="48.79989590495825" lon="2.8398934844881296">
        <ele>126.18</ele>
      </trkpt>
      <trkpt lat="48.79960882477462" lon="2.840080987662077">
        <ele>126.06</ele>
      </trkpt>
      <trkpt lat="48.799321744591" lon="2.8402684908360243">
        <ele>126.04</ele>
      </trkpt>
      <trkpt lat="48.79903466440737" lon="2.8404559940099716">
        <ele>125.97</ele>
      </trkpt>
      <trkpt lat="48.79874758422375" lon="2.840643497183919">
        <ele>126.01</ele>
      </trkpt>
      <trkpt lat="48.79846050404012" lon="2.840831084176898">
        <ele>126.03</ele>
      </trkpt>
      <trkpt lat="48.7981734238565" lon="2.8410185873508453">
        <ele>125.93</ele>
      </trkpt>
      <trkpt lat="48.79788634367287" lon="2.8412060905247927">
        <ele>125.88</ele>
      </trkpt>
      <trkpt lat="48.797599263489246" lon="2.84139359369874">
        <ele>125.77</ele>
      </trkpt>
      <trkpt lat="48.79731218330562" lon="2.8415810968726873">
        <ele>125.73</ele>
      </trkpt>
      <trkpt lat="48.79702594131231" lon="2.841767929494381">
        <ele>125.8</ele>
      </trkpt>
      <trkpt lat="48.79683483392" lon="2.842141594737768">
        <ele>125.84</ele>
      </trkpt>
      <trkpt lat="48.79664372652769" lon="2.8425152599811554">
        <ele>125.87</ele>
      </trkpt>
      <trkpt lat="48.79645261913538" lon="2.8428889252245426">
        <ele>125.87</ele>
      </trkpt>
      <trkpt lat="48.79626151174307" lon="2.843262506648898">
        <ele>125.85</ele>
      </trkpt>
      <trkpt lat="48.79607040435076" lon="2.8436361718922853">
        <ele>125.78</ele>
      </trkpt>
      <trkpt lat="48.79587929695845" lon="2.8440098371356726">
        <ele>125.69</ele>
      </trkpt>
      <trkpt lat="48.795688189566135" lon="2.84438350237906">
        <ele>125.62</ele>
      </trkpt>
      <trkpt lat="48.795497082173824" lon="2.8447570838034153">
        <ele>125.59</ele>
      </trkpt>
      <trkpt lat="48.79530597478151" lon="2.8451307490468025">
        <ele>125.58</ele>
      </trkpt>
      <trkpt lat="48.7951148673892" lon="2.845504330471158">
        <ele>125.56</ele>
      </trkpt>
      <trkpt lat="48.79492375999689" lon="2.8458779957145452">
        <ele>125.55</ele>
      </trkpt>
      <trkpt lat="48.79473265260458" lon="2.8462516609579325">
        <ele>125.6</ele>
      </trkpt>
      <trkpt lat="48.79454154521227" lon="2.846625242382288">
        <ele>125.67</ele>
      </trkpt>
      <trkpt lat="48.79435043781996" lon="2.846998907625675">
        <ele>125.65</ele>
      </trkpt>
      <trkpt lat="48.79415933042765" lon="2.8473724890500307">
        <ele>125.66</ele>
      </trkpt>
      <trkpt lat="48.793968223035336" lon="2.847746154293418">
        <ele>125.74</ele>
      </trkpt>
      <trkpt lat="48.793777115643024" lon="2.8481197357177734">
        <ele>125.88</ele>
      </trkpt>
      <trkpt lat="48.79358600825071" lon="2.8484934009611607">
        <ele>125.91</ele>
      </trkpt>
      <trkpt lat="48.793394984677434" lon="2.848866982385516">
        <ele>125.82</ele>
      </trkpt>
      <trkpt lat="48.79320999607444" lon="2.8492279909551144">
        <ele>125.87</ele>
      </trkpt>
      <trkpt lat="48.79311326891184" lon="2.849416835233569">
        <ele>125.89</ele>
      </trkpt>
      <trkpt lat="48.7930169608444" lon="2.849605092778802">
        <ele>125.91</ele>
      </trkpt>
      <trkpt lat="48.79292031750083" lon="2.8497939370572567">
        <ele>125.93</ele>
      </trkpt>
      <trkpt lat="48.79282400943339" lon="2.8499821946024895">
        <ele>125.95</ele>
      </trkpt>
      <trkpt lat="48.79272736608982" lon="2.8501710388809443">
        <ele>126.02</ele>
      </trkpt>
      <trkpt lat="48.79263105802238" lon="2.8503593802452087">
        <ele>126.07</ele>
      </trkpt>
      <trkpt lat="48.79253441467881" lon="2.8505482245236635">
        <ele>126.16</ele>
      </trkpt>
      <trkpt lat="48.79243810661137" lon="2.8507364820688963">
        <ele>126.23</ele>
      </trkpt>
      <trkpt lat="48.7923414632678" lon="2.850925326347351">
        <ele>126.29</ele>
      </trkpt>
      <trkpt lat="48.79224515520036" lon="2.8511136677116156">
        <ele>126.33</ele>
      </trkpt>
      <trkpt lat="48.792148511856794" lon="2.8513025119900703">
        <ele>126.39</ele>
      </trkpt>
      <trkpt lat="48.79205220378935" lon="2.851490769535303">
        <ele>126.46</ele>
      </trkpt>
      <trkpt lat="48.791955560445786" lon="2.851679613813758">
        <ele>126.46</ele>
      </trkpt>
      <trkpt lat="48.791859252378345" lon="2.8518678713589907">
        <ele>126.52</ele>
      </trkpt>
      <trkpt lat="48.79176260903478" lon="2.8520567156374454">
        <ele>126.57</ele>
      </trkpt>
      <trkpt lat="48.791666300967336" lon="2.85224505700171">
        <ele>126.63</ele>
      </trkpt>
      <trkpt lat="48.79156965762377" lon="2.8524339012801647">
        <ele>126.62</ele>
      </trkpt>
      <trkpt lat="48.79147334955633" lon="2.8526221588253975">
        <ele>126.66</ele>
      </trkpt>
      <trkpt lat="48.79137670621276" lon="2.8528110031038523">
        <ele>126.68</ele>
      </trkpt>
      <trkpt lat="48.79128039814532" lon="2.852999260649085">
        <ele>126.65</ele>
      </trkpt>
      <trkpt lat="48.79118367098272" lon="2.85318810492754">
        <ele>126.61</ele>
      </trkpt>
      <trkpt lat="48.79108736291528" lon="2.8533763624727726">
        <ele>126.57</ele>
      </trkpt>
      <trkpt lat="48.79099071957171" lon="2.8535652067512274">
        <ele>126.46</ele>
      </trkpt>
      <trkpt lat="48.79089441150427" lon="2.853753548115492">
        <ele>126.31</ele>
      </trkpt>
      <trkpt lat="48.7907977681607" lon="2.8539423923939466">
        <ele>126.13</ele>
      </trkpt>
      <trkpt lat="48.79070146009326" lon="2.8541306499391794">
        <ele>125.92</ele>
      </trkpt>
      <trkpt lat="48.79060481674969" lon="2.854319494217634">
        <ele>125.7</ele>
      </trkpt>
      <trkpt lat="48.79050850868225" lon="2.854507751762867">
        <ele>125.59</ele>
      </trkpt>
      <trkpt lat="48.79041186533868" lon="2.8546965960413218">
        <ele>125.45</ele>
      </trkpt>
      <trkpt lat="48.79031555727124" lon="2.8548848535865545">
        <ele>125.29</ele>
      </trkpt>
      <trkpt lat="48.790218913927674" lon="2.8550736978650093">
        <ele>125.12</ele>
      </trkpt>
      <trkpt lat="48.79012260586023" lon="2.855261955410242">
        <ele>124.99</ele>
      </trkpt>
      <trkpt lat="48.790025962516665" lon="2.855450799688697">
        <ele>124.88</ele>
      </trkpt>
      <trkpt lat="48.789929654449224" lon="2.8556391410529613">
        <ele>124.78</ele>
      </trkpt>
      <trkpt lat="48.78983301110566" lon="2.855827985331416">
        <ele>124.76</ele>
      </trkpt>
      <trkpt lat="48.789736703038216" lon="2.856016242876649">
        <ele>124.77</ele>
      </trkpt>
      <trkpt lat="48.78964005969465" lon="2.8562050871551037">
        <ele>124.75</ele>
      </trkpt>
      <trkpt lat="48.78954375162721" lon="2.8563933447003365">
        <ele>124.71</ele>
      </trkpt>
      <trkpt lat="48.78944710828364" lon="2.8565821889787912">
        <ele>124.62</ele>
      </trkpt>
      <trkpt lat="48.7893508002162" lon="2.856770446524024">
        <ele>124.55</ele>
      </trkpt>
      <trkpt lat="48.7892540730536" lon="2.856959290802479">
        <ele>124.46</ele>
      </trkpt>
      <trkpt lat="48.78915776498616" lon="2.8571475483477116">
        <ele>124.32</ele>
      </trkpt>
      <trkpt lat="48.78906112164259" lon="2.8573363926261663">
        <ele>124.17</ele>
      </trkpt>
      <trkpt lat="48.78896481357515" lon="2.857524650171399">
        <ele>124.07</ele>
      </trkpt>
      <trkpt lat="48.788778986781836" lon="2.8578869998455048">
        <ele>124.08</ele>
      </trkpt>
      <trkpt lat="48.78889046609402" lon="2.85832604393363">
        <ele>124.03</ele>
      </trkpt>
      <trkpt lat="48.78900202922523" lon="2.858765088021755">
        <ele>124.04</ele>
      </trkpt>
      <trkpt lat="48.78911359235644" lon="2.859204215928912">
        <ele>124.01</ele>
      </trkpt>
      <trkpt lat="48.78922515548766" lon="2.8596432600170374">
        <ele>124.06</ele>
      </trkpt>
      <trkpt lat="48.78933663479984" lon="2.8600823879241943">
        <ele>124.15</ele>
      </trkpt>
      <trkpt lat="48.78944819793105" lon="2.8605214320123196">
        <ele>124.26</ele>
      </trkpt>
      <trkpt lat="48.789559761062264" lon="2.8609605599194765">
        <ele>124.3</ele>
      </trkpt>
      <trkpt lat="48.789671240374446" lon="2.8613996040076017">
        <ele>124.34</ele>
      </trkpt>
      <trkpt lat="48.78978280350566" lon="2.8618387319147587">
        <ele>124.36</ele>
      </trkpt>
      <trkpt lat="48.78989436663687" lon="2.862277776002884">
        <ele>124.33</ele>
      </trkpt>
      <trkpt lat="48.790005929768085" lon="2.862716903910041">
        <ele>124.35</ele>
      </trkpt>
      <trkpt lat="48.79011740908027" lon="2.863156031817198">
        <ele>124.38</ele>
      </trkpt>
      <trkpt lat="48.79022897221148" lon="2.863595075905323">
        <ele>124.42</ele>
      </trkpt>
      <trkpt lat="48.79034053534269" lon="2.86403420381248">
        <ele>124.4</ele>
      </trkpt>
      <trkpt lat="48.79044799134135" lon="2.864457992836833">
        <ele>124.38</ele>
      </trkpt>
      <trkpt lat="48.79054522141814" lon="2.8648457396775484">
        <ele>124.38</ele>
      </trkpt>
      <trkpt lat="48.79064245149493" lon="2.865233486518264">
        <ele>124.43</ele>
      </trkpt>
      <trkpt lat="48.79073968157172" lon="2.8656212333589792">
        <ele>124.54</ele>
      </trkpt>
      <trkpt lat="48.79083691164851" lon="2.8660090640187263">
        <ele>124.6</ele>
      </trkpt>
      <trkpt lat="48.7909341417253" lon="2.8663968108594418">
        <ele>124.66</ele>
      </trkpt>
      <trkpt lat="48.79103137180209" lon="2.866784557700157">
        <ele>124.65</ele>
      </trkpt>
      <trkpt lat="48.79112692549825" lon="2.867165934294462">
        <ele>124.67</ele>
      </trkpt>
      <trkpt lat="48.79122122190893" lon="2.867540353909135">
        <ele>124.7</ele>
      </trkpt>
      <trkpt lat="48.791314931586385" lon="2.86791292950511">
        <ele>124.81</ele>
      </trkpt>
      <trkpt lat="48.79139447584748" lon="2.8682487923651934">
        <ele>124.92</ele>
      </trkpt>
      <trkpt lat="48.79147402010858" lon="2.8685845714062452">
        <ele>125.03</ele>
      </trkpt>
      <trkpt lat="48.79155297763646" lon="2.8689179196953773">
        <ele>125.08</ele>
      </trkpt>
      <trkpt lat="48.79151693545282" lon="2.8689499385654926">
        <ele>125.17</ele>
      </trkpt>
      <trkpt lat="48.791486928239465" lon="2.868993943557143">
        <ele>125.28</ele>
      </trkpt>
      <trkpt lat="48.791464967653155" lon="2.869047923013568">
        <ele>125.4</ele>
      </trkpt>
      <trkpt lat="48.79145298153162" lon="2.8691089432686567">
        <ele>125.54</ele>
      </trkpt>
      <trkpt lat="48.79145096987486" lon="2.8691729810088873">
        <ele>125.69</ele>
      </trkpt>
      <trkpt lat="48.79145692102611" lon="2.869226960465312">
        <ele>125.84</ele>
      </trkpt>
      <trkpt lat="48.79147091880441" lon="2.8692769166082144">
        <ele>126.01</ele>
      </trkpt>
      <trkpt lat="48.79149992018938" lon="2.8693349193781614">
        <ele>126.2</ele>
      </trkpt>
      <trkpt lat="48.79153797402978" lon="2.8693779185414314">
        <ele>126.4</ele>
      </trkpt>
      <trkpt lat="48.79158197902143" lon="2.8694029804319143">
        <ele>126.6</ele>
      </trkpt>
      <trkpt lat="48.79162397235632" lon="2.869408931583166">
        <ele>126.81</ele>
      </trkpt>
      <trkpt lat="48.79166495986283" lon="2.869398957118392">
        <ele>127.01</ele>
      </trkpt>
      <trkpt lat="48.79176118411124" lon="2.8697577863931656">
        <ele>127.24</ele>
      </trkpt>
      <trkpt lat="48.79185698926449" lon="2.870114939287305">
        <ele>127.49</ele>
      </trkpt>
      <trkpt lat="48.79195380024612" lon="2.8705026023089886">
        <ele>127.7</ele>
      </trkpt>
      <trkpt lat="48.79205052740872" lon="2.8708901815116405">
        <ele>127.9</ele>
      </trkpt>
      <trkpt lat="48.79214733839035" lon="2.8712778445333242">
        <ele>128.01</ele>
      </trkpt>
      <trkpt lat="48.79224414937198" lon="2.871665423735976">
        <ele>128.15</ele>
      </trkpt>
      <trkpt lat="48.79234096035361" lon="2.87205308675766">
        <ele>128.29</ele>
      </trkpt>
      <trkpt lat="48.792437771335244" lon="2.8724407497793436">
        <ele>128.41</ele>
      </trkpt>
      <trkpt lat="48.79253298975527" lon="2.872821958735585">
        <ele>128.49</ele>
      </trkpt>
      <trkpt lat="48.79262921400368" lon="2.8731868229806423">
        <ele>128.5</ele>
      </trkpt>
      <trkpt lat="48.7927249353379" lon="2.8735499270260334">
        <ele>128.48</ele>
      </trkpt>
      <trkpt lat="48.79279961809516" lon="2.873864248394966">
        <ele>128.47</ele>
      </trkpt>
      <trkpt lat="48.79287396557629" lon="2.8741769772022963">
        <ele>128.38</ele>
      </trkpt>
      <trkpt lat="48.79295418038964" lon="2.874492723494768">
        <ele>128.23</ele>
      </trkpt>
      <trkpt lat="48.793033976107836" lon="2.874806961044669">
        <ele>128.03</ele>
      </trkpt>
      <trkpt lat="48.793120980262756" lon="2.8751099668443203">
        <ele>127.8</ele>
      </trkpt>
      <trkpt lat="48.79321192391217" lon="2.8755219373852015">
        <ele>127.5</ele>
      </trkpt>
      <trkpt lat="48.79331418313086" lon="2.8759162221103907">
        <ele>127.23</ele>
      </trkpt>
      <trkpt lat="48.79341644234955" lon="2.87631050683558">
        <ele>126.92</ele>
      </trkpt>
      <trkpt lat="48.79351794719696" lon="2.8767019417136908">
        <ele>126.54</ele>
      </trkpt>
      <trkpt lat="48.79362020641565" lon="2.8770642913877964">
        <ele>126.15</ele>
      </trkpt>
      <trkpt lat="48.793721962720156" lon="2.8774249646812677">
        <ele>125.81</ele>
      </trkpt>
      <trkpt lat="48.79378113895655" lon="2.8776971250772476">
        <ele>125.48</ele>
      </trkpt>
      <trkpt lat="48.79383997991681" lon="2.87796794436872">
        <ele>125.15</ele>
      </trkpt>
      <trkpt lat="48.793948190286756" lon="2.878384944051504">
        <ele>124.78</ele>
      </trkpt>
      <trkpt lat="48.79405598156154" lon="2.878799932077527">
        <ele>124.41</ele>
      </trkpt>
      <trkpt lat="48.79415933042765" lon="2.879207292571664">
        <ele>124.07</ele>
      </trkpt>
      <trkpt lat="48.79426267929375" lon="2.879614569246769">
        <ele>123.8</ele>
      </trkpt>
      <trkpt lat="48.794365944340825" lon="2.8800219297409058">
        <ele>123.53</ele>
      </trkpt>
      <trkpt lat="48.79446929320693" lon="2.880429206416011">
        <ele>123.34</ele>
      </trkpt>
      <trkpt lat="48.794571636244655" lon="2.8808327950537205">
        <ele>123.17</ele>
      </trkpt>
      <trkpt lat="48.794572642073035" lon="2.880836483091116">
        <ele>123.04</ele>
      </trkpt>
      <trkpt lat="48.79467599093914" lon="2.8812438435852528">
        <ele>122.92</ele>
      </trkpt>
      <trkpt lat="48.794779339805245" lon="2.881651120260358">
        <ele>122.86</ele>
      </trkpt>
      <trkpt lat="48.79488268867135" lon="2.8820584807544947">
        <ele>122.84</ele>
      </trkpt>
      <trkpt lat="48.794986037537456" lon="2.8824657574295998">
        <ele>122.84</ele>
      </trkpt>
      <trkpt lat="48.79508938640356" lon="2.8828731179237366">
        <ele>122.75</ele>
      </trkpt>
      <trkpt lat="48.79518996924162" lon="2.8832699172198772">
        <ele>122.73</ele>
      </trkpt>
      <trkpt lat="48.795245960354805" lon="2.88348994217813">
        <ele>122.72</ele>
      </trkpt>
      <trkpt lat="48.79534285515547" lon="2.8839233703911304">
        <ele>122.75</ele>
      </trkpt>
      <trkpt lat="48.79543974995613" lon="2.884356714785099">
        <ele>122.86</ele>
      </trkpt>
      <trkpt lat="48.79553597420454" lon="2.884786957874894">
        <ele>122.9</ele>
      </trkpt>
      <trkpt lat="48.795611495152116" lon="2.885095663368702">
        <ele>122.87</ele>
      </trkpt>
      <trkpt lat="48.79568701609969" lon="2.8854044526815414">
        <ele>122.77</ele>
      </trkpt>
      <trkpt lat="48.795761950314045" lon="2.8857109788805246">
        <ele>122.62</ele>
      </trkpt>
      <trkpt lat="48.79583898000419" lon="2.885947935283184">
        <ele>122.38</ele>
      </trkpt>
      <trkpt lat="48.79591793753207" lon="2.88638798519969">
        <ele>122.04</ele>
      </trkpt>
      <trkpt lat="48.79604894667864" lon="2.8868109360337257">
        <ele>121.68</ele>
      </trkpt>
      <trkpt lat="48.79613494500518" lon="2.887188959866762">
        <ele>121.22</ele>
      </trkpt>
      <trkpt lat="48.79622362554073" lon="2.8874951507896185">
        <ele>120.68</ele>
      </trkpt>
      <trkpt lat="48.79631197080016" lon="2.8877999167889357">
        <ele>120.09</ele>
      </trkpt>
      <trkpt lat="48.796407859772444" lon="2.8882266394793987">
        <ele>119.37</ele>
      </trkpt>
      <trkpt lat="48.796503748744726" lon="2.888653362169862">
        <ele>118.53</ele>
      </trkpt>
      <trkpt lat="48.796598967164755" lon="2.8890769835561514">
        <ele>117.65</ele>
      </trkpt>
      <trkpt lat="48.79670566879213" lon="2.889425251632929">
        <ele>116.79</ele>
      </trkpt>
      <trkpt lat="48.796811951324344" lon="2.8897719271481037">
        <ele>115.94</ele>
      </trkpt>
      <trkpt lat="48.7969159707427" lon="2.89017291739583">
        <ele>115.06</ele>
      </trkpt>
      <trkpt lat="48.7969159707427" lon="2.8901709895581007">
        <ele>114.1</ele>
      </trkpt>
      <trkpt lat="48.796999119222164" lon="2.8904911782592535">
        <ele>113.11</ele>
      </trkpt>
      <trkpt lat="48.7970819324255" lon="2.890809942036867">
        <ele>111.98</ele>
      </trkpt>
      <trkpt lat="48.79715812392533" lon="2.8911300469189882">
        <ele>110.79</ele>
      </trkpt>
      <trkpt lat="48.79723431542516" lon="2.8914501518011093">
        <ele>109.58</ele>
      </trkpt>
      <trkpt lat="48.797309920191765" lon="2.891767993569374">
        <ele>108.36</ele>
      </trkpt>
      <trkpt lat="48.79738996736705" lon="2.8922069538384676">
        <ele>107.07</ele>
      </trkpt>
      <trkpt lat="48.79749499261379" lon="2.892551952973008">
        <ele>105.78</ele>
      </trkpt>
      <trkpt lat="48.79756196402013" lon="2.8928319923579693">
        <ele>104.52</ele>
      </trkpt>
      <trkpt lat="48.797617116943" lon="2.8930609859526157">
        <ele>103.3</ele>
      </trkpt>
      <trkpt lat="48.797671934589744" lon="2.8932889737188816">
        <ele>102.08</ele>
      </trkpt>
      <trkpt lat="48.79776665009558" lon="2.893588123843074">
        <ele>100.82</ele>
      </trkpt>
      <trkpt lat="48.79786094650626" lon="2.8938859328627586">
        <ele>99.59</ele>
      </trkpt>
      <trkpt lat="48.79793697036803" lon="2.8941999189555645">
        <ele>98.42</ele>
      </trkpt>
      <trkpt lat="48.79800997674465" lon="2.894617924466729">
        <ele>97.3</ele>
      </trkpt>
      <trkpt lat="48.798110727220774" lon="2.895016400143504">
        <ele>96.22</ele>
      </trkpt>
      <trkpt lat="48.798210974782705" lon="2.8954129479825497">
        <ele>95.09</ele>
      </trkpt>
      <trkpt lat="48.79832899197936" lon="2.8958079870790243">
        <ele>93.85</ele>
      </trkpt>
      <trkpt lat="48.79841063171625" lon="2.8961227275431156">
        <ele>92.6</ele>
      </trkpt>
      <trkpt lat="48.798491936177015" lon="2.896435959264636">
        <ele>91.32</ele>
      </trkpt>
      <trkpt lat="48.79856896586716" lon="2.8968119714409113">
        <ele>90.09</ele>
      </trkpt>
      <trkpt lat="48.79867038689554" lon="2.897216733545065">
        <ele>88.93</ele>
      </trkpt>
      <trkpt lat="48.79877180792391" lon="2.8976214956492186">
        <ele>87.79</ele>
      </trkpt>
      <trkpt lat="48.79887331277132" lon="2.898026257753372">
        <ele>86.72</ele>
      </trkpt>
      <trkpt lat="48.798974733799696" lon="2.898430936038494">
        <ele>85.67</ele>
      </trkpt>
      <trkpt lat="48.79907498136163" lon="2.89883092045784">
        <ele>84.69</ele>
      </trkpt>
      <trkpt lat="48.799134995788336" lon="2.899035941809416">
        <ele>83.8</ele>
      </trkpt>
      <trkpt lat="48.7992749735713" lon="2.8990109637379646">
        <ele>82.99</ele>
      </trkpt>
      <trkpt lat="48.79949399270117" lon="2.89899998344481">
        <ele>82.2</ele>
      </trkpt>
      <trkpt lat="48.79955995827913" lon="2.8990069404244423">
        <ele>81.67</ele>
      </trkpt>
      <trkpt lat="48.799848882481456" lon="2.899072654545307">
        <ele>81.11</ele>
      </trkpt>
      <trkpt lat="48.80013789050281" lon="2.8991382848471403">
        <ele>80.75</ele>
      </trkpt>
      <trkpt lat="48.8004269823432" lon="2.899203998968005">
        <ele>80.65</ele>
      </trkpt>
      <trkpt lat="48.8005755096674" lon="2.8992949426174164">
        <ele>80.69</ele>
      </trkpt>
      <trkpt lat="48.800723953172565" lon="2.8993859700858593">
        <ele>80.86</ele>
      </trkpt>
      <trkpt lat="48.80094942636788" lon="2.8994109481573105">
        <ele>81.14</ele>
      </trkpt>
      <trkpt lat="48.801174983382225" lon="2.8994359262287617">
        <ele>81.6</ele>
      </trkpt>
      <trkpt lat="48.80141512490809" lon="2.8994439728558064">
        <ele>82.09</ele>
      </trkpt>
      <trkpt lat="48.801655350252986" lon="2.8994519356638193">
        <ele>82.64</ele>
      </trkpt>
      <trkpt lat="48.80189557559788" lon="2.899459982290864">
        <ele>83.24</ele>
      </trkpt>
      <trkpt lat="48.80213596858084" lon="2.899467945098877">
        <ele>83.82</ele>
      </trkpt>
      <trkpt lat="48.80241156555712" lon="2.899528630077839">
        <ele>84.43</ele>
      </trkpt>
      <trkpt lat="48.802687246352434" lon="2.899589315056801">
        <ele>85.01</ele>
      </trkpt>
      <trkpt lat="48.802962927147746" lon="2.899649916216731">
        <ele>85.51</ele>
      </trkpt>
      <trkpt lat="48.80319359712303" lon="2.8996642492711544">
        <ele>85.93</ele>
      </trkpt>
      <trkpt lat="48.803424183279276" lon="2.8996785823255777">
        <ele>86.24</ele>
      </trkpt>
      <trkpt lat="48.80365493707359" lon="2.899692999199033">
        <ele>86.46</ele>
      </trkpt>
      <trkpt lat="48.80373892374337" lon="2.899691993370652">
        <ele>86.63</ele>
      </trkpt>
      <trkpt lat="48.80391293205321" lon="2.8996894787997007">
        <ele>86.69</ele>
      </trkpt>
      <trkpt lat="48.80408694036305" lon="2.8996869642287493">
        <ele>86.67</ele>
      </trkpt>
      <trkpt lat="48.80428844131529" lon="2.8996494971215725">
        <ele>86.57</ele>
      </trkpt>
      <trkpt lat="48.80448994226754" lon="2.899611946195364">
        <ele>86.35</ele>
      </trkpt>
      <trkpt lat="48.804722875356674" lon="2.899599624797702">
        <ele>86.14</ele>
      </trkpt>
      <trkpt lat="48.80495589226484" lon="2.8995873034000397">
        <ele>85.9</ele>
      </trkpt>
      <trkpt lat="48.80518899299204" lon="2.8995749820023775">
        <ele>85.61</ele>
      </trkpt>
      <trkpt lat="48.80542226135731" lon="2.8995119500905275">
        <ele>85.26</ele>
      </trkpt>
      <trkpt lat="48.8056556135416" lon="2.8994490019977093">
        <ele>84.78</ele>
      </trkpt>
      <trkpt lat="48.8058889657259" lon="2.8993859700858593">
        <ele>84.33</ele>
      </trkpt>
      <trkpt lat="48.80618719384074" lon="2.899312460795045">
        <ele>83.78</ele>
      </trkpt>
      <trkpt lat="48.806485421955585" lon="2.8992389515042305">
        <ele>83.1</ele>
      </trkpt>
      <trkpt lat="48.80678365007043" lon="2.899165526032448">
        <ele>82.55</ele>
      </trkpt>
      <trkpt lat="48.807081962004304" lon="2.8990919329226017">
        <ele>82.04</ele>
      </trkpt>
      <trkpt lat="48.807334676384926" lon="2.8990437369793653">
        <ele>81.56</ele>
      </trkpt>
      <trkpt lat="48.80758739076555" lon="2.8989954572170973">
        <ele>80.95</ele>
      </trkpt>
      <trkpt lat="48.80784010514617" lon="2.898947261273861">
        <ele>80.21</ele>
      </trkpt>
      <trkpt lat="48.808092987164855" lon="2.898898981511593">
        <ele>79.54</ele>
      </trkpt>
      <trkpt lat="48.808329943567514" lon="2.8988314233720303">
        <ele>79.01</ele>
      </trkpt>
      <trkpt lat="48.808566983789206" lon="2.8987639490514994">
        <ele>78.41</ele>
      </trkpt>
      <trkpt lat="48.80884467624128" lon="2.898633945733309">
        <ele>77.84</ele>
      </trkpt>
      <trkpt lat="48.80912236869335" lon="2.898503942415118">
        <ele>77.34</ele>
      </trkpt>
      <trkpt lat="48.80939997732639" lon="2.8983739390969276">
        <ele>76.88</ele>
      </trkpt>
      <trkpt lat="48.80967892706394" lon="2.898448957130313">
        <ele>76.33</ele>
      </trkpt>
      <trkpt lat="48.80995796062052" lon="2.898523975163698">
        <ele>75.79</ele>
      </trkpt>
      <trkpt lat="48.8101939111948" lon="2.8984679840505123">
        <ele>75.43</ele>
      </trkpt>
      <trkpt lat="48.81042994558811" lon="2.8984119929373264">
        <ele>75.15</ele>
      </trkpt>
      <trkpt lat="48.81066597998142" lon="2.898355918005109">
        <ele>75.02</ele>
      </trkpt>
      <trkpt lat="48.8109019305557" lon="2.898359438404441">
        <ele>74.89</ele>
      </trkpt>
      <trkpt lat="48.81113796494901" lon="2.898362958803773">
        <ele>74.9</ele>
      </trkpt>
      <trkpt lat="48.81132999435067" lon="2.898332951590419">
        <ele>75.01</ele>
      </trkpt>
      <trkpt lat="48.81147793494165" lon="2.8983659762889147">
        <ele>75.18</ele>
      </trkpt>
      <trkpt lat="48.811768032610416" lon="2.8985295072197914">
        <ele>75.4</ele>
      </trkpt>
      <trkpt lat="48.81205796264112" lon="2.8986929543316364">
        <ele>75.73</ele>
      </trkpt>
      <trkpt lat="48.81228896789253" lon="2.898691948503256">
        <ele>76.17</ele>
      </trkpt>
      <trkpt lat="48.81251092068851" lon="2.8986204508692026">
        <ele>76.76</ele>
      </trkpt>
      <trkpt lat="48.812732957303524" lon="2.8985489532351494">
        <ele>77.51</ele>
      </trkpt>
      <trkpt lat="48.812838988378644" lon="2.898554988205433">
        <ele>78.13</ele>
      </trkpt>
      <trkpt lat="48.8129329495132" lon="2.8985929582268">
        <ele>78.73</ele>
      </trkpt>
      <trkpt lat="48.813188932836056" lon="2.898771995678544">
        <ele>79.35</ele>
      </trkpt>
      <trkpt lat="48.81341004744172" lon="2.8989653661847115">
        <ele>79.8</ele>
      </trkpt>
      <trkpt lat="48.813631162047386" lon="2.8991588205099106">
        <ele>80.15</ele>
      </trkpt>
      <trkpt lat="48.813851941376925" lon="2.899351939558983">
        <ele>80.52</ele>
      </trkpt>
      <trkpt lat="48.81405302323401" lon="2.8994609881192446">
        <ele>81.01</ele>
      </trkpt>
      <trkpt lat="48.81425393745303" lon="2.8995699528604746">
        <ele>81.57</ele>
      </trkpt>
      <trkpt lat="48.81449801847339" lon="2.899692663922906">
        <ele>82</ele>
      </trkpt>
      <trkpt lat="48.81474201567471" lon="2.8998152911663055">
        <ele>82.39</ele>
      </trkpt>
      <trkpt lat="48.814985929057" lon="2.899937918409705">
        <ele>82.8</ele>
      </trkpt>
      <trkpt lat="48.815139485523105" lon="2.900039507076144">
        <ele>83.11</ele>
      </trkpt>
      <trkpt lat="48.815292958170176" lon="2.90014092810452">
        <ele>83.35</ele>
      </trkpt>
      <trkpt lat="48.815464954823256" lon="2.9002729430794716">
        <ele>83.5</ele>
      </trkpt>
      <trkpt lat="48.81558892317116" lon="2.900402946397662">
        <ele>83.56</ele>
      </trkpt>
      <trkpt lat="48.81569596007466" lon="2.9005309380590916">
        <ele>83.53</ele>
      </trkpt>
      <trkpt lat="48.81588882766664" lon="2.9008156713098288">
        <ele>83.4</ele>
      </trkpt>
      <trkpt lat="48.81608177907765" lon="2.9011003207415342">
        <ele>83.21</ele>
      </trkpt>
      <trkpt lat="48.81627397611737" lon="2.901383964344859">
        <ele>82.95</ele>
      </trkpt>
      <trkpt lat="48.81644748151302" lon="2.901641959324479">
        <ele>82.58</ele>
      </trkpt>
      <trkpt lat="48.816621070727706" lon="2.901899954304099">
        <ele>82.2</ele>
      </trkpt>
      <trkpt lat="48.816793989390135" lon="2.9021569434553385">
        <ele>81.77</ele>
      </trkpt>
      <trkpt lat="48.816969925537705" lon="2.9023469612002373">
        <ele>81.28</ele>
      </trkpt>
      <trkpt lat="48.81711392663419" lon="2.902478976175189">
        <ele>80.81</ele>
      </trkpt>
      <trkpt lat="48.817338813096285" lon="2.902697743847966">
        <ele>80.31</ele>
      </trkpt>
      <trkpt lat="48.817563615739346" lon="2.902916595339775">
        <ele>79.79</ele>
      </trkpt>
      <trkpt lat="48.81778799928725" lon="2.9031349439173937">
        <ele>79.29</ele>
      </trkpt>
      <trkpt lat="48.81794096902013" lon="2.903260923922062">
        <ele>78.74</ele>
      </trkpt>
      <trkpt lat="48.81808798760176" lon="2.9033499397337437">
        <ele>78.18</ele>
      </trkpt>
      <trkpt lat="48.81829099729657" lon="2.9034259635955095">
        <ele>77.62</ele>
      </trkpt>
      <trkpt lat="48.81851194426417" lon="2.9034919291734695">
        <ele>77</ele>
      </trkpt>
      <trkpt lat="48.8187815900892" lon="2.9035559669137">
        <ele>76.24</ele>
      </trkpt>
      <trkpt lat="48.81905123591423" lon="2.903619920834899">
        <ele>75.4</ele>
      </trkpt>
      <trkpt lat="48.81932096555829" lon="2.9036839585751295">
        <ele>74.62</ele>
      </trkpt>
      <trkpt lat="48.81950796581805" lon="2.9037139657884836">
        <ele>73.83</ele>
      </trkpt>
      <trkpt lat="48.81979596801102" lon="2.9037379380315542">
        <ele>73.03</ele>
      </trkpt>
      <trkpt lat="48.820109870284796" lon="2.90374799631536">
        <ele>72.16</ele>
      </trkpt>
      <trkpt lat="48.82042394019663" lon="2.903757970780134">
        <ele>71.21</ele>
      </trkpt>
      <trkpt lat="48.82073096930981" lon="2.903783954679966">
        <ele>70.29</ele>
      </trkpt>
      <trkpt lat="48.82076592184603" lon="2.903803987428546">
        <ele>69.47</ele>
      </trkpt>
      <trkpt lat="48.82080498151481" lon="2.9038259480148554">
        <ele>68.66</ele>
      </trkpt>
      <trkpt lat="48.820966416969895" lon="2.9038114473223686">
        <ele>67.84</ele>
      </trkpt>
      <trkpt lat="48.82112793624401" lon="2.903796946629882">
        <ele>67.05</ele>
      </trkpt>
      <trkpt lat="48.82122692652047" lon="2.903778925538063">
        <ele>66.35</ele>
      </trkpt>
      <trkpt lat="48.821416944265366" lon="2.9037349205464125">
        <ele>65.7</ele>
      </trkpt>
      <trkpt lat="48.821651972830296" lon="2.9036209266632795">
        <ele>65.09</ele>
      </trkpt>
      <trkpt lat="48.82174291647971" lon="2.9036149755120277">
        <ele>64.56</ele>
      </trkpt>
      <trkpt lat="48.821842996403575" lon="2.903692927211523">
        <ele>64.06</ele>
      </trkpt>
      <trkpt lat="48.82204810157418" lon="2.9034772608429193">
        <ele>63.74</ele>
      </trkpt>
      <trkpt lat="48.82225329056382" lon="2.9032615944743156">
        <ele>63.48</ele>
      </trkpt>
      <trkpt lat="48.82245839573443" lon="2.903045928105712">
        <ele>63.32</ele>
      </trkpt>
      <trkpt lat="48.82266299799085" lon="2.902830932289362">
        <ele>63.22</ele>
      </trkpt>
      <trkpt lat="48.822916969656944" lon="2.9026319459080696">
        <ele>63.07</ele>
      </trkpt>
      <trkpt lat="48.82309793494642" lon="2.9025409184396267">
        <ele>62.94</ele>
      </trkpt>
      <trkpt lat="48.82324595935643" lon="2.9024929739534855">
        <ele>62.86</ele>
      </trkpt>
      <trkpt lat="48.82355189882219" lon="2.9024389944970608">
        <ele>62.73</ele>
      </trkpt>
      <trkpt lat="48.82385792210698" lon="2.9023849312216043">
        <ele>62.75</ele>
      </trkpt>
      <trkpt lat="48.82406193763018" lon="2.902413932606578">
        <ele>62.79</ele>
      </trkpt>
      <trkpt lat="48.82414994761348" lon="2.9023979231715202">
        <ele>62.84</ele>
      </trkpt>
      <trkpt lat="48.82421893067658" lon="2.9023569356650114">
        <ele>62.92</ele>
      </trkpt>
      <trkpt lat="48.8243749178946" lon="2.902168929576874">
        <ele>63.07</ele>
      </trkpt>
      <trkpt lat="48.82443794980645" lon="2.9021059814840555">
        <ele>63.18</ele>
      </trkpt>
      <trkpt lat="48.82451196201146" lon="2.9020459670573473">
        <ele>63.26</ele>
      </trkpt>
      <trkpt lat="48.8246909994632" lon="2.9018989484757185">
        <ele>63.3</ele>
      </trkpt>
      <trkpt lat="48.82484095171094" lon="2.901803981512785">
        <ele>63.41</ele>
      </trkpt>
      <trkpt lat="48.824980929493904" lon="2.901747990399599">
        <ele>63.28</ele>
      </trkpt>
      <trkpt lat="48.82525887340307" lon="2.9017225932329893">
        <ele>62.99</ele>
      </trkpt>
      <trkpt lat="48.82553690113127" lon="2.9016972798854113">
        <ele>62.65</ele>
      </trkpt>
      <trkpt lat="48.82581492885947" lon="2.901671966537833">
        <ele>62.3</ele>
      </trkpt>
      <trkpt lat="48.82603654637933" lon="2.9016816057264805">
        <ele>61.82</ele>
      </trkpt>
      <trkpt lat="48.826258247718215" lon="2.9016913287341595">
        <ele>61.36</ele>
      </trkpt>
      <trkpt lat="48.8264799490571" lon="2.9017009679228067">
        <ele>61.02</ele>
      </trkpt>
      <trkpt lat="48.82657793350518" lon="2.901704991236329">
        <ele>60.64</ele>
      </trkpt>
      <trkpt lat="48.82675596512854" lon="2.9017124511301517">
        <ele>60.23</ele>
      </trkpt>
      <trkpt lat="48.826933996751904" lon="2.901719994843006">
        <ele>59.72</ele>
      </trkpt>
      <trkpt lat="48.827091911807656" lon="2.9016984533518553">
        <ele>59.25</ele>
      </trkpt>
      <trkpt lat="48.82724999450147" lon="2.901676995679736">
        <ele>58.81</ele>
      </trkpt>
      <trkpt lat="48.827474964782596" lon="2.901621926575899">
        <ele>58.46</ele>
      </trkpt>
      <trkpt lat="48.82747504860163" lon="2.9016218427568674">
        <ele>58.04</ele>
      </trkpt>
      <trkpt lat="48.82769993506372" lon="2.901566941291094">
        <ele>57.65</ele>
      </trkpt>
      <trkpt lat="48.827924989163876" lon="2.9015119560062885">
        <ele>57.22</ele>
      </trkpt>
      <trkpt lat="48.8282242231071" lon="2.9014433082193136">
        <ele>56.87</ele>
      </trkpt>
      <trkpt lat="48.828523540869355" lon="2.9013746604323387">
        <ele>56.61</ele>
      </trkpt>
      <trkpt lat="48.82882294245064" lon="2.901305928826332">
        <ele>56.39</ele>
      </trkpt>
      <trkpt lat="48.8290099427104" lon="2.9012949485331774">
        <ele>56.17</ele>
      </trkpt>
      <trkpt lat="48.82919694297016" lon="2.9012839682400227">
        <ele>56.02</ele>
      </trkpt>
      <trkpt lat="48.82937799207866" lon="2.901300983503461">
        <ele>55.99</ele>
      </trkpt>
      <trkpt lat="48.829578990116715" lon="2.9013429768383503">
        <ele>56.07</ele>
      </trkpt>
      <trkpt lat="48.82975693792105" lon="2.9013929329812527">
        <ele>56.27</ele>
      </trkpt>
      <trkpt lat="48.82983296178281" lon="2.9013779293745756">
        <ele>56.58</ele>
      </trkpt>
      <trkpt lat="48.829925917088985" lon="2.9012889973819256">
        <ele>57.04</ele>
      </trkpt>
      <trkpt lat="48.83000495843589" lon="2.901153964921832">
        <ele>57.67</ele>
      </trkpt>
      <trkpt lat="48.8300409168005" lon="2.9010139871388674">
        <ele>58.38</ele>
      </trkpt>
      <trkpt lat="48.830049969255924" lon="2.900925977155566">
        <ele>59.15</ele>
      </trkpt>
      <trkpt lat="48.830005964264274" lon="2.9006619472056627">
        <ele>60.05</ele>
      </trkpt>
      <trkpt lat="48.830098919570446" lon="2.900637974962592">
        <ele>61</ele>
      </trkpt>
      <trkpt lat="48.830158933997154" lon="2.900637974962592">
        <ele>62.04</ele>
      </trkpt>
      <trkpt lat="48.83025993593037" lon="2.900668988004327">
        <ele>63.19</ele>
      </trkpt>
      <trkpt lat="48.83033998310566" lon="2.900718944147229">
        <ele>64.4</ele>
      </trkpt>
      <trkpt lat="48.830393962562084" lon="2.9007639549672604">
        <ele>65.66</ele>
      </trkpt>
      <trkpt lat="48.830501921474934" lon="2.9008289985358715">
        <ele>67</ele>
      </trkpt>
      <trkpt lat="48.83057693950832" lon="2.900817934423685">
        <ele>68.42</ele>
      </trkpt>
      <trkpt lat="48.830586997792125" lon="2.900799997150898">
        <ele>69.87</ele>
      </trkpt>
      <trkpt lat="48.830805933102965" lon="2.900858921930194">
        <ele>71.52</ele>
      </trkpt>
      <trkpt lat="48.830931996926665" lon="2.900855988264084">
        <ele>73.19</ele>
      </trkpt>
      <trkpt lat="48.83106996305287" lon="2.9008109774440527">
        <ele>74.87</ele>
      </trkpt>
      <trkpt lat="48.83115998469293" lon="2.900723973289132">
        <ele>76.62</ele>
      </trkpt>
      <trkpt lat="48.831233996897936" lon="2.900574943050742">
        <ele>78.38</ele>
      </trkpt>
      <trkpt lat="48.83125193417072" lon="2.9004049580544233">
        <ele>80.12</ele>
      </trkpt>
      <trkpt lat="48.831213880330324" lon="2.900168839842081">
        <ele>81.88</ele>
      </trkpt>
      <trkpt lat="48.83117599412799" lon="2.8999339789152145">
        <ele>83.59</ele>
      </trkpt>
      <trkpt lat="48.831166941672564" lon="2.8997999522835016">
        <ele>85.26</ele>
      </trkpt>
      <trkpt lat="48.83117993362248" lon="2.8994739800691605">
        <ele>87.01</ele>
      </trkpt>
      <trkpt lat="48.83120792917907" lon="2.899249931797385">
        <ele>88.76</ele>
      </trkpt>
      <trkpt lat="48.831255957484245" lon="2.8990189265459776">
        <ele>90.47</ele>
      </trkpt>
      <trkpt lat="48.83130993694067" lon="2.898847935721278">
        <ele>92.11</ele>
      </trkpt>
      <trkpt lat="48.83147899992764" lon="2.898531937971711">
        <ele>93.69</ele>
      </trkpt>
      <trkpt lat="48.83156499825418" lon="2.898412998765707">
        <ele>95.13</ele>
      </trkpt>
      <trkpt lat="48.83181209675968" lon="2.898196242749691">
        <ele>96.49</ele>
      </trkpt>
      <trkpt lat="48.832059195265174" lon="2.897979486733675">
        <ele>97.89</ele>
      </trkpt>
      <trkpt lat="48.8323063775897" lon="2.8977628145366907">
        <ele>99.22</ele>
      </trkpt>
      <trkpt lat="48.8325534760952" lon="2.8975460585206747">
        <ele>100.48</ele>
      </trkpt>
      <trkpt lat="48.832799987867475" lon="2.8973299730569124">
        <ele>101.56</ele>
      </trkpt>
      <trkpt lat="48.83298497647047" lon="2.8971479181200266">
        <ele>102.58</ele>
      </trkpt>
      <trkpt lat="48.83315596729517" lon="2.896946920081973">
        <ele>103.5</ele>
      </trkpt>
      <trkpt lat="48.8332699611783" lon="2.8968669567257166">
        <ele>104.32</ele>
      </trkpt>
      <trkpt lat="48.83356835693121" lon="2.8967182617634535">
        <ele>105.06</ele>
      </trkpt>
      <trkpt lat="48.833866668865085" lon="2.8965695668011904">
        <ele>105.78</ele>
      </trkpt>
      <trkpt lat="48.83416498079896" lon="2.896420955657959">
        <ele>106.4</ele>
      </trkpt>
      <trkpt lat="48.83438307791948" lon="2.896263375878334">
        <ele>106.94</ele>
      </trkpt>
      <trkpt lat="48.83460092358291" lon="2.8961059637367725">
        <ele>107.42</ele>
      </trkpt>
      <trkpt lat="48.83479295298457" lon="2.8959319554269314">
        <ele>107.79</ele>
      </trkpt>
      <trkpt lat="48.83493904955685" lon="2.8957742918282747">
        <ele>108.07</ele>
      </trkpt>
      <trkpt lat="48.83508497849107" lon="2.895616963505745">
        <ele>108.31</ele>
      </trkpt>
      <trkpt lat="48.83532092906535" lon="2.895613946020603">
        <ele>108.39</ele>
      </trkpt>
      <trkpt lat="48.8355459831655" lon="2.8956789895892143">
        <ele>108.34</ele>
      </trkpt>
      <trkpt lat="48.83584261871874" lon="2.8957493137568235">
        <ele>108.22</ele>
      </trkpt>
      <trkpt lat="48.836139254271984" lon="2.8958196379244328">
        <ele>108.11</ele>
      </trkpt>
      <trkpt lat="48.83643597364426" lon="2.895889962092042">
        <ele>107.96</ele>
      </trkpt>
      <trkpt lat="48.83670042268932" lon="2.895924411714077">
        <ele>107.7</ele>
      </trkpt>
      <trkpt lat="48.83696495555341" lon="2.8959589451551437">
        <ele>107.39</ele>
      </trkpt>
      <trkpt lat="48.8371398858726" lon="2.895960956811905">
        <ele>107.05</ele>
      </trkpt>
      <trkpt lat="48.837314983829856" lon="2.895962968468666">
        <ele>106.67</ele>
      </trkpt>
      <trkpt lat="48.83754095993936" lon="2.895989455282688">
        <ele>106.26</ele>
      </trkpt>
      <trkpt lat="48.837766936048865" lon="2.89601594209671">
        <ele>105.77</ele>
      </trkpt>
      <trkpt lat="48.838065918534994" lon="2.896137982606888">
        <ele>105.33</ele>
      </trkpt>
      <trkpt lat="48.838235987350345" lon="2.896218951791525">
        <ele>104.93</ele>
      </trkpt>
      <trkpt lat="48.83840597234666" lon="2.896299920976162">
        <ele>104.56</ele>
      </trkpt>
      <trkpt lat="48.838580986484885" lon="2.896391451358795">
        <ele>104.22</ele>
      </trkpt>
      <trkpt lat="48.838755916804075" lon="2.8964829817414284">
        <ele>103.92</ele>
      </trkpt>
      <trkpt lat="48.838969990611076" lon="2.8966049384325743">
        <ele>103.65</ele>
      </trkpt>
      <trkpt lat="48.83915699087083" lon="2.8966569900512695">
        <ele>103.46</ele>
      </trkpt>
      <trkpt lat="48.83938891813159" lon="2.896648943424225">
        <ele>103.31</ele>
      </trkpt>
      <trkpt lat="48.839700389653444" lon="2.8965839836746454">
        <ele>103.23</ele>
      </trkpt>
      <trkpt lat="48.84001194499433" lon="2.8965189401060343">
        <ele>103.3</ele>
      </trkpt>
      <trkpt lat="48.84026499465108" lon="2.896486921235919">
        <ele>103.49</ele>
      </trkpt>
      <trkpt lat="48.84036993607879" lon="2.896514916792512">
        <ele>103.79</ele>
      </trkpt>
      <trkpt lat="48.84052097797394" lon="2.8966084588319063">
        <ele>104.21</ele>
      </trkpt>
      <trkpt lat="48.84067193605006" lon="2.896701917052269">
        <ele>104.75</ele>
      </trkpt>
      <trkpt lat="48.84085591882467" lon="2.8967429883778095">
        <ele>105.46</ele>
      </trkpt>
      <trkpt lat="48.84113394655287" lon="2.8967774379998446">
        <ele>106.3</ele>
      </trkpt>
      <trkpt lat="48.84141197428107" lon="2.8968119714409113">
        <ele>107.27</ele>
      </trkpt>
      <trkpt lat="48.841628981754184" lon="2.8968119714409113">
        <ele>108.34</ele>
      </trkpt>
      <trkpt lat="48.8419268745929" lon="2.8967794496566057">
        <ele>109.56</ele>
      </trkpt>
      <trkpt lat="48.84222493506968" lon="2.8967469278723">
        <ele>110.87</ele>
      </trkpt>
      <trkpt lat="48.842537412419915" lon="2.896693954244256">
        <ele>112.25</ele>
      </trkpt>
      <trkpt lat="48.84284997358918" lon="2.896640980616212">
        <ele>113.65</ele>
      </trkpt>
      <trkpt lat="48.8430233951658" lon="2.8966269828379154">
        <ele>115.05</ele>
      </trkpt>
      <trkpt lat="48.843196984380484" lon="2.896612985059619">
        <ele>116.51</ele>
      </trkpt>
      <trkpt lat="48.84347090497613" lon="2.896610973402858">
        <ele>118.11</ele>
      </trkpt>
      <trkpt lat="48.84374499320984" lon="2.8966089617460966">
        <ele>119.72</ele>
      </trkpt>
      <trkpt lat="48.84389997459948" lon="2.8965839836746454">
        <ele>121.21</ele>
      </trkpt>
      <trkpt lat="48.84393593296409" lon="2.896577948704362">
        <ele>122.62</ele>
      </trkpt>
      <trkpt lat="48.84400198236108" lon="2.896566968411207">
        <ele>124.01</ele>
      </trkpt>
      <trkpt lat="48.844212451949716" lon="2.89653193205595">
        <ele>125.46</ele>
      </trkpt>
      <trkpt lat="48.84442292153835" lon="2.896496979519725">
        <ele>126.82</ele>
      </trkpt>
      <trkpt lat="48.84469348937273" lon="2.896384494379163">
        <ele>128.13</ele>
      </trkpt>
      <trkpt lat="48.844963973388076" lon="2.896271925419569">
        <ele>129.31</ele>
      </trkpt>
      <trkpt lat="48.84526957757771" lon="2.89618793874979">
        <ele>130.46</ele>
      </trkpt>
      <trkpt lat="48.845575265586376" lon="2.8961039520800114">
        <ele>131.46</ele>
      </trkpt>
      <trkpt lat="48.84588095359504" lon="2.8960199654102325">
        <ele>132.37</ele>
      </trkpt>
      <trkpt lat="48.84591909125447" lon="2.896317271515727">
        <ele>133.1</ele>
      </trkpt>
      <trkpt lat="48.84595697745681" lon="2.896612985059619">
        <ele>133.74</ele>
      </trkpt>
      <trkpt lat="48.84601850062609" lon="2.8969874884933233">
        <ele>134.32</ele>
      </trkpt>
      <trkpt lat="48.8460801076144" lon="2.8973620757460594">
        <ele>134.87</ele>
      </trkpt>
      <trkpt lat="48.84614163078368" lon="2.8977366629987955">
        <ele>135.36</ele>
      </trkpt>
      <trkpt lat="48.84620323777199" lon="2.8981111664325">
        <ele>135.78</ele>
      </trkpt>
      <trkpt lat="48.84626392275095" lon="2.898480976000428">
        <ele>136.15</ele>
      </trkpt>
      <trkpt lat="48.846330642700195" lon="2.898885738104582">
        <ele>136.39</ele>
      </trkpt>
      <trkpt lat="48.84639727883041" lon="2.8992905002087355">
        <ele>136.56</ele>
      </trkpt>
      <trkpt lat="48.846463998779655" lon="2.899695346131921">
        <ele>136.7</ele>
      </trkpt>
      <trkpt lat="48.846529964357615" lon="2.9000959172844887">
        <ele>136.86</ele>
      </trkpt>
      <trkpt lat="48.84658260270953" lon="2.90036765858531">
        <ele>136.85</ele>
      </trkpt>
      <trkpt lat="48.846634989604354" lon="2.900637974962592">
        <ele>136.74</ele>
      </trkpt>
      <trkpt lat="48.846788965165615" lon="2.900916924700141">
        <ele>136.46</ele>
      </trkpt>
      <trkpt lat="48.84696565568447" lon="2.9011709801852703">
        <ele>136.16</ele>
      </trkpt>
      <trkpt lat="48.84714234620333" lon="2.9014250356703997">
        <ele>135.9</ele>
      </trkpt>
      <trkpt lat="48.847319120541215" lon="2.901679091155529">
        <ele>135.57</ele>
      </trkpt>
      <trkpt lat="48.847494972869754" lon="2.9019319731742144">
        <ele>135.2</ele>
      </trkpt>
      <trkpt lat="48.847595136612654" lon="2.902128277346492">
        <ele>134.8</ele>
      </trkpt>
      <trkpt lat="48.84769496507943" lon="2.9023239947855473">
        <ele>134.37</ele>
      </trkpt>
      <trkpt lat="48.847838966175914" lon="2.9027379769831896">
        <ele>133.94</ele>
      </trkpt>
      <trkpt lat="48.84789462201297" lon="2.903100410476327">
        <ele>133.46</ele>
      </trkpt>
      <trkpt lat="48.847949942573905" lon="2.9034609999507666">
        <ele>132.92</ele>
      </trkpt>
      <trkpt lat="48.84787928313017" lon="2.9036940168589354">
        <ele>132.41</ele>
      </trkpt>
      <trkpt lat="48.84780895896256" lon="2.903925944119692">
        <ele>131.83</ele>
      </trkpt>
      <trkpt lat="48.84765263646841" lon="2.9043343104422092">
        <ele>131.22</ele>
      </trkpt>
      <trkpt lat="48.847496984526515" lon="2.9047409165650606">
        <ele>130.45</ele>
      </trkpt>
      <trkpt lat="48.84763981215656" lon="2.9050063714385033">
        <ele>129.78</ele>
      </trkpt>
      <trkpt lat="48.84778272360563" lon="2.905271826311946">
        <ele>129.05</ele>
      </trkpt>
      <trkpt lat="48.847924964502454" lon="2.905535940080881">
        <ele>128.26</ele>
      </trkpt>
      <trkpt lat="48.84811766445637" lon="2.9058183263987303">
        <ele>127.45</ele>
      </trkpt>
      <trkpt lat="48.84830994531512" lon="2.906099958345294">
        <ele>126.65</ele>
      </trkpt>
      <trkpt lat="48.848468195647" lon="2.9063372500240803">
        <ele>125.83</ele>
      </trkpt>
      <trkpt lat="48.84862636215985" lon="2.9065745417028666">
        <ele>124.94</ele>
      </trkpt>
      <trkpt lat="48.84878394193947" lon="2.9068109951913357">
        <ele>124.04</ele>
      </trkpt>
      <trkpt lat="48.84889014065266" lon="2.907032361254096">
        <ele>123.16</ele>
      </trkpt>
      <trkpt lat="48.84899592027068" lon="2.907252972945571">
        <ele>122.19</ele>
      </trkpt>
      <trkpt lat="48.84916624054313" lon="2.907599061727524">
        <ele>121.18</ele>
      </trkpt>
      <trkpt lat="48.84933656081557" lon="2.9079451505094767">
        <ele>120.24</ele>
      </trkpt>
      <trkpt lat="48.84950679726899" lon="2.9082912392914295">
        <ele>119.27</ele>
      </trkpt>
      <trkpt lat="48.84967594407499" lon="2.9086349811404943">
        <ele>118.31</ele>
      </trkpt>
      <trkpt lat="48.84979764930904" lon="2.9089214745908976">
        <ele>117.4</ele>
      </trkpt>
      <trkpt lat="48.84991893544793" lon="2.90920696221292">
        <ele>116.51</ele>
      </trkpt>
      <trkpt lat="48.85008196346462" lon="2.9095089621841908">
        <ele>115.61</ele>
      </trkpt>
      <trkpt lat="48.85023510083556" lon="2.9097066912800074">
        <ele>114.63</ele>
      </trkpt>
      <trkpt lat="48.85038798674941" lon="2.9099039174616337">
        <ele>113.64</ele>
      </trkpt>
      <trkpt lat="48.85044498369098" lon="2.909763939678669">
        <ele>112.73</ele>
      </trkpt>
      <trkpt lat="48.850506925955415" lon="2.9095519613474607">
        <ele>111.78</ele>
      </trkpt>
      <trkpt lat="48.850587978959084" lon="2.9091909527778625">
        <ele>110.74</ele>
      </trkpt>
      <trkpt lat="48.8508324790746" lon="2.909382814541459">
        <ele>109.6</ele>
      </trkpt>
      <trkpt lat="48.85107697919011" lon="2.9095747601240873">
        <ele>108.41</ele>
      </trkpt>
      <trkpt lat="48.851321479305625" lon="2.909766621887684">
        <ele>107.15</ele>
      </trkpt>
      <trkpt lat="48.85156597942114" lon="2.9099584836512804">
        <ele>105.76</ele>
      </trkpt>
      <trkpt lat="48.85180997662246" lon="2.9101499263197184">
        <ele>104.27</ele>
      </trkpt>
      <trkpt lat="48.85192799381912" lon="2.91015294380486">
        <ele>102.75</ele>
      </trkpt>
      <trkpt lat="48.852094961330295" lon="2.9100509360432625">
        <ele>101.06</ele>
      </trkpt>
      <trkpt lat="48.85226192884147" lon="2.909948928281665">
        <ele>99.21</ele>
      </trkpt>
      <trkpt lat="48.85239293798804" lon="2.9099009837955236">
        <ele>97.28</ele>
      </trkpt>
      <trkpt lat="48.85253492742777" lon="2.9098809510469437">
        <ele>95.2</ele>
      </trkpt>
      <trkpt lat="48.85284095071256" lon="2.9099249560385942">
        <ele>92.86</ele>
      </trkpt>
      <trkpt lat="48.85300397872925" lon="2.909964434802532">
        <ele>90.53</ele>
      </trkpt>
      <trkpt lat="48.8531669229269" lon="2.910003997385502">
        <ele>88.06</ele>
      </trkpt>
      <trkpt lat="48.853254932910204" lon="2.90995798073709">
        <ele>85.57</ele>
      </trkpt>
      <trkpt lat="48.85331695899367" lon="2.909867959097028">
        <ele>83.05</ele>
      </trkpt>
      <trkpt lat="48.85337295010686" lon="2.9095599241554737">
        <ele>80.4</ele>
      </trkpt>
      <trkpt lat="48.853533463552594" lon="2.909572497010231">
        <ele>77.49</ele>
      </trkpt>
      <trkpt lat="48.85369397699833" lon="2.9095849860459566">
        <ele>74.48</ele>
      </trkpt>
      <trkpt lat="48.85382699780166" lon="2.90961692109704">
        <ele>71.38</ele>
      </trkpt>
      <trkpt lat="48.854094967246056" lon="2.9097099602222443">
        <ele>68.02</ele>
      </trkpt>
      <trkpt lat="48.85436293669045" lon="2.9098029993474483">
        <ele>65</ele>
      </trkpt>
      <trkpt lat="48.854546919465065" lon="2.9097759258002043">
        <ele>62.53</ele>
      </trkpt>
      <trkpt lat="48.85473098605871" lon="2.909748936071992">
        <ele>60.3</ele>
      </trkpt>
      <trkpt lat="48.85477893054485" lon="2.909836946055293">
        <ele>58.3</ele>
      </trkpt>
      <trkpt lat="48.85480793192983" lon="2.9098659474402666">
        <ele>56.47</ele>
      </trkpt>
      <trkpt lat="48.854869958013296" lon="2.9098969604820013">
        <ele>54.8</ele>
      </trkpt>
      <trkpt lat="48.85496391914785" lon="2.9099019896239042">
        <ele>53.29</ele>
      </trkpt>
      <trkpt lat="48.855124935507774" lon="2.909874999895692">
        <ele>51.95</ele>
      </trkpt>
      <trkpt lat="48.85532593354583" lon="2.909839963540435">
        <ele>50.79</ele>
      </trkpt>
      <trkpt lat="48.855379996821284" lon="2.909836946055293">
        <ele>49.85</ele>
      </trkpt>
      <trkpt lat="48.855424923822284" lon="2.909846920520067">
        <ele>49.12</ele>
      </trkpt>
      <trkpt lat="48.8554619718343" lon="2.9098619241267443">
        <ele>48.54</ele>
      </trkpt>
      <trkpt lat="48.855490973219275" lon="2.909886986017227">
        <ele>48.12</ele>
      </trkpt>
      <trkpt lat="48.8555449526757" lon="2.9097299929708242">
        <ele>47.85</ele>
      </trkpt>
      <trkpt lat="48.85558191686869" lon="2.909555984660983">
        <ele>47.75</ele>
      </trkpt>
      <trkpt lat="48.85563396848738" lon="2.9093929566442966">
        <ele>47.71</ele>
      </trkpt>
      <trkpt lat="48.85553799569607" lon="2.909340988844633">
        <ele>47.72</ele>
      </trkpt>
      <trkpt lat="48.855575965717435" lon="2.909093974158168">
        <ele>47.86</ele>
      </trkpt>
      <trkpt lat="48.85559197515249" lon="2.908997917547822">
        <ele>48.09</ele>
      </trkpt>
      <trkpt lat="48.855857932940125" lon="2.9090689960867167">
        <ele>48.42</ele>
      </trkpt>
      <trkpt lat="48.855973184108734" lon="2.9088120069354773">
        <ele>48.83</ele>
      </trkpt>
      <trkpt lat="48.85608793236315" lon="2.9085559397935867">
        <ele>49.26</ele>
      </trkpt>
      <trkpt lat="48.85619823820889" lon="2.9082076717168093">
        <ele>49.7</ele>
      </trkpt>
      <trkpt lat="48.856307957321405" lon="2.9078609962016344">
        <ele>50</ele>
      </trkpt>
      <trkpt lat="48.85635891929269" lon="2.9077239520847797">
        <ele>50.35</ele>
      </trkpt>
      <trkpt lat="48.85638892650604" lon="2.9076919332146645">
        <ele>50.67</ele>
      </trkpt>
      <trkpt lat="48.856434943154454" lon="2.907677935436368">
        <ele>50.97</ele>
      </trkpt>
      <trkpt lat="48.856540974229574" lon="2.9076889995485544">
        <ele>51.22</ele>
      </trkpt>
      <trkpt lat="48.85658799670637" lon="2.9077089484781027">
        <ele>51.43</ele>
      </trkpt>
      <trkpt lat="48.856606939807534" lon="2.907718922942877">
        <ele>51.58</ele>
      </trkpt>
      <trkpt lat="48.85686476714909" lon="2.9078589845448732">
        <ele>51.68</ele>
      </trkpt>
      <trkpt lat="48.857122510671616" lon="2.907998962327838">
        <ele>51.7</ele>
      </trkpt>
      <trkpt lat="48.85738033801317" lon="2.9081390239298344">
        <ele>51.66</ele>
      </trkpt>
      <trkpt lat="48.857637997716665" lon="2.9082789178937674">
        <ele>51.69</ele>
      </trkpt>
      <trkpt lat="48.857683930546045" lon="2.9082559514790773">
        <ele>51.8</ele>
      </trkpt>
      <trkpt lat="48.8577139377594" lon="2.9082839470356703">
        <ele>51.9</ele>
      </trkpt>
      <trkpt lat="48.85770597495139" lon="2.9082119464874268">
        <ele>52</ele>
      </trkpt>
      <trkpt lat="48.85771092027426" lon="2.9081289656460285">
        <ele>52.1</ele>
      </trkpt>
      <trkpt lat="48.857768923044205" lon="2.9079969506710768">
        <ele>52.19</ele>
      </trkpt>
      <trkpt lat="48.85788115672767" lon="2.9077856428921223">
        <ele>52.24</ele>
      </trkpt>
      <trkpt lat="48.85799297131598" lon="2.9075749218463898">
        <ele>52.3</ele>
      </trkpt>
      <trkpt lat="48.85803395882249" lon="2.907495964318514">
        <ele>52.3</ele>
      </trkpt>
      <trkpt lat="48.858114928007126" lon="2.9073379654437304">
        <ele>52.35</ele>
      </trkpt>
      <trkpt lat="48.858154993504286" lon="2.907318938523531">
        <ele>52.28</ele>
      </trkpt>
      <trkpt lat="48.85812699794769" lon="2.9072819743305445">
        <ele>52.18</ele>
      </trkpt>
      <trkpt lat="48.858108976855874" lon="2.9072559904307127">
        <ele>52.07</ele>
      </trkpt>
      <trkpt lat="48.8581560831517" lon="2.9071206226944923">
        <ele>51.93</ele>
      </trkpt>
    </trkseg>
  </trk>
</gpx>
