<?xml version="1.0" encoding="UTF-8"?>
<gpx creator="Garmin Connect" version="1.1" schemaLocation="http://www.topografix.com/GPX/1/1 http://www.topografix.com/GPX/11.xsd" xmlns="http://www.topografix.com/GPX/1/1" xmlns:xsi="http://www.w3.org/2001/XMLSchema-instance" xsi:schemaLocation="http://www.topografix.com/GPX/1/1 http://www.topografix.com/GPX/1/1/gpx.xsd http://www.garmin.com/xmlschemas/GpxExtensions/v3 http://www.garmin.com/xmlschemas/GpxExtensionsv3.xsd http://www.garmin.com/xmlschemas/TrackPointExtension/v1 http://www.garmin.com/xmlschemas/TrackPointExtensionv1.xsd http://www.garmin.com/xmlschemas/PowerExtension/v1 http://www.garmin.com/xmlschemas/PowerExtensionv1.xsd http://www.topografix.com/GPX/gpx_style/0/2 http://www.topografix.com/GPX/gpx_style/0/2/gpx_style.xsd" xmlns:gpxtpx="http://www.garmin.com/xmlschemas/TrackPointExtension/v1" xmlns:gpxx="http://www.garmin.com/xmlschemas/GpxExtensions/v3" xmlns:gpxpx="http://www.garmin.com/xmlschemas/PowerExtension/v1" xmlns:gpx_style="http://www.topografix.com/GPX/gpx_style/0/2">
  <metadata>
    <name>505-G3-23 km-D 153 m-Forêt de Crécy via Villeneuve</name>
    <author>
      <name>gpx.studio</name>
      <link href="https://gpx.studio"/>
    </author>
    <link href="connect.garmin.com">
      <text>Garmin Connect</text>
    </link>
		<time>2026-04-05T08:00:00</time>
  </metadata>
  <trk>
    <name>505-G3-23 km-D 153 m-Forêt de Crécy via Villeneuve</name>
    <trkseg>
      <trkpt lat="48.858155999332666" lon="2.907120957970619">
        <ele>51.03</ele>
      </trkpt>
      <trkpt lat="48.85817192494869" lon="2.907077958807349">
        <ele>50.96</ele>
      </trkpt>
      <trkpt lat="48.85818592272699" lon="2.9070069640874863">
        <ele>50.89</ele>
      </trkpt>
      <trkpt lat="48.85824694298208" lon="2.9070109874010086">
        <ele>50.86</ele>
      </trkpt>
      <trkpt lat="48.858280973508954" lon="2.906840918585658">
        <ele>50.79</ele>
      </trkpt>
      <trkpt lat="48.85832296684384" lon="2.906753998249769">
        <ele>50.81</ele>
      </trkpt>
      <trkpt lat="48.85829597711563" lon="2.906656935811043">
        <ele>50.82</ele>
      </trkpt>
      <trkpt lat="48.85836563073099" lon="2.9063201509416103">
        <ele>50.96</ele>
      </trkpt>
      <trkpt lat="48.858434949070215" lon="2.9059849586337805">
        <ele>51.16</ele>
      </trkpt>
      <trkpt lat="48.85852153412998" lon="2.905566617846489">
        <ele>51.17</ele>
      </trkpt>
      <trkpt lat="48.85860803537071" lon="2.9051481932401657">
        <ele>51.1</ele>
      </trkpt>
      <trkpt lat="48.858693949878216" lon="2.9047329537570477">
        <ele>51.21</ele>
      </trkpt>
      <trkpt lat="48.858747594058514" lon="2.90450488217175">
        <ele>51.32</ele>
      </trkpt>
      <trkpt lat="48.858800986781716" lon="2.9042779840528965">
        <ele>51.34</ele>
      </trkpt>
      <trkpt lat="48.85888916440308" lon="2.9038654267787933">
        <ele>51.3</ele>
      </trkpt>
      <trkpt lat="48.85897692292929" lon="2.903454964980483">
        <ele>51.4</ele>
      </trkpt>
      <trkpt lat="48.85905244387686" lon="2.903105104342103">
        <ele>51.22</ele>
      </trkpt>
      <trkpt lat="48.85912796482444" lon="2.902755243703723">
        <ele>51.2</ele>
      </trkpt>
      <trkpt lat="48.85920298285782" lon="2.902407981455326">
        <ele>51.25</ele>
      </trkpt>
      <trkpt lat="48.85925411246717" lon="2.902155350893736">
        <ele>51.31</ele>
      </trkpt>
      <trkpt lat="48.85930499061942" lon="2.9019039776176214">
        <ele>51.43</ele>
      </trkpt>
      <trkpt lat="48.85936098173261" lon="2.9016059171408415">
        <ele>51.52</ele>
      </trkpt>
      <trkpt lat="48.85945016518235" lon="2.9011959582567215">
        <ele>51.64</ele>
      </trkpt>
      <trkpt lat="48.85953943245113" lon="2.90078591555357">
        <ele>51.57</ele>
      </trkpt>
      <trkpt lat="48.85962794534862" lon="2.9003789741545916">
        <ele>51.54</ele>
      </trkpt>
      <trkpt lat="48.85966692119837" lon="2.9001669958233833">
        <ele>51.54</ele>
      </trkpt>
      <trkpt lat="48.85972660034895" lon="2.8998597152531147">
        <ele>51.52</ele>
      </trkpt>
      <trkpt lat="48.859785944223404" lon="2.899553943425417">
        <ele>51.59</ele>
      </trkpt>
      <trkpt lat="48.85983891785145" lon="2.899224953725934">
        <ele>51.59</ele>
      </trkpt>
      <trkpt lat="48.85986699722707" lon="2.8990369476377964">
        <ele>51.62</ele>
      </trkpt>
      <trkpt lat="48.85991192422807" lon="2.898992942646146">
        <ele>51.56</ele>
      </trkpt>
      <trkpt lat="48.859939919784665" lon="2.8987959679216146">
        <ele>51.42</ele>
      </trkpt>
      <trkpt lat="48.85999398306012" lon="2.8984149266034365">
        <ele>51.17</ele>
      </trkpt>
      <trkpt lat="48.86004662141204" lon="2.898151818662882">
        <ele>51.06</ele>
      </trkpt>
      <trkpt lat="48.86009892448783" lon="2.897889968007803">
        <ele>51.05</ele>
      </trkpt>
      <trkpt lat="48.86013153009117" lon="2.897570114582777">
        <ele>51.05</ele>
      </trkpt>
      <trkpt lat="48.86016396805644" lon="2.8972519375383854">
        <ele>50.93</ele>
      </trkpt>
      <trkpt lat="48.86021710932255" lon="2.896903585642576">
        <ele>50.77</ele>
      </trkpt>
      <trkpt lat="48.86026999913156" lon="2.896556993946433">
        <ele>50.65</ele>
      </trkpt>
      <trkpt lat="48.86032959446311" lon="2.896213587373495">
        <ele>50.59</ele>
      </trkpt>
      <trkpt lat="48.860388938337564" lon="2.895871941000223">
        <ele>50.55</ele>
      </trkpt>
      <trkpt lat="48.86047267355025" lon="2.895515626296401">
        <ele>50.57</ele>
      </trkpt>
      <trkpt lat="48.86055598966777" lon="2.895160987973213">
        <ele>50.55</ele>
      </trkpt>
      <trkpt lat="48.86063251644373" lon="2.8947830479592085">
        <ele>50.58</ele>
      </trkpt>
      <trkpt lat="48.860709043219686" lon="2.894405107945204">
        <ele>50.62</ele>
      </trkpt>
      <trkpt lat="48.86078498326242" lon="2.8940299339592457">
        <ele>50.61</ele>
      </trkpt>
      <trkpt lat="48.8608636893332" lon="2.8936577774584293">
        <ele>50.63</ele>
      </trkpt>
      <trkpt lat="48.86094231158495" lon="2.893285620957613">
        <ele>50.59</ele>
      </trkpt>
      <trkpt lat="48.86102101765573" lon="2.8929134644567966">
        <ele>50.64</ele>
      </trkpt>
      <trkpt lat="48.861098969355226" lon="2.892544995993376">
        <ele>50.73</ele>
      </trkpt>
      <trkpt lat="48.861122941598296" lon="2.892420943826437">
        <ele>50.8</ele>
      </trkpt>
      <trkpt lat="48.861074997112155" lon="2.8923869971185923">
        <ele>50.86</ele>
      </trkpt>
      <trkpt lat="48.8611329998821" lon="2.8922599274665117">
        <ele>50.93</ele>
      </trkpt>
      <trkpt lat="48.86122872121632" lon="2.891861032694578">
        <ele>51.01</ele>
      </trkpt>
      <trkpt lat="48.86132393963635" lon="2.8914639819413424">
        <ele>51.16</ele>
      </trkpt>
      <trkpt lat="48.86139635927975" lon="2.891101548448205">
        <ele>51.21</ele>
      </trkpt>
      <trkpt lat="48.861468862742186" lon="2.8907391987740993">
        <ele>51.16</ele>
      </trkpt>
      <trkpt lat="48.86154128238559" lon="2.890376765280962">
        <ele>51.24</ele>
      </trkpt>
      <trkpt lat="48.861612947657704" lon="2.8900179360061884">
        <ele>51.29</ele>
      </trkpt>
      <trkpt lat="48.86170037090778" lon="2.8896274231374264">
        <ele>51.37</ele>
      </trkpt>
      <trkpt lat="48.86178779415786" lon="2.8892368264496326">
        <ele>51.49</ele>
      </trkpt>
      <trkpt lat="48.86187521740794" lon="2.8888463135808706">
        <ele>51.54</ele>
      </trkpt>
      <trkpt lat="48.86196264065802" lon="2.8884558007121086">
        <ele>51.65</ele>
      </trkpt>
      <trkpt lat="48.86204897426069" lon="2.8880699817091227">
        <ele>51.68</ele>
      </trkpt>
      <trkpt lat="48.86213514022529" lon="2.887641917914152">
        <ele>51.79</ele>
      </trkpt>
      <trkpt lat="48.86222097091377" lon="2.8872159495949745">
        <ele>51.84</ele>
      </trkpt>
      <trkpt lat="48.86227008886635" lon="2.8869437891989946">
        <ele>51.93</ele>
      </trkpt>
      <trkpt lat="48.86231895536184" lon="2.886672969907522">
        <ele>52</ele>
      </trkpt>
      <trkpt lat="48.862425573170185" lon="2.8862329199910164">
        <ele>51.92</ele>
      </trkpt>
      <trkpt lat="48.862532107159495" lon="2.8857928700745106">
        <ele>51.75</ele>
      </trkpt>
      <trkpt lat="48.86263797059655" lon="2.8853559214621782">
        <ele>51.6</ele>
      </trkpt>
      <trkpt lat="48.86269806884229" lon="2.885063225403428">
        <ele>51.49</ele>
      </trkpt>
      <trkpt lat="48.86275799944997" lon="2.884771954268217">
        <ele>51.42</ele>
      </trkpt>
      <trkpt lat="48.86276696808636" lon="2.8847049828618765">
        <ele>51.3</ele>
      </trkpt>
      <trkpt lat="48.86276093311608" lon="2.884660977870226">
        <ele>51.18</ele>
      </trkpt>
      <trkpt lat="48.862870233133435" lon="2.884248672053218">
        <ele>51.12</ele>
      </trkpt>
      <trkpt lat="48.86297944933176" lon="2.88383636623621">
        <ele>50.97</ele>
      </trkpt>
      <trkpt lat="48.86308799497783" lon="2.883426994085312">
        <ele>50.77</ele>
      </trkpt>
      <trkpt lat="48.862989926710725" lon="2.883330937474966">
        <ele>50.68</ele>
      </trkpt>
      <trkpt lat="48.86280795559287" lon="2.883153995499015">
        <ele>50.6</ele>
      </trkpt>
      <trkpt lat="48.86270091868937" lon="2.8830389957875013">
        <ele>50.53</ele>
      </trkpt>
      <trkpt lat="48.862647945061326" lon="2.8829829208552837">
        <ele>50.49</ele>
      </trkpt>
      <trkpt lat="48.86261592619121" lon="2.8829499799758196">
        <ele>50.47</ele>
      </trkpt>
      <trkpt lat="48.86244795285165" lon="2.882782928645611">
        <ele>50.47</ele>
      </trkpt>
      <trkpt lat="48.86224410496652" lon="2.8825727943331003">
        <ele>50.49</ele>
      </trkpt>
      <trkpt lat="48.86204034090042" lon="2.88236266002059">
        <ele>50.53</ele>
      </trkpt>
      <trkpt lat="48.86183699592948" lon="2.882152944803238">
        <ele>50.59</ele>
      </trkpt>
      <trkpt lat="48.86160381138325" lon="2.881912300363183">
        <ele>50.66</ele>
      </trkpt>
      <trkpt lat="48.86137096211314" lon="2.881671991199255">
        <ele>50.8</ele>
      </trkpt>
      <trkpt lat="48.86123098433018" lon="2.8814869187772274">
        <ele>50.97</ele>
      </trkpt>
      <trkpt lat="48.86115596629679" lon="2.881398992612958">
        <ele>51.09</ele>
      </trkpt>
      <trkpt lat="48.86108698323369" lon="2.8813239745795727">
        <ele>51.19</ele>
      </trkpt>
      <trkpt lat="48.860893780365586" lon="2.881094226613641">
        <ele>51.31</ele>
      </trkpt>
      <trkpt lat="48.86070099659264" lon="2.880864981561899">
        <ele>51.33</ele>
      </trkpt>
      <trkpt lat="48.86067492887378" lon="2.8808289393782616">
        <ele>51.39</ele>
      </trkpt>
      <trkpt lat="48.86056998744607" lon="2.8807029593735933">
        <ele>51.42</ele>
      </trkpt>
      <trkpt lat="48.86044098995626" lon="2.880571950227022">
        <ele>51.44</ele>
      </trkpt>
      <trkpt lat="48.860390949994326" lon="2.880546972155571">
        <ele>51.48</ele>
      </trkpt>
      <trkpt lat="48.860364966094494" lon="2.88054496049881">
        <ele>51.54</ele>
      </trkpt>
      <trkpt lat="48.8602989166975" lon="2.880559964105487">
        <ele>51.6</ele>
      </trkpt>
      <trkpt lat="48.860239991918206" lon="2.8805959224700928">
        <ele>51.69</ele>
      </trkpt>
      <trkpt lat="48.86009599082172" lon="2.880720980465412">
        <ele>51.82</ele>
      </trkpt>
      <trkpt lat="48.85996397584677" lon="2.8808269277215004">
        <ele>51.93</ele>
      </trkpt>
      <trkpt lat="48.85990899056196" lon="2.8808599524199963">
        <ele>52.03</ele>
      </trkpt>
      <trkpt lat="48.85986397974193" lon="2.8808739501982927">
        <ele>52.12</ele>
      </trkpt>
      <trkpt lat="48.85982098057866" lon="2.880883924663067">
        <ele>52.22</ele>
      </trkpt>
      <trkpt lat="48.85973992757499" lon="2.8808799851685762">
        <ele>52.33</ele>
      </trkpt>
      <trkpt lat="48.85966499336064" lon="2.8808459546417">
        <ele>52.44</ele>
      </trkpt>
      <trkpt lat="48.85945695452392" lon="2.880637999624014">
        <ele>52.63</ele>
      </trkpt>
      <trkpt lat="48.85936299338937" lon="2.880541943013668">
        <ele>52.79</ele>
      </trkpt>
      <trkpt lat="48.859334997832775" lon="2.880485951900482">
        <ele>52.93</ele>
      </trkpt>
      <trkpt lat="48.8593199942261" lon="2.880422919988632">
        <ele>53.08</ele>
      </trkpt>
      <trkpt lat="48.85932091623545" lon="2.880356954410672">
        <ele>53.25</ele>
      </trkpt>
      <trkpt lat="48.85934698395431" lon="2.8802169766277075">
        <ele>53.44</ele>
      </trkpt>
      <trkpt lat="48.85943298228085" lon="2.8799759969115257">
        <ele>53.65</ele>
      </trkpt>
      <trkpt lat="48.85946994647384" lon="2.8798709716647863">
        <ele>53.99</ele>
      </trkpt>
      <trkpt lat="48.85952292010188" lon="2.879735939204693">
        <ele>54.39</ele>
      </trkpt>
      <trkpt lat="48.85970899835229" lon="2.8793979808688164">
        <ele>54.87</ele>
      </trkpt>
      <trkpt lat="48.859786950051785" lon="2.879256997257471">
        <ele>55.49</ele>
      </trkpt>
      <trkpt lat="48.859855933114886" lon="2.8791199531406164">
        <ele>56.15</ele>
      </trkpt>
      <trkpt lat="48.85984193533659" lon="2.8790949750691652">
        <ele>56.94</ele>
      </trkpt>
      <trkpt lat="48.85977798141539" lon="2.8789759520441294">
        <ele>57.89</ele>
      </trkpt>
      <trkpt lat="48.85964496061206" lon="2.8787219803780317">
        <ele>59.01</ele>
      </trkpt>
      <trkpt lat="48.859507916495204" lon="2.8784209862351418">
        <ele>60.35</ele>
      </trkpt>
      <trkpt lat="48.859462989494205" lon="2.8782569523900747">
        <ele>61.64</ele>
      </trkpt>
      <trkpt lat="48.85943197645247" lon="2.8780039865523577">
        <ele>63.09</ele>
      </trkpt>
      <trkpt lat="48.859380930662155" lon="2.8778209257870913">
        <ele>64.57</ele>
      </trkpt>
      <trkpt lat="48.859247993677855" lon="2.877525966614485">
        <ele>66.13</ele>
      </trkpt>
      <trkpt lat="48.85939392261207" lon="2.877155989408493">
        <ele>67.76</ele>
      </trkpt>
      <trkpt lat="48.85946810245514" lon="2.876908890902996">
        <ele>69.36</ele>
      </trkpt>
      <trkpt lat="48.85954194702208" lon="2.876662965863943">
        <ele>71.01</ele>
      </trkpt>
      <trkpt lat="48.85958452709019" lon="2.8763812500983477">
        <ele>72.86</ele>
      </trkpt>
      <trkpt lat="48.85962693952024" lon="2.8761009592562914">
        <ele>74.77</ele>
      </trkpt>
      <trkpt lat="48.859655018895864" lon="2.8758453112095594">
        <ele>76.71</ele>
      </trkpt>
      <trkpt lat="48.859682930633426" lon="2.8755909204483032">
        <ele>78.68</ele>
      </trkpt>
      <trkpt lat="48.859700532630086" lon="2.875304175540805">
        <ele>80.74</ele>
      </trkpt>
      <trkpt lat="48.85971796698868" lon="2.8750189393758774">
        <ele>82.81</ele>
      </trkpt>
      <trkpt lat="48.859681924805045" lon="2.8747939690947533">
        <ele>85</ele>
      </trkpt>
      <trkpt lat="48.859628951177" lon="2.874323995783925">
        <ele>87.42</ele>
      </trkpt>
      <trkpt lat="48.859547981992364" lon="2.8738879691809416">
        <ele>89.89</ele>
      </trkpt>
      <trkpt lat="48.85942795313895" lon="2.873704992234707">
        <ele>92.11</ele>
      </trkpt>
      <trkpt lat="48.85932192206383" lon="2.8735589794814587">
        <ele>94.27</ele>
      </trkpt>
      <trkpt lat="48.85923894122243" lon="2.8734449855983257">
        <ele>96.37</ele>
      </trkpt>
      <trkpt lat="48.85913693346083" lon="2.8731449972838163">
        <ele>98.38</ele>
      </trkpt>
      <trkpt lat="48.859118996188045" lon="2.8730339370667934">
        <ele>100.31</ele>
      </trkpt>
      <trkpt lat="48.859140956774354" lon="2.872740989550948">
        <ele>102.25</ele>
      </trkpt>
      <trkpt lat="48.859123941510916" lon="2.872538985684514">
        <ele>104.19</ele>
      </trkpt>
      <trkpt lat="48.858971977606416" lon="2.872172947973013">
        <ele>106.26</ele>
      </trkpt>
      <trkpt lat="48.858788665384054" lon="2.8718191478401423">
        <ele>108.41</ele>
      </trkpt>
      <trkpt lat="48.85860535316169" lon="2.8714654315263033">
        <ele>110.45</ele>
      </trkpt>
      <trkpt lat="48.85842204093933" lon="2.8711116313934326">
        <ele>112.47</ele>
      </trkpt>
      <trkpt lat="48.858238812536" lon="2.870757831260562">
        <ele>114.5</ele>
      </trkpt>
      <trkpt lat="48.85805692523718" lon="2.8704069647938013">
        <ele>116.43</ele>
      </trkpt>
      <trkpt lat="48.85796698741615" lon="2.8701539989560843">
        <ele>118.2</ele>
      </trkpt>
      <trkpt lat="48.85793387889862" lon="2.8697003703564405">
        <ele>119.92</ele>
      </trkpt>
      <trkpt lat="48.85790077038109" lon="2.8692468255758286">
        <ele>121.45</ele>
      </trkpt>
      <trkpt lat="48.85786799713969" lon="2.868796968832612">
        <ele>122.92</ele>
      </trkpt>
      <trkpt lat="48.85777168907225" lon="2.8683919552713633">
        <ele>124.09</ele>
      </trkpt>
      <trkpt lat="48.85767546482384" lon="2.867987025529146">
        <ele>125.09</ele>
      </trkpt>
      <trkpt lat="48.85757999494672" lon="2.8675849456340075">
        <ele>125.85</ele>
      </trkpt>
      <trkpt lat="48.85750581510365" lon="2.8673584666103125">
        <ele>126.54</ele>
      </trkpt>
      <trkpt lat="48.85743197053671" lon="2.867132993414998">
        <ele>127.13</ele>
      </trkpt>
      <trkpt lat="48.85727070271969" lon="2.86684675142169">
        <ele>127.59</ele>
      </trkpt>
      <trkpt lat="48.85710943490267" lon="2.8665605932474136">
        <ele>127.89</ele>
      </trkpt>
      <trkpt lat="48.85694825090468" lon="2.8662744350731373">
        <ele>128.05</ele>
      </trkpt>
      <trkpt lat="48.85678798891604" lon="2.8659899532794952">
        <ele>128</ele>
      </trkpt>
      <trkpt lat="48.8566137291491" lon="2.865673955529928">
        <ele>127.83</ele>
      </trkpt>
      <trkpt lat="48.85643997229636" lon="2.8653589636087418">
        <ele>127.67</ele>
      </trkpt>
      <trkpt lat="48.85634575970471" lon="2.8651616536080837">
        <ele>127.49</ele>
      </trkpt>
      <trkpt lat="48.85625196620822" lon="2.8649649303406477">
        <ele>127.26</ele>
      </trkpt>
      <trkpt lat="48.85612095706165" lon="2.86466795951128">
        <ele>126.95</ele>
      </trkpt>
      <trkpt lat="48.85597293265164" lon="2.8644009958952665">
        <ele>126.53</ele>
      </trkpt>
      <trkpt lat="48.855894980952144" lon="2.864182982593775">
        <ele>126.13</ele>
      </trkpt>
      <trkpt lat="48.85584192350507" lon="2.863972932100296">
        <ele>125.73</ele>
      </trkpt>
      <trkpt lat="48.85582993738353" lon="2.8637999296188354">
        <ele>125.27</ele>
      </trkpt>
      <trkpt lat="48.855878971517086" lon="2.863600943237543">
        <ele>124.83</ele>
      </trkpt>
      <trkpt lat="48.85597016662359" lon="2.8633599635213614">
        <ele>124.35</ele>
      </trkpt>
      <trkpt lat="48.85606094263494" lon="2.86311998963356">
        <ele>123.94</ele>
      </trkpt>
      <trkpt lat="48.85622899979353" lon="2.8628049977123737">
        <ele>123.66</ele>
      </trkpt>
      <trkpt lat="48.85627292096615" lon="2.8627039957791567">
        <ele>123.49</ele>
      </trkpt>
      <trkpt lat="48.85629496537149" lon="2.8626069333404303">
        <ele>123.38</ele>
      </trkpt>
      <trkpt lat="48.85629496537149" lon="2.8626068495213985">
        <ele>123.34</ele>
      </trkpt>
      <trkpt lat="48.85650996118784" lon="2.8623509500175714">
        <ele>123.64</ele>
      </trkpt>
      <trkpt lat="48.85661993175745" lon="2.8622169233858585">
        <ele>123.82</ele>
      </trkpt>
      <trkpt lat="48.85675295256078" lon="2.862053979188204">
        <ele>123.98</ele>
      </trkpt>
      <trkpt lat="48.85698094032705" lon="2.861742926761508">
        <ele>124.28</ele>
      </trkpt>
      <trkpt lat="48.85708663612604" lon="2.8615461196750402">
        <ele>124.61</ele>
      </trkpt>
      <trkpt lat="48.85719199664891" lon="2.8613499831408262">
        <ele>125.05</ele>
      </trkpt>
      <trkpt lat="48.85732996277511" lon="2.8611269406974316">
        <ele>125.62</ele>
      </trkpt>
      <trkpt lat="48.857160145416856" lon="2.8607284650206566">
        <ele>126.19</ele>
      </trkpt>
      <trkpt lat="48.8569903280586" lon="2.8603299893438816">
        <ele>126.74</ele>
      </trkpt>
      <trkpt lat="48.856820510700345" lon="2.859931429848075">
        <ele>127.23</ele>
      </trkpt>
      <trkpt lat="48.856651950627565" lon="2.8595359716564417">
        <ele>127.78</ele>
      </trkpt>
      <trkpt lat="48.85655296035111" lon="2.859248975291848">
        <ele>128.26</ele>
      </trkpt>
      <trkpt lat="48.856540974229574" lon="2.8592129331082106">
        <ele>128.7</ele>
      </trkpt>
      <trkpt lat="48.856584979221225" lon="2.8591679222881794">
        <ele>129.14</ele>
      </trkpt>
      <trkpt lat="48.85661699809134" lon="2.859104974195361">
        <ele>129.57</ele>
      </trkpt>
      <trkpt lat="48.85663493536413" lon="2.8590279445052147">
        <ele>130</ele>
      </trkpt>
      <trkpt lat="48.85663493536413" lon="2.8589469753205776">
        <ele>130.4</ele>
      </trkpt>
      <trkpt lat="48.85662395507097" lon="2.8588909842073917">
        <ele>130.79</ele>
      </trkpt>
      <trkpt lat="48.85660492815077" lon="2.8588409442454576">
        <ele>131.16</ele>
      </trkpt>
      <trkpt lat="48.85664097033441" lon="2.858773972839117">
        <ele>131.51</ele>
      </trkpt>
      <trkpt lat="48.85683828033507" lon="2.858421765267849">
        <ele>131.89</ele>
      </trkpt>
      <trkpt lat="48.85703559033573" lon="2.858069557696581">
        <ele>132.25</ele>
      </trkpt>
      <trkpt lat="48.857232900336385" lon="2.8577174339443445">
        <ele>132.67</ele>
      </trkpt>
      <trkpt lat="48.85743012651801" lon="2.8573652263730764">
        <ele>133.14</ele>
      </trkpt>
      <trkpt lat="48.85762743651867" lon="2.8570130188018084">
        <ele>133.58</ele>
      </trkpt>
      <trkpt lat="48.85782474651933" lon="2.8566608112305403">
        <ele>134.03</ele>
      </trkpt>
      <trkpt lat="48.858022056519985" lon="2.856308603659272">
        <ele>134.58</ele>
      </trkpt>
      <trkpt lat="48.85821936652064" lon="2.855956396088004">
        <ele>135.22</ele>
      </trkpt>
      <trkpt lat="48.858413994312286" lon="2.855608966201544">
        <ele>135.82</ele>
      </trkpt>
      <trkpt lat="48.85854994878173" lon="2.8553919587284327">
        <ele>136.33</ele>
      </trkpt>
      <trkpt lat="48.858722196891904" lon="2.855114098638296">
        <ele>136.77</ele>
      </trkpt>
      <trkpt lat="48.85889394208789" lon="2.854836992919445">
        <ele>137.21</ele>
      </trkpt>
      <trkpt lat="48.85900399647653" lon="2.85461294464767">
        <ele>137.64</ele>
      </trkpt>
      <trkpt lat="48.85910499840975" lon="2.854373976588249">
        <ele>138.05</ele>
      </trkpt>
      <trkpt lat="48.859163923189044" lon="2.854169961065054">
        <ele>138.44</ele>
      </trkpt>
      <trkpt lat="48.859210945665836" lon="2.853959994390607">
        <ele>138.82</ele>
      </trkpt>
      <trkpt lat="48.859264086931944" lon="2.8536902647465467">
        <ele>139.24</ele>
      </trkpt>
      <trkpt lat="48.859316976740956" lon="2.8534219600260258">
        <ele>139.62</ele>
      </trkpt>
      <trkpt lat="48.859385875985026" lon="2.8530410025268793">
        <ele>139.89</ele>
      </trkpt>
      <trkpt lat="48.859454775229096" lon="2.852660045027733">
        <ele>140.15</ele>
      </trkpt>
      <trkpt lat="48.8595237582922" lon="2.8522790875285864">
        <ele>140.38</ele>
      </trkpt>
      <trkpt lat="48.859591986984015" lon="2.851901985704899">
        <ele>140.53</ele>
      </trkpt>
      <trkpt lat="48.85964496061206" lon="2.8516939468681812">
        <ele>140.62</ele>
      </trkpt>
      <trkpt lat="48.85966298170388" lon="2.8516219463199377">
        <ele>140.64</ele>
      </trkpt>
      <trkpt lat="48.85988191701472" lon="2.851575929671526">
        <ele>140.64</ele>
      </trkpt>
      <trkpt lat="48.8601419236511" lon="2.851523458957672">
        <ele>140.53</ele>
      </trkpt>
      <trkpt lat="48.86040193028748" lon="2.8514709882438183">
        <ele>140.31</ele>
      </trkpt>
      <trkpt lat="48.860603934153914" lon="2.85147693939507">
        <ele>140.04</ele>
      </trkpt>
      <trkpt lat="48.86080593802035" lon="2.8514829743653536">
        <ele>139.77</ele>
      </trkpt>
      <trkpt lat="48.861099975183606" lon="2.85147693939507">
        <ele>139.43</ele>
      </trkpt>
      <trkpt lat="48.86134145781398" lon="2.8514309227466583">
        <ele>139.06</ele>
      </trkpt>
      <trkpt lat="48.86158294044435" lon="2.8513849899172783">
        <ele>138.7</ele>
      </trkpt>
      <trkpt lat="48.86182341724634" lon="2.8513754345476627">
        <ele>138.35</ele>
      </trkpt>
      <trkpt lat="48.862063977867365" lon="2.851365962997079">
        <ele>137.92</ele>
      </trkpt>
      <trkpt lat="48.86228743940592" lon="2.851374428719282">
        <ele>137.43</ele>
      </trkpt>
      <trkpt lat="48.8625109847635" lon="2.851382978260517">
        <ele>136.93</ele>
      </trkpt>
      <trkpt lat="48.862684993073344" lon="2.851428994908929">
        <ele>136.45</ele>
      </trkpt>
      <trkpt lat="48.8627599272877" lon="2.851499989628792">
        <ele>135.99</ele>
      </trkpt>
      <trkpt lat="48.862819941714406" lon="2.8513869177550077">
        <ele>135.53</ele>
      </trkpt>
      <trkpt lat="48.86289252899587" lon="2.85094041377306">
        <ele>135.1</ele>
      </trkpt>
      <trkpt lat="48.86296511627734" lon="2.850493909791112">
        <ele>134.62</ele>
      </trkpt>
      <trkpt lat="48.8630377035588" lon="2.8500473219901323">
        <ele>134.12</ele>
      </trkpt>
      <trkpt lat="48.86311029084027" lon="2.8496008180081844">
        <ele>133.85</ele>
      </trkpt>
      <trkpt lat="48.863181956112385" lon="2.8491599299013615">
        <ele>133.71</ele>
      </trkpt>
      <trkpt lat="48.86324716731906" lon="2.8487463667988777">
        <ele>133.55</ele>
      </trkpt>
      <trkpt lat="48.863311959430575" lon="2.8483349829912186">
        <ele>133.31</ele>
      </trkpt>
      <trkpt lat="48.86337314732373" lon="2.8479389380663633">
        <ele>133.03</ele>
      </trkpt>
      <trkpt lat="48.86343425139785" lon="2.847542893141508">
        <ele>132.93</ele>
      </trkpt>
      <trkpt lat="48.86349493637681" lon="2.8471499495208263">
        <ele>132.96</ele>
      </trkpt>
      <trkpt lat="48.86353609152138" lon="2.8469178546220064">
        <ele>133.12</ele>
      </trkpt>
      <trkpt lat="48.86357699520886" lon="2.8466869331896305">
        <ele>133.3</ele>
      </trkpt>
      <trkpt lat="48.863285975530744" lon="2.8465169481933117">
        <ele>133.58</ele>
      </trkpt>
      <trkpt lat="48.863206934183836" lon="2.846444947645068">
        <ele>133.9</ele>
      </trkpt>
      <trkpt lat="48.86315396055579" lon="2.8463739529252052">
        <ele>134.28</ele>
      </trkpt>
      <trkpt lat="48.863116996362805" lon="2.8462879545986652">
        <ele>134.69</ele>
      </trkpt>
      <trkpt lat="48.86300719343126" lon="2.8459479846060276">
        <ele>135.24</ele>
      </trkpt>
      <trkpt lat="48.86289747431874" lon="2.84560801461339">
        <ele>135.72</ele>
      </trkpt>
      <trkpt lat="48.86278775520623" lon="2.8452679608017206">
        <ele>136.17</ele>
      </trkpt>
      <trkpt lat="48.86267895810306" lon="2.844930924475193">
        <ele>136.61</ele>
      </trkpt>
      <trkpt lat="48.86257770471275" lon="2.844607885926962">
        <ele>137.1</ele>
      </trkpt>
      <trkpt lat="48.86247653514147" lon="2.8442848473787308">
        <ele>137.6</ele>
      </trkpt>
      <trkpt lat="48.86237595230341" lon="2.8439639881253242">
        <ele>138.07</ele>
      </trkpt>
      <trkpt lat="48.86225575581193" lon="2.8437029756605625">
        <ele>138.49</ele>
      </trkpt>
      <trkpt lat="48.86213597841561" lon="2.8434429690241814">
        <ele>138.86</ele>
      </trkpt>
      <trkpt lat="48.86199792847037" lon="2.8431669529527426">
        <ele>139.27</ele>
      </trkpt>
      <trkpt lat="48.86184495873749" lon="2.8429979737848043">
        <ele>139.66</ele>
      </trkpt>
      <trkpt lat="48.861547568812966" lon="2.842860259115696">
        <ele>139.97</ele>
      </trkpt>
      <trkpt lat="48.86125026270747" lon="2.8427226282656193">
        <ele>140.21</ele>
      </trkpt>
      <trkpt lat="48.86095295660198" lon="2.8425849974155426">
        <ele>140.27</ele>
      </trkpt>
      <trkpt lat="48.86091984808445" lon="2.842837627977133">
        <ele>140.37</ele>
      </trkpt>
      <trkpt lat="48.86088699102402" lon="2.8430889174342155">
        <ele>140.45</ele>
      </trkpt>
      <trkpt lat="48.8608359452337" lon="2.8432409651577473">
        <ele>140.49</ele>
      </trkpt>
      <trkpt lat="48.860694291070104" lon="2.843467276543379">
        <ele>140.5</ele>
      </trkpt>
      <trkpt lat="48.86055297218263" lon="2.8436929173767567">
        <ele>140.47</ele>
      </trkpt>
      <trkpt lat="48.86046999134123" lon="2.8437669295817614">
        <ele>140.44</ele>
      </trkpt>
      <trkpt lat="48.860434954985976" lon="2.8437669295817614">
        <ele>140.37</ele>
      </trkpt>
      <trkpt lat="48.8601990044117" lon="2.843551514670253">
        <ele>140.27</ele>
      </trkpt>
      <trkpt lat="48.85996297001839" lon="2.8433360159397125">
        <ele>140.12</ele>
      </trkpt>
      <trkpt lat="48.85972701944411" lon="2.8431205172091722">
        <ele>139.94</ele>
      </trkpt>
      <trkpt lat="48.85949106886983" lon="2.8429051022976637">
        <ele>139.89</ele>
      </trkpt>
      <trkpt lat="48.85925511829555" lon="2.8426896035671234">
        <ele>139.88</ele>
      </trkpt>
      <trkpt lat="48.85901992209256" lon="2.8424749430269003">
        <ele>139.85</ele>
      </trkpt>
      <trkpt lat="48.858846332877874" lon="2.84230831079185">
        <ele>139.79</ele>
      </trkpt>
      <trkpt lat="48.85867299512029" lon="2.842141930013895">
        <ele>139.71</ele>
      </trkpt>
      <trkpt lat="48.85845799930394" lon="2.8419229947030544">
        <ele>139.57</ele>
      </trkpt>
      <trkpt lat="48.85819933377206" lon="2.8416997008025646">
        <ele>139.56</ele>
      </trkpt>
      <trkpt lat="48.85794066824019" lon="2.841476406902075">
        <ele>139.59</ele>
      </trkpt>
      <trkpt lat="48.857682002708316" lon="2.841253113001585">
        <ele>139.52</ele>
      </trkpt>
      <trkpt lat="48.857423420995474" lon="2.841029819101095">
        <ele>139.49</ele>
      </trkpt>
      <trkpt lat="48.8571647554636" lon="2.8408065252006054">
        <ele>139.49</ele>
      </trkpt>
      <trkpt lat="48.856906928122044" lon="2.840583985671401">
        <ele>139.49</ele>
      </trkpt>
      <trkpt lat="48.85673082433641" lon="2.840402852743864">
        <ele>139.49</ele>
      </trkpt>
      <trkpt lat="48.85655497200787" lon="2.8402219712734222">
        <ele>139.49</ele>
      </trkpt>
      <trkpt lat="48.85636579245329" lon="2.8400122560560703">
        <ele>139.48</ele>
      </trkpt>
      <trkpt lat="48.856176948174834" lon="2.839802959933877">
        <ele>139.49</ele>
      </trkpt>
      <trkpt lat="48.85595449246466" lon="2.8395406901836395">
        <ele>139.38</ele>
      </trkpt>
      <trkpt lat="48.85573203675449" lon="2.8392785042524338">
        <ele>139.32</ele>
      </trkpt>
      <trkpt lat="48.855509581044316" lon="2.8390162345021963">
        <ele>139.31</ele>
      </trkpt>
      <trkpt lat="48.85528796352446" lon="2.8387549705803394">
        <ele>139.29</ele>
      </trkpt>
      <trkpt lat="48.85506567545235" lon="2.8384586703032255">
        <ele>139.17</ele>
      </trkpt>
      <trkpt lat="48.854843974113464" lon="2.8381629567593336">
        <ele>138.99</ele>
      </trkpt>
      <trkpt lat="48.85471229441464" lon="2.8379792254418135">
        <ele>138.82</ele>
      </trkpt>
      <trkpt lat="48.85458094999194" lon="2.8377959970384836">
        <ele>138.64</ele>
      </trkpt>
      <trkpt lat="48.854383723810315" lon="2.8375344816595316">
        <ele>138.46</ele>
      </trkpt>
      <trkpt lat="48.85418649762869" lon="2.8372729662805796">
        <ele>138.26</ele>
      </trkpt>
      <trkpt lat="48.853989355266094" lon="2.8370115347206593">
        <ele>138.12</ele>
      </trkpt>
      <trkpt lat="48.85379212908447" lon="2.8367500193417072">
        <ele>137.97</ele>
      </trkpt>
      <trkpt lat="48.853595992550254" lon="2.8364899288862944">
        <ele>137.77</ele>
      </trkpt>
      <trkpt lat="48.85348493233323" lon="2.836383981630206">
        <ele>137.59</ele>
      </trkpt>
      <trkpt lat="48.85323992930353" lon="2.836277950555086">
        <ele>137.34</ele>
      </trkpt>
      <trkpt lat="48.85299492627382" lon="2.836171919479966">
        <ele>137.05</ele>
      </trkpt>
      <trkpt lat="48.85273475199938" lon="2.8360713366419077">
        <ele>136.81</ele>
      </trkpt>
      <trkpt lat="48.852474577724934" lon="2.835970753803849">
        <ele>136.59</ele>
      </trkpt>
      <trkpt lat="48.85221431963146" lon="2.8358701709657907">
        <ele>136.36</ele>
      </trkpt>
      <trkpt lat="48.85195414535701" lon="2.8357695881277323">
        <ele>136.11</ele>
      </trkpt>
      <trkpt lat="48.85169397108257" lon="2.835668921470642">
        <ele>135.89</ele>
      </trkpt>
      <trkpt lat="48.85151141323149" lon="2.8355934843420982">
        <ele>135.74</ele>
      </trkpt>
      <trkpt lat="48.85132893919945" lon="2.8355179633945227">
        <ele>135.66</ele>
      </trkpt>
      <trkpt lat="48.85117496363819" lon="2.8354119323194027">
        <ele>135.6</ele>
      </trkpt>
      <trkpt lat="48.85095627978444" lon="2.8352210763841867">
        <ele>135.55</ele>
      </trkpt>
      <trkpt lat="48.850737512111664" lon="2.835030136629939">
        <ele>135.55</ele>
      </trkpt>
      <trkpt lat="48.85051882825792" lon="2.8348391968756914">
        <ele>135.5</ele>
      </trkpt>
      <trkpt lat="48.85030006058514" lon="2.8346483409404755">
        <ele>135.46</ele>
      </trkpt>
      <trkpt lat="48.85008196346462" lon="2.83445798791945">
        <ele>135.47</ele>
      </trkpt>
      <trkpt lat="48.84992899373174" lon="2.8342999890446663">
        <ele>135.53</ele>
      </trkpt>
      <trkpt lat="48.849862944334745" lon="2.834176942706108">
        <ele>135.61</ele>
      </trkpt>
      <trkpt lat="48.849781304597855" lon="2.8339088894426823">
        <ele>135.74</ele>
      </trkpt>
      <trkpt lat="48.84969991631806" lon="2.8336419258266687">
        <ele>135.91</ele>
      </trkpt>
      <trkpt lat="48.849613750353456" lon="2.8333257604390383">
        <ele>136.09</ele>
      </trkpt>
      <trkpt lat="48.84952791966498" lon="2.8330109361559153">
        <ele>136.26</ele>
      </trkpt>
      <trkpt lat="48.84947184473276" lon="2.8327863849699497">
        <ele>136.42</ele>
      </trkpt>
      <trkpt lat="48.84941593743861" lon="2.8325629234313965">
        <ele>136.61</ele>
      </trkpt>
      <trkpt lat="48.84939992800355" lon="2.8323549684137106">
        <ele>136.73</ele>
      </trkpt>
      <trkpt lat="48.84941794909537" lon="2.8320499509572983">
        <ele>136.8</ele>
      </trkpt>
      <trkpt lat="48.84947276674211" lon="2.831740826368332">
        <ele>136.87</ele>
      </trkpt>
      <trkpt lat="48.84952758438885" lon="2.8314317017793655">
        <ele>136.95</ele>
      </trkpt>
      <trkpt lat="48.84958206675947" lon="2.8311241697520018">
        <ele>137.02</ele>
      </trkpt>
      <trkpt lat="48.849581982940435" lon="2.8311247564852238">
        <ele>137.09</ele>
      </trkpt>
      <trkpt lat="48.849581982940435" lon="2.831124924123287">
        <ele>137.16</ele>
      </trkpt>
      <trkpt lat="48.84966965764761" lon="2.8307691123336554">
        <ele>137.23</ele>
      </trkpt>
      <trkpt lat="48.84975699707866" lon="2.830414976924658">
        <ele>137.33</ele>
      </trkpt>
      <trkpt lat="48.84986068122089" lon="2.8300215303897858">
        <ele>137.4</ele>
      </trkpt>
      <trkpt lat="48.84996394626796" lon="2.8296299278736115">
        <ele>137.41</ele>
      </trkpt>
      <trkpt lat="48.84986495599151" lon="2.8295539878308773">
        <ele>137.38</ele>
      </trkpt>
      <trkpt lat="48.8499119784683" lon="2.829398922622204">
        <ele>137.41</ele>
      </trkpt>
      <trkpt lat="48.84970494545996" lon="2.8293689992278814">
        <ele>137.4</ele>
      </trkpt>
      <trkpt lat="48.84947997517884" lon="2.8293609526008368">
        <ele>137.49</ele>
      </trkpt>
      <trkpt lat="48.84921996854246" lon="2.829375956207514">
        <ele>137.61</ele>
      </trkpt>
      <trkpt lat="48.848940934985876" lon="2.8293319512158632">
        <ele>137.77</ele>
      </trkpt>
      <trkpt lat="48.848765920847654" lon="2.829293981194496">
        <ele>137.86</ele>
      </trkpt>
      <trkpt lat="48.84861194528639" lon="2.8292399179190397">
        <ele>137.9</ele>
      </trkpt>
      <trkpt lat="48.848530976101756" lon="2.8291899617761374">
        <ele>137.9</ele>
      </trkpt>
      <trkpt lat="48.84843894280493" lon="2.8291079867631197">
        <ele>137.89</ele>
      </trkpt>
      <trkpt lat="48.84832595475018" lon="2.828953927382827">
        <ele>137.82</ele>
      </trkpt>
      <trkpt lat="48.84827692061663" lon="2.8288529254496098">
        <ele>137.73</ele>
      </trkpt>
      <trkpt lat="48.84820492006838" lon="2.828649999573827">
        <ele>137.6</ele>
      </trkpt>
      <trkpt lat="48.848166950047016" lon="2.8285039868205786">
        <ele>137.52</ele>
      </trkpt>
      <trkpt lat="48.848073994740844" lon="2.8281609155237675">
        <ele>137.48</ele>
      </trkpt>
      <trkpt lat="48.84798103943467" lon="2.8278178442269564">
        <ele>137.35</ele>
      </trkpt>
      <trkpt lat="48.8478880841285" lon="2.827474856749177">
        <ele>137.26</ele>
      </trkpt>
      <trkpt lat="48.847795967012644" lon="2.827134970575571">
        <ele>137.16</ele>
      </trkpt>
      <trkpt lat="48.847755985334516" lon="2.826988957822323">
        <ele>137.07</ele>
      </trkpt>
      <trkpt lat="48.8477049395442" lon="2.826798940077424">
        <ele>136.98</ele>
      </trkpt>
      <trkpt lat="48.84761022403836" lon="2.8264526836574078">
        <ele>136.89</ele>
      </trkpt>
      <trkpt lat="48.84751592762768" lon="2.8261079359799623">
        <ele>136.84</ele>
      </trkpt>
      <trkpt lat="48.84747393429279" lon="2.8259509429335594">
        <ele>136.79</ele>
      </trkpt>
      <trkpt lat="48.847379721701145" lon="2.8256049379706383">
        <ele>136.76</ele>
      </trkpt>
      <trkpt lat="48.8472855091095" lon="2.8252588491886854">
        <ele>136.73</ele>
      </trkpt>
      <trkpt lat="48.84719129651785" lon="2.8249127604067326">
        <ele>136.7</ele>
      </trkpt>
      <trkpt lat="48.84709792211652" lon="2.8245699405670166">
        <ele>136.74</ele>
      </trkpt>
      <trkpt lat="48.84706296958029" lon="2.824441948905587">
        <ele>136.71</ele>
      </trkpt>
      <trkpt lat="48.84703597985208" lon="2.8243849519640207">
        <ele>136.68</ele>
      </trkpt>
      <trkpt lat="48.84695693850517" lon="2.82427498139441">
        <ele>136.62</ele>
      </trkpt>
      <trkpt lat="48.84687094017863" lon="2.8241379372775555">
        <ele>136.55</ele>
      </trkpt>
      <trkpt lat="48.84683498181403" lon="2.82395395450294">
        <ele>136.46</ele>
      </trkpt>
      <trkpt lat="48.84678234346211" lon="2.8236496914178133">
        <ele>136.35</ele>
      </trkpt>
      <trkpt lat="48.84672995656729" lon="2.8233469370752573">
        <ele>136.18</ele>
      </trkpt>
      <trkpt lat="48.84666793048382" lon="2.8230119962245226">
        <ele>135.98</ele>
      </trkpt>
      <trkpt lat="48.846595929935575" lon="2.8226989321410656">
        <ele>135.86</ele>
      </trkpt>
      <trkpt lat="48.84654697962105" lon="2.8225059807300568">
        <ele>135.68</ele>
      </trkpt>
      <trkpt lat="48.8464979454875" lon="2.822315962985158">
        <ele>135.49</ele>
      </trkpt>
      <trkpt lat="48.84645997546613" lon="2.8221319802105427">
        <ele>135.22</ele>
      </trkpt>
      <trkpt lat="48.84639895521104" lon="2.821923941373825">
        <ele>134.93</ele>
      </trkpt>
      <trkpt lat="48.84635838679969" lon="2.8216778486967087">
        <ele>134.63</ele>
      </trkpt>
      <trkpt lat="48.846317986026406" lon="2.8214329294860363">
        <ele>134.35</ele>
      </trkpt>
      <trkpt lat="48.84627942927182" lon="2.821042500436306">
        <ele>134.07</ele>
      </trkpt>
      <trkpt lat="48.84624095633626" lon="2.8206520713865757">
        <ele>133.91</ele>
      </trkpt>
      <trkpt lat="48.8462024834007" lon="2.8202616423368454">
        <ele>133.85</ele>
      </trkpt>
      <trkpt lat="48.84616392664611" lon="2.819871213287115">
        <ele>133.8</ele>
      </trkpt>
      <trkpt lat="48.846125956624746" lon="2.819485981017351">
        <ele>133.72</ele>
      </trkpt>
      <trkpt lat="48.846122939139605" lon="2.8194299899041653">
        <ele>133.66</ele>
      </trkpt>
      <trkpt lat="48.846104415133595" lon="2.8190765250474215">
        <ele>133.62</ele>
      </trkpt>
      <trkpt lat="48.84608597494662" lon="2.818724988028407">
        <ele>133.62</ele>
      </trkpt>
      <trkpt lat="48.84607499465346" lon="2.8185239899903536">
        <ele>133.63</ele>
      </trkpt>
      <trkpt lat="48.84606493636966" lon="2.8183319605886936">
        <ele>133.65</ele>
      </trkpt>
      <trkpt lat="48.846055967733264" lon="2.818171950057149">
        <ele>133.66</ele>
      </trkpt>
      <trkpt lat="48.846040377393365" lon="2.8179182298481464">
        <ele>133.65</ele>
      </trkpt>
      <trkpt lat="48.84602495469153" lon="2.817665934562683">
        <ele>133.59</ele>
      </trkpt>
      <trkpt lat="48.845996959134936" lon="2.817197972908616">
        <ele>133.63</ele>
      </trkpt>
      <trkpt lat="48.84598094969988" lon="2.8169307578355074">
        <ele>133.67</ele>
      </trkpt>
      <trkpt lat="48.84596494026482" lon="2.816664967685938">
        <ele>133.7</ele>
      </trkpt>
      <trkpt lat="48.84594499133527" lon="2.8163169510662556">
        <ele>133.71</ele>
      </trkpt>
      <trkpt lat="48.84592194110155" lon="2.8159179724752903">
        <ele>133.79</ele>
      </trkpt>
      <trkpt lat="48.84589956142008" lon="2.815546654164791">
        <ele>133.71</ele>
      </trkpt>
      <trkpt lat="48.845877181738615" lon="2.81517525203526">
        <ele>133.69</ele>
      </trkpt>
      <trkpt lat="48.84585496969521" lon="2.8148069512099028">
        <ele>133.67</ele>
      </trkpt>
      <trkpt lat="48.84583493694663" lon="2.8146979864686728">
        <ele>133.65</ele>
      </trkpt>
      <trkpt lat="48.84578498080373" lon="2.8146199509501457">
        <ele>133.61</ele>
      </trkpt>
      <trkpt lat="48.84576394222677" lon="2.814603941515088">
        <ele>133.58</ele>
      </trkpt>
      <trkpt lat="48.845542995259166" lon="2.814520290121436">
        <ele>133.53</ele>
      </trkpt>
      <trkpt lat="48.84532196447253" lon="2.814436638727784">
        <ele>133.51</ele>
      </trkpt>
      <trkpt lat="48.8451009336859" lon="2.814352987334132">
        <ele>133.48</ele>
      </trkpt>
      <trkpt lat="48.84497193619609" lon="2.81428593210876">
        <ele>133.46</ele>
      </trkpt>
      <trkpt lat="48.84479893371463" lon="2.814158946275711">
        <ele>133.44</ele>
      </trkpt>
      <trkpt lat="48.84461293928325" lon="2.813943950459361">
        <ele>133.46</ele>
      </trkpt>
      <trkpt lat="48.84451696649194" lon="2.8137809224426746">
        <ele>133.41</ele>
      </trkpt>
      <trkpt lat="48.844390735030174" lon="2.8135470673441887">
        <ele>133.4</ele>
      </trkpt>
      <trkpt lat="48.84426492266357" lon="2.813313966616988">
        <ele>133.43</ele>
      </trkpt>
      <trkpt lat="48.844123939052224" lon="2.8130499366670847">
        <ele>133.43</ele>
      </trkpt>
      <trkpt lat="48.843960240483284" lon="2.8127760998904705">
        <ele>133.33</ele>
      </trkpt>
      <trkpt lat="48.8437969610095" lon="2.81250293366611">
        <ele>133.14</ele>
      </trkpt>
      <trkpt lat="48.84368497878313" lon="2.812414923682809">
        <ele>133.07</ele>
      </trkpt>
      <trkpt lat="48.84350996464491" lon="2.8122769575566053">
        <ele>133.03</ele>
      </trkpt>
      <trkpt lat="48.843204444274306" lon="2.8121684957295656">
        <ele>132.98</ele>
      </trkpt>
      <trkpt lat="48.842898923903704" lon="2.812059950083494">
        <ele>132.88</ele>
      </trkpt>
      <trkpt lat="48.84260295890272" lon="2.8119664918631315">
        <ele>132.84</ele>
      </trkpt>
      <trkpt lat="48.84230699390173" lon="2.811872949823737">
        <ele>132.8</ele>
      </trkpt>
      <trkpt lat="48.842061990872025" lon="2.8117689304053783">
        <ele>132.78</ele>
      </trkpt>
      <trkpt lat="48.84178698062897" lon="2.811672957614064">
        <ele>132.76</ele>
      </trkpt>
      <trkpt lat="48.84151197038591" lon="2.81157698482275">
        <ele>132.81</ele>
      </trkpt>
      <trkpt lat="48.84131348691881" lon="2.8115080017596483">
        <ele>132.79</ele>
      </trkpt>
      <trkpt lat="48.84111491963267" lon="2.811438934877515">
        <ele>132.74</ele>
      </trkpt>
      <trkpt lat="48.84101592935622" lon="2.811410939320922">
        <ele>132.68</ele>
      </trkpt>
      <trkpt lat="48.84101492352784" lon="2.8114099334925413">
        <ele>132.64</ele>
      </trkpt>
      <trkpt lat="48.84073647670448" lon="2.8113309759646654">
        <ele>132.62</ele>
      </trkpt>
      <trkpt lat="48.84045794606209" lon="2.811251934617758">
        <ele>132.68</ele>
      </trkpt>
      <trkpt lat="48.84022400714457" lon="2.811270458623767">
        <ele>132.57</ele>
      </trkpt>
      <trkpt lat="48.83998998440802" lon="2.811288982629776">
        <ele>132.39</ele>
      </trkpt>
      <trkpt lat="48.83978462778032" lon="2.811380596831441">
        <ele>132.16</ele>
      </trkpt>
      <trkpt lat="48.839579271152616" lon="2.8114722948521376">
        <ele>131.96</ele>
      </trkpt>
      <trkpt lat="48.839373998343945" lon="2.811563992872834">
        <ele>131.87</ele>
      </trkpt>
      <trkpt lat="48.83922144770622" lon="2.8116284497082233">
        <ele>131.71</ele>
      </trkpt>
      <trkpt lat="48.83906898088753" lon="2.811692990362644">
        <ele>131.54</ele>
      </trkpt>
      <trkpt lat="48.838795982301235" lon="2.8117739595472813">
        <ele>131.28</ele>
      </trkpt>
      <trkpt lat="48.83852298371494" lon="2.8118549287319183">
        <ele>131.12</ele>
      </trkpt>
      <trkpt lat="48.83826800622046" lon="2.811930449679494">
        <ele>130.94</ele>
      </trkpt>
      <trkpt lat="48.83801294490695" lon="2.8120059706270695">
        <ele>130.76</ele>
      </trkpt>
      <trkpt lat="48.83772846311331" lon="2.812122479081154">
        <ele>130.57</ele>
      </trkpt>
      <trkpt lat="48.837443981319666" lon="2.8122389875352383">
        <ele>130.43</ele>
      </trkpt>
      <trkpt lat="48.837217669934034" lon="2.8123444318771362">
        <ele>130.28</ele>
      </trkpt>
      <trkpt lat="48.836991442367435" lon="2.812449960038066">
        <ele>130.21</ele>
      </trkpt>
      <trkpt lat="48.8367651309818" lon="2.8125554881989956">
        <ele>130.17</ele>
      </trkpt>
      <trkpt lat="48.836538987234235" lon="2.8126609325408936">
        <ele>130.1</ele>
      </trkpt>
      <trkpt lat="48.8363179564476" lon="2.812773920595646">
        <ele>129.94</ele>
      </trkpt>
      <trkpt lat="48.83614495396614" lon="2.812838964164257">
        <ele>129.78</ele>
      </trkpt>
      <trkpt lat="48.83597195148468" lon="2.8129039239138365">
        <ele>129.61</ele>
      </trkpt>
      <trkpt lat="48.83567196317017" lon="2.8130019921809435">
        <ele>129.43</ele>
      </trkpt>
      <trkpt lat="48.835449339821935" lon="2.8130549658089876">
        <ele>129.26</ele>
      </trkpt>
      <trkpt lat="48.83522663265467" lon="2.8131079394370317">
        <ele>129.05</ele>
      </trkpt>
      <trkpt lat="48.8350039254874" lon="2.8131609968841076">
        <ele>128.86</ele>
      </trkpt>
      <trkpt lat="48.83473997935653" lon="2.81321095302701">
        <ele>128.74</ele>
      </trkpt>
      <trkpt lat="48.83461995050311" lon="2.813243977725506">
        <ele>128.66</ele>
      </trkpt>
      <trkpt lat="48.83455398492515" lon="2.8132779244333506">
        <ele>128.55</ele>
      </trkpt>
      <trkpt lat="48.83443898521364" lon="2.813399964943528">
        <ele>128.45</ele>
      </trkpt>
      <trkpt lat="48.83426321670413" lon="2.8136793337762356">
        <ele>128.34</ele>
      </trkpt>
      <trkpt lat="48.83408795110881" lon="2.8139579482376575">
        <ele>128.29</ele>
      </trkpt>
      <trkpt lat="48.83395199663937" lon="2.8142139315605164">
        <ele>128.31</ele>
      </trkpt>
      <trkpt lat="48.83386599831283" lon="2.814350975677371">
        <ele>128.44</ele>
      </trkpt>
      <trkpt lat="48.83375393226743" lon="2.814522972330451">
        <ele>128.61</ele>
      </trkpt>
      <trkpt lat="48.83360096253455" lon="2.8147389739751816">
        <ele>128.81</ele>
      </trkpt>
      <trkpt lat="48.83354899473488" lon="2.814823966473341">
        <ele>129.04</ele>
      </trkpt>
      <trkpt lat="48.83349694311619" lon="2.81493091955781">
        <ele>129.33</ele>
      </trkpt>
      <trkpt lat="48.833400970324874" lon="2.815169971436262">
        <ele>129.71</ele>
      </trkpt>
      <trkpt lat="48.833294939249754" lon="2.8154569678008556">
        <ele>130.13</ele>
      </trkpt>
      <trkpt lat="48.83319024927914" lon="2.815773133188486">
        <ele>130.51</ele>
      </trkpt>
      <trkpt lat="48.83308597840369" lon="2.816087957471609">
        <ele>130.86</ele>
      </trkpt>
      <trkpt lat="48.8330299872905" lon="2.8161829244345427">
        <ele>131.12</ele>
      </trkpt>
      <trkpt lat="48.83299897424877" lon="2.816292978823185">
        <ele>131.41</ele>
      </trkpt>
      <trkpt lat="48.83294792845845" lon="2.8163989260792732">
        <ele>131.68</ele>
      </trkpt>
      <trkpt lat="48.832890931516886" lon="2.816504957154393">
        <ele>131.91</ele>
      </trkpt>
      <trkpt lat="48.83283594623208" lon="2.8165859263390303">
        <ele>132.11</ele>
      </trkpt>
      <trkpt lat="48.83272496983409" lon="2.8167449310421944">
        <ele>132.35</ele>
      </trkpt>
      <trkpt lat="48.83260292932391" lon="2.8168939612805843">
        <ele>132.6</ele>
      </trkpt>
      <trkpt lat="48.83247083052993" lon="2.8170425724238157">
        <ele>132.73</ele>
      </trkpt>
      <trkpt lat="48.83233898319304" lon="2.817190932109952">
        <ele>132.82</ele>
      </trkpt>
      <trkpt lat="48.832091968506575" lon="2.8174329176545143">
        <ele>132.9</ele>
      </trkpt>
      <trkpt lat="48.83195442147553" lon="2.8175515215843916">
        <ele>133.03</ele>
      </trkpt>
      <trkpt lat="48.831816958263516" lon="2.8176699578762054">
        <ele>133.11</ele>
      </trkpt>
      <trkpt lat="48.83164789527655" lon="2.817825525999069">
        <ele>133.27</ele>
      </trkpt>
      <trkpt lat="48.83147899992764" lon="2.8179809264838696">
        <ele>133.3</ele>
      </trkpt>
      <trkpt lat="48.83124983869493" lon="2.8181705251336098">
        <ele>133.31</ele>
      </trkpt>
      <trkpt lat="48.831020928919315" lon="2.8183599561452866">
        <ele>133.21</ele>
      </trkpt>
      <trkpt lat="48.83086586371064" lon="2.818481493741274">
        <ele>133.18</ele>
      </trkpt>
      <trkpt lat="48.83071096614003" lon="2.8186029475182295">
        <ele>133.19</ele>
      </trkpt>
      <trkpt lat="48.83053192868829" lon="2.8187325317412615">
        <ele>133.3</ele>
      </trkpt>
      <trkpt lat="48.830352975055575" lon="2.81886194832623">
        <ele>133.45</ele>
      </trkpt>
      <trkpt lat="48.830183409154415" lon="2.8189605195075274">
        <ele>133.54</ele>
      </trkpt>
      <trkpt lat="48.83001392707229" lon="2.8190589230507612">
        <ele>133.64</ele>
      </trkpt>
      <trkpt lat="48.82997092790902" lon="2.8191469330340624">
        <ele>133.78</ele>
      </trkpt>
      <trkpt lat="48.82993840612471" lon="2.819388583302498">
        <ele>133.98</ele>
      </trkpt>
      <trkpt lat="48.82990596815944" lon="2.8196289762854576">
        <ele>134.23</ele>
      </trkpt>
      <trkpt lat="48.82990496233106" lon="2.819736935198307">
        <ele>134.39</ele>
      </trkpt>
      <trkpt lat="48.82991594262421" lon="2.819855958223343">
        <ele>134.51</ele>
      </trkpt>
      <trkpt lat="48.82993798702955" lon="2.8199179843068123">
        <ele>134.58</ele>
      </trkpt>
      <trkpt lat="48.829667922109365" lon="2.820067936554551">
        <ele>134.63</ele>
      </trkpt>
      <trkpt lat="48.82950196042657" lon="2.820173967629671">
        <ele>134.71</ele>
      </trkpt>
      <trkpt lat="48.8294589612633" lon="2.8201989457011223">
        <ele>134.7</ele>
      </trkpt>
      <trkpt lat="48.8293569535017" lon="2.820206992328167">
        <ele>134.66</ele>
      </trkpt>
      <trkpt lat="48.829324934631586" lon="2.8201899770647287">
        <ele>134.57</ele>
      </trkpt>
      <trkpt lat="48.82929593324661" lon="2.8201629873365164">
        <ele>134.44</ele>
      </trkpt>
      <trkpt lat="48.82915595546365" lon="2.8200159687548876">
        <ele>134.17</ele>
      </trkpt>
      <trkpt lat="48.829109938815236" lon="2.819981938228011">
        <ele>133.91</ele>
      </trkpt>
      <trkpt lat="48.82906895130873" lon="2.819966934621334">
        <ele>133.64</ele>
      </trkpt>
      <trkpt lat="48.82898597046733" lon="2.819981938228011">
        <ele>133.35</ele>
      </trkpt>
      <trkpt lat="48.82891899906099" lon="2.8200339898467064">
        <ele>133.07</ele>
      </trkpt>
      <trkpt lat="48.82878698408604" lon="2.8201629873365164">
        <ele>132.72</ele>
      </trkpt>
      <trkpt lat="48.82857793942094" lon="2.820315957069397">
        <ele>132.4</ele>
      </trkpt>
      <trkpt lat="48.8283468503505" lon="2.820509411394596">
        <ele>131.94</ele>
      </trkpt>
      <trkpt lat="48.82811576128006" lon="2.8207027819007635">
        <ele>131.48</ele>
      </trkpt>
      <trkpt lat="48.827884923666716" lon="2.8208959847688675">
        <ele>131.03</ele>
      </trkpt>
      <trkpt lat="48.827708987519145" lon="2.82103193923831">
        <ele>130.67</ele>
      </trkpt>
      <trkpt lat="48.8275489769876" lon="2.8211279958486557">
        <ele>130.26</ele>
      </trkpt>
      <trkpt lat="48.82726742886007" lon="2.821265459060669">
        <ele>129.95</ele>
      </trkpt>
      <trkpt lat="48.82698596455157" lon="2.821402922272682">
        <ele>129.59</ele>
      </trkpt>
      <trkpt lat="48.82691999897361" lon="2.8214139863848686">
        <ele>129.28</ele>
      </trkpt>
      <trkpt lat="48.82683416828513" lon="2.8213860746473074">
        <ele>128.99</ele>
      </trkpt>
      <trkpt lat="48.82683400064707" lon="2.8213859908282757">
        <ele>128.74</ele>
      </trkpt>
      <trkpt lat="48.826833916828036" lon="2.8213859908282757">
        <ele>128.51</ele>
      </trkpt>
      <trkpt lat="48.826569970697165" lon="2.8211839869618416">
        <ele>128.22</ele>
      </trkpt>
      <trkpt lat="48.82651498541236" lon="2.8211809694767">
        <ele>128.06</ele>
      </trkpt>
      <trkpt lat="48.826237712055445" lon="2.8213097155094147">
        <ele>128.03</ele>
      </trkpt>
      <trkpt lat="48.82596043869853" lon="2.8214384615421295">
        <ele>127.91</ele>
      </trkpt>
      <trkpt lat="48.825683165341616" lon="2.8215672075748444">
        <ele>127.79</ele>
      </trkpt>
      <trkpt lat="48.82540597580373" lon="2.821695953607559">
        <ele>127.68</ele>
      </trkpt>
      <trkpt lat="48.825367921963334" lon="2.8217459935694933">
        <ele>127.68</ele>
      </trkpt>
      <trkpt lat="48.82533892057836" lon="2.8218419663608074">
        <ele>127.75</ele>
      </trkpt>
      <trkpt lat="48.82529298774898" lon="2.82206391915679">
        <ele>127.88</ele>
      </trkpt>
      <trkpt lat="48.82527396082878" lon="2.822128962725401">
        <ele>128.01</ele>
      </trkpt>
      <trkpt lat="48.825235990807414" lon="2.8222109377384186">
        <ele>128.17</ele>
      </trkpt>
      <trkpt lat="48.825176982209086" lon="2.822250919416547">
        <ele>128.3</ele>
      </trkpt>
      <trkpt lat="48.825000459328294" lon="2.822330966591835">
        <ele>128.41</ele>
      </trkpt>
      <trkpt lat="48.8248239364475" lon="2.8224109299480915">
        <ele>128.58</ele>
      </trkpt>
      <trkpt lat="48.82467096671462" lon="2.8224909771233797">
        <ele>128.81</ele>
      </trkpt>
      <trkpt lat="48.82441699504852" lon="2.8226639796048403">
        <ele>129.11</ele>
      </trkpt>
      <trkpt lat="48.824254889041185" lon="2.822767496109009">
        <ele>129.33</ele>
      </trkpt>
      <trkpt lat="48.82409295067191" lon="2.8228709287941456">
        <ele>129.51</ele>
      </trkpt>
      <trkpt lat="48.82380419410765" lon="2.823041332885623">
        <ele>129.54</ele>
      </trkpt>
      <trkpt lat="48.823515521362424" lon="2.8232117369771004">
        <ele>129.51</ele>
      </trkpt>
      <trkpt lat="48.82322693243623" lon="2.8233819734305143">
        <ele>129.65</ele>
      </trkpt>
      <trkpt lat="48.82295921444893" lon="2.8235323447734118">
        <ele>129.84</ele>
      </trkpt>
      <trkpt lat="48.82269149646163" lon="2.823682716116309">
        <ele>129.91</ele>
      </trkpt>
      <trkpt lat="48.822423946112394" lon="2.823832919821143">
        <ele>129.87</ele>
      </trkpt>
      <trkpt lat="48.82224792614579" lon="2.823913972824812">
        <ele>129.83</ele>
      </trkpt>
      <trkpt lat="48.82209797389805" lon="2.8240089397877455">
        <ele>129.77</ele>
      </trkpt>
      <trkpt lat="48.82193896919489" lon="2.824128968641162">
        <ele>129.62</ele>
      </trkpt>
      <trkpt lat="48.821757500991225" lon="2.8242940921336412">
        <ele>129.45</ele>
      </trkpt>
      <trkpt lat="48.82157611660659" lon="2.824459131807089">
        <ele>129.3</ele>
      </trkpt>
      <trkpt lat="48.821394983679056" lon="2.8246239200234413">
        <ele>129.11</ele>
      </trkpt>
      <trkpt lat="48.82132298313081" lon="2.824689969420433">
        <ele>128.92</ele>
      </trkpt>
      <trkpt lat="48.821154339239" lon="2.824842520058155">
        <ele>128.77</ele>
      </trkpt>
      <trkpt lat="48.820985946804285" lon="2.8249949868768454">
        <ele>128.54</ele>
      </trkpt>
      <trkpt lat="48.82091495208442" lon="2.8250679932534695">
        <ele>128.34</ele>
      </trkpt>
      <trkpt lat="48.82086499594152" lon="2.825132953003049">
        <ele>128.15</ele>
      </trkpt>
      <trkpt lat="48.82079693488777" lon="2.825241917744279">
        <ele>127.97</ele>
      </trkpt>
      <trkpt lat="48.82074396125972" lon="2.8252729307860136">
        <ele>127.8</ele>
      </trkpt>
      <trkpt lat="48.82069794461131" lon="2.825301932170987">
        <ele>127.65</ele>
      </trkpt>
      <trkpt lat="48.8206519279629" lon="2.8253309335559607">
        <ele>127.52</ele>
      </trkpt>
      <trkpt lat="48.820514967665076" lon="2.8254149202257395">
        <ele>127.42</ele>
      </trkpt>
      <trkpt lat="48.820268120616674" lon="2.8256444167345762">
        <ele>127.34</ele>
      </trkpt>
      <trkpt lat="48.820021357387304" lon="2.825873913243413">
        <ele>127.28</ele>
      </trkpt>
      <trkpt lat="48.8197745103389" lon="2.8261034097522497">
        <ele>127.24</ele>
      </trkpt>
      <trkpt lat="48.8195276632905" lon="2.8263329062610865">
        <ele>127.17</ele>
      </trkpt>
      <trkpt lat="48.81928090006113" lon="2.8265623189508915">
        <ele>127.21</ele>
      </trkpt>
      <trkpt lat="48.81903497502208" lon="2.826790977269411">
        <ele>127.25</ele>
      </trkpt>
      <trkpt lat="48.81899398751557" lon="2.82681193202734">
        <ele>127.25</ele>
      </trkpt>
      <trkpt lat="48.81901594810188" lon="2.826871946454048">
        <ele>127.24</ele>
      </trkpt>
      <trkpt lat="48.81902298890054" lon="2.8269319608807564">
        <ele>127.23</ele>
      </trkpt>
      <trkpt lat="48.819032963365316" lon="2.8271981701254845">
        <ele>127.21</ele>
      </trkpt>
      <trkpt lat="48.81904293783009" lon="2.8274629544466734">
        <ele>127.17</ele>
      </trkpt>
      <trkpt lat="48.81906623952091" lon="2.827874841168523">
        <ele>127.11</ele>
      </trkpt>
      <trkpt lat="48.819089625030756" lon="2.8282867278903723">
        <ele>127.07</ele>
      </trkpt>
      <trkpt lat="48.81911292672157" lon="2.82869853079319">
        <ele>127.01</ele>
      </trkpt>
      <trkpt lat="48.819135976955295" lon="2.8291059751063585">
        <ele>127</ele>
      </trkpt>
      <trkpt lat="48.819159949198365" lon="2.8292069770395756">
        <ele>126.96</ele>
      </trkpt>
      <trkpt lat="48.819186268374324" lon="2.82967871055007">
        <ele>126.86</ele>
      </trkpt>
      <trkpt lat="48.81921258755028" lon="2.8301505278795958">
        <ele>126.74</ele>
      </trkpt>
      <trkpt lat="48.81923890672624" lon="2.83062226139009">
        <ele>126.62</ele>
      </trkpt>
      <trkpt lat="48.819264974445105" lon="2.8310889657586813">
        <ele>126.62</ele>
      </trkpt>
      <trkpt lat="48.81925198249519" lon="2.8311889618635178">
        <ele>126.53</ele>
      </trkpt>
      <trkpt lat="48.819544930011034" lon="2.831258950755">
        <ele>126.51</ele>
      </trkpt>
      <trkpt lat="48.81951794028282" lon="2.8314579371362925">
        <ele>126.45</ele>
      </trkpt>
      <trkpt lat="48.819469744339585" lon="2.8319053631275892">
        <ele>126.38</ele>
      </trkpt>
      <trkpt lat="48.81942146457732" lon="2.8323528729379177">
        <ele>126.1</ele>
      </trkpt>
      <trkpt lat="48.81937318481505" lon="2.8328002989292145">
        <ele>125.79</ele>
      </trkpt>
      <trkpt lat="48.81932498887181" lon="2.8332477249205112">
        <ele>125.61</ele>
      </trkpt>
      <trkpt lat="48.819276709109545" lon="2.833695150911808">
        <ele>125.42</ele>
      </trkpt>
      <trkpt lat="48.81922851316631" lon="2.834142576903105">
        <ele>125.14</ele>
      </trkpt>
      <trkpt lat="48.81918023340404" lon="2.8345900867134333">
        <ele>124.9</ele>
      </trkpt>
      <trkpt lat="48.81913295947015" lon="2.8350279573351145">
        <ele>124.74</ele>
      </trkpt>
      <trkpt lat="48.819088535383344" lon="2.835460128262639">
        <ele>124.55</ele>
      </trkpt>
      <trkpt lat="48.8190440274775" lon="2.8358922991901636">
        <ele>124.31</ele>
      </trkpt>
      <trkpt lat="48.81899993866682" lon="2.836320949718356">
        <ele>124.14</ele>
      </trkpt>
      <trkpt lat="48.818964986130595" lon="2.8365349397063255">
        <ele>123.99</ele>
      </trkpt>
      <trkpt lat="48.81890899501741" lon="2.836770974099636">
        <ele>123.84</ele>
      </trkpt>
      <trkpt lat="48.818796426057816" lon="2.8371039871126413">
        <ele>123.8</ele>
      </trkpt>
      <trkpt lat="48.81868377327919" lon="2.8374370839446783">
        <ele>123.7</ele>
      </trkpt>
      <trkpt lat="48.81857195869088" lon="2.837767917662859">
        <ele>123.71</ele>
      </trkpt>
      <trkpt lat="48.81847020238638" lon="2.8380710911005735">
        <ele>123.75</ele>
      </trkpt>
      <trkpt lat="48.81836894899607" lon="2.8383729234337807">
        <ele>123.81</ele>
      </trkpt>
      <trkpt lat="48.81822595372796" lon="2.8382819797843695">
        <ele>123.89</ele>
      </trkpt>
      <trkpt lat="48.818041468039155" lon="2.8381081391125917">
        <ele>124.01</ele>
      </trkpt>
      <trkpt lat="48.81785706616938" lon="2.8379343822598457">
        <ele>124.09</ele>
      </trkpt>
      <trkpt lat="48.817672999575734" lon="2.8377609606832266">
        <ele>124.08</ele>
      </trkpt>
      <trkpt lat="48.81757694296539" lon="2.8381479531526566">
        <ele>124.25</ele>
      </trkpt>
      <trkpt lat="48.817572919651866" lon="2.8384009189903736">
        <ele>124.39</ele>
      </trkpt>
      <trkpt lat="48.817548947408795" lon="2.8385959658771753">
        <ele>124.58</ele>
      </trkpt>
      <trkpt lat="48.81746429018676" lon="2.838953286409378">
        <ele>124.75</ele>
      </trkpt>
      <trkpt lat="48.81737996824086" lon="2.8393089305609465">
        <ele>124.92</ele>
      </trkpt>
      <trkpt lat="48.81732095964253" lon="2.8393499180674553">
        <ele>125.07</ele>
      </trkpt>
      <trkpt lat="48.817288940772414" lon="2.8395439591258764">
        <ele>125.25</ele>
      </trkpt>
      <trkpt lat="48.81725893355906" lon="2.83968192525208">
        <ele>125.36</ele>
      </trkpt>
      <trkpt lat="48.81708894856274" lon="2.840073946863413">
        <ele>125.42</ele>
      </trkpt>
      <trkpt lat="48.81704896688461" lon="2.8401179518550634">
        <ele>125.5</ele>
      </trkpt>
      <trkpt lat="48.816858949139714" lon="2.840368989855051">
        <ele>125.62</ele>
      </trkpt>
      <trkpt lat="48.816773956641555" lon="2.840568982064724">
        <ele>125.71</ele>
      </trkpt>
      <trkpt lat="48.81663297303021" lon="2.840636959299445">
        <ele>125.78</ele>
      </trkpt>
      <trkpt lat="48.81658595055342" lon="2.840695967897773">
        <ele>125.82</ele>
      </trkpt>
      <trkpt lat="48.816535994410515" lon="2.840755982324481">
        <ele>125.84</ele>
      </trkpt>
      <trkpt lat="48.81649995222688" lon="2.8406989853829145">
        <ele>125.82</ele>
      </trkpt>
      <trkpt lat="48.816319992765784" lon="2.840596977621317">
        <ele>125.77</ele>
      </trkpt>
      <trkpt lat="48.816107930615544" lon="2.840543920174241">
        <ele>125.69</ele>
      </trkpt>
      <trkpt lat="48.81586845964193" lon="2.8405214566737413">
        <ele>125.62</ele>
      </trkpt>
      <trkpt lat="48.81562898866832" lon="2.8404989931732416">
        <ele>125.49</ele>
      </trkpt>
      <trkpt lat="48.815440479665995" lon="2.840419951826334">
        <ele>125.45</ele>
      </trkpt>
      <trkpt lat="48.81525197066367" lon="2.840340994298458">
        <ele>125.46</ele>
      </trkpt>
      <trkpt lat="48.814946953207254" lon="2.8402669820934534">
        <ele>125.51</ele>
      </trkpt>
      <trkpt lat="48.814985929057" lon="2.840679958462715">
        <ele>125.51</ele>
      </trkpt>
      <trkpt lat="48.81499498151243" lon="2.8409752529114485">
        <ele>125.54</ele>
      </trkpt>
      <trkpt lat="48.81500395014882" lon="2.841268954798579">
        <ele>125.62</ele>
      </trkpt>
      <trkpt lat="48.81498794071376" lon="2.8414399456232786">
        <ele>125.75</ele>
      </trkpt>
      <trkpt lat="48.814928932115436" lon="2.841562991961837">
        <ele>125.94</ele>
      </trkpt>
      <trkpt lat="48.81486891768873" lon="2.8416529297828674">
        <ele>126.17</ele>
      </trkpt>
      <trkpt lat="48.81482692435384" lon="2.8417639899998903">
        <ele>126.44</ele>
      </trkpt>
      <trkpt lat="48.81480798125267" lon="2.841886952519417">
        <ele>126.7</ele>
      </trkpt>
      <trkpt lat="48.81480999290943" lon="2.8420139383524656">
        <ele>126.99</ele>
      </trkpt>
      <trkpt lat="48.81483597680926" lon="2.8421349730342627">
        <ele>127.37</ele>
      </trkpt>
      <trkpt lat="48.814883921295404" lon="2.8422439377754927">
        <ele>127.8</ele>
      </trkpt>
      <trkpt lat="48.814949970692396" lon="2.8423279244452715">
        <ele>128.25</ele>
      </trkpt>
      <trkpt lat="48.81502892822027" lon="2.8423799760639668">
        <ele>128.71</ele>
      </trkpt>
      <trkpt lat="48.815120961517096" lon="2.8426109813153744">
        <ele>129.26</ele>
      </trkpt>
      <trkpt lat="48.81517209112644" lon="2.842911221086979">
        <ele>129.91</ele>
      </trkpt>
      <trkpt lat="48.81522296927869" lon="2.8432099521160126">
        <ele>130.59</ele>
      </trkpt>
      <trkpt lat="48.815256748348475" lon="2.8436481580138206">
        <ele>131.27</ele>
      </trkpt>
      <trkpt lat="48.815290443599224" lon="2.844086280092597">
        <ele>131.76</ele>
      </trkpt>
      <trkpt lat="48.81532397121191" lon="2.844520965591073">
        <ele>132.19</ele>
      </trkpt>
      <trkpt lat="48.81536403670907" lon="2.8449514601379633">
        <ele>132.5</ele>
      </trkpt>
      <trkpt lat="48.81540418602526" lon="2.8453819546848536">
        <ele>132.68</ele>
      </trkpt>
      <trkpt lat="48.815443916246295" lon="2.8458089288324118">
        <ele>132.81</ele>
      </trkpt>
      <trkpt lat="48.81548456847668" lon="2.8461879584938288">
        <ele>132.91</ele>
      </trkpt>
      <trkpt lat="48.81552513688803" lon="2.846566988155246">
        <ele>132.97</ele>
      </trkpt>
      <trkpt lat="48.81556578911841" lon="2.846946017816663">
        <ele>132.97</ele>
      </trkpt>
      <trkpt lat="48.8156059384346" lon="2.8473209403455257">
        <ele>133.04</ele>
      </trkpt>
      <trkpt lat="48.815646758303046" lon="2.8476568032056093">
        <ele>133.16</ele>
      </trkpt>
      <trkpt lat="48.81568749435246" lon="2.8479927498847246">
        <ele>133.37</ele>
      </trkpt>
      <trkpt lat="48.81572797894478" lon="2.8483259305357933">
        <ele>133.59</ele>
      </trkpt>
      <trkpt lat="48.81578874774277" lon="2.8487002663314342">
        <ele>133.8</ele>
      </trkpt>
      <trkpt lat="48.8158496003598" lon="2.8490745183080435">
        <ele>133.98</ele>
      </trkpt>
      <trkpt lat="48.81590995006263" lon="2.8494459204375744">
        <ele>134.08</ele>
      </trkpt>
      <trkpt lat="48.815977927297354" lon="2.8498827014118433">
        <ele>134.25</ele>
      </trkpt>
      <trkpt lat="48.816045904532075" lon="2.8503193985670805">
        <ele>134.41</ele>
      </trkpt>
      <trkpt lat="48.816113881766796" lon="2.8507560957223177">
        <ele>134.57</ele>
      </trkpt>
      <trkpt lat="48.81618185900152" lon="2.8511928766965866">
        <ele>134.78</ele>
      </trkpt>
      <trkpt lat="48.81624899804592" lon="2.851623957976699">
        <ele>135.09</ele>
      </trkpt>
      <trkpt lat="48.81631747819483" lon="2.85201832652092">
        <ele>135.29</ele>
      </trkpt>
      <trkpt lat="48.816385958343744" lon="2.852412611246109">
        <ele>135.44</ele>
      </trkpt>
      <trkpt lat="48.81645452231169" lon="2.85280697979033">
        <ele>135.63</ele>
      </trkpt>
      <trkpt lat="48.8165230024606" lon="2.853201264515519">
        <ele>135.65</ele>
      </trkpt>
      <trkpt lat="48.81659148260951" lon="2.85359563305974">
        <ele>135.66</ele>
      </trkpt>
      <trkpt lat="48.81665895693004" lon="2.8539839666336775">
        <ele>135.67</ele>
      </trkpt>
      <trkpt lat="48.81671712733805" lon="2.8543948475271463">
        <ele>135.62</ele>
      </trkpt>
      <trkpt lat="48.81677529774606" lon="2.854805728420615">
        <ele>135.73</ele>
      </trkpt>
      <trkpt lat="48.81683338433504" lon="2.8552165254950523">
        <ele>135.83</ele>
      </trkpt>
      <trkpt lat="48.81689155474305" lon="2.855627406388521">
        <ele>135.87</ele>
      </trkpt>
      <trkpt lat="48.81694897077978" lon="2.8560329228639603">
        <ele>135.91</ele>
      </trkpt>
      <trkpt lat="48.81702231243253" lon="2.8564847074449062">
        <ele>135.94</ele>
      </trkpt>
      <trkpt lat="48.81709573790431" lon="2.856936492025852">
        <ele>135.87</ele>
      </trkpt>
      <trkpt lat="48.81716907955706" lon="2.857388276606798">
        <ele>135.91</ele>
      </trkpt>
      <trkpt lat="48.817242505028844" lon="2.857840145006776">
        <ele>135.98</ele>
      </trkpt>
      <trkpt lat="48.817315846681595" lon="2.858291929587722">
        <ele>136.06</ele>
      </trkpt>
      <trkpt lat="48.817389188334346" lon="2.858743714168668">
        <ele>136.12</ele>
      </trkpt>
      <trkpt lat="48.81746261380613" lon="2.8591954987496138">
        <ele>136.24</ele>
      </trkpt>
      <trkpt lat="48.81753453053534" lon="2.8596388176083565">
        <ele>136.35</ele>
      </trkpt>
      <trkpt lat="48.81753587163985" lon="2.859646948054433">
        <ele>136.4</ele>
      </trkpt>
      <trkpt lat="48.817613488063216" lon="2.8601097129285336">
        <ele>136.35</ele>
      </trkpt>
      <trkpt lat="48.8176885060966" lon="2.860573483631015">
        <ele>136.36</ele>
      </trkpt>
      <trkpt lat="48.81776352412999" lon="2.861037338152528">
        <ele>136.38</ele>
      </trkpt>
      <trkpt lat="48.81783854216337" lon="2.861501108855009">
        <ele>136.45</ele>
      </trkpt>
      <trkpt lat="48.81791356019676" lon="2.861964963376522">
        <ele>136.45</ele>
      </trkpt>
      <trkpt lat="48.81798857823014" lon="2.8624287340790033">
        <ele>136.55</ele>
      </trkpt>
      <trkpt lat="48.81806359626353" lon="2.8628925886005163">
        <ele>136.61</ele>
      </trkpt>
      <trkpt lat="48.81813861429691" lon="2.8633563593029976">
        <ele>136.5</ele>
      </trkpt>
      <trkpt lat="48.8182136323303" lon="2.863820130005479">
        <ele>136.31</ele>
      </trkpt>
      <trkpt lat="48.818288650363684" lon="2.864283984526992">
        <ele>136.31</ele>
      </trkpt>
      <trkpt lat="48.81836366839707" lon="2.864747755229473">
        <ele>136.31</ele>
      </trkpt>
      <trkpt lat="48.818438686430454" lon="2.865211609750986">
        <ele>136.37</ele>
      </trkpt>
      <trkpt lat="48.81851370446384" lon="2.8656753804534674">
        <ele>136.12</ele>
      </trkpt>
      <trkpt lat="48.81858587265015" lon="2.8661227226257324">
        <ele>135.99</ele>
      </trkpt>
      <trkpt lat="48.81877899169922" lon="2.86618709564209">
        <ele>135.84</ele>
      </trkpt>
      <trkpt lat="48.81882190704346" lon="2.8661012649536133">
        <ele>135.67</ele>
      </trkpt>
      <trkpt lat="48.819118458777666" lon="2.866139067336917">
        <ele>135.48</ele>
      </trkpt>
      <trkpt lat="48.819415010511875" lon="2.8661769535392523">
        <ele>135.27</ele>
      </trkpt>
      <trkpt lat="48.819711562246084" lon="2.866214755922556">
        <ele>135.04</ele>
      </trkpt>
      <trkpt lat="48.820008197799325" lon="2.8662526421248913">
        <ele>134.74</ele>
      </trkpt>
      <trkpt lat="48.820304749533534" lon="2.8662905283272266">
        <ele>134.33</ele>
      </trkpt>
      <trkpt lat="48.82060130126774" lon="2.8663283307105303">
        <ele>134.01</ele>
      </trkpt>
      <trkpt lat="48.820897936820984" lon="2.8663662169128656">
        <ele>133.9</ele>
      </trkpt>
      <trkpt lat="48.82119448855519" lon="2.866404103115201">
        <ele>133.78</ele>
      </trkpt>
      <trkpt lat="48.8214910402894" lon="2.8664419054985046">
        <ele>133.54</ele>
      </trkpt>
      <trkpt lat="48.82178767584264" lon="2.86647979170084">
        <ele>133.25</ele>
      </trkpt>
      <trkpt lat="48.82208422757685" lon="2.8665176779031754">
        <ele>132.99</ele>
      </trkpt>
      <trkpt lat="48.82238077931106" lon="2.866555480286479">
        <ele>132.82</ele>
      </trkpt>
      <trkpt lat="48.8226774148643" lon="2.8665933664888144">
        <ele>132.68</ele>
      </trkpt>
      <trkpt lat="48.82297396659851" lon="2.8666312526911497">
        <ele>132.5</ele>
      </trkpt>
      <trkpt lat="48.82327051833272" lon="2.866669138893485">
        <ele>132.32</ele>
      </trkpt>
      <trkpt lat="48.82356715388596" lon="2.8667069412767887">
        <ele>132.25</ele>
      </trkpt>
      <trkpt lat="48.82386454381049" lon="2.8667449951171875">
        <ele>132.35</ele>
      </trkpt>
      <trkpt lat="48.82417148910463" lon="2.866782881319523">
        <ele>132.58</ele>
      </trkpt>
      <trkpt lat="48.82447843439877" lon="2.86682085134089">
        <ele>132.83</ele>
      </trkpt>
      <trkpt lat="48.82478537969291" lon="2.866858821362257">
        <ele>132.9</ele>
      </trkpt>
      <trkpt lat="48.825092324987054" lon="2.866896791383624">
        <ele>132.9</ele>
      </trkpt>
      <trkpt lat="48.825399270281196" lon="2.8669346775859594">
        <ele>133.02</ele>
      </trkpt>
      <trkpt lat="48.82570629939437" lon="2.8669726476073265">
        <ele>133.11</ele>
      </trkpt>
      <trkpt lat="48.82601324468851" lon="2.8670106176286936">
        <ele>133.11</ele>
      </trkpt>
      <trkpt lat="48.82632018998265" lon="2.8670485876500607">
        <ele>133.39</ele>
      </trkpt>
      <trkpt lat="48.826627135276794" lon="2.8670865576714277">
        <ele>133.73</ele>
      </trkpt>
      <trkpt lat="48.826934080570936" lon="2.867124443873763">
        <ele>134.03</ele>
      </trkpt>
      <trkpt lat="48.82724110968411" lon="2.86716241389513">
        <ele>134.33</ele>
      </trkpt>
      <trkpt lat="48.82754805497825" lon="2.8672003839164972">
        <ele>134.72</ele>
      </trkpt>
      <trkpt lat="48.82785500027239" lon="2.8672383539378643">
        <ele>135.18</ele>
      </trkpt>
      <trkpt lat="48.828161945566535" lon="2.8672763239592314">
        <ele>135.56</ele>
      </trkpt>
      <trkpt lat="48.82846889086068" lon="2.8673142939805984">
        <ele>136.11</ele>
      </trkpt>
      <trkpt lat="48.82877583615482" lon="2.867352180182934">
        <ele>136.73</ele>
      </trkpt>
      <trkpt lat="48.82908286526799" lon="2.867390150204301">
        <ele>137.27</ele>
      </trkpt>
      <trkpt lat="48.829389810562134" lon="2.867428120225668">
        <ele>137.89</ele>
      </trkpt>
      <trkpt lat="48.829696755856276" lon="2.867466090247035">
        <ele>138.55</ele>
      </trkpt>
      <trkpt lat="48.83000370115042" lon="2.867504060268402">
        <ele>139.05</ele>
      </trkpt>
      <trkpt lat="48.83031064644456" lon="2.8675419464707375">
        <ele>139.48</ele>
      </trkpt>
      <trkpt lat="48.83061767555773" lon="2.8675799164921045">
        <ele>139.94</ele>
      </trkpt>
      <trkpt lat="48.830924620851874" lon="2.8676178865134716">
        <ele>140.27</ele>
      </trkpt>
      <trkpt lat="48.831231566146016" lon="2.8676558565348387">
        <ele>140.48</ele>
      </trkpt>
      <trkpt lat="48.83153851144016" lon="2.8676938265562057">
        <ele>140.75</ele>
      </trkpt>
      <trkpt lat="48.83184679783881" lon="2.867732048034668">
        <ele>140.91</ele>
      </trkpt>
      <trkpt lat="48.831940507516265" lon="2.8680929727852345">
        <ele>140.99</ele>
      </trkpt>
      <trkpt lat="48.83203421719372" lon="2.868453897535801">
        <ele>140.93</ele>
      </trkpt>
      <trkpt lat="48.83212734013796" lon="2.8688123915344477">
        <ele>140.87</ele>
      </trkpt>
      <trkpt lat="48.832234712317586" lon="2.8692257031798363">
        <ele>140.83</ele>
      </trkpt>
      <trkpt lat="48.83234208449721" lon="2.8696390986442566">
        <ele>140.66</ele>
      </trkpt>
      <trkpt lat="48.83244954049587" lon="2.870052494108677">
        <ele>140.46</ele>
      </trkpt>
      <trkpt lat="48.8325569126755" lon="2.8704658895730972">
        <ele>140.18</ele>
      </trkpt>
      <trkpt lat="48.83266436867416" lon="2.8708792850375175">
        <ele>139.75</ele>
      </trkpt>
      <trkpt lat="48.83277174085379" lon="2.871292680501938">
        <ele>139.4</ele>
      </trkpt>
      <trkpt lat="48.832879113033414" lon="2.871706075966358">
        <ele>139.1</ele>
      </trkpt>
      <trkpt lat="48.83298656903207" lon="2.87211955524981">
        <ele>138.81</ele>
      </trkpt>
      <trkpt lat="48.8330939412117" lon="2.8725329507142305">
        <ele>138.47</ele>
      </trkpt>
      <trkpt lat="48.83320139721036" lon="2.872946346178651">
        <ele>138.03</ele>
      </trkpt>
      <trkpt lat="48.83330876938999" lon="2.873359741643071">
        <ele>137.53</ele>
      </trkpt>
      <trkpt lat="48.83341312408447" lon="2.8737616539001465">
        <ele>137</ele>
      </trkpt>
      <trkpt lat="48.83347749710083" lon="2.8738903999328613">
        <ele>136.52</ele>
      </trkpt>
      <trkpt lat="48.833724427968264" lon="2.874180246144533">
        <ele>135.93</ele>
      </trkpt>
      <trkpt lat="48.83397144265473" lon="2.8744701761752367">
        <ele>135.46</ele>
      </trkpt>
      <trkpt lat="48.834218457341194" lon="2.8747601062059402">
        <ele>135.08</ele>
      </trkpt>
      <trkpt lat="48.83446547202766" lon="2.8750501200556755">
        <ele>134.63</ele>
      </trkpt>
      <trkpt lat="48.834712486714125" lon="2.875340050086379">
        <ele>134.23</ele>
      </trkpt>
      <trkpt lat="48.83495941758156" lon="2.8756299801170826">
        <ele>133.8</ele>
      </trkpt>
      <trkpt lat="48.83520643226802" lon="2.875919910147786">
        <ele>133.15</ele>
      </trkpt>
      <trkpt lat="48.83545344695449" lon="2.8762098401784897">
        <ele>132.54</ele>
      </trkpt>
      <trkpt lat="48.835700461640954" lon="2.8764997702091932">
        <ele>132</ele>
      </trkpt>
      <trkpt lat="48.83594521321356" lon="2.8767871856689453">
        <ele>131.44</ele>
      </trkpt>
      <trkpt lat="48.836197424679995" lon="2.8765724413096905">
        <ele>130.89</ele>
      </trkpt>
      <trkpt lat="48.836449636146426" lon="2.8763577807694674">
        <ele>130.43</ele>
      </trkpt>
      <trkpt lat="48.83670184761286" lon="2.8761431202292442">
        <ele>129.93</ele>
      </trkpt>
      <trkpt lat="48.83695363998413" lon="2.8759288787841797">
        <ele>129.47</ele>
      </trkpt>
      <trkpt lat="48.83715773932636" lon="2.876283433288336">
        <ele>129.13</ele>
      </trkpt>
      <trkpt lat="48.83736192248762" lon="2.876637987792492">
        <ele>128.93</ele>
      </trkpt>
      <trkpt lat="48.83756602182984" lon="2.876992542296648">
        <ele>128.73</ele>
      </trkpt>
      <trkpt lat="48.8377702049911" lon="2.877347096800804">
        <ele>128.42</ele>
      </trkpt>
      <trkpt lat="48.83797438815236" lon="2.8777016513049603">
        <ele>128.23</ele>
      </trkpt>
      <trkpt lat="48.83817848749459" lon="2.8780562058091164">
        <ele>128.12</ele>
      </trkpt>
      <trkpt lat="48.83838267065585" lon="2.8784107603132725">
        <ele>128.11</ele>
      </trkpt>
      <trkpt lat="48.838586769998074" lon="2.8787653148174286">
        <ele>128.08</ele>
      </trkpt>
      <trkpt lat="48.83879095315933" lon="2.8791198693215847">
        <ele>128.05</ele>
      </trkpt>
      <trkpt lat="48.83899211883545" lon="2.879469394683838">
        <ele>128.01</ele>
      </trkpt>
      <trkpt lat="48.839174592867494" lon="2.8796841390430927">
        <ele>128</ele>
      </trkpt>
      <trkpt lat="48.839356899261475" lon="2.8798985481262207">
        <ele>128.09</ele>
      </trkpt>
      <trkpt lat="48.8396231085062" lon="2.8801518492400646">
        <ele>128.31</ele>
      </trkpt>
      <trkpt lat="48.83988931775093" lon="2.8804052341729403">
        <ele>128.51</ele>
      </trkpt>
      <trkpt lat="48.84015561081469" lon="2.880658619105816">
        <ele>128.61</ele>
      </trkpt>
      <trkpt lat="48.84042182005942" lon="2.88091192021966">
        <ele>128.63</ele>
      </trkpt>
      <trkpt lat="48.84068727493286" lon="2.88116455078125">
        <ele>128.71</ele>
      </trkpt>
      <trkpt lat="48.84093060158193" lon="2.8814150020480156">
        <ele>128.78</ele>
      </trkpt>
      <trkpt lat="48.841173928231" lon="2.881665537133813">
        <ele>128.82</ele>
      </trkpt>
      <trkpt lat="48.8414173386991" lon="2.88191607221961">
        <ele>128.83</ele>
      </trkpt>
      <trkpt lat="48.84166066534817" lon="2.8821666073054075">
        <ele>128.84</ele>
      </trkpt>
      <trkpt lat="48.841904075816274" lon="2.882417142391205">
        <ele>128.89</ele>
      </trkpt>
      <trkpt lat="48.84214639663696" lon="2.88266658782959">
        <ele>128.98</ele>
      </trkpt>
      <trkpt lat="48.84241118095815" lon="2.8828561026602983">
        <ele>129.09</ele>
      </trkpt>
      <trkpt lat="48.84267596527934" lon="2.883045617491007">
        <ele>129.22</ele>
      </trkpt>
      <trkpt lat="48.84294074960053" lon="2.8832351323217154">
        <ele>129.39</ele>
      </trkpt>
      <trkpt lat="48.84320561774075" lon="2.883424647152424">
        <ele>129.63</ele>
      </trkpt>
      <trkpt lat="48.84347040206194" lon="2.8836141619831324">
        <ele>129.88</ele>
      </trkpt>
      <trkpt lat="48.84373468346894" lon="2.883803341537714">
        <ele>130.14</ele>
      </trkpt>
      <trkpt lat="48.843731665983796" lon="2.8838140703737736">
        <ele>130.33</ele>
      </trkpt>
      <trkpt lat="48.84395747445524" lon="2.8839796129614115">
        <ele>130.56</ele>
      </trkpt>
      <trkpt lat="48.84418294765055" lon="2.884144987910986">
        <ele>130.74</ele>
      </trkpt>
      <trkpt lat="48.84433197788894" lon="2.8842409607023">
        <ele>130.87</ele>
      </trkpt>
      <trkpt lat="48.84460438974202" lon="2.884421842172742">
        <ele>130.97</ele>
      </trkpt>
      <trkpt lat="48.84487688541412" lon="2.8846028074622154">
        <ele>131.18</ele>
      </trkpt>
      <trkpt lat="48.8451492972672" lon="2.8847836889326572">
        <ele>131.37</ele>
      </trkpt>
      <trkpt lat="48.845421792939305" lon="2.8849646542221308">
        <ele>131.51</ele>
      </trkpt>
      <trkpt lat="48.84569420479238" lon="2.8851455356925726">
        <ele>131.69</ele>
      </trkpt>
      <trkpt lat="48.84596670046449" lon="2.885326500982046">
        <ele>131.92</ele>
      </trkpt>
      <trkpt lat="48.84623911231756" lon="2.885507382452488">
        <ele>132.1</ele>
      </trkpt>
      <trkpt lat="48.846510937437415" lon="2.885687928646803">
        <ele>132.22</ele>
      </trkpt>
      <trkpt lat="48.84677303954959" lon="2.8858465142548084">
        <ele>132.37</ele>
      </trkpt>
      <trkpt lat="48.8470349740237" lon="2.8860049322247505">
        <ele>132.59</ele>
      </trkpt>
      <trkpt lat="48.84723496623337" lon="2.8860859852284193">
        <ele>132.81</ele>
      </trkpt>
      <trkpt lat="48.847540989518166" lon="2.8861914295703173">
        <ele>133.02</ele>
      </trkpt>
      <trkpt lat="48.84784692898393" lon="2.886296957731247">
        <ele>133.19</ele>
      </trkpt>
      <trkpt lat="48.84804046712816" lon="2.8863759990781546">
        <ele>133.3</ele>
      </trkpt>
      <trkpt lat="48.84823392145336" lon="2.8864549566060305">
        <ele>133.4</ele>
      </trkpt>
      <trkpt lat="48.84826292283833" lon="2.886771960183978">
        <ele>133.42</ele>
      </trkpt>
      <trkpt lat="48.84827893227339" lon="2.8870969265699387">
        <ele>133.48</ele>
      </trkpt>
      <trkpt lat="48.848290499299765" lon="2.887524152174592">
        <ele>133.51</ele>
      </trkpt>
      <trkpt lat="48.84830198250711" lon="2.8879489470273256">
        <ele>133.52</ele>
      </trkpt>
      <trkpt lat="48.84826392866671" lon="2.888147933408618">
        <ele>133.44</ele>
      </trkpt>
      <trkpt lat="48.848174745216966" lon="2.8884917590767145">
        <ele>133.32</ele>
      </trkpt>
      <trkpt lat="48.84808556176722" lon="2.888835584744811">
        <ele>133</ele>
      </trkpt>
      <trkpt lat="48.8479969650507" lon="2.889176979660988">
        <ele>132.53</ele>
      </trkpt>
      <trkpt lat="48.848169548437" lon="2.8893089946359396">
        <ele>131.92</ele>
      </trkpt>
      <trkpt lat="48.84834196418524" lon="2.8894409257918596">
        <ele>131.18</ele>
      </trkpt>
      <trkpt lat="48.84855234995484" lon="2.8896023612469435">
        <ele>130.23</ele>
      </trkpt>
      <trkpt lat="48.84876281954348" lon="2.8897637967020273">
        <ele>129.09</ele>
      </trkpt>
      <trkpt lat="48.84897295385599" lon="2.889924980700016">
        <ele>127.88</ele>
      </trkpt>
      <trkpt lat="48.84923052974045" lon="2.8900974802672863">
        <ele>126.62</ele>
      </trkpt>
      <trkpt lat="48.84948793798685" lon="2.8902699798345566">
        <ele>125.21</ele>
      </trkpt>
      <trkpt lat="48.849602937698364" lon="2.8903469257056713">
        <ele>123.71</ele>
      </trkpt>
      <trkpt lat="48.849837966263294" lon="2.89047097787261">
        <ele>122.03</ele>
      </trkpt>
      <trkpt lat="48.84997299872339" lon="2.8905429784208536">
        <ele>120.21</ele>
      </trkpt>
      <trkpt lat="48.85017592459917" lon="2.890719920396805">
        <ele>118.25</ele>
      </trkpt>
      <trkpt lat="48.85036661289632" lon="2.8909070882946253">
        <ele>116.28</ele>
      </trkpt>
      <trkpt lat="48.85055696591735" lon="2.891093920916319">
        <ele>114.4</ele>
      </trkpt>
      <trkpt lat="48.85064397007227" lon="2.891145972535014">
        <ele>112.59</ele>
      </trkpt>
      <trkpt lat="48.85075092315674" lon="2.8911759797483683">
        <ele>110.75</ele>
      </trkpt>
      <trkpt lat="48.85096801444888" lon="2.8912913147360086">
        <ele>108.83</ele>
      </trkpt>
      <trkpt lat="48.85118502192199" lon="2.891406649723649">
        <ele>106.98</ele>
      </trkpt>
      <trkpt lat="48.85140194557607" lon="2.8915219847112894">
        <ele>105.33</ele>
      </trkpt>
      <trkpt lat="48.8516974914819" lon="2.891685012727976">
        <ele>103.8</ele>
      </trkpt>
      <trkpt lat="48.8519929535687" lon="2.8918479569256306">
        <ele>102.33</ele>
      </trkpt>
      <trkpt lat="48.852199064567685" lon="2.8920140024274588">
        <ele>101.01</ele>
      </trkpt>
      <trkpt lat="48.85240517556667" lon="2.8921801317483187">
        <ele>99.87</ele>
      </trkpt>
      <trkpt lat="48.852610951289535" lon="2.8923459257930517">
        <ele>98.9</ele>
      </trkpt>
      <trkpt lat="48.85277196764946" lon="2.8924034256488085">
        <ele>98.05</ele>
      </trkpt>
      <trkpt lat="48.852932984009385" lon="2.8924609255045652">
        <ele>97.34</ele>
      </trkpt>
      <trkpt lat="48.853192990645766" lon="2.892564944922924">
        <ele>96.68</ele>
      </trkpt>
      <trkpt lat="48.853211933746934" lon="2.8928519412875175">
        <ele>96.35</ele>
      </trkpt>
      <trkpt lat="48.853192403912544" lon="2.8931096848100424">
        <ele>96.22</ele>
      </trkpt>
      <trkpt lat="48.853172957897186" lon="2.8933659195899963">
        <ele>96.16</ele>
      </trkpt>
      <trkpt lat="48.853135323151946" lon="2.8936662431806326">
        <ele>96.12</ele>
      </trkpt>
      <trkpt lat="48.8530979398638" lon="2.8939649742096663">
        <ele>96.12</ele>
      </trkpt>
      <trkpt lat="48.853042954578996" lon="2.894185921177268">
        <ele>96.25</ele>
      </trkpt>
      <trkpt lat="48.852933989837766" lon="2.8944719955325127">
        <ele>96.37</ele>
      </trkpt>
      <trkpt lat="48.85286492295563" lon="2.894718926399946">
        <ele>96.4</ele>
      </trkpt>
      <trkpt lat="48.8527749851346" lon="2.8951169829815626">
        <ele>96.38</ele>
      </trkpt>
      <trkpt lat="48.85270792990923" lon="2.895358968526125">
        <ele>96.26</ele>
      </trkpt>
      <trkpt lat="48.85257272981107" lon="2.895614868029952">
        <ele>95.92</ele>
      </trkpt>
      <trkpt lat="48.852437948808074" lon="2.895869929343462">
        <ele>95.34</ele>
      </trkpt>
      <trkpt lat="48.85230794548988" lon="2.895998926833272">
        <ele>94.65</ele>
      </trkpt>
      <trkpt lat="48.85206595994532" lon="2.896109987050295">
        <ele>93.8</ele>
      </trkpt>
      <trkpt lat="48.852355973795056" lon="2.896155919879675">
        <ele>92.47</ele>
      </trkpt>
      <trkpt lat="48.852593936026096" lon="2.896240996196866">
        <ele>90.87</ele>
      </trkpt>
      <trkpt lat="48.852764926850796" lon="2.8962184488773346">
        <ele>89.26</ele>
      </trkpt>
      <trkpt lat="48.852935917675495" lon="2.896195985376835">
        <ele>87.43</ele>
      </trkpt>
      <trkpt lat="48.85318645276129" lon="2.896200930699706">
        <ele>85.31</ele>
      </trkpt>
      <trkpt lat="48.85343698784709" lon="2.896205959841609">
        <ele>83.05</ele>
      </trkpt>
      <trkpt lat="48.853686936199665" lon="2.896255413070321">
        <ele>80.48</ele>
      </trkpt>
      <trkpt lat="48.85393696837127" lon="2.896304950118065">
        <ele>77.9</ele>
      </trkpt>
      <trkpt lat="48.85424609296024" lon="2.8963821474462748">
        <ele>75.16</ele>
      </trkpt>
      <trkpt lat="48.85455530136824" lon="2.8964593447744846">
        <ele>72.29</ele>
      </trkpt>
      <trkpt lat="48.8548644259572" lon="2.8965365421026945">
        <ele>69.23</ele>
      </trkpt>
      <trkpt lat="48.8551736343652" lon="2.8966137394309044">
        <ele>66.14</ele>
      </trkpt>
      <trkpt lat="48.85548292659223" lon="2.8966909367591143">
        <ele>63.16</ele>
      </trkpt>
      <trkpt lat="48.85564746335149" lon="2.896774001419544">
        <ele>60.66</ele>
      </trkpt>
      <trkpt lat="48.855811916291714" lon="2.8968569822609425">
        <ele>58.44</ele>
      </trkpt>
      <trkpt lat="48.85603998787701" lon="2.8969409689307213">
        <ele>56.4</ele>
      </trkpt>
      <trkpt lat="48.85630418546498" lon="2.8969427291303873">
        <ele>54.52</ele>
      </trkpt>
      <trkpt lat="48.856568383052945" lon="2.8969444893300533">
        <ele>52.87</ele>
      </trkpt>
      <trkpt lat="48.85683258064091" lon="2.8969461657106876">
        <ele>51.73</ele>
      </trkpt>
      <trkpt lat="48.85709694586694" lon="2.8969479259103537">
        <ele>51.15</ele>
      </trkpt>
      <trkpt lat="48.85697565972805" lon="2.8973092697560787">
        <ele>50.58</ele>
      </trkpt>
      <trkpt lat="48.85685496032238" lon="2.8976689372211695">
        <ele>50.5</ele>
      </trkpt>
      <trkpt lat="48.85672168806195" lon="2.8979975916445255">
        <ele>50.72</ele>
      </trkpt>
      <trkpt lat="48.856588918715715" lon="2.898324988782406">
        <ele>51.09</ele>
      </trkpt>
      <trkpt lat="48.856449695304036" lon="2.8986131586134434">
        <ele>51.78</ele>
      </trkpt>
      <trkpt lat="48.85631047189236" lon="2.898901244625449">
        <ele>52.72</ele>
      </trkpt>
      <trkpt lat="48.85617191903293" lon="2.8991879895329475">
        <ele>53.83</ele>
      </trkpt>
      <trkpt lat="48.85603219270706" lon="2.899552183225751">
        <ele>55.07</ele>
      </trkpt>
      <trkpt lat="48.85589296929538" lon="2.899914951995015">
        <ele>56.33</ele>
      </trkpt>
      <trkpt lat="48.855803115293384" lon="2.900275206193328">
        <ele>57.41</ele>
      </trkpt>
      <trkpt lat="48.855713345110416" lon="2.9006354603916407">
        <ele>58.29</ele>
      </trkpt>
      <trkpt lat="48.85562349110842" lon="2.9009957145899534">
        <ele>59.16</ele>
      </trkpt>
      <trkpt lat="48.85553372092545" lon="2.901355968788266">
        <ele>60.15</ele>
      </trkpt>
      <trkpt lat="48.855444956570864" lon="2.9017119482159615">
        <ele>61.17</ele>
      </trkpt>
      <trkpt lat="48.85536306537688" lon="2.9021356534212828">
        <ele>62.17</ele>
      </trkpt>
      <trkpt lat="48.855281258001924" lon="2.902559442445636">
        <ele>62.84</ele>
      </trkpt>
      <trkpt lat="48.85519995354116" lon="2.902979962527752">
        <ele>63.64</ele>
      </trkpt>
      <trkpt lat="48.85511890053749" lon="2.903414312750101">
        <ele>64.26</ele>
      </trkpt>
      <trkpt lat="48.85503784753382" lon="2.903848746791482">
        <ele>64.56</ele>
      </trkpt>
      <trkpt lat="48.85495679453015" lon="2.904283097013831">
        <ele>64.65</ele>
      </trkpt>
      <trkpt lat="48.854875741526484" lon="2.904717531055212">
        <ele>64.85</ele>
      </trkpt>
      <trkpt lat="48.854794688522816" lon="2.905151881277561">
        <ele>64.77</ele>
      </trkpt>
      <trkpt lat="48.85471363551915" lon="2.9055862314999104">
        <ele>64.32</ele>
      </trkpt>
      <trkpt lat="48.854633923619986" lon="2.9060129541903734">
        <ele>63.86</ele>
      </trkpt>
      <trkpt lat="48.854606598615646" lon="2.9063952527940273">
        <ele>63.17</ele>
      </trkpt>
      <trkpt lat="48.85457927361131" lon="2.9067775513976812">
        <ele>62.42</ele>
      </trkpt>
      <trkpt lat="48.854552032426" lon="2.907159850001335">
        <ele>61.54</ele>
      </trkpt>
      <trkpt lat="48.854524958878756" lon="2.9075379576534033">
        <ele>60.54</ele>
      </trkpt>
      <trkpt lat="48.85451699607074" lon="2.907890919595957">
        <ele>59.53</ele>
      </trkpt>
      <trkpt lat="48.85455496609211" lon="2.9082979448139668">
        <ele>58.44</ele>
      </trkpt>
      <trkpt lat="48.85462478734553" lon="2.9087330494076014">
        <ele>57.39</ele>
      </trkpt>
      <trkpt lat="48.85469469241798" lon="2.909168154001236">
        <ele>56.53</ele>
      </trkpt>
      <trkpt lat="48.854763926938176" lon="2.9095999896526337">
        <ele>55.7</ele>
      </trkpt>
      <trkpt lat="48.85474791750312" lon="2.9096809588372707">
        <ele>54.93</ele>
      </trkpt>
      <trkpt lat="48.854720927774906" lon="2.9097239580005407">
        <ele>54.22</ele>
      </trkpt>
      <trkpt lat="48.85473098605871" lon="2.909748936071992">
        <ele>53.56</ele>
      </trkpt>
      <trkpt lat="48.85477893054485" lon="2.909836946055293">
        <ele>52.93</ele>
      </trkpt>
      <trkpt lat="48.85480793192983" lon="2.9098659474402666">
        <ele>52.4</ele>
      </trkpt>
      <trkpt lat="48.854869958013296" lon="2.9098969604820013">
        <ele>51.93</ele>
      </trkpt>
      <trkpt lat="48.85496391914785" lon="2.9099019896239042">
        <ele>51.52</ele>
      </trkpt>
      <trkpt lat="48.855124935507774" lon="2.909874999895692">
        <ele>51.15</ele>
      </trkpt>
      <trkpt lat="48.85532593354583" lon="2.909839963540435">
        <ele>50.86</ele>
      </trkpt>
      <trkpt lat="48.855379996821284" lon="2.909836946055293">
        <ele>50.69</ele>
      </trkpt>
      <trkpt lat="48.855424923822284" lon="2.909846920520067">
        <ele>50.63</ele>
      </trkpt>
      <trkpt lat="48.8554619718343" lon="2.9098619241267443">
        <ele>50.63</ele>
      </trkpt>
      <trkpt lat="48.855490973219275" lon="2.909886986017227">
        <ele>50.69</ele>
      </trkpt>
      <trkpt lat="48.8555449526757" lon="2.9097299929708242">
        <ele>50.82</ele>
      </trkpt>
      <trkpt lat="48.85558191686869" lon="2.909555984660983">
        <ele>51.04</ele>
      </trkpt>
      <trkpt lat="48.85563396848738" lon="2.9093929566442966">
        <ele>51.26</ele>
      </trkpt>
      <trkpt lat="48.85553799569607" lon="2.909340988844633">
        <ele>51.42</ele>
      </trkpt>
      <trkpt lat="48.855575965717435" lon="2.909093974158168">
        <ele>51.66</ele>
      </trkpt>
      <trkpt lat="48.85559197515249" lon="2.908997917547822">
        <ele>51.92</ele>
      </trkpt>
      <trkpt lat="48.855857932940125" lon="2.9090689960867167">
        <ele>52.24</ele>
      </trkpt>
      <trkpt lat="48.855973184108734" lon="2.9088120069354773">
        <ele>52.6</ele>
      </trkpt>
      <trkpt lat="48.85608793236315" lon="2.9085559397935867">
        <ele>52.94</ele>
      </trkpt>
      <trkpt lat="48.85619823820889" lon="2.9082076717168093">
        <ele>53.29</ele>
      </trkpt>
      <trkpt lat="48.856307957321405" lon="2.9078609962016344">
        <ele>53.43</ele>
      </trkpt>
      <trkpt lat="48.85635891929269" lon="2.9077239520847797">
        <ele>53.6</ele>
      </trkpt>
      <trkpt lat="48.85638892650604" lon="2.9076919332146645">
        <ele>53.73</ele>
      </trkpt>
      <trkpt lat="48.856434943154454" lon="2.907677935436368">
        <ele>53.81</ele>
      </trkpt>
      <trkpt lat="48.856540974229574" lon="2.9076889995485544">
        <ele>53.84</ele>
      </trkpt>
      <trkpt lat="48.85658799670637" lon="2.9077089484781027">
        <ele>53.81</ele>
      </trkpt>
      <trkpt lat="48.856605933979154" lon="2.9077179171144962">
        <ele>53.71</ele>
      </trkpt>
      <trkpt lat="48.856606939807534" lon="2.907718922942877">
        <ele>53.57</ele>
      </trkpt>
      <trkpt lat="48.85686476714909" lon="2.9078589845448732">
        <ele>53.35</ele>
      </trkpt>
      <trkpt lat="48.857122510671616" lon="2.907998962327838">
        <ele>53.06</ele>
      </trkpt>
      <trkpt lat="48.85738033801317" lon="2.9081390239298344">
        <ele>52.68</ele>
      </trkpt>
      <trkpt lat="48.857637997716665" lon="2.9082789178937674">
        <ele>52.39</ele>
      </trkpt>
      <trkpt lat="48.857683930546045" lon="2.9082559514790773">
        <ele>52.21</ele>
      </trkpt>
      <trkpt lat="48.8577139377594" lon="2.9082839470356703">
        <ele>52.06</ele>
      </trkpt>
      <trkpt lat="48.85770597495139" lon="2.9082119464874268">
        <ele>51.93</ele>
      </trkpt>
      <trkpt lat="48.85771092027426" lon="2.9081289656460285">
        <ele>51.83</ele>
      </trkpt>
      <trkpt lat="48.857768923044205" lon="2.9079969506710768">
        <ele>51.77</ele>
      </trkpt>
      <trkpt lat="48.85788115672767" lon="2.9077856428921223">
        <ele>51.69</ele>
      </trkpt>
      <trkpt lat="48.85799297131598" lon="2.9075749218463898">
        <ele>51.66</ele>
      </trkpt>
      <trkpt lat="48.85803395882249" lon="2.907495964318514">
        <ele>51.61</ele>
      </trkpt>
      <trkpt lat="48.858114928007126" lon="2.9073379654437304">
        <ele>51.64</ele>
      </trkpt>
      <trkpt lat="48.858154993504286" lon="2.907318938523531">
        <ele>51.56</ele>
      </trkpt>
      <trkpt lat="48.85812699794769" lon="2.9072819743305445">
        <ele>51.46</ele>
      </trkpt>
      <trkpt lat="48.858108976855874" lon="2.9072559904307127">
        <ele>51.35</ele>
      </trkpt>
      <trkpt lat="48.85815566405654" lon="2.907121544703841">
        <ele>51.19</ele>
      </trkpt>
    </trkseg>
  </trk>
</gpx>
