<?xml version="1.0" encoding="UTF-8"?>
<gpx creator="Garmin Connect" version="1.1"
  xsi:schemaLocation="http://www.topografix.com/GPX/1/1 http://www.topografix.com/GPX/11.xsd"
  xmlns:ns3="http://www.garmin.com/xmlschemas/TrackPointExtension/v1"
  xmlns="http://www.topografix.com/GPX/1/1"
  xmlns:xsi="http://www.w3.org/2001/XMLSchema-instance" xmlns:ns2="http://www.garmin.com/xmlschemas/GpxExtensions/v3">
  <metadata>
    <name>VTT Crécyvélo77 - 2026</name>
    <link href="connect.garmin.com">
      <text>Garmin Connect</text>
    </link>
    <time>2026-08-24T10:46:10.000Z</time>
  </metadata>
  <wpt lat="48.85954103079531" lon="2.90926059560763">
    <ele>0.0</ele>
    <name>Traversée D934</name>
    <type>DANGER</type>
  </wpt>
  <wpt lat="48.86470241156873" lon="2.94377805873677">
    <ele>0.0</ele>
    <name>Traversée D21</name>
    <type>DANGER</type>
  </wpt>
  <wpt lat="48.85957757713529" lon="2.94334108820576">
    <ele>0.0</ele>
    <name>Ravito.1</name>
    <type>FOOD</type>
  </wpt>
  <wpt lat="48.85816743638536" lon="2.92662137969247">
    <ele>0.0</ele>
    <name>Feux tricolores</name>
    <type>INFO</type>
  </wpt>
  <wpt lat="48.82486349497546" lon="2.93761121994482">
    <ele>0.0</ele>
    <name>à droite</name>
    <type>INFO</type>
  </wpt>
  <wpt lat="48.82562814246434" lon="2.95449595983845">
    <ele>0.0</ele>
    <name>Carrefour</name>
    <type>DANGER</type>
  </wpt>
  <wpt lat="48.82758238067594" lon="2.95766940377822">
    <ele>0.0</ele>
    <name>Ravito.2</name>
    <type>FOOD</type>
  </wpt>
  <wpt lat="48.8083901759178" lon="2.92814277826427">
    <ele>0.0</ele>
    <name>Traversée D20</name>
    <type>DANGER</type>
  </wpt>
  <wpt lat="48.80865467464818" lon="2.9257364729208">
    <ele>0.0</ele>
    <name>Traversée D20E1</name>
    <type>DANGER</type>
  </wpt>
  <wpt lat="48.80077299481712" lon="2.90314941325983">
    <ele>0.0</ele>
    <name>Ravito.3</name>
    <type>FOOD</type>
  </wpt>
  <wpt lat="48.84671879830024" lon="2.89486676400161">
    <ele>0.0</ele>
    <name>Traversée D235</name>
    <type>DANGER</type>
  </wpt>
  <wpt lat="48.85264614030913" lon="2.89858949555914">
    <ele>0.0</ele>
    <name>Traversée D235</name>
    <type>DANGER</type>
  </wpt>
  <trk>
    <name>VTT Crécyvélo77 - 2026</name>
    <trkseg>
      <trkpt lat="48.858008813112974" lon="2.9161059390753508">
        <ele>50.8</ele>
      </trkpt>
      <trkpt lat="48.85798215866089" lon="2.9160332679748535">
        <ele>50.7</ele>
      </trkpt>
      <trkpt lat="48.85791778564453" lon="2.9160118103027344">
        <ele>50.58</ele>
      </trkpt>
      <trkpt lat="48.85779591277242" lon="2.9156892746686935">
        <ele>50.57</ele>
      </trkpt>
      <trkpt lat="48.8576740399003" lon="2.9153667390346527">
        <ele>50.5</ele>
      </trkpt>
      <trkpt lat="48.857553005218506" lon="2.915046215057373">
        <ele>50.38</ele>
      </trkpt>
      <trkpt lat="48.857553005218506" lon="2.914896011352539">
        <ele>50.24</ele>
      </trkpt>
      <trkpt lat="48.85763883590698" lon="2.914767265319824">
        <ele>50.1</ele>
      </trkpt>
      <trkpt lat="48.857860788702965" lon="2.9144521057605743">
        <ele>49.97</ele>
      </trkpt>
      <trkpt lat="48.85808274149895" lon="2.914137030020356">
        <ele>49.82</ele>
      </trkpt>
      <trkpt lat="48.858304023742676" lon="2.913823127746582">
        <ele>49.58</ele>
      </trkpt>
      <trkpt lat="48.85845422744751" lon="2.913973331451416">
        <ele>49.28</ele>
      </trkpt>
      <trkpt lat="48.858540058135986" lon="2.913694381713867">
        <ele>49.06</ele>
      </trkpt>
      <trkpt lat="48.858658242970705" lon="2.913457928225398">
        <ele>48.88</ele>
      </trkpt>
      <trkpt lat="48.8587760925293" lon="2.913222312927246">
        <ele>48.71</ele>
      </trkpt>
      <trkpt lat="48.8587760925293" lon="2.9131150245666504">
        <ele>48.55</ele>
      </trkpt>
      <trkpt lat="48.85874734260142" lon="2.912658378481865">
        <ele>48.39</ele>
      </trkpt>
      <trkpt lat="48.85871867649257" lon="2.9122017323970795">
        <ele>48.25</ele>
      </trkpt>
      <trkpt lat="48.858690010383725" lon="2.911745086312294">
        <ele>48.23</ele>
      </trkpt>
      <trkpt lat="48.85866134427488" lon="2.9112885240465403">
        <ele>48.27</ele>
      </trkpt>
      <trkpt lat="48.85863267816603" lon="2.910831877961755">
        <ele>48.18</ele>
      </trkpt>
      <trkpt lat="48.85860392823815" lon="2.9103752318769693">
        <ele>48.08</ele>
      </trkpt>
      <trkpt lat="48.85857526212931" lon="2.9099186696112156">
        <ele>48.07</ele>
      </trkpt>
      <trkpt lat="48.85854659602046" lon="2.90946202352643">
        <ele>48.21</ele>
      </trkpt>
      <trkpt lat="48.85851860046387" lon="2.9090166091918945">
        <ele>48.41</ele>
      </trkpt>
      <trkpt lat="48.858561515808105" lon="2.9090380668640137">
        <ele>48.67</ele>
      </trkpt>
      <trkpt lat="48.858722448349" lon="2.909059524536133">
        <ele>49.05</ele>
      </trkpt>
      <trkpt lat="48.858883464708924" lon="2.909080982208252">
        <ele>49.47</ele>
      </trkpt>
      <trkpt lat="48.8591194152832" lon="2.9091452714055777">
        <ele>49.97</ele>
      </trkpt>
      <trkpt lat="48.85935536585748" lon="2.909209644421935">
        <ele>50.55</ele>
      </trkpt>
      <trkpt lat="48.859591484069824" lon="2.909274101257324">
        <ele>51.24</ele>
      </trkpt>
      <trkpt lat="48.859591484069824" lon="2.9094457626342773">
        <ele>52.05</ele>
      </trkpt>
      <trkpt lat="48.859613025560975" lon="2.9094457626342773">
        <ele>52.94</ele>
      </trkpt>
      <trkpt lat="48.85965585708618" lon="2.9094457626342773">
        <ele>53.92</ele>
      </trkpt>
      <trkpt lat="48.85969877243042" lon="2.9094457626342773">
        <ele>55.0</ele>
      </trkpt>
      <trkpt lat="48.85972023010254" lon="2.9093384742736816">
        <ele>56.15</ele>
      </trkpt>
      <trkpt lat="48.85976314544678" lon="2.9093170166015625">
        <ele>57.41</ele>
      </trkpt>
      <trkpt lat="48.859993731603026" lon="2.9093973990529776">
        <ele>58.88</ele>
      </trkpt>
      <trkpt lat="48.86022440157831" lon="2.9094778653234243">
        <ele>60.47</ele>
      </trkpt>
      <trkpt lat="48.86045507155359" lon="2.909558331593871">
        <ele>62.16</ele>
      </trkpt>
      <trkpt lat="48.8606858253479" lon="2.9096388816833496">
        <ele>63.96</ele>
      </trkpt>
      <trkpt lat="48.86094331741333" lon="2.9097589943557978">
        <ele>65.85</ele>
      </trkpt>
      <trkpt lat="48.86120080947876" lon="2.9098791908472776">
        <ele>67.86</ele>
      </trkpt>
      <trkpt lat="48.86145830154419" lon="2.9099993873387575">
        <ele>69.98</ele>
      </trkpt>
      <trkpt lat="48.86171579360962" lon="2.9101195000112057">
        <ele>72.16</ele>
      </trkpt>
      <trkpt lat="48.86197328567505" lon="2.9102396965026855">
        <ele>74.4</ele>
      </trkpt>
      <trkpt lat="48.862080574035645" lon="2.9103469848632812">
        <ele>76.58</ele>
      </trkpt>
      <trkpt lat="48.862123573198915" lon="2.9106158763170242">
        <ele>78.78</ele>
      </trkpt>
      <trkpt lat="48.86216640472412" lon="2.9108834266662598">
        <ele>80.96</ele>
      </trkpt>
      <trkpt lat="48.862316608428955" lon="2.9111838340759277">
        <ele>83.2</ele>
      </trkpt>
      <trkpt lat="48.86248826980591" lon="2.9113125801086426">
        <ele>85.31</ele>
      </trkpt>
      <trkpt lat="48.86265993118286" lon="2.9114413261413574">
        <ele>87.34</ele>
      </trkpt>
      <trkpt lat="48.862891690805554" lon="2.911595804616809">
        <ele>89.29</ele>
      </trkpt>
      <trkpt lat="48.86312353424728" lon="2.911750366911292">
        <ele>91.2</ele>
      </trkpt>
      <trkpt lat="48.86335529386997" lon="2.9119049292057753">
        <ele>92.99</ele>
      </trkpt>
      <trkpt lat="48.8635871373117" lon="2.9120594076812267">
        <ele>94.62</ele>
      </trkpt>
      <trkpt lat="48.863818645477295" lon="2.9122138023376465">
        <ele>96.18</ele>
      </trkpt>
      <trkpt lat="48.863904643803835" lon="2.9117620177567005">
        <ele>97.41</ele>
      </trkpt>
      <trkpt lat="48.86399072594941" lon="2.9113103169947863">
        <ele>98.39</ele>
      </trkpt>
      <trkpt lat="48.86407672427595" lon="2.9108585324138403">
        <ele>99.36</ele>
      </trkpt>
      <trkpt lat="48.86416280642152" lon="2.910406831651926">
        <ele>100.28</ele>
      </trkpt>
      <trkpt lat="48.86424779891968" lon="2.9099607467651367">
        <ele>101.03</ele>
      </trkpt>
      <trkpt lat="48.86428006924689" lon="2.9095949605107307">
        <ele>101.63</ele>
      </trkpt>
      <trkpt lat="48.864312171936035" lon="2.909231185913086">
        <ele>102.06</ele>
      </trkpt>
      <trkpt lat="48.86433002538979" lon="2.9088223166763783">
        <ele>102.43</ele>
      </trkpt>
      <trkpt lat="48.86434796266258" lon="2.9084135312587023">
        <ele>102.75</ele>
      </trkpt>
      <trkpt lat="48.864365899935365" lon="2.9080047458410263">
        <ele>102.95</ele>
      </trkpt>
      <trkpt lat="48.86438383720815" lon="2.9075958766043186">
        <ele>103.03</ele>
      </trkpt>
      <trkpt lat="48.86440177448094" lon="2.9071870911866426">
        <ele>103.03</ele>
      </trkpt>
      <trkpt lat="48.86441946029663" lon="2.906785011291504">
        <ele>102.98</ele>
      </trkpt>
      <trkpt lat="48.86441510170698" lon="2.906341692432761">
        <ele>102.85</ele>
      </trkpt>
      <trkpt lat="48.864410826936364" lon="2.90589845739305">
        <ele>102.73</ele>
      </trkpt>
      <trkpt lat="48.86440655216575" lon="2.905455222353339">
        <ele>102.51</ele>
      </trkpt>
      <trkpt lat="48.8644021935761" lon="2.905011987313628">
        <ele>102.27</ele>
      </trkpt>
      <trkpt lat="48.86439800262451" lon="2.9045748710632324">
        <ele>102.09</ele>
      </trkpt>
      <trkpt lat="48.86450529098511" lon="2.9044032096862793">
        <ele>102.04</ele>
      </trkpt>
      <trkpt lat="48.86474132537842" lon="2.904489040374756">
        <ele>102.12</ele>
      </trkpt>
      <trkpt lat="48.864993369206786" lon="2.9044783115386963">
        <ele>102.21</ele>
      </trkpt>
      <trkpt lat="48.865245413035154" lon="2.9044675827026367">
        <ele>102.33</ele>
      </trkpt>
      <trkpt lat="48.865497540682554" lon="2.904456853866577">
        <ele>102.48</ele>
      </trkpt>
      <trkpt lat="48.86574983596802" lon="2.9044461250305176">
        <ele>102.64</ele>
      </trkpt>
      <trkpt lat="48.86592149734497" lon="2.9044032096862793">
        <ele>102.8</ele>
      </trkpt>
      <trkpt lat="48.8661789894104" lon="2.904231548309326">
        <ele>103.02</ele>
      </trkpt>
      <trkpt lat="48.86611461639404" lon="2.903931140899658">
        <ele>103.13</ele>
      </trkpt>
      <trkpt lat="48.86611461639404" lon="2.903572479262948">
        <ele>103.16</ele>
      </trkpt>
      <trkpt lat="48.86611461639404" lon="2.9032139014452696">
        <ele>103.17</ele>
      </trkpt>
      <trkpt lat="48.86611461639404" lon="2.902858257293701">
        <ele>103.18</ele>
      </trkpt>
      <trkpt lat="48.86609307490289" lon="2.902578469365835">
        <ele>103.16</ele>
      </trkpt>
      <trkpt lat="48.866071784868836" lon="2.9023003578186035">
        <ele>103.14</ele>
      </trkpt>
      <trkpt lat="48.8660288695246" lon="2.902193069458008">
        <ele>103.08</ele>
      </trkpt>
      <trkpt lat="48.86594303883612" lon="2.9021501541137695">
        <ele>102.99</ele>
      </trkpt>
      <trkpt lat="48.86572846211493" lon="2.902135821059346">
        <ele>102.87</ele>
      </trkpt>
      <trkpt lat="48.86551388539374" lon="2.902121488004923">
        <ele>102.73</ele>
      </trkpt>
      <trkpt lat="48.865299224853516" lon="2.9021072387695312">
        <ele>102.53</ele>
      </trkpt>
      <trkpt lat="48.865299224853516" lon="2.901687640696764">
        <ele>102.43</ele>
      </trkpt>
      <trkpt lat="48.86529930867255" lon="2.9012703895568848">
        <ele>102.34</ele>
      </trkpt>
      <trkpt lat="48.865299224853516" lon="2.9012703895568848">
        <ele>102.21</ele>
      </trkpt>
      <trkpt lat="48.865299224853516" lon="2.9007969796657562">
        <ele>102.07</ele>
      </trkpt>
      <trkpt lat="48.865299224853516" lon="2.9003262519836426">
        <ele>101.93</ele>
      </trkpt>
      <trkpt lat="48.865277683362365" lon="2.8999389242380857">
        <ele>101.82</ele>
      </trkpt>
      <trkpt lat="48.865256141871214" lon="2.899551596492529">
        <ele>101.69</ele>
      </trkpt>
      <trkpt lat="48.86523485183716" lon="2.899167537689209">
        <ele>101.56</ele>
      </trkpt>
      <trkpt lat="48.86519176885486" lon="2.898844750598073">
        <ele>101.43</ele>
      </trkpt>
      <trkpt lat="48.86514876969159" lon="2.8985220473259687">
        <ele>101.35</ele>
      </trkpt>
      <trkpt lat="48.86510610580444" lon="2.8982019424438477">
        <ele>101.29</ele>
      </trkpt>
      <trkpt lat="48.8651168346405" lon="2.8978361561894417">
        <ele>101.26</ele>
      </trkpt>
      <trkpt lat="48.86512756347656" lon="2.897472381591797">
        <ele>101.2</ele>
      </trkpt>
      <trkpt lat="48.86517056263983" lon="2.897160407155752">
        <ele>101.11</ele>
      </trkpt>
      <trkpt lat="48.86521339416504" lon="2.896850109100342">
        <ele>101.07</ele>
      </trkpt>
      <trkpt lat="48.86522630229592" lon="2.8964196983724833">
        <ele>101.03</ele>
      </trkpt>
      <trkpt lat="48.86523921042681" lon="2.8959893714636564">
        <ele>100.98</ele>
      </trkpt>
      <trkpt lat="48.86525211855769" lon="2.8955590445548296">
        <ele>100.96</ele>
      </trkpt>
      <trkpt lat="48.865265026688576" lon="2.8951287176460028">
        <ele>100.97</ele>
      </trkpt>
      <trkpt lat="48.8652777671814" lon="2.8947043418884277">
        <ele>100.97</ele>
      </trkpt>
      <trkpt lat="48.865283131599426" lon="2.8942685667425394">
        <ele>101.04</ele>
      </trkpt>
      <trkpt lat="48.865288496017456" lon="2.893832875415683">
        <ele>101.09</ele>
      </trkpt>
      <trkpt lat="48.86529394425452" lon="2.893397184088826">
        <ele>101.22</ele>
      </trkpt>
      <trkpt lat="48.86529930867255" lon="2.8929662704467773">
        <ele>101.44</ele>
      </trkpt>
      <trkpt lat="48.8653723988682" lon="2.8925359435379505">
        <ele>101.75</ele>
      </trkpt>
      <trkpt lat="48.86544548906386" lon="2.8921057004481554">
        <ele>102.03</ele>
      </trkpt>
      <trkpt lat="48.86551866307855" lon="2.8916754573583603">
        <ele>102.3</ele>
      </trkpt>
      <trkpt lat="48.8655917532742" lon="2.891245214268565">
        <ele>102.6</ele>
      </trkpt>
      <trkpt lat="48.86566400527954" lon="2.8908205032348633">
        <ele>102.95</ele>
      </trkpt>
      <trkpt lat="48.86571412906051" lon="2.89036151021719">
        <ele>103.38</ele>
      </trkpt>
      <trkpt lat="48.865764336660504" lon="2.8899025171995163">
        <ele>103.87</ele>
      </trkpt>
      <trkpt lat="48.865814208984375" lon="2.8894472122192383">
        <ele>104.31</ele>
      </trkpt>
      <trkpt lat="48.86588587425649" lon="2.889146050438285">
        <ele>104.84</ele>
      </trkpt>
      <trkpt lat="48.86595753952861" lon="2.8888448886573315">
        <ele>105.33</ele>
      </trkpt>
      <trkpt lat="48.866028785705566" lon="2.8885459899902344">
        <ele>105.86</ele>
      </trkpt>
      <trkpt lat="48.866316955536604" lon="2.8886961936950684">
        <ele>106.41</ele>
      </trkpt>
      <trkpt lat="48.86660512536764" lon="2.8888463973999023">
        <ele>106.95</ele>
      </trkpt>
      <trkpt lat="48.86689329519868" lon="2.8889966011047363">
        <ele>107.47</ele>
      </trkpt>
      <trkpt lat="48.86718146502972" lon="2.8891468048095703">
        <ele>107.99</ele>
      </trkpt>
      <trkpt lat="48.867469634860754" lon="2.8892970085144043">
        <ele>108.47</ele>
      </trkpt>
      <trkpt lat="48.86775788851082" lon="2.88944729603827">
        <ele>108.89</ele>
      </trkpt>
      <trkpt lat="48.868045806884766" lon="2.8895974159240723">
        <ele>109.25</ele>
      </trkpt>
      <trkpt lat="48.86827471666038" lon="2.889704704284668">
        <ele>109.6</ele>
      </trkpt>
      <trkpt lat="48.868503626435995" lon="2.8898119926452637">
        <ele>109.87</ele>
      </trkpt>
      <trkpt lat="48.86873253621161" lon="2.8899192810058594">
        <ele>110.02</ele>
      </trkpt>
      <trkpt lat="48.86893646791577" lon="2.8901124838739634">
        <ele>110.19</ele>
      </trkpt>
      <trkpt lat="48.86914039961994" lon="2.8903056867420673">
        <ele>110.28</ele>
      </trkpt>
      <trkpt lat="48.8693443313241" lon="2.890498973429203">
        <ele>110.3</ele>
      </trkpt>
      <trkpt lat="48.869547843933105" lon="2.8906917572021484">
        <ele>110.23</ele>
      </trkpt>
      <trkpt lat="48.86971950531006" lon="2.890949249267578">
        <ele>110.1</ele>
      </trkpt>
      <trkpt lat="48.86986996047199" lon="2.8912931587547064">
        <ele>109.89</ele>
      </trkpt>
      <trkpt lat="48.87001991271973" lon="2.8916358947753906">
        <ele>109.61</ele>
      </trkpt>
      <trkpt lat="48.87009518221021" lon="2.891904702410102">
        <ele>109.29</ele>
      </trkpt>
      <trkpt lat="48.87017011642456" lon="2.892172336578369">
        <ele>108.88</ele>
      </trkpt>
      <trkpt lat="48.87022384442389" lon="2.8925164975225925">
        <ele>108.42</ele>
      </trkpt>
      <trkpt lat="48.870277404785156" lon="2.8928589820861816">
        <ele>107.89</ele>
      </trkpt>
      <trkpt lat="48.87057940475643" lon="2.8927615843713284">
        <ele>107.22</ele>
      </trkpt>
      <trkpt lat="48.87088148854673" lon="2.892664186656475">
        <ele>106.5</ele>
      </trkpt>
      <trkpt lat="48.871183488518" lon="2.892566788941622">
        <ele>105.7</ele>
      </trkpt>
      <trkpt lat="48.8714855723083" lon="2.8924694750458">
        <ele>104.81</ele>
      </trkpt>
      <trkpt lat="48.87178757227957" lon="2.892372077330947">
        <ele>103.95</ele>
      </trkpt>
      <trkpt lat="48.872089656069875" lon="2.8922746796160936">
        <ele>103.15</ele>
      </trkpt>
      <trkpt lat="48.872391656041145" lon="2.8921772819012403">
        <ele>102.34</ele>
      </trkpt>
      <trkpt lat="48.87269373983145" lon="2.8920799680054188">
        <ele>101.55</ele>
      </trkpt>
      <trkpt lat="48.87299573980272" lon="2.8919825702905655">
        <ele>100.86</ele>
      </trkpt>
      <trkpt lat="48.87329782359302" lon="2.891885172575712">
        <ele>100.19</ele>
      </trkpt>
      <trkpt lat="48.87359982356429" lon="2.891787774860859">
        <ele>99.46</ele>
      </trkpt>
      <trkpt lat="48.87390190735459" lon="2.8916904609650373">
        <ele>98.74</ele>
      </trkpt>
      <trkpt lat="48.87420415878296" lon="2.8915929794311523">
        <ele>98.13</ele>
      </trkpt>
      <trkpt lat="48.874516719952226" lon="2.891559200361371">
        <ele>97.53</ele>
      </trkpt>
      <trkpt lat="48.874829364940524" lon="2.8915255051106215">
        <ele>96.97</ele>
      </trkpt>
      <trkpt lat="48.87514200992882" lon="2.891491809859872">
        <ele>96.4</ele>
      </trkpt>
      <trkpt lat="48.87545457109809" lon="2.8914581146091223">
        <ele>95.88</ele>
      </trkpt>
      <trkpt lat="48.87576721608639" lon="2.891424335539341">
        <ele>95.43</ele>
      </trkpt>
      <trkpt lat="48.876079861074686" lon="2.8913906402885914">
        <ele>95.03</ele>
      </trkpt>
      <trkpt lat="48.87639284133911" lon="2.891356945037842">
        <ele>94.72</ele>
      </trkpt>
      <trkpt lat="48.87639292515814" lon="2.891356945037842">
        <ele>94.42</ele>
      </trkpt>
      <trkpt lat="48.87669316492975" lon="2.8913354873657227">
        <ele>94.13</ele>
      </trkpt>
      <trkpt lat="48.87699365615845" lon="2.8913140296936035">
        <ele>93.92</ele>
      </trkpt>
      <trkpt lat="48.87715458869934" lon="2.8913891315460205">
        <ele>93.74</ele>
      </trkpt>
      <trkpt lat="48.877315605059266" lon="2.8914642333984375">
        <ele>93.58</ele>
      </trkpt>
      <trkpt lat="48.87750864028931" lon="2.8914427757263184">
        <ele>93.45</ele>
      </trkpt>
      <trkpt lat="48.8777160923928" lon="2.8912996128201485">
        <ele>93.39</ele>
      </trkpt>
      <trkpt lat="48.87792362831533" lon="2.8911565337330103">
        <ele>93.33</ele>
      </trkpt>
      <trkpt lat="48.87813099659979" lon="2.8910136222839355">
        <ele>93.31</ele>
      </trkpt>
      <trkpt lat="48.87820266187191" lon="2.89146532304585">
        <ele>93.42</ele>
      </trkpt>
      <trkpt lat="48.87827432714403" lon="2.8919171076267958">
        <ele>93.49</ele>
      </trkpt>
      <trkpt lat="48.87834548950195" lon="2.8923654556274414">
        <ele>93.57</ele>
      </trkpt>
      <trkpt lat="48.8783741556108" lon="2.8928387816995382">
        <ele>93.69</ele>
      </trkpt>
      <trkpt lat="48.87840282171965" lon="2.893312107771635">
        <ele>93.82</ele>
      </trkpt>
      <trkpt lat="48.87843132019043" lon="2.8937816619873047">
        <ele>93.99</ele>
      </trkpt>
      <trkpt lat="48.87849586084485" lon="2.8942405711859465">
        <ele>94.1</ele>
      </trkpt>
      <trkpt lat="48.87856040149927" lon="2.89469956420362">
        <ele>94.21</ele>
      </trkpt>
      <trkpt lat="48.878624523058534" lon="2.8951549530029297">
        <ele>94.31</ele>
      </trkpt>
      <trkpt lat="48.878560066223145" lon="2.8956055641174316">
        <ele>94.36</ele>
      </trkpt>
      <trkpt lat="48.878493681550026" lon="2.895981827750802">
        <ele>94.33</ele>
      </trkpt>
      <trkpt lat="48.87843140400946" lon="2.8963351249694824">
        <ele>94.27</ele>
      </trkpt>
      <trkpt lat="48.878493681550026" lon="2.895981827750802">
        <ele>94.33</ele>
      </trkpt>
      <trkpt lat="48.87843132019043" lon="2.8963351249694824">
        <ele>94.03</ele>
      </trkpt>
      <trkpt lat="48.87866735458374" lon="2.8961849212646484">
        <ele>93.85</ele>
      </trkpt>
      <trkpt lat="48.878796100616455" lon="2.8963565826416016">
        <ele>93.63</ele>
      </trkpt>
      <trkpt lat="48.87901780195534" lon="2.896478120237589">
        <ele>93.37</ele>
      </trkpt>
      <trkpt lat="48.87923958711326" lon="2.896599741652608">
        <ele>93.14</ele>
      </trkpt>
      <trkpt lat="48.87946128845215" lon="2.896721363067627">
        <ele>92.75</ele>
      </trkpt>
      <trkpt lat="48.879633117467165" lon="2.896936107426882">
        <ele>92.29</ele>
      </trkpt>
      <trkpt lat="48.879804611206055" lon="2.8971505165100098">
        <ele>91.8</ele>
      </trkpt>
      <trkpt lat="48.87986898422241" lon="2.8973007202148438">
        <ele>91.43</ele>
      </trkpt>
      <trkpt lat="48.87990125454962" lon="2.8975696116685867">
        <ele>91.06</ele>
      </trkpt>
      <trkpt lat="48.87993335723877" lon="2.8978371620178223">
        <ele>90.65</ele>
      </trkpt>
      <trkpt lat="48.8800835609436" lon="2.898073196411133">
        <ele>90.2</ele>
      </trkpt>
      <trkpt lat="48.8801908493042" lon="2.8982019424438477">
        <ele>89.8</ele>
      </trkpt>
      <trkpt lat="48.880491172894835" lon="2.8982340451329947">
        <ele>89.36</ele>
      </trkpt>
      <trkpt lat="48.880791664123535" lon="2.898266315460205">
        <ele>88.97</ele>
      </trkpt>
      <trkpt lat="48.88106633909047" lon="2.8984337020665407">
        <ele>88.62</ele>
      </trkpt>
      <trkpt lat="48.88134109787643" lon="2.8986010886728764">
        <ele>88.4</ele>
      </trkpt>
      <trkpt lat="48.88161577284336" lon="2.898768475279212">
        <ele>88.36</ele>
      </trkpt>
      <trkpt lat="48.881890531629324" lon="2.8989358618855476">
        <ele>88.49</ele>
      </trkpt>
      <trkpt lat="48.88216495513916" lon="2.8991031646728516">
        <ele>88.72</ele>
      </trkpt>
      <trkpt lat="48.88214341364801" lon="2.8995549492537975">
        <ele>88.81</ele>
      </trkpt>
      <trkpt lat="48.88212187215686" lon="2.900006817653775">
        <ele>89.0</ele>
      </trkpt>
      <trkpt lat="48.88210033066571" lon="2.900458686053753">
        <ele>89.32</ele>
      </trkpt>
      <trkpt lat="48.882079124450684" lon="2.9009056091308594">
        <ele>89.67</ele>
      </trkpt>
      <trkpt lat="48.882036209106445" lon="2.9012703895568848">
        <ele>90.04</ele>
      </trkpt>
      <trkpt lat="48.881982397288084" lon="2.9015284683555365">
        <ele>90.45</ele>
      </trkpt>
      <trkpt lat="48.88192892074585" lon="2.901785373687744">
        <ele>90.94</ele>
      </trkpt>
      <trkpt lat="48.88220409862697" lon="2.9019784927368164">
        <ele>91.58</ele>
      </trkpt>
      <trkpt lat="48.882479360327125" lon="2.9021716956049204">
        <ele>92.24</ele>
      </trkpt>
      <trkpt lat="48.88275462202728" lon="2.9023648984730244">
        <ele>92.92</ele>
      </trkpt>
      <trkpt lat="48.88302988372743" lon="2.9025581013411283">
        <ele>93.63</ele>
      </trkpt>
      <trkpt lat="48.88330506160855" lon="2.9027513042092323">
        <ele>94.34</ele>
      </trkpt>
      <trkpt lat="48.883580323308706" lon="2.9029444232583046">
        <ele>95.0</ele>
      </trkpt>
      <trkpt lat="48.88385558500886" lon="2.9031376261264086">
        <ele>95.64</ele>
      </trkpt>
      <trkpt lat="48.88413084670901" lon="2.9033308289945126">
        <ele>96.28</ele>
      </trkpt>
      <trkpt lat="48.88440527021885" lon="2.9035235289484262">
        <ele>96.9</ele>
      </trkpt>
      <trkpt lat="48.88468916527927" lon="2.9037227667868137">
        <ele>97.49</ele>
      </trkpt>
      <trkpt lat="48.88497314415872" lon="2.903922088444233">
        <ele>98.04</ele>
      </trkpt>
      <trkpt lat="48.88525703921914" lon="2.904121410101652">
        <ele>98.58</ele>
      </trkpt>
      <trkpt lat="48.88554101809859" lon="2.9043206479400396">
        <ele>99.07</ele>
      </trkpt>
      <trkpt lat="48.88582491315901" lon="2.904519969597459">
        <ele>99.52</ele>
      </trkpt>
      <trkpt lat="48.886108892038465" lon="2.904719291254878">
        <ele>99.97</ele>
      </trkpt>
      <trkpt lat="48.88639220036566" lon="2.9049181938171387">
        <ele>100.4</ele>
      </trkpt>
      <trkpt lat="48.88610822148621" lon="2.9047188721597195">
        <ele>100.62</ele>
      </trkpt>
      <trkpt lat="48.88582424260676" lon="2.9045195505023003">
        <ele>100.83</ele>
      </trkpt>
      <trkpt lat="48.88554034754634" lon="2.904320228844881">
        <ele>101.04</ele>
      </trkpt>
      <trkpt lat="48.88525636866689" lon="2.904120907187462">
        <ele>101.24</ele>
      </trkpt>
      <trkpt lat="48.88497247360647" lon="2.9039215855300426">
        <ele>101.4</ele>
      </trkpt>
      <trkpt lat="48.884688494727015" lon="2.9037222638726234">
        <ele>101.57</ele>
      </trkpt>
      <trkpt lat="48.88440527021885" lon="2.9035235289484262">
        <ele>96.9</ele>
      </trkpt>
      <trkpt lat="48.88440669514239" lon="2.90351590141654">
        <ele>101.93</ele>
      </trkpt>
      <trkpt lat="48.88440661132336" lon="2.9035158175975084">
        <ele>102.15</ele>
      </trkpt>
      <trkpt lat="48.8844059407711" lon="2.90351539850235">
        <ele>102.38</ele>
      </trkpt>
      <trkpt lat="48.88440585695207" lon="2.903515314683318">
        <ele>102.63</ele>
      </trkpt>
      <trkpt lat="48.88440577313304" lon="2.9035152308642864">
        <ele>102.91</ele>
      </trkpt>
      <trkpt lat="48.88440518639982" lon="2.9035148955881596">
        <ele>103.23</ele>
      </trkpt>
      <trkpt lat="48.884815061464906" lon="2.9038023948669434">
        <ele>103.62</ele>
      </trkpt>
      <trkpt lat="48.88639211654663" lon="2.9049181938171387">
        <ele>104.31</ele>
      </trkpt>
      <trkpt lat="48.88539433479309" lon="2.908329963684082">
        <ele>104.81</ele>
      </trkpt>
      <trkpt lat="48.885308587923646" lon="2.9086732864379883">
        <ele>105.28</ele>
      </trkpt>
      <trkpt lat="48.885287046432495" lon="2.908952236175537">
        <ele>105.8</ele>
      </trkpt>
      <trkpt lat="48.885308587923646" lon="2.9093170166015625">
        <ele>106.44</ele>
      </trkpt>
      <trkpt lat="48.88497591018677" lon="2.909402847290039">
        <ele>106.99</ele>
      </trkpt>
      <trkpt lat="48.8846218585968" lon="2.909531593322754">
        <ele>107.61</ele>
      </trkpt>
      <trkpt lat="48.88445019721985" lon="2.9096603393554688">
        <ele>108.33</ele>
      </trkpt>
      <trkpt lat="48.8840211275965" lon="2.910100221633911">
        <ele>109.12</ele>
      </trkpt>
      <trkpt lat="48.883323669433594" lon="2.910904884338379">
        <ele>110.13</ele>
      </trkpt>
      <trkpt lat="48.88308763504028" lon="2.9112589359283447">
        <ele>111.11</ele>
      </trkpt>
      <trkpt lat="48.8826048374176" lon="2.9117846488952637">
        <ele>112.23</ele>
      </trkpt>
      <trkpt lat="48.88224005699158" lon="2.9121172428131104">
        <ele>113.4</ele>
      </trkpt>
      <trkpt lat="48.88248682022095" lon="2.9127180576324463">
        <ele>114.61</ele>
      </trkpt>
      <trkpt lat="48.88270139694214" lon="2.9130935668945312">
        <ele>115.81</ele>
      </trkpt>
      <trkpt lat="48.88293743133545" lon="2.9136085510253906">
        <ele>117.13</ele>
      </trkpt>
      <trkpt lat="48.88314127922058" lon="2.9141664505004883">
        <ele>118.44</ele>
      </trkpt>
      <trkpt lat="48.88333439826965" lon="2.9148852825164795">
        <ele>119.81</ele>
      </trkpt>
      <trkpt lat="48.883795738220215" lon="2.916816473007202">
        <ele>121.45</ele>
      </trkpt>
      <trkpt lat="48.88395667076111" lon="2.9171597957611084">
        <ele>122.85</ele>
      </trkpt>
      <trkpt lat="48.883538246154785" lon="2.9179108142852783">
        <ele>124.21</ele>
      </trkpt>
      <trkpt lat="48.883044719696045" lon="2.918972969055176">
        <ele>125.66</ele>
      </trkpt>
      <trkpt lat="48.88313055038452" lon="2.9191339015960693">
        <ele>127.08</ele>
      </trkpt>
      <trkpt lat="48.883570432662964" lon="2.919788360595703">
        <ele>128.66</ele>
      </trkpt>
      <trkpt lat="48.88420343399048" lon="2.920668125152588">
        <ele>130.12</ele>
      </trkpt>
      <trkpt lat="48.884825706481934" lon="2.9218053817749023">
        <ele>131.59</ele>
      </trkpt>
      <trkpt lat="48.88520121574402" lon="2.9224276542663574">
        <ele>132.91</ele>
      </trkpt>
      <trkpt lat="48.885780572891235" lon="2.923232316970825">
        <ele>134.22</ele>
      </trkpt>
      <trkpt lat="48.88644576072693" lon="2.924036979675293">
        <ele>135.52</ele>
      </trkpt>
      <trkpt lat="48.88662815093994" lon="2.924315929412842">
        <ele>136.71</ele>
      </trkpt>
      <trkpt lat="48.886756896972656" lon="2.9245734214782715">
        <ele>137.83</ele>
      </trkpt>
      <trkpt lat="48.888065814971924" lon="2.92810320854187">
        <ele>138.85</ele>
      </trkpt>
      <trkpt lat="48.888076627627015" lon="2.928135395050049">
        <ele>139.84</ele>
      </trkpt>
      <trkpt lat="48.88808727264404" lon="2.928210496902466">
        <ele>140.76</ele>
      </trkpt>
      <trkpt lat="48.888033628463745" lon="2.9289186000823975">
        <ele>141.6</ele>
      </trkpt>
      <trkpt lat="48.888044357299805" lon="2.929058074951172">
        <ele>142.44</ele>
      </trkpt>
      <trkpt lat="48.888068832457066" lon="2.929196711629629">
        <ele>143.27</ele>
      </trkpt>
      <trkpt lat="48.88806556351483" lon="2.9291978012770414">
        <ele>144.0</ele>
      </trkpt>
      <trkpt lat="48.88806556351483" lon="2.929197885096073">
        <ele>144.69</ele>
      </trkpt>
      <trkpt lat="48.8880654796958" lon="2.929197885096073">
        <ele>145.35</ele>
      </trkpt>
      <trkpt lat="48.88806556351483" lon="2.929197968915105">
        <ele>145.97</ele>
      </trkpt>
      <trkpt lat="48.88806556351483" lon="2.9291980527341366">
        <ele>146.56</ele>
      </trkpt>
      <trkpt lat="48.8880654796958" lon="2.929197968915105">
        <ele>147.12</ele>
      </trkpt>
      <trkpt lat="48.88806556351483" lon="2.929197968915105">
        <ele>145.97</ele>
      </trkpt>
      <trkpt lat="48.888068832457066" lon="2.929196711629629">
        <ele>143.27</ele>
      </trkpt>
      <trkpt lat="48.88807654380798" lon="2.9292404651641846">
        <ele>148.67</ele>
      </trkpt>
      <trkpt lat="48.88832330703735" lon="2.9298412799835205">
        <ele>149.33</ele>
      </trkpt>
      <trkpt lat="48.88840913772583" lon="2.9299914836883545">
        <ele>149.84</ele>
      </trkpt>
      <trkpt lat="48.88867735862732" lon="2.9304099082946777">
        <ele>150.35</ele>
      </trkpt>
      <trkpt lat="48.88874181546271" lon="2.9305601119995117">
        <ele>150.78</ele>
      </trkpt>
      <trkpt lat="48.88947129249573" lon="2.9305922985076904">
        <ele>151.19</ele>
      </trkpt>
      <trkpt lat="48.89046907424927" lon="2.9310429096221924">
        <ele>151.72</ele>
      </trkpt>
      <trkpt lat="48.89034032821655" lon="2.931579351425171">
        <ele>152.11</ele>
      </trkpt>
      <trkpt lat="48.890104377642274" lon="2.932448387145996">
        <ele>152.35</ele>
      </trkpt>
      <trkpt lat="48.88990052975714" lon="2.9332101345062256">
        <ele>152.71</ele>
      </trkpt>
      <trkpt lat="48.88967522419989" lon="2.934079170227051">
        <ele>152.92</ele>
      </trkpt>
      <trkpt lat="48.88936400413513" lon="2.9350876808166504">
        <ele>153.35</ele>
      </trkpt>
      <trkpt lat="48.88919242657721" lon="2.9355382919311523">
        <ele>153.64</ele>
      </trkpt>
      <trkpt lat="48.889031410217285" lon="2.9359567165374756">
        <ele>153.94</ele>
      </trkpt>
      <trkpt lat="48.88799071311951" lon="2.9383385181427">
        <ele>154.0</ele>
      </trkpt>
      <trkpt lat="48.88758301734924" lon="2.9394757747650146">
        <ele>154.21</ele>
      </trkpt>
      <trkpt lat="48.88746500015259" lon="2.9397547245025635">
        <ele>154.46</ele>
      </trkpt>
      <trkpt lat="48.8872504234314" lon="2.9400980472564697">
        <ele>154.72</ele>
      </trkpt>
      <trkpt lat="48.88715386390686" lon="2.9406344890594482">
        <ele>154.93</ele>
      </trkpt>
      <trkpt lat="48.88675698079169" lon="2.9431235790252686">
        <ele>155.21</ele>
      </trkpt>
      <trkpt lat="48.88648867607117" lon="2.9447221755981445">
        <ele>155.59</ele>
      </trkpt>
      <trkpt lat="48.886284828186035" lon="2.94533371925354">
        <ele>155.73</ele>
      </trkpt>
      <trkpt lat="48.884772062301636" lon="2.9482626914978027">
        <ele>155.8</ele>
      </trkpt>
      <trkpt lat="48.88428934849799" lon="2.9478979110717773">
        <ele>155.88</ele>
      </trkpt>
      <trkpt lat="48.884289264678955" lon="2.9478979110717773">
        <ele>155.99</ele>
      </trkpt>
      <trkpt lat="48.88358116149902" lon="2.947382926940918">
        <ele>156.16</ele>
      </trkpt>
      <trkpt lat="48.88333439826965" lon="2.947136163711548">
        <ele>156.2</ele>
      </trkpt>
      <trkpt lat="48.883012533187866" lon="2.9465889930725098">
        <ele>156.24</ele>
      </trkpt>
      <trkpt lat="48.88267993927002" lon="2.945859432220459">
        <ele>156.3</ele>
      </trkpt>
      <trkpt lat="48.88237215578556" lon="2.945029456168413">
        <ele>156.37</ele>
      </trkpt>
      <trkpt lat="48.88237265869975" lon="2.945030713453889">
        <ele>156.4</ele>
      </trkpt>
      <trkpt lat="48.88237324543297" lon="2.9450323060154915">
        <ele>156.43</ele>
      </trkpt>
      <trkpt lat="48.882373832166195" lon="2.9450337309390306">
        <ele>156.44</ele>
      </trkpt>
      <trkpt lat="48.882374335080385" lon="2.9450349882245064">
        <ele>156.44</ele>
      </trkpt>
      <trkpt lat="48.88237441889942" lon="2.945035072043538">
        <ele>156.44</ele>
      </trkpt>
      <trkpt lat="48.88237500563264" lon="2.945036580786109">
        <ele>156.42</ele>
      </trkpt>
      <trkpt lat="48.88237559236586" lon="2.94503808952868">
        <ele>156.4</ele>
      </trkpt>
      <trkpt lat="48.88237617909908" lon="2.9450396820902824">
        <ele>156.37</ele>
      </trkpt>
      <trkpt lat="48.88237609528005" lon="2.9450394306331873">
        <ele>156.33</ele>
      </trkpt>
      <trkpt lat="48.88237668201327" lon="2.9450408555567265">
        <ele>156.28</ele>
      </trkpt>
      <trkpt lat="48.88237735256553" lon="2.9450425319373608">
        <ele>156.22</ele>
      </trkpt>
      <trkpt lat="48.88237793929875" lon="2.9450439568609">
        <ele>156.16</ele>
      </trkpt>
      <trkpt lat="48.88225078582764" lon="2.9447007179260254">
        <ele>156.1</ele>
      </trkpt>
      <trkpt lat="48.88214349746704" lon="2.943960428237915">
        <ele>155.95</ele>
      </trkpt>
      <trkpt lat="48.882057666778564" lon="2.943059206008911">
        <ele>155.8</ele>
      </trkpt>
      <trkpt lat="48.88187527656555" lon="2.942308187484741">
        <ele>155.75</ele>
      </trkpt>
      <trkpt lat="48.881596326828" lon="2.941814661026001">
        <ele>155.58</ele>
      </trkpt>
      <trkpt lat="48.880029916763306" lon="2.940816879272461">
        <ele>155.47</ele>
      </trkpt>
      <trkpt lat="48.87892300263047" lon="2.940018502995372">
        <ele>155.45</ele>
      </trkpt>
      <trkpt lat="48.87892291881144" lon="2.94001841917634">
        <ele>155.33</ele>
      </trkpt>
      <trkpt lat="48.878923086449504" lon="2.9400185868144035">
        <ele>155.2</ele>
      </trkpt>
      <trkpt lat="48.878923170268536" lon="2.9400186706334352">
        <ele>155.06</ele>
      </trkpt>
      <trkpt lat="48.878921158611774" lon="2.940017245709896">
        <ele>154.91</ele>
      </trkpt>
      <trkpt lat="48.87892141006887" lon="2.9400174133479595">
        <ele>154.74</ele>
      </trkpt>
      <trkpt lat="48.8789214938879" lon="2.9400174971669912">
        <ele>154.56</ele>
      </trkpt>
      <trkpt lat="48.878921745345" lon="2.9400176648050547">
        <ele>154.36</ele>
      </trkpt>
      <trkpt lat="48.878919649869204" lon="2.940016156062484">
        <ele>154.14</ele>
      </trkpt>
      <trkpt lat="48.878919733688235" lon="2.9400162398815155">
        <ele>153.9</ele>
      </trkpt>
      <trkpt lat="48.8789199013263" lon="2.940016407519579">
        <ele>153.64</ele>
      </trkpt>
      <trkpt lat="48.87892006896436" lon="2.9400165751576424">
        <ele>153.36</ele>
      </trkpt>
      <trkpt lat="48.87845277786255" lon="2.9396796226501465">
        <ele>153.03</ele>
      </trkpt>
      <trkpt lat="48.87720823287964" lon="2.9384994506835938">
        <ele>152.52</ele>
      </trkpt>
      <trkpt lat="48.876038789749146" lon="2.9372870922088623">
        <ele>152.19</ele>
      </trkpt>
      <trkpt lat="48.87572765350342" lon="2.9367077350616455">
        <ele>151.84</ele>
      </trkpt>
      <trkpt lat="48.87442954815924" lon="2.9344546794891357">
        <ele>151.23</ele>
      </trkpt>
      <trkpt lat="48.87395739555359" lon="2.9336178302764893">
        <ele>150.82</ele>
      </trkpt>
      <trkpt lat="48.873538970947266" lon="2.9331672191619873">
        <ele>150.42</ele>
      </trkpt>
      <trkpt lat="48.8735390547663" lon="2.9331672191619873">
        <ele>149.98</ele>
      </trkpt>
      <trkpt lat="48.87295961380005" lon="2.9325342178344727">
        <ele>149.51</ele>
      </trkpt>
      <trkpt lat="48.87226223945618" lon="2.9317080974578857">
        <ele>148.92</ele>
      </trkpt>
      <trkpt lat="48.8717257976532" lon="2.931032180786133">
        <ele>148.35</ele>
      </trkpt>
      <trkpt lat="48.87117862701416" lon="2.9301416873931885">
        <ele>147.83</ele>
      </trkpt>
      <trkpt lat="48.871115343645215" lon="2.9299850296229124">
        <ele>147.24</ele>
      </trkpt>
      <trkpt lat="48.87111509218812" lon="2.9299843590706587">
        <ele>146.63</ele>
      </trkpt>
      <trkpt lat="48.87111500836909" lon="2.9299841076135635">
        <ele>145.99</ele>
      </trkpt>
      <trkpt lat="48.87111500836909" lon="2.9299839399755">
        <ele>145.31</ele>
      </trkpt>
      <trkpt lat="48.871114840731025" lon="2.9299835208803415">
        <ele>144.58</ele>
      </trkpt>
      <trkpt lat="48.871113415807486" lon="2.9299799166619778">
        <ele>143.8</ele>
      </trkpt>
      <trkpt lat="48.871113415807486" lon="2.929979832842946">
        <ele>142.96</ele>
      </trkpt>
      <trkpt lat="48.87111324816942" lon="2.9299794137477875">
        <ele>142.07</ele>
      </trkpt>
      <trkpt lat="48.871111907064915" lon="2.9299761448055506">
        <ele>141.12</ele>
      </trkpt>
      <trkpt lat="48.87111182324588" lon="2.9299758095294237">
        <ele>140.11</ele>
      </trkpt>
      <trkpt lat="48.87111173942685" lon="2.9299755580723286">
        <ele>139.03</ele>
      </trkpt>
      <trkpt lat="48.87111165560782" lon="2.929975390434265">
        <ele>137.89</ele>
      </trkpt>
      <trkpt lat="48.87051343917847" lon="2.9284894466400146">
        <ele>136.58</ele>
      </trkpt>
      <trkpt lat="48.87040615081787" lon="2.9277920722961426">
        <ele>135.19</ele>
      </trkpt>
      <trkpt lat="48.870331048965454" lon="2.9272663593292236">
        <ele>133.92</ele>
      </trkpt>
      <trkpt lat="48.87022384442389" lon="2.9278993606567383">
        <ele>132.55</ele>
      </trkpt>
      <trkpt lat="48.86966586112976" lon="2.931472063064575">
        <ele>131.19</ele>
      </trkpt>
      <trkpt lat="48.86962294578552" lon="2.931654453277588">
        <ele>129.7</ele>
      </trkpt>
      <trkpt lat="48.86944055557251" lon="2.932448387145996">
        <ele>128.12</ele>
      </trkpt>
      <trkpt lat="48.86900067329407" lon="2.9339396953582764">
        <ele>126.51</ele>
      </trkpt>
      <trkpt lat="48.86815309524536" lon="2.9362893104553223">
        <ele>124.57</ele>
      </trkpt>
      <trkpt lat="48.86786341667175" lon="2.9372334480285645">
        <ele>122.89</ele>
      </trkpt>
      <trkpt lat="48.8676917552948" lon="2.938070297241211">
        <ele>121.19</ele>
      </trkpt>
      <trkpt lat="48.86760592460632" lon="2.9389071464538574">
        <ele>119.53</ele>
      </trkpt>
      <trkpt lat="48.867584466934204" lon="2.93959379196167">
        <ele>117.96</ele>
      </trkpt>
      <trkpt lat="48.867563009262085" lon="2.939786911010742">
        <ele>116.54</ele>
      </trkpt>
      <trkpt lat="48.86750936508179" lon="2.940012216567993">
        <ele>115.17</ele>
      </trkpt>
      <trkpt lat="48.867080211639404" lon="2.9407310485839844">
        <ele>113.78</ele>
      </trkpt>
      <trkpt lat="48.86675834655762" lon="2.941117286682129">
        <ele>112.67</ele>
      </trkpt>
      <trkpt lat="48.86675843037665" lon="2.941117286682129">
        <ele>111.65</ele>
      </trkpt>
      <trkpt lat="48.866543769836426" lon="2.9413747787475586">
        <ele>110.72</ele>
      </trkpt>
      <trkpt lat="48.86618971824646" lon="2.941718101501465">
        <ele>109.69</ele>
      </trkpt>
      <trkpt lat="48.86570700444281" lon="2.9419755935668945">
        <ele>108.83</ele>
      </trkpt>
      <trkpt lat="48.86564254760742" lon="2.942018508911133">
        <ele>108.31</ele>
      </trkpt>
      <trkpt lat="48.865385139361024" lon="2.942533493041992">
        <ele>108.02</ele>
      </trkpt>
      <trkpt lat="48.864784240722656" lon="2.943756580352783">
        <ele>107.85</ele>
      </trkpt>
      <trkpt lat="48.86470436118543" lon="2.9437894374132156">
        <ele>107.78</ele>
      </trkpt>
      <trkpt lat="48.86470234952867" lon="2.9437780380249023">
        <ele>107.8</ele>
      </trkpt>
      <trkpt lat="48.8646989967674" lon="2.943781055510044">
        <ele>107.96</ele>
      </trkpt>
      <trkpt lat="48.864619955420494" lon="2.943790778517723">
        <ele>108.26</ele>
      </trkpt>
      <trkpt lat="48.86447721160948" lon="2.94384291395545">
        <ele>108.69</ele>
      </trkpt>
      <trkpt lat="48.864395739510655" lon="2.943840231746435">
        <ele>109.2</ele>
      </trkpt>
      <trkpt lat="48.86431183665991" lon="2.943820198997855">
        <ele>109.79</ele>
      </trkpt>
      <trkpt lat="48.86395518667996" lon="2.943675946444273">
        <ele>110.58</ele>
      </trkpt>
      <trkpt lat="48.863713536411524" lon="2.9436128307133913">
        <ele>111.31</ele>
      </trkpt>
      <trkpt lat="48.863295866176486" lon="2.943571675568819">
        <ele>112.17</ele>
      </trkpt>
      <trkpt lat="48.8627337757498" lon="2.943611405789852">
        <ele>113.15</ele>
      </trkpt>
      <trkpt lat="48.8624887727201" lon="2.943674772977829">
        <ele>114.05</ele>
      </trkpt>
      <trkpt lat="48.862373353913426" lon="2.9437253158539534">
        <ele>114.94</ele>
      </trkpt>
      <trkpt lat="48.861990636214614" lon="2.944044079631567">
        <ele>115.99</ele>
      </trkpt>
      <trkpt lat="48.861670112237334" lon="2.9443492647260427">
        <ele>116.84</ele>
      </trkpt>
      <trkpt lat="48.86149685829878" lon="2.944540958851576">
        <ele>117.63</ele>
      </trkpt>
      <trkpt lat="48.85974780656397" lon="2.946138633415103">
        <ele>118.39</ele>
      </trkpt>
      <trkpt lat="48.85952392593026" lon="2.9463669564574957">
        <ele>119.06</ele>
      </trkpt>
      <trkpt lat="48.85886485688388" lon="2.9471274465322495">
        <ele>119.65</ele>
      </trkpt>
      <trkpt lat="48.85882403701544" lon="2.947168769314885">
        <ele>120.16</ele>
      </trkpt>
      <trkpt lat="48.858780367299914" lon="2.947187125682831">
        <ele>120.58</ele>
      </trkpt>
      <trkpt lat="48.85874214582145" lon="2.947147311642766">
        <ele>120.91</ele>
      </trkpt>
      <trkpt lat="48.85871825739741" lon="2.946991575881839">
        <ele>121.13</ele>
      </trkpt>
      <trkpt lat="48.85878564789891" lon="2.9462790302932262">
        <ele>121.23</ele>
      </trkpt>
      <trkpt lat="48.85877374559641" lon="2.9458194505423307">
        <ele>121.13</ele>
      </trkpt>
      <trkpt lat="48.85880056768656" lon="2.9455500561743975">
        <ele>120.96</ele>
      </trkpt>
      <trkpt lat="48.85885337367654" lon="2.94527311809361">
        <ele>120.74</ele>
      </trkpt>
      <trkpt lat="48.85910474695265" lon="2.944269049912691">
        <ele>120.46</ele>
      </trkpt>
      <trkpt lat="48.85916082188487" lon="2.944095628336072">
        <ele>120.06</ele>
      </trkpt>
      <trkpt lat="48.85926743969321" lon="2.9438690654933453">
        <ele>119.61</ele>
      </trkpt>
      <trkpt lat="48.859531385824084" lon="2.9434831626713276">
        <ele>118.96</ele>
      </trkpt>
      <trkpt lat="48.85959994979203" lon="2.9433399997651577">
        <ele>118.2</ele>
      </trkpt>
      <trkpt lat="48.8595599681139" lon="2.9432499781250954">
        <ele>117.39</ele>
      </trkpt>
      <trkpt lat="48.85924531146884" lon="2.9432384949177504">
        <ele>116.5</ele>
      </trkpt>
      <trkpt lat="48.85900994762778" lon="2.9432299453765154">
        <ele>115.44</ele>
      </trkpt>
      <trkpt lat="48.85871331207454" lon="2.943070437759161">
        <ele>114.22</ele>
      </trkpt>
      <trkpt lat="48.85841676034033" lon="2.9429109301418066">
        <ele>113.0</ele>
      </trkpt>
      <trkpt lat="48.85812012478709" lon="2.942751422524452">
        <ele>111.71</ele>
      </trkpt>
      <trkpt lat="48.85782357305288" lon="2.942591914907098">
        <ele>110.43</ele>
      </trkpt>
      <trkpt lat="48.85781996883452" lon="2.9425899870693684">
        <ele>109.21</ele>
      </trkpt>
      <trkpt lat="48.857533894479275" lon="2.942391000688076">
        <ele>107.85</ele>
      </trkpt>
      <trkpt lat="48.857359969988465" lon="2.942269966006279">
        <ele>106.5</ele>
      </trkpt>
      <trkpt lat="48.857091246172786" lon="2.942021694034338">
        <ele>105.07</ele>
      </trkpt>
      <trkpt lat="48.856822522357106" lon="2.9417733382433653">
        <ele>103.69</ele>
      </trkpt>
      <trkpt lat="48.85656997561455" lon="2.9415399860590696">
        <ele>102.38</ele>
      </trkpt>
      <trkpt lat="48.85631273500621" lon="2.941265059635043">
        <ele>101.11</ele>
      </trkpt>
      <trkpt lat="48.85627996176481" lon="2.9412299394607544">
        <ele>99.97</ele>
      </trkpt>
      <trkpt lat="48.85633997619152" lon="2.941149976104498">
        <ele>98.89</ele>
      </trkpt>
      <trkpt lat="48.85657659731805" lon="2.9408354870975018">
        <ele>97.87</ele>
      </trkpt>
      <trkpt lat="48.856813218444586" lon="2.9405209980905056">
        <ele>96.87</ele>
      </trkpt>
      <trkpt lat="48.85704983957112" lon="2.9402065090835094">
        <ele>95.94</ele>
      </trkpt>
      <trkpt lat="48.85712997056544" lon="2.940099975094199">
        <ele>95.04</ele>
      </trkpt>
      <trkpt lat="48.85729995556176" lon="2.9398999828845263">
        <ele>94.15</ele>
      </trkpt>
      <trkpt lat="48.85744999162853" lon="2.9396799579262733">
        <ele>93.32</ele>
      </trkpt>
      <trkpt lat="48.85772391222417" lon="2.9394451808184385">
        <ele>92.53</ele>
      </trkpt>
      <trkpt lat="48.85772994719446" lon="2.939439984038472">
        <ele>91.81</ele>
      </trkpt>
      <trkpt lat="48.85787998326123" lon="2.93934996239841">
        <ele>91.12</ele>
      </trkpt>
      <trkpt lat="48.858029935508966" lon="2.9392799735069275">
        <ele>90.49</ele>
      </trkpt>
      <trkpt lat="48.85828994214535" lon="2.9392399918287992">
        <ele>89.92</ele>
      </trkpt>
      <trkpt lat="48.85860468260944" lon="2.939235046505928">
        <ele>89.43</ele>
      </trkpt>
      <trkpt lat="48.85891942307353" lon="2.939230101183057">
        <ele>88.88</ele>
      </trkpt>
      <trkpt lat="48.858929984271526" lon="2.9392299335449934">
        <ele>88.32</ele>
      </trkpt>
      <trkpt lat="48.85911991819739" lon="2.939609969034791">
        <ele>87.91</ele>
      </trkpt>
      <trkpt lat="48.85918999090791" lon="2.9396299179643393">
        <ele>87.37</ele>
      </trkpt>
      <trkpt lat="48.85923994705081" lon="2.939609969034791">
        <ele>86.82</ele>
      </trkpt>
      <trkpt lat="48.859185045585036" lon="2.939140247181058">
        <ele>86.1</ele>
      </trkpt>
      <trkpt lat="48.85914992541075" lon="2.9388399235904217">
        <ele>85.45</ele>
      </trkpt>
      <trkpt lat="48.8591299764812" lon="2.938739927485585">
        <ele>84.89</ele>
      </trkpt>
      <trkpt lat="48.85913995094597" lon="2.9386299569159746">
        <ele>84.33</ele>
      </trkpt>
      <trkpt lat="48.859097035601735" lon="2.938157469034195">
        <ele>83.65</ele>
      </trkpt>
      <trkpt lat="48.85906996205449" lon="2.937859995290637">
        <ele>83.0</ele>
      </trkpt>
      <trkpt lat="48.85903048329055" lon="2.937386753037572">
        <ele>82.37</ele>
      </trkpt>
      <trkpt lat="48.85902998037636" lon="2.937379963696003">
        <ele>81.94</ele>
      </trkpt>
      <trkpt lat="48.85899997316301" lon="2.9372399859130383">
        <ele>81.49</ele>
      </trkpt>
      <trkpt lat="48.8591418787837" lon="2.936814185231924">
        <ele>81.05</ele>
      </trkpt>
      <trkpt lat="48.8591799326241" lon="2.936699939891696">
        <ele>80.69</ele>
      </trkpt>
      <trkpt lat="48.859291495755315" lon="2.9362539388239384">
        <ele>80.27</ele>
      </trkpt>
      <trkpt lat="48.859339943155646" lon="2.936059981584549">
        <ele>79.98</ele>
      </trkpt>
      <trkpt lat="48.859359975904226" lon="2.935839956626296">
        <ele>79.72</ele>
      </trkpt>
      <trkpt lat="48.85932996869087" lon="2.9356699716299772">
        <ele>79.52</ele>
      </trkpt>
      <trkpt lat="48.859269954264164" lon="2.9355399683117867">
        <ele>79.39</ele>
      </trkpt>
      <trkpt lat="48.85902998037636" lon="2.9352314304560423">
        <ele>79.46</ele>
      </trkpt>
      <trkpt lat="48.85891992598772" lon="2.9350899439305067">
        <ele>79.48</ele>
      </trkpt>
      <trkpt lat="48.85889997705817" lon="2.9348499700427055">
        <ele>79.49</ele>
      </trkpt>
      <trkpt lat="48.8589087780565" lon="2.9343731235712767">
        <ele>79.46</ele>
      </trkpt>
      <trkpt lat="48.858909951522946" lon="2.9343099240213633">
        <ele>79.36</ele>
      </trkpt>
      <trkpt lat="48.85886175557971" lon="2.9338386096060276">
        <ele>79.34</ele>
      </trkpt>
      <trkpt lat="48.858813643455505" lon="2.9333672113716602">
        <ele>79.29</ele>
      </trkpt>
      <trkpt lat="48.85876997373998" lon="2.932939985767007">
        <ele>79.11</ele>
      </trkpt>
      <trkpt lat="48.8587240409106" lon="2.932468084618449">
        <ele>78.75</ele>
      </trkpt>
      <trkpt lat="48.85867819190025" lon="2.9319961834698915">
        <ele>78.28</ele>
      </trkpt>
      <trkpt lat="48.858632342889905" lon="2.931524282321334">
        <ele>77.96</ele>
      </trkpt>
      <trkpt lat="48.858586410060525" lon="2.931052464991808">
        <ele>77.74</ele>
      </trkpt>
      <trkpt lat="48.8585599232465" lon="2.930779969319701">
        <ele>77.31</ele>
      </trkpt>
      <trkpt lat="48.85847342200577" lon="2.9303213953971863">
        <ele>76.72</ele>
      </trkpt>
      <trkpt lat="48.858459927141666" lon="2.9302499815821648">
        <ele>76.14</ele>
      </trkpt>
      <trkpt lat="48.858352806419134" lon="2.9298014659434557">
        <ele>75.39</ele>
      </trkpt>
      <trkpt lat="48.85824560187757" lon="2.9293530341237783">
        <ele>74.68</ele>
      </trkpt>
      <trkpt lat="48.85818994604051" lon="2.929119933396578">
        <ele>73.99</ele>
      </trkpt>
      <trkpt lat="48.85810914449394" lon="2.928658928722143">
        <ele>73.21</ele>
      </trkpt>
      <trkpt lat="48.858028342947364" lon="2.9281980078667402">
        <ele>72.34</ele>
      </trkpt>
      <trkpt lat="48.85801996104419" lon="2.9281499795615673">
        <ele>71.5</ele>
      </trkpt>
      <trkpt lat="48.85796472430229" lon="2.9276804253458977">
        <ele>70.35</ele>
      </trkpt>
      <trkpt lat="48.857959946617484" lon="2.927639940753579">
        <ele>69.47</ele>
      </trkpt>
      <trkpt lat="48.85798995383084" lon="2.9274499230086803">
        <ele>68.49</ele>
      </trkpt>
      <trkpt lat="48.8580799754709" lon="2.9272899962961674">
        <ele>67.54</ele>
      </trkpt>
      <trkpt lat="48.858219953253865" lon="2.9271299857646227">
        <ele>66.57</ele>
      </trkpt>
      <trkpt lat="48.85825993493199" lon="2.926999982446432">
        <ele>65.69</ele>
      </trkpt>
      <trkpt lat="48.858239986002445" lon="2.9268299974501133">
        <ele>64.85</ele>
      </trkpt>
      <trkpt lat="48.85815993882716" lon="2.9265999980270863">
        <ele>64.07</ele>
      </trkpt>
      <trkpt lat="48.858109982684255" lon="2.926509976387024">
        <ele>63.38</ele>
      </trkpt>
      <trkpt lat="48.85787428356707" lon="2.9268260579556227">
        <ele>62.87</ele>
      </trkpt>
      <trkpt lat="48.85766993276775" lon="2.9270999785512686">
        <ele>62.37</ele>
      </trkpt>
      <trkpt lat="48.85759994387627" lon="2.9270399641245604">
        <ele>61.79</ele>
      </trkpt>
      <trkpt lat="48.85739995166659" lon="2.927139960229397">
        <ele>61.3</ele>
      </trkpt>
      <trkpt lat="48.85714028030634" lon="2.92740935459733">
        <ele>60.92</ele>
      </trkpt>
      <trkpt lat="48.85688052512705" lon="2.927678832784295">
        <ele>60.5</ele>
      </trkpt>
      <trkpt lat="48.8566208537668" lon="2.9279482271522284">
        <ele>60.18</ele>
      </trkpt>
      <trkpt lat="48.85636109858751" lon="2.9282176215201616">
        <ele>59.92</ele>
      </trkpt>
      <trkpt lat="48.856329917907715" lon="2.9282499756664038">
        <ele>59.66</ele>
      </trkpt>
      <trkpt lat="48.85606354102492" lon="2.9285038635134697">
        <ele>59.43</ele>
      </trkpt>
      <trkpt lat="48.85579716414213" lon="2.9287578351795673">
        <ele>59.19</ele>
      </trkpt>
      <trkpt lat="48.85568995960057" lon="2.9288599267601967">
        <ele>58.99</ele>
      </trkpt>
      <trkpt lat="48.85569054633379" lon="2.9288591723889112">
        <ele>58.81</ele>
      </trkpt>
      <trkpt lat="48.85569021105766" lon="2.92885959148407">
        <ele>58.64</ele>
      </trkpt>
      <trkpt lat="48.85568995960057" lon="2.9288599267601967">
        <ele>58.48</ele>
      </trkpt>
      <trkpt lat="48.85542534291744" lon="2.9291182570159435">
        <ele>58.44</ele>
      </trkpt>
      <trkpt lat="48.85526994243264" lon="2.9292699694633484">
        <ele>58.33</ele>
      </trkpt>
      <trkpt lat="48.85517992079258" lon="2.9293099511414766">
        <ele>58.16</ele>
      </trkpt>
      <trkpt lat="48.85499996133149" lon="2.929349932819605">
        <ele>57.94</ele>
      </trkpt>
      <trkpt lat="48.8546987157315" lon="2.929488066583872">
        <ele>57.77</ele>
      </trkpt>
      <trkpt lat="48.85451992973685" lon="2.929569957777858">
        <ele>57.55</ele>
      </trkpt>
      <trkpt lat="48.854289930313826" lon="2.929619997739792">
        <ele>57.28</ele>
      </trkpt>
      <trkpt lat="48.853975692763925" lon="2.9296469036489725">
        <ele>56.91</ele>
      </trkpt>
      <trkpt lat="48.853939985856414" lon="2.9296499211341143">
        <ele>56.68</ele>
      </trkpt>
      <trkpt lat="48.85386999696493" lon="2.929629972204566">
        <ele>56.42</ele>
      </trkpt>
      <trkpt lat="48.85383998975158" lon="2.9295199178159237">
        <ele>56.12</ele>
      </trkpt>
      <trkpt lat="48.85376991704106" lon="2.9294899944216013">
        <ele>55.86</ele>
      </trkpt>
      <trkpt lat="48.85370998643339" lon="2.9295599833130836">
        <ele>55.64</ele>
      </trkpt>
      <trkpt lat="48.85369992814958" lon="2.9296699538826942">
        <ele>55.5</ele>
      </trkpt>
      <trkpt lat="48.85375994257629" lon="2.9297399427741766">
        <ele>55.37</ele>
      </trkpt>
      <trkpt lat="48.85346431285143" lon="2.9299033898860216">
        <ele>55.15</ele>
      </trkpt>
      <trkpt lat="48.85337999090552" lon="2.9299499932676554">
        <ele>54.97</ele>
      </trkpt>
      <trkpt lat="48.85307145304978" lon="2.9300442058593035">
        <ele>54.74</ele>
      </trkpt>
      <trkpt lat="48.853019988164306" lon="2.930059963837266">
        <ele>54.57</ele>
      </trkpt>
      <trkpt lat="48.85270658880472" lon="2.9301037173718214">
        <ele>54.41</ele>
      </trkpt>
      <trkpt lat="48.85239318944514" lon="2.930147387087345">
        <ele>54.38</ele>
      </trkpt>
      <trkpt lat="48.852159921079874" lon="2.9301799926906824">
        <ele>54.28</ele>
      </trkpt>
      <trkpt lat="48.85184543207288" lon="2.9301960859447718">
        <ele>54.2</ele>
      </trkpt>
      <trkpt lat="48.851769994944334" lon="2.9301999416202307">
        <ele>54.1</ele>
      </trkpt>
      <trkpt lat="48.85145642794669" lon="2.93015887029469">
        <ele>54.07</ele>
      </trkpt>
      <trkpt lat="48.85115996003151" lon="2.930119978263974">
        <ele>54.21</ele>
      </trkpt>
      <trkpt lat="48.85085259564221" lon="2.9300174675881863">
        <ele>54.28</ele>
      </trkpt>
      <trkpt lat="48.85076995007694" lon="2.9299899749457836">
        <ele>54.37</ele>
      </trkpt>
      <trkpt lat="48.85045738890767" lon="2.929933900013566">
        <ele>54.57</ele>
      </trkpt>
      <trkpt lat="48.850144911557436" lon="2.9298777412623167">
        <ele>54.91</ele>
      </trkpt>
      <trkpt lat="48.849989930167794" lon="2.929849997162819">
        <ele>55.2</ele>
      </trkpt>
      <trkpt lat="48.84967611171305" lon="2.9298150446265936">
        <ele>55.53</ele>
      </trkpt>
      <trkpt lat="48.849449967965484" lon="2.9297899827361107">
        <ele>55.87</ele>
      </trkpt>
      <trkpt lat="48.849138747900724" lon="2.9297188203781843">
        <ele>56.26</ele>
      </trkpt>
      <trkpt lat="48.84909993968904" lon="2.9297099355608225">
        <ele>56.79</ele>
      </trkpt>
      <trkpt lat="48.848795341327786" lon="2.9295899905264378">
        <ele>57.32</ele>
      </trkpt>
      <trkpt lat="48.84849074296653" lon="2.9294699616730213">
        <ele>58.0</ele>
      </trkpt>
      <trkpt lat="48.84843994863331" lon="2.9294499289244413">
        <ele>58.82</ele>
      </trkpt>
      <trkpt lat="48.84815161116421" lon="2.9292588215321302">
        <ele>59.8</ele>
      </trkpt>
      <trkpt lat="48.84786327369511" lon="2.929067714139819">
        <ele>60.9</ele>
      </trkpt>
      <trkpt lat="48.84757996536791" lon="2.9288799595087767">
        <ele>61.93</ele>
      </trkpt>
      <trkpt lat="48.847284000366926" lon="2.9287176858633757">
        <ele>63.17</ele>
      </trkpt>
      <trkpt lat="48.84698803536594" lon="2.9285554122179747">
        <ele>64.42</ele>
      </trkpt>
      <trkpt lat="48.846692154183984" lon="2.928393054753542">
        <ele>65.9</ele>
      </trkpt>
      <trkpt lat="48.84664999321103" lon="2.9283699207007885">
        <ele>67.52</ele>
      </trkpt>
      <trkpt lat="48.84656994603574" lon="2.928469916805625">
        <ele>69.37</ele>
      </trkpt>
      <trkpt lat="48.846255876123905" lon="2.9285013489425182">
        <ele>71.48</ele>
      </trkpt>
      <trkpt lat="48.84607172571123" lon="2.928519621491432">
        <ele>73.55</ele>
      </trkpt>
      <trkpt lat="48.84607088752091" lon="2.9285197891294956">
        <ele>75.56</ele>
      </trkpt>
      <trkpt lat="48.84589998051524" lon="2.928549963980913">
        <ele>77.79</ele>
      </trkpt>
      <trkpt lat="48.84560275822878" lon="2.9287067893892527">
        <ele>80.22</ele>
      </trkpt>
      <trkpt lat="48.845539977774024" lon="2.928739981725812">
        <ele>82.45</ele>
      </trkpt>
      <trkpt lat="48.84561994113028" lon="2.928979955613613">
        <ele>84.72</ele>
      </trkpt>
      <trkpt lat="48.84561994113028" lon="2.9290799517184496">
        <ele>86.98</ele>
      </trkpt>
      <trkpt lat="48.84545682929456" lon="2.929487731307745">
        <ele>89.52</ele>
      </trkpt>
      <trkpt lat="48.84534057229757" lon="2.9297782480716705">
        <ele>91.95</ele>
      </trkpt>
      <trkpt lat="48.84533998556435" lon="2.929779924452305">
        <ele>94.1</ele>
      </trkpt>
      <trkpt lat="48.84513999335468" lon="2.929869946092367">
        <ele>96.34</ele>
      </trkpt>
      <trkpt lat="48.84501996450126" lon="2.929869946092367">
        <ele>98.41</ele>
      </trkpt>
      <trkpt lat="48.84472634643316" lon="2.929698284715414">
        <ele>100.4</ele>
      </trkpt>
      <trkpt lat="48.844432728365064" lon="2.929526539519429">
        <ele>102.39</ele>
      </trkpt>
      <trkpt lat="48.844139110296965" lon="2.929354878142476">
        <ele>104.28</ele>
      </trkpt>
      <trkpt lat="48.843845492228866" lon="2.929183216765523">
        <ele>105.95</ele>
      </trkpt>
      <trkpt lat="48.84383996017277" lon="2.929179947823286">
        <ele>107.43</ele>
      </trkpt>
      <trkpt lat="48.84355640038848" lon="2.928973166272044">
        <ele>108.79</ele>
      </trkpt>
      <trkpt lat="48.84335992857814" lon="2.9288299195468426">
        <ele>110.0</ele>
      </trkpt>
      <trkpt lat="48.84309908375144" lon="2.928563207387924">
        <ele>110.99</ele>
      </trkpt>
      <trkpt lat="48.84283823892474" lon="2.928296411409974">
        <ele>111.74</ele>
      </trkpt>
      <trkpt lat="48.84257739409804" lon="2.928029615432024">
        <ele>112.46</ele>
      </trkpt>
      <trkpt lat="48.84247999638319" lon="2.9279299546033144">
        <ele>113.13</ele>
      </trkpt>
      <trkpt lat="48.84226994588971" lon="2.9276899807155132">
        <ele>113.7</ele>
      </trkpt>
      <trkpt lat="48.84213994257152" lon="2.927629966288805">
        <ele>114.06</ele>
      </trkpt>
      <trkpt lat="48.84185059927404" lon="2.9274422954767942">
        <ele>114.23</ele>
      </trkpt>
      <trkpt lat="48.84176996536553" lon="2.927389992401004">
        <ele>114.17</ele>
      </trkpt>
      <trkpt lat="48.84157994762063" lon="2.9272699635475874">
        <ele>113.95</ele>
      </trkpt>
      <trkpt lat="48.84130351245403" lon="2.927042143419385">
        <ele>113.51</ele>
      </trkpt>
      <trkpt lat="48.841026993468404" lon="2.926814239472151">
        <ele>112.94</ele>
      </trkpt>
      <trkpt lat="48.84075055830181" lon="2.9265864193439484">
        <ele>112.23</ele>
      </trkpt>
      <trkpt lat="48.84047412313521" lon="2.926358515396714">
        <ele>111.32</ele>
      </trkpt>
      <trkpt lat="48.84019760414958" lon="2.9261306952685118">
        <ele>110.24</ele>
      </trkpt>
      <trkpt lat="48.83992116898298" lon="2.9259027913212776">
        <ele>109.01</ele>
      </trkpt>
      <trkpt lat="48.839759984984994" lon="2.9257699381560087">
        <ele>107.71</ele>
      </trkpt>
      <trkpt lat="48.839834332466125" lon="2.9254722129553556">
        <ele>106.11</ele>
      </trkpt>
      <trkpt lat="48.83983994834125" lon="2.9254499170929193">
        <ele>104.5</ele>
      </trkpt>
      <trkpt lat="48.839871883392334" lon="2.9252922534942627">
        <ele>102.75</ele>
      </trkpt>
      <trkpt lat="48.84026885032654" lon="2.923811674118042">
        <ele>100.53</ele>
      </trkpt>
      <trkpt lat="48.840601444244385" lon="2.922663688659668">
        <ele>98.4</ele>
      </trkpt>
      <trkpt lat="48.84070881642401" lon="2.922041416168213">
        <ele>96.24</ele>
      </trkpt>
      <trkpt lat="48.84070873260498" lon="2.922041416168213">
        <ele>94.2</ele>
      </trkpt>
      <trkpt lat="48.84101995266974" lon="2.920936346054077">
        <ele>91.83</ele>
      </trkpt>
      <trkpt lat="48.84113788604736" lon="2.9211080074310303">
        <ele>89.71</ele>
      </trkpt>
      <trkpt lat="48.841567039489746" lon="2.9214513301849365">
        <ele>87.44</ele>
      </trkpt>
      <trkpt lat="48.84174942970276" lon="2.921665906906128">
        <ele>85.26</ele>
      </trkpt>
      <trkpt lat="48.84194254875183" lon="2.921987771987915">
        <ele>83.18</ele>
      </trkpt>
      <trkpt lat="48.842114293947816" lon="2.9223203659057617">
        <ele>81.16</ele>
      </trkpt>
      <trkpt lat="48.842114210128784" lon="2.9223203659057617">
        <ele>79.11</ele>
      </trkpt>
      <trkpt lat="48.84245753288269" lon="2.9229533672332764">
        <ele>77.04</ele>
      </trkpt>
      <trkpt lat="48.84253263473511" lon="2.923017740249634">
        <ele>75.02</ele>
      </trkpt>
      <trkpt lat="48.842629278078675" lon="2.9230713844299316">
        <ele>73.04</ele>
      </trkpt>
      <trkpt lat="48.84266138076782" lon="2.9230499267578125">
        <ele>71.17</ele>
      </trkpt>
      <trkpt lat="48.843111991882324" lon="2.922985553741455">
        <ele>69.11</ele>
      </trkpt>
      <trkpt lat="48.84333738125861" lon="2.923007011413574">
        <ele>67.3</ele>
      </trkpt>
      <trkpt lat="48.84368062019348" lon="2.923039197921753">
        <ele>65.51</ele>
      </trkpt>
      <trkpt lat="48.8437557220459" lon="2.923017740249634">
        <ele>63.97</ele>
      </trkpt>
      <trkpt lat="48.843830823898315" lon="2.9229533672332764">
        <ele>62.53</ele>
      </trkpt>
      <trkpt lat="48.843573331832886" lon="2.920786142349243">
        <ele>61.18</ele>
      </trkpt>
      <trkpt lat="48.84355983696878" lon="2.9205074440687895">
        <ele>59.98</ele>
      </trkpt>
      <trkpt lat="48.84355874732137" lon="2.920484310016036">
        <ele>58.92</ele>
      </trkpt>
      <trkpt lat="48.84355874732137" lon="2.9204838909208775">
        <ele>57.97</ele>
      </trkpt>
      <trkpt lat="48.843558663502336" lon="2.9204821307212114">
        <ele>57.13</ele>
      </trkpt>
      <trkpt lat="48.843558663502336" lon="2.9204820469021797">
        <ele>56.4</ele>
      </trkpt>
      <trkpt lat="48.84355849586427" lon="2.9204777721315622">
        <ele>55.77</ele>
      </trkpt>
      <trkpt lat="48.843558579683304" lon="2.9204779397696257">
        <ele>55.23</ele>
      </trkpt>
      <trkpt lat="48.843558579683304" lon="2.9204777721315622">
        <ele>54.79</ele>
      </trkpt>
      <trkpt lat="48.843558663502336" lon="2.9204780235886574">
        <ele>54.43</ele>
      </trkpt>
      <trkpt lat="48.84355849586427" lon="2.9204741679131985">
        <ele>54.16</ele>
      </trkpt>
      <trkpt lat="48.84355849586427" lon="2.9204740840941668">
        <ele>53.96</ele>
      </trkpt>
      <trkpt lat="48.84355187416077" lon="2.920335531234741">
        <ele>53.85</ele>
      </trkpt>
      <trkpt lat="48.84355187416077" lon="2.9195308685302734">
        <ele>53.74</ele>
      </trkpt>
      <trkpt lat="48.843616247177124" lon="2.916194200515747">
        <ele>53.56</ele>
      </trkpt>
      <trkpt lat="48.843616330996156" lon="2.916194200515747">
        <ele>53.61</ele>
      </trkpt>
      <trkpt lat="48.843626976013184" lon="2.916151285171509">
        <ele>53.71</ele>
      </trkpt>
      <trkpt lat="48.84292960166931" lon="2.9157328605651855">
        <ele>54.05</ele>
      </trkpt>
      <trkpt lat="48.842865228652954" lon="2.915647029876709">
        <ele>54.25</ele>
      </trkpt>
      <trkpt lat="48.842865312471986" lon="2.915647029876709">
        <ele>54.45</ele>
      </trkpt>
      <trkpt lat="48.842833042144775" lon="2.9156041145324707">
        <ele>54.67</ele>
      </trkpt>
      <trkpt lat="48.84281317703426" lon="2.9154289327561855">
        <ele>54.87</ele>
      </trkpt>
      <trkpt lat="48.842810578644276" lon="2.9154057148844004">
        <ele>55.11</ele>
      </trkpt>
      <trkpt lat="48.842810494825244" lon="2.915404960513115">
        <ele>55.36</ele>
      </trkpt>
      <trkpt lat="48.84281032718718" lon="2.9154027812182903">
        <ele>55.61</ele>
      </trkpt>
      <trkpt lat="48.84281032718718" lon="2.9154021944850683">
        <ele>55.85</ele>
      </trkpt>
      <trkpt lat="48.84280982427299" lon="2.9153976682573557">
        <ele>56.07</ele>
      </trkpt>
      <trkpt lat="48.84280982427299" lon="2.9153974168002605">
        <ele>56.29</ele>
      </trkpt>
      <trkpt lat="48.84280982427299" lon="2.9153968300670385">
        <ele>56.49</ele>
      </trkpt>
      <trkpt lat="48.84280982427299" lon="2.915396662428975">
        <ele>56.67</ele>
      </trkpt>
      <trkpt lat="48.84280940517783" lon="2.915392806753516">
        <ele>56.83</ele>
      </trkpt>
      <trkpt lat="48.84280940517783" lon="2.915392303839326">
        <ele>56.97</ele>
      </trkpt>
      <trkpt lat="48.84280940517783" lon="2.915391968563199">
        <ele>57.08</ele>
      </trkpt>
      <trkpt lat="48.84280940517783" lon="2.9153915494680405">
        <ele>57.17</ele>
      </trkpt>
      <trkpt lat="48.84279012680054" lon="2.915217876434326">
        <ele>57.21</ele>
      </trkpt>
      <trkpt lat="48.842854499816895" lon="2.914445400238037">
        <ele>57.15</ele>
      </trkpt>
      <trkpt lat="48.84297251701355" lon="2.914177179336548">
        <ele>57.15</ele>
      </trkpt>
      <trkpt lat="48.84303689002991" lon="2.9141557216644287">
        <ele>57.12</ele>
      </trkpt>
      <trkpt lat="48.84374499320984" lon="2.914198637008667">
        <ele>57.03</ele>
      </trkpt>
      <trkpt lat="48.8437557220459" lon="2.9139626026153564">
        <ele>56.96</ele>
      </trkpt>
      <trkpt lat="48.84377592243254" lon="2.9134222213178873">
        <ele>56.92</ele>
      </trkpt>
      <trkpt lat="48.84377684444189" lon="2.913399673998356">
        <ele>56.8</ele>
      </trkpt>
      <trkpt lat="48.84377684444189" lon="2.9133997578173876">
        <ele>56.65</ele>
      </trkpt>
      <trkpt lat="48.84377692826092" lon="2.9133985843509436">
        <ele>56.48</ele>
      </trkpt>
      <trkpt lat="48.84377692826092" lon="2.913399003446102">
        <ele>56.29</ele>
      </trkpt>
      <trkpt lat="48.84377717971802" lon="2.913394393399358">
        <ele>56.07</ele>
      </trkpt>
      <trkpt lat="48.84377717971802" lon="2.9133950639516115">
        <ele>55.84</ele>
      </trkpt>
      <trkpt lat="48.84377717971802" lon="2.9133953992277384">
        <ele>55.58</ele>
      </trkpt>
      <trkpt lat="48.84377717971802" lon="2.9133962374180555">
        <ele>55.3</ele>
      </trkpt>
      <trkpt lat="48.84377726353705" lon="2.9133962374180555">
        <ele>55.0</ele>
      </trkpt>
      <trkpt lat="48.84377734735608" lon="2.9133962374180555">
        <ele>54.69</ele>
      </trkpt>
      <trkpt lat="48.84377743117511" lon="2.9133962374180555">
        <ele>54.37</ele>
      </trkpt>
      <trkpt lat="48.843777598813176" lon="2.9133923817425966">
        <ele>54.03</ele>
      </trkpt>
      <trkpt lat="48.843777598813176" lon="2.913392884656787">
        <ele>53.69</ele>
      </trkpt>
      <trkpt lat="48.843777598813176" lon="2.913393387570977">
        <ele>53.33</ele>
      </trkpt>
      <trkpt lat="48.843777598813176" lon="2.913393974304199">
        <ele>52.98</ele>
      </trkpt>
      <trkpt lat="48.84378799237311" lon="2.91312575340271">
        <ele>52.65</ele>
      </trkpt>
      <trkpt lat="48.84369143284857" lon="2.91312575340271">
        <ele>52.29</ele>
      </trkpt>
      <trkpt lat="48.84304761886597" lon="2.913104295730591">
        <ele>52.07</ele>
      </trkpt>
      <trkpt lat="48.842811584472656" lon="2.9131364822387695">
        <ele>51.78</ele>
      </trkpt>
      <trkpt lat="48.84268283843994" lon="2.9132115840911865">
        <ele>51.47</ele>
      </trkpt>
      <trkpt lat="48.84277939796448" lon="2.9117202758789062">
        <ele>50.86</ele>
      </trkpt>
      <trkpt lat="48.842564821243286" lon="2.91162371635437">
        <ele>50.65</ele>
      </trkpt>
      <trkpt lat="48.84246331639588" lon="2.9115466866642237">
        <ele>50.46</ele>
      </trkpt>
      <trkpt lat="48.84244915097952" lon="2.911535957828164">
        <ele>50.31</ele>
      </trkpt>
      <trkpt lat="48.8424483127892" lon="2.911535371094942">
        <ele>50.23</ele>
      </trkpt>
      <trkpt lat="48.84244663640857" lon="2.9115341138094664">
        <ele>50.2</ele>
      </trkpt>
      <trkpt lat="48.84244588203728" lon="2.9115335270762444">
        <ele>50.25</ele>
      </trkpt>
      <trkpt lat="48.84244236163795" lon="2.9115308448672295">
        <ele>50.37</ele>
      </trkpt>
      <trkpt lat="48.84244185872376" lon="2.911530425772071">
        <ele>50.57</ele>
      </trkpt>
      <trkpt lat="48.84244093671441" lon="2.911529755219817">
        <ele>50.85</ele>
      </trkpt>
      <trkpt lat="48.84244051761925" lon="2.9115294199436903">
        <ele>51.22</ele>
      </trkpt>
      <trkpt lat="48.84244043380022" lon="2.9115294199436903">
        <ele>51.69</ele>
      </trkpt>
      <trkpt lat="48.84244034998119" lon="2.9115293361246586">
        <ele>52.25</ele>
      </trkpt>
      <trkpt lat="48.84243741631508" lon="2.911527156829834">
        <ele>52.91</ele>
      </trkpt>
      <trkpt lat="48.842436745762825" lon="2.9115266539156437">
        <ele>53.67</ele>
      </trkpt>
      <trkpt lat="48.84243607521057" lon="2.9115261510014534">
        <ele>54.53</ele>
      </trkpt>
      <trkpt lat="48.84243548847735" lon="2.911525731906295">
        <ele>55.49</ele>
      </trkpt>
      <trkpt lat="48.84221076965332" lon="2.911355495452881">
        <ele>56.55</ele>
      </trkpt>
      <trkpt lat="48.842092752456665" lon="2.9113125801086426">
        <ele>57.71</ele>
      </trkpt>
      <trkpt lat="48.84202837944031" lon="2.9115378856658936">
        <ele>58.99</ele>
      </trkpt>
      <trkpt lat="48.84198546409607" lon="2.9118382930755615">
        <ele>60.37</ele>
      </trkpt>
      <trkpt lat="48.8419855479151" lon="2.9122674465179443">
        <ele>61.88</ele>
      </trkpt>
      <trkpt lat="48.841878175735474" lon="2.913179397583008">
        <ele>63.42</ele>
      </trkpt>
      <trkpt lat="48.84188890457153" lon="2.9134368896484375">
        <ele>64.93</ele>
      </trkpt>
      <trkpt lat="48.84147047996521" lon="2.9134905338287354">
        <ele>66.6</ele>
      </trkpt>
      <trkpt lat="48.841094970703125" lon="2.91337251663208">
        <ele>68.26</ele>
      </trkpt>
      <trkpt lat="48.84074091911316" lon="2.9131364822387695">
        <ele>69.87</ele>
      </trkpt>
      <trkpt lat="48.84005427360535" lon="2.9126644134521484">
        <ele>71.74</ele>
      </trkpt>
      <trkpt lat="48.83993625640869" lon="2.9126429557800293">
        <ele>73.39</ele>
      </trkpt>
      <trkpt lat="48.839592933654785" lon="2.912675142288208">
        <ele>75.18</ele>
      </trkpt>
      <trkpt lat="48.83924961090088" lon="2.9125678539276123">
        <ele>76.8</ele>
      </trkpt>
      <trkpt lat="48.839067220687866" lon="2.9125893115997314">
        <ele>78.33</ele>
      </trkpt>
      <trkpt lat="48.83888483047485" lon="2.9127180576324463">
        <ele>79.78</ele>
      </trkpt>
      <trkpt lat="48.83870244026184" lon="2.9127931594848633">
        <ele>81.11</ele>
      </trkpt>
      <trkpt lat="48.838133811950684" lon="2.912846803665161">
        <ele>82.52</ele>
      </trkpt>
      <trkpt lat="48.83799433708191" lon="2.9128146171569824">
        <ele>83.57</ele>
      </trkpt>
      <trkpt lat="48.837136030197144" lon="2.911956310272217">
        <ele>84.58</ele>
      </trkpt>
      <trkpt lat="48.837082386016846" lon="2.9118704795837402">
        <ele>85.38</ele>
      </trkpt>
      <trkpt lat="48.83590221405029" lon="2.910754680633545">
        <ele>85.82</ele>
      </trkpt>
      <trkpt lat="48.83565545082092" lon="2.910647392272949">
        <ele>86.31</ele>
      </trkpt>
      <trkpt lat="48.83499026298523" lon="2.9104864597320557">
        <ele>86.84</ele>
      </trkpt>
      <trkpt lat="48.83430361747742" lon="2.9104113578796387">
        <ele>87.18</ele>
      </trkpt>
      <trkpt lat="48.833874464035034" lon="2.910432815551758">
        <ele>87.33</ele>
      </trkpt>
      <trkpt lat="48.83354187011719" lon="2.9103147983551025">
        <ele>87.23</ele>
      </trkpt>
      <trkpt lat="48.83324146270752" lon="2.910282611846924">
        <ele>87.03</ele>
      </trkpt>
      <trkpt lat="48.83294105529785" lon="2.9103899002075195">
        <ele>86.8</ele>
      </trkpt>
      <trkpt lat="48.832114934921265" lon="2.9105722904205322">
        <ele>86.43</ele>
      </trkpt>
      <trkpt lat="48.831911170855165" lon="2.910550832748413">
        <ele>86.06</ele>
      </trkpt>
      <trkpt lat="48.83191108703613" lon="2.910550832748413">
        <ele>85.63</ele>
      </trkpt>
      <trkpt lat="48.83147120475769" lon="2.9104971885681152">
        <ele>85.08</ele>
      </trkpt>
      <trkpt lat="48.83126735687256" lon="2.9104113578796387">
        <ele>84.39</ele>
      </trkpt>
      <trkpt lat="48.830859661102295" lon="2.9104113578796387">
        <ele>83.77</ele>
      </trkpt>
      <trkpt lat="48.8307523727417" lon="2.9102933406829834">
        <ele>83.08</ele>
      </trkpt>
      <trkpt lat="48.83078615181148" lon="2.910275822505355">
        <ele>82.43</ele>
      </trkpt>
      <trkpt lat="48.83080132305622" lon="2.910268111154437">
        <ele>81.78</ele>
      </trkpt>
      <trkpt lat="48.83080224506557" lon="2.9102676920592785">
        <ele>81.13</ele>
      </trkpt>
      <trkpt lat="48.8308041729033" lon="2.9102667700499296">
        <ele>80.48</ele>
      </trkpt>
      <trkpt lat="48.83080501109362" lon="2.9102664347738028">
        <ele>79.84</ele>
      </trkpt>
      <trkpt lat="48.830808782950044" lon="2.910264590755105">
        <ele>79.21</ele>
      </trkpt>
      <trkpt lat="48.8308094535023" lon="2.91026433929801">
        <ele>78.6</ele>
      </trkpt>
      <trkpt lat="48.83081045933068" lon="2.9102639202028513">
        <ele>78.01</ele>
      </trkpt>
      <trkpt lat="48.8308110460639" lon="2.910263668745756">
        <ele>77.44</ele>
      </trkpt>
      <trkpt lat="48.83081112988293" lon="2.910263668745756">
        <ele>76.9</ele>
      </trkpt>
      <trkpt lat="48.83081121370196" lon="2.910263668745756">
        <ele>76.38</ele>
      </trkpt>
      <trkpt lat="48.83081121370196" lon="2.9102635849267244">
        <ele>75.89</ele>
      </trkpt>
      <trkpt lat="48.83081439882517" lon="2.9102621600031853">
        <ele>75.43</ele>
      </trkpt>
      <trkpt lat="48.830815153196454" lon="2.9102618247270584">
        <ele>75.01</ele>
      </trkpt>
      <trkpt lat="48.83081599138677" lon="2.9102614894509315">
        <ele>74.61</ele>
      </trkpt>
      <trkpt lat="48.83081674575806" lon="2.9102611541748047">
        <ele>74.24</ele>
      </trkpt>
      <trkpt lat="48.830806016922" lon="2.910153865814209">
        <ele>73.81</ele>
      </trkpt>
      <trkpt lat="48.83076310157776" lon="2.910100221633911">
        <ele>73.46</ele>
      </trkpt>
      <trkpt lat="48.83055313490331" lon="2.910137102007866">
        <ele>73.22</ele>
      </trkpt>
      <trkpt lat="48.830537209287286" lon="2.9101399518549442">
        <ele>72.97</ele>
      </trkpt>
      <trkpt lat="48.83053611963987" lon="2.9101402033120394">
        <ele>72.74</ele>
      </trkpt>
      <trkpt lat="48.83053402416408" lon="2.910140622407198">
        <ele>72.54</ele>
      </trkpt>
      <trkpt lat="48.83053310215473" lon="2.910140873864293">
        <ele>72.37</ele>
      </trkpt>
      <trkpt lat="48.83052916266024" lon="2.9101416282355785">
        <ele>72.21</ele>
      </trkpt>
      <trkpt lat="48.830528408288956" lon="2.910141795873642">
        <ele>72.07</ele>
      </trkpt>
      <trkpt lat="48.83052723482251" lon="2.910142047330737">
        <ele>71.95</ele>
      </trkpt>
      <trkpt lat="48.83052656427026" lon="2.9101422149688005">
        <ele>71.84</ele>
      </trkpt>
      <trkpt lat="48.830526480451226" lon="2.9101422987878323">
        <ele>71.73</ele>
      </trkpt>
      <trkpt lat="48.830526396632195" lon="2.910142382606864">
        <ele>71.64</ele>
      </trkpt>
      <trkpt lat="48.83052631281316" lon="2.910142382606864">
        <ele>71.55</ele>
      </trkpt>
      <trkpt lat="48.830523043870926" lon="2.9101430531591177">
        <ele>71.47</ele>
      </trkpt>
      <trkpt lat="48.83052220568061" lon="2.910143220797181">
        <ele>71.39</ele>
      </trkpt>
      <trkpt lat="48.83052128367126" lon="2.9101433884352446">
        <ele>71.3</ele>
      </trkpt>
      <trkpt lat="48.83046269416809" lon="2.910153865814209">
        <ele>71.21</ele>
      </trkpt>
      <trkpt lat="48.830323219299316" lon="2.910207509994507">
        <ele>71.17</ele>
      </trkpt>
      <trkpt lat="48.83021593093872" lon="2.9101967811584473">
        <ele>71.05</ele>
      </trkpt>
      <trkpt lat="48.83015155792236" lon="2.9101431369781494">
        <ele>70.88</ele>
      </trkpt>
      <trkpt lat="48.83002289570868" lon="2.910078763961792">
        <ele>70.69</ele>
      </trkpt>
      <trkpt lat="48.82987000979483" lon="2.910078763961792">
        <ele>70.52</ele>
      </trkpt>
      <trkpt lat="48.82985391654074" lon="2.910078763961792">
        <ele>70.4</ele>
      </trkpt>
      <trkpt lat="48.82985282689333" lon="2.910078763961792">
        <ele>70.28</ele>
      </trkpt>
      <trkpt lat="48.829851150512695" lon="2.910078763961792">
        <ele>70.15</ele>
      </trkpt>
      <trkpt lat="48.82985073141754" lon="2.910078763961792">
        <ele>70.02</ele>
      </trkpt>
      <trkpt lat="48.829849725589156" lon="2.9100789315998554">
        <ele>69.88</ele>
      </trkpt>
      <trkpt lat="48.829845786094666" lon="2.910079685971141">
        <ele>69.73</ele>
      </trkpt>
      <trkpt lat="48.82984503172338" lon="2.9100798536092043">
        <ele>69.58</ele>
      </trkpt>
      <trkpt lat="48.82984394207597" lon="2.9100801050662994">
        <ele>69.41</ele>
      </trkpt>
      <trkpt lat="48.82984318770468" lon="2.910080272704363">
        <ele>69.24</ele>
      </trkpt>
      <trkpt lat="48.82984310388565" lon="2.9100803565233946">
        <ele>69.05</ele>
      </trkpt>
      <trkpt lat="48.82984302006662" lon="2.9100804403424263">
        <ele>68.85</ele>
      </trkpt>
      <trkpt lat="48.82984302006662" lon="2.910080524161458">
        <ele>68.63</ele>
      </trkpt>
      <trkpt lat="48.82984176278114" lon="2.910080859437585">
        <ele>68.41</ele>
      </trkpt>
      <trkpt lat="48.82984201423824" lon="2.9100838769227266">
        <ele>68.16</ele>
      </trkpt>
      <trkpt lat="48.8298421818763" lon="2.910085218027234">
        <ele>67.91</ele>
      </trkpt>
      <trkpt lat="48.829842349514365" lon="2.9100866429507732">
        <ele>67.64</ele>
      </trkpt>
      <trkpt lat="48.82984159514308" lon="2.9100868944078684">
        <ele>67.35</ele>
      </trkpt>
      <trkpt lat="48.8296297006309" lon="2.9101330786943436">
        <ele>67.03</ele>
      </trkpt>
      <trkpt lat="48.82951662875712" lon="2.910128887742758">
        <ele>66.69</ele>
      </trkpt>
      <trkpt lat="48.82943750359118" lon="2.910144394263625">
        <ele>66.34</ele>
      </trkpt>
      <trkpt lat="48.829112872481346" lon="2.9102435521781445">
        <ele>65.99</ele>
      </trkpt>
      <trkpt lat="48.82842647843063" lon="2.9103913251310587">
        <ele>65.58</ele>
      </trkpt>
      <trkpt lat="48.82798466831446" lon="2.91043977253139">
        <ele>65.18</ele>
      </trkpt>
      <trkpt lat="48.827676801010966" lon="2.9105789959430695">
        <ele>64.85</ele>
      </trkpt>
      <trkpt lat="48.826373498886824" lon="2.911059781908989">
        <ele>64.4</ele>
      </trkpt>
      <trkpt lat="48.82549432106316" lon="2.9113484546542168">
        <ele>63.93</ele>
      </trkpt>
      <trkpt lat="48.825009763240814" lon="2.9115479439496994">
        <ele>63.5</ele>
      </trkpt>
      <trkpt lat="48.824921334162354" lon="2.9116242192685604">
        <ele>63.15</ele>
      </trkpt>
      <trkpt lat="48.82488001137972" lon="2.9116916097700596">
        <ele>62.81</ele>
      </trkpt>
      <trkpt lat="48.82483717985451" lon="2.911797808483243">
        <ele>62.49</ele>
      </trkpt>
      <trkpt lat="48.82481345906854" lon="2.911961004137993">
        <ele>62.22</ele>
      </trkpt>
      <trkpt lat="48.824804574251175" lon="2.912078769877553">
        <ele>61.95</ele>
      </trkpt>
      <trkpt lat="48.824843717738986" lon="2.91237716563046">
        <ele>61.74</ele>
      </trkpt>
      <trkpt lat="48.82481588982046" lon="2.912672543898225">
        <ele>61.41</ele>
      </trkpt>
      <trkpt lat="48.82480633445084" lon="2.9130059760063887">
        <ele>61.08</ele>
      </trkpt>
      <trkpt lat="48.82483701221645" lon="2.9133624583482742">
        <ele>60.83</ele>
      </trkpt>
      <trkpt lat="48.82488780654967" lon="2.913658171892166">
        <ele>60.6</ele>
      </trkpt>
      <trkpt lat="48.824916891753674" lon="2.9139479342848063">
        <ele>60.32</ele>
      </trkpt>
      <trkpt lat="48.824983444064856" lon="2.9141357727348804">
        <ele>60.09</ele>
      </trkpt>
      <trkpt lat="48.82506315596402" lon="2.9145524371415377">
        <ele>59.8</ele>
      </trkpt>
      <trkpt lat="48.82507296279073" lon="2.914829794317484">
        <ele>59.49</ele>
      </trkpt>
      <trkpt lat="48.82513037882745" lon="2.9154171980917454">
        <ele>59.18</ele>
      </trkpt>
      <trkpt lat="48.82519274018705" lon="2.915593134239316">
        <ele>58.92</ele>
      </trkpt>
      <trkpt lat="48.82518880069256" lon="2.915831934660673">
        <ele>58.56</ele>
      </trkpt>
      <trkpt lat="48.82525535300374" lon="2.9162668716162443">
        <ele>58.24</ele>
      </trkpt>
      <trkpt lat="48.82530648261309" lon="2.916438365355134">
        <ele>57.99</ele>
      </trkpt>
      <trkpt lat="48.82541997358203" lon="2.916621007025242">
        <ele>57.82</ele>
      </trkpt>
      <trkpt lat="48.82549381814897" lon="2.9169264435768127">
        <ele>57.58</ele>
      </trkpt>
      <trkpt lat="48.82553631439805" lon="2.9171894676983356">
        <ele>57.38</ele>
      </trkpt>
      <trkpt lat="48.825563387945294" lon="2.9179968126118183">
        <ele>57.09</ele>
      </trkpt>
      <trkpt lat="48.82561041042209" lon="2.9188007209450006">
        <ele>56.86</ele>
      </trkpt>
      <trkpt lat="48.82564435712993" lon="2.9189716279506683">
        <ele>56.67</ele>
      </trkpt>
      <trkpt lat="48.82571811787784" lon="2.919099200516939">
        <ele>56.53</ele>
      </trkpt>
      <trkpt lat="48.82574385032058" lon="2.9192103445529938">
        <ele>56.36</ele>
      </trkpt>
      <trkpt lat="48.825771091505885" lon="2.9196156095713377">
        <ele>56.19</ele>
      </trkpt>
      <trkpt lat="48.82577394135296" lon="2.920229835435748">
        <ele>56.11</ele>
      </trkpt>
      <trkpt lat="48.82574502378702" lon="2.920616492629051">
        <ele>55.96</ele>
      </trkpt>
      <trkpt lat="48.825688529759645" lon="2.920791758224368">
        <ele>55.75</ele>
      </trkpt>
      <trkpt lat="48.825558526441455" lon="2.9210841190069914">
        <ele>55.52</ele>
      </trkpt>
      <trkpt lat="48.82550295442343" lon="2.9212504159659147">
        <ele>55.4</ele>
      </trkpt>
      <trkpt lat="48.825500942766666" lon="2.9213038086891174">
        <ele>55.32</ele>
      </trkpt>
      <trkpt lat="48.825556514784694" lon="2.921720305457711">
        <ele>55.35</ele>
      </trkpt>
      <trkpt lat="48.82555291056633" lon="2.9226574022322893">
        <ele>55.4</ele>
      </trkpt>
      <trkpt lat="48.82561108097434" lon="2.923161657527089">
        <ele>55.39</ele>
      </trkpt>
      <trkpt lat="48.82565810345113" lon="2.923842603340745">
        <ele>55.37</ele>
      </trkpt>
      <trkpt lat="48.82559582591057" lon="2.924499996006489">
        <ele>55.35</ele>
      </trkpt>
      <trkpt lat="48.82559725083411" lon="2.9247543029487133">
        <ele>55.42</ele>
      </trkpt>
      <trkpt lat="48.82552592083812" lon="2.9252708796411753">
        <ele>55.47</ele>
      </trkpt>
      <trkpt lat="48.825270691886544" lon="2.9261101596057415">
        <ele>55.43</ele>
      </trkpt>
      <trkpt lat="48.82517974823713" lon="2.926475442945957">
        <ele>55.57</ele>
      </trkpt>
      <trkpt lat="48.82498889230192" lon="2.92708489112556">
        <ele>55.75</ele>
      </trkpt>
      <trkpt lat="48.82462218403816" lon="2.9285430908203125">
        <ele>55.8</ele>
      </trkpt>
      <trkpt lat="48.824479188770056" lon="2.9289109725505114">
        <ele>55.99</ele>
      </trkpt>
      <trkpt lat="48.8238984066993" lon="2.9301272705197334">
        <ele>56.2</ele>
      </trkpt>
      <trkpt lat="48.82358634844422" lon="2.9308908618986607">
        <ele>56.45</ele>
      </trkpt>
      <trkpt lat="48.82331678643823" lon="2.931481786072254">
        <ele>56.78</ele>
      </trkpt>
      <trkpt lat="48.82281839847565" lon="2.9324037954211235">
        <ele>57.23</ele>
      </trkpt>
      <trkpt lat="48.822774812579155" lon="2.93251795694232">
        <ele>57.54</ele>
      </trkpt>
      <trkpt lat="48.82272812537849" lon="2.9328259080648422">
        <ele>57.89</ele>
      </trkpt>
      <trkpt lat="48.822677582502365" lon="2.9330461844801903">
        <ele>58.31</ele>
      </trkpt>
      <trkpt lat="48.82261564023793" lon="2.933227149769664">
        <ele>58.71</ele>
      </trkpt>
      <trkpt lat="48.8226134609431" lon="2.9332957975566387">
        <ele>59.07</ele>
      </trkpt>
      <trkpt lat="48.82264757528901" lon="2.9333127290010452">
        <ele>59.42</ele>
      </trkpt>
      <trkpt lat="48.82283792831004" lon="2.9332121461629868">
        <ele>59.73</ele>
      </trkpt>
      <trkpt lat="48.82305543869734" lon="2.9331809654831886">
        <ele>60.0</ele>
      </trkpt>
      <trkpt lat="48.823131043463945" lon="2.9331999085843563">
        <ele>60.35</ele>
      </trkpt>
      <trkpt lat="48.823283007368445" lon="2.9332785308361053">
        <ele>60.71</ele>
      </trkpt>
      <trkpt lat="48.8234340492636" lon="2.9334115516394377">
        <ele>61.1</ele>
      </trkpt>
      <trkpt lat="48.82352298125625" lon="2.9334593284875154">
        <ele>61.49</ele>
      </trkpt>
      <trkpt lat="48.82365323603153" lon="2.9334661178290844">
        <ele>61.87</ele>
      </trkpt>
      <trkpt lat="48.82380955852568" lon="2.93340090662241">
        <ele>62.29</ele>
      </trkpt>
      <trkpt lat="48.82397308945656" lon="2.9332773573696613">
        <ele>62.72</ele>
      </trkpt>
      <trkpt lat="48.824040312319994" lon="2.9332440812140703">
        <ele>63.15</ele>
      </trkpt>
      <trkpt lat="48.824151791632175" lon="2.9329833202064037">
        <ele>63.59</ele>
      </trkpt>
      <trkpt lat="48.82430727593601" lon="2.932702526450157">
        <ele>64.01</ele>
      </trkpt>
      <trkpt lat="48.824477680027485" lon="2.932459283620119">
        <ele>64.46</ele>
      </trkpt>
      <trkpt lat="48.824602738022804" lon="2.932310588657856">
        <ele>64.96</ele>
      </trkpt>
      <trkpt lat="48.824823098257184" lon="2.931975983083248">
        <ele>65.48</ele>
      </trkpt>
      <trkpt lat="48.82485620677471" lon="2.9319873824715614">
        <ele>66.01</ele>
      </trkpt>
      <trkpt lat="48.82506265304983" lon="2.932259878143668">
        <ele>66.79</ele>
      </trkpt>
      <trkpt lat="48.82522878237069" lon="2.9323875345289707">
        <ele>67.37</ele>
      </trkpt>
      <trkpt lat="48.825294664129615" lon="2.932417541742325">
        <ele>67.88</ele>
      </trkpt>
      <trkpt lat="48.82535057142377" lon="2.932472610846162">
        <ele>68.38</ele>
      </trkpt>
      <trkpt lat="48.82540522143245" lon="2.932496080175042">
        <ele>68.86</ele>
      </trkpt>
      <trkpt lat="48.8255232386291" lon="2.9326158575713634">
        <ele>69.37</ele>
      </trkpt>
      <trkpt lat="48.8255787268281" lon="2.932629771530628">
        <ele>69.83</ele>
      </trkpt>
      <trkpt lat="48.82566564716399" lon="2.9327550809830427">
        <ele>70.31</ele>
      </trkpt>
      <trkpt lat="48.82573270238936" lon="2.932813335210085">
        <ele>70.76</ele>
      </trkpt>
      <trkpt lat="48.825813587754965" lon="2.932861279696226">
        <ele>71.19</ele>
      </trkpt>
      <trkpt lat="48.82581761106849" lon="2.9328403249382973">
        <ele>71.53</ele>
      </trkpt>
      <trkpt lat="48.82583437487483" lon="2.93284242041409">
        <ele>71.86</ele>
      </trkpt>
      <trkpt lat="48.82584175094962" lon="2.9328638780862093">
        <ele>72.18</ele>
      </trkpt>
      <trkpt lat="48.82593319751322" lon="2.9328859224915504">
        <ele>72.53</ele>
      </trkpt>
      <trkpt lat="48.826007628813386" lon="2.932835631072521">
        <ele>72.83</ele>
      </trkpt>
      <trkpt lat="48.82614525966346" lon="2.932563303038478">
        <ele>73.06</ele>
      </trkpt>
      <trkpt lat="48.82618029601872" lon="2.9324184637516737">
        <ele>73.3</ele>
      </trkpt>
      <trkpt lat="48.826213236898184" lon="2.932023089379072">
        <ele>73.52</ele>
      </trkpt>
      <trkpt lat="48.826400488615036" lon="2.9316257871687412">
        <ele>73.89</ele>
      </trkpt>
      <trkpt lat="48.82642756216228" lon="2.931449180468917">
        <ele>74.2</ele>
      </trkpt>
      <trkpt lat="48.82640618830919" lon="2.931108120828867">
        <ele>74.51</ele>
      </trkpt>
      <trkpt lat="48.82641616277397" lon="2.9307321924716234">
        <ele>74.87</ele>
      </trkpt>
      <trkpt lat="48.826458156108856" lon="2.9305720143020153">
        <ele>75.32</ele>
      </trkpt>
      <trkpt lat="48.82650618441403" lon="2.930235145613551">
        <ele>75.75</ele>
      </trkpt>
      <trkpt lat="48.826545495539904" lon="2.9301328863948584">
        <ele>76.27</ele>
      </trkpt>
      <trkpt lat="48.826709277927876" lon="2.9299865383654833">
        <ele>76.94</ele>
      </trkpt>
      <trkpt lat="48.82675680331886" lon="2.929902970790863">
        <ele>77.6</ele>
      </trkpt>
      <trkpt lat="48.826815728098154" lon="2.929512793198228">
        <ele>78.34</ele>
      </trkpt>
      <trkpt lat="48.82700750604272" lon="2.9289905168116093">
        <ele>79.29</ele>
      </trkpt>
      <trkpt lat="48.82703147828579" lon="2.9287136625498533">
        <ele>80.15</ele>
      </trkpt>
      <trkpt lat="48.82705578580499" lon="2.928642500191927">
        <ele>81.07</ele>
      </trkpt>
      <trkpt lat="48.82703005336225" lon="2.928371513262391">
        <ele>81.97</ele>
      </trkpt>
      <trkpt lat="48.82705796509981" lon="2.928281156346202">
        <ele>83.02</ele>
      </trkpt>
      <trkpt lat="48.82720297202468" lon="2.928234050050378">
        <ele>84.21</ele>
      </trkpt>
      <trkpt lat="48.82728595286608" lon="2.9281878657639027">
        <ele>85.44</ele>
      </trkpt>
      <trkpt lat="48.82749684154987" lon="2.927944790571928">
        <ele>86.78</ele>
      </trkpt>
      <trkpt lat="48.82757152430713" lon="2.9278908111155033">
        <ele>88.15</ele>
      </trkpt>
      <trkpt lat="48.827712424099445" lon="2.927854433655739">
        <ele>89.65</ele>
      </trkpt>
      <trkpt lat="48.8279443513602" lon="2.9278394300490618">
        <ele>91.27</ele>
      </trkpt>
      <trkpt lat="48.82819010876119" lon="2.9277823492884636">
        <ele>93.0</ele>
      </trkpt>
      <trkpt lat="48.82826395332813" lon="2.9277546890079975">
        <ele>94.61</ele>
      </trkpt>
      <trkpt lat="48.828403260558844" lon="2.9276584647595882">
        <ele>96.27</ele>
      </trkpt>
      <trkpt lat="48.82863728329539" lon="2.9275293834507465">
        <ele>97.93</ele>
      </trkpt>
      <trkpt lat="48.82891187444329" lon="2.927486216649413">
        <ele>99.6</ele>
      </trkpt>
      <trkpt lat="48.8292380142957" lon="2.9273924231529236">
        <ele>101.36</ele>
      </trkpt>
      <trkpt lat="48.82959684357047" lon="2.927341880276799">
        <ele>103.1</ele>
      </trkpt>
      <trkpt lat="48.82984050549567" lon="2.9273380246013403">
        <ele>104.79</ele>
      </trkpt>
      <trkpt lat="48.83020712994039" lon="2.9272670298814774">
        <ele>106.57</ele>
      </trkpt>
      <trkpt lat="48.830240573734045" lon="2.927227383479476">
        <ele>108.11</ele>
      </trkpt>
      <trkpt lat="48.83024577051401" lon="2.92696176096797">
        <ele>109.57</ele>
      </trkpt>
      <trkpt lat="48.83025825954974" lon="2.9269003216177225">
        <ele>111.01</ele>
      </trkpt>
      <trkpt lat="48.83028684183955" lon="2.9268553107976913">
        <ele>112.41</ele>
      </trkpt>
      <trkpt lat="48.8304019253701" lon="2.926805941388011">
        <ele>113.78</ele>
      </trkpt>
      <trkpt lat="48.83062865585089" lon="2.9265828151255846">
        <ele>115.2</ele>
      </trkpt>
      <trkpt lat="48.83087567053735" lon="2.926418110728264">
        <ele>116.56</ele>
      </trkpt>
      <trkpt lat="48.83105336688459" lon="2.926263464614749">
        <ele>117.82</ele>
      </trkpt>
      <trkpt lat="48.831084882840514" lon="2.9262608662247658">
        <ele>118.94</ele>
      </trkpt>
      <trkpt lat="48.83111069910228" lon="2.926288526505232">
        <ele>120.0</ele>
      </trkpt>
      <trkpt lat="48.83113827556372" lon="2.9263817332684994">
        <ele>120.98</ele>
      </trkpt>
      <trkpt lat="48.83123089559376" lon="2.9269636888056993">
        <ele>121.92</ele>
      </trkpt>
      <trkpt lat="48.83127775043249" lon="2.927488312125206">
        <ele>122.84</ele>
      </trkpt>
      <trkpt lat="48.831262243911624" lon="2.9276992846280336">
        <ele>123.63</ele>
      </trkpt>
      <trkpt lat="48.83119359612465" lon="2.928009834140539">
        <ele>124.3</ele>
      </trkpt>
      <trkpt lat="48.83117356337607" lon="2.92896612547338">
        <ele>124.92</ele>
      </trkpt>
      <trkpt lat="48.831225195899606" lon="2.929076263681054">
        <ele>125.49</ele>
      </trkpt>
      <trkpt lat="48.831313624978065" lon="2.9291491862386465">
        <ele>126.0</ele>
      </trkpt>
      <trkpt lat="48.83132519200444" lon="2.9292310774326324">
        <ele>126.41</ele>
      </trkpt>
      <trkpt lat="48.831281354650855" lon="2.929516229778528">
        <ele>126.73</ele>
      </trkpt>
      <trkpt lat="48.83120474405587" lon="2.929686214774847">
        <ele>126.96</ele>
      </trkpt>
      <trkpt lat="48.83112377487123" lon="2.92975720949471">
        <ele>127.15</ele>
      </trkpt>
      <trkpt lat="48.831102065742016" lon="2.9298007115721703">
        <ele>127.26</ele>
      </trkpt>
      <trkpt lat="48.831056049093604" lon="2.930097598582506">
        <ele>127.26</ele>
      </trkpt>
      <trkpt lat="48.83102470077574" lon="2.9310039337724447">
        <ele>127.32</ele>
      </trkpt>
      <trkpt lat="48.83093861863017" lon="2.9318074230104685">
        <ele>127.29</ele>
      </trkpt>
      <trkpt lat="48.83088396862149" lon="2.9326683282852173">
        <ele>127.2</ele>
      </trkpt>
      <trkpt lat="48.830883633345366" lon="2.9330186918377876">
        <ele>126.96</ele>
      </trkpt>
      <trkpt lat="48.830981282517314" lon="2.9337688721716404">
        <ele>126.66</ele>
      </trkpt>
      <trkpt lat="48.83097197860479" lon="2.9339161422103643">
        <ele>126.22</ele>
      </trkpt>
      <trkpt lat="48.83094356395304" lon="2.9339475743472576">
        <ele>125.71</ele>
      </trkpt>
      <trkpt lat="48.83090198971331" lon="2.9339482448995113">
        <ele>125.12</ele>
      </trkpt>
      <trkpt lat="48.8307764288038" lon="2.9338671918958426">
        <ele>124.44</ele>
      </trkpt>
      <trkpt lat="48.83056931197643" lon="2.9337680339813232">
        <ele>123.65</ele>
      </trkpt>
      <trkpt lat="48.830458000302315" lon="2.9337282199412584">
        <ele>122.79</ele>
      </trkpt>
      <trkpt lat="48.830417012795806" lon="2.9337343387305737">
        <ele>121.89</ele>
      </trkpt>
      <trkpt lat="48.830372923985124" lon="2.9338129609823227">
        <ele>120.94</ele>
      </trkpt>
      <trkpt lat="48.830351550132036" lon="2.933999290689826">
        <ele>119.97</ele>
      </trkpt>
      <trkpt lat="48.830220540985465" lon="2.9344063997268677">
        <ele>118.84</ele>
      </trkpt>
      <trkpt lat="48.830198161304" lon="2.934456691145897">
        <ele>117.74</ele>
      </trkpt>
      <trkpt lat="48.83016295731068" lon="2.934484938159585">
        <ele>116.57</ele>
      </trkpt>
      <trkpt lat="48.830118449404836" lon="2.9344882909208536">
        <ele>115.37</ele>
      </trkpt>
      <trkpt lat="48.829751992598176" lon="2.934346552938223">
        <ele>113.89</ele>
      </trkpt>
      <trkpt lat="48.82961008697748" lon="2.934248149394989">
        <ele>112.53</ele>
      </trkpt>
      <trkpt lat="48.82946373894811" lon="2.934383936226368">
        <ele>111.2</ele>
      </trkpt>
      <trkpt lat="48.829369861632586" lon="2.934439843520522">
        <ele>109.89</ele>
      </trkpt>
      <trkpt lat="48.82926458492875" lon="2.934461636468768">
        <ele>108.59</ele>
      </trkpt>
      <trkpt lat="48.82913013920188" lon="2.9344535060226917">
        <ele>107.27</ele>
      </trkpt>
      <trkpt lat="48.82891916669905" lon="2.9343691002577543">
        <ele>105.93</ele>
      </trkpt>
      <trkpt lat="48.82848758250475" lon="2.9340857919305563">
        <ele>104.54</ele>
      </trkpt>
      <trkpt lat="48.82841683924198" lon="2.9340600594878197">
        <ele>103.35</ele>
      </trkpt>
      <trkpt lat="48.82834693416953" lon="2.9340730514377356">
        <ele>102.21</ele>
      </trkpt>
      <trkpt lat="48.82828222587705" lon="2.934122337028384">
        <ele>101.11</ele>
      </trkpt>
      <trkpt lat="48.82816789671779" lon="2.934253513813019">
        <ele>100.05</ele>
      </trkpt>
      <trkpt lat="48.82791442796588" lon="2.934576217085123">
        <ele>99.06</ele>
      </trkpt>
      <trkpt lat="48.82784301415086" lon="2.934730527922511">
        <ele>98.13</ele>
      </trkpt>
      <trkpt lat="48.8276990968734" lon="2.9352661315351725">
        <ele>97.32</ele>
      </trkpt>
      <trkpt lat="48.82760119624436" lon="2.935442738234997">
        <ele>96.52</ele>
      </trkpt>
      <trkpt lat="48.82752064615488" lon="2.935549272224307">
        <ele>95.82</ele>
      </trkpt>
      <trkpt lat="48.82711420767009" lon="2.9359328281134367">
        <ele>95.16</ele>
      </trkpt>
      <trkpt lat="48.82697339169681" lon="2.936042547225952">
        <ele>94.63</ele>
      </trkpt>
      <trkpt lat="48.826879262924194" lon="2.9360825289040804">
        <ele>94.16</ele>
      </trkpt>
      <trkpt lat="48.82675847969949" lon="2.9361013043671846">
        <ele>93.74</ele>
      </trkpt>
      <trkpt lat="48.826464945450425" lon="2.936087306588888">
        <ele>93.33</ele>
      </trkpt>
      <trkpt lat="48.826352544128895" lon="2.936047241091728">
        <ele>93.04</ele>
      </trkpt>
      <trkpt lat="48.82618918083608" lon="2.9359608236700296">
        <ele>92.81</ele>
      </trkpt>
      <trkpt lat="48.82580696605146" lon="2.93568916618824">
        <ele>92.47</ele>
      </trkpt>
      <trkpt lat="48.82574778981507" lon="2.9356833826750517">
        <ele>92.4</ele>
      </trkpt>
      <trkpt lat="48.825705545023084" lon="2.9357267171144485">
        <ele>92.42</ele>
      </trkpt>
      <trkpt lat="48.82559850811958" lon="2.9360267892479897">
        <ele>92.63</ele>
      </trkpt>
      <trkpt lat="48.82553421892226" lon="2.9361531883478165">
        <ele>92.8</ele>
      </trkpt>
      <trkpt lat="48.82550211623311" lon="2.9362094309180975">
        <ele>92.98</ele>
      </trkpt>
      <trkpt lat="48.825368005782366" lon="2.9363601375371218">
        <ele>93.21</ele>
      </trkpt>
      <trkpt lat="48.825222412124276" lon="2.9366333037614822">
        <ele>93.45</ele>
      </trkpt>
      <trkpt lat="48.825153512880206" lon="2.936808066442609">
        <ele>93.69</ele>
      </trkpt>
      <trkpt lat="48.82514781318605" lon="2.9369504749774933">
        <ele>93.95</ele>
      </trkpt>
      <trkpt lat="48.825119230896235" lon="2.937087519094348">
        <ele>94.21</ele>
      </trkpt>
      <trkpt lat="48.824904318898916" lon="2.9375479370355606">
        <ele>94.57</ele>
      </trkpt>
      <trkpt lat="48.82486341521144" lon="2.937611136585474">
        <ele>94.8</ele>
      </trkpt>
      <trkpt lat="48.82484581321478" lon="2.9376386292278767">
        <ele>95.0</ele>
      </trkpt>
      <trkpt lat="48.82482083514333" lon="2.9376522917300463">
        <ele>95.18</ele>
      </trkpt>
      <trkpt lat="48.82480097003281" lon="2.9376422334462404">
        <ele>95.32</ele>
      </trkpt>
      <trkpt lat="48.82458505220711" lon="2.93744970113039">
        <ele>95.44</ele>
      </trkpt>
      <trkpt lat="48.82430744357407" lon="2.937143174931407">
        <ele>95.42</ele>
      </trkpt>
      <trkpt lat="48.82428498007357" lon="2.9370549973100424">
        <ele>95.42</ele>
      </trkpt>
      <trkpt lat="48.82408767007291" lon="2.9368681646883488">
        <ele>95.24</ele>
      </trkpt>
      <trkpt lat="48.82402597926557" lon="2.9369544982910156">
        <ele>95.18</ele>
      </trkpt>
      <trkpt lat="48.82399119436741" lon="2.9369727708399296">
        <ele>95.08</ele>
      </trkpt>
      <trkpt lat="48.82395515218377" lon="2.9372121579945087">
        <ele>95.03</ele>
      </trkpt>
      <trkpt lat="48.82390586659312" lon="2.9373317677527666">
        <ele>94.86</ele>
      </trkpt>
      <trkpt lat="48.82385917939246" lon="2.937547517940402">
        <ele>94.63</ele>
      </trkpt>
      <trkpt lat="48.82378692738712" lon="2.9376517049968243">
        <ele>94.33</ele>
      </trkpt>
      <trkpt lat="48.82372104562819" lon="2.9377179220318794">
        <ele>93.98</ele>
      </trkpt>
      <trkpt lat="48.82369330152869" lon="2.9377164132893085">
        <ele>93.6</ele>
      </trkpt>
      <trkpt lat="48.82361945696175" lon="2.937661847099662">
        <ele>93.15</ele>
      </trkpt>
      <trkpt lat="48.82353521883488" lon="2.937545757740736">
        <ele>92.63</ele>
      </trkpt>
      <trkpt lat="48.82347729988396" lon="2.9375188518315554">
        <ele>92.12</ele>
      </trkpt>
      <trkpt lat="48.82343480363488" lon="2.93752396479249">
        <ele>91.61</ele>
      </trkpt>
      <trkpt lat="48.823398761451244" lon="2.9375623539090157">
        <ele>91.09</ele>
      </trkpt>
      <trkpt lat="48.823227267712355" lon="2.9378595761954784">
        <ele>90.67</ele>
      </trkpt>
      <trkpt lat="48.82316851057112" lon="2.937918333336711">
        <ele>90.13</ele>
      </trkpt>
      <trkpt lat="48.82306105457246" lon="2.9379889089614153">
        <ele>89.58</ele>
      </trkpt>
      <trkpt lat="48.82292157970369" lon="2.9381626658141613">
        <ele>89.0</ele>
      </trkpt>
      <trkpt lat="48.82285309955478" lon="2.9382056649774313">
        <ele>88.38</ele>
      </trkpt>
      <trkpt lat="48.8227828592062" lon="2.938285628333688">
        <ele>87.76</ele>
      </trkpt>
      <trkpt lat="48.82275444455445" lon="2.9383835289627314">
        <ele>87.12</ele>
      </trkpt>
      <trkpt lat="48.822596445679665" lon="2.93862484395504">
        <ele>86.39</ele>
      </trkpt>
      <trkpt lat="48.8224340043962" lon="2.938735904172063">
        <ele>85.67</ele>
      </trkpt>
      <trkpt lat="48.82241397164762" lon="2.9387328028678894">
        <ele>85.0</ele>
      </trkpt>
      <trkpt lat="48.82232260890305" lon="2.9386043921113014">
        <ele>84.34</ele>
      </trkpt>
      <trkpt lat="48.822073666378856" lon="2.938322927802801">
        <ele>83.61</ele>
      </trkpt>
      <trkpt lat="48.82189848460257" lon="2.938058143481612">
        <ele>82.9</ele>
      </trkpt>
      <trkpt lat="48.821617187932134" lon="2.9375159181654453">
        <ele>82.08</ele>
      </trkpt>
      <trkpt lat="48.82131610997021" lon="2.9367416817694902">
        <ele>81.27</ele>
      </trkpt>
      <trkpt lat="48.82127269171178" lon="2.9366821702569723">
        <ele>80.73</ele>
      </trkpt>
      <trkpt lat="48.82126087322831" lon="2.9366893786937">
        <ele>80.25</ele>
      </trkpt>
      <trkpt lat="48.82127059623599" lon="2.9367073997855186">
        <ele>79.84</ele>
      </trkpt>
      <trkpt lat="48.821231704205275" lon="2.936745872721076">
        <ele>79.47</ele>
      </trkpt>
      <trkpt lat="48.82082786411047" lon="2.9373871721327305">
        <ele>79.1</ele>
      </trkpt>
      <trkpt lat="48.82044782862067" lon="2.9383221734315157">
        <ele>78.91</ele>
      </trkpt>
      <trkpt lat="48.82036937400699" lon="2.9386076610535383">
        <ele>78.8</ele>
      </trkpt>
      <trkpt lat="48.820341965183616" lon="2.9386576171964407">
        <ele>78.67</ele>
      </trkpt>
      <trkpt lat="48.82032017223537" lon="2.9387740418314934">
        <ele>78.62</ele>
      </trkpt>
      <trkpt lat="48.8202409632504" lon="2.9389922227710485">
        <ele>78.59</ele>
      </trkpt>
      <trkpt lat="48.8202079385519" lon="2.939174696803093">
        <ele>78.66</ele>
      </trkpt>
      <trkpt lat="48.820200730115175" lon="2.939422382041812">
        <ele>78.77</ele>
      </trkpt>
      <trkpt lat="48.82023434154689" lon="2.9397735837846994">
        <ele>78.95</ele>
      </trkpt>
      <trkpt lat="48.82022621110082" lon="2.9399413894861937">
        <ele>79.07</ele>
      </trkpt>
      <trkpt lat="48.820187486708164" lon="2.9401700478047132">
        <ele>79.21</ele>
      </trkpt>
      <trkpt lat="48.820135267451406" lon="2.9404385201632977">
        <ele>79.32</ele>
      </trkpt>
      <trkpt lat="48.819831255823374" lon="2.941515427082777">
        <ele>79.38</ele>
      </trkpt>
      <trkpt lat="48.819743832573295" lon="2.9421993903815746">
        <ele>79.49</ele>
      </trkpt>
      <trkpt lat="48.819659845903516" lon="2.9426971916109324">
        <ele>79.63</ele>
      </trkpt>
      <trkpt lat="48.819598741829395" lon="2.942973542958498">
        <ele>79.72</ele>
      </trkpt>
      <trkpt lat="48.81955876015127" lon="2.943107821047306">
        <ele>79.87</ele>
      </trkpt>
      <trkpt lat="48.81955222226679" lon="2.943129865452647">
        <ele>80.03</ele>
      </trkpt>
      <trkpt lat="48.819551886990666" lon="2.943131122738123">
        <ele>80.19</ele>
      </trkpt>
      <trkpt lat="48.81955113261938" lon="2.943133721128106">
        <ele>80.34</ele>
      </trkpt>
      <trkpt lat="48.819550797343254" lon="2.943134978413582">
        <ele>80.5</ele>
      </trkpt>
      <trkpt lat="48.81948709487915" lon="2.9433703422546387">
        <ele>80.7</ele>
      </trkpt>
      <trkpt lat="48.81948717869818" lon="2.9433703422546387">
        <ele>80.85</ele>
      </trkpt>
      <trkpt lat="48.81940109655261" lon="2.9436714202165604">
        <ele>81.02</ele>
      </trkpt>
      <trkpt lat="48.81931501440704" lon="2.943972498178482">
        <ele>81.14</ele>
      </trkpt>
      <trkpt lat="48.81922960281372" lon="2.9442715644836426">
        <ele>81.22</ele>
      </trkpt>
      <trkpt lat="48.81914352066815" lon="2.944497289136052">
        <ele>81.34</ele>
      </trkpt>
      <trkpt lat="48.81905794143677" lon="2.9447221755981445">
        <ele>81.43</ele>
      </trkpt>
      <trkpt lat="48.81890027783811" lon="2.9450517520308495">
        <ele>81.53</ele>
      </trkpt>
      <trkpt lat="48.818742614239454" lon="2.9453813284635544">
        <ele>81.58</ele>
      </trkpt>
      <trkpt lat="48.81858587265015" lon="2.945709228515625">
        <ele>81.68</ele>
      </trkpt>
      <trkpt lat="48.818510603159666" lon="2.9459349531680346">
        <ele>81.78</ele>
      </trkpt>
      <trkpt lat="48.81843566894531" lon="2.946159839630127">
        <ele>81.87</ele>
      </trkpt>
      <trkpt lat="48.81839258596301" lon="2.9466223530471325">
        <ele>82.07</ele>
      </trkpt>
      <trkpt lat="48.818349838256836" lon="2.94708251953125">
        <ele>82.2</ele>
      </trkpt>
      <trkpt lat="48.818344390019774" lon="2.9474590346217155">
        <ele>82.2</ele>
      </trkpt>
      <trkpt lat="48.818339025601745" lon="2.947835549712181">
        <ele>82.19</ele>
      </trkpt>
      <trkpt lat="48.818333661183715" lon="2.9482120648026466">
        <ele>82.27</ele>
      </trkpt>
      <trkpt lat="48.81832838058472" lon="2.94858455657959">
        <ele>82.32</ele>
      </trkpt>
      <trkpt lat="48.818306839093566" lon="2.9489431343972683">
        <ele>82.37</ele>
      </trkpt>
      <trkpt lat="48.818285297602415" lon="2.9493017122149467">
        <ele>82.39</ele>
      </trkpt>
      <trkpt lat="48.81826400756836" lon="2.949657440185547">
        <ele>82.4</ele>
      </trkpt>
      <trkpt lat="48.81828546524048" lon="2.9500222206115723">
        <ele>82.41</ele>
      </trkpt>
      <trkpt lat="48.81832838058472" lon="2.950150966644287">
        <ele>82.46</ele>
      </trkpt>
      <trkpt lat="48.818457294255495" lon="2.9503873363137245">
        <ele>82.54</ele>
      </trkpt>
      <trkpt lat="48.81858587265015" lon="2.950623035430908">
        <ele>82.62</ele>
      </trkpt>
      <trkpt lat="48.818671787157655" lon="2.950827218592167">
        <ele>82.66</ele>
      </trkpt>
      <trkpt lat="48.8187575340271" lon="2.951030731201172">
        <ele>82.69</ele>
      </trkpt>
      <trkpt lat="48.81886499002576" lon="2.9513748083263636">
        <ele>82.74</ele>
      </trkpt>
      <trkpt lat="48.81897211074829" lon="2.9517173767089844">
        <ele>82.75</ele>
      </trkpt>
      <trkpt lat="48.81903648376465" lon="2.9520606994628906">
        <ele>82.75</ele>
      </trkpt>
      <trkpt lat="48.819043608382344" lon="2.9524551518261433">
        <ele>82.72</ele>
      </trkpt>
      <trkpt lat="48.81905081681907" lon="2.952849604189396">
        <ele>82.71</ele>
      </trkpt>
      <trkpt lat="48.81905794143677" lon="2.9532408714294434">
        <ele>82.65</ele>
      </trkpt>
      <trkpt lat="48.81905073300004" lon="2.952846335247159">
        <ele>82.8</ele>
      </trkpt>
      <trkpt lat="48.81904352456331" lon="2.9524518828839064">
        <ele>82.89</ele>
      </trkpt>
      <trkpt lat="48.81903648376465" lon="2.9520606994628906">
        <ele>82.75</ele>
      </trkpt>
      <trkpt lat="48.81897211074829" lon="2.9517173767089844">
        <ele>82.75</ele>
      </trkpt>
      <trkpt lat="48.8188645709306" lon="2.951373215764761">
        <ele>83.17</ele>
      </trkpt>
      <trkpt lat="48.8187575340271" lon="2.951030731201172">
        <ele>82.69</ele>
      </trkpt>
      <trkpt lat="48.81867153570056" lon="2.9508264642208815">
        <ele>83.25</ele>
      </trkpt>
      <trkpt lat="48.81858587265015" lon="2.950623035430908">
        <ele>82.62</ele>
      </trkpt>
      <trkpt lat="48.81845687516034" lon="2.950386581942439">
        <ele>83.29</ele>
      </trkpt>
      <trkpt lat="48.81832838058472" lon="2.950150966644287">
        <ele>82.46</ele>
      </trkpt>
      <trkpt lat="48.818294517695904" lon="2.950049629434943">
        <ele>83.3</ele>
      </trkpt>
      <trkpt lat="48.818287309259176" lon="2.9500280041247606">
        <ele>83.32</ele>
      </trkpt>
      <trkpt lat="48.81828689016402" lon="2.950026663020253">
        <ele>83.33</ele>
      </trkpt>
      <trkpt lat="48.81828596815467" lon="2.9500238969922066">
        <ele>83.34</ele>
      </trkpt>
      <trkpt lat="48.81828546524048" lon="2.9500222206115723">
        <ele>82.41</ele>
      </trkpt>
      <trkpt lat="48.81832838058472" lon="2.950150966644287">
        <ele>82.46</ele>
      </trkpt>
      <trkpt lat="48.818457294255495" lon="2.9503873363137245">
        <ele>82.54</ele>
      </trkpt>
      <trkpt lat="48.81858587265015" lon="2.950623035430908">
        <ele>82.62</ele>
      </trkpt>
      <trkpt lat="48.818671787157655" lon="2.950827218592167">
        <ele>82.66</ele>
      </trkpt>
      <trkpt lat="48.8187575340271" lon="2.951030731201172">
        <ele>82.69</ele>
      </trkpt>
      <trkpt lat="48.81886499002576" lon="2.9513748083263636">
        <ele>82.74</ele>
      </trkpt>
      <trkpt lat="48.81897211074829" lon="2.9517173767089844">
        <ele>82.75</ele>
      </trkpt>
      <trkpt lat="48.81903648376465" lon="2.9520606994628906">
        <ele>82.75</ele>
      </trkpt>
      <trkpt lat="48.819043608382344" lon="2.9524551518261433">
        <ele>82.72</ele>
      </trkpt>
      <trkpt lat="48.81905081681907" lon="2.952849604189396">
        <ele>82.71</ele>
      </trkpt>
      <trkpt lat="48.81905794143677" lon="2.9532408714294434">
        <ele>82.65</ele>
      </trkpt>
      <trkpt lat="48.81925106048584" lon="2.953176498413086">
        <ele>81.53</ele>
      </trkpt>
      <trkpt lat="48.81946563720703" lon="2.9532408714294434">
        <ele>81.24</ele>
      </trkpt>
      <trkpt lat="48.819626569747925" lon="2.9533159732818604">
        <ele>80.91</ele>
      </trkpt>
      <trkpt lat="48.81978750228882" lon="2.9533910751342773">
        <ele>80.58</ele>
      </trkpt>
      <trkpt lat="48.81995916366577" lon="2.9534125328063965">
        <ele>80.2</ele>
      </trkpt>
      <trkpt lat="48.820130825042725" lon="2.95332670211792">
        <ele>79.78</ele>
      </trkpt>
      <trkpt lat="48.820302402600646" lon="2.95332670211792">
        <ele>79.23</ele>
      </trkpt>
      <trkpt lat="48.82047414779663" lon="2.95332670211792">
        <ele>78.71</ele>
      </trkpt>
      <trkpt lat="48.820681516081095" lon="2.953405324369669">
        <ele>78.14</ele>
      </trkpt>
      <trkpt lat="48.82088896818459" lon="2.9534840304404497">
        <ele>77.55</ele>
      </trkpt>
      <trkpt lat="48.821096420288086" lon="2.9535627365112305">
        <ele>76.76</ele>
      </trkpt>
      <trkpt lat="48.821386098861694" lon="2.9533909913152456">
        <ele>76.12</ele>
      </trkpt>
      <trkpt lat="48.8216757774353" lon="2.953219413757324">
        <ele>75.51</ele>
      </trkpt>
      <trkpt lat="48.82195472717285" lon="2.9531335830688477">
        <ele>74.86</ele>
      </trkpt>
      <trkpt lat="48.822164945304394" lon="2.9532575514167547">
        <ele>74.06</ele>
      </trkpt>
      <trkpt lat="48.822375163435936" lon="2.953381519764662">
        <ele>73.35</ele>
      </trkpt>
      <trkpt lat="48.82258529774845" lon="2.953505488112569">
        <ele>72.8</ele>
      </trkpt>
      <trkpt lat="48.8227915763855" lon="2.953627109527588">
        <ele>72.27</ele>
      </trkpt>
      <trkpt lat="48.82304906845093" lon="2.9537129402160645">
        <ele>71.78</ele>
      </trkpt>
      <trkpt lat="48.823295747861266" lon="2.9536807537078857">
        <ele>71.37</ele>
      </trkpt>
      <trkpt lat="48.82354259490967" lon="2.953648567199707">
        <ele>70.88</ele>
      </trkpt>
      <trkpt lat="48.82367134094238" lon="2.9535841941833496">
        <ele>70.42</ele>
      </trkpt>
      <trkpt lat="48.823864459991455" lon="2.953369617462158">
        <ele>70.08</ele>
      </trkpt>
      <trkpt lat="48.82367134094238" lon="2.9535841941833496">
        <ele>70.42</ele>
      </trkpt>
      <trkpt lat="48.82354259490967" lon="2.953648567199707">
        <ele>70.88</ele>
      </trkpt>
      <trkpt lat="48.8232958316803" lon="2.953680669888854">
        <ele>68.53</ele>
      </trkpt>
      <trkpt lat="48.82304906845093" lon="2.9537129402160645">
        <ele>71.78</ele>
      </trkpt>
      <trkpt lat="48.8227915763855" lon="2.953627109527588">
        <ele>72.27</ele>
      </trkpt>
      <trkpt lat="48.82260491140187" lon="2.953516971319914">
        <ele>67.07</ele>
      </trkpt>
      <trkpt lat="48.82258982397616" lon="2.953508086502552">
        <ele>66.64</ele>
      </trkpt>
      <trkpt lat="48.822588650509715" lon="2.9535074159502983">
        <ele>66.22</ele>
      </trkpt>
      <trkpt lat="48.822586638852954" lon="2.9535062424838543">
        <ele>65.81</ele>
      </trkpt>
      <trkpt lat="48.82258529774845" lon="2.953505488112569">
        <ele>72.8</ele>
      </trkpt>
      <trkpt lat="48.8227915763855" lon="2.953627109527588">
        <ele>72.27</ele>
      </trkpt>
      <trkpt lat="48.82304906845093" lon="2.9537129402160645">
        <ele>71.78</ele>
      </trkpt>
      <trkpt lat="48.823295747861266" lon="2.9536807537078857">
        <ele>71.37</ele>
      </trkpt>
      <trkpt lat="48.82354259490967" lon="2.953648567199707">
        <ele>70.88</ele>
      </trkpt>
      <trkpt lat="48.82367134094238" lon="2.9535841941833496">
        <ele>70.42</ele>
      </trkpt>
      <trkpt lat="48.823864459991455" lon="2.953369617462158">
        <ele>70.08</ele>
      </trkpt>
      <trkpt lat="48.82399320602417" lon="2.9534339904785156">
        <ele>62.66</ele>
      </trkpt>
      <trkpt lat="48.82412220351398" lon="2.9537564422935247">
        <ele>61.92</ele>
      </trkpt>
      <trkpt lat="48.8242506980896" lon="2.95407772064209">
        <ele>61.31</ele>
      </trkpt>
      <trkpt lat="48.82436879910529" lon="2.954238820821047">
        <ele>60.86</ele>
      </trkpt>
      <trkpt lat="48.82448673248291" lon="2.954399585723877">
        <ele>60.43</ele>
      </trkpt>
      <trkpt lat="48.82466912269592" lon="2.954496145248413">
        <ele>60.03</ele>
      </trkpt>
      <trkpt lat="48.824851512908936" lon="2.954592704772949">
        <ele>59.66</ele>
      </trkpt>
      <trkpt lat="48.82510892115533" lon="2.9546642024070024">
        <ele>59.33</ele>
      </trkpt>
      <trkpt lat="48.82536641322076" lon="2.9547357000410557">
        <ele>59.03</ele>
      </trkpt>
      <trkpt lat="48.825623989105225" lon="2.9548072814941406">
        <ele>58.77</ele>
      </trkpt>
      <trkpt lat="48.82577419281006" lon="2.954850196838379">
        <ele>58.58</ele>
      </trkpt>
      <trkpt lat="48.825851641595364" lon="2.9548588301986456">
        <ele>58.43</ele>
      </trkpt>
      <trkpt lat="48.82577419281006" lon="2.954850196838379">
        <ele>58.58</ele>
      </trkpt>
      <trkpt lat="48.825830183923244" lon="2.954856315627694">
        <ele>58.24</ele>
      </trkpt>
      <trkpt lat="48.8258464448154" lon="2.954858159646392">
        <ele>58.23</ele>
      </trkpt>
      <trkpt lat="48.825847785919905" lon="2.9548583272844553">
        <ele>58.27</ele>
      </trkpt>
      <trkpt lat="48.82585004903376" lon="2.9548585787415504">
        <ele>58.36</ele>
      </trkpt>
      <trkpt lat="48.825851641595364" lon="2.9548588301986456">
        <ele>58.43</ele>
      </trkpt>
      <trkpt lat="48.82598038762808" lon="2.954883724451065">
        <ele>58.74</ele>
      </trkpt>
      <trkpt lat="48.826448852196336" lon="2.954999729990959">
        <ele>59.16</ele>
      </trkpt>
      <trkpt lat="48.826631577685475" lon="2.9550812020897865">
        <ele>59.53</ele>
      </trkpt>
      <trkpt lat="48.826789911836386" lon="2.955223610624671">
        <ele>59.91</ele>
      </trkpt>
      <trkpt lat="48.82699677720666" lon="2.9554840363562107">
        <ele>60.29</ele>
      </trkpt>
      <trkpt lat="48.82725301198661" lon="2.9559185542166233">
        <ele>60.7</ele>
      </trkpt>
      <trkpt lat="48.82737094536424" lon="2.9562130104750395">
        <ele>61.29</ele>
      </trkpt>
      <trkpt lat="48.827446969226" lon="2.956499084830284">
        <ele>61.95</ele>
      </trkpt>
      <trkpt lat="48.82753564976156" lon="2.957104928791523">
        <ele>62.58</ele>
      </trkpt>
      <trkpt lat="48.82757529616356" lon="2.9574926756322384">
        <ele>63.15</ele>
      </trkpt>
      <trkpt lat="48.82758233696222" lon="2.9576693661510944">
        <ele>63.82</ele>
      </trkpt>
      <trkpt lat="48.8276250846684" lon="2.9587345384061337">
        <ele>64.41</ele>
      </trkpt>
      <trkpt lat="48.827612763270736" lon="2.9598660115152597">
        <ele>65.35</ele>
      </trkpt>
      <trkpt lat="48.827639166265726" lon="2.95994421467185">
        <ele>66.29</ele>
      </trkpt>
      <trkpt lat="48.82769113406539" lon="2.9599858727306128">
        <ele>67.3</ele>
      </trkpt>
      <trkpt lat="48.827876625582576" lon="2.960084695369005">
        <ele>68.51</ele>
      </trkpt>
      <trkpt lat="48.827970335260034" lon="2.960098022595048">
        <ele>69.63</ele>
      </trkpt>
      <trkpt lat="48.82813788950443" lon="2.959902137517929">
        <ele>70.93</ele>
      </trkpt>
      <trkpt lat="48.82820284925401" lon="2.9596915002912283">
        <ele>72.15</ele>
      </trkpt>
      <trkpt lat="48.82832036353648" lon="2.9595464933663607">
        <ele>73.4</ele>
      </trkpt>
      <trkpt lat="48.828355902805924" lon="2.9594672843813896">
        <ele>74.57</ele>
      </trkpt>
      <trkpt lat="48.82835120894015" lon="2.9594340920448303">
        <ele>75.7</ele>
      </trkpt>
      <trkpt lat="48.828389178961515" lon="2.95938229188323">
        <ele>76.9</ele>
      </trkpt>
      <trkpt lat="48.82839135825634" lon="2.959321439266205">
        <ele>78.06</ele>
      </trkpt>
      <trkpt lat="48.82856125943363" lon="2.9591088742017746">
        <ele>79.3</ele>
      </trkpt>
      <trkpt lat="48.828636361286044" lon="2.958866385743022">
        <ele>80.54</ele>
      </trkpt>
      <trkpt lat="48.828708697110415" lon="2.9587254859507084">
        <ele>81.8</ele>
      </trkpt>
      <trkpt lat="48.8287752494216" lon="2.958525326102972">
        <ele>83.0</ele>
      </trkpt>
      <trkpt lat="48.828843059018254" lon="2.958412589505315">
        <ele>84.23</ele>
      </trkpt>
      <trkpt lat="48.82888832129538" lon="2.9582615476101637">
        <ele>85.42</ele>
      </trkpt>
      <trkpt lat="48.828903743997216" lon="2.9582471307367086">
        <ele>86.56</ele>
      </trkpt>
      <trkpt lat="48.828917406499386" lon="2.9582560155540705">
        <ele>87.69</ele>
      </trkpt>
      <trkpt lat="48.828908521682024" lon="2.958667566999793">
        <ele>88.75</ele>
      </trkpt>
      <trkpt lat="48.828920256346464" lon="2.958831265568733">
        <ele>89.88</ele>
      </trkpt>
      <trkpt lat="48.82888580672443" lon="2.959144916385412">
        <ele>90.96</ele>
      </trkpt>
      <trkpt lat="48.828872479498386" lon="2.9595791827887297">
        <ele>92.14</ele>
      </trkpt>
      <trkpt lat="48.828915478661656" lon="2.959896521642804">
        <ele>93.37</ele>
      </trkpt>
      <trkpt lat="48.82902955636382" lon="2.9603431932628155">
        <ele>94.63</ele>
      </trkpt>
      <trkpt lat="48.82905528880656" lon="2.9614744149148464">
        <ele>95.78</ele>
      </trkpt>
      <trkpt lat="48.82909803651273" lon="2.962169274687767">
        <ele>97.04</ele>
      </trkpt>
      <trkpt lat="48.829086469486356" lon="2.9625894594937563">
        <ele>98.26</ele>
      </trkpt>
      <trkpt lat="48.82909753359854" lon="2.962877042591572">
        <ele>99.58</ele>
      </trkpt>
      <trkpt lat="48.8291687797755" lon="2.963090781122446">
        <ele>100.94</ele>
      </trkpt>
      <trkpt lat="48.82924245670438" lon="2.963512558490038">
        <ele>102.32</ele>
      </trkpt>
      <trkpt lat="48.829388385638595" lon="2.9638198390603065">
        <ele>103.75</ele>
      </trkpt>
      <trkpt lat="48.829534482210875" lon="2.9640354216098785">
        <ele>105.23</ele>
      </trkpt>
      <trkpt lat="48.829692816361785" lon="2.9645361565053463">
        <ele>106.71</ele>
      </trkpt>
      <trkpt lat="48.829696252942085" lon="2.9646468814462423">
        <ele>108.11</ele>
      </trkpt>
      <trkpt lat="48.82976037450135" lon="2.964770933613181">
        <ele>109.55</ele>
      </trkpt>
      <trkpt lat="48.829872105270624" lon="2.964879311621189">
        <ele>111.03</ele>
      </trkpt>
      <trkpt lat="48.82992893457413" lon="2.964961202815175">
        <ele>112.47</ele>
      </trkpt>
      <trkpt lat="48.83006438612938" lon="2.9650341253727674">
        <ele>113.96</ele>
      </trkpt>
      <trkpt lat="48.83009338751435" lon="2.96508751809597">
        <ele>115.36</ele>
      </trkpt>
      <trkpt lat="48.83015189319849" lon="2.9653159249573946">
        <ele>116.8</ele>
      </trkpt>
      <trkpt lat="48.830281645059586" lon="2.9655258916318417">
        <ele>118.26</ele>
      </trkpt>
      <trkpt lat="48.83037703111768" lon="2.965631755068898">
        <ele>119.65</ele>
      </trkpt>
      <trkpt lat="48.83037703111768" lon="2.9656641092151403">
        <ele>120.91</ele>
      </trkpt>
      <trkpt lat="48.83047426119447" lon="2.9658019077032804">
        <ele>122.19</ele>
      </trkpt>
      <trkpt lat="48.83058196865022" lon="2.965897712856531">
        <ele>123.41</ele>
      </trkpt>
      <trkpt lat="48.83075488731265" lon="2.9659871477633715">
        <ele>124.55</ele>
      </trkpt>
      <trkpt lat="48.83079595863819" lon="2.96599343419075">
        <ele>125.56</ele>
      </trkpt>
      <trkpt lat="48.83088824339211" lon="2.9659709706902504">
        <ele>126.49</ele>
      </trkpt>
      <trkpt lat="48.83093903772533" lon="2.9659888241440058">
        <ele>127.33</ele>
      </trkpt>
      <trkpt lat="48.83108370937407" lon="2.9662139620631933">
        <ele>128.13</ele>
      </trkpt>
      <trkpt lat="48.831134336069226" lon="2.9663199093192816">
        <ele>128.78</ele>
      </trkpt>
      <trkpt lat="48.83114900439978" lon="2.966396603733301">
        <ele>129.3</ele>
      </trkpt>
      <trkpt lat="48.831132743507624" lon="2.9664789140224457">
        <ele>129.71</ele>
      </trkpt>
      <trkpt lat="48.831147495657206" lon="2.9667787346988916">
        <ele>130.02</ele>
      </trkpt>
      <trkpt lat="48.83116685785353" lon="2.9668868612498045">
        <ele>130.18</ele>
      </trkpt>
      <trkpt lat="48.83115612901747" lon="2.9670785553753376">
        <ele>130.2</ele>
      </trkpt>
      <trkpt lat="48.831176329404116" lon="2.9671790543943644">
        <ele>130.09</ele>
      </trkpt>
      <trkpt lat="48.83118873462081" lon="2.9674340318888426">
        <ele>129.87</ele>
      </trkpt>
      <trkpt lat="48.83116484619677" lon="2.9680009838193655">
        <ele>129.53</ele>
      </trkpt>
      <trkpt lat="48.831123020499945" lon="2.9682008922100067">
        <ele>128.91</ele>
      </trkpt>
      <trkpt lat="48.83110424503684" lon="2.968541281297803">
        <ele>128.16</ele>
      </trkpt>
      <trkpt lat="48.83113483898342" lon="2.969038663432002">
        <ele>127.28</ele>
      </trkpt>
      <trkpt lat="48.831228548660874" lon="2.970003252848983">
        <ele>126.33</ele>
      </trkpt>
      <trkpt lat="48.83120725862682" lon="2.970153456553817">
        <ele>125.18</ele>
      </trkpt>
      <trkpt lat="48.83108354173601" lon="2.9706150479614735">
        <ele>123.77</ele>
      </trkpt>
      <trkpt lat="48.83088933303952" lon="2.9712234903126955">
        <ele>122.09</ele>
      </trkpt>
      <trkpt lat="48.83084767498076" lon="2.971286019310355">
        <ele>120.5</ele>
      </trkpt>
      <trkpt lat="48.830703841522336" lon="2.971382914111018">
        <ele>118.75</ele>
      </trkpt>
      <trkpt lat="48.830556236207485" lon="2.9715910367667675">
        <ele>116.84</ele>
      </trkpt>
      <trkpt lat="48.830250799655914" lon="2.9718907736241817">
        <ele>114.77</ele>
      </trkpt>
      <trkpt lat="48.83003815077245" lon="2.9720525443553925">
        <ele>112.77</ele>
      </trkpt>
      <trkpt lat="48.82987763732672" lon="2.972109876573086">
        <ele>110.79</ele>
      </trkpt>
      <trkpt lat="48.829160146415234" lon="2.9722312465310097">
        <ele>108.56</ele>
      </trkpt>
      <trkpt lat="48.82903500460088" lon="2.972265612334013">
        <ele>106.55</ele>
      </trkpt>
      <trkpt lat="48.82892486639321" lon="2.972347252070904">
        <ele>104.52</ele>
      </trkpt>
      <trkpt lat="48.82884297519922" lon="2.972450265660882">
        <ele>102.51</ele>
      </trkpt>
      <trkpt lat="48.82877650670707" lon="2.972584292292595">
        <ele>100.54</ele>
      </trkpt>
      <trkpt lat="48.82863820530474" lon="2.972962651401758">
        <ele>98.54</ele>
      </trkpt>
      <trkpt lat="48.8285609241575" lon="2.973232800140977">
        <ele>96.56</ele>
      </trkpt>
      <trkpt lat="48.82846361026168" lon="2.973459865897894">
        <ele>94.69</ele>
      </trkpt>
      <trkpt lat="48.82832933217287" lon="2.9735987540334463">
        <ele>92.89</ele>
      </trkpt>
      <trkpt lat="48.828229419887066" lon="2.9738013446331024">
        <ele>91.22</ele>
      </trkpt>
      <trkpt lat="48.82817384786904" lon="2.9738410748541355">
        <ele>89.67</ele>
      </trkpt>
      <trkpt lat="48.828110145404935" lon="2.9738367162644863">
        <ele>88.19</ele>
      </trkpt>
      <trkpt lat="48.82805189117789" lon="2.9738041944801807">
        <ele>86.82</ele>
      </trkpt>
      <trkpt lat="48.82790227420628" lon="2.9736503027379513">
        <ele>85.48</ele>
      </trkpt>
      <trkpt lat="48.827815521508455" lon="2.9735946469008923">
        <ele>84.29</ele>
      </trkpt>
      <trkpt lat="48.82776883430779" lon="2.973604202270508">
        <ele>83.26</ele>
      </trkpt>
      <trkpt lat="48.82767730392516" lon="2.9736446030437946">
        <ele>82.32</ele>
      </trkpt>
      <trkpt lat="48.827104484662414" lon="2.974012065678835">
        <ele>81.43</ele>
      </trkpt>
      <trkpt lat="48.826901726424694" lon="2.974159838631749">
        <ele>80.89</ele>
      </trkpt>
      <trkpt lat="48.8267373573035" lon="2.9743247106671333">
        <ele>80.43</ele>
      </trkpt>
      <trkpt lat="48.82655454799533" lon="2.9745747428387403">
        <ele>80.08</ele>
      </trkpt>
      <trkpt lat="48.82638020440936" lon="2.974940948188305">
        <ele>80.04</ele>
      </trkpt>
      <trkpt lat="48.82619697600603" lon="2.975142616778612">
        <ele>80.03</ele>
      </trkpt>
      <trkpt lat="48.82599161937833" lon="2.9754281882196665">
        <ele>80.22</ele>
      </trkpt>
      <trkpt lat="48.825753070414066" lon="2.9758281726390123">
        <ele>80.55</ele>
      </trkpt>
      <trkpt lat="48.825674867257476" lon="2.9758366383612156">
        <ele>80.78</ele>
      </trkpt>
      <trkpt lat="48.82552491500974" lon="2.9757651407271624">
        <ele>81.09</ele>
      </trkpt>
      <trkpt lat="48.82533070631325" lon="2.9758762009441853">
        <ele>81.58</ele>
      </trkpt>
      <trkpt lat="48.82526499219239" lon="2.975864466279745">
        <ele>82.09</ele>
      </trkpt>
      <trkpt lat="48.82508042268455" lon="2.9757550824433565">
        <ele>82.66</ele>
      </trkpt>
      <trkpt lat="48.82493273355067" lon="2.9756358079612255">
        <ele>83.27</ele>
      </trkpt>
      <trkpt lat="48.82487473078072" lon="2.9756127577275038">
        <ele>83.98</ele>
      </trkpt>
      <trkpt lat="48.824803652241826" lon="2.9756104107946157">
        <ele>84.77</ele>
      </trkpt>
      <trkpt lat="48.824668200686574" lon="2.975552910938859">
        <ele>85.63</ele>
      </trkpt>
      <trkpt lat="48.82422546856105" lon="2.9751112684607506">
        <ele>86.51</ele>
      </trkpt>
      <trkpt lat="48.82405640557408" lon="2.974988054484129">
        <ele>87.44</ele>
      </trkpt>
      <trkpt lat="48.82396789267659" lon="2.9749801754951477">
        <ele>88.48</ele>
      </trkpt>
      <trkpt lat="48.82392321713269" lon="2.974988892674446">
        <ele>89.57</ele>
      </trkpt>
      <trkpt lat="48.82388767786324" lon="2.9750168044120073">
        <ele>90.72</ele>
      </trkpt>
      <trkpt lat="48.82383311167359" lon="2.9750874638557434">
        <ele>91.92</ele>
      </trkpt>
      <trkpt lat="48.82360680028796" lon="2.9755763802677393">
        <ele>93.3</ele>
      </trkpt>
      <trkpt lat="48.8235841691494" lon="2.975610913708806">
        <ele>94.54</ele>
      </trkpt>
      <trkpt lat="48.82352591492236" lon="2.975641591474414">
        <ele>95.8</ele>
      </trkpt>
      <trkpt lat="48.82347051054239" lon="2.9757445212453604">
        <ele>97.09</ele>
      </trkpt>
      <trkpt lat="48.82341627962887" lon="2.9759141709655523">
        <ele>98.45</ele>
      </trkpt>
      <trkpt lat="48.82335710339248" lon="2.9759803880006075">
        <ele>99.79</ele>
      </trkpt>
      <trkpt lat="48.82329289801419" lon="2.976168729364872">
        <ele>101.16</ele>
      </trkpt>
      <trkpt lat="48.823000621050596" lon="2.9767623357474804">
        <ele>102.73</ele>
      </trkpt>
      <trkpt lat="48.8229070790112" lon="2.9770511761307716">
        <ele>104.09</ele>
      </trkpt>
      <trkpt lat="48.82273189723492" lon="2.9773843567818403">
        <ele>105.37</ele>
      </trkpt>
      <trkpt lat="48.82267976179719" lon="2.9776131827384233">
        <ele>106.64</ele>
      </trkpt>
      <trkpt lat="48.82262293249369" lon="2.9777294397354126">
        <ele>107.83</ele>
      </trkpt>
      <trkpt lat="48.82258219644427" lon="2.9778658971190453">
        <ele>108.98</ele>
      </trkpt>
      <trkpt lat="48.82254506461322" lon="2.9779155179858208">
        <ele>110.06</ele>
      </trkpt>
      <trkpt lat="48.82248865440488" lon="2.97792281024158">
        <ele>111.08</ele>
      </trkpt>
      <trkpt lat="48.822383377701044" lon="2.977840667590499">
        <ele>112.0</ele>
      </trkpt>
      <trkpt lat="48.82222529500723" lon="2.9776811599731445">
        <ele>112.84</ele>
      </trkpt>
      <trkpt lat="48.82212915457785" lon="2.977608907967806">
        <ele>113.62</ele>
      </trkpt>
      <trkpt lat="48.82193553261459" lon="2.977542020380497">
        <ele>114.33</ele>
      </trkpt>
      <trkpt lat="48.82180997170508" lon="2.9774094186723232">
        <ele>114.93</ele>
      </trkpt>
      <trkpt lat="48.82177736610174" lon="2.977397767826915">
        <ele>115.46</ele>
      </trkpt>
      <trkpt lat="48.82169178687036" lon="2.9774155374616385">
        <ele>115.91</ele>
      </trkpt>
      <trkpt lat="48.82167426869273" lon="2.9773992765694857">
        <ele>116.25</ele>
      </trkpt>
      <trkpt lat="48.82158483378589" lon="2.977402461692691">
        <ele>116.5</ele>
      </trkpt>
      <trkpt lat="48.82145533338189" lon="2.9776084050536156">
        <ele>116.63</ele>
      </trkpt>
      <trkpt lat="48.82135106250644" lon="2.977729272097349">
        <ele>116.66</ele>
      </trkpt>
      <trkpt lat="48.82121502421796" lon="2.97795994207263">
        <ele>116.57</ele>
      </trkpt>
      <trkpt lat="48.821102790534496" lon="2.978231180459261">
        <ele>116.4</ele>
      </trkpt>
      <trkpt lat="48.82067648693919" lon="2.9790488351136446">
        <ele>116.19</ele>
      </trkpt>
      <trkpt lat="48.820533910766244" lon="2.979364665225148">
        <ele>115.66</ele>
      </trkpt>
      <trkpt lat="48.82050390355289" lon="2.9793976061046124">
        <ele>115.0</ele>
      </trkpt>
      <trkpt lat="48.82048110477626" lon="2.979397103190422">
        <ele>114.19</ele>
      </trkpt>
      <trkpt lat="48.820315981283784" lon="2.9792658425867558">
        <ele>113.25</ele>
      </trkpt>
      <trkpt lat="48.82025177590549" lon="2.979286126792431">
        <ele>112.16</ele>
      </trkpt>
      <trkpt lat="48.82001096382737" lon="2.979570021852851">
        <ele>110.85</ele>
      </trkpt>
      <trkpt lat="48.81981139071286" lon="2.9798647295683622">
        <ele>109.38</ele>
      </trkpt>
      <trkpt lat="48.819531351327896" lon="2.98013630323112">
        <ele>107.72</ele>
      </trkpt>
      <trkpt lat="48.819239074364305" lon="2.9804958030581474">
        <ele>105.95</ele>
      </trkpt>
      <trkpt lat="48.81897144019604" lon="2.980765365064144">
        <ele>104.17</ele>
      </trkpt>
      <trkpt lat="48.81891192868352" lon="2.980857314541936">
        <ele>102.25</ele>
      </trkpt>
      <trkpt lat="48.81882014684379" lon="2.9810786806046963">
        <ele>100.18</ele>
      </trkpt>
      <trkpt lat="48.818709924817085" lon="2.9815385956317186">
        <ele>97.91</ele>
      </trkpt>
      <trkpt lat="48.81867069751024" lon="2.981631886214018">
        <ele>95.75</ele>
      </trkpt>
      <trkpt lat="48.818578915670514" lon="2.9818010330200195">
        <ele>93.54</ele>
      </trkpt>
      <trkpt lat="48.81831287406385" lon="2.982194982469082">
        <ele>91.25</ele>
      </trkpt>
      <trkpt lat="48.818143643438816" lon="2.9825226310640574">
        <ele>88.78</ele>
      </trkpt>
      <trkpt lat="48.817880284041166" lon="2.982955975458026">
        <ele>86.17</ele>
      </trkpt>
      <trkpt lat="48.817724799737334" lon="2.983290581032634">
        <ele>83.79</ele>
      </trkpt>
      <trkpt lat="48.81769521161914" lon="2.9833274614065886">
        <ele>81.52</ele>
      </trkpt>
      <trkpt lat="48.81711317226291" lon="2.983174491673708">
        <ele>79.09</ele>
      </trkpt>
      <trkpt lat="48.81672190502286" lon="2.982947761192918">
        <ele>76.78</ele>
      </trkpt>
      <trkpt lat="48.81660464219749" lon="2.982901828363538">
        <ele>74.62</ele>
      </trkpt>
      <trkpt lat="48.81650456227362" lon="2.9829273093491793">
        <ele>72.55</ele>
      </trkpt>
      <trkpt lat="48.816242292523384" lon="2.983065526932478">
        <ele>70.52</ele>
      </trkpt>
      <trkpt lat="48.81613810546696" lon="2.983093438670039">
        <ele>68.69</ele>
      </trkpt>
      <trkpt lat="48.815733678638935" lon="2.9830797761678696">
        <ele>66.88</ele>
      </trkpt>
      <trkpt lat="48.81557903252542" lon="2.9830950312316418">
        <ele>65.32</ele>
      </trkpt>
      <trkpt lat="48.815548941493034" lon="2.983064604923129">
        <ele>63.93</ele>
      </trkpt>
      <trkpt lat="48.81553762592375" lon="2.982964441180229">
        <ele>62.69</ele>
      </trkpt>
      <trkpt lat="48.815550953149796" lon="2.982919765636325">
        <ele>61.59</ele>
      </trkpt>
      <trkpt lat="48.81561381742358" lon="2.982863187789917">
        <ele>60.64</ele>
      </trkpt>
      <trkpt lat="48.81566394120455" lon="2.9827833082526922">
        <ele>59.86</ele>
      </trkpt>
      <trkpt lat="48.8157042581588" lon="2.9824958089739084">
        <ele>59.23</ele>
      </trkpt>
      <trkpt lat="48.815676011145115" lon="2.9822462797164917">
        <ele>58.75</ele>
      </trkpt>
      <trkpt lat="48.81565514020622" lon="2.9821853432804346">
        <ele>58.42</ele>
      </trkpt>
      <trkpt lat="48.815652122721076" lon="2.9819617979228497">
        <ele>58.25</ele>
      </trkpt>
      <trkpt lat="48.81556746549904" lon="2.9813407827168703">
        <ele>58.23</ele>
      </trkpt>
      <trkpt lat="48.81546948105097" lon="2.980900565162301">
        <ele>58.3</ele>
      </trkpt>
      <trkpt lat="48.81536051630974" lon="2.9806872457265854">
        <ele>58.5</ele>
      </trkpt>
      <trkpt lat="48.8153678085655" lon="2.980510890483856">
        <ele>58.95</ele>
      </trkpt>
      <trkpt lat="48.81531382910907" lon="2.980294218286872">
        <ele>59.48</ele>
      </trkpt>
      <trkpt lat="48.81512297317386" lon="2.9800293501466513">
        <ele>60.03</ele>
      </trkpt>
      <trkpt lat="48.815017864108086" lon="2.9799247439950705">
        <ele>60.75</ele>
      </trkpt>
      <trkpt lat="48.814949886873364" lon="2.9798149410635233">
        <ele>61.61</ele>
      </trkpt>
      <trkpt lat="48.814814602956176" lon="2.9793863743543625">
        <ele>62.6</ele>
      </trkpt>
      <trkpt lat="48.81480203010142" lon="2.979269362986088">
        <ele>63.7</ele>
      </trkpt>
      <trkpt lat="48.814892722293735" lon="2.978906175121665">
        <ele>65.02</ele>
      </trkpt>
      <trkpt lat="48.81494049914181" lon="2.9788087774068117">
        <ele>66.34</ele>
      </trkpt>
      <trkpt lat="48.81505365483463" lon="2.9787323344498873">
        <ele>67.77</ele>
      </trkpt>
      <trkpt lat="48.81512557156384" lon="2.9786578193306923">
        <ele>69.26</ele>
      </trkpt>
      <trkpt lat="48.81520360708237" lon="2.9786244593560696">
        <ele>70.79</ele>
      </trkpt>
      <trkpt lat="48.81533771753311" lon="2.9784521274268627">
        <ele>72.42</ele>
      </trkpt>
      <trkpt lat="48.815478617325425" lon="2.978328661993146">
        <ele>74.02</ele>
      </trkpt>
      <trkpt lat="48.815545588731766" lon="2.9781738482415676">
        <ele>75.58</ele>
      </trkpt>
      <trkpt lat="48.81558749824762" lon="2.9781356267631054">
        <ele>77.1</ele>
      </trkpt>
      <trkpt lat="48.81554667837918" lon="2.9780808929353952">
        <ele>78.57</ele>
      </trkpt>
      <trkpt lat="48.81545833311975" lon="2.977774953469634">
        <ele>80.04</ele>
      </trkpt>
      <trkpt lat="48.81543193012476" lon="2.9775763861835003">
        <ele>81.5</ele>
      </trkpt>
      <trkpt lat="48.81537660956383" lon="2.9773478116840124">
        <ele>82.99</ele>
      </trkpt>
      <trkpt lat="48.815092630684376" lon="2.9767313227057457">
        <ele>84.36</ele>
      </trkpt>
      <trkpt lat="48.8148236554116" lon="2.976257912814617">
        <ele>85.6</ele>
      </trkpt>
      <trkpt lat="48.8147443626076" lon="2.976067056879401">
        <ele>86.83</ele>
      </trkpt>
      <trkpt lat="48.81461938843131" lon="2.97564628534019">
        <ele>88.0</ele>
      </trkpt>
      <trkpt lat="48.81453883834183" lon="2.975489543750882">
        <ele>88.97</ele>
      </trkpt>
      <trkpt lat="48.8141708727926" lon="2.975098192691803">
        <ele>89.84</ele>
      </trkpt>
      <trkpt lat="48.814138267189264" lon="2.9749495815485716">
        <ele>90.71</ele>
      </trkpt>
      <trkpt lat="48.81413365714252" lon="2.9747909121215343">
        <ele>91.47</ele>
      </trkpt>
      <trkpt lat="48.81417422555387" lon="2.9746459051966667">
        <ele>92.12</ele>
      </trkpt>
      <trkpt lat="48.81417020224035" lon="2.9745455738157034">
        <ele>92.6</ele>
      </trkpt>
      <trkpt lat="48.81410884670913" lon="2.9742133989930153">
        <ele>92.97</ele>
      </trkpt>
      <trkpt lat="48.814043551683426" lon="2.9740890115499496">
        <ele>93.15</ele>
      </trkpt>
      <trkpt lat="48.81401052698493" lon="2.973884576931596">
        <ele>93.25</ele>
      </trkpt>
      <trkpt lat="48.8140516821295" lon="2.9735803976655006">
        <ele>93.25</ele>
      </trkpt>
      <trkpt lat="48.814111361280084" lon="2.972729802131653">
        <ele>93.11</ele>
      </trkpt>
      <trkpt lat="48.81412133574486" lon="2.972699459642172">
        <ele>92.72</ele>
      </trkpt>
      <trkpt lat="48.81420062854886" lon="2.972681187093258">
        <ele>92.22</ele>
      </trkpt>
      <trkpt lat="48.814228205010295" lon="2.9726542811840773">
        <ele>91.56</ele>
      </trkpt>
      <trkpt lat="48.81427992135286" lon="2.972421683371067">
        <ele>90.72</ele>
      </trkpt>
      <trkpt lat="48.814476393163204" lon="2.971155848354101">
        <ele>89.75</ele>
      </trkpt>
      <trkpt lat="48.81457697600126" lon="2.9702083580195904">
        <ele>88.33</ele>
      </trkpt>
      <trkpt lat="48.81464528851211" lon="2.9690561816096306">
        <ele>87.0</ele>
      </trkpt>
      <trkpt lat="48.81468929350376" lon="2.9688786529004574">
        <ele>85.72</ele>
      </trkpt>
      <trkpt lat="48.814680743962526" lon="2.9688388388603926">
        <ele>84.38</ele>
      </trkpt>
      <trkpt lat="48.81463347002864" lon="2.9688073229044676">
        <ele>82.99</ele>
      </trkpt>
      <trkpt lat="48.81436139345169" lon="2.9687001183629036">
        <ele>81.53</ele>
      </trkpt>
      <trkpt lat="48.81404874846339" lon="2.968505071476102">
        <ele>80.04</ele>
      </trkpt>
      <trkpt lat="48.81390407681465" lon="2.968439105898142">
        <ele>78.54</ele>
      </trkpt>
      <trkpt lat="48.81292364560068" lon="2.968028811737895">
        <ele>76.78</ele>
      </trkpt>
      <trkpt lat="48.812634805217385" lon="2.96793669462204">
        <ele>75.28</ele>
      </trkpt>
      <trkpt lat="48.812128622084856" lon="2.967931078746915">
        <ele>73.85</ele>
      </trkpt>
      <trkpt lat="48.81105347536504" lon="2.968070972710848">
        <ele>72.34</ele>
      </trkpt>
      <trkpt lat="48.81066296249628" lon="2.968084467574954">
        <ele>70.95</ele>
      </trkpt>
      <trkpt lat="48.81015434861183" lon="2.9680521972477436">
        <ele>69.59</ele>
      </trkpt>
      <trkpt lat="48.809955110773444" lon="2.968057645484805">
        <ele>68.39</ele>
      </trkpt>
      <trkpt lat="48.8094029109925" lon="2.9677947890013456">
        <ele>67.28</ele>
      </trkpt>
      <trkpt lat="48.80898783914745" lon="2.9676622711122036">
        <ele>66.32</ele>
      </trkpt>
      <trkpt lat="48.808637810871005" lon="2.9675725009292364">
        <ele>65.41</ele>
      </trkpt>
      <trkpt lat="48.808464305475354" lon="2.9674994107335806">
        <ele>64.73</ele>
      </trkpt>
      <trkpt lat="48.80792367272079" lon="2.967226579785347">
        <ele>64.12</ele>
      </trkpt>
      <trkpt lat="48.80753776989877" lon="2.967077549546957">
        <ele>63.81</ele>
      </trkpt>
      <trkpt lat="48.807308273389935" lon="2.9669486358761787">
        <ele>63.67</ele>
      </trkpt>
      <trkpt lat="48.80710978992283" lon="2.966804215684533">
        <ele>63.65</ele>
      </trkpt>
      <trkpt lat="48.80685648880899" lon="2.966649569571018">
        <ele>63.79</ele>
      </trkpt>
      <trkpt lat="48.80656882189214" lon="2.966543957591057">
        <ele>64.09</ele>
      </trkpt>
      <trkpt lat="48.806368159130216" lon="2.966506239026785">
        <ele>64.58</ele>
      </trkpt>
      <trkpt lat="48.806322729215026" lon="2.9665236733853817">
        <ele>65.18</ele>
      </trkpt>
      <trkpt lat="48.806282579898834" lon="2.9665776528418064">
        <ele>65.92</ele>
      </trkpt>
      <trkpt lat="48.80623899400234" lon="2.966705560684204">
        <ele>66.76</ele>
      </trkpt>
      <trkpt lat="48.80620228126645" lon="2.966889711096883">
        <ele>67.74</ele>
      </trkpt>
      <trkpt lat="48.8061722740531" lon="2.9671932198107243">
        <ele>68.9</ele>
      </trkpt>
      <trkpt lat="48.806124832481146" lon="2.9672579281032085">
        <ele>70.19</ele>
      </trkpt>
      <trkpt lat="48.80602969788015" lon="2.9672950599342585">
        <ele>71.65</ele>
      </trkpt>
      <trkpt lat="48.80589433014393" lon="2.9673205409199">
        <ele>73.25</ele>
      </trkpt>
      <trkpt lat="48.805695259943604" lon="2.9672580119222403">
        <ele>74.9</ele>
      </trkpt>
      <trkpt lat="48.805571710690856" lon="2.967284247279167">
        <ele>76.56</ele>
      </trkpt>
      <trkpt lat="48.805460315197706" lon="2.967207133769989">
        <ele>78.26</ele>
      </trkpt>
      <trkpt lat="48.80537196993828" lon="2.967180395498872">
        <ele>79.97</ele>
      </trkpt>
      <trkpt lat="48.80523190833628" lon="2.9670265037566423">
        <ele>81.81</ele>
      </trkpt>
      <trkpt lat="48.80516334436834" lon="2.9669914674013853">
        <ele>83.55</ele>
      </trkpt>
      <trkpt lat="48.80503451451659" lon="2.966889040544629">
        <ele>85.37</ele>
      </trkpt>
      <trkpt lat="48.804903673008084" lon="2.966856686398387">
        <ele>87.11</ele>
      </trkpt>
      <trkpt lat="48.80482002161443" lon="2.9668738692998886">
        <ele>88.74</ele>
      </trkpt>
      <trkpt lat="48.80473569966853" lon="2.9669375717639923">
        <ele>90.24</ele>
      </trkpt>
      <trkpt lat="48.804671661928296" lon="2.9672070499509573">
        <ele>91.62</ele>
      </trkpt>
      <trkpt lat="48.80463729612529" lon="2.96724577434361">
        <ele>92.94</ele>
      </trkpt>
      <trkpt lat="48.80455314181745" lon="2.9672715067863464">
        <ele>94.23</ele>
      </trkpt>
      <trkpt lat="48.80449782125652" lon="2.967322301119566">
        <ele>95.38</ele>
      </trkpt>
      <trkpt lat="48.80426840856671" lon="2.9673195350915194">
        <ele>96.45</ele>
      </trkpt>
      <trkpt lat="48.8042654749006" lon="2.967353817075491">
        <ele>97.38</ele>
      </trkpt>
      <trkpt lat="48.80434585735202" lon="2.967574428766966">
        <ele>98.2</ele>
      </trkpt>
      <trkpt lat="48.80437133833766" lon="2.967834770679474">
        <ele>98.96</ele>
      </trkpt>
      <trkpt lat="48.80434200167656" lon="2.9682801850140095">
        <ele>99.65</ele>
      </trkpt>
      <trkpt lat="48.804304702207446" lon="2.9683339968323708">
        <ele>100.29</ele>
      </trkpt>
      <trkpt lat="48.80431819707155" lon="2.9684846196323633">
        <ele>100.86</ele>
      </trkpt>
      <trkpt lat="48.80430084653199" lon="2.968761892989278">
        <ele>101.4</ele>
      </trkpt>
      <trkpt lat="48.804338900372386" lon="2.9691739473491907">
        <ele>101.84</ele>
      </trkpt>
      <trkpt lat="48.80455473437905" lon="2.9700454976409674">
        <ele>102.03</ele>
      </trkpt>
      <trkpt lat="48.80468607880175" lon="2.970259068533778">
        <ele>102.3</ele>
      </trkpt>
      <trkpt lat="48.80471340380609" lon="2.970336014404893">
        <ele>102.62</ele>
      </trkpt>
      <trkpt lat="48.80475891754031" lon="2.970518907532096">
        <ele>102.92</ele>
      </trkpt>
      <trkpt lat="48.804743411019444" lon="2.9705702047795057">
        <ele>103.28</ele>
      </trkpt>
      <trkpt lat="48.80468909628689" lon="2.970593087375164">
        <ele>103.67</ele>
      </trkpt>
      <trkpt lat="48.80464534275234" lon="2.97052888199687">
        <ele>104.09</ele>
      </trkpt>
      <trkpt lat="48.80459823645651" lon="2.970575485378504">
        <ele>104.53</ele>
      </trkpt>
      <trkpt lat="48.804533276706934" lon="2.970489989966154">
        <ele>105.04</ele>
      </trkpt>
      <trkpt lat="48.804486421868205" lon="2.970315394923091">
        <ele>105.59</ele>
      </trkpt>
      <trkpt lat="48.80443696863949" lon="2.9702804423868656">
        <ele>106.17</ele>
      </trkpt>
      <trkpt lat="48.80440302193165" lon="2.970284717157483">
        <ele>106.79</ele>
      </trkpt>
      <trkpt lat="48.80430621095002" lon="2.9704116191715">
        <ele>107.46</ele>
      </trkpt>
      <trkpt lat="48.80421442911029" lon="2.9706055764108896">
        <ele>108.22</ele>
      </trkpt>
      <trkpt lat="48.80417117848992" lon="2.970650000497699">
        <ele>108.97</ele>
      </trkpt>
      <trkpt lat="48.8041016086936" lon="2.970780674368143">
        <ele>109.79</ele>
      </trkpt>
      <trkpt lat="48.804052071645856" lon="2.9708382580429316">
        <ele>110.66</ele>
      </trkpt>
      <trkpt lat="48.80397688597441" lon="2.970883185043931">
        <ele>111.58</ele>
      </trkpt>
      <trkpt lat="48.80386792123318" lon="2.9709100909531116">
        <ele>112.57</ele>
      </trkpt>
      <trkpt lat="48.80370983853936" lon="2.9708965122699738">
        <ele>113.6</ele>
      </trkpt>
      <trkpt lat="48.80354940891266" lon="2.970790481194854">
        <ele>114.63</ele>
      </trkpt>
      <trkpt lat="48.80330516025424" lon="2.970569198951125">
        <ele>115.72</ele>
      </trkpt>
      <trkpt lat="48.80283233709633" lon="2.970347497612238">
        <ele>116.84</ele>
      </trkpt>
      <trkpt lat="48.80277005955577" lon="2.9703031573444605">
        <ele>117.83</ele>
      </trkpt>
      <trkpt lat="48.80274524912238" lon="2.970222858712077">
        <ele>118.81</ele>
      </trkpt>
      <trkpt lat="48.802746925503016" lon="2.9699759278446436">
        <ele>119.77</ele>
      </trkpt>
      <trkpt lat="48.80272940732539" lon="2.969925384968519">
        <ele>120.73</ele>
      </trkpt>
      <trkpt lat="48.802689258009195" lon="2.969874842092395">
        <ele>121.68</ele>
      </trkpt>
      <trkpt lat="48.80257207900286" lon="2.9698354471474886">
        <ele>122.63</ele>
      </trkpt>
      <trkpt lat="48.80252933129668" lon="2.969805272296071">
        <ele>123.56</ele>
      </trkpt>
      <trkpt lat="48.80248951725662" lon="2.9696266539394855">
        <ele>124.47</ele>
      </trkpt>
      <trkpt lat="48.80247359164059" lon="2.9696101415902376">
        <ele>125.32</ele>
      </trkpt>
      <trkpt lat="48.802202604711056" lon="2.9695707466453314">
        <ele>126.25</ele>
      </trkpt>
      <trkpt lat="48.80209623835981" lon="2.969572087749839">
        <ele>127.07</ele>
      </trkpt>
      <trkpt lat="48.80194670520723" lon="2.969589689746499">
        <ele>127.85</ele>
      </trkpt>
      <trkpt lat="48.801818965002894" lon="2.969624223187566">
        <ele>128.56</ele>
      </trkpt>
      <trkpt lat="48.80161972716451" lon="2.9696327727288008">
        <ele>129.28</ele>
      </trkpt>
      <trkpt lat="48.80155585706234" lon="2.9696647077798843">
        <ele>129.88</ele>
      </trkpt>
      <trkpt lat="48.801518054679036" lon="2.96966009773314">
        <ele>130.39</ele>
      </trkpt>
      <trkpt lat="48.80134136416018" lon="2.9697603452950716">
        <ele>130.85</ele>
      </trkpt>
      <trkpt lat="48.80131638608873" lon="2.9697632789611816">
        <ele>131.23</ele>
      </trkpt>
      <trkpt lat="48.801290234550834" lon="2.969705779105425">
        <ele>131.54</ele>
      </trkpt>
      <trkpt lat="48.80120633170009" lon="2.968827774748206">
        <ele>131.7</ele>
      </trkpt>
      <trkpt lat="48.801230639219284" lon="2.967325570061803">
        <ele>131.9</ele>
      </trkpt>
      <trkpt lat="48.80121756345034" lon="2.9672599397599697">
        <ele>132.04</ele>
      </trkpt>
      <trkpt lat="48.80113894119859" lon="2.967106131836772">
        <ele>132.12</ele>
      </trkpt>
      <trkpt lat="48.80112594924867" lon="2.966894404962659">
        <ele>132.17</ele>
      </trkpt>
      <trkpt lat="48.80109661258757" lon="2.966864565387368">
        <ele>132.18</ele>
      </trkpt>
      <trkpt lat="48.80104280076921" lon="2.9668571893125772">
        <ele>132.15</ele>
      </trkpt>
      <trkpt lat="48.801012793555856" lon="2.966822572052479">
        <ele>132.07</ele>
      </trkpt>
      <trkpt lat="48.80090659484267" lon="2.966267019510269">
        <ele>131.97</ele>
      </trkpt>
      <trkpt lat="48.8009119592607" lon="2.9653819743543863">
        <ele>131.62</ele>
      </trkpt>
      <trkpt lat="48.80098957568407" lon="2.9644083324819803">
        <ele>131.37</ele>
      </trkpt>
      <trkpt lat="48.80106979049742" lon="2.9630466923117638">
        <ele>131.25</ele>
      </trkpt>
      <trkpt lat="48.80111815407872" lon="2.962464988231659">
        <ele>131.05</ele>
      </trkpt>
      <trkpt lat="48.80115369334817" lon="2.9622913990169764">
        <ele>130.79</ele>
      </trkpt>
      <trkpt lat="48.80115847103298" lon="2.962268181145191">
        <ele>130.5</ele>
      </trkpt>
      <trkpt lat="48.801158806309104" lon="2.9622666724026203">
        <ele>130.19</ele>
      </trkpt>
      <trkpt lat="48.80115947686136" lon="2.962263822555542">
        <ele>129.86</ele>
      </trkpt>
      <trkpt lat="48.801159895956516" lon="2.962261810898781">
        <ele>129.51</ele>
      </trkpt>
      <trkpt lat="48.80116115324199" lon="2.962256111204624">
        <ele>129.14</ele>
      </trkpt>
      <trkpt lat="48.80116626620293" lon="2.9622316360473633">
        <ele>128.75</ele>
      </trkpt>
      <trkpt lat="48.80116660147905" lon="2.9622303787618876">
        <ele>128.33</ele>
      </trkpt>
      <trkpt lat="48.80116676911712" lon="2.962229708209634">
        <ele>127.9</ele>
      </trkpt>
      <trkpt lat="48.80116685293615" lon="2.9622295405715704">
        <ele>127.44</ele>
      </trkpt>
      <trkpt lat="48.80116693675518" lon="2.9622292891144753">
        <ele>126.97</ele>
      </trkpt>
      <trkpt lat="48.80116693675518" lon="2.962229372933507">
        <ele>126.48</ele>
      </trkpt>
      <trkpt lat="48.80116794258356" lon="2.962224595248699">
        <ele>125.97</ele>
      </trkpt>
      <trkpt lat="48.801168194040656" lon="2.9622236732393503">
        <ele>125.45</ele>
      </trkpt>
      <trkpt lat="48.80116844549775" lon="2.9622226674109697">
        <ele>124.91</ele>
      </trkpt>
      <trkpt lat="48.801168613135815" lon="2.962221996858716">
        <ele>124.36</ele>
      </trkpt>
      <trkpt lat="48.801168696954846" lon="2.9622218292206526">
        <ele>123.8</ele>
      </trkpt>
      <trkpt lat="48.80116878077388" lon="2.9622218292206526">
        <ele>123.23</ele>
      </trkpt>
      <trkpt lat="48.801165260374546" lon="2.9622186440974474">
        <ele>122.67</ele>
      </trkpt>
      <trkpt lat="48.801194513216615" lon="2.9621458053588867">
        <ele>122.11</ele>
      </trkpt>
      <trkpt lat="48.80126953125" lon="2.962263822555542">
        <ele>121.53</ele>
      </trkpt>
      <trkpt lat="48.801430463790894" lon="2.9623818397521973">
        <ele>120.97</ele>
      </trkpt>
      <trkpt lat="48.80199909210205" lon="2.9625535011291504">
        <ele>120.35</ele>
      </trkpt>
      <trkpt lat="48.80235314369202" lon="2.9627466201782227">
        <ele>119.76</ele>
      </trkpt>
      <trkpt lat="48.80280375480652" lon="2.9630470275878906">
        <ele>119.17</ele>
      </trkpt>
      <trkpt lat="48.80345821380615" lon="2.963486909866333">
        <ele>118.52</ele>
      </trkpt>
      <trkpt lat="48.803865909576416" lon="2.9637765884399414">
        <ele>118.0</ele>
      </trkpt>
      <trkpt lat="48.80423077382147" lon="2.9627037048339844">
        <ele>117.8</ele>
      </trkpt>
      <trkpt lat="48.80468130111694" lon="2.961587905883789">
        <ele>117.49</ele>
      </trkpt>
      <trkpt lat="48.804681384935975" lon="2.9614484310150146">
        <ele>117.33</ele>
      </trkpt>
      <trkpt lat="48.80468130111694" lon="2.961094379425049">
        <ele>117.25</ele>
      </trkpt>
      <trkpt lat="48.804713571444154" lon="2.960761785507202">
        <ele>117.25</ele>
      </trkpt>
      <trkpt lat="48.80470150150359" lon="2.960535641759634">
        <ele>117.32</ele>
      </trkpt>
      <trkpt lat="48.80470024421811" lon="2.9605115856975317">
        <ele>117.43</ele>
      </trkpt>
      <trkpt lat="48.80470024421811" lon="2.960510076954961">
        <ele>117.61</ele>
      </trkpt>
      <trkpt lat="48.80470016039908" lon="2.9605072271078825">
        <ele>117.87</ele>
      </trkpt>
      <trkpt lat="48.80470007658005" lon="2.9605052154511213">
        <ele>118.21</ele>
      </trkpt>
      <trkpt lat="48.80469982512295" lon="2.9604992642998695">
        <ele>118.63</ele>
      </trkpt>
      <trkpt lat="48.804698484018445" lon="2.9604736994951963">
        <ele>119.12</ele>
      </trkpt>
      <trkpt lat="48.804698484018445" lon="2.9604725260287523">
        <ele>119.68</ele>
      </trkpt>
      <trkpt lat="48.804698484018445" lon="2.9604719392955303">
        <ele>120.31</ele>
      </trkpt>
      <trkpt lat="48.804698484018445" lon="2.960471771657467">
        <ele>121.01</ele>
      </trkpt>
      <trkpt lat="48.804698484018445" lon="2.9604713525623083">
        <ele>121.77</ele>
      </trkpt>
      <trkpt lat="48.80469823256135" lon="2.9604663234204054">
        <ele>122.59</ele>
      </trkpt>
      <trkpt lat="48.80469823256135" lon="2.9604654852300882">
        <ele>123.47</ele>
      </trkpt>
      <trkpt lat="48.80469823256135" lon="2.9604645632207394">
        <ele>124.38</ele>
      </trkpt>
      <trkpt lat="48.80469823256135" lon="2.9604639764875174">
        <ele>125.33</ele>
      </trkpt>
      <trkpt lat="48.80469823256135" lon="2.960463808849454">
        <ele>126.31</ele>
      </trkpt>
      <trkpt lat="48.80469823256135" lon="2.960463725030422">
        <ele>127.31</ele>
      </trkpt>
      <trkpt lat="48.80458474159241" lon="2.958240509033203">
        <ele>128.8</ele>
      </trkpt>
      <trkpt lat="48.80456328392029" lon="2.9565131664276123">
        <ele>129.95</ele>
      </trkpt>
      <trkpt lat="48.80435951985419" lon="2.954592704772949">
        <ele>131.07</ele>
      </trkpt>
      <trkpt lat="48.80409121513367" lon="2.9518890380859375">
        <ele>132.1</ele>
      </trkpt>
      <trkpt lat="48.80403757095337" lon="2.949925661087036">
        <ele>132.93</ele>
      </trkpt>
      <trkpt lat="48.80403757095337" lon="2.949249744415283">
        <ele>133.7</ele>
      </trkpt>
      <trkpt lat="48.80405902862549" lon="2.948960065841675">
        <ele>134.43</ele>
      </trkpt>
      <trkpt lat="48.80412348546088" lon="2.9484879970550537">
        <ele>135.13</ele>
      </trkpt>
      <trkpt lat="48.8042414188385" lon="2.9479408264160156">
        <ele>135.75</ele>
      </trkpt>
      <trkpt lat="48.80430579185486" lon="2.9477477073669434">
        <ele>136.27</ele>
      </trkpt>
      <trkpt lat="48.80498170852661" lon="2.9457736015319824">
        <ele>136.87</ele>
      </trkpt>
      <trkpt lat="48.80523920059204" lon="2.9449689388275146">
        <ele>137.25</ele>
      </trkpt>
      <trkpt lat="48.80553960800171" lon="2.944260835647583">
        <ele>137.47</ele>
      </trkpt>
      <trkpt lat="48.805668354034424" lon="2.9440784454345703">
        <ele>137.61</ele>
      </trkpt>
      <trkpt lat="48.8057005405426" lon="2.9440033435821533">
        <ele>137.61</ele>
      </trkpt>
      <trkpt lat="48.80574345588684" lon="2.9440033435821533">
        <ele>137.49</ele>
      </trkpt>
      <trkpt lat="48.80592584609985" lon="2.943863868713379">
        <ele>137.24</ele>
      </trkpt>
      <trkpt lat="48.80602240562439" lon="2.9437780380249023">
        <ele>136.9</ele>
      </trkpt>
      <trkpt lat="48.80644083023071" lon="2.9431235790252686">
        <ele>136.36</ele>
      </trkpt>
      <trkpt lat="48.806601762771606" lon="2.9429519176483154">
        <ele>135.8</ele>
      </trkpt>
      <trkpt lat="48.80774974822998" lon="2.94134259223938">
        <ele>135.04</ele>
      </trkpt>
      <trkpt lat="48.807910680770874" lon="2.941063642501831">
        <ele>134.29</ele>
      </trkpt>
      <trkpt lat="48.80799651145935" lon="2.9408812522888184">
        <ele>133.49</ele>
      </trkpt>
      <trkpt lat="48.80829691886902" lon="2.9399478435516357">
        <ele>132.74</ele>
      </trkpt>
      <trkpt lat="48.80896210670471" lon="2.9375016689300537">
        <ele>131.92</ele>
      </trkpt>
      <trkpt lat="48.80905866622925" lon="2.9372334480285645">
        <ele>131.01</ele>
      </trkpt>
      <trkpt lat="48.81000280380249" lon="2.9349803924560547">
        <ele>130.05</ele>
      </trkpt>
      <trkpt lat="48.81027102470398" lon="2.9341864585876465">
        <ele>129.2</ele>
      </trkpt>
      <trkpt lat="48.81071090698242" lon="2.9331886768341064">
        <ele>128.16</ele>
      </trkpt>
      <trkpt lat="48.81074317730963" lon="2.9331672191619873">
        <ele>127.2</ele>
      </trkpt>
      <trkpt lat="48.8107430934906" lon="2.9331672191619873">
        <ele>126.26</ele>
      </trkpt>
      <trkpt lat="48.812137842178345" lon="2.933778762817383">
        <ele>124.93</ele>
      </trkpt>
      <trkpt lat="48.81247043609619" lon="2.9338860511779785">
        <ele>123.89</ele>
      </trkpt>
      <trkpt lat="48.812620639801025" lon="2.9338860511779785">
        <ele>122.97</ele>
      </trkpt>
      <trkpt lat="48.81267428398132" lon="2.9338431358337402">
        <ele>122.16</ele>
      </trkpt>
      <trkpt lat="48.81273865699768" lon="2.933746576309204">
        <ele>121.41</ele>
      </trkpt>
      <trkpt lat="48.81283521652222" lon="2.933478858321905">
        <ele>120.79</ele>
      </trkpt>
      <trkpt lat="48.812842927873135" lon="2.933457735925913">
        <ele>120.18</ele>
      </trkpt>
      <trkpt lat="48.812843430787325" lon="2.933456478640437">
        <ele>119.64</ele>
      </trkpt>
      <trkpt lat="48.812844352796674" lon="2.9334539640694857">
        <ele>119.16</ele>
      </trkpt>
      <trkpt lat="48.81284502334893" lon="2.9334522038698196">
        <ele>118.76</ele>
      </trkpt>
      <trkpt lat="48.81284695118666" lon="2.9334470070898533">
        <ele>118.43</ele>
      </trkpt>
      <trkpt lat="48.81285508163273" lon="2.9334246274083853">
        <ele>118.17</ele>
      </trkpt>
      <trkpt lat="48.81285550072789" lon="2.9334236215800047">
        <ele>117.98</ele>
      </trkpt>
      <trkpt lat="48.81285575218499" lon="2.9334231186658144">
        <ele>117.85</ele>
      </trkpt>
      <trkpt lat="48.81285583600402" lon="2.933422951027751">
        <ele>117.78</ele>
      </trkpt>
      <trkpt lat="48.81285600364208" lon="2.933422615751624">
        <ele>117.78</ele>
      </trkpt>
      <trkpt lat="48.81285600364208" lon="2.933422699570656">
        <ele>117.82</ele>
      </trkpt>
      <trkpt lat="48.81285768002272" lon="2.9334183409810066">
        <ele>117.91</ele>
      </trkpt>
      <trkpt lat="48.81285801529884" lon="2.933417670428753">
        <ele>118.04</ele>
      </trkpt>
      <trkpt lat="48.81285835057497" lon="2.9334169160574675">
        <ele>118.21</ele>
      </trkpt>
      <trkpt lat="48.812858602032065" lon="2.933416413143277">
        <ele>118.41</ele>
      </trkpt>
      <trkpt lat="48.81285876967013" lon="2.9334162455052137">
        <ele>118.63</ele>
      </trkpt>
      <trkpt lat="48.81286748684943" lon="2.9333925247192383">
        <ele>118.86</ele>
      </trkpt>
      <trkpt lat="48.812867403030396" lon="2.9333925247192383">
        <ele>119.1</ele>
      </trkpt>
      <trkpt lat="48.812910318374634" lon="2.9332852363586426">
        <ele>119.33</ele>
      </trkpt>
      <trkpt lat="48.812910318374634" lon="2.932974100112915">
        <ele>119.53</ele>
      </trkpt>
      <trkpt lat="48.812878131866455" lon="2.932695150375366">
        <ele>119.75</ele>
      </trkpt>
      <trkpt lat="48.81274938583374" lon="2.932147979736328">
        <ele>119.93</ele>
      </trkpt>
      <trkpt lat="48.81268501281738" lon="2.9320085048675537">
        <ele>120.08</ele>
      </trkpt>
      <trkpt lat="48.81252408027649" lon="2.9318690299987793">
        <ele>120.24</ele>
      </trkpt>
      <trkpt lat="48.812363147735596" lon="2.931826114654541">
        <ele>120.32</ele>
      </trkpt>
      <trkpt lat="48.81197690963745" lon="2.9317831993103027">
        <ele>120.42</ele>
      </trkpt>
      <trkpt lat="48.811880350112915" lon="2.931751012802124">
        <ele>120.34</ele>
      </trkpt>
      <trkpt lat="48.811633586883545" lon="2.9316115379333496">
        <ele>120.2</ele>
      </trkpt>
      <trkpt lat="48.81149411201477" lon="2.9314827919006348">
        <ele>119.95</ele>
      </trkpt>
      <trkpt lat="48.81134390830994" lon="2.931321859359741">
        <ele>119.61</ele>
      </trkpt>
      <trkpt lat="48.810871839523315" lon="2.931075096130371">
        <ele>119.27</ele>
      </trkpt>
      <trkpt lat="48.81051778793335" lon="2.930999994277954">
        <ele>118.69</ele>
      </trkpt>
      <trkpt lat="48.809874057769775" lon="2.930828332901001">
        <ele>118.12</ele>
      </trkpt>
      <trkpt lat="48.80955219268799" lon="2.9307639598846436">
        <ele>117.4</ele>
      </trkpt>
      <trkpt lat="48.80899429321289" lon="2.930699586868286">
        <ele>116.57</ele>
      </trkpt>
      <trkpt lat="48.80820035934448" lon="2.9305171966552734">
        <ele>115.45</ele>
      </trkpt>
      <trkpt lat="48.80818963050842" lon="2.9302167892456055">
        <ele>114.35</ele>
      </trkpt>
      <trkpt lat="48.80825408734381" lon="2.929551601409912">
        <ele>113.12</ele>
      </trkpt>
      <trkpt lat="48.80836137570441" lon="2.9284250736236572">
        <ele>111.54</ele>
      </trkpt>
      <trkpt lat="48.808394400402904" lon="2.928143944591284">
        <ele>110.2</ele>
      </trkpt>
      <trkpt lat="48.808390125632286" lon="2.92814277112484">
        <ele>108.93</ele>
      </trkpt>
      <trkpt lat="48.808394400402904" lon="2.928143944591284">
        <ele>110.2</ele>
      </trkpt>
      <trkpt lat="48.80844712257385" lon="2.9276955127716064">
        <ele>106.22</ele>
      </trkpt>
      <trkpt lat="48.808608055114746" lon="2.9263007640838623">
        <ele>104.59</ele>
      </trkpt>
      <trkpt lat="48.808650970458984" lon="2.9258179664611816">
        <ele>103.31</ele>
      </trkpt>
      <trkpt lat="48.80868994630873" lon="2.9257399309426546">
        <ele>102.14</ele>
      </trkpt>
      <trkpt lat="48.80869480781257" lon="2.9252635035663843">
        <ele>100.97</ele>
      </trkpt>
      <trkpt lat="48.80869958549738" lon="2.924787076190114">
        <ele>99.88</ele>
      </trkpt>
      <trkpt lat="48.808699920773506" lon="2.924749944359064">
        <ele>98.98</ele>
      </trkpt>
      <trkpt lat="48.80866547115147" lon="2.9242762830108404">
        <ele>98.13</ele>
      </trkpt>
      <trkpt lat="48.80865993909538" lon="2.9241999238729477">
        <ele>97.48</ele>
      </trkpt>
      <trkpt lat="48.808629931882024" lon="2.92383992113173">
        <ele>97.0</ele>
      </trkpt>
      <trkpt lat="48.808629931882024" lon="2.9238099977374077">
        <ele>96.63</ele>
      </trkpt>
      <trkpt lat="48.80835852585733" lon="2.923568682745099">
        <ele>96.41</ele>
      </trkpt>
      <trkpt lat="48.808269929140806" lon="2.9234899766743183">
        <ele>96.35</ele>
      </trkpt>
      <trkpt lat="48.80803992971778" lon="2.923199962824583">
        <ele>96.48</ele>
      </trkpt>
      <trkpt lat="48.807805152609944" lon="2.9228826239705086">
        <ele>96.77</ele>
      </trkpt>
      <trkpt lat="48.80766995251179" lon="2.9226999823004007">
        <ele>97.19</ele>
      </trkpt>
      <trkpt lat="48.80741564556956" lon="2.922419188544154">
        <ele>97.74</ele>
      </trkpt>
      <trkpt lat="48.80718992091715" lon="2.9221699945628643">
        <ele>98.42</ele>
      </trkpt>
      <trkpt lat="48.80695380270481" lon="2.921855002641678">
        <ele>99.29</ele>
      </trkpt>
      <trkpt lat="48.80676998756826" lon="2.9216099996119738">
        <ele>100.35</ele>
      </trkpt>
      <trkpt lat="48.80659991875291" lon="2.921419981867075">
        <ele>101.5</ele>
      </trkpt>
      <trkpt lat="48.80639196373522" lon="2.921062409877777">
        <ele>102.69</ele>
      </trkpt>
      <trkpt lat="48.80627998150885" lon="2.9208699613809586">
        <ele>104.0</ele>
      </trkpt>
      <trkpt lat="48.80619993433356" lon="2.920759990811348">
        <ele>105.43</ele>
      </trkpt>
      <trkpt lat="48.806029949337244" lon="2.9206299874931574">
        <ele>106.97</ele>
      </trkpt>
      <trkpt lat="48.80572342313826" lon="2.9207381140440702">
        <ele>108.77</ele>
      </trkpt>
      <trkpt lat="48.80551999434829" lon="2.9208099469542503">
        <ele>110.51</ele>
      </trkpt>
      <trkpt lat="48.80520827136934" lon="2.9208759125322104">
        <ele>112.39</ele>
      </trkpt>
      <trkpt lat="48.804999981075525" lon="2.920919917523861">
        <ele>114.28</ele>
      </trkpt>
      <trkpt lat="48.8048199377954" lon="2.920939950272441">
        <ele>116.16</ele>
      </trkpt>
      <trkpt lat="48.8045109808445" lon="2.9208494257181883">
        <ele>118.08</ele>
      </trkpt>
      <trkpt lat="48.80423999391496" lon="2.920769965276122">
        <ele>119.98</ele>
      </trkpt>
      <trkpt lat="48.80394050851464" lon="2.9206231981515884">
        <ele>121.75</ele>
      </trkpt>
      <trkpt lat="48.803729955106974" lon="2.920519933104515">
        <ele>123.37</ele>
      </trkpt>
      <trkpt lat="48.80341999232769" lon="2.920489925891161">
        <ele>124.9</ele>
      </trkpt>
      <trkpt lat="48.80311178974807" lon="2.920393282547593">
        <ele>126.49</ele>
      </trkpt>
      <trkpt lat="48.80295479670167" lon="2.9203439131379128">
        <ele>127.94</ele>
      </trkpt>
      <trkpt lat="48.80293870344758" lon="2.92033888399601">
        <ele>129.28</ele>
      </trkpt>
      <trkpt lat="48.80293719470501" lon="2.9203384649008512">
        <ele>130.52</ele>
      </trkpt>
      <trkpt lat="48.80293476395309" lon="2.920337710529566">
        <ele>131.66</ele>
      </trkpt>
      <trkpt lat="48.80293291993439" lon="2.920337123796344">
        <ele>132.7</ele>
      </trkpt>
      <trkpt lat="48.802929148077965" lon="2.9203359503299">
        <ele>133.64</ele>
      </trkpt>
      <trkpt lat="48.802912048995495" lon="2.92033058591187">
        <ele>134.47</ele>
      </trkpt>
      <trkpt lat="48.80291079171002" lon="2.920330250635743">
        <ele>135.2</ele>
      </trkpt>
      <trkpt lat="48.8029099535197" lon="2.920329999178648">
        <ele>135.81</ele>
      </trkpt>
      <trkpt lat="48.80259630270302" lon="2.920290771871805">
        <ele>136.33</ele>
      </trkpt>
      <trkpt lat="48.802282651886344" lon="2.9202515445649624">
        <ele>136.73</ele>
      </trkpt>
      <trkpt lat="48.80210998468101" lon="2.92022991925478">
        <ele>137.02</ele>
      </trkpt>
      <trkpt lat="48.80187998525798" lon="2.9202199447900057">
        <ele>137.18</ele>
      </trkpt>
      <trkpt lat="48.801819970831275" lon="2.92024995200336">
        <ele>137.24</ele>
      </trkpt>
      <trkpt lat="48.80173992365599" lon="2.9202099703252316">
        <ele>137.22</ele>
      </trkpt>
      <trkpt lat="48.8014283683151" lon="2.9201431665569544">
        <ele>136.99</ele>
      </trkpt>
      <trkpt lat="48.801179928705096" lon="2.920089941471815">
        <ele>136.67</ele>
      </trkpt>
      <trkpt lat="48.80110030062497" lon="2.919629020616412">
        <ele>136.35</ele>
      </trkpt>
      <trkpt lat="48.801020588725805" lon="2.919168099761009">
        <ele>135.98</ele>
      </trkpt>
      <trkpt lat="48.800940960645676" lon="2.9187071789056063">
        <ele>135.45</ele>
      </trkpt>
      <trkpt lat="48.800861248746514" lon="2.918246341869235">
        <ele>134.83</ele>
      </trkpt>
      <trkpt lat="48.800781620666385" lon="2.917785421013832">
        <ele>134.18</ele>
      </trkpt>
      <trkpt lat="48.80070190876722" lon="2.917324500158429">
        <ele>133.32</ele>
      </trkpt>
      <trkpt lat="48.800622280687094" lon="2.916863579303026">
        <ele>132.28</ele>
      </trkpt>
      <trkpt lat="48.800542652606964" lon="2.9164026584476233">
        <ele>131.23</ele>
      </trkpt>
      <trkpt lat="48.80047995597124" lon="2.9160399734973907">
        <ele>130.1</ele>
      </trkpt>
      <trkpt lat="48.80032405257225" lon="2.91562607511878">
        <ele>128.89</ele>
      </trkpt>
      <trkpt lat="48.800189942121506" lon="2.9152699280530214">
        <ele>127.51</ele>
      </trkpt>
      <trkpt lat="48.80000998266041" lon="2.914909925311804">
        <ele>126.07</ele>
      </trkpt>
      <trkpt lat="48.79995994269848" lon="2.9148699436336756">
        <ele>124.69</ele>
      </trkpt>
      <trkpt lat="48.79977285861969" lon="2.9144868906587362">
        <ele>123.2</ele>
      </trkpt>
      <trkpt lat="48.79974997602403" lon="2.9144399520009756">
        <ele>121.74</ele>
      </trkpt>
      <trkpt lat="48.79967998713255" lon="2.9142399597913027">
        <ele>120.23</ele>
      </trkpt>
      <trkpt lat="48.79966992884874" lon="2.914099982008338">
        <ele>118.66</ele>
      </trkpt>
      <trkpt lat="48.79971996881068" lon="2.913899989798665">
        <ele>117.03</ele>
      </trkpt>
      <trkpt lat="48.79972726106644" lon="2.9134236462414265">
        <ele>115.28</ele>
      </trkpt>
      <trkpt lat="48.79972994327545" lon="2.913249973207712">
        <ele>113.59</ele>
      </trkpt>
      <trkpt lat="48.79979783669114" lon="2.9127847775816917">
        <ele>111.76</ele>
      </trkpt>
      <trkpt lat="48.7998656462878" lon="2.9123194981366396">
        <ele>109.88</ele>
      </trkpt>
      <trkpt lat="48.799869921058416" lon="2.9122899938374758">
        <ele>108.15</ele>
      </trkpt>
      <trkpt lat="48.799869921058416" lon="2.9120399616658688">
        <ele>106.37</ele>
      </trkpt>
      <trkpt lat="48.799839997664094" lon="2.91184994392097">
        <ele>104.6</ele>
      </trkpt>
      <trkpt lat="48.79972994327545" lon="2.9115799628198147">
        <ele>102.83</ele>
      </trkpt>
      <trkpt lat="48.79957999102771" lon="2.9113299306482077">
        <ele>101.06</ele>
      </trkpt>
      <trkpt lat="48.79953992553055" lon="2.911219960078597">
        <ele>99.29</ele>
      </trkpt>
      <trkpt lat="48.799479994922876" lon="2.9108399245887995">
        <ele>97.4</ele>
      </trkpt>
      <trkpt lat="48.799462309107184" lon="2.9103642515838146">
        <ele>95.51</ele>
      </trkpt>
      <trkpt lat="48.799459962174296" lon="2.910299962386489">
        <ele>93.77</ele>
      </trkpt>
      <trkpt lat="48.79946993663907" lon="2.9099999740719795">
        <ele>92.06</ele>
      </trkpt>
      <trkpt lat="48.799519976601005" lon="2.9097999818623066">
        <ele>90.34</ele>
      </trkpt>
      <trkpt lat="48.79971703514457" lon="2.909428495913744">
        <ele>88.71</ele>
      </trkpt>
      <trkpt lat="48.799779983237386" lon="2.9093099758028984">
        <ele>87.06</ele>
      </trkpt>
      <trkpt lat="48.79989992827177" lon="2.909179972484708">
        <ele>85.45</ele>
      </trkpt>
      <trkpt lat="48.799949968233705" lon="2.9090799763798714">
        <ele>83.86</ele>
      </trkpt>
      <trkpt lat="48.79985340870917" lon="2.908626515418291">
        <ele>82.08</ele>
      </trkpt>
      <trkpt lat="48.79975684918463" lon="2.908173054456711">
        <ele>80.29</ele>
      </trkpt>
      <trkpt lat="48.799660289660096" lon="2.9077195934951305">
        <ele>78.79</ele>
      </trkpt>
      <trkpt lat="48.79961997270584" lon="2.9075299948453903">
        <ele>77.47</ele>
      </trkpt>
      <trkpt lat="48.79953196272254" lon="2.9070725105702877">
        <ele>76.17</ele>
      </trkpt>
      <trkpt lat="48.799519976601005" lon="2.907009981572628">
        <ele>75.09</ele>
      </trkpt>
      <trkpt lat="48.79965995438397" lon="2.9068499710410833">
        <ele>74.07</ele>
      </trkpt>
      <trkpt lat="48.79971996881068" lon="2.906729942187667">
        <ele>73.2</ele>
      </trkpt>
      <trkpt lat="48.79984754137695" lon="2.9062944184988737">
        <ele>72.44</ele>
      </trkpt>
      <trkpt lat="48.79997511394322" lon="2.9058588948100805">
        <ele>71.81</ele>
      </trkpt>
      <trkpt lat="48.80010268650949" lon="2.9054233711212873">
        <ele>71.31</ele>
      </trkpt>
      <trkpt lat="48.80023025907576" lon="2.904987847432494">
        <ele>70.88</ele>
      </trkpt>
      <trkpt lat="48.80035783164203" lon="2.904552323743701">
        <ele>70.62</ele>
      </trkpt>
      <trkpt lat="48.8004854042083" lon="2.904116800054908">
        <ele>70.45</ele>
      </trkpt>
      <trkpt lat="48.80058992654085" lon="2.9037599824368954">
        <ele>70.36</ele>
      </trkpt>
      <trkpt lat="48.80070995539427" lon="2.903499975800514">
        <ele>70.4</ele>
      </trkpt>
      <trkpt lat="48.80085999146104" lon="2.9033499397337437">
        <ele>70.55</ele>
      </trkpt>
      <trkpt lat="48.80077994428575" lon="2.9031399730592966">
        <ele>70.84</ele>
      </trkpt>
      <trkpt lat="48.80076535977423" lon="2.9031264781951904">
        <ele>71.22</ele>
      </trkpt>
      <trkpt lat="48.80072236061096" lon="2.903008460998535">
        <ele>71.69</ele>
      </trkpt>
      <trkpt lat="48.80044341087341" lon="2.902461290359497">
        <ele>72.28</ele>
      </trkpt>
      <trkpt lat="48.80003579892218" lon="2.901710271835327">
        <ele>72.96</ele>
      </trkpt>
      <trkpt lat="48.79984267987311" lon="2.901334762573242">
        <ele>73.74</ele>
      </trkpt>
      <trkpt lat="48.79956364631653" lon="2.9007017612457275">
        <ele>74.69</ele>
      </trkpt>
      <trkpt lat="48.79949927330017" lon="2.900487184524536">
        <ele>75.45</ele>
      </trkpt>
      <trkpt lat="48.79919425584376" lon="2.8992777597159147">
        <ele>76.3</ele>
      </trkpt>
      <trkpt lat="48.799189142882824" lon="2.899257391691208">
        <ele>77.04</ele>
      </trkpt>
      <trkpt lat="48.79918939433992" lon="2.8992581460624933">
        <ele>77.77</ele>
      </trkpt>
      <trkpt lat="48.79918931052089" lon="2.8992575593292713">
        <ele>78.48</ele>
      </trkpt>
      <trkpt lat="48.79918939433992" lon="2.899257894605398">
        <ele>79.16</ele>
      </trkpt>
      <trkpt lat="48.79918796941638" lon="2.8992522787302732">
        <ele>79.82</ele>
      </trkpt>
      <trkpt lat="48.79918252117932" lon="2.8992304857820272">
        <ele>80.45</ele>
      </trkpt>
      <trkpt lat="48.799182856455445" lon="2.8992315754294395">
        <ele>81.02</ele>
      </trkpt>
      <trkpt lat="48.799183275550604" lon="2.899233251810074">
        <ele>81.55</ele>
      </trkpt>
      <trkpt lat="48.799183275550604" lon="2.8992330841720104">
        <ele>82.03</ele>
      </trkpt>
      <trkpt lat="48.79918319173157" lon="2.89923258125782">
        <ele>82.46</ele>
      </trkpt>
      <trkpt lat="48.79918201826513" lon="2.8992278035730124">
        <ele>82.84</ele>
      </trkpt>
      <trkpt lat="48.79918243736029" lon="2.8992292284965515">
        <ele>83.16</ele>
      </trkpt>
      <trkpt lat="48.799134492874146" lon="2.899038791656494">
        <ele>83.49</ele>
      </trkpt>
      <trkpt lat="48.79927396774292" lon="2.8990066051483154">
        <ele>83.61</ele>
      </trkpt>
      <trkpt lat="48.79956373013556" lon="2.8990066051483154">
        <ele>83.56</ele>
      </trkpt>
      <trkpt lat="48.80043268203735" lon="2.8991997241973877">
        <ele>83.43</ele>
      </trkpt>
      <trkpt lat="48.80072236061096" lon="2.8993821144104004">
        <ele>83.55</ele>
      </trkpt>
      <trkpt lat="48.80082973279059" lon="2.8994035720825195">
        <ele>83.59</ele>
      </trkpt>
      <trkpt lat="48.801172971725464" lon="2.8994357585906982">
        <ele>83.71</ele>
      </trkpt>
      <trkpt lat="48.802138566970825" lon="2.899467945098877">
        <ele>83.97</ele>
      </trkpt>
      <trkpt lat="48.80296468734741" lon="2.8996503353118896">
        <ele>84.06</ele>
      </trkpt>
      <trkpt lat="48.80373724736273" lon="2.899693250656128">
        <ele>83.82</ele>
      </trkpt>
      <trkpt lat="48.8037371635437" lon="2.899693250656128">
        <ele>83.58</ele>
      </trkpt>
      <trkpt lat="48.80409121513367" lon="2.8996825218200684">
        <ele>83.19</ele>
      </trkpt>
      <trkpt lat="48.80448818206787" lon="2.8996074199676514">
        <ele>82.72</ele>
      </trkpt>
      <trkpt lat="48.80518555641174" lon="2.8995752334594727">
        <ele>82.33</ele>
      </trkpt>
      <trkpt lat="48.80708456039429" lon="2.899092435836792">
        <ele>81.78</ele>
      </trkpt>
      <trkpt lat="48.80809307098389" lon="2.8988993167877197">
        <ele>81.28</ele>
      </trkpt>
      <trkpt lat="48.80856513977051" lon="2.8987598419189453">
        <ele>80.89</ele>
      </trkpt>
      <trkpt lat="48.809401988983154" lon="2.898373603820801">
        <ele>80.46</ele>
      </trkpt>
      <trkpt lat="48.80995988845825" lon="2.8985238075256348">
        <ele>79.8</ele>
      </trkpt>
      <trkpt lat="48.810667991638184" lon="2.8983521461486816">
        <ele>79.32</ele>
      </trkpt>
      <trkpt lat="48.811140060424805" lon="2.898362874984741">
        <ele>78.89</ele>
      </trkpt>
      <trkpt lat="48.81133317947388" lon="2.8983306884765625">
        <ele>78.54</ele>
      </trkpt>
      <trkpt lat="48.81148338317871" lon="2.898362874984741">
        <ele>78.21</ele>
      </trkpt>
      <trkpt lat="48.81181606091559" lon="2.8985559940338135">
        <ele>77.89</ele>
      </trkpt>
      <trkpt lat="48.81206274032593" lon="2.898695468902588">
        <ele>77.63</ele>
      </trkpt>
      <trkpt lat="48.81228804588318" lon="2.898695468902588">
        <ele>77.45</ele>
      </trkpt>
      <trkpt lat="48.81273874081671" lon="2.898545265197754">
        <ele>77.61</ele>
      </trkpt>
      <trkpt lat="48.81283521652222" lon="2.8985559940338135">
        <ele>77.53</ele>
      </trkpt>
      <trkpt lat="48.81293177604675" lon="2.8985989093780518">
        <ele>77.45</ele>
      </trkpt>
      <trkpt lat="48.81318926811218" lon="2.898770570755005">
        <ele>77.44</ele>
      </trkpt>
      <trkpt lat="48.813854455947876" lon="2.8993499279022217">
        <ele>77.06</ele>
      </trkpt>
      <trkpt lat="48.8142192363739" lon="2.8995537757873535">
        <ele>77.11</ele>
      </trkpt>
      <trkpt lat="48.81499171257019" lon="2.899940013885498">
        <ele>77.24</ele>
      </trkpt>
      <trkpt lat="48.81529211997986" lon="2.90014386177063">
        <ele>77.33</ele>
      </trkpt>
      <trkpt lat="48.815592527389526" lon="2.9004013538360596">
        <ele>77.4</ele>
      </trkpt>
      <trkpt lat="48.81627925671637" lon="2.9013776779174805">
        <ele>77.34</ele>
      </trkpt>
      <trkpt lat="48.8167941570282" lon="2.9021501541137695">
        <ele>77.26</ele>
      </trkpt>
      <trkpt lat="48.817116022109985" lon="2.902482748031616">
        <ele>77.32</ele>
      </trkpt>
      <trkpt lat="48.81779193878174" lon="2.9031264781951904">
        <ele>77.53</ele>
      </trkpt>
      <trkpt lat="48.818092346191406" lon="2.903341054916382">
        <ele>77.83</ele>
      </trkpt>
      <trkpt lat="48.81851077079773" lon="2.903491258621216">
        <ele>78.22</ele>
      </trkpt>
      <trkpt lat="48.819347620010376" lon="2.9036951065063477">
        <ele>78.4</ele>
      </trkpt>
      <trkpt lat="48.81979823112488" lon="2.9037487506866455">
        <ele>78.77</ele>
      </trkpt>
      <trkpt lat="48.820109367370605" lon="2.9037487506866455">
        <ele>79.15</ele>
      </trkpt>
      <trkpt lat="48.82056006230414" lon="2.903791666030884">
        <ele>79.48</ele>
      </trkpt>
      <trkpt lat="48.82076391018927" lon="2.903813123703003">
        <ele>79.93</ele>
      </trkpt>
      <trkpt lat="48.82097840309143" lon="2.9026544094085693">
        <ele>80.93</ele>
      </trkpt>
      <trkpt lat="48.8212788105011" lon="2.9011952877044678">
        <ele>81.97</ele>
      </trkpt>
      <trkpt lat="48.82135399617255" lon="2.900916337966919">
        <ele>82.71</ele>
      </trkpt>
      <trkpt lat="48.821611404418945" lon="2.899864912033081">
        <ele>83.55</ele>
      </trkpt>
      <trkpt lat="48.821836709976196" lon="2.8999078273773193">
        <ele>84.21</ele>
      </trkpt>
      <trkpt lat="48.821879625320435" lon="2.899961471557617">
        <ele>84.87</ele>
      </trkpt>
      <trkpt lat="48.82191181182861" lon="2.9002296924591064">
        <ele>85.43</ele>
      </trkpt>
      <trkpt lat="48.82194399833679" lon="2.900315523147583">
        <ele>86.09</ele>
      </trkpt>
      <trkpt lat="48.822695100679994" lon="2.9001760482788086">
        <ele>86.89</ele>
      </trkpt>
      <trkpt lat="48.82269501686096" lon="2.9001760482788086">
        <ele>87.58</ele>
      </trkpt>
      <trkpt lat="48.82277011871338" lon="2.9001545906066895">
        <ele>88.3</ele>
      </trkpt>
      <trkpt lat="48.82290959358215" lon="2.900261878967285">
        <ele>88.95</ele>
      </trkpt>
      <trkpt lat="48.82304906845093" lon="2.9004228115081787">
        <ele>89.57</ele>
      </trkpt>
      <trkpt lat="48.82321000099182" lon="2.900444269180298">
        <ele>90.3</ele>
      </trkpt>
      <trkpt lat="48.82346749305725" lon="2.9003798961639404">
        <ele>91.14</ele>
      </trkpt>
      <trkpt lat="48.82355332374573" lon="2.900444269180298">
        <ele>91.82</ele>
      </trkpt>
      <trkpt lat="48.823617696762085" lon="2.9006266593933105">
        <ele>92.41</ele>
      </trkpt>
      <trkpt lat="48.82374652661383" lon="2.9010772705078125">
        <ele>92.81</ele>
      </trkpt>
      <trkpt lat="48.82382154464722" lon="2.901120185852051">
        <ele>93.5</ele>
      </trkpt>
      <trkpt lat="48.824347257614136" lon="2.900969982147217">
        <ele>94.36</ele>
      </trkpt>
      <trkpt lat="48.82479786872864" lon="2.9010558128356934">
        <ele>95.12</ele>
      </trkpt>
      <trkpt lat="48.82505536079407" lon="2.900969982147217">
        <ele>95.91</ele>
      </trkpt>
      <trkpt lat="48.82492661476135" lon="2.899918556213379">
        <ele>97.22</ele>
      </trkpt>
      <trkpt lat="48.82492661476135" lon="2.899746894836426">
        <ele>98.02</ele>
      </trkpt>
      <trkpt lat="48.824957963079214" lon="2.8995726350694895">
        <ele>98.81</ele>
      </trkpt>
      <trkpt lat="48.82496232166886" lon="2.899548914283514">
        <ele>99.51</ele>
      </trkpt>
      <trkpt lat="48.82496265694499" lon="2.899547154083848">
        <ele>100.17</ele>
      </trkpt>
      <trkpt lat="48.824963327497244" lon="2.899543968960643">
        <ele>100.81</ele>
      </trkpt>
      <trkpt lat="48.8249637465924" lon="2.899541789665818">
        <ele>101.42</ele>
      </trkpt>
      <trkpt lat="48.824964836239815" lon="2.8995360899716616">
        <ele>102.01</ele>
      </trkpt>
      <trkpt lat="48.82496944628656" lon="2.899510944262147">
        <ele>102.57</ele>
      </trkpt>
      <trkpt lat="48.82496953010559" lon="2.8995108604431152">
        <ele>103.1</ele>
      </trkpt>
      <trkpt lat="48.824969278648496" lon="2.8995093517005444">
        <ele>103.6</ele>
      </trkpt>
      <trkpt lat="48.82496911101043" lon="2.899508010596037">
        <ele>104.08</ele>
      </trkpt>
      <trkpt lat="48.82496911101043" lon="2.8995077591389418">
        <ele>104.53</ele>
      </trkpt>
      <trkpt lat="48.82496911101043" lon="2.8995072562247515">
        <ele>104.96</ele>
      </trkpt>
      <trkpt lat="48.82496911101043" lon="2.8995071724057198">
        <ele>105.37</ele>
      </trkpt>
      <trkpt lat="48.824968272820115" lon="2.899499125778675">
        <ele>105.76</ele>
      </trkpt>
      <trkpt lat="48.82496810518205" lon="2.899497365579009">
        <ele>106.13</ele>
      </trkpt>
      <trkpt lat="48.82496818900108" lon="2.899497365579009">
        <ele>106.48</ele>
      </trkpt>
      <trkpt lat="48.82495880126953" lon="2.8994035720825195">
        <ele>106.85</ele>
      </trkpt>
      <trkpt lat="48.824883699417114" lon="2.899113893508911">
        <ele>107.28</ele>
      </trkpt>
      <trkpt lat="48.824647665023804" lon="2.898620367050171">
        <ele>107.66</ele>
      </trkpt>
      <trkpt lat="48.824615478515625" lon="2.898470163345337">
        <ele>107.91</ele>
      </trkpt>
      <trkpt lat="48.8246048334986" lon="2.898223400115967">
        <ele>108.15</ele>
      </trkpt>
      <trkpt lat="48.82472125813365" lon="2.8981059696525335">
        <ele>108.4</ele>
      </trkpt>
      <trkpt lat="48.82473500445485" lon="2.898092223331332">
        <ele>108.65</ele>
      </trkpt>
      <trkpt lat="48.82473626174033" lon="2.898091049864888">
        <ele>108.89</ele>
      </trkpt>
      <trkpt lat="48.82473835721612" lon="2.898089038208127">
        <ele>109.12</ele>
      </trkpt>
      <trkpt lat="48.82473986595869" lon="2.898087613284588">
        <ele>109.35</ele>
      </trkpt>
      <trkpt lat="48.82474313490093" lon="2.8980844281613827">
        <ele>109.57</ele>
      </trkpt>
      <trkpt lat="48.82475788705051" lon="2.8980697598308325">
        <ele>109.79</ele>
      </trkpt>
      <trkpt lat="48.82475906051695" lon="2.89806867018342">
        <ele>109.99</ele>
      </trkpt>
      <trkpt lat="48.82475973106921" lon="2.898068083450198">
        <ele>110.19</ele>
      </trkpt>
      <trkpt lat="48.82475989870727" lon="2.8980679996311665">
        <ele>110.37</ele>
      </trkpt>
      <trkpt lat="48.8247602339834" lon="2.8980677481740713">
        <ele>110.55</ele>
      </trkpt>
      <trkpt lat="48.8247602339834" lon="2.898067831993103">
        <ele>110.71</ele>
      </trkpt>
      <trkpt lat="48.82476476021111" lon="2.898063389584422">
        <ele>110.87</ele>
      </trkpt>
      <trkpt lat="48.82476576603949" lon="2.8980624675750732">
        <ele>111.0</ele>
      </trkpt>
      <trkpt lat="48.82476568222046" lon="2.8980624675750732">
        <ele>111.12</ele>
      </trkpt>
      <trkpt lat="48.82476576603949" lon="2.8980624675750732">
        <ele>111.0</ele>
      </trkpt>
      <trkpt lat="48.825098276138306" lon="2.8976762294769287">
        <ele>111.47</ele>
      </trkpt>
      <trkpt lat="48.82528066635132" lon="2.8975045680999756">
        <ele>111.61</ele>
      </trkpt>
      <trkpt lat="48.82554888725281" lon="2.8973007202148438">
        <ele>111.67</ele>
      </trkpt>
      <trkpt lat="48.825881481170654" lon="2.8970754146575928">
        <ele>111.66</ele>
      </trkpt>
      <trkpt lat="48.826149702072144" lon="2.897021770477295">
        <ele>111.48</ele>
      </trkpt>
      <trkpt lat="48.82629990577698" lon="2.8973543643951416">
        <ele>111.14</ele>
      </trkpt>
      <trkpt lat="48.826589584350586" lon="2.897794246673584">
        <ele>110.77</ele>
      </trkpt>
      <trkpt lat="48.82661959156394" lon="2.897822828963399">
        <ele>110.55</ele>
      </trkpt>
      <trkpt lat="48.82663358934224" lon="2.8978361561894417">
        <ele>110.29</ele>
      </trkpt>
      <trkpt lat="48.82663484662771" lon="2.8978374134749174">
        <ele>110.0</ele>
      </trkpt>
      <trkpt lat="48.82663702592254" lon="2.8978395089507103">
        <ele>109.65</ele>
      </trkpt>
      <trkpt lat="48.82663861848414" lon="2.897841017693281">
        <ele>109.26</ele>
      </trkpt>
      <trkpt lat="48.826641887426376" lon="2.8978442028164864">
        <ele>108.81</ele>
      </trkpt>
      <trkpt lat="48.82665689103305" lon="2.8978585358709097">
        <ele>108.29</ele>
      </trkpt>
      <trkpt lat="48.82665772922337" lon="2.897859374061227">
        <ele>107.71</ele>
      </trkpt>
      <trkpt lat="48.82665731012821" lon="2.8978600446134806">
        <ele>107.07</ele>
      </trkpt>
      <trkpt lat="48.82665672339499" lon="2.8978613018989563">
        <ele>106.35</ele>
      </trkpt>
      <trkpt lat="48.82665663957596" lon="2.8978615533560514">
        <ele>105.55</ele>
      </trkpt>
      <trkpt lat="48.826656471937895" lon="2.8978621400892735">
        <ele>104.67</ele>
      </trkpt>
      <trkpt lat="48.826656471937895" lon="2.897862223908305">
        <ele>103.7</ele>
      </trkpt>
      <trkpt lat="48.82665362209082" lon="2.897869097068906">
        <ele>102.65</ele>
      </trkpt>
      <trkpt lat="48.82665295153856" lon="2.8978709410876036">
        <ele>101.49</ele>
      </trkpt>
      <trkpt lat="48.82664783857763" lon="2.897883430123329">
        <ele>100.25</ele>
      </trkpt>
      <trkpt lat="48.826648592948914" lon="2.897884352132678">
        <ele>98.91</ele>
      </trkpt>
      <trkpt lat="48.826649179682136" lon="2.8978850226849318">
        <ele>97.47</ele>
      </trkpt>
      <trkpt lat="48.826649598777294" lon="2.8978854417800903">
        <ele>95.94</ele>
      </trkpt>
      <trkpt lat="48.82664976641536" lon="2.8978856094181538">
        <ele>94.32</ele>
      </trkpt>
      <trkpt lat="48.82665001787245" lon="2.897885860875249">
        <ele>92.61</ele>
      </trkpt>
      <trkpt lat="48.82665077224374" lon="2.897886782884598">
        <ele>90.83</ele>
      </trkpt>
      <trkpt lat="48.82665102370083" lon="2.8978871181607246">
        <ele>88.98</ele>
      </trkpt>
      <trkpt lat="48.8268909137696" lon="2.898098761215806">
        <ele>86.91</ele>
      </trkpt>
      <trkpt lat="48.82728109136224" lon="2.8985918685793877">
        <ele>84.8</ele>
      </trkpt>
      <trkpt lat="48.82792314514518" lon="2.8990642726421356">
        <ele>82.74</ele>
      </trkpt>
      <trkpt lat="48.82839529775083" lon="2.8994672745466232">
        <ele>80.47</ele>
      </trkpt>
      <trkpt lat="48.828593865036964" lon="2.899678749963641">
        <ele>78.24</ele>
      </trkpt>
      <trkpt lat="48.82875647395849" lon="2.8998214099556208">
        <ele>76.09</ele>
      </trkpt>
      <trkpt lat="48.828922184184194" lon="2.8999215736985207">
        <ele>74.04</ele>
      </trkpt>
      <trkpt lat="48.82909703068435" lon="2.8999618906527758">
        <ele>72.12</ele>
      </trkpt>
      <trkpt lat="48.82923214696348" lon="2.9000515770167112">
        <ele>70.33</ele>
      </trkpt>
      <trkpt lat="48.82943909615278" lon="2.9001319594681263">
        <ele>68.62</ele>
      </trkpt>
      <trkpt lat="48.82950673811138" lon="2.900222986936569">
        <ele>67.13</ele>
      </trkpt>
      <trkpt lat="48.82968527264893" lon="2.9009065311402082">
        <ele>65.55</ele>
      </trkpt>
      <trkpt lat="48.82976599037647" lon="2.9012855608016253">
        <ele>64.27</ele>
      </trkpt>
      <trkpt lat="48.82978602312505" lon="2.90133124217391">
        <ele>63.34</ele>
      </trkpt>
      <trkpt lat="48.82981033064425" lon="2.9013449046760798">
        <ele>62.63</ele>
      </trkpt>
      <trkpt lat="48.829894652590156" lon="2.9013028275221586">
        <ele>62.15</ele>
      </trkpt>
      <trkpt lat="48.82998090237379" lon="2.901141056790948">
        <ele>61.97</ele>
      </trkpt>
      <trkpt lat="48.83000822737813" lon="2.9009895119816065">
        <ele>61.97</ele>
      </trkpt>
      <trkpt lat="48.82998920045793" lon="2.900744341313839">
        <ele>62.17</ele>
      </trkpt>
      <trkpt lat="48.83000831119716" lon="2.900680974125862">
        <ele>62.51</ele>
      </trkpt>
      <trkpt lat="48.83010093122721" lon="2.9006404895335436">
        <ele>63.06</ele>
      </trkpt>
      <trkpt lat="48.83020905777812" lon="2.900647446513176">
        <ele>63.82</ele>
      </trkpt>
      <trkpt lat="48.830294804647565" lon="2.9006841592490673">
        <ele>64.74</ele>
      </trkpt>
      <trkpt lat="48.83051281794906" lon="2.900831513106823">
        <ele>65.85</ele>
      </trkpt>
      <trkpt lat="48.830735022202134" lon="2.9008734226226807">
        <ele>67.15</ele>
      </trkpt>
      <trkpt lat="48.83088673464954" lon="2.900872165337205">
        <ele>68.58</ele>
      </trkpt>
      <trkpt lat="48.831016067415476" lon="2.900841571390629">
        <ele>70.11</ele>
      </trkpt>
      <trkpt lat="48.83111732080579" lon="2.900779712945223">
        <ele>71.75</ele>
      </trkpt>
      <trkpt lat="48.831151435151696" lon="2.9007391445338726">
        <ele>73.45</ele>
      </trkpt>
      <trkpt lat="48.83118303492665" lon="2.900647446513176">
        <ele>75.25</ele>
      </trkpt>
      <trkpt lat="48.831216813996434" lon="2.9003504756838083">
        <ele>77.16</ele>
      </trkpt>
      <trkpt lat="48.83114766329527" lon="2.8998271096497774">
        <ele>79.1</ele>
      </trkpt>
      <trkpt lat="48.83114397525787" lon="2.899638768285513">
        <ele>81.0</ele>
      </trkpt>
      <trkpt lat="48.831164091825485" lon="2.899401728063822">
        <ele>82.98</ele>
      </trkpt>
      <trkpt lat="48.83124455809593" lon="2.8990292362868786">
        <ele>85.05</ele>
      </trkpt>
      <trkpt lat="48.83131144568324" lon="2.89882848970592">
        <ele>87.01</ele>
      </trkpt>
      <trkpt lat="48.83145276457071" lon="2.8985575027763844">
        <ele>88.91</ele>
      </trkpt>
      <trkpt lat="48.83158536627889" lon="2.8983842488378286">
        <ele>90.72</ele>
      </trkpt>
      <trkpt lat="48.831947799772024" lon="2.8980838414281607">
        <ele>92.51</ele>
      </trkpt>
      <trkpt lat="48.832303108647466" lon="2.897752085700631">
        <ele>94.28</ele>
      </trkpt>
      <trkpt lat="48.83278900757432" lon="2.8973414562642574">
        <ele>95.95</ele>
      </trkpt>
      <trkpt lat="48.83316962979734" lon="2.8969182539731264">
        <ele>97.5</ele>
      </trkpt>
      <trkpt lat="48.83333106525242" lon="2.896822113543749">
        <ele>98.89</ele>
      </trkpt>
      <trkpt lat="48.833958618342876" lon="2.8965427447110415">
        <ele>100.24</ele>
      </trkpt>
      <trkpt lat="48.83444007486105" lon="2.8962637949734926">
        <ele>101.54</ele>
      </trkpt>
      <trkpt lat="48.83471994660795" lon="2.8960437700152397">
        <ele>102.69</ele>
      </trkpt>
      <trkpt lat="48.835121523588896" lon="2.8956198133528233">
        <ele>103.81</ele>
      </trkpt>
      <trkpt lat="48.835156727582216" lon="2.8956089168787003">
        <ele>104.68</ele>
      </trkpt>
      <trkpt lat="48.8352972920984" lon="2.8956209030002356">
        <ele>105.43</ele>
      </trkpt>
      <trkpt lat="48.83569945581257" lon="2.8957043029367924">
        <ele>106.02</ele>
      </trkpt>
      <trkpt lat="48.83623204194009" lon="2.8958626370877028">
        <ele>106.6</ele>
      </trkpt>
      <trkpt lat="48.8367775361985" lon="2.895971853286028">
        <ele>107.08</ele>
      </trkpt>
      <trkpt lat="48.837078446522355" lon="2.8959964122623205">
        <ele>107.44</ele>
      </trkpt>
      <trkpt lat="48.83754129521549" lon="2.895999262109399">
        <ele>107.72</ele>
      </trkpt>
      <trkpt lat="48.8378550298512" lon="2.896042848005891">
        <ele>107.83</ele>
      </trkpt>
      <trkpt lat="48.838275633752346" lon="2.8962111566215754">
        <ele>107.98</ele>
      </trkpt>
      <trkpt lat="48.83877234533429" lon="2.896532518789172">
        <ele>108.07</ele>
      </trkpt>
      <trkpt lat="48.83900100365281" lon="2.896644836291671">
        <ele>108.1</ele>
      </trkpt>
      <trkpt lat="48.83937031030655" lon="2.896697139367461">
        <ele>108.07</ele>
      </trkpt>
      <trkpt lat="48.83958329446614" lon="2.896665371954441">
        <ele>108.01</ele>
      </trkpt>
      <trkpt lat="48.84013054892421" lon="2.8965202812105417">
        <ele>107.95</ele>
      </trkpt>
      <trkpt lat="48.840259378775954" lon="2.896514581516385">
        <ele>107.92</ele>
      </trkpt>
      <trkpt lat="48.840382508933544" lon="2.896546684205532">
        <ele>107.9</ele>
      </trkpt>
      <trkpt lat="48.840681156143546" lon="2.8967223688960075">
        <ele>107.88</ele>
      </trkpt>
      <trkpt lat="48.840870168060064" lon="2.8967889212071896">
        <ele>107.93</ele>
      </trkpt>
      <trkpt lat="48.84115272201598" lon="2.8968310821801424">
        <ele>108.03</ele>
      </trkpt>
      <trkpt lat="48.84134232066572" lon="2.8968322556465864">
        <ele>108.13</ele>
      </trkpt>
      <trkpt lat="48.84141490794718" lon="2.896846756339073">
        <ele>108.25</ele>
      </trkpt>
      <trkpt lat="48.84142748080194" lon="2.8969085309654474">
        <ele>108.4</ele>
      </trkpt>
      <trkpt lat="48.841414572671056" lon="2.8971790987998247">
        <ele>108.68</ele>
      </trkpt>
      <trkpt lat="48.841348523274064" lon="2.897500041872263">
        <ele>108.97</ele>
      </trkpt>
      <trkpt lat="48.84125514887273" lon="2.898553479462862">
        <ele>109.24</ele>
      </trkpt>
      <trkpt lat="48.841264955699444" lon="2.898931000381708">
        <ele>109.57</ele>
      </trkpt>
      <trkpt lat="48.841315833851695" lon="2.899015909060836">
        <ele>109.95</ele>
      </trkpt>
      <trkpt lat="48.841421362012625" lon="2.8990954533219337">
        <ele>110.39</ele>
      </trkpt>
      <trkpt lat="48.84144994430244" lon="2.899151863530278">
        <ele>110.86</ele>
      </trkpt>
      <trkpt lat="48.84145338088274" lon="2.8992409631609917">
        <ele>111.37</ele>
      </trkpt>
      <trkpt lat="48.84142312221229" lon="2.8993788454681635">
        <ele>111.93</ele>
      </trkpt>
      <trkpt lat="48.84142613969743" lon="2.8994896542280912">
        <ele>112.56</ele>
      </trkpt>
      <trkpt lat="48.84130988270044" lon="2.9002944007515907">
        <ele>113.19</ele>
      </trkpt>
      <trkpt lat="48.84129202924669" lon="2.9006435070186853">
        <ele>113.92</ele>
      </trkpt>
      <trkpt lat="48.841317342594266" lon="2.900826735422015">
        <ele>114.68</ele>
      </trkpt>
      <trkpt lat="48.84174255654216" lon="2.9009963013231754">
        <ele>115.6</ele>
      </trkpt>
      <trkpt lat="48.84212820790708" lon="2.9010233748704195">
        <ele>116.56</ele>
      </trkpt>
      <trkpt lat="48.84233725257218" lon="2.9009261447936296">
        <ele>117.53</ele>
      </trkpt>
      <trkpt lat="48.84259390644729" lon="2.900750460103154">
        <ele>118.59</ele>
      </trkpt>
      <trkpt lat="48.84271686896682" lon="2.9007046949118376">
        <ele>119.61</ele>
      </trkpt>
      <trkpt lat="48.842782247811556" lon="2.9006337840110064">
        <ele>120.59</ele>
      </trkpt>
      <trkpt lat="48.84293840266764" lon="2.900547031313181">
        <ele>121.6</ele>
      </trkpt>
      <trkpt lat="48.84298726916313" lon="2.900492213666439">
        <ele>122.55</ele>
      </trkpt>
      <trkpt lat="48.84308927692473" lon="2.9004576802253723">
        <ele>123.52</ele>
      </trkpt>
      <trkpt lat="48.84316077455878" lon="2.9003975819796324">
        <ele>124.44</ele>
      </trkpt>
      <trkpt lat="48.84330469183624" lon="2.9003265034407377">
        <ele>125.39</ele>
      </trkpt>
      <trkpt lat="48.843358838930726" lon="2.9003251623362303">
        <ele>126.25</ele>
      </trkpt>
      <trkpt lat="48.843623623251915" lon="2.900165319442749">
        <ele>127.15</ele>
      </trkpt>
      <trkpt lat="48.84369947947562" lon="2.900135312229395">
        <ele>127.92</ele>
      </trkpt>
      <trkpt lat="48.84374222718179" lon="2.9000895470380783">
        <ele>128.6</ele>
      </trkpt>
      <trkpt lat="48.8438524492085" lon="2.9000541754066944">
        <ele>129.21</ele>
      </trkpt>
      <trkpt lat="48.84393819607794" lon="2.899996507912874">
        <ele>129.72</ele>
      </trkpt>
      <trkpt lat="48.8440147228539" lon="2.8999673388898373">
        <ele>130.14</ele>
      </trkpt>
      <trkpt lat="48.84408110752702" lon="2.9000116791576147">
        <ele>130.45</ele>
      </trkpt>
      <trkpt lat="48.844098625704646" lon="2.9000759683549404">
        <ele>130.65</ele>
      </trkpt>
      <trkpt lat="48.843914391472936" lon="2.900334130972624">
        <ele>130.69</ele>
      </trkpt>
      <trkpt lat="48.843874325975776" lon="2.900347877293825">
        <ele>130.65</ele>
      </trkpt>
      <trkpt lat="48.843729570508" lon="2.9002995137125254">
        <ele>130.45</ele>
      </trkpt>
      <trkpt lat="48.843681793659925" lon="2.9003009386360645">
        <ele>130.18</ele>
      </trkpt>
      <trkpt lat="48.843646086752415" lon="2.9003162775188684">
        <ele>129.8</ele>
      </trkpt>
      <trkpt lat="48.84357886388898" lon="2.9003828298300505">
        <ele>129.32</ele>
      </trkpt>
      <trkpt lat="48.84351474232972" lon="2.900489028543234">
        <ele>128.72</ele>
      </trkpt>
      <trkpt lat="48.84346503764391" lon="2.900649458169937">
        <ele>128.02</ele>
      </trkpt>
      <trkpt lat="48.843394881114364" lon="2.900759931653738">
        <ele>127.2</ele>
      </trkpt>
      <trkpt lat="48.84320620447397" lon="2.900940226390958">
        <ele>126.18</ele>
      </trkpt>
      <trkpt lat="48.843092629686" lon="2.9011350218206644">
        <ele>125.1</ele>
      </trkpt>
      <trkpt lat="48.84296773932874" lon="2.90148563683033">
        <ele>123.9</ele>
      </trkpt>
      <trkpt lat="48.84286078624427" lon="2.901702392846346">
        <ele>122.63</ele>
      </trkpt>
      <trkpt lat="48.84276540018618" lon="2.9017587192356586">
        <ele>121.3</ele>
      </trkpt>
      <trkpt lat="48.84261737577617" lon="2.9019269440323114">
        <ele>119.83</ele>
      </trkpt>
      <trkpt lat="48.84256448596716" lon="2.9019384272396564">
        <ele>118.33</ele>
      </trkpt>
      <trkpt lat="48.8425088301301" lon="2.9019186459481716">
        <ele>116.76</ele>
      </trkpt>
      <trkpt lat="48.84233398362994" lon="2.901793085038662">
        <ele>115.14</ele>
      </trkpt>
      <trkpt lat="48.84225561283529" lon="2.901771627366543">
        <ele>113.37</ele>
      </trkpt>
      <trkpt lat="48.84208261035383" lon="2.901804819703102">
        <ele>111.43</ele>
      </trkpt>
      <trkpt lat="48.841989655047655" lon="2.901899116113782">
        <ele>109.51</ele>
      </trkpt>
      <trkpt lat="48.84197423234582" lon="2.9019316378980875">
        <ele>107.6</ele>
      </trkpt>
      <trkpt lat="48.84196752682328" lon="2.9020564444363117">
        <ele>105.61</ele>
      </trkpt>
      <trkpt lat="48.84187750518322" lon="2.902232799679041">
        <ele>103.47</ele>
      </trkpt>
      <trkpt lat="48.84194648824632" lon="2.9023878648877144">
        <ele>101.46</ele>
      </trkpt>
      <trkpt lat="48.84197951294482" lon="2.902625072747469">
        <ele>99.38</ele>
      </trkpt>
      <trkpt lat="48.84196735918522" lon="2.9027077183127403">
        <ele>97.31</ele>
      </trkpt>
      <trkpt lat="48.84192067198455" lon="2.9028381407260895">
        <ele>95.21</ele>
      </trkpt>
      <trkpt lat="48.84187272749841" lon="2.9029099736362696">
        <ele>93.16</ele>
      </trkpt>
      <trkpt lat="48.84186862036586" lon="2.9029788728803396">
        <ele>91.15</ele>
      </trkpt>
      <trkpt lat="48.841796200722456" lon="2.9031220357865095">
        <ele>89.09</ele>
      </trkpt>
      <trkpt lat="48.84172319434583" lon="2.903153048828244">
        <ele>87.11</ele>
      </trkpt>
      <trkpt lat="48.841607104986906" lon="2.903167800977826">
        <ele>85.15</ele>
      </trkpt>
      <trkpt lat="48.84157106280327" lon="2.9031900968402624">
        <ele>83.33</ele>
      </trkpt>
      <trkpt lat="48.84150174446404" lon="2.9032910987734795">
        <ele>81.5</ele>
      </trkpt>
      <trkpt lat="48.841369142755866" lon="2.9037834517657757">
        <ele>79.5</ele>
      </trkpt>
      <trkpt lat="48.841279624029994" lon="2.9039378464221954">
        <ele>77.88</ele>
      </trkpt>
      <trkpt lat="48.84115221910179" lon="2.904083440080285">
        <ele>76.4</ele>
      </trkpt>
      <trkpt lat="48.841061694547534" lon="2.9042182210832834">
        <ele>75.13</ele>
      </trkpt>
      <trkpt lat="48.841032357886434" lon="2.9043027106672525">
        <ele>74.1</ele>
      </trkpt>
      <trkpt lat="48.84103604592383" lon="2.9043780639767647">
        <ele>73.26</ele>
      </trkpt>
      <trkpt lat="48.841059263795614" lon="2.9044031258672476">
        <ele>72.64</ele>
      </trkpt>
      <trkpt lat="48.841102765873075" lon="2.904402706772089">
        <ele>72.24</ele>
      </trkpt>
      <trkpt lat="48.84125355631113" lon="2.904457524418831">
        <ele>72.06</ele>
      </trkpt>
      <trkpt lat="48.84132974781096" lon="2.904544025659561">
        <ele>72.01</ele>
      </trkpt>
      <trkpt lat="48.841475173830986" lon="2.904592640697956">
        <ele>72.22</ele>
      </trkpt>
      <trkpt lat="48.841908518224955" lon="2.9049046989530325">
        <ele>72.7</ele>
      </trkpt>
      <trkpt lat="48.84213784709573" lon="2.9050142504274845">
        <ele>73.26</ele>
      </trkpt>
      <trkpt lat="48.84220188483596" lon="2.9050763603299856">
        <ele>73.93</ele>
      </trkpt>
      <trkpt lat="48.84232719428837" lon="2.9051193594932556">
        <ele>74.8</ele>
      </trkpt>
      <trkpt lat="48.84241160005331" lon="2.905194293707609">
        <ele>75.83</ele>
      </trkpt>
      <trkpt lat="48.84303160943091" lon="2.905276855453849">
        <ele>77.45</ele>
      </trkpt>
      <trkpt lat="48.84330905042589" lon="2.905459078028798">
        <ele>78.78</ele>
      </trkpt>
      <trkpt lat="48.84336001239717" lon="2.905482966452837">
        <ele>80.18</ele>
      </trkpt>
      <trkpt lat="48.843493703752756" lon="2.9055049270391464">
        <ele>81.7</ele>
      </trkpt>
      <trkpt lat="48.843619264662266" lon="2.9054989758878946">
        <ele>83.34</ele>
      </trkpt>
      <trkpt lat="48.84383434429765" lon="2.9055205173790455">
        <ele>85.07</ele>
      </trkpt>
      <trkpt lat="48.843986643478274" lon="2.9054933600127697">
        <ele>86.87</ele>
      </trkpt>
      <trkpt lat="48.84420482441783" lon="2.905502999201417">
        <ele>88.76</ele>
      </trkpt>
      <trkpt lat="48.84428151883185" lon="2.9054901748895645">
        <ele>90.65</ele>
      </trkpt>
      <trkpt lat="48.844426022842526" lon="2.905556643381715">
        <ele>92.63</ele>
      </trkpt>
      <trkpt lat="48.8444981072098" lon="2.9055694676935673">
        <ele>94.58</ele>
      </trkpt>
      <trkpt lat="48.84458662010729" lon="2.905637277290225">
        <ele>96.53</ele>
      </trkpt>
      <trkpt lat="48.84475518018007" lon="2.905699722468853">
        <ele>98.55</ele>
      </trkpt>
      <trkpt lat="48.844811422750354" lon="2.9057603236287832">
        <ele>100.48</ele>
      </trkpt>
      <trkpt lat="48.84490295313299" lon="2.9057967849075794">
        <ele>102.44</ele>
      </trkpt>
      <trkpt lat="48.84510671719909" lon="2.9059475753456354">
        <ele>104.38</ele>
      </trkpt>
      <trkpt lat="48.84527888149023" lon="2.9060346633195877">
        <ele>106.33</ele>
      </trkpt>
      <trkpt lat="48.84540385566652" lon="2.906135832890868">
        <ele>108.25</ele>
      </trkpt>
      <trkpt lat="48.84566478431225" lon="2.906302297487855">
        <ele>110.3</ele>
      </trkpt>
      <trkpt lat="48.84587801992893" lon="2.9063525050878525">
        <ele>112.27</ele>
      </trkpt>
      <trkpt lat="48.84592738933861" lon="2.9063410218805075">
        <ele>114.12</ele>
      </trkpt>
      <trkpt lat="48.846005173400044" lon="2.9062945023179054">
        <ele>115.95</ele>
      </trkpt>
      <trkpt lat="48.84612511843443" lon="2.9062605556100607">
        <ele>117.74</ele>
      </trkpt>
      <trkpt lat="48.84618865326047" lon="2.906230380758643">
        <ele>119.45</ele>
      </trkpt>
      <trkpt lat="48.846216816455126" lon="2.9061929136514664">
        <ele>121.09</ele>
      </trkpt>
      <trkpt lat="48.846545135602355" lon="2.905958890914917">
        <ele>122.84</ele>
      </trkpt>
      <trkpt lat="48.846830036491156" lon="2.9056252911686897">
        <ele>124.55</ele>
      </trkpt>
      <trkpt lat="48.847566889598966" lon="2.904564142227173">
        <ele>126.32</ele>
      </trkpt>
      <trkpt lat="48.84770594537258" lon="2.904236577451229">
        <ele>127.69</ele>
      </trkpt>
      <trkpt lat="48.84776939637959" lon="2.9040199890732765">
        <ele>128.91</ele>
      </trkpt>
      <trkpt lat="48.84776495397091" lon="2.9039634112268686">
        <ele>130.04</ele>
      </trkpt>
      <trkpt lat="48.84774542413652" lon="2.903921417891979">
        <ele>131.07</ele>
      </trkpt>
      <trkpt lat="48.84771600365639" lon="2.9039002116769552">
        <ele>132.0</ele>
      </trkpt>
      <trkpt lat="48.84760921820998" lon="2.9038804303854704">
        <ele>132.84</ele>
      </trkpt>
      <trkpt lat="48.847476029768586" lon="2.903781607747078">
        <ele>133.55</ele>
      </trkpt>
      <trkpt lat="48.846859876066446" lon="2.903432585299015">
        <ele>134.2</ele>
      </trkpt>
      <trkpt lat="48.846796844154596" lon="2.903371397405863">
        <ele>134.77</ele>
      </trkpt>
      <trkpt lat="48.84675937704742" lon="2.902940735220909">
        <ele>135.28</ele>
      </trkpt>
      <trkpt lat="48.84670967236161" lon="2.9027127474546432">
        <ele>135.7</ele>
      </trkpt>
      <trkpt lat="48.84665569290519" lon="2.902564639225602">
        <ele>136.02</ele>
      </trkpt>
      <trkpt lat="48.8463769108057" lon="2.9019610583782196">
        <ele>136.3</ele>
      </trkpt>
      <trkpt lat="48.846205584704876" lon="2.9016551189124584">
        <ele>136.48</ele>
      </trkpt>
      <trkpt lat="48.84578229859471" lon="2.9007489513605833">
        <ele>136.59</ele>
      </trkpt>
      <trkpt lat="48.845669478178024" lon="2.9004130885004997">
        <ele>136.52</ele>
      </trkpt>
      <trkpt lat="48.84554777294397" lon="2.899831887334585">
        <ele>136.39</ele>
      </trkpt>
      <trkpt lat="48.84548692032695" lon="2.8992454893887043">
        <ele>136.33</ele>
      </trkpt>
      <trkpt lat="48.84547929279506" lon="2.898083170875907">
        <ele>136.08</ele>
      </trkpt>
      <trkpt lat="48.845506785437465" lon="2.897514123469591">
        <ele>135.89</ele>
      </trkpt>
      <trkpt lat="48.845604099333286" lon="2.8968978859484196">
        <ele>135.62</ele>
      </trkpt>
      <trkpt lat="48.845853712409735" lon="2.896093474701047">
        <ele>135.55</ele>
      </trkpt>
      <trkpt lat="48.845864022150636" lon="2.8959422651678324">
        <ele>135.31</ele>
      </trkpt>
      <trkpt lat="48.84584893472493" lon="2.8953878860920668">
        <ele>134.98</ele>
      </trkpt>
      <trkpt lat="48.84587198495865" lon="2.895239358767867">
        <ele>134.66</ele>
      </trkpt>
      <trkpt lat="48.845907440409064" lon="2.8951965272426605">
        <ele>134.35</ele>
      </trkpt>
      <trkpt lat="48.84595714509487" lon="2.8951785061508417">
        <ele>134.03</ele>
      </trkpt>
      <trkpt lat="48.84630968794227" lon="2.8951723873615265">
        <ele>133.65</ele>
      </trkpt>
      <trkpt lat="48.84637012146413" lon="2.8951573837548494">
        <ele>133.34</ele>
      </trkpt>
      <trkpt lat="48.84642804041505" lon="2.895121341571212">
        <ele>133.03</ele>
      </trkpt>
      <trkpt lat="48.84671872481704" lon="2.8948666993528605">
        <ele>132.66</ele>
      </trkpt>
      <trkpt lat="48.84681737981737" lon="2.8947804495692253">
        <ele>132.4</ele>
      </trkpt>
      <trkpt lat="48.84701049886644" lon="2.8943600971251726">
        <ele>132.11</ele>
      </trkpt>
      <trkpt lat="48.84713555686176" lon="2.893975032493472">
        <ele>131.91</ele>
      </trkpt>
      <trkpt lat="48.847419284284115" lon="2.8926166612654924">
        <ele>131.75</ele>
      </trkpt>
      <trkpt lat="48.84775271639228" lon="2.8912786580622196">
        <ele>131.77</ele>
      </trkpt>
      <trkpt lat="48.848133673891425" lon="2.8900005016475916">
        <ele>131.64</ele>
      </trkpt>
      <trkpt lat="48.84830240160227" lon="2.8895821608603">
        <ele>131.59</ele>
      </trkpt>
      <trkpt lat="48.84830600582063" lon="2.8895420115441084">
        <ele>131.49</ele>
      </trkpt>
      <trkpt lat="48.84827868081629" lon="2.8894672449678183">
        <ele>131.39</ele>
      </trkpt>
      <trkpt lat="48.84802697226405" lon="2.8891944140195847">
        <ele>131.33</ele>
      </trkpt>
      <trkpt lat="48.848024206236005" lon="2.889141859486699">
        <ele>131.24</ele>
      </trkpt>
      <trkpt lat="48.84814255870879" lon="2.888701055198908">
        <ele>131.15</ele>
      </trkpt>
      <trkpt lat="48.84828681126237" lon="2.8880396392196417">
        <ele>130.93</ele>
      </trkpt>
      <trkpt lat="48.84829209186137" lon="2.887289710342884">
        <ele>130.74</ele>
      </trkpt>
      <trkpt lat="48.848269544541836" lon="2.8867527656257153">
        <ele>130.6</ele>
      </trkpt>
      <trkpt lat="48.84822729974985" lon="2.8863020706921816">
        <ele>130.52</ele>
      </trkpt>
      <trkpt lat="48.84822034277022" lon="2.885938296094537">
        <ele>130.39</ele>
      </trkpt>
      <trkpt lat="48.848330145701766" lon="2.8848781529814005">
        <ele>130.15</ele>
      </trkpt>
      <trkpt lat="48.848513374105096" lon="2.883451385423541">
        <ele>129.89</ele>
      </trkpt>
      <trkpt lat="48.84853105992079" lon="2.882625013589859">
        <ele>129.7</ele>
      </trkpt>
      <trkpt lat="48.84858311153948" lon="2.8820141404867172">
        <ele>129.49</ele>
      </trkpt>
      <trkpt lat="48.84870070964098" lon="2.8812774550169706">
        <ele>129.23</ele>
      </trkpt>
      <trkpt lat="48.84886826388538" lon="2.880513947457075">
        <ele>128.84</ele>
      </trkpt>
      <trkpt lat="48.84895334020257" lon="2.8802127856761217">
        <ele>128.41</ele>
      </trkpt>
      <trkpt lat="48.84901159442961" lon="2.8792544826865196">
        <ele>127.79</ele>
      </trkpt>
      <trkpt lat="48.84913221001625" lon="2.878780150786042">
        <ele>127.18</ele>
      </trkpt>
      <trkpt lat="48.84935215115547" lon="2.8783083334565163">
        <ele>126.7</ele>
      </trkpt>
      <trkpt lat="48.84938391856849" lon="2.878170870244503">
        <ele>126.26</ele>
      </trkpt>
      <trkpt lat="48.849578043445945" lon="2.877651695162058">
        <ele>125.71</ele>
      </trkpt>
      <trkpt lat="48.849648870527744" lon="2.877288842573762">
        <ele>125.22</ele>
      </trkpt>
      <trkpt lat="48.84966521523893" lon="2.8772303368896246">
        <ele>124.8</ele>
      </trkpt>
      <trkpt lat="48.84969857521355" lon="2.877188427373767">
        <ele>124.39</ele>
      </trkpt>
      <trkpt lat="48.84974190965295" lon="2.8771709091961384">
        <ele>123.98</ele>
      </trkpt>
      <trkpt lat="48.84978876449168" lon="2.877182811498642">
        <ele>123.58</ele>
      </trkpt>
      <trkpt lat="48.849976770579815" lon="2.8772969730198383">
        <ele>123.24</ele>
      </trkpt>
      <trkpt lat="48.850266952067614" lon="2.877408368512988">
        <ele>122.94</ele>
      </trkpt>
      <trkpt lat="48.85091747157276" lon="2.8777204267680645">
        <ele>122.65</ele>
      </trkpt>
      <trkpt lat="48.851362466812134" lon="2.8778744861483574">
        <ele>122.12</ele>
      </trkpt>
      <trkpt lat="48.851485177874565" lon="2.8778639249503613">
        <ele>121.61</ele>
      </trkpt>
      <trkpt lat="48.851935705170035" lon="2.8777542896568775">
        <ele>120.99</ele>
      </trkpt>
      <trkpt lat="48.85215564630926" lon="2.8777286410331726">
        <ele>120.3</ele>
      </trkpt>
      <trkpt lat="48.8522223662585" lon="2.877693185582757">
        <ele>119.66</ele>
      </trkpt>
      <trkpt lat="48.85226394049823" lon="2.877629902213812">
        <ele>118.99</ele>
      </trkpt>
      <trkpt lat="48.85229394771159" lon="2.8773118928074837">
        <ele>118.3</ele>
      </trkpt>
      <trkpt lat="48.85232152417302" lon="2.877210136502981">
        <ele>117.58</ele>
      </trkpt>
      <trkpt lat="48.8523605838418" lon="2.877133609727025">
        <ele>116.82</ele>
      </trkpt>
      <trkpt lat="48.85242470540106" lon="2.8771179355680943">
        <ele>116.02</ele>
      </trkpt>
      <trkpt lat="48.852495616301894" lon="2.877136040478945">
        <ele>115.19</ele>
      </trkpt>
      <trkpt lat="48.85301889851689" lon="2.8773325122892857">
        <ele>114.29</ele>
      </trkpt>
      <trkpt lat="48.85329172946513" lon="2.877453211694956">
        <ele>113.39</ele>
      </trkpt>
      <trkpt lat="48.853432377800345" lon="2.877537030726671">
        <ele>112.44</ele>
      </trkpt>
      <trkpt lat="48.85352876968682" lon="2.8776388708502054">
        <ele>111.44</ele>
      </trkpt>
      <trkpt lat="48.85356321930885" lon="2.877717074006796">
        <ele>110.43</ele>
      </trkpt>
      <trkpt lat="48.85358207859099" lon="2.8778576385229826">
        <ele>109.38</ele>
      </trkpt>
      <trkpt lat="48.853556932881474" lon="2.878137594088912">
        <ele>108.33</ele>
      </trkpt>
      <trkpt lat="48.85328209027648" lon="2.879610126838088">
        <ele>107.34</ele>
      </trkpt>
      <trkpt lat="48.8532205671072" lon="2.8798497654497623">
        <ele>106.29</ele>
      </trkpt>
      <trkpt lat="48.853215873241425" lon="2.879917910322547">
        <ele>105.13</ele>
      </trkpt>
      <trkpt lat="48.85325409471989" lon="2.880004243925214">
        <ele>103.95</ele>
      </trkpt>
      <trkpt lat="48.853440172970295" lon="2.8801321517676115">
        <ele>102.67</ele>
      </trkpt>
      <trkpt lat="48.85476602241397" lon="2.8808480501174927">
        <ele>100.92</ele>
      </trkpt>
      <trkpt lat="48.85558149777353" lon="2.881493456661701">
        <ele>99.37</ele>
      </trkpt>
      <trkpt lat="48.85565986856818" lon="2.881535952910781">
        <ele>98.19</ele>
      </trkpt>
      <trkpt lat="48.85615490376949" lon="2.881677020341158">
        <ele>96.76</ele>
      </trkpt>
      <trkpt lat="48.856192119419575" lon="2.8817398846149445">
        <ele>95.74</ele>
      </trkpt>
      <trkpt lat="48.85618885047734" lon="2.881791852414608">
        <ele>94.81</ele>
      </trkpt>
      <trkpt lat="48.85602808557451" lon="2.882304908707738">
        <ele>94.06</ele>
      </trkpt>
      <trkpt lat="48.855930184945464" lon="2.882903628051281">
        <ele>93.28</ele>
      </trkpt>
      <trkpt lat="48.85587419383228" lon="2.883079396560788">
        <ele>92.56</ele>
      </trkpt>
      <trkpt lat="48.855403466150165" lon="2.8840838000178337">
        <ele>92.23</ele>
      </trkpt>
      <trkpt lat="48.85528905317187" lon="2.88424976170063">
        <ele>91.74</ele>
      </trkpt>
      <trkpt lat="48.854924188926816" lon="2.885374277830124">
        <ele>90.9</ele>
      </trkpt>
      <trkpt lat="48.85483584366739" lon="2.8855981584638357">
        <ele>90.42</ele>
      </trkpt>
      <trkpt lat="48.85472352616489" lon="2.8858181834220886">
        <ele>89.99</ele>
      </trkpt>
      <trkpt lat="48.85454532690346" lon="2.8860936127603054">
        <ele>89.64</ele>
      </trkpt>
      <trkpt lat="48.85427693836391" lon="2.886351440101862">
        <ele>89.32</ele>
      </trkpt>
      <trkpt lat="48.8539803866297" lon="2.8866675216704607">
        <ele>89.11</ele>
      </trkpt>
      <trkpt lat="48.85393244214356" lon="2.886741952970624">
        <ele>88.9</ele>
      </trkpt>
      <trkpt lat="48.853924898430705" lon="2.886784365400672">
        <ele>88.73</ele>
      </trkpt>
      <trkpt lat="48.853944428265095" lon="2.886839183047414">
        <ele>88.58</ele>
      </trkpt>
      <trkpt lat="48.85411801747978" lon="2.8866948466748">
        <ele>88.45</ele>
      </trkpt>
      <trkpt lat="48.85427978821099" lon="2.8865880612283945">
        <ele>88.36</ele>
      </trkpt>
      <trkpt lat="48.85440409183502" lon="2.8865669388324022">
        <ele>88.32</ele>
      </trkpt>
      <trkpt lat="48.8544500246644" lon="2.886592000722885">
        <ele>88.33</ele>
      </trkpt>
      <trkpt lat="48.85447869077325" lon="2.886632652953267">
        <ele>88.39</ele>
      </trkpt>
      <trkpt lat="48.854478942230344" lon="2.8867449704557657">
        <ele>88.48</ele>
      </trkpt>
      <trkpt lat="48.854246847331524" lon="2.8875596076250076">
        <ele>88.69</ele>
      </trkpt>
      <trkpt lat="48.854243494570255" lon="2.8876105695962906">
        <ele>88.86</ele>
      </trkpt>
      <trkpt lat="48.85431147180498" lon="2.8877579234540462">
        <ele>89.03</ele>
      </trkpt>
      <trkpt lat="48.85432546958327" lon="2.88783042691648">
        <ele>89.25</ele>
      </trkpt>
      <trkpt lat="48.85421541519463" lon="2.8885716386139393">
        <ele>89.51</ele>
      </trkpt>
      <trkpt lat="48.8540633674711" lon="2.8892523329705">
        <ele>89.83</ele>
      </trkpt>
      <trkpt lat="48.85372934862971" lon="2.890543481335044">
        <ele>89.84</ele>
      </trkpt>
      <trkpt lat="48.85340488515794" lon="2.8916120063513517">
        <ele>90.35</ele>
      </trkpt>
      <trkpt lat="48.853311678394675" lon="2.892450364306569">
        <ele>90.75</ele>
      </trkpt>
      <trkpt lat="48.85329692624509" lon="2.8925035055726767">
        <ele>91.08</ele>
      </trkpt>
      <trkpt lat="48.85321117937565" lon="2.8926081117242575">
        <ele>91.43</ele>
      </trkpt>
      <trkpt lat="48.85317949578166" lon="2.8926868177950382">
        <ele>91.76</ele>
      </trkpt>
      <trkpt lat="48.85318628512323" lon="2.892960738390684">
        <ele>92.09</ele>
      </trkpt>
      <trkpt lat="48.853143621236086" lon="2.89351268671453">
        <ele>92.46</ele>
      </trkpt>
      <trkpt lat="48.85306181386113" lon="2.894089613109827">
        <ele>92.75</ele>
      </trkpt>
      <trkpt lat="48.85284706950188" lon="2.8947261348366737">
        <ele>93.13</ele>
      </trkpt>
      <trkpt lat="48.85274170897901" lon="2.8952298872172832">
        <ele>93.47</ele>
      </trkpt>
      <trkpt lat="48.85261991992593" lon="2.8955829329788685">
        <ele>93.76</ele>
      </trkpt>
      <trkpt lat="48.8523587398231" lon="2.8959701769053936">
        <ele>93.99</ele>
      </trkpt>
      <trkpt lat="48.852249355986714" lon="2.8960567619651556">
        <ele>94.27</ele>
      </trkpt>
      <trkpt lat="48.852193616330624" lon="2.8960860148072243">
        <ele>94.56</ele>
      </trkpt>
      <trkpt lat="48.852030420675874" lon="2.896129097789526">
        <ele>94.87</ele>
      </trkpt>
      <trkpt lat="48.85177217423916" lon="2.8961418382823467">
        <ele>95.26</ele>
      </trkpt>
      <trkpt lat="48.85166874155402" lon="2.896169414743781">
        <ele>95.55</ele>
      </trkpt>
      <trkpt lat="48.85164669714868" lon="2.8962311055511236">
        <ele>95.8</ele>
      </trkpt>
      <trkpt lat="48.8516993355006" lon="2.8964139986783266">
        <ele>95.96</ele>
      </trkpt>
      <trkpt lat="48.85169682092965" lon="2.896733768284321">
        <ele>96.16</ele>
      </trkpt>
      <trkpt lat="48.851758763194084" lon="2.8968012426048517">
        <ele>96.39</ele>
      </trkpt>
      <trkpt lat="48.85177745483816" lon="2.8969679586589336">
        <ele>96.67</ele>
      </trkpt>
      <trkpt lat="48.85188113898039" lon="2.8970333375036716">
        <ele>96.96</ele>
      </trkpt>
      <trkpt lat="48.85189739987254" lon="2.8975361678749323">
        <ele>97.36</ele>
      </trkpt>
      <trkpt lat="48.851904859766364" lon="2.897585118189454">
        <ele>97.71</ele>
      </trkpt>
      <trkpt lat="48.851927407085896" lon="2.8976135328412056">
        <ele>98.08</ele>
      </trkpt>
      <trkpt lat="48.85196219198406" lon="2.897624345496297">
        <ele>98.45</ele>
      </trkpt>
      <trkpt lat="48.85237474925816" lon="2.8975935839116573">
        <ele>98.7</ele>
      </trkpt>
      <trkpt lat="48.852444402873516" lon="2.897612191736698">
        <ele>99.11</ele>
      </trkpt>
      <trkpt lat="48.8524657767266" lon="2.8976406902074814">
        <ele>99.56</ele>
      </trkpt>
      <trkpt lat="48.852487821131945" lon="2.8976951725780964">
        <ele>100.05</ele>
      </trkpt>
      <trkpt lat="48.85249989107251" lon="2.8978085797280073">
        <ele>100.58</ele>
      </trkpt>
      <trkpt lat="48.8524919282645" lon="2.8980945702642202">
        <ele>101.19</ele>
      </trkpt>
      <trkpt lat="48.852509111166" lon="2.8982216399163008">
        <ele>101.71</ele>
      </trkpt>
      <trkpt lat="48.85264607146382" lon="2.898589437827468">
        <ele>102.21</ele>
      </trkpt>
      <trkpt lat="48.85270650498569" lon="2.8987515438348055">
        <ele>102.65</ele>
      </trkpt>
      <trkpt lat="48.85275084525347" lon="2.8988428227603436">
        <ele>103.09</ele>
      </trkpt>
      <trkpt lat="48.85283835232258" lon="2.898965450003743">
        <ele>103.48</ele>
      </trkpt>
      <trkpt lat="48.85287079028785" lon="2.899051196873188">
        <ele>103.83</ele>
      </trkpt>
      <trkpt lat="48.85287414304912" lon="2.8994357585906982">
        <ele>104.2</ele>
      </trkpt>
      <trkpt lat="48.85283357463777" lon="2.8996406123042107">
        <ele>104.45</ele>
      </trkpt>
      <trkpt lat="48.85268211364746" lon="2.8999467194080353">
        <ele>104.65</ele>
      </trkpt>
      <trkpt lat="48.85261707007885" lon="2.9001566860824823">
        <ele>104.62</ele>
      </trkpt>
      <trkpt lat="48.85259837843478" lon="2.900181831791997">
        <ele>104.47</ele>
      </trkpt>
      <trkpt lat="48.85251724161208" lon="2.900201613083482">
        <ele>104.18</ele>
      </trkpt>
      <trkpt lat="48.852411545813084" lon="2.9006080515682697">
        <ele>103.81</ele>
      </trkpt>
      <trkpt lat="48.852411629632115" lon="2.9006699100136757">
        <ele>103.24</ele>
      </trkpt>
      <trkpt lat="48.85270642116666" lon="2.9010477662086487">
        <ele>102.42</ele>
      </trkpt>
      <trkpt lat="48.85280624963343" lon="2.9011237900704145">
        <ele>101.5</ele>
      </trkpt>
      <trkpt lat="48.85308209806681" lon="2.9014777578413486">
        <ele>100.33</ele>
      </trkpt>
      <trkpt lat="48.853576546534896" lon="2.901995675638318">
        <ele>99.1</ele>
      </trkpt>
      <trkpt lat="48.85373462922871" lon="2.9021928180009127">
        <ele>97.68</ele>
      </trkpt>
      <trkpt lat="48.85383035056293" lon="2.902332376688719">
        <ele>96.11</ele>
      </trkpt>
      <trkpt lat="48.85394962504506" lon="2.902576206251979">
        <ele>94.38</ele>
      </trkpt>
      <trkpt lat="48.85404383763671" lon="2.9029518831521273">
        <ele>92.56</ele>
      </trkpt>
      <trkpt lat="48.85409211739898" lon="2.903284728527069">
        <ele>90.61</ele>
      </trkpt>
      <trkpt lat="48.854132015258074" lon="2.9043631441891193">
        <ele>88.23</ele>
      </trkpt>
      <trkpt lat="48.854203848168254" lon="2.9048545751720667">
        <ele>85.88</ele>
      </trkpt>
      <trkpt lat="48.85415431112051" lon="2.9057893250137568">
        <ele>83.59</ele>
      </trkpt>
      <trkpt lat="48.854197897017" lon="2.90607875213027">
        <ele>81.2</ele>
      </trkpt>
      <trkpt lat="48.85416814126074" lon="2.9066048841923475">
        <ele>78.77</ele>
      </trkpt>
      <trkpt lat="48.85416495613754" lon="2.9070499632507563">
        <ele>76.35</ele>
      </trkpt>
      <trkpt lat="48.85418155230582" lon="2.907298905774951">
        <ele>73.94</ele>
      </trkpt>
      <trkpt lat="48.854280626401305" lon="2.9080391116440296">
        <ele>71.24</ele>
      </trkpt>
      <trkpt lat="48.85440954007208" lon="2.9086867813020945">
        <ele>68.76</ele>
      </trkpt>
      <trkpt lat="48.854631492868066" lon="2.9096332658082247">
        <ele>66.63</ele>
      </trkpt>
      <trkpt lat="48.854648591950536" lon="2.909770729020238">
        <ele>64.75</ele>
      </trkpt>
      <trkpt lat="48.854646077379584" lon="2.9099031630903482">
        <ele>62.97</ele>
      </trkpt>
      <trkpt lat="48.85462151840329" lon="2.910027466714382">
        <ele>61.27</ele>
      </trkpt>
      <trkpt lat="48.854499477893114" lon="2.9103132896125317">
        <ele>59.7</ele>
      </trkpt>
      <trkpt lat="48.854467459023" lon="2.910446561872959">
        <ele>58.19</ele>
      </trkpt>
      <trkpt lat="48.854381795972586" lon="2.9111135937273502">
        <ele>56.72</ele>
      </trkpt>
      <trkpt lat="48.85428674519062" lon="2.9116942919790745">
        <ele>55.53</ele>
      </trkpt>
      <trkpt lat="48.85430870577693" lon="2.912002829834819">
        <ele>54.23</ele>
      </trkpt>
      <trkpt lat="48.85443979874253" lon="2.9124977812170982">
        <ele>52.91</ele>
      </trkpt>
      <trkpt lat="48.854484893381596" lon="2.9126092605292797">
        <ele>51.82</ele>
      </trkpt>
      <trkpt lat="48.8545607496053" lon="2.912700120359659">
        <ele>50.83</ele>
      </trkpt>
      <trkpt lat="48.85460534133017" lon="2.9127056524157524">
        <ele>49.98</ele>
      </trkpt>
      <trkpt lat="48.854668624699116" lon="2.9126740526407957">
        <ele>49.22</ele>
      </trkpt>
      <trkpt lat="48.85478219948709" lon="2.912720823660493">
        <ele>48.55</ele>
      </trkpt>
      <trkpt lat="48.85485193692148" lon="2.9127806704491377">
        <ele>48.01</ele>
      </trkpt>
      <trkpt lat="48.8550562877208" lon="2.9130139388144016">
        <ele>47.51</ele>
      </trkpt>
      <trkpt lat="48.85547404177487" lon="2.9135114047676325">
        <ele>47.17</ele>
      </trkpt>
      <trkpt lat="48.855837900191545" lon="2.913810722529888">
        <ele>46.94</ele>
      </trkpt>
      <trkpt lat="48.856177534908056" lon="2.914055222645402">
        <ele>46.87</ele>
      </trkpt>
      <trkpt lat="48.856361182406545" lon="2.914096796885133">
        <ele>46.82</ele>
      </trkpt>
      <trkpt lat="48.85663124732673" lon="2.914109705016017">
        <ele>46.81</ele>
      </trkpt>
      <trkpt lat="48.856767704710364" lon="2.914157398045063">
        <ele>46.86</ele>
      </trkpt>
      <trkpt lat="48.856893600896" lon="2.9142427258193493">
        <ele>46.95</ele>
      </trkpt>
      <trkpt lat="48.856991082429886" lon="2.9143625870347023">
        <ele>47.08</ele>
      </trkpt>
      <trkpt lat="48.85713307186961" lon="2.9146454762667418">
        <ele>47.22</ele>
      </trkpt>
      <trkpt lat="48.857324765995145" lon="2.9154501389712095">
        <ele>47.48</ele>
      </trkpt>
      <trkpt lat="48.8573442120105" lon="2.915451731532812">
        <ele>47.7</ele>
      </trkpt>
      <trkpt lat="48.857499696314335" lon="2.9151927307248116">
        <ele>47.92</ele>
      </trkpt>
      <trkpt lat="48.8575152028352" lon="2.9151760507375">
        <ele>48.18</ele>
      </trkpt>
      <trkpt lat="48.85752869769931" lon="2.9151615500450134">
        <ele>48.46</ele>
      </trkpt>
      <trkpt lat="48.857530038803816" lon="2.915160208940506">
        <ele>48.74</ele>
      </trkpt>
      <trkpt lat="48.85753213427961" lon="2.9151580296456814">
        <ele>49.03</ele>
      </trkpt>
      <trkpt lat="48.85753364302218" lon="2.915156437084079">
        <ele>49.31</ele>
      </trkpt>
      <trkpt lat="48.85753691196442" lon="2.91515308432281">
        <ele>49.59</ele>
      </trkpt>
      <trkpt lat="48.8575514126569" lon="2.9151377454400063">
        <ele>49.87</ele>
      </trkpt>
      <trkpt lat="48.85755266994238" lon="2.9151364881545305">
        <ele>50.13</ele>
      </trkpt>
      <trkpt lat="48.857553508132696" lon="2.9151356499642134">
        <ele>50.38</ele>
      </trkpt>
      <trkpt lat="48.85755359195173" lon="2.9151356499642134">
        <ele>50.61</ele>
      </trkpt>
      <trkpt lat="48.857554011046886" lon="2.9151353146880865">
        <ele>50.82</ele>
      </trkpt>
      <trkpt lat="48.85755409486592" lon="2.9151353146880865">
        <ele>51.02</ele>
      </trkpt>
      <trkpt lat="48.8575585372746" lon="2.915130704641342">
        <ele>51.19</ele>
      </trkpt>
      <trkpt lat="48.85755954310298" lon="2.9151296988129616">
        <ele>51.34</ele>
      </trkpt>
      <trkpt lat="48.85756046511233" lon="2.9151288606226444">
        <ele>51.47</ele>
      </trkpt>
      <trkpt lat="48.857561219483614" lon="2.9151281900703907">
        <ele>51.58</ele>
      </trkpt>
      <trkpt lat="48.857561722397804" lon="2.9151276871562004">
        <ele>51.66</ele>
      </trkpt>
      <trkpt lat="48.8575619738549" lon="2.915127519518137">
        <ele>51.71</ele>
      </trkpt>
      <trkpt lat="48.857562309131026" lon="2.915127268061042">
        <ele>51.75</ele>
      </trkpt>
      <trkpt lat="48.85794008150697" lon="2.916001668199897">
        <ele>51.72</ele>
      </trkpt>
      <trkpt lat="48.85794854722917" lon="2.916021114215255">
        <ele>51.75</ele>
      </trkpt>
      <trkpt lat="48.857948714867234" lon="2.9160214494913816">
        <ele>51.77</ele>
      </trkpt>
      <trkpt lat="48.85794946923852" lon="2.9160230420529842">
        <ele>51.78</ele>
      </trkpt>
      <trkpt lat="48.85794980451465" lon="2.9160237964242697">
        <ele>51.78</ele>
      </trkpt>
      <trkpt lat="48.85795198380947" lon="2.916028741747141">
        <ele>51.77</ele>
      </trkpt>
      <trkpt lat="48.857961036264896" lon="2.916049612686038">
        <ele>51.75</ele>
      </trkpt>
      <trkpt lat="48.85796120390296" lon="2.916049947962165">
        <ele>51.72</ele>
      </trkpt>
      <trkpt lat="48.857961036264896" lon="2.9160495288670063">
        <ele>51.69</ele>
      </trkpt>
      <trkpt lat="48.85796112008393" lon="2.9160496965050697">
        <ele>51.66</ele>
      </trkpt>
      <trkpt lat="48.857961455360055" lon="2.9160503670573235">
        <ele>51.62</ele>
      </trkpt>
      <trkpt lat="48.857964389026165" lon="2.9160571563988924">
        <ele>51.58</ele>
      </trkpt>
      <trkpt lat="48.857964389026165" lon="2.9160570725798607">
        <ele>51.54</ele>
      </trkpt>
      <trkpt lat="48.85796430520713" lon="2.9160568211227655">
        <ele>51.5</ele>
      </trkpt>
      <trkpt lat="48.85796413756907" lon="2.9160563182085752">
        <ele>51.46</ele>
      </trkpt>
      <trkpt lat="48.85796380229294" lon="2.9160553961992264">
        <ele>51.43</ele>
      </trkpt>
      <trkpt lat="48.85796329937875" lon="2.9160541389137506">
        <ele>51.39</ele>
      </trkpt>
      <trkpt lat="48.857962880283594" lon="2.9160530492663383">
        <ele>51.36</ele>
      </trkpt>
      <trkpt lat="48.85812766849995" lon="2.9161832202225924">
        <ele>51.33</ele>
      </trkpt>
    </trkseg>
  </trk>
</gpx>
